inventory_item_id,sku_code,inventory_item_name,unit_price,cost_price_before_tax,cost_price_after_tax,unit_name,inventory_item_type,combo_type,is_has_property,inactive,inventory_item_category_name,brand_name,vendor_name_list,minimum_instock,drug_type,drug_status,drug_status_name,is_drug,inventory_system_type,inventory_item_category_id,tax_rate,weight,is_required_lot,barcode,stock_location_name_list,is_e_invoice_component,is_tax_reduction,stock_id,order_quantity,quantity,lot_order_quantity,lot_quantity
9ee9512e-33d3-4980-9b3a-18657fde9a32,01__BLO__BLC__164__250,1664 BLANC Bia Lon 250ml,23000.0,0.0,0.0,Lon,1,0,False,False,Bia Lon,1664 BLANC,,0.0,0,0,Không đồng bộ,False,0,00000000-0000-0000-0000-000000000000,10.0,250,False,8934692090051,,False,True,00000000-0000-0000-0000-000000000000,0.0,0.0,0.0,0.0
9dffea9a-1e7d-47a6-b704-38830a21e33c,01__BLO__BLC__164__330,1664 BLANC Bia Lon 330ml,24000.0,0.0,0.0,Lon,1,0,False,False,Bia Lon,1664 BLANC,CÔNG TY TNHH MM MEGA MARKET (VIỆT NAM),0.0,0,0,Không đồng bộ,False,0,00000000-0000-0000-0000-000000000000,10.0,,False,8934692090020,,False,True,00000000-0000-0000-0000-000000000000,0.0,0.0,0.0,0.0
980e2373-eba1-4c90-8a9b-568c576f3f2c,01__BLO__BUD__LON__250,BUDWEISER Bia Lon 250ml,22000.0,0.0,0.0,Lon,1,0,False,False,Bia Lon,BUDWEISER,,0.0,0,0,Không đồng bộ,False,0,00000000-0000-0000-0000-000000000000,10.0,250,False,8936094291500,,False,True,00000000-0000-0000-0000-000000000000,0.0,0.0,0.0,0.0
a218506b-981c-40c4-b958-05d2c459f168,01__BLO__CAR__LON__330,CARLSBERG Bia Lon 330ml,26000.0,0.0,0.0,Lon,1,0,False,False,Bia Lon,CARLSBERG,,0.0,0,0,Không đồng bộ,False,0,00000000-0000-0000-0000-000000000000,10.0,330,False,8934692020218,,False,True,00000000-0000-0000-0000-000000000000,0.0,0.0,0.0,0.0
ac15866e-e85d-43a8-a40e-3a95a8958964,01__BLO__HGD__DAO__500,HOEGAARDEN White Đào (Peach) Bia Lon 500ml,52000.0,0.0,0.0,Lon,1,0,False,False,Bia Lon,HOEGAARDEN,,0.0,0,0,Không đồng bộ,False,0,00000000-0000-0000-0000-000000000000,10.0,250,False,8936036201642,,False,True,00000000-0000-0000-0000-000000000000,0.0,0.0,0.0,0.0
03e92136-95f9-450c-8cef-5f9f1507c702,01__BLO__HGD__ROS__250,HOEGAARDEN Rose Bia Lon 250ml,26000.0,0.0,0.0,Lon,1,0,False,False,Bia Lon,HOEGAARDEN,,0.0,0,0,Không đồng bộ,False,0,00000000-0000-0000-0000-000000000000,10.0,250,False,8936036202458,,False,True,00000000-0000-0000-0000-000000000000,0.0,0.0,0.0,0.0
f2a0a540-7766-46e5-91be-d64f9c2c0fe4,01__BLO__HGD__TRG__250,HOEGAARDEN White Bia Lon 250ml,26000.0,0.0,0.0,Lon,1,0,False,False,Bia Lon,HOEGAARDEN,,0.0,0,0,Không đồng bộ,False,0,00000000-0000-0000-0000-000000000000,10.0,,False,8936036202434,,False,True,00000000-0000-0000-0000-000000000000,0.0,0.0,0.0,0.0
f5428d74-046d-4429-93f0-abd0b3d6674e,01__BLO__KEN__BAC__250,HEINEKEN Bạc Bia Lon 250ml,22000.0,0.0,0.0,Lon,1,0,False,False,Bia Lon,HEINEKEN,,0.0,0,0,Không đồng bộ,False,0,00000000-0000-0000-0000-000000000000,10.0,,False,8934822201272,,False,True,00000000-0000-0000-0000-000000000000,0.0,0.0,0.0,0.0
11374cb3-13e5-4cf6-bbf8-367eb2a8ca5b,01__BLO__KEN__BAC__330,HEINEKEN Bạc Bia Lon 330ml,27000.0,0.0,0.0,Lon,1,0,False,False,Bia Lon,HEINEKEN,,0.0,0,0,Không đồng bộ,False,0,00000000-0000-0000-0000-000000000000,10.0,,False,8934822201210,,False,True,00000000-0000-0000-0000-000000000000,0.0,0.0,0.0,0.0
32da260b-e5dd-4314-86ae-1e0fc63ffb48,01__BLO__SAP__LON__330,SAPPORO Bia Lon 330ml,30000.0,0.0,0.0,Lon,1,0,False,False,Bia Lon,SAPPORO,,0.0,0,0,Không đồng bộ,False,0,00000000-0000-0000-0000-000000000000,10.0,,False,8936061260218,,False,True,00000000-0000-0000-0000-000000000000,0.0,0.0,0.0,0.0
1c6a4f7f-23a9-4ba7-a2e7-46d84a3cddbb,01__BLO__SAP__PRE__330,SAPPORO Premium 100 Bia Lon 330ml,32000.0,0.0,0.0,Lon,1,0,False,False,Bia Lon,SAPPORO,,0.0,0,0,Không đồng bộ,False,0,00000000-0000-0000-0000-000000000000,10.0,,False,8936061260478,,False,True,00000000-0000-0000-0000-000000000000,0.0,0.0,0.0,0.0
0fcd9987-409e-468d-8ab2-5d77d086f697,01__BLO__SGN__LON__330,SAIGON Bia Lon 330ml,16000.0,0.0,0.0,Lon,1,0,False,False,Bia Lon,SAIGON,,0.0,0,0,Không đồng bộ,False,0,00000000-0000-0000-0000-000000000000,10.0,,False,8935012413321,,False,True,00000000-0000-0000-0000-000000000000,0.0,0.0,0.0,0.0
f298b5d8-addd-410a-8190-7a3340051d3b,01__BLO__TIG__BAC__250,TIGER Bạc Bia Lon 250ml,18000.0,0.0,0.0,Lon,1,0,False,False,Bia Lon,TIGER,,0.0,0,0,Không đồng bộ,False,0,00000000-0000-0000-0000-000000000000,10.0,,False,8934822823252,,False,True,00000000-0000-0000-0000-000000000000,0.0,0.0,0.0,0.0
11229080-16db-4766-b903-83f2a08f8163,01__BLO__TIG__BAC__330,TIGER Bạc Bia Lon 330ml,24000.0,0.0,0.0,Lon,1,0,False,False,Bia Lon,TIGER,,0.0,0,0,Không đồng bộ,False,0,00000000-0000-0000-0000-000000000000,10.0,,False,8934822801335,,False,True,00000000-0000-0000-0000-000000000000,0.0,0.0,0.0,0.0
7835ecba-2b7a-4784-a702-bafa239ae5e9,01__BLO__TIG__MEL__330,TIGER Soju Wonder Melon Bia Lon 330ml,28000.0,0.0,0.0,Lon,1,0,False,False,Bia Lon,TIGER,,0.0,0,0,Không đồng bộ,False,0,00000000-0000-0000-0000-000000000000,10.0,,False,8934822431211,,False,True,00000000-0000-0000-0000-000000000000,0.0,0.0,0.0,0.0
65041986-36dc-44c9-9e9b-d2d86d06bf22,01__BLO__TIG__NAU__330,TIGER Nâu Bia Lon 330ml,21000.0,0.0,0.0,Lon,1,0,False,False,Bia Lon,TIGER,,0.0,0,0,Không đồng bộ,False,0,00000000-0000-0000-0000-000000000000,10.0,,False,8934822112332,,False,True,00000000-0000-0000-0000-000000000000,0.0,0.0,0.0,0.0
4f581d02-4865-41ca-9301-5876823e44e4,01__BLO__TIG__PLU__330,TIGER Soju Cheeky Plum Bia Lon 330ml,28000.0,0.0,0.0,Lon,1,0,False,False,Bia Lon,TIGER,,0.0,0,0,Không đồng bộ,False,0,00000000-0000-0000-0000-000000000000,10.0,,False,8934822421212,,False,True,00000000-0000-0000-0000-000000000000,0.0,0.0,0.0,0.0
6db36756-5f55-48f3-95c0-2f6a3b2d8c47,01__BLO__TUB__ICE__320,TUBORG ICE Crisp Lager Bia Lon 320ml,26000.0,0.0,0.0,Lon,1,0,False,False,Bia Lon,TUBORG,,0.0,0,0,Không đồng bộ,False,0,00000000-0000-0000-0000-000000000000,10.0,,False,8934692040056,,False,True,00000000-0000-0000-0000-000000000000,0.0,0.0,0.0,0.0
3d998041-5ed6-4bfb-9041-f43e1bf50533,01__CPL__HLD__LON__185,HIGHLAND Cà Phê Sữa Đá Lon 185ml,22000.0,0.0,0.0,Lon,1,0,False,False,Cà Phê Lon,Highland,,0.0,0,0,Không đồng bộ,False,0,00000000-0000-0000-0000-000000000000,10.0,,False,8936079140021,,False,True,00000000-0000-0000-0000-000000000000,0.0,0.0,0.0,0.0
09662628-fb8b-435a-a016-bf8ecf322b89,01__CPL__HLD__LON__235,HIGHLAND Cà Phê Sữa Lon 235ml,25000.0,0.0,0.0,Lon,1,0,False,False,Cà Phê Lon,Highland,,0.0,0,0,Không đồng bộ,False,0,00000000-0000-0000-0000-000000000000,10.0,235,False,8936079140014,,False,True,00000000-0000-0000-0000-000000000000,0.0,0.0,0.0,0.0
69d1bcb3-ea0b-4c1c-b116-9f4d1baa5dad,01__NBD__CVI__CAM__140,C-VITT Nước Cam Vitamin 140ml,28000.0,0.0,0.0,Chai,1,0,False,False,Nước Bù Điện Giải,C-vitt,,0.0,0,0,Không đồng bộ,False,0,00000000-0000-0000-0000-000000000000,10.0,,False,8851123237031,,False,True,00000000-0000-0000-0000-000000000000,0.0,0.0,0.0,0.0
acdf31d4-3ac2-4031-bffb-36afbfe74795,01__NBD__CVI__CHH__140,C-VITT Nước Chanh Vitamin 140ml,28000.0,0.0,0.0,Chai,1,0,False,False,Nước Bù Điện Giải,C-vitt,,0.0,0,0,Không đồng bộ,False,0,00000000-0000-0000-0000-000000000000,10.0,,False,8851123237000,,False,True,00000000-0000-0000-0000-000000000000,0.0,0.0,0.0,0.0
5083211d-c80d-4515-a97d-43f77116c3c0,01__NBD__CVI__LUU__140,C-VITT Nước Hương Lựu 140ml,28000.0,0.0,0.0,Chai,1,0,False,False,Nước Bù Điện Giải,C-vitt,,0.0,0,0,Không đồng bộ,False,0,00000000-0000-0000-0000-000000000000,8.0,,False,8851123237062,,False,True,00000000-0000-0000-0000-000000000000,0.0,0.0,0.0,0.0
72e86341-ac8c-4db0-a410-bf879a20de02,01__NBD__REV__CHI__500,PEPSICO Revive Chai 500ml,14000.0,0.0,0.0,Chai,1,0,False,False,Nước Bù Điện Giải,PEPSICO Revive,,0.0,0,0,Không đồng bộ,False,0,00000000-0000-0000-0000-000000000000,10.0,,False,8934588843051,,False,True,00000000-0000-0000-0000-000000000000,0.0,0.0,0.0,0.0
33c13587-ea65-4b74-be9b-2b8b6d3c1220,01__NBD__REV__CMI__500,PEPSICO Revive Chanh Muối Chai 500ml,14000.0,0.0,0.0,Chai,1,0,False,False,Nước Bù Điện Giải,PEPSICO Revive,,0.0,0,0,Không đồng bộ,False,0,00000000-0000-0000-0000-000000000000,10.0,,False,8934588183133,,False,True,00000000-0000-0000-0000-000000000000,0.0,0.0,0.0,0.0
dc459cb4-4ee0-460c-a3b8-f3df3860e8e0,01__NGA__7UP__CHI__320,PEPSICO 7UP Lon 320ml,13000.0,0.0,0.0,Lon,1,0,False,False,Nước Có Ga,PEPSICO 7Up,,0.0,0,0,Không đồng bộ,False,0,00000000-0000-0000-0000-000000000000,8.0,,False,8934588022111,,False,True,00000000-0000-0000-0000-000000000000,0.0,0.0,0.0,0.0
352b69e5-be75-4716-b91b-d39b0b57902a,01__NGA__7UP__CHI__390,PEPSICO 7Up Chai 390ml,13000.0,0.0,0.0,Chai,1,0,False,False,Nước Có Ga,PEPSICO 7Up,,0.0,0,0,Không đồng bộ,False,0,00000000-0000-0000-0000-000000000000,8.0,,False,8934588023132,,False,True,00000000-0000-0000-0000-000000000000,0.0,0.0,0.0,0.0
2917be29-7a15-4a76-930a-c90d7fe4c531,01__NGA__COC__AQA__390,COCA-COLA Aquarius Chai 390 ml,13000.0,0.0,0.0,Chai,1,0,False,False,Nước Có Ga,COCA-COLA Aquarius,,0.0,0,0,Không đồng bộ,False,0,00000000-0000-0000-0000-000000000000,8.0,,False,8935049510871,,False,True,00000000-0000-0000-0000-000000000000,0.0,0.0,0.0,0.0
9d63ff72-8dd9-421a-9e69-2c31ca1f76df,01__NGA__COC__CAM__320,COCA-COLA Fanta Hương Cam Lon 320ml,13000.0,0.0,0.0,Lon,1,0,False,False,Nước Có Ga,COCA-COLA Fanta,,0.0,0,0,Không đồng bộ,False,0,00000000-0000-0000-0000-000000000000,8.0,,False,8935049501572,,False,True,00000000-0000-0000-0000-000000000000,0.0,0.0,0.0,0.0
31a86bc3-00ed-4be9-bfb3-b1051edb0908,01__NGA__COC__DAU__320,COCA-COLA Fanta Hương Dâu Lon 320ml,13000.0,0.0,0.0,Lon,1,0,False,False,Nước Có Ga,COCA-COLA Fanta,,0.0,0,0,Không đồng bộ,False,0,00000000-0000-0000-0000-000000000000,8.0,,False,8935049502104,,False,True,00000000-0000-0000-0000-000000000000,0.0,0.0,0.0,0.0
c5e1275d-35e7-4d0d-92cb-f526c28a428d,01__NGA__COC__LIG__320,COCA-COLA Light Lon 320ml,15000.0,0.0,0.0,Lon,1,0,False,False,Nước Có Ga,Coca-Cola,,0.0,0,0,Không đồng bộ,False,0,00000000-0000-0000-0000-000000000000,8.0,,False,8935049501527,,False,True,00000000-0000-0000-0000-000000000000,0.0,0.0,0.0,0.0
02778fce-ccba-4e22-ad85-a2d6e51df304,01__NGA__COC__LON__320,COCA-COLA Lon 320ml,15000.0,0.0,0.0,Lon,1,0,False,False,Nước Có Ga,Coca-Cola,,0.0,0,0,Không đồng bộ,False,0,00000000-0000-0000-0000-000000000000,8.0,,False,8935049501503,,False,True,00000000-0000-0000-0000-000000000000,0.0,0.0,0.0,0.0
9f516cc4-1508-4153-aba2-c0b616b97c34,01__NGA__COC__SDA__320,COCA-COLA Schweppes Soda Lon 320ml,12000.0,0.0,0.0,Lon,1,0,False,False,Nước Có Ga,COCA-COLA Schweppes,,0.0,0,0,Không đồng bộ,False,0,00000000-0000-0000-0000-000000000000,8.0,,False,8935049501596,,False,True,00000000-0000-0000-0000-000000000000,0.0,0.0,0.0,0.0
647328eb-0433-423d-bb0b-8977db245275,01__NGA__COC__SPR__320,COCA-COLA Sprite Lon 320ml,13000.0,0.0,0.0,Lon,1,0,False,False,Nước Có Ga,COCA-COLA Sprite,,0.0,0,0,Không đồng bộ,False,0,00000000-0000-0000-0000-000000000000,8.0,,False,8935049501718,,False,True,00000000-0000-0000-0000-000000000000,0.0,0.0,0.0,0.0
3048249d-7e18-454e-acf0-2781c1daab51,01__NGA__COC__ZER__320,COCA-COLA Zero Sugar Lon 320ml,15000.0,0.0,0.0,Lon,1,0,False,False,Nước Có Ga,Coca-Cola,,0.0,0,0,Không đồng bộ,False,0,00000000-0000-0000-0000-000000000000,8.0,,False,8935049501534,,False,True,00000000-0000-0000-0000-000000000000,0.0,0.0,0.0,0.0
82827821-b930-4d3a-acd1-befabb7c71e8,01__NGA__MIR__CHI__390,PEPSICO Mirinda Chai 390ml,10000.0,0.0,0.0,Chai,1,0,False,False,Nước Có Ga,PEPSICO Mirinda,,0.0,0,0,Không đồng bộ,False,0,00000000-0000-0000-0000-000000000000,8.0,,False,8934588883132,,False,True,00000000-0000-0000-0000-000000000000,0.0,0.0,0.0,0.0
42ed7b64-3e2e-4694-b7c9-5c339348738a,01__NGA__MRD__CAM__320,PEPSICO Mirinda Cam Lon 320ml,13000.0,0.0,0.0,Lon,1,0,False,False,Nước Có Ga,PEPSICO Mirinda,,0.0,0,0,Không đồng bộ,False,0,00000000-0000-0000-0000-000000000000,8.0,,False,8934588882111,,False,True,00000000-0000-0000-0000-000000000000,0.0,0.0,0.0,0.0
33d8fe07-f339-4378-83ee-2ea536734149,01__NGA__MRD__XXI__320,PEPSICO Mirinda Xá Xị Lon 320ml,12000.0,0.0,0.0,Lon,1,0,False,False,Nước Có Ga,PEPSICO Mirinda,,0.0,0,0,Không đồng bộ,False,0,00000000-0000-0000-0000-000000000000,8.0,,False,8934588132117,,False,True,00000000-0000-0000-0000-000000000000,0.0,0.0,0.0,0.0
01435f11-2e0c-497b-adfa-9c765c52364c,01__NGA__PEP__CHI__390,PEPSICO Chai 390ml,12000.0,0.0,0.0,Chai,1,0,False,False,Nước Có Ga,PEPSICO,,0.0,0,0,Không đồng bộ,False,0,00000000-0000-0000-0000-000000000000,8.0,,False,8934588013133,,False,True,00000000-0000-0000-0000-000000000000,0.0,0.0,0.0,0.0
89e66f05-7256-4094-abc9-c21eaad4ab2a,01__NGA__PEP__LON__320,PEPSICO Lon 320ml,15000.0,0.0,0.0,Lon,1,0,False,False,Nước Có Ga,PEPSICO,,0.0,0,0,Không đồng bộ,False,0,00000000-0000-0000-0000-000000000000,8.0,,False,8934588012112,,False,True,00000000-0000-0000-0000-000000000000,0.0,0.0,0.0,0.0
e019de91-92ed-48a9-bd83-a3364b7017da,01__NGA__ROC__LON__250,PEPSICO Rockstar Lon 250ml,14000.0,0.0,0.0,Lon,1,0,False,False,Nước Có Ga,PEPSICO Rockstar,,0.0,0,0,Không đồng bộ,False,0,00000000-0000-0000-0000-000000000000,8.0,,False,8934588712081,,False,True,00000000-0000-0000-0000-000000000000,0.0,0.0,0.0,0.0
c363ca46-f417-444a-bb74-d94340f7f095,01__NGA__STI__DAU__330,PEPSICO Sting Dâu Chai 330ml,15000.0,0.0,0.0,Chai,1,0,False,False,Nước Có Ga,PEPSICO Sting,,0.0,0,0,Không đồng bộ,False,0,00000000-0000-0000-0000-000000000000,8.0,,False,8934588233074,,False,True,00000000-0000-0000-0000-000000000000,0.0,0.0,0.0,0.0
55cc1a49-e683-4d3c-b867-9b33c86d07c8,01__NGA__STI__VAG__330,PEPSICO Sting Vàng Chai 330ml,15000.0,0.0,0.0,Chai,1,0,False,False,Nước Có Ga,PEPSICO Sting,,0.0,0,0,Không đồng bộ,False,0,00000000-0000-0000-0000-000000000000,8.0,,False,8934588173073,,False,True,00000000-0000-0000-0000-000000000000,0.0,0.0,0.0,0.0
db13f685-50b5-4a00-825a-13b67f13371a,01__NGA__VHO__KHO__500,VĨNH HẢO Nước Khoáng Có Ga 500ml,8000.0,0.0,0.0,Chai,1,0,False,False,Nước Có Ga,VĨNH HẢO,,0.0,0,0,Không đồng bộ,False,0,00000000-0000-0000-0000-000000000000,8.0,,False,8934840000185,,False,True,00000000-0000-0000-0000-000000000000,0.0,0.0,0.0,0.0
d069e214-b97d-44cc-89f4-cc4b7f1b0654,01__NGA__VHO__LEM__500,VĨNH HẢO Lemona Nước Khoáng Chanh 500ml,12000.0,0.0,0.0,Chai,1,0,False,False,Nước Có Ga,VĨNH HẢO Lemona,,0.0,0,0,Không đồng bộ,False,0,00000000-0000-0000-0000-000000000000,8.0,,False,8934840000093,,False,True,00000000-0000-0000-0000-000000000000,0.0,0.0,0.0,0.0
da5a8469-abf8-462f-9818-fc728f97a87c,01__NGA__WEL__DTY__355,WELCH's Soda Vị Dâu Tây 355ml,26000.0,0.0,0.0,Lon,1,0,False,False,Nước Có Ga,welch's,,0.0,0,0,Không đồng bộ,False,0,00000000-0000-0000-0000-000000000000,8.0,355,False,8801043450706,,False,True,00000000-0000-0000-0000-000000000000,0.0,0.0,0.0,0.0
62890f17-365f-41da-891c-1455db2a5bba,01__NGA__WEL__KCL__355,WELCH's Soda Vị Nho Tím Không Calo 355ml,26000.0,0.0,0.0,Lon,1,0,False,False,Nước Có Ga,welch's,,0.0,0,0,Không đồng bộ,False,0,00000000-0000-0000-0000-000000000000,8.0,,False,8801043064088,,False,True,00000000-0000-0000-0000-000000000000,0.0,0.0,0.0,0.0
f28650c9-b55d-4200-8c67-a4db11649dfa,01__NGA__WEL__NMD__355,WELCH's Soda Vị Nho Mẫu Đơn 355ml,26000.0,0.0,0.0,Lon,1,0,False,False,Nước Có Ga,welch's,,0.0,0,0,Không đồng bộ,False,0,00000000-0000-0000-0000-000000000000,8.0,355,False,8801043650625,,False,True,00000000-0000-0000-0000-000000000000,0.0,0.0,0.0,0.0
ce8bf8dd-6bb6-4814-98db-1a8452426e5c,01__NGA__WEL__NTI__355,WELCH's Soda Vị Nho Tím 355ml,26000.0,0.0,0.0,Lon,1,0,False,False,Nước Có Ga,welch's,,0.0,0,0,Không đồng bộ,False,0,00000000-0000-0000-0000-000000000000,8.0,,False,8801043450690,,False,True,00000000-0000-0000-0000-000000000000,0.0,0.0,0.0,0.0
05b62e7b-82d2-47ae-88d2-7e4a9ffa516c,01__NLM__BOW__KIW__320,STRONGBOW Nước Trái Cây Lên Men Kiwi 320ml,30000.0,0.0,0.0,Lon,1,0,False,False,Nước Lên Men,STRONGBOW,,0.0,0,0,Không đồng bộ,False,0,00000000-0000-0000-0000-000000000000,10.0,,False,8934822461294,,False,True,00000000-0000-0000-0000-000000000000,0.0,0.0,0.0,0.0
14943d8e-3bae-47aa-b4bf-5bcaf862de02,01__NLM__BOW__POM__320,STRONGBOW Nước Trái Cây Lên Men Pomegranate 320ml,30000.0,0.0,0.0,Lon,1,0,False,False,Nước Lên Men,STRONGBOW,,0.0,0,0,Không đồng bộ,False,0,00000000-0000-0000-0000-000000000000,10.0,,False,8934822451295,,False,True,00000000-0000-0000-0000-000000000000,0.0,0.0,0.0,0.0
e7a1ff37-71ea-43c7-9882-8a10910d36d0,01__NLM__BOW__TAO__320,STRONGBOW Nước Táo Lên Men Gold Apple 320ml,35000.0,0.0,0.0,Lon,1,0,False,False,Nước Lên Men,STRONGBOW,,0.0,0,0,Không đồng bộ,False,0,00000000-0000-0000-0000-000000000000,10.0,,False,8934822111298,,False,True,00000000-0000-0000-0000-000000000000,0.0,0.0,0.0,0.0
f76d8d3b-adcf-4f1d-a385-9a435197bfd4,01__NLM__CHL__CAM__320,CHILL Nước COCKTAIL Cam 320ml,40000.0,0.0,0.0,Lon,1,0,False,False,Nước Lên Men,CHILL,,0.0,0,0,Không đồng bộ,False,0,00000000-0000-0000-0000-000000000000,10.0,,False,8936185352035,,False,True,00000000-0000-0000-0000-000000000000,0.0,0.0,0.0,0.0
da47440b-476a-4809-9e41-67dc556fb2b6,01__NLM__CHL__DAO__320,CHILL Nước COCKTAIL Đào 320ml,40000.0,0.0,0.0,Lon,1,0,False,False,Nước Lên Men,CHILL,,0.0,0,0,Không đồng bộ,False,0,00000000-0000-0000-0000-000000000000,10.0,,False,8936185351366,,False,True,00000000-0000-0000-0000-000000000000,0.0,0.0,0.0,0.0
2ce94a1a-6ba6-4c25-9335-431737b9c100,01__NLM__CHL__DAU__320,CHILL Nước COCKTAIL Dâu 320ml,40000.0,0.0,0.0,Lon,1,0,False,False,Nước Lên Men,CHILL,,0.0,0,0,Không đồng bộ,False,0,00000000-0000-0000-0000-000000000000,10.0,,False,8936185351380,,False,True,00000000-0000-0000-0000-000000000000,0.0,0.0,0.0,0.0
bb59c751-c481-4c97-99cd-7eb0009d79d5,01__NLM__CHL__NHO__320,CHILL Nước COCKTAIL Nho 320ml,40000.0,0.0,0.0,Lon,1,0,False,False,Nước Lên Men,CHILL,,0.0,0,0,Không đồng bộ,False,0,00000000-0000-0000-0000-000000000000,10.0,,False,8936185351410,,False,True,00000000-0000-0000-0000-000000000000,0.0,0.0,0.0,0.0
33acc2c6-ba96-4d78-9294-48c555dda35b,01__NLM__CHL__VAI__320,CHILL Nước COCKTAIL Vải 320ml,40000.0,0.0,0.0,Lon,1,0,False,False,Nước Lên Men,CHILL,,0.0,0,0,Không đồng bộ,False,0,00000000-0000-0000-0000-000000000000,10.0,,False,8936185351373,,False,True,00000000-0000-0000-0000-000000000000,0.0,0.0,0.0,0.0
ed5d32ba-8ae8-4bcd-8907-193ccb2dc8fe,01__NLM__CHL__VQT__320,CHILL Nước COCKTAIL Việt Quất 320ml,40000.0,0.0,0.0,Lon,1,0,False,False,Nước Lên Men,CHILL,,0.0,0,0,Không đồng bộ,False,0,00000000-0000-0000-0000-000000000000,10.0,,False,8936185351397,,False,True,00000000-0000-0000-0000-000000000000,0.0,0.0,0.0,0.0
0b251d2d-1241-4542-928e-e2aa7a420b51,01__NLO__AQU__CHI__1500,PEPSICO Aquafina Nước Lọc Chai 1.5L,18000.0,0.0,0.0,Chai,1,0,False,False,Nước Lọc Chai,AQUAFINA,,0.0,0,0,Không đồng bộ,False,0,00000000-0000-0000-0000-000000000000,8.0,,False,8934588063060,,False,True,00000000-0000-0000-0000-000000000000,0.0,0.0,0.0,0.0
9c7b3e63-93c2-468c-ab30-cf48c17ce34f,01__NLO__AQU__CHI__500,PEPSICO Aquafina Nước Lọc Chai 500ml,8000.0,0.0,0.0,Chai,1,0,False,False,Nước Lọc Chai,AQUAFINA,,0.0,0,0,Không đồng bộ,False,0,00000000-0000-0000-0000-000000000000,8.0,,False,8934588063053,,False,True,00000000-0000-0000-0000-000000000000,0.0,0.0,0.0,0.0
fa987949-6e73-4320-b4e7-df61f5a15125,01__NLO__LAV__CHI__5000,LAVIE Chai 5L,37000.0,0.0,0.0,Chai,1,0,False,False,Nước Lọc Chai,LAVIE,,0.0,0,0,Không đồng bộ,False,0,00000000-0000-0000-0000-000000000000,8.0,,False,8935005800008,,False,True,00000000-0000-0000-0000-000000000000,0.0,0.0,0.0,0.0
8b58dbd3-01ba-4256-b20f-64da8f8d2b37,01__NLO__LAV__DNE__500,LAVIE Vị Dịu Nhẹ Chai 500ml,8000.0,0.0,0.0,Chai,1,0,False,False,Nước Lọc Chai,LAVIE,,0.0,0,0,Không đồng bộ,False,0,00000000-0000-0000-0000-000000000000,8.0,,False,8935005800220,,False,True,00000000-0000-0000-0000-000000000000,0.0,0.0,0.0,0.0
28364e6b-75d0-467a-9ba4-1b66fba0d90f,01__NLO__LAV__NBN__500,LAVIE Nguyên Bản Chai 500ml,8000.0,0.0,0.0,Chai,1,0,False,False,Nước Lọc Chai,LAVIE,,0.0,0,0,Không đồng bộ,False,0,00000000-0000-0000-0000-000000000000,8.0,,False,8935005801135,,False,True,00000000-0000-0000-0000-000000000000,0.0,0.0,0.0,0.0
a90da21d-1f80-41bd-ae3b-e77ea8517dc8,01__NLO__VHO__0GA__1500,VĨNH HẢO Nước Khoáng Không Ga 1.5L,16000.0,0.0,0.0,Chai,1,0,False,False,Nước Lọc Chai,VĨNH HẢO,,0.0,0,0,Không đồng bộ,False,0,00000000-0000-0000-0000-000000000000,8.0,,False,8934840000154,,False,True,00000000-0000-0000-0000-000000000000,0.0,0.0,0.0,0.0
e2b99b86-d0e8-49b5-a9c8-5d5ed3860086,01__NLO__VHO__0GA__500,VĨNH HẢO Nước Khoáng Không Ga 500ml,7000.0,0.0,0.0,Chai,1,0,False,False,Nước Lọc Chai,VĨNH HẢO,,0.0,0,0,Không đồng bộ,False,0,00000000-0000-0000-0000-000000000000,8.0,,False,8934840000130,,False,True,00000000-0000-0000-0000-000000000000,0.0,0.0,0.0,0.0
9dc22f12-b3b8-4a8c-9bda-d58e93b582e7,01__NLU__COM__LUU__330,COMPACT Nước Tăng Lực Vị Lựu Chai 330ml,13000.0,0.0,0.0,Chai,1,0,False,False,Nước Tăng Lực,Compact,,0.0,0,0,Không đồng bộ,False,0,00000000-0000-0000-0000-000000000000,10.0,330,False,8936236470466,,False,True,00000000-0000-0000-0000-000000000000,0.0,0.0,0.0,0.0
801d18ec-5fc1-485b-9048-2dbf7829d255,01__NLU__LIP__MNN__250,LIPOVITAN Nước Tăng Lực Mật Nhân Lon 250ml,15000.0,0.0,0.0,Lon,1,0,False,False,Nước Tăng Lực,LIPOVITAN,,0.0,0,0,Không đồng bộ,False,0,00000000-0000-0000-0000-000000000000,8.0,,False,8935023911151,,False,True,00000000-0000-0000-0000-000000000000,0.0,0.0,0.0,0.0
af2025fc-7388-4eee-a6d7-f084e2c3daac,01__NLU__LIP__MOG__250,LIPOVITAN Nước Tăng Lực Mật Ong Lon 250ml,15000.0,0.0,0.0,Lon,1,0,False,False,Nước Tăng Lực,LIPOVITAN,,0.0,0,0,Không đồng bộ,False,0,00000000-0000-0000-0000-000000000000,8.0,,False,8935023911137,,False,True,00000000-0000-0000-0000-000000000000,0.0,0.0,0.0,0.0
e85f0b1e-bd58-4f2f-b656-e28ec289371c,01__NLU__MON__DEN__355,COCA-COLA Monster Nước Tăng Lực Đen 355ml,33000.0,0.0,0.0,Lon,1,0,False,False,Nước Tăng Lực,MONSTER,,0.0,0,0,Không đồng bộ,False,0,00000000-0000-0000-0000-000000000000,10.0,,False,4897036691342,,False,True,00000000-0000-0000-0000-000000000000,0.0,0.0,0.0,0.0
b3c565f5-4ef3-406b-a10d-e44a93e328ac,01__NLU__MON__HOG__320,COCA-COLA Monster Nước Tăng Lực Hồng 320ml,33000.0,0.0,0.0,Lon,1,0,False,False,Nước Tăng Lực,MONSTER,,0.0,0,0,Không đồng bộ,False,0,00000000-0000-0000-0000-000000000000,10.0,,False,4897036695289,,False,True,00000000-0000-0000-0000-000000000000,0.0,0.0,0.0,0.0
19ba6e16-c278-4418-8472-f8313a770ec0,01__NLU__MON__TRG__355,COCA-COLA Monster Ultra Nước Tăng Lực Trắng 355ml,33000.0,0.0,0.0,Lon,1,0,False,False,Nước Tăng Lực,MONSTER,,0.0,0,0,Không đồng bộ,False,0,00000000-0000-0000-0000-000000000000,10.0,,False,4897036692257,,False,True,00000000-0000-0000-0000-000000000000,0.0,0.0,0.0,0.0
fb3bfb9b-e502-4b1f-bbeb-d709db115d11,01__NLU__MON__XDG__320,COCA-COLA Monster Nước Tăng Lực Xanh Dương 320ml,33000.0,0.0,0.0,Lon,1,0,False,False,Nước Tăng Lực,MONSTER,,0.0,0,0,Không đồng bộ,False,0,00000000-0000-0000-0000-000000000000,10.0,,False,4897036693162,,False,True,00000000-0000-0000-0000-000000000000,0.0,0.0,0.0,0.0
791e3592-d43c-47cd-948b-65199e1add53,01__NLU__MON__XLA__320,COCA-COLA Monster Nước Tăng Lực Xanh Lá 320ml,33000.0,0.0,0.0,Lon,1,0,False,False,Nước Tăng Lực,MONSTER,,0.0,0,0,Không đồng bộ,False,0,00000000-0000-0000-0000-000000000000,10.0,,False,4897036693636,,False,True,00000000-0000-0000-0000-000000000000,0.0,0.0,0.0,0.0
81bed724-5831-4f07-9d2c-ed2969ad5374,01__NLU__RED__CDE__145,REDBULL Nước Tăng Lực Chai Thủy Tinh Đen 145ml,15000.0,0.0,0.0,Chai,1,0,False,False,Nước Tăng Lực,REDBULL,,0.0,0,0,Không đồng bộ,False,0,00000000-0000-0000-0000-000000000000,10.0,145,False,8850228003046,,False,True,00000000-0000-0000-0000-000000000000,0.0,0.0,0.0,0.0
350ba9ba-1167-4ece-a7b9-9c17fdcefcfa,01__NLU__RED__CDO__145,REDBULL Nước Tăng Lực Chai Thủy Tinh Đỏ 145ml,15000.0,0.0,0.0,Chai,1,0,False,False,Nước Tăng Lực,REDBULL,,0.0,0,0,Không đồng bộ,False,0,00000000-0000-0000-0000-000000000000,10.0,145,False,8850228003022,,False,True,00000000-0000-0000-0000-000000000000,0.0,0.0,0.0,0.0
774b4b27-616b-47b5-9f81-ae388f1cd2a9,01__NLU__RED__CXA__145,REDBULL Nước Tăng Lực Chai Thủy Tinh Xanh 145ml,15000.0,0.0,0.0,Chai,1,0,False,False,Nước Tăng Lực,REDBULL,,0.0,0,0,Không đồng bộ,False,0,00000000-0000-0000-0000-000000000000,10.0,145,False,8850228000106,,False,True,00000000-0000-0000-0000-000000000000,0.0,0.0,0.0,0.0
f965db1e-663f-4e22-ab98-499a55aa90ea,01__NLU__RED__VAG__250,REDBULL Nước Tăng Lực Vàng Việt 250ml,17000.0,0.0,0.0,Lon,1,0,False,False,Nước Tăng Lực,REDBULL,,0.0,0,0,Không đồng bộ,False,0,00000000-0000-0000-0000-000000000000,10.0,,False,8935112200005,,False,True,00000000-0000-0000-0000-000000000000,0.0,0.0,0.0,0.0
f14796e2-dff7-4865-b8ae-654678419ffc,01__NLU__WUP__247__245,WAKE UP 247 Lon Nước Tăng Lực 245ml,15000.0,0.0,0.0,Lon,1,0,False,False,Nước Tăng Lực,WAKE UP 247,,0.0,0,0,Không đồng bộ,False,0,00000000-0000-0000-0000-000000000000,10.0,,False,8934683010723,,False,True,00000000-0000-0000-0000-000000000000,0.0,0.0,0.0,0.0
f48cbd8e-3847-46d1-93ca-66ee0632fa12,01__NLU__WUP__247__330,WAKE UP 247 Chai Nước Tăng Lực Vị Cafe 330ml,15000.0,0.0,0.0,Chai,1,0,False,False,Nước Tăng Lực,WAKE UP 247,,0.0,0,0,Không đồng bộ,False,0,00000000-0000-0000-0000-000000000000,10.0,,False,8934683008867,,False,True,00000000-0000-0000-0000-000000000000,0.0,0.0,0.0,0.0
55586f7d-7bf6-45c5-8d62-8e868ff778bd,01__NSU__SKY__HOP__6,SKYNEST Tổ Yến Thiên Nhiên 18%,50000.0,0.0,0.0,Hộp,1,0,False,False,Nước Sức Khỏe,SKYNEST,,0.0,0,0,Không đồng bộ,False,0,00000000-0000-0000-0000-000000000000,8.0,,False,58934588843073,,False,True,00000000-0000-0000-0000-000000000000,0.0,0.0,0.0,0.0
e80104b2-3680-4951-b0fb-92a3a3814bfa,01__NSU__SKY__LON__190,SKYNEST Nước Yến Sào Lon 190ml,15000.0,0.0,0.0,Lon,1,0,False,False,Nước Sức Khỏe,SKYNEST,,0.0,0,0,Không đồng bộ,False,0,00000000-0000-0000-0000-000000000000,8.0,,False,8936192340445,,False,True,00000000-0000-0000-0000-000000000000,0.0,0.0,0.0,0.0
9722ff2a-a856-4d43-bd2a-0c4ed5ba7bad,01__NSU__WOO__ALO__500,WOOJING Nước Nha Đam Dr.Aloe 500ml,35000.0,0.0,0.0,Chai,1,0,False,False,Nước Sức Khỏe,Woojing,,0.0,0,0,Không đồng bộ,False,0,00000000-0000-0000-0000-000000000000,10.0,500,False,8801382147565,,False,True,00000000-0000-0000-0000-000000000000,0.0,0.0,0.0,0.0
3a2bd197-df35-4392-b7f5-34fd1e713457,01__NSU__WOO__CHI__500,WOOJING Nước Gạo Hàn Quốc 500ml,36000.0,0.0,0.0,Chai,1,0,False,False,Nước Sức Khỏe,Woojing,,0.0,0,0,Không đồng bộ,False,0,00000000-0000-0000-0000-000000000000,8.0,,False,8801382124528,,False,True,00000000-0000-0000-0000-000000000000,0.0,0.0,0.0,0.0
bf83fdf0-01d6-422d-8d25-fe0db04db570,01__NSU__WOO__MAT__500,WOOJING Nước Gạo Matcha HQ 500ml,36000.0,0.0,0.0,Chai,1,0,False,False,Nước Sức Khỏe,Woojing,,0.0,0,0,Không đồng bộ,False,0,00000000-0000-0000-0000-000000000000,8.0,,False,8801382153078,,False,True,00000000-0000-0000-0000-000000000000,0.0,0.0,0.0,0.0
488ab345-f5fe-40dc-9fa0-dcc2c543350e,01__NTR__FRU__LUU__290,FRUTIVAL Nước Hạt Húng Quế Hương Lựu Chai 290ml,35000.0,0.0,0.0,Chai,1,0,False,False,Nước Trái Cây,FRUTIVAL,,0.0,0,0,Không đồng bộ,False,0,00000000-0000-0000-0000-000000000000,10.0,290,False,8857124866126,,False,True,00000000-0000-0000-0000-000000000000,0.0,0.0,0.0,0.0
ae82f43e-a168-4ad4-b3fc-ca4801134fef,01__NTR__JEL__ACE__150,JELE Nước Ép Trái Cây Vita A&E 150g,18000.0,0.0,0.0,Gói,1,0,False,False,Nước Trái Cây,Jele,,0.0,0,0,Không đồng bộ,False,0,00000000-0000-0000-0000-000000000000,10.0,150,False,8935342400923,,False,True,00000000-0000-0000-0000-000000000000,0.0,0.0,0.0,0.0
07816395-fab5-40d5-a2d3-d3924c1aeb30,01__NTR__JEL__BLA__150,JELE Nước Ép Trái Cây BLACKCUR 150g,18000.0,0.0,0.0,Gói,1,0,False,False,Nước Trái Cây,Jele,,0.0,0,0,Không đồng bộ,False,0,00000000-0000-0000-0000-000000000000,10.0,150,False,8935342400947,,False,True,00000000-0000-0000-0000-000000000000,0.0,0.0,0.0,0.0
a1bde083-fe90-44a1-b443-19617d9cc519,01__NTR__JEL__CAR__150,JELE Nước Ép Trái Cây Carnitine And Vitamin C 150g,18000.0,0.0,0.0,Gói,1,0,False,False,Nước Trái Cây,Jele,,0.0,0,0,Không đồng bộ,False,0,00000000-0000-0000-0000-000000000000,10.0,150,False,8935342400961,,False,True,00000000-0000-0000-0000-000000000000,0.0,0.0,0.0,0.0
b7cf61de-5c43-40e2-9491-c89d5ec82fcb,01__NTR__JEL__COL__150,JELE Nước Ép Trái Cây Collagen And Vitamin C 150g,18000.0,0.0,0.0,Gói,1,0,False,False,Nước Trái Cây,Jele,,0.0,0,0,Không đồng bộ,False,0,00000000-0000-0000-0000-000000000000,10.0,150,False,8935342400930,,False,True,00000000-0000-0000-0000-000000000000,0.0,0.0,0.0,0.0
801152c4-0c2a-4e19-b565-c43702d94083,01__NTR__JEL__HIG__150,JELE Nước Ép Trái Cây High Vitamin C 150g,18000.0,0.0,0.0,Gói,1,0,False,False,Nước Trái Cây,Jele,,0.0,0,0,Không đồng bộ,False,0,00000000-0000-0000-0000-000000000000,10.0,150,False,8935342400954,,False,True,00000000-0000-0000-0000-000000000000,0.0,0.0,0.0,0.0
8bd31047-06b3-41fc-8efc-294e88c8a8b9,01__NTR__KIC__DAO__490,KIRIN Ice+ Nước Trái Cây Vị Đào 490ml,13000.0,0.0,0.0,Chai,1,0,False,False,Nước Trái Cây,KIRIN Ice+,,0.0,0,0,Không đồng bộ,False,0,00000000-0000-0000-0000-000000000000,10.0,,False,8935001282310,,False,True,00000000-0000-0000-0000-000000000000,0.0,0.0,0.0,0.0
ed8ff328-71ed-43a6-a518-4b8b79148399,01__NTR__KIC__DLI__490,KIRIN Ice+ Nước Trái Cây Vị Dưa LướI 490ml,13000.0,0.0,0.0,Chai,1,0,False,False,Nước Trái Cây,KIRIN Ice+,,0.0,0,0,Không đồng bộ,False,0,00000000-0000-0000-0000-000000000000,10.0,,False,8935001282693,,False,True,00000000-0000-0000-0000-000000000000,0.0,0.0,0.0,0.0
c06d80d5-ee27-4e9d-b2ad-4817f5bb96d1,01__NTR__KIC__NHO__490,KIRIN Ice+ Nước Trái Cây Vị Nho 490ml,13000.0,0.0,0.0,Chai,1,0,False,False,Nước Trái Cây,KIRIN Ice+,,0.0,0,0,Không đồng bộ,False,0,00000000-0000-0000-0000-000000000000,10.0,,False,8935001282327,,False,True,00000000-0000-0000-0000-000000000000,0.0,0.0,0.0,0.0
7c5203a1-34c3-4129-b923-ffeb3de00402,01__NTR__MOG__DAU__320,MOGU Nước Ép Vị Dâu 320ml,26000.0,0.0,0.0,Chai,1,0,False,False,Nước Trái Cây,Mogu,,0.0,0,0,Không đồng bộ,False,0,00000000-0000-0000-0000-000000000000,10.0,,False,8850389103142,,False,True,00000000-0000-0000-0000-000000000000,0.0,0.0,0.0,0.0
def2ec22-f6c7-4173-8ec6-fcb1ca0dd729,01__NTR__MOG__DUA__320,MOGU Nước Ép Vị Dừa 320ml,26000.0,0.0,0.0,Chai,1,0,False,False,Nước Trái Cây,Mogu,,0.0,0,0,Không đồng bộ,False,0,00000000-0000-0000-0000-000000000000,10.0,,False,8850389106273,,False,True,00000000-0000-0000-0000-000000000000,0.0,0.0,0.0,0.0
d7050d4a-da3e-4e2e-9b74-256f408b302a,01__NTR__MOG__DUS__320,MOGU Nước Ép Vị Dứa 320ml,26000.0,0.0,0.0,Chai,1,0,False,False,Nước Trái Cây,Mogu,,0.0,0,0,Không đồng bộ,False,0,00000000-0000-0000-0000-000000000000,8.0,,False,8850389103173,,False,True,00000000-0000-0000-0000-000000000000,0.0,0.0,0.0,0.0
18e6af07-424c-4981-83d4-bedc0e1ffaaf,01__NTR__MOG__NHO__320,MOGU Nước Ép Vị Nho 320ml,26000.0,0.0,0.0,Chai,1,0,False,False,Nước Trái Cây,Mogu,,0.0,0,0,Không đồng bộ,False,0,00000000-0000-0000-0000-000000000000,10.0,320,False,8850389103180,,False,True,00000000-0000-0000-0000-000000000000,0.0,0.0,0.0,0.0
f07407ad-918c-45db-baf1-4d68a7e992d5,01__NTR__MOG__OOI__320,MOGU Nước Ép Vị Ổi 320ml,26000.0,0.0,0.0,Chai,1,0,False,False,Nước Trái Cây,Mogu,,0.0,0,0,Không đồng bộ,False,0,00000000-0000-0000-0000-000000000000,8.0,320,False,8850389111376,,False,True,00000000-0000-0000-0000-000000000000,0.0,0.0,0.0,0.0
5a28dbab-e51d-49cb-85da-5e306e2a62ed,01__NTR__MOG__TAO__320,MOGU Nước Ép Vị Táo 320ml,26000.0,0.0,0.0,Chai,1,0,False,False,Nước Trái Cây,Mogu,,0.0,0,0,Không đồng bộ,False,0,00000000-0000-0000-0000-000000000000,10.0,320,False,8850389110980,,False,True,00000000-0000-0000-0000-000000000000,0.0,0.0,0.0,0.0
fad879c5-c3cc-4068-99a9-3acf64251778,01__NTR__MOG__VAI__320,MOGU Nước Ép Vị Vải 320ml,26000.0,0.0,0.0,Chai,1,0,False,False,Nước Trái Cây,Mogu,,0.0,0,0,Không đồng bộ,False,0,00000000-0000-0000-0000-000000000000,10.0,,False,8850389103159,,False,True,00000000-0000-0000-0000-000000000000,0.0,0.0,0.0,0.0
91db77f3-b440-4ab9-8a1c-51260ff3e916,01__NTR__MOG__XOA__320,MOGU Nước Ép Vị Xoài 320ml,26000.0,0.0,0.0,Chai,1,0,False,False,Nước Trái Cây,Mogu,,0.0,0,0,Không đồng bộ,False,0,00000000-0000-0000-0000-000000000000,10.0,320,False,8850389103166,,False,True,00000000-0000-0000-0000-000000000000,0.0,0.0,0.0,0.0
c6740238-638d-477c-a01f-aa6e05a8bb9e,01__RSJ__DAM__CLA__360,DAMSO Rượu Soju Hàn Quốc Truyền Thống 360ml,90000.0,0.0,0.0,Chai,1,0,False,False,Rượu Soju,DAMSO,,0.0,0,0,Không đồng bộ,False,0,00000000-0000-0000-0000-000000000000,10.0,360,False,8809018212038,,False,True,00000000-0000-0000-0000-000000000000,0.0,0.0,0.0,0.0
853c1209-b1b3-40dc-8e74-748da160cf38,01__RSJ__DAM__DAO__360,DAMSO Rượu Soju Hàn Quốc Vị Đào 360ml,90000.0,0.0,0.0,Chai,1,0,False,False,Rượu Soju,DAMSO,,0.0,0,0,Không đồng bộ,False,0,00000000-0000-0000-0000-000000000000,10.0,360,False,8809018212052,,False,True,00000000-0000-0000-0000-000000000000,0.0,0.0,0.0,0.0
42abd3f4-efea-479d-82ac-45a9a0604f19,01__RSJ__DAM__NHO__360,DAMSO Rượu Soju Hàn Quốc Vị Nho Xanh 360ml,90000.0,0.0,0.0,Chai,1,0,False,False,Rượu Soju,DAMSO,,0.0,0,0,Không đồng bộ,False,0,00000000-0000-0000-0000-000000000000,10.0,360,False,8809018212076,,False,True,00000000-0000-0000-0000-000000000000,0.0,0.0,0.0,0.0
7b84cc97-078b-41c9-b4a9-2031c57d9809,01__RSJ__DAM__TAO__360,DAMSO Rượu Soju Hàn Quốc Vị Táo 360ml,90000.0,0.0,0.0,Chai,1,0,False,False,Rượu Soju,DAMSO,,0.0,0,0,Không đồng bộ,False,0,00000000-0000-0000-0000-000000000000,10.0,360,False,8809018212045,,False,True,00000000-0000-0000-0000-000000000000,0.0,0.0,0.0,0.0
7851a6ac-099b-45cc-915b-13acbb286352,01__RSJ__DAM__VQT__360,DAMSO Rượu Soju Hàn Quốc Vị Việt Quất 360ml,90000.0,0.0,0.0,Chai,1,0,False,False,Rượu Soju,DAMSO,,0.0,0,0,Không đồng bộ,False,0,00000000-0000-0000-0000-000000000000,10.0,360,False,8809018212137,,False,True,00000000-0000-0000-0000-000000000000,0.0,0.0,0.0,0.0
b8065d81-89af-4205-be4b-fd1bbd4ec395,01__STC__NUT__BQY__297,COCA-COLA NUTRIBOOST Sữa Bánh Quy 297ml,15000.0,0.0,0.0,Chai,1,0,False,False,Sữa Trái Cây,Coca-Cola,,0.0,0,0,Không đồng bộ,False,0,00000000-0000-0000-0000-000000000000,8.0,297,False,8935049510024,,False,True,00000000-0000-0000-0000-000000000000,0.0,0.0,0.0,0.0
c00e50b0-9272-44f4-b0a5-69086176b60f,01__STC__NUT__CAM__297,COCA-COLA Nutriboost Sữa Mật Ong Cam 297ml,15000.0,0.0,0.0,Chai,1,0,False,False,Sữa Trái Cây,Coca-Cola,,0.0,0,0,Không đồng bộ,False,0,00000000-0000-0000-0000-000000000000,8.0,,False,8935049511021,,False,True,00000000-0000-0000-0000-000000000000,0.0,0.0,0.0,0.0
0c6edd74-63ab-439c-a297-620dd05661bf,01__STC__NUT__DAU__297,COCA-COLA Nutriboost Sữa Dâu 297ml,15000.0,0.0,0.0,Chai,1,0,False,False,Sữa Trái Cây,Coca-Cola,,0.0,0,0,Không đồng bộ,False,0,00000000-0000-0000-0000-000000000000,8.0,,False,8935049500131,,False,True,00000000-0000-0000-0000-000000000000,0.0,0.0,0.0,0.0
e1a4a5a0-011e-430f-838e-7a259a0cc3f4,01__STC__TWI__CAM__320,PEPSICO Twister Sữa Trái cây Vị Cam 320ml,14000.0,0.0,0.0,Chai,1,0,False,False,Sữa Trái Cây,PEPSICO,,0.0,0,0,Không đồng bộ,False,0,00000000-0000-0000-0000-000000000000,10.0,,False,8934588253119,,False,True,00000000-0000-0000-0000-000000000000,0.0,0.0,0.0,0.0
7e749f05-a66d-41ba-918d-9360d5e36a8b,01__STC__TWI__DAU__320,PEPSICO Twister Sữa Trái cây Vị Dâu 320ml,14000.0,0.0,0.0,Chai,1,0,False,False,Sữa Trái Cây,PEPSICO,,0.0,0,0,Không đồng bộ,False,0,00000000-0000-0000-0000-000000000000,10.0,,False,8934588243110,,False,True,00000000-0000-0000-0000-000000000000,0.0,0.0,0.0,0.0
1283057a-a0e3-4361-891d-9853a737d88b,01__STC__VNU__BAP__240,VIETNUTRI Sữa Bắp Lon 240ml,15000.0,0.0,0.0,Lon,1,0,False,False,Sữa Trái Cây,VIETNUTRI,,0.0,0,0,Không đồng bộ,False,0,00000000-0000-0000-0000-000000000000,8.0,,False,8938552557302,,False,True,00000000-0000-0000-0000-000000000000,0.0,0.0,0.0,0.0
64bf7b7a-5dac-4d30-9b4c-be35ecee4561,01__STC__VNU__DNH__240,VIETNUTRI Sữa Đậu Nành Lon 240ml,15000.0,0.0,0.0,Lon,1,0,False,False,Sữa Trái Cây,VIETNUTRI,,0.0,0,0,Không đồng bộ,False,0,00000000-0000-0000-0000-000000000000,8.0,,False,8938552557319,,False,True,00000000-0000-0000-0000-000000000000,0.0,0.0,0.0,0.0
7645b60e-6b7d-4d1c-a30d-5489a33b08eb,01__TDC__CHA__TDO__350,CHASIAM Trà Sữa Thái Đỏ Chai 350ml,40000.0,0.0,0.0,Chai,1,0,False,False,Trà Đóng Chai,Chasiam,,0.0,0,0,Không đồng bộ,False,0,00000000-0000-0000-0000-000000000000,8.0,350,False,8850227041803,,False,True,00000000-0000-0000-0000-000000000000,0.0,0.0,0.0,0.0
2e389903-2041-43cf-b6f3-226929f126f4,01__TDC__CHA__TXA__350,CHASIAM Trà Sữa Thái Xanh Chai 350ml,40000.0,0.0,0.0,Chai,1,0,False,False,Trà Đóng Chai,Chasiam,,0.0,0,0,Không đồng bộ,False,0,00000000-0000-0000-0000-000000000000,8.0,350,False,8850227042121,,False,True,00000000-0000-0000-0000-000000000000,0.0,0.0,0.0,0.0
87f026c3-d3b4-406d-bf69-2feece121fd2,01__TDC__COZ__DAO__455,COZY Trà Đào Sả Chai 455ml,12000.0,0.0,0.0,Chai,1,0,False,False,Trà Đóng Chai,Cozy,,0.0,0,0,Không đồng bộ,False,0,00000000-0000-0000-0000-000000000000,10.0,,False,8936010532106,,False,True,00000000-0000-0000-0000-000000000000,0.0,0.0,0.0,0.0
ecd4dd3e-1be6-44c1-aa40-003166e74721,01__TDC__COZ__TAC__455,COZY Trà Tắc Mật Ong Chai 455ml,12000.0,0.0,0.0,Chai,1,0,False,False,Trà Đóng Chai,Cozy,,0.0,0,0,Không đồng bộ,False,0,00000000-0000-0000-0000-000000000000,10.0,,False,8936010532090,,False,True,00000000-0000-0000-0000-000000000000,0.0,0.0,0.0,0.0
d7dcbf9a-92ef-4993-8684-63f9af9ccbec,01__TDC__COZ__VAI__455,COZY Trà Vải Chai 455ml,12000.0,0.0,0.0,Chai,1,0,False,False,Trà Đóng Chai,Cozy,,0.0,0,0,Không đồng bộ,False,0,00000000-0000-0000-0000-000000000000,10.0,,False,8936010532113,,False,True,00000000-0000-0000-0000-000000000000,0.0,0.0,0.0,0.0
509dc08c-af8a-42f3-8029-60b3d0b53ea9,01__TDC__COZ__XOA__455,COZY Trà Ô Long Xoài Chai 455ml,12000.0,0.0,0.0,Chai,1,0,False,False,Trà Đóng Chai,Cozy,,0.0,0,0,Không đồng bộ,False,0,00000000-0000-0000-0000-000000000000,10.0,,False,8936010532120,,False,True,00000000-0000-0000-0000-000000000000,0.0,0.0,0.0,0.0
d41db35c-0b5d-4981-94f4-d00fac7ac65f,01__TDC__KIC__DAO__490,KIRIN Ice+ Trà Trái Cây Vị Đào 490ml,13000.0,0.0,0.0,Chai,1,0,False,False,Trà Đóng Chai,KIRIN Ice+,,0.0,0,0,Không đồng bộ,False,0,00000000-0000-0000-0000-000000000000,8.0,,False,8935001282662,,False,True,00000000-0000-0000-0000-000000000000,0.0,0.0,0.0,0.0
b3478045-fcdc-41e5-9a38-4ea97dd32613,01__TDC__KIC__TKI__490,KIRIN Ice+ Trà Trái Cây Vị Trà Táo Kiwi 490ml,13000.0,0.0,0.0,Chai,1,0,False,False,Trà Đóng Chai,KIRIN Ice+,,0.0,0,0,Không đồng bộ,False,0,00000000-0000-0000-0000-000000000000,8.0,,False,8935001282679,,False,True,00000000-0000-0000-0000-000000000000,0.0,0.0,0.0,0.0
9fc84c6b-2cbf-4dd9-9388-debb1df2e7ed,01__TDC__KIL__CAR__440,KIRIN Latte Coffee & Caramel 440ml,15000.0,0.0,0.0,Chai,1,0,False,False,Trà Đóng Chai,KIRIN Latte,,0.0,0,0,Không đồng bộ,False,0,00000000-0000-0000-0000-000000000000,10.0,,False,8935001282433,,False,True,00000000-0000-0000-0000-000000000000,0.0,0.0,0.0,0.0
4073d102-8766-4ef0-a9ea-566f664b2c8b,01__TDC__KIL__DSA__440,KIRIN Latte Hỗn Hợp Dâu Sữa 440ml,15000.0,0.0,0.0,Chai,1,0,False,False,Trà Đóng Chai,KIRIN Latte,,0.0,0,0,Không đồng bộ,False,0,00000000-0000-0000-0000-000000000000,10.0,,False,8935001282297,,False,True,00000000-0000-0000-0000-000000000000,0.0,0.0,0.0,0.0
009369b9-0b61-4a49-a4ef-6f417b61e131,01__TDC__KIL__MCS__440,KIRIN Latte Mãng Cầu Sữa 440ml,15000.0,0.0,0.0,Chai,1,0,False,False,Trà Đóng Chai,KIRIN Latte,,0.0,0,0,Không đồng bộ,False,0,00000000-0000-0000-0000-000000000000,10.0,,False,8935001282273,,False,True,00000000-0000-0000-0000-000000000000,0.0,0.0,0.0,0.0
63c26d57-c118-4e44-bd69-93f59c356ede,01__TDC__KIL__SSA__440,KIRIN Latte Socola Sữa 440ml,15000.0,0.0,0.0,Chai,1,0,False,False,Trà Đóng Chai,KIRIN Latte,,0.0,0,0,Không đồng bộ,False,0,00000000-0000-0000-0000-000000000000,10.0,,False,8935001282686,,False,True,00000000-0000-0000-0000-000000000000,0.0,0.0,0.0,0.0
b504589d-871c-400e-9c3a-24186fb1888d,01__TDC__KIL__TSA__440,KIRIN Latte Trà Sữa 440ml,15000.0,0.0,0.0,Chai,1,0,False,False,Trà Đóng Chai,KIRIN Latte,,0.0,0,0,Không đồng bộ,False,0,00000000-0000-0000-0000-000000000000,10.0,,False,8935001282266,,False,True,00000000-0000-0000-0000-000000000000,0.0,0.0,0.0,0.0
cca49032-2cee-4d80-a928-7051571d82dc,01__TDC__KIR__SCC__280,KIRIN Imuse Vị Sữa Chua & Chanh 280ml,14000.0,0.0,0.0,Chai,1,0,False,False,Trà Đóng Chai,KIRIN Imuse,,0.0,0,0,Không đồng bộ,False,0,00000000-0000-0000-0000-000000000000,10.0,,False,8935001282440,,False,True,00000000-0000-0000-0000-000000000000,0.0,0.0,0.0,0.0
dfcb1c12-d1c0-4a3a-8c37-05877ff44ce1,01__TDC__KIR__TSA__345,KIRIN Trà Sữa Anh Quốc 345ml,15000.0,0.0,0.0,Chai,1,0,False,False,Trà Đóng Chai,KIRIN,,0.0,0,0,Không đồng bộ,False,0,00000000-0000-0000-0000-000000000000,10.0,,False,8935001215028,,False,True,00000000-0000-0000-0000-000000000000,0.0,0.0,0.0,0.0
9696a38d-ee72-42c2-973a-0a4e51a07603,01__TDC__KIR__TXH__345,KIRIN Trà Xanh Nhật 345ml,15000.0,0.0,0.0,Chai,1,0,False,False,Trà Đóng Chai,KIRIN,,0.0,0,0,Không đồng bộ,False,0,00000000-0000-0000-0000-000000000000,8.0,,False,8935001282372,,False,True,00000000-0000-0000-0000-000000000000,0.0,0.0,0.0,0.0
cffdbf74-ad7d-4102-9789-8da092604a5f,01__TDC__MAS__CAU__500,MASAN Trà Bupnon 365 Hương Mãng Cầu 500ml,14000.0,0.0,0.0,Chai,1,0,False,False,Trà Đóng Chai,MASAN Bupnon,,0.0,0,0,Không đồng bộ,False,0,00000000-0000-0000-0000-000000000000,8.0,,False,8936221043477,,False,True,00000000-0000-0000-0000-000000000000,0.0,0.0,0.0,0.0
b6d1b1c6-a38c-4eb4-a924-013bacdb8fb2,01__TDC__MAS__CSA__500,MASAN Trà Bupnon 365 Hương Chanh Sả 500ml,14000.0,0.0,0.0,Chai,1,0,False,False,Trà Đóng Chai,MASAN Bupnon,,0.0,0,0,Không đồng bộ,False,0,00000000-0000-0000-0000-000000000000,8.0,,False,8936221042883,,False,True,00000000-0000-0000-0000-000000000000,0.0,0.0,0.0,0.0
488d537f-e39c-42ee-8dd7-c4d023849171,01__TDC__MAS__DAO__500,MASAN Trà Bupnon 365 Hương Đào 500ml,14000.0,0.0,0.0,Chai,1,0,False,False,Trà Đóng Chai,MASAN Bupnon,,0.0,0,0,Không đồng bộ,False,0,00000000-0000-0000-0000-000000000000,8.0,,False,8936221042944,,False,True,00000000-0000-0000-0000-000000000000,0.0,0.0,0.0,0.0
bf17035d-f665-4179-9c4e-13065b8fbf26,01__TDC__MAS__MOG__500,MASAN Trà Bupnon 365 Hương Mật Ong 500ml,14000.0,0.0,0.0,Chai,1,0,False,False,Trà Đóng Chai,MASAN Bupnon,,0.0,0,0,Không đồng bộ,False,0,00000000-0000-0000-0000-000000000000,8.0,,False,8936221042906,,False,True,00000000-0000-0000-0000-000000000000,0.0,0.0,0.0,0.0
121f2b65-eb5c-48f2-b5e4-85b22a600d60,01__TDC__MAS__OLD__500,MASAN Trà Bupnon 365 Trà Ô Long Vị Đào 500ml,14000.0,0.0,0.0,Chai,1,0,False,False,Trà Đóng Chai,MASAN Bupnon,,0.0,0,0,Không đồng bộ,False,0,00000000-0000-0000-0000-000000000000,8.0,,False,8936236470763,,False,True,00000000-0000-0000-0000-000000000000,0.0,0.0,0.0,0.0
89731f88-6b6c-4919-8f0d-670c13d7d32a,01__TDC__TEA__CHH__1500,PEPSICO Olong TEA+ Chanh Chai 1500ml,28000.0,0.0,0.0,Chai,1,0,False,False,Trà Đóng Chai,PEPSICO,,0.0,0,0,Không đồng bộ,False,0,00000000-0000-0000-0000-000000000000,8.0,1500,False,8934588870101,,False,True,00000000-0000-0000-0000-000000000000,0.0,0.0,0.0,0.0
9c0bc1a0-f764-4955-9373-96356d100bf6,01__TDC__TEA__CHH__450,PEPSICO Olong TEA+ Chanh Chai 450ml,14000.0,0.0,0.0,Chai,1,0,False,False,Trà Đóng Chai,TEA+,,0.0,0,0,Không đồng bộ,False,0,00000000-0000-0000-0000-000000000000,8.0,,False,8934588923555,,False,True,00000000-0000-0000-0000-000000000000,0.0,0.0,0.0,0.0
841d02cb-5bfd-4fe6-8f6d-e63760b6e38b,01__TDC__TEA__XAH__450,PEPSICO Olong TEA+ Trà Xanh Chai 450ml,14000.0,0.0,0.0,Chai,1,0,False,False,Trà Đóng Chai,TEA+,,0.0,0,0,Không đồng bộ,False,0,00000000-0000-0000-0000-000000000000,8.0,,False,8934588870552,,False,True,00000000-0000-0000-0000-000000000000,0.0,0.0,0.0,0.0
8338409e-987f-4334-9380-0f237ce113a1,01__TDC__THT__CTN__350,TH True Tea Trà Xanh Vị Chanh Tự Nhiên 350ml,14000.0,0.0,0.0,Chai,1,0,False,False,Trà Đóng Chai,TH True Tea,,0.0,0,0,Không đồng bộ,False,0,00000000-0000-0000-0000-000000000000,8.0,,False,8936127796019,,False,True,00000000-0000-0000-0000-000000000000,0.0,0.0,0.0,0.0
45de13be-447f-4a8f-87da-0dc7c4ee9068,01__TDC__THT__DAO__350,TH True Tea Trà Đào 350ml,15000.0,0.0,0.0,Chai,1,0,False,False,Trà Đóng Chai,TH True Tea,,0.0,0,0,Không đồng bộ,False,0,00000000-0000-0000-0000-000000000000,8.0,,False,8936127796514,,False,True,00000000-0000-0000-0000-000000000000,0.0,0.0,0.0,0.0
d03a89f4-f8ec-4da5-b3d3-565a147219bd,01__TDC__THT__OLO__350,TH True Tea Ô Long Tự Nhiên 350ml,15000.0,0.0,0.0,Chai,1,0,False,False,Trà Đóng Chai,TH True Tea,,0.0,0,0,Không đồng bộ,False,0,00000000-0000-0000-0000-000000000000,8.0,,False,8936127796217,,False,True,00000000-0000-0000-0000-000000000000,0.0,0.0,0.0,0.0
b486018c-0622-4797-a1d6-20741b7f71e7,01__TDC__THT__TAC__350,TH True Tea Trà Tắc 350ml,15000.0,0.0,0.0,Chai,1,0,False,False,Trà Đóng Chai,TH True Tea,,0.0,0,0,Không đồng bộ,False,0,00000000-0000-0000-0000-000000000000,8.0,,False,8936127790048,,False,True,00000000-0000-0000-0000-000000000000,0.0,0.0,0.0,0.0
ca981f57-1dc8-4c9c-84c1-fa0e9dcd3a0c,01__TDC__THT__TOI__350,TH True Tea Trà Ổi 350ml,15000.0,0.0,0.0,Chai,1,0,False,False,Trà Đóng Chai,TH True Tea,,0.0,0,0,Không đồng bộ,False,0,00000000-0000-0000-0000-000000000000,8.0,,False,8936127796712,,False,True,00000000-0000-0000-0000-000000000000,0.0,0.0,0.0,0.0
ce265a50-6cc3-4f0e-a992-126cee727c7f,01__TDC__THT__VAI__350,TH True Tea Trà Vải 350ml,15000.0,0.0,0.0,Chai,1,0,False,False,Trà Đóng Chai,TH True Tea,,0.0,0,0,Không đồng bộ,False,0,00000000-0000-0000-0000-000000000000,8.0,,False,8936127796613,,False,True,00000000-0000-0000-0000-000000000000,0.0,0.0,0.0,0.0
43f2d7b4-6dc5-4b0b-85db-55e7af872d01,01__TDC__WON__BDO__280,WONDERFARM Trà Bí Đao Chai 280ml,10000.0,0.0,0.0,Chai,1,0,False,False,Trà Đóng Chai,WONDERFARM,,0.0,0,0,Không đồng bộ,False,0,00000000-0000-0000-0000-000000000000,8.0,,False,8935001282365,,False,True,00000000-0000-0000-0000-000000000000,0.0,0.0,0.0,0.0
50e81662-44d9-4ed8-b6b3-84acfd666688,01__TDC__WON__CHH__345,WONDERFARM Trà Xanh Hương Chanh 345ml,10000.0,0.0,0.0,Chai,1,0,False,False,Trà Đóng Chai,WONDERFARM,,0.0,0,0,Không đồng bộ,False,0,00000000-0000-0000-0000-000000000000,8.0,,False,8935001215516,,False,True,00000000-0000-0000-0000-000000000000,0.0,0.0,0.0,0.0
4155f2aa-4c12-400b-8065-e51ab584f656,01__TDH__COZ__DAO__225,COZY Trà Đào Sả Hộp 225ml,9000.0,0.0,0.0,Hộp,1,0,False,False,Trà Đóng Hộp,Cozy,,0.0,0,0,Không đồng bộ,False,0,00000000-0000-0000-0000-000000000000,8.0,,False,8936010532069,,False,True,00000000-0000-0000-0000-000000000000,0.0,0.0,0.0,0.0
3d08ad2f-ef7a-45e4-bb7f-61541accc609,01__TDL__WON__BDO__310,WONDERFARM Trà Bí Đao Lon 310ml,12000.0,0.0,0.0,Lon,1,0,False,False,Trà Đóng Lon,WONDERFARM,,0.0,0,0,Không đồng bộ,False,0,00000000-0000-0000-0000-000000000000,8.0,,False,8935001214236,,False,True,00000000-0000-0000-0000-000000000000,0.0,0.0,0.0,0.0
7be49b9d-0c1d-471e-9d04-5d461868be0e,02__CGI__YDP__BDO__50,YẾN ĐẠI PHÁT Cháo Tổ Yến Trẻ Em Cá Hồi Bí Đỏ 50g,14000.0,0.0,0.0,Gói,1,0,False,False,Cháo Gói,YẾN ĐẠI PHÁT,,0.0,0,0,Không đồng bộ,False,0,00000000-0000-0000-0000-000000000000,8.0,50,False,8936192340339,,False,True,00000000-0000-0000-0000-000000000000,0.0,0.0,0.0,0.0
c3f186bb-1995-45a4-9679-734301b8295c,02__CGI__YDP__DXH__50,YẾN ĐẠI PHÁT Cháo Sườn Non Yến Mạch Đậu Xanh Gói 50g,12000.0,0.0,0.0,Gói,1,0,False,False,Cháo Gói,YẾN ĐẠI PHÁT,,0.0,0,0,Không đồng bộ,False,0,00000000-0000-0000-0000-000000000000,8.0,50,False,8936192340322,,False,True,00000000-0000-0000-0000-000000000000,0.0,0.0,0.0,0.0
ad833c66-348c-4df1-b97c-f17a1154e70c,02__CGI__YDP__YEN__50,YẾN ĐẠI PHÁT Cháo Tổ Yến Thịt Bằm 50g,14000.0,0.0,0.0,Gói,1,0,False,False,Cháo Gói,YẾN ĐẠI PHÁT,,0.0,0,0,Không đồng bộ,False,0,00000000-0000-0000-0000-000000000000,8.0,50,False,8936192340209,,False,True,00000000-0000-0000-0000-000000000000,0.0,0.0,0.0,0.0
a863bd58-8bf4-400e-9a51-45679d08cf4c,02__DBV__CTR__BCH__500,CẦU TRE Bò Viên Ngon Bịch 500g,103000.0,0.0,0.0,Bịch,1,0,False,False,Đồ Đông Lạnh,CẦU TRE,,0.0,0,0,Không đồng bộ,False,0,00000000-0000-0000-0000-000000000000,8.0,500,False,8934717371349,,False,True,00000000-0000-0000-0000-000000000000,0.0,0.0,0.0,0.0
d8fa4db7-dfb7-4466-89e8-2f021f25e970,02__DCG__CTR__BCH__500,CẦU TRE Chả Giò Bánh Tráng Thịt Bịch 500g,70000.0,0.0,0.0,Bịch,1,0,False,False,Đồ Đông Lạnh,CẦU TRE,,0.0,0,0,Không đồng bộ,False,0,00000000-0000-0000-0000-000000000000,8.0,500,False,8934717261015,,False,True,00000000-0000-0000-0000-000000000000,0.0,0.0,0.0,0.0
39af18c8-497b-457b-851f-68b9c7f3cb7a,02__DCG__CTR__TTH__400,CẦU TRE Chả Giò Da Xốp Tôm Thịt Bịch 400g,92000.0,0.0,0.0,Bịch,1,0,False,False,Đồ Đông Lạnh,CẦU TRE,,0.0,0,0,Không đồng bộ,False,0,00000000-0000-0000-0000-000000000000,8.0,400,False,8934717264474,,False,True,00000000-0000-0000-0000-000000000000,0.0,0.0,0.0,0.0
bd3b0309-2aac-44fd-85fc-9b428728e726,02__DCV__CTR__BCH__500,CẦU TRE Cá Viên Ngon Bịch 500g,64000.0,0.0,0.0,Bịch,1,0,False,False,Đồ Đông Lạnh,CẦU TRE,,0.0,0,0,Không đồng bộ,False,0,00000000-0000-0000-0000-000000000000,8.0,500,False,8934717421525,,False,True,00000000-0000-0000-0000-000000000000,0.0,0.0,0.0,0.0
e85a6d05-f6da-4c36-bdf8-54a9c0adb181,02__DHC__CTR__THI__500,CẦU TRE Há Cảo Thịt Bịch 500g,70000.0,0.0,0.0,Bịch,1,0,False,False,Đồ Đông Lạnh,CẦU TRE,,0.0,0,0,Không đồng bộ,False,0,00000000-0000-0000-0000-000000000000,8.0,500,False,8934717271021,,False,True,00000000-0000-0000-0000-000000000000,0.0,0.0,0.0,0.0
cedb1ce4-4b42-4083-8f93-96e94894b219,02__DMD__BIB__BCH__250,BIBIGO Mandu Hải Sản Bịch 250g,46000.0,0.0,0.0,Bịch,1,0,False,False,Đồ Đông Lạnh,BIBIGO,,0.0,0,0,Không đồng bộ,False,0,00000000-0000-0000-0000-000000000000,8.0,250,False,8934717402159,,False,True,00000000-0000-0000-0000-000000000000,0.0,0.0,0.0,0.0
2144a4d4-9805-49ee-aef3-75e8168d0f92,02__DXM__CTR__THI__500,CẦU TRE Xíu Mại Thịt Bịch 500g,95000.0,0.0,0.0,Bịch,1,0,False,False,Đồ Đông Lạnh,CẦU TRE,,0.0,0,0,Không đồng bộ,False,0,00000000-0000-0000-0000-000000000000,8.0,500,False,8934717351013,,False,True,00000000-0000-0000-0000-000000000000,0.0,0.0,0.0,0.0
9cb71a01-fdbd-4d29-8a37-3062b228e0f0,02__DXX__CTR__BCH__500,CẦU TRE Xúc Xích Khỏe Bịch 500g,75000.0,0.0,0.0,Bịch,1,0,False,False,Đồ Đông Lạnh,CẦU TRE,,0.0,0,0,Không đồng bộ,False,0,00000000-0000-0000-0000-000000000000,8.0,500,False,8934717600692,,False,True,00000000-0000-0000-0000-000000000000,0.0,0.0,0.0,0.0
26a183cc-3302-47a5-971a-10cc6e92ee4f,02__HCA__DWN__CAY__150,DONGWON Cá Ngừ Vị Ớt Hộp 150g,64000.0,0.0,0.0,Hộp,1,0,False,False,Cá Hộp,Dongwon,,0.0,0,0,Không đồng bộ,False,0,00000000-0000-0000-0000-000000000000,8.0,150,False,8801047123750,,False,True,00000000-0000-0000-0000-000000000000,0.0,0.0,0.0,0.0
9a620ea6-a220-40e0-8553-86225bf45c95,02__HCA__DWN__CNU__150,DONGWON Cá Ngừ Trắng Hộp 150g,64000.0,0.0,0.0,Hộp,1,0,False,False,Cá Hộp,Dongwon,,0.0,0,0,Không đồng bộ,False,0,00000000-0000-0000-0000-000000000000,8.0,150,False,8801047111849,,False,True,00000000-0000-0000-0000-000000000000,0.0,0.0,0.0,0.0
ba995aed-9ada-4f45-af64-2218b35a0b93,02__HCA__VIS__XCA__150,VISSAN Mai Vàng Cá Hộp Xốt Cà 150g,20000.0,0.0,0.0,Hộp,1,0,False,False,Cá Hộp,VISSAN,,0.0,0,0,Không đồng bộ,False,0,00000000-0000-0000-0000-000000000000,8.0,150,False,8934572135001,,False,True,00000000-0000-0000-0000-000000000000,0.0,0.0,0.0,0.0
06d1aa5f-76b5-4141-9d7a-be2127fe9d8b,02__HGI__CSU__HSN__77,CHINSU Story Hủ Tiếu Mỹ Tho Hải Sản Gói 77g,14000.0,0.0,0.0,Gói,1,0,False,False,Hủ Tiếu Gói,CHINSU Story,,0.0,0,0,Không đồng bộ,False,0,00000000-0000-0000-0000-000000000000,8.0,,False,8936136168869,,False,True,00000000-0000-0000-0000-000000000000,0.0,0.0,0.0,0.0
a2f62243-01f0-4c01-8db2-78bc63645088,02__HGI__NSN__BKO__75,ACECOOK Nhịp Sống Hủ Tiếu Bò Kho Gói 75g,14000.0,0.0,0.0,Gói,1,0,False,False,Hủ Tiếu Gói,ACECOOK Nhịp Sống,,0.0,0,0,Không đồng bộ,False,0,00000000-0000-0000-0000-000000000000,8.0,75,False,8934563461140,,False,True,00000000-0000-0000-0000-000000000000,0.0,0.0,0.0,0.0
a490488e-5336-4be9-adb9-553d130c8d5b,02__HGI__NSN__HEO__70,ACECOOK Nhịp Sống Hủ Tiếu Sườn Heo Gói 70g,14000.0,0.0,0.0,Gói,1,0,False,False,Hủ Tiếu Gói,ACECOOK Nhịp Sống,,0.0,0,0,Không đồng bộ,False,0,00000000-0000-0000-0000-000000000000,8.0,70,False,8934563458140,,False,True,00000000-0000-0000-0000-000000000000,0.0,0.0,0.0,0.0
f11cae50-fc24-4a35-af30-e82f409bfe86,02__HGI__NSN__NVG__71,ACECOOK Hủ Tiếu Nam Vang Gói 71g,14000.0,0.0,0.0,Gói,1,0,False,False,Hủ Tiếu Gói,ACECOOK Nhịp Sống,,0.0,0,0,Không đồng bộ,False,0,00000000-0000-0000-0000-000000000000,8.0,71,False,8934563455149,,False,True,00000000-0000-0000-0000-000000000000,0.0,0.0,0.0,0.0
4b68eb2e-e3b8-4e68-a309-a79a5010ca93,02__HOB__VIS__2LT__170,VISSAN Bò 2 Lát Hộp 170g,44000.0,0.0,0.0,Hộp,1,0,False,False,Bò Hộp,VISSAN,,0.0,0,0,Không đồng bộ,False,0,00000000-0000-0000-0000-000000000000,8.0,170,False,8934572020017,,False,True,00000000-0000-0000-0000-000000000000,0.0,0.0,0.0,0.0
d75e0f36-3a9e-470b-b441-e953066a51cb,02__HOP__VIS__GAN__170,VISSAN Pate Gan Heo Hộp 170g,42000.0,0.0,0.0,Hộp,1,0,False,False,Pate Hộp,VISSAN,,0.0,0,0,Không đồng bộ,False,0,00000000-0000-0000-0000-000000000000,8.0,170,False,8934572070012,,False,True,00000000-0000-0000-0000-000000000000,0.0,0.0,0.0,0.0
0aa32b88-edd9-4672-9428-cdcb6498e400,02__HOP__VIS__HEO__170,VISSAN Pate Thịt Heo Hộp 170g,38000.0,0.0,0.0,Hộp,1,0,False,False,Pate Hộp,VISSAN,,0.0,0,0,Không đồng bộ,False,0,00000000-0000-0000-0000-000000000000,8.0,170,False,8934572000019,,False,True,00000000-0000-0000-0000-000000000000,0.0,0.0,0.0,0.0
916afeae-f102-4120-9a39-308414539b05,02__HOX__VIS__XCA__150,VISSAN Xíu Mại Xốt Cà Hộp 150g,36000.0,0.0,0.0,Hộp,1,0,False,False,Xíu Mại Hộp,VISSAN,,0.0,0,0,Không đồng bộ,False,0,00000000-0000-0000-0000-000000000000,8.0,150,False,8934572011015,,False,True,00000000-0000-0000-0000-000000000000,0.0,0.0,0.0,0.0
18e3d587-1cbd-49c9-a83f-ffec6a3b2f75,02__KBT__MEI__BCH__1621,MEIZAN Bánh Tráng 16x21cm,16000.0,0.0,0.0,Bịch,1,0,False,False,Đồ Khô,MEIZAN,,0.0,0,0,Không đồng bộ,False,0,00000000-0000-0000-0000-000000000000,8.0,,False,8936202992862,,False,True,00000000-0000-0000-0000-000000000000,0.0,0.0,0.0,0.0
3a252901-06a9-47de-87cf-500226c94ef2,02__KMI__MEI__CHY__250,MEIZAN Mì Chay Cao Cấp 250g,13000.0,0.0,0.0,Bịch,1,0,False,False,Đồ Khô Mì,MEIZAN,,0.0,0,0,Không đồng bộ,False,0,00000000-0000-0000-0000-000000000000,8.0,250,False,8938509627188,,False,True,00000000-0000-0000-0000-000000000000,0.0,0.0,0.0,0.0
2475f176-dbfd-4dd9-9e80-1e9556968193,02__KMI__MEI__TRG__250,MEIZAN Mì Trứng Cao Cấp 250g,22000.0,0.0,0.0,Bịch,1,0,False,False,Đồ Khô Mì,MEIZAN,,0.0,0,0,Không đồng bộ,False,0,00000000-0000-0000-0000-000000000000,8.0,250,False,8938509627232,,False,True,00000000-0000-0000-0000-000000000000,0.0,0.0,0.0,0.0
ef164e08-ef3c-4dd2-8902-6abf5322ec70,02__KNI__MEI__DAI__200,MEIZAN Nui Cao Cấp Ống Dài 200g,16000.0,0.0,0.0,Bịch,1,0,False,False,Đồ Khô Nui,MEIZAN,,0.0,0,0,Không đồng bộ,False,0,00000000-0000-0000-0000-000000000000,8.0,200,False,8938509627157,,False,True,00000000-0000-0000-0000-000000000000,0.0,0.0,0.0,0.0
5a286f25-a3c3-4f4f-9e8c-fb48851bbd11,02__KNI__MEI__GAO__200,MEIZAN Nui Gạo Cao Cấp Chữ C 200g,16000.0,0.0,0.0,Bịch,1,0,False,False,Đồ Khô Nui,MEIZAN,,0.0,0,0,Không đồng bộ,False,0,00000000-0000-0000-0000-000000000000,8.0,200,False,8938509627256,,False,True,00000000-0000-0000-0000-000000000000,0.0,0.0,0.0,0.0
292a95de-d331-48b5-8a5c-f04755017d74,02__KNI__MEI__RAU__200,MEIZAN Nui Rau Củ Cao Cấp Chữ C 200g,16000.0,0.0,0.0,Bịch,1,0,False,False,Đồ Khô Nui,MEIZAN,,0.0,0,0,Không đồng bộ,False,0,00000000-0000-0000-0000-000000000000,8.0,200,False,8938509627744,,False,True,00000000-0000-0000-0000-000000000000,0.0,0.0,0.0,0.0
27c56c71-93f7-44ad-90fe-4a2a8a4fe0d2,02__LTS__HAI__CCX__282,HAIDILAO Lẩu Tự Sôi Cà Chua Xương Hầm 282g,106000.0,0.0,0.0,Hộp,1,0,False,False,Lẩu Tự Sôi,HAIDILAO,,0.0,0,0,Không đồng bộ,False,0,00000000-0000-0000-0000-000000000000,8.0,282,False,6971284209264,,False,True,00000000-0000-0000-0000-000000000000,0.0,0.0,0.0,0.0
1883b1b4-54e8-4a44-8c62-42320a38a140,02__LTS__OMA__CUA__300,OMACHI Lẩu Tự Sôi Bắp Bò Riêu Cua 300g,130000.0,0.0,0.0,Tô,1,0,False,False,Lẩu Tự Sôi,OMACHI,,0.0,0,0,Không đồng bộ,False,0,00000000-0000-0000-0000-000000000000,8.0,,False,8936221040704,,False,True,00000000-0000-0000-0000-000000000000,0.0,0.0,0.0,0.0
e8197731-6182-47d9-a64e-abeccac7eb91,02__MGO__ACE__GPM__131,ACECOOK SiuKay Gà Xốt Phô Mai Gói 131g,24000.0,0.0,0.0,Gói,1,0,False,False,Mì Gói,ACECOOK SiuKay,,0.0,0,0,Không đồng bộ,False,0,00000000-0000-0000-0000-000000000000,8.0,131,False,8934563116262,,False,True,00000000-0000-0000-0000-000000000000,0.0,0.0,0.0,0.0
e03347be-661a-499c-8b67-1501de184708,02__MGO__ACE__LTT__81,ACECOOK Mì Lẩu Thái Tôm Gói 81g,12000.0,0.0,0.0,Gói,1,0,False,False,Mì Gói,ACECOOK,,0.0,0,0,Không đồng bộ,False,0,00000000-0000-0000-0000-000000000000,8.0,81,False,8934563102166,,False,True,00000000-0000-0000-0000-000000000000,0.0,0.0,0.0,0.0
bce765ca-0390-4f70-a186-7c783fcea76a,02__MGO__DNT__TBM__83,ACECOOK Đệ Nhất Mì Gia Vị Thịt Bằm Gói 83g,12000.0,0.0,0.0,Gói,1,0,False,False,Mì Gói,ACECOOK Đệ Nhất,,0.0,0,0,Không đồng bộ,False,0,00000000-0000-0000-0000-000000000000,8.0,83,False,8934563165161,,False,True,00000000-0000-0000-0000-000000000000,0.0,0.0,0.0,0.0
6377f419-6201-4026-a00c-8aea0cc80b53,02__MGO__HAO__BST__88,ACECOOK HẢO HẢO Premium Mì Trộn Bò Sa tế Gói 88g,14000.0,0.0,0.0,Gói,1,0,False,False,Mì Gói,ACECOOK HẢO HẢO,,0.0,0,0,Không đồng bộ,False,0,00000000-0000-0000-0000-000000000000,8.0,88,False,8934563169183,,False,True,00000000-0000-0000-0000-000000000000,0.0,0.0,0.0,0.0
0d72dbc9-99f3-4c92-a057-cc611a7a554b,02__MGO__HAO__CAY__75,ACECOOK HẢO HẢO Mì Tôm Chua Cay Gói 75g,6000.0,0.0,0.0,Gói,1,0,False,False,Mì Gói,ACECOOK HẢO HẢO,,0.0,0,0,Không đồng bộ,False,0,00000000-0000-0000-0000-000000000000,8.0,75,False,8934563138165,,False,True,00000000-0000-0000-0000-000000000000,0.0,0.0,0.0,0.0
9516d258-a699-4e04-9dc2-1655e595267e,02__MGO__HAO__GVG__74,ACECOOK HẢO HẢO Mì Gà Vàng Gói 74g,6000.0,0.0,0.0,Gói,1,0,False,False,Mì Gói,ACECOOK HẢO HẢO,,0.0,0,0,Không đồng bộ,False,0,00000000-0000-0000-0000-000000000000,8.0,74,False,8934563184148,,False,True,00000000-0000-0000-0000-000000000000,0.0,0.0,0.0,0.0
91646d2d-285f-4754-9160-52d2d24cf3a5,02__MGO__HAO__TCC__88,ACECOOK HẢO HẢO Premium Mì Tôm Chua Cay Gói 88g,14000.0,0.0,0.0,Gói,1,0,False,False,Mì Gói,ACECOOK HẢO HẢO,,0.0,0,0,Không đồng bộ,False,0,00000000-0000-0000-0000-000000000000,8.0,88,False,8934563168179,,False,True,00000000-0000-0000-0000-000000000000,0.0,0.0,0.0,0.0
054f1664-f4ed-4883-a82e-27374588d561,02__MGO__HAO__XTC__75,ACECOOK HẢO HẢO Mì Xào Tôm Chua Ngọt Gói 75g,6000.0,0.0,0.0,Gói,1,0,False,False,Mì Gói,ACECOOK HẢO HẢO,,0.0,0,0,Không đồng bộ,False,0,00000000-0000-0000-0000-000000000000,8.0,75,False,8934563151157,,False,True,00000000-0000-0000-0000-000000000000,0.0,0.0,0.0,0.0
6ed6ab78-3809-4fee-86c5-70e1903aed76,02__MGO__IND__KBC__91,INDOMIE Mì Xào Khô Bò Cay Goreng Gói 91g,10000.0,0.0,0.0,Gói,1,0,False,False,Mì Gói,INDOMIE,,0.0,0,0,Không đồng bộ,False,0,00000000-0000-0000-0000-000000000000,8.0,91,False,089686910704,,False,True,00000000-0000-0000-0000-000000000000,0.0,0.0,0.0,0.0
50fc8084-3134-409a-8fed-6020bf26c262,02__MGO__IND__KCN__79,INDOMIE Mì Xào Khô Cay Nồng Goreng Gói 79g,10000.0,0.0,0.0,Gói,1,0,False,False,Mì Gói,INDOMIE,,0.0,0,0,Không đồng bộ,False,0,00000000-0000-0000-0000-000000000000,8.0,79,False,089686011036,,False,True,00000000-0000-0000-0000-000000000000,0.0,0.0,0.0,0.0
70ece99d-595b-466b-9c69-c87e90489b94,02__MGO__IND__KDB__85,INDOMIE Mì Xào Khô Đặc Biệt Gói 85g,12000.0,0.0,0.0,Gói,1,0,False,False,Mì Gói,INDOMIE,,0.0,0,0,Không đồng bộ,False,0,00000000-0000-0000-0000-000000000000,8.0,85,False,089686010947,,False,True,00000000-0000-0000-0000-000000000000,0.0,0.0,0.0,0.0
935c5d3a-604d-4568-b005-0d5415f2e7fc,02__MGO__IND__KSU__80,INDOMIE Mì Xào Khô Vị Sườn Gói 80g,12000.0,0.0,0.0,Gói,1,0,False,False,Mì Gói,INDOMIE,,0.0,0,0,Không đồng bộ,False,0,00000000-0000-0000-0000-000000000000,8.0,80,False,089686043686,,False,True,00000000-0000-0000-0000-000000000000,0.0,0.0,0.0,0.0
8c2838f8-c2d6-4d65-8471-fd082c5604e9,02__MGO__JIN__CAY__120,OTOKI MÌ Gói JIN Cay 120g,20000.0,0.0,0.0,Gói,1,0,False,False,Mì Gói,Otoki,,0.0,0,0,Không đồng bộ,False,0,00000000-0000-0000-0000-000000000000,8.0,120,False,8936049051142,,False,True,00000000-0000-0000-0000-000000000000,0.0,0.0,0.0,0.0
7d3fe9e3-cc2f-451d-bf24-6571644c1dd7,02__MGO__KOK__BXC__95,KOKOMI 90 Mì Xào Vị Bò Xốt Cà Gói 95g*30,8000.0,0.0,0.0,Gói,1,0,False,False,Mì Gói,KOKOMI,,0.0,0,0,Không đồng bộ,False,0,00000000-0000-0000-0000-000000000000,8.0,,False,8936221044238,,False,True,00000000-0000-0000-0000-000000000000,0.0,0.0,0.0,0.0
8c422147-a625-4cd8-a4e6-48e675d16584,02__MGO__KOK__CAY__65,KOKOMI Mì Gói Tôm Chua Cay 65g*30,6000.0,0.0,0.0,Gói,1,0,False,False,Mì Gói,KOKOMI,,0.0,0,0,Không đồng bộ,False,0,00000000-0000-0000-0000-000000000000,8.0,65,False,8936221044160,,False,True,00000000-0000-0000-0000-000000000000,0.0,0.0,0.0,0.0
33b73798-4b86-4904-84df-1ee6df19c68b,02__MGO__KOK__CAY__90,KOKOMI 90 Mì Gói Tôm Chua Cay 90g*30,8000.0,0.0,0.0,Gói,1,0,False,False,Mì Gói,KOKOMI,,0.0,0,0,Không đồng bộ,False,0,00000000-0000-0000-0000-000000000000,8.0,90,False,8936221044184,,False,True,00000000-0000-0000-0000-000000000000,0.0,0.0,0.0,0.0
a8d22de2-a1c0-4efd-b293-96ff822796ff,02__MGO__KOK__XHS__95,KOKOMI 90 Mì Gói Vị Hải Sản Cay Tê 90g*30,8000.0,0.0,0.0,Gói,1,0,False,False,Mì Gói,KOKOMI,,0.0,0,0,Không đồng bộ,False,0,00000000-0000-0000-0000-000000000000,8.0,90,False,8936221044245,,False,True,00000000-0000-0000-0000-000000000000,0.0,0.0,0.0,0.0
c41f32ce-b709-46e0-af11-1a62cb421f17,02__MGO__OMA__BOO__81,OMACHI Mì Gói Xốt Bò Hầm 81g*30,13000.0,0.0,0.0,Gói,1,0,False,False,Mì Gói,OMACHI,,0.0,0,0,Không đồng bộ,False,0,00000000-0000-0000-0000-000000000000,8.0,81,False,8936221041756,,False,True,00000000-0000-0000-0000-000000000000,0.0,0.0,0.0,0.0
99372fb2-7696-42c1-b0f0-195ec9ee47ab,02__MGO__OMA__LTC__80,OMACHI Mì Gói Lẩu Tôm Càng 80g*30,13000.0,0.0,0.0,Gói,1,0,False,False,Mì Gói,OMACHI,,0.0,0,0,Không đồng bộ,False,0,00000000-0000-0000-0000-000000000000,8.0,80,False,8936221041763,,False,True,00000000-0000-0000-0000-000000000000,0.0,0.0,0.0,0.0
3a500254-37ec-454a-aad3-d0b03dd7b554,02__MGO__OMA__S5Q__80,OMACHI Mì Gói Sườn Hầm Ngũ Quả 80g*30,13000.0,0.0,0.0,Gói,1,0,False,False,Mì Gói,OMACHI,,0.0,0,0,Không đồng bộ,False,0,00000000-0000-0000-0000-000000000000,8.0,80,False,8936221041749,,False,True,00000000-0000-0000-0000-000000000000,0.0,0.0,0.0,0.0
1afb18d6-5f6e-4698-9a29-e930b8c10f7f,02__MGO__OMA__XOT__126,OMACHI Mì Gói Cua Xốt Ớt 126g*24,21000.0,0.0,0.0,Gói,1,0,False,False,Mì Gói,OMACHI,,0.0,0,0,Không đồng bộ,False,0,00000000-0000-0000-0000-000000000000,8.0,126,False,8936236470497,,False,True,00000000-0000-0000-0000-000000000000,0.0,0.0,0.0,0.0
8ec11f84-62db-4f21-b307-44355ecde97f,02__MGO__SAM__DEN__140,SAMYANG Mì Gói Khô Gà Cay Đen 140g,34000.0,0.0,0.0,Gói,1,0,False,False,Mì Gói,Samyang,,0.0,0,0,Không đồng bộ,False,0,00000000-0000-0000-0000-000000000000,8.0,140,False,8801073110502,,False,True,00000000-0000-0000-0000-000000000000,0.0,0.0,0.0,0.0
f3074f3c-1490-4eca-8a6d-39bc5bf9ef40,02__MGO__SAM__GCY__145,SAMYANG Mì Gói Gà Cay Đỏ 145g,36000.0,0.0,0.0,Gói,1,0,False,False,Mì Gói,Samyang,,0.0,0,0,Không đồng bộ,False,0,00000000-0000-0000-0000-000000000000,8.0,145,False,8801073113329,,False,True,00000000-0000-0000-0000-000000000000,0.0,0.0,0.0,0.0
9101927c-1a1b-4234-9501-4bed86203c41,02__MGO__SAM__HOG__130,SAMYANG Mì Gói Khô Gà Cay Hồng 130g,36000.0,0.0,0.0,Gói,1,0,False,False,Mì Gói,Samyang,,0.0,0,0,Không đồng bộ,False,0,00000000-0000-0000-0000-000000000000,8.0,130,False,8801073113893,,False,True,00000000-0000-0000-0000-000000000000,0.0,0.0,0.0,0.0
afb81e12-3229-460b-95ba-2144024d0dcd,02__MGO__SAM__VAG__140,SAMYANG Mì Gói Khô Gà Cay Vàng 140g,36000.0,0.0,0.0,Gói,1,0,False,False,Mì Gói,Samyang,,0.0,0,0,Không đồng bộ,False,0,00000000-0000-0000-0000-000000000000,8.0,140,False,8801073113268,,False,True,00000000-0000-0000-0000-000000000000,0.0,0.0,0.0,0.0
5147ad6a-0503-4c27-8e2e-123db110c210,02__MGO__SED__GCY__87,SEDAAP Mì Trộn Gà Cay Hàn Quốc Gói 87g,16000.0,0.0,0.0,Gói,1,0,False,False,Mì Gói,SEDAAP,,0.0,0,0,Không đồng bộ,False,0,00000000-0000-0000-0000-000000000000,8.0,87,False,8998866631150,,False,True,00000000-0000-0000-0000-000000000000,0.0,0.0,0.0,0.0
71ed7cf2-8191-4c5e-889c-0a2ae19c9609,02__MGO__SED__PMI__86,SEDAAP Mì Trộn Gà Cay Phô Mai Gói 86g,16000.0,0.0,0.0,Gói,1,0,False,False,Mì Gói,SEDAAP,,0.0,0,0,Không đồng bộ,False,0,00000000-0000-0000-0000-000000000000,8.0,86,False,8998866631174,,False,True,00000000-0000-0000-0000-000000000000,0.0,0.0,0.0,0.0
f41e5300-866a-46d2-b5de-e365ed0b146f,02__MGO__SED__XAO__90,SEDAAP Mì Trộn Vị Mì Xào Gói 90g,9000.0,0.0,0.0,Gói,1,0,False,False,Mì Gói,SEDAAP,,0.0,0,0,Không đồng bộ,False,0,00000000-0000-0000-0000-000000000000,8.0,90,False,8998866631136,,False,True,00000000-0000-0000-0000-000000000000,0.0,0.0,0.0,0.0
838fb0fd-2d0c-4bbb-b0c5-9daa4c5a023b,02__MGO__SKY__HSN__128,ACECOOK SiuKay Mì Hải Sản Gói 128g*24,24000.0,0.0,0.0,Gói,1,0,False,False,Mì Gói,ACECOOK SiuKay,,0.0,0,0,Không đồng bộ,False,0,00000000-0000-0000-0000-000000000000,8.0,128,False,8934563193263,,False,True,00000000-0000-0000-0000-000000000000,0.0,0.0,0.0,0.0
575ab54d-71e7-4b6d-af0d-793b1e590237,02__MGO__SKY__VBO__128,ACECOOK SiuKay Mì Vị Bò Gói 128g,20000.0,0.0,0.0,Gói,1,0,False,False,Mì Gói,ACECOOK SiuKay,,0.0,0,0,Không đồng bộ,False,0,00000000-0000-0000-0000-000000000000,8.0,128,False,8934563131258,,False,True,00000000-0000-0000-0000-000000000000,0.0,0.0,0.0,0.0
d7b4da4c-19ef-4793-8739-b2c8ab0e8b22,02__MGO__YEU__CAY__120,OTOKI Mì Gói YEUL Cay 120g,20000.0,0.0,0.0,Gói,1,0,False,False,Mì Gói,Otoki,,0.0,0,0,Không đồng bộ,False,0,00000000-0000-0000-0000-000000000000,8.0,120,False,8936049051128,,False,True,00000000-0000-0000-0000-000000000000,0.0,0.0,0.0,0.0
5259be17-00c9-4d63-993d-bf5630ae3cac,02__MIL__HAO__TCY__67,ACECOOK HẢO HẢO Mì Ly Tôm Chua Cay 67g,18000.0,0.0,0.0,Ly,1,0,False,False,Mì Ly,ACECOOK HẢO HẢO,,0.0,0,0,Không đồng bộ,False,0,00000000-0000-0000-0000-000000000000,8.0,67,False,8934563651138,,False,True,00000000-0000-0000-0000-000000000000,0.0,0.0,0.0,0.0
19d24afb-4802-4955-9611-4c1752b947cd,02__MIL__KOK__CAY__65,KOKOMI Mì Ly Tôm Chua Cay 65g*24,12000.0,0.0,0.0,Ly,1,0,False,False,Mì Ly,KOKOMI,,0.0,0,0,Không đồng bộ,False,0,00000000-0000-0000-0000-000000000000,8.0,65,False,8936221048298,,False,True,00000000-0000-0000-0000-000000000000,0.0,0.0,0.0,0.0
24a09840-3340-484f-9165-a5361817cb03,02__MIL__KOR__BXO__65,KORENO Mì Xào Vị Bò Xào Ly 65g,18000.0,0.0,0.0,Ly,1,0,False,False,Mì Ly,KORENO,,0.0,0,0,Không đồng bộ,False,0,00000000-0000-0000-0000-000000000000,8.0,65,False,8936028643054,,False,True,00000000-0000-0000-0000-000000000000,0.0,0.0,0.0,0.0
a0e5aa6b-1333-45f7-9e89-40608ea13554,02__MIL__KOR__DEN__68,KORENO Mì Trộn Tương Đen Ly 68g,18000.0,0.0,0.0,Ly,1,0,False,False,Mì Ly,KORENO,,0.0,0,0,Không đồng bộ,False,0,00000000-0000-0000-0000-000000000000,8.0,68,False,8936028641531,,False,True,00000000-0000-0000-0000-000000000000,0.0,0.0,0.0,0.0
b3ada2a5-2c7f-4b47-a211-bba1b3b6e1ab,02__MIL__KOR__LTI__65,KORENO Mì Lẩu Thái Ly 65g,18000.0,0.0,0.0,Ly,1,0,False,False,Mì Ly,KORENO,,0.0,0,0,Không đồng bộ,False,0,00000000-0000-0000-0000-000000000000,8.0,65,False,8936028642187,,False,True,00000000-0000-0000-0000-000000000000,0.0,0.0,0.0,0.0
235efc82-aa6a-4fee-9bdd-a1fda99d472a,02__MIL__KOR__PMI__65,KORENO M.X Vị Bò Phô Mai Cay Ly 65g,18000.0,0.0,0.0,Bịch,1,0,False,False,Mì Ly,KORENO,,0.0,0,0,Không đồng bộ,False,0,00000000-0000-0000-0000-000000000000,8.0,65,False,8936028643177,,False,True,00000000-0000-0000-0000-000000000000,0.0,0.0,0.0,0.0
f7139822-656f-4623-b929-5ad5c613beb5,02__MIL__MAM__TBM__60,MAMA Mì Ly Thịt Bằm 60g,30000.0,0.0,0.0,Ly,1,0,False,False,Mì Ly,Mama,,0.0,0,0,Không đồng bộ,False,0,00000000-0000-0000-0000-000000000000,8.0,60,False,8850987101472,,False,True,00000000-0000-0000-0000-000000000000,0.0,0.0,0.0,0.0
797ae5d6-0139-491f-aecb-5337895cfe22,02__MIL__MAM__TYM__60,MAMA Mì Ly TomYum 60g,30000.0,0.0,0.0,Ly,1,0,False,False,Mì Ly,Mama,,0.0,0,0,Không đồng bộ,False,0,00000000-0000-0000-0000-000000000000,8.0,60,False,8850987101489,,False,True,00000000-0000-0000-0000-000000000000,0.0,0.0,0.0,0.0
dd07d3b3-e94b-45d7-b533-1a30964694ae,02__MIL__MOD__BKY__66,ACECOOK MODERN Xtreme Mì Ly Bò Kay 66g,15000.0,0.0,0.0,Ly,1,0,False,False,Mì Ly,ACECOOK MODERN,,0.0,0,0,Không đồng bộ,False,0,00000000-0000-0000-0000-000000000000,8.0,66,False,8934563657130,,False,True,00000000-0000-0000-0000-000000000000,0.0,0.0,0.0,0.0
adc45ae9-fe89-4ba2-8f73-86088de32378,02__MIL__MOD__KCI__66,ACECOOK MODERN Xtreme Mì Ly Vị Kim Chi 66g,12000.0,0.0,0.0,Ly,1,0,False,False,Mì Ly,ACECOOK MODERN,,0.0,0,0,Không đồng bộ,False,0,00000000-0000-0000-0000-000000000000,8.0,66,False,8934563658137,,False,True,00000000-0000-0000-0000-000000000000,0.0,0.0,0.0,0.0
f4df8b62-1088-4f7d-96fb-14f5710a1560,02__MIL__MOD__LTT__67,ACECOOK MODERN Mì Ly Lẩu Thái Tôm 67g,15000.0,0.0,0.0,Ly,1,0,False,False,Mì Ly,ACECOOK MODERN,,0.0,0,0,Không đồng bộ,False,0,00000000-0000-0000-0000-000000000000,8.0,67,False,8934563619138,,False,True,00000000-0000-0000-0000-000000000000,0.0,0.0,0.0,0.0
8efda1f0-8b78-4a5c-96b7-686454155b2a,02__MIL__NIS__TYM__70,NISSIN Mì Ly Thái Tom Yum 70g,20000.0,0.0,0.0,Ly,1,0,False,False,Mì Ly,NISSIN,,0.0,0,0,Không đồng bộ,False,0,00000000-0000-0000-0000-000000000000,8.0,70,False,8936071070203,,False,True,00000000-0000-0000-0000-000000000000,0.0,0.0,0.0,0.0
1cf9860c-f261-4a58-a6ea-ae675dcb2ba3,02__MIL__NSM__RED__68,NONGSHIM Mì Ly Shin Red Super 68g,30000.0,0.0,0.0,Ly,1,0,False,False,Mì Ly,Nongshim,,0.0,0,0,Không đồng bộ,False,0,00000000-0000-0000-0000-000000000000,8.0,68,False,8801043049566,,False,True,00000000-0000-0000-0000-000000000000,0.0,0.0,0.0,0.0
0c3a7776-5245-42d1-9317-ddd179fd5c92,02__MIL__NSM__SHN__68,NONGSHIM Mì Ly Shin 68g,25000.0,0.0,0.0,Ly,1,0,False,False,Mì Ly,Nongshim,,0.0,0,0,Không đồng bộ,False,0,00000000-0000-0000-0000-000000000000,8.0,68,False,031146270606,,False,True,00000000-0000-0000-0000-000000000000,0.0,0.0,0.0,0.0
33367770-a01a-4fab-ab6d-46e4dd5dbe5b,02__MIL__OMA__BOO__69,OMACHI Mì Ly Xốt Bò Hầm 69g*24,18000.0,0.0,0.0,Ly,1,0,False,False,Mì Ly,OMACHI,,0.0,0,0,Không đồng bộ,False,0,00000000-0000-0000-0000-000000000000,8.0,69,False,8936221043781,,False,True,00000000-0000-0000-0000-000000000000,0.0,0.0,0.0,0.0
af930aeb-9a67-483c-9794-3f0b58473ed0,02__MIL__OMA__LTC__67,OMACHI Mì Ly Lẩu Tôm Càng 67g*24,18000.0,0.0,0.0,Ly,1,0,False,False,Mì Ly,OMACHI,,0.0,0,0,Không đồng bộ,False,0,00000000-0000-0000-0000-000000000000,8.0,67,False,8936221043804,,False,True,00000000-0000-0000-0000-000000000000,0.0,0.0,0.0,0.0
6f5cb659-62b5-488c-bfe1-19d6bb9f1a00,02__MIL__OMA__S5Q__70,OMACHI Mì Ly Sườn Hầm Ngủ Quả 70g*24,18000.0,0.0,0.0,Ly,1,0,False,False,Mì Ly,OMACHI,,0.0,0,0,Không đồng bộ,False,0,00000000-0000-0000-0000-000000000000,8.0,70,False,8936221043798,,False,True,00000000-0000-0000-0000-000000000000,0.0,0.0,0.0,0.0
e6451bbe-55f2-49d1-97ba-f9d5e742b0c4,02__MIL__OTT__TDN__70,OTTOGI Mì Ly Xốt Tương Đen Jin jjajang 70g,21000.0,0.0,0.0,Ly,1,0,False,False,Mì Ly,Ottogi,,0.0,0,0,Không đồng bộ,False,0,00000000-0000-0000-0000-000000000000,8.0,70,False,8936049051609,,False,True,00000000-0000-0000-0000-000000000000,0.0,0.0,0.0,0.0
6b680b71-6b76-4e41-8520-0c1abd85a1e9,02__MIL__SAM__GCY__70,SAMYANG Mì Ly Khô Gà Cay Đen 70g,38000.0,0.0,0.0,Ly,1,0,False,False,Mì Ly,Samyang,,0.0,0,0,Không đồng bộ,False,0,00000000-0000-0000-0000-000000000000,8.0,70,False,8801073210776,,False,True,00000000-0000-0000-0000-000000000000,0.0,0.0,0.0,0.0
e792ec3e-9075-48cb-88fd-8258c1c11831,02__MIL__SAM__NAR__80,SAMYANG Mì Ly Khô Gà Cay NARA Hồng 80g,40000.0,0.0,0.0,Ly,1,0,False,False,Mì Ly,Samyang,,0.0,0,0,Không đồng bộ,False,0,00000000-0000-0000-0000-000000000000,8.0,80,False,8801073211667,,False,True,00000000-0000-0000-0000-000000000000,0.0,0.0,0.0,0.0
12eac41d-7f9b-44f2-afb8-fcdea8dca7a8,02__MIL__SAM__PMI__70,SAMYANG Mì Ly Khô Phô Mai Vàng 70g,40000.0,0.0,0.0,Ly,1,0,False,False,Mì Ly,Samyang,,0.0,0,0,Không đồng bộ,False,0,00000000-0000-0000-0000-000000000000,8.0,70,False,8801073211254,,False,True,00000000-0000-0000-0000-000000000000,0.0,0.0,0.0,0.0
7bf7c4a1-2b8c-4bb0-9e6a-a071e3b69e1e,02__MIL__VIF__CUA__90,VIFON Mì Trộn Cua Xốt Me Ly 90g,20000.0,0.0,0.0,Ly,1,0,False,False,Mì Ly,Vifon,,0.0,0,0,Không đồng bộ,False,0,00000000-0000-0000-0000-000000000000,8.0,90,False,8935311101349,,False,True,00000000-0000-0000-0000-000000000000,0.0,0.0,0.0,0.0
d27cd293-aa2a-4884-b7ae-f022c09e4235,02__MIL__VIF__GCY__115,VIFON Mì Trộn Sốt Gà Cay Ly 115g,36000.0,0.0,0.0,Ly,1,0,False,False,Mì Ly,Vifon,,0.0,0,0,Không đồng bộ,False,0,00000000-0000-0000-0000-000000000000,8.0,115,False,8935311103411,,False,True,00000000-0000-0000-0000-000000000000,0.0,0.0,0.0,0.0
db3d0e4f-ec37-4815-b13d-54059eff2d30,02__MIL__VIF__TEX__115,VIFON MÌ Trộn Bò Texas Ly 115g,32000.0,0.0,0.0,Ly,1,0,False,False,Mì Ly,Vifon,,0.0,0,0,Không đồng bộ,False,0,00000000-0000-0000-0000-000000000000,8.0,115,False,8935311103503,,False,True,00000000-0000-0000-0000-000000000000,0.0,0.0,0.0,0.0
d235a247-ec15-4be5-9c56-1c8250349b66,02__MNG__CSU__GAA__62,CHINSU Story Miến Gà Lá Chanh Gói 62g,13000.0,0.0,0.0,Gói,1,0,False,False,Miến Gói,CHINSU Story,,0.0,0,0,Không đồng bộ,False,0,00000000-0000-0000-0000-000000000000,8.0,62,False,8936221042272,,False,True,00000000-0000-0000-0000-000000000000,0.0,0.0,0.0,0.0
8df27c15-ee11-48c8-ace2-3012a2289f72,02__MNG__PHG__HEO__55,ACECOOK Miến Phú Hương Sườn Heo Gói 55g,16000.0,0.0,0.0,Gói,1,0,False,False,Miến Gói,ACECOOK,,0.0,0,0,Không đồng bộ,False,0,00000000-0000-0000-0000-000000000000,8.0,55,False,8934563301156,,False,True,00000000-0000-0000-0000-000000000000,0.0,0.0,0.0,0.0
ecf62208-cc73-4609-8f4e-07ad723db987,02__MNG__PHG__LTT__60,ACECOOK Miến Phú Hương Lẩu Thái Tôm Gói 60g,16000.0,0.0,0.0,Gói,1,0,False,False,Miến Gói,ACECOOK,,0.0,0,0,Không đồng bộ,False,0,00000000-0000-0000-0000-000000000000,8.0,60,False,8934563304157,,False,True,00000000-0000-0000-0000-000000000000,0.0,0.0,0.0,0.0
e58de060-8cfa-4d86-9986-70bad66564bc,02__MNG__PHG__TBM__55,ACECOOK Miến Phú Hương Thịt Bằm Gói 55g,16000.0,0.0,0.0,Gói,1,0,False,False,Miến Gói,ACECOOK,,0.0,0,0,Không đồng bộ,False,0,00000000-0000-0000-0000-000000000000,8.0,55,False,8934563303150,,False,True,00000000-0000-0000-0000-000000000000,0.0,0.0,0.0,0.0
a4da1000-a95b-4c02-a4a7-9e2e836468d1,02__MNT__NHO__HEO__64,ACECOOK NHỚ Miến Sườn Heo Tô 64g,28000.0,0.0,0.0,Tô,1,0,False,False,Miến Tô,ACECOOK NHỚ,,0.0,0,0,Không đồng bộ,False,0,00000000-0000-0000-0000-000000000000,8.0,64,False,8934563347130,,False,True,00000000-0000-0000-0000-000000000000,0.0,0.0,0.0,0.0
2e9e2a9d-7317-4802-81d2-26030d2fde43,02__MTO__CDH__TMI__90,CUNG ĐÌNH Kool Mì Tô Trứng Muối 90g,23000.0,0.0,0.0,Tô,1,0,False,False,Mì Tô,CUNG ĐÌNH Kool,,0.0,0,0,Không đồng bộ,False,0,00000000-0000-0000-0000-000000000000,8.0,90,False,8936010680999,,False,True,00000000-0000-0000-0000-000000000000,0.0,0.0,0.0,0.0
79290a43-da42-4903-8680-718764145f93,02__MTO__KOO__BBQ__105,CUNG ĐÌNH Kool Mì Tô Trộn BBQ 105g,22000.0,0.0,0.0,Tô,1,0,False,False,Mì Tô,CUNG ĐÌNH Kool,,0.0,0,0,Không đồng bộ,False,0,00000000-0000-0000-0000-000000000000,8.0,105,False,8936104380316,,False,True,00000000-0000-0000-0000-000000000000,0.0,0.0,0.0,0.0
1da573af-36a9-4bf6-a383-667890a25aae,02__MTO__KOO__SPA__105,CUNG ĐÌNH Kool Mì Tô Trộn Spaghetti 105g,22000.0,0.0,0.0,Tô,1,0,False,False,Mì Tô,CUNG ĐÌNH Kool,,0.0,0,0,Không đồng bộ,False,0,00000000-0000-0000-0000-000000000000,8.0,105,False,8936104380163,,False,True,00000000-0000-0000-0000-000000000000,0.0,0.0,0.0,0.0
6724d324-5a00-4732-a210-625358dd2df0,02__MTO__KOO__TCC__85,CUNG ĐÌNH Mì Tô Lẩu Tôm Chua Cay 85g,20000.0,0.0,0.0,Tô,1,0,False,False,Mì Tô,CUNG ĐÌNH Kool,,0.0,0,0,Không đồng bộ,False,0,00000000-0000-0000-0000-000000000000,8.0,85,False,8936104380446,,False,True,00000000-0000-0000-0000-000000000000,0.0,0.0,0.0,0.0
9a3b0edc-f8c8-4843-ac90-6bdaf56afd2c,02__MTO__MIL__HSN__1,MILIKET Mì Tô Trộn Hải Sản HQ,25000.0,0.0,0.0,Tô,1,0,False,False,Mì Tô,MILIKET,,0.0,0,0,Không đồng bộ,False,0,00000000-0000-0000-0000-000000000000,8.0,105,False,8934579180011,,False,True,00000000-0000-0000-0000-000000000000,0.0,0.0,0.0,0.0
921375e9-948d-4a2d-9f3d-4c6a7c7584e1,02__MTO__MIL__PMI__1,MILIKET Mì Tô Trộn Phô Mai HQ,25000.0,0.0,0.0,Tô,1,0,False,False,Mì Tô,MILIKET,,0.0,0,0,Không đồng bộ,False,0,00000000-0000-0000-0000-000000000000,8.0,90,False,8934579301591,,False,True,00000000-0000-0000-0000-000000000000,0.0,0.0,0.0,0.0
fe91d7ff-38f3-43c3-bd7e-31e6b72c5a17,02__MTO__NHO__LTT__84,ACECOOK NHỚ Mì Lẩu Thái Tô 84g,25000.0,0.0,0.0,Tô,1,0,False,False,Mì Tô,ACECOOK NHỚ,,0.0,0,0,Không đồng bộ,False,0,00000000-0000-0000-0000-000000000000,8.0,84,False,8934563506155,,False,True,00000000-0000-0000-0000-000000000000,0.0,0.0,0.0,0.0
de117559-b841-4331-a200-360237a35fda,02__MTO__NSM__CHA__123,NONGSHIM Mì Tô CHAPAGETI 123g,40000.0,0.0,0.0,Tô,1,0,False,False,Mì Tô,Nongshim,,0.0,0,0,Không đồng bộ,False,0,00000000-0000-0000-0000-000000000000,8.0,123,False,8801043016049,,False,True,00000000-0000-0000-0000-000000000000,0.0,0.0,0.0,0.0
9546c28c-14ae-4f00-94e1-05fef41678d3,02__MTO__NSM__CHI__100,NONGSHIM Mì Tô Spicy Chicken Flavour 100g,38000.0,0.0,0.0,Tô,1,0,False,False,Mì Tô,Nongshim,,0.0,0,0,Không đồng bộ,False,0,00000000-0000-0000-0000-000000000000,8.0,100,False,8801043055659,,False,True,00000000-0000-0000-0000-000000000000,0.0,0.0,0.0,0.0
cf96d0d8-04ee-4a6b-b31b-b45de24a9caf,02__MTO__NSM__HOT__100,NONGSHIM Mì Tô Hot & Spicy 100g,38000.0,0.0,0.0,Tô,1,0,False,False,Mì Tô,Nongshim,,0.0,0,0,Không đồng bộ,False,0,00000000-0000-0000-0000-000000000000,8.0,100,False,8801043055604,,False,True,00000000-0000-0000-0000-000000000000,0.0,0.0,0.0,0.0
3dbc9a33-7978-4b42-8117-87153c81692e,02__MTO__NSM__MDO__114,NONGSHIM Mì Tô Shin 114g,40000.0,0.0,0.0,Tô,1,0,False,False,Mì Tô,Nongshim,,0.0,0,0,Không đồng bộ,False,0,00000000-0000-0000-0000-000000000000,8.0,114,False,031146254903,,False,True,00000000-0000-0000-0000-000000000000,0.0,0.0,0.0,0.0
2bd4d1d5-1aa8-44cb-9181-a5b75f7c2b6d,02__MTO__OMA__BBC__105,OMACHI Mì Tô Trộn Xốt Spaghetti Bò Bằm Cà Chua 105g*12,26000.0,0.0,0.0,Tô,1,0,False,False,Mì Tô,OMACHI,,0.0,0,0,Không đồng bộ,False,0,00000000-0000-0000-0000-000000000000,8.0,105,False,8936136164403,,False,True,00000000-0000-0000-0000-000000000000,0.0,0.0,0.0,0.0
65dd8472-a543-4f74-bc90-c8a3709a7b4d,02__MTO__OMA__BHA__96,OMACHI Mì Tô Xốt Bò Hầm 96g*18,24000.0,0.0,0.0,Tô,1,0,False,False,Mì Tô,OMACHI,,0.0,0,0,Không đồng bộ,False,0,00000000-0000-0000-0000-000000000000,8.0,96,False,8936221041794,,False,True,00000000-0000-0000-0000-000000000000,0.0,0.0,0.0,0.0
55b82c71-a97a-4346-883a-36141227ba69,02__MTO__OMA__CXO__96,OMACHI Mì Tô Cua Xốt Ớt 96g*12,26000.0,0.0,0.0,Tô,1,0,False,False,Mì Tô,OMACHI,,0.0,0,0,Không đồng bộ,False,0,00000000-0000-0000-0000-000000000000,8.0,96,False,8936236470732,,False,True,00000000-0000-0000-0000-000000000000,0.0,0.0,0.0,0.0
0546d881-7e2c-4b4f-be9f-011ab40e40a6,02__MTO__OMA__PMI__105,OMACHI Mì Tô Trộn Tôm Phô Mai Trứng Muối 105g*12,24000.0,0.0,0.0,Tô,1,0,False,False,Mì Tô,OMACHI,,0.0,0,0,Không đồng bộ,False,0,00000000-0000-0000-0000-000000000000,8.0,105,False,8936221043897,,False,True,00000000-0000-0000-0000-000000000000,0.0,0.0,0.0,0.0
0b80cf75-7ac3-44b2-b26e-47274f718597,02__MTO__OMA__S5Q__96,OMACHI Mì Tô Sườn Hầm Ngủ Quả 96g*18,24000.0,0.0,0.0,Tô,1,0,False,False,Mì Tô,OMACHI,,0.0,0,0,Không đồng bộ,False,0,00000000-0000-0000-0000-000000000000,8.0,96,False,8936221041787,,False,True,00000000-0000-0000-0000-000000000000,0.0,0.0,0.0,0.0
c6f6a37f-07d1-42d7-98a6-18e54319d073,02__MTO__OMA__TXN__104,OMACHI Mì Tô Trộn Thịt Xiên Nướng 104g*12,26000.0,0.0,0.0,Tô,1,0,False,False,Mì Tô,OMACHI,,0.0,0,0,Không đồng bộ,False,0,00000000-0000-0000-0000-000000000000,8.0,104,False,8936221042470,,False,True,00000000-0000-0000-0000-000000000000,0.0,0.0,0.0,0.0
a406169e-88d0-4f1d-be17-c8b2df609db4,02__MTO__OTO__DEN__115,OTOKI MÌ Tô Xốt Tương Đen 115g,34000.0,0.0,0.0,Tô,1,0,False,False,Mì Tô,Otoki,,0.0,0,0,Không đồng bộ,False,0,00000000-0000-0000-0000-000000000000,8.0,115,False,8936049051715,,False,True,00000000-0000-0000-0000-000000000000,0.0,0.0,0.0,0.0
3760a865-2ad0-42d1-972d-8f854608ed16,02__MTO__OTO__KCI__105,OTOKI Mì Tô Kim Chi 105g,30000.0,0.0,0.0,Tô,1,0,False,False,Mì Tô,Otoki,,0.0,0,0,Không đồng bộ,False,0,00000000-0000-0000-0000-000000000000,8.0,105,False,8936049053061,,False,True,00000000-0000-0000-0000-000000000000,0.0,0.0,0.0,0.0
dd834afb-ad00-4fac-b577-d7eae2266668,02__MTO__OTT__JIN__110,OTTOGI Mì Tô Jin Cay 110g,25000.0,0.0,0.0,Ly,1,0,False,False,Mì Tô,Ottogi,,0.0,0,0,Không đồng bộ,False,0,00000000-0000-0000-0000-000000000000,8.0,110,False,8936049051647,,False,True,00000000-0000-0000-0000-000000000000,0.0,0.0,0.0,0.0
fe644aa9-20dc-4bc4-880f-99f2d7a213ef,02__MTO__SKY__HSN__96,ACECOOK SiuKay Mì Trộn Hải Sản Tô 96g,28000.0,0.0,0.0,Tô,1,0,False,False,Mì Tô,ACECOOK SiuKay,,0.0,0,0,Không đồng bộ,False,0,00000000-0000-0000-0000-000000000000,8.0,96,False,8934563544201,,False,True,00000000-0000-0000-0000-000000000000,0.0,0.0,0.0,0.0
c03b38c0-554f-46bc-965b-0b886eb5a59c,02__MTO__YEU__CAY__105,OTOKI Mì Tô YEUL Cay 105g,28000.0,0.0,0.0,Tô,1,0,False,False,Mì Tô,Otoki,,0.0,0,0,Không đồng bộ,False,0,00000000-0000-0000-0000-000000000000,8.0,105,False,8936049051654,,False,True,00000000-0000-0000-0000-000000000000,0.0,0.0,0.0,0.0
f0eabe94-3ef8-40a5-b88c-6ce49330e6e7,02__PGI__DNT__BOO__68,ACECOOK Đệ Nhất Phở Bò Gói 68g,11000.0,0.0,0.0,Gói,1,0,False,False,Phở Gói,ACECOOK Đệ Nhất,,0.0,0,0,Không đồng bộ,False,0,00000000-0000-0000-0000-000000000000,8.0,68,False,8934563215132,,False,True,00000000-0000-0000-0000-000000000000,0.0,0.0,0.0,0.0
bf002d93-ee21-4b61-9d89-bc4816898557,02__PGI__DNT__GAA__67,ACECOOK Đệ Nhất Phở Gà Gói 67g,11000.0,0.0,0.0,Gói,1,0,False,False,Phở Gói,ACECOOK Đệ Nhất,,0.0,0,0,Không đồng bộ,False,0,00000000-0000-0000-0000-000000000000,8.0,67,False,8934563216139,,False,True,00000000-0000-0000-0000-000000000000,0.0,0.0,0.0,0.0
d1416c37-3795-4c61-9ba3-f0eef13489bf,02__PTO__NHO__BOO__74,ACECOOK NHỚ Phở Bò Tô 74g,25000.0,0.0,0.0,Tô,1,0,False,False,Phở Tô,ACECOOK NHỚ,,0.0,0,0,Không đồng bộ,False,0,00000000-0000-0000-0000-000000000000,8.0,74,False,8934563221157,,False,True,00000000-0000-0000-0000-000000000000,0.0,0.0,0.0,0.0
48c8f143-171b-4f4b-9d27-831e75c322f8,02__TOL__OFO__PMI__105,OFOOD Tokpokki Hàn Quốc Vị Phô Mai Ly 105g,39000.0,0.0,0.0,Hộp,1,0,False,False,Tokpokki Ly,OFOOD,,0.0,0,0,Không đồng bộ,False,0,00000000-0000-0000-0000-000000000000,8.0,105,False,8935304200141,,False,True,00000000-0000-0000-0000-000000000000,0.0,0.0,0.0,0.0
a5fe4c31-343c-473e-b247-64bbdcd85e9b,02__TOL__OFO__TTG__105,OFOOD Tokpokki Hàn Quốc Vị Truyền Thống Ly 105g,39000.0,0.0,0.0,Hộp,1,0,False,False,Tokpokki Ly,OFOOD,,0.0,0,0,Không đồng bộ,False,0,00000000-0000-0000-0000-000000000000,8.0,105,False,8935304200134,,False,True,00000000-0000-0000-0000-000000000000,0.0,0.0,0.0,0.0
7fa6fc4c-706c-477a-be4d-b065d1c77567,02__XXH__HDH__PMI__500,HOA DOANH HOT DOG Xúc Xích Phô Mai 500g,22000.0,0.0,0.0,Cái,1,0,False,False,,,,0.0,0,0,Không đồng bộ,False,0,00000000-0000-0000-0000-000000000000,8.0,,False,8936219600583,,False,True,00000000-0000-0000-0000-000000000000,0.0,0.0,0.0,0.0
36c614fe-67b6-4465-8ae0-56f2b091cacc,02__XXH__MAS__PBB__72,MASAN Xúc Xích Heo Cao Bồi Lắc Phô Mai Bắp Bơ 72g,15000.0,0.0,0.0,Hũ,1,0,False,False,Xúc Xích,MASAN,,0.0,0,0,Không đồng bộ,False,0,00000000-0000-0000-0000-000000000000,8.0,72,False,8936034877757,,False,True,00000000-0000-0000-0000-000000000000,0.0,0.0,0.0,0.0
aae5d89d-bfa5-4f53-a7c6-e093f7c5f9e9,02__XXH__MAS__PMI__72,MASAN Xúc Xích Heo Cao Bồi Lắc Phô Mai 72g,15000.0,0.0,0.0,Hũ,1,0,False,False,Xúc Xích,MASAN,,0.0,0,0,Không đồng bộ,False,0,00000000-0000-0000-0000-000000000000,8.0,72,False,8936034877740,,False,True,00000000-0000-0000-0000-000000000000,0.0,0.0,0.0,0.0
df5e4f4d-f136-4e08-a540-b41d06feec2f,02__XXH__MAS__SPA__72,MASAN Xúc Xích Heo Cao Bồi Xốt Spaghetti 72g,15000.0,0.0,0.0,Hũ,1,0,False,False,Xúc Xích,MASAN,,0.0,0,0,Không đồng bộ,False,0,00000000-0000-0000-0000-000000000000,8.0,72,False,8936034877726,,False,True,00000000-0000-0000-0000-000000000000,0.0,0.0,0.0,0.0
4a820029-7b89-43ae-b070-0a23e148bae5,02__XXH__MAS__TNG__64,MASAN Xúc Xích Heo Cao Bồi Thịt Nướng Phô Mai 64g,15000.0,0.0,0.0,Hũ,1,0,False,False,Xúc Xích,MASAN,,0.0,0,0,Không đồng bộ,False,0,00000000-0000-0000-0000-000000000000,8.0,64,False,8936034877719,,False,True,00000000-0000-0000-0000-000000000000,0.0,0.0,0.0,0.0
408d23bb-f2d2-4381-a5a6-5d8d7dc582a7,02__XXH__MAS__TSA__72,MASAN Xúc Xích Heo Cao Bồi Xốt Tôm Sữa 72g,15000.0,0.0,0.0,Hũ,1,0,False,False,Xúc Xích,MASAN,,0.0,0,0,Không đồng bộ,False,0,00000000-0000-0000-0000-000000000000,8.0,72,False,8936034877764,,False,True,00000000-0000-0000-0000-000000000000,0.0,0.0,0.0,0.0
9a7f4031-4cf6-456a-b190-ef0aea181360,02__XXH__MAS__XTM__70,MASAN Xúc Xích Heo Cao Bồi Xốt Trứng Muối Hũ 70g,15000.0,0.0,0.0,Hũ,1,0,False,False,Xúc Xích,MASAN,,0.0,0,0,Không đồng bộ,False,0,00000000-0000-0000-0000-000000000000,8.0,70,False,8936034877733,,False,True,00000000-0000-0000-0000-000000000000,0.0,0.0,0.0,0.0
df7f0252-1179-4e6a-961b-4cae32faae76,02__XXH__OFO__PMI__62,OFOOD Xúc Xích Xốt Phô Mai Hũ 62g,14000.0,0.0,0.0,Hũ,1,0,False,False,Xúc Xích,OFOOD,,0.0,0,0,Không đồng bộ,False,0,00000000-0000-0000-0000-000000000000,8.0,62,False,8935101607891,,False,True,00000000-0000-0000-0000-000000000000,0.0,0.0,0.0,0.0
883951a0-8e2b-4720-84d2-2299db405fba,02__XXH__OFO__SPA__62,OFOOD Xúc Xích Xốt Spaghetti Hũ 62g,14000.0,0.0,0.0,Hũ,1,0,False,False,Xúc Xích,OFOOD,,0.0,0,0,Không đồng bộ,False,0,00000000-0000-0000-0000-000000000000,8.0,62,False,8935101607976,,False,True,00000000-0000-0000-0000-000000000000,0.0,0.0,0.0,0.0
c1bf49c8-f85d-4f14-89e0-3533a4331d30,02__XXH__OFO__TOK__62,OFOOD Xúc Xích Xốt Tokpokki Hũ 62g,14000.0,0.0,0.0,Hũ,1,0,False,False,Xúc Xích,OFOOD,,0.0,0,0,Không đồng bộ,False,0,00000000-0000-0000-0000-000000000000,8.0,62,False,8935101607990,,False,True,00000000-0000-0000-0000-000000000000,0.0,0.0,0.0,0.0
32e17b2e-27b2-43d3-aea0-5f489ce90e72,02__XXH__PON__BAP__28,PONNIE Xúc Xích Giòn Ăn Liền Vị Bắp 28g,9000.0,0.0,0.0,Cái,1,0,False,False,Xúc Xích,PONNIE,,0.0,0,0,Không đồng bộ,False,0,00000000-0000-0000-0000-000000000000,8.0,28,False,8936034876507,,False,True,00000000-0000-0000-0000-000000000000,0.0,0.0,0.0,0.0
6c4948af-903c-4506-adce-a492c879a82b,02__XXH__PON__CAY__28,PONNIE Xúc Xích Giòn Ăn Liền Vị Cay 28g,9000.0,0.0,0.0,Cái,1,0,False,False,Xúc Xích,PONNIE,,0.0,0,0,Không đồng bộ,False,0,00000000-0000-0000-0000-000000000000,8.0,28,False,8936034876491,,False,True,00000000-0000-0000-0000-000000000000,0.0,0.0,0.0,0.0
00b62c79-bfed-435f-8b35-3a1d324ad8c1,02__XXH__PON__HEO__60,PONNIE Xúc Xích Dinh Dưỡng Bin&Bon Heo,6000.0,0.0,0.0,Cái,1,0,False,False,Xúc Xích,PONNIE,,0.0,0,0,Không đồng bộ,False,0,00000000-0000-0000-0000-000000000000,8.0,60,False,9555192501113,,False,True,00000000-0000-0000-0000-000000000000,0.0,0.0,0.0,0.0
2b5e38a6-8351-454a-a735-445ef54959f8,02__XXH__PON__PMI__45,PONNIE Xúc Xích Nhân Phô Mai 45g,15000.0,0.0,0.0,Cái,1,0,False,False,Xúc Xích,PONNIE,,0.0,0,0,Không đồng bộ,False,0,00000000-0000-0000-0000-000000000000,8.0,45,False,8936034875357,,False,True,00000000-0000-0000-0000-000000000000,0.0,0.0,0.0,0.0
36e39ff8-2004-44f6-9918-c76460a311cd,02__XXH__PON__SNG__28,PONNIE Xúc Xích Giòn Ăn Liền Vị Sườn Nướng 28g,9000.0,0.0,0.0,Cái,1,0,False,False,Xúc Xích,PONNIE,,0.0,0,0,Không đồng bộ,False,0,00000000-0000-0000-0000-000000000000,8.0,28,False,8936034876965,,False,True,00000000-0000-0000-0000-000000000000,0.0,0.0,0.0,0.0
3e8a3b88-eed8-4aa4-aa70-9c1df37c6691,02__XXH__S2__BAP__34,S2 Xúc Xích Siume Bắp Ngọt 34g,8000.0,0.0,0.0,Cái,1,0,False,False,Xúc Xích,S2,,0.0,0,0,Không đồng bộ,False,0,00000000-0000-0000-0000-000000000000,8.0,34,False,8936211626642,,False,True,00000000-0000-0000-0000-000000000000,0.0,0.0,0.0,0.0
591c61c0-c581-47d3-8315-06d7d11a8269,02__XXH__S2__CAY__34,S2 Xúc Xích Siume Cay Tứ Xuyên 34g,8000.0,0.0,0.0,Cái,1,0,False,False,Xúc Xích,S2,,0.0,0,0,Không đồng bộ,False,0,00000000-0000-0000-0000-000000000000,8.0,34,False,8936211626635,,False,True,00000000-0000-0000-0000-000000000000,0.0,0.0,0.0,0.0
0c406a73-02b5-4938-91ba-5d04d20b608a,02__XXH__S2__PMI__34,S2 Xúc Xích Siume Nhân Phô Mai 34g,8000.0,0.0,0.0,Cái,1,0,False,False,Xúc Xích,S2,,0.0,0,0,Không đồng bộ,False,0,00000000-0000-0000-0000-000000000000,8.0,34,False,8936211627946,,False,True,00000000-0000-0000-0000-000000000000,0.0,0.0,0.0,0.0
dab8960c-70f2-4733-a9a9-688823b548ea,02__XXH__VIS__DDG__1,VISSAN Xúc Xích Dinh Dưỡng,5000.0,0.0,0.0,Cái,1,0,False,False,Xúc Xích,VISSAN,,0.0,0,0,Không đồng bộ,False,0,00000000-0000-0000-0000-000000000000,8.0,33,False,58934588843108,,False,True,00000000-0000-0000-0000-000000000000,0.0,0.0,0.0,0.0
294b2c32-4751-4f83-a1fd-0b7e8818700a,02__XXH__VIS__HEO__90,VISSAN Xúc Xích Tiệt Trùng Heo Bịch 90g (5 cây),15000.0,0.0,0.0,Bịch,1,0,False,False,Xúc Xích,VISSAN,,0.0,0,0,Không đồng bộ,False,0,00000000-0000-0000-0000-000000000000,8.0,90,False,8934572174413,,False,True,00000000-0000-0000-0000-000000000000,0.0,0.0,0.0,0.0
d6a2af82-4877-4a44-9aab-96f15a613955,03__BGO__OAN__NBO__120,ORION An Bánh Gạo Ngô Nướng Bơ 120g (16 gói),35000.0,0.0,0.0,Bịch,1,0,False,False,Bánh Gạo,ORION An,,0.0,0,0,Không đồng bộ,False,0,00000000-0000-0000-0000-000000000000,8.0,120,False,8936029422542,,False,True,00000000-0000-0000-0000-000000000000,0.0,0.0,0.0,0.0
545f89d4-03de-446e-87c5-e75e47a311b2,03__BGO__OAN__PMI__1,ORION An Bánh Gạo Khoai Tây Phô Mai Nướng,26000.0,0.0,0.0,Bịch,1,0,False,False,Bánh Gạo,ORION An,,0.0,0,0,Không đồng bộ,False,0,00000000-0000-0000-0000-000000000000,8.0,,False,8936036028300,,False,True,00000000-0000-0000-0000-000000000000,0.0,0.0,0.0,0.0
edd70c47-27b1-4c5f-acaa-4a66c8dd3b9c,03__BGO__OAN__RTT__145,ORION An Bánh Gạo Ruốc Thịt Đậm Đà 145g (14 gói),45000.0,0.0,0.0,Bịch,1,0,False,False,Bánh Gạo,ORION An,,0.0,0,0,Không đồng bộ,False,0,00000000-0000-0000-0000-000000000000,8.0,145,False,8936036029932,,False,True,00000000-0000-0000-0000-000000000000,0.0,0.0,0.0,0.0
fafd2609-a5b8-458d-825b-b81b5429c2c7,03__BGO__OAN__TAO__111,ORION An Bánh Gạo Vị Tảo 111g (14 gói),23000.0,0.0,0.0,Bịch,1,0,False,False,Bánh Gạo,ORION An,,0.0,0,0,Không đồng bộ,False,0,00000000-0000-0000-0000-000000000000,8.0,111,False,8936036026191,,False,True,00000000-0000-0000-0000-000000000000,0.0,0.0,0.0,0.0
6831f077-0224-4faa-849b-8a70b894c1f6,03__BGO__OAN__TAO__174,ORION An Bánh Gạo Vị Tảo 174.9g (22 gói),30000.0,0.0,0.0,Bịch,1,0,False,False,Bánh Gạo,ORION An,,0.0,0,0,Không đồng bộ,False,0,00000000-0000-0000-0000-000000000000,8.0,175,False,8936036026542,,False,True,00000000-0000-0000-0000-000000000000,0.0,0.0,0.0,0.0
8672ef29-2f2d-478a-b670-2c130d775eb5,03__BGO__OAN__TNN__151,ORION An Bánh Gạo Vị Tự Nhiên 151g (14 gói),23000.0,0.0,0.0,Bịch,1,0,False,False,Bánh Gạo,ORION An,,0.0,0,0,Không đồng bộ,False,0,00000000-0000-0000-0000-000000000000,8.0,151,False,8936036026177,,False,True,00000000-0000-0000-0000-000000000000,0.0,0.0,0.0,0.0
9f2305d5-9a64-4196-8374-288f30be27f8,03__BGO__OAN__TNN__226,ORION An Bánh Gạo Vị Tự Nhiên 226g (28 gói),45000.0,0.0,0.0,Bịch,1,0,False,False,Bánh Gạo,ORION An,,0.0,0,0,Không đồng bộ,False,0,00000000-0000-0000-0000-000000000000,8.0,226,False,8936036026535,,False,True,00000000-0000-0000-0000-000000000000,0.0,0.0,0.0,0.0
aeebe371-ba4b-41a7-9b98-39dd811c4eef,03__BGO__POC__BIH__108,POCA Làng Gạo 108g,40000.0,0.0,0.0,Bịch,1,0,False,False,Bánh Gạo,POCA,,0.0,0,0,Không đồng bộ,False,0,00000000-0000-0000-0000-000000000000,8.0,108,False,1200108004682,,False,True,00000000-0000-0000-0000-000000000000,0.0,0.0,0.0,0.0
f7393725-b1e3-46f7-9b4a-b1973477ed48,03__BGO__POC__CUA__48,POCA Làng Gạo Vị Cua Nướng Cay 48g,20000.0,0.0,0.0,Bịch,1,0,False,False,Bánh Gạo,POCA,,0.0,0,0,Không đồng bộ,False,0,00000000-0000-0000-0000-000000000000,8.0,48,False,1200108005931,,False,True,00000000-0000-0000-0000-000000000000,0.0,0.0,0.0,0.0
3bf02278-daed-4e0d-80a1-ac68b3595a9a,03__BGO__POC__PMI__48,POCA Làng Gạo Vị Phô Mai 48g,20000.0,0.0,0.0,Bịch,1,0,False,False,Bánh Gạo,POCA,,0.0,0,0,Không đồng bộ,False,0,00000000-0000-0000-0000-000000000000,8.0,48,False,1200108005955,,False,True,00000000-0000-0000-0000-000000000000,0.0,0.0,0.0,0.0
9a03b80d-c5e9-4d7a-a8a6-7312b0bc330c,03__BGO__RJI__CSA__145,RICHY JINJU Bánh Gạo Cốm Sữa 145g (16 gói),38000.0,0.0,0.0,Bịch,1,0,False,False,Bánh Gạo,RICHY JINJU,,0.0,0,0,Không đồng bộ,False,0,00000000-0000-0000-0000-000000000000,8.0,145,False,8938532962362,,False,True,00000000-0000-0000-0000-000000000000,0.0,0.0,0.0,0.0
be14a98d-97a8-4e30-a3a8-5868a82262d0,03__BGO__RJI__GMO__100,RICHY JINJU Bánh Gạo Ganjang Mật Ong 100g,26000.0,0.0,0.0,Bịch,1,0,False,False,Bánh Gạo,RICHY JINJU,,0.0,0,0,Không đồng bộ,False,0,00000000-0000-0000-0000-000000000000,8.0,100,False,8938506170540,,False,True,00000000-0000-0000-0000-000000000000,0.0,0.0,0.0,0.0
47a1dd94-513b-4992-a94f-2a1426be76d3,03__BGO__WAN__BAP__170,WANT WANT Bánh Gạo Cuộn Vị Bắp Thanh Ngọt 170g,35000.0,0.0,0.0,Bịch,1,0,False,False,Bánh Gạo,WANT WANT,,0.0,0,0,Không đồng bộ,False,0,00000000-0000-0000-0000-000000000000,8.0,170,False,8935302300478,,False,True,00000000-0000-0000-0000-000000000000,0.0,0.0,0.0,0.0
abae35c5-f622-4e4c-a479-1075f38add79,03__BGO__WAN__PMI__170,WANT WANT Bánh Gạo Cuộn Vị Phô Mai 170g,35000.0,0.0,0.0,Bịch,1,0,False,False,Bánh Gạo,WANT WANT,,0.0,0,0,Không đồng bộ,False,0,00000000-0000-0000-0000-000000000000,8.0,170,False,8935302300485,,False,True,00000000-0000-0000-0000-000000000000,0.0,0.0,0.0,0.0
f734fc92-3e63-4684-9597-40fbe3bddd58,03__BGO__WAN__RBN__170,WANT WANT Bánh Gạo Cuộn Vị Rong Biển 170g,35000.0,0.0,0.0,Bịch,1,0,False,False,Bánh Gạo,WANT WANT,,0.0,0,0,Không đồng bộ,False,0,00000000-0000-0000-0000-000000000000,8.0,170,False,8935302300454,,False,True,00000000-0000-0000-0000-000000000000,0.0,0.0,0.0,0.0
e8d2b071-681c-42aa-b97f-4fab15b2572f,03__BLA__GIZ__CHO__90,GIZZA Bánh Tươi Chocolate 90g,20000.0,0.0,0.0,Cái,1,0,False,False,Bánh Bông Lan,GIZZA,,0.0,0,0,Không đồng bộ,False,0,00000000-0000-0000-0000-000000000000,8.0,90,False,8936217400604,,False,True,00000000-0000-0000-0000-000000000000,0.0,0.0,0.0,0.0
09d24ef3-cf0a-43a4-8ee3-aefde59d6f00,03__BLA__GIZ__MAT__90,GIZZA Bánh Tươi Matcha 90g,20000.0,0.0,0.0,Cái,1,0,False,False,Bánh Bông Lan,GIZZA,,0.0,0,0,Không đồng bộ,False,0,00000000-0000-0000-0000-000000000000,8.0,90,False,8936217400611,,False,True,00000000-0000-0000-0000-000000000000,0.0,0.0,0.0,0.0
81b50640-2576-4965-ba60-44ee792ee537,03__BLA__GIZ__ORI__90,GIZZA Bánh Tươi Original 90g,20000.0,0.0,0.0,Cái,1,0,False,False,Bánh Bông Lan,GIZZA,,0.0,0,0,Không đồng bộ,False,0,00000000-0000-0000-0000-000000000000,8.0,90,False,8936217400635,,False,True,00000000-0000-0000-0000-000000000000,0.0,0.0,0.0,0.0
d527d586-40e6-48ae-b508-1ce429c08011,03__BLA__HCA__DUA__25,HURA Castella Bánh Ăn Sáng Xốt Phô Mai Dừa Bịch 25g,7000.0,0.0,0.0,Bịch,1,0,False,False,Bánh Bông Lan,HURA Castella,,0.0,0,0,Không đồng bộ,False,0,00000000-0000-0000-0000-000000000000,8.0,150,False,8934609608300,,False,True,00000000-0000-0000-0000-000000000000,0.0,0.0,0.0,0.0
a7cdc2a9-ea2e-47d0-8db9-8a819848dd79,03__BLA__HCA__PMI__25,HURA Castella Bánh Ăn Sáng Xốt Phô Mai Trứng Muối Bịch 25g,7000.0,0.0,0.0,Bịch,1,0,False,False,Bánh Bông Lan,HURA Castella,,0.0,0,0,Không đồng bộ,False,0,00000000-0000-0000-0000-000000000000,8.0,150,False,8934609608317,,False,True,00000000-0000-0000-0000-000000000000,0.0,0.0,0.0,0.0
b5ee4c19-4ea9-45ea-80b8-ae6c8c1528e8,03__BLA__HDE__BSA__168,HURA DELI Bánh Bông Lan Bơ Sữa Gói Nhỏ,7000.0,0.0,0.0,Hộp,1,0,False,False,Bánh Bông Lan,HURA DELI,,0.0,0,0,Không đồng bộ,False,0,00000000-0000-0000-0000-000000000000,8.0,168,False,8934609602391,,False,True,00000000-0000-0000-0000-000000000000,0.0,0.0,0.0,0.0
e7122cda-af6b-41cb-abc3-25008e0f15d6,03__BLA__HDE__CDA__168,HURA DELI Bánh Bông Lan Cốm Dừa Gói Nhỏ,7000.0,0.0,0.0,Hộp,1,0,False,False,Bánh Bông Lan,HURA DELI,,0.0,0,0,Không đồng bộ,False,0,00000000-0000-0000-0000-000000000000,8.0,168,False,8934609602353,,False,True,00000000-0000-0000-0000-000000000000,0.0,0.0,0.0,0.0
49880b41-109e-4ea8-8b4b-5c28aa6a0589,03__BLA__HSW__DAU__36,HURA Swissroll Bánh Trứng Cuộn Kem Dâu 36g,10000.0,0.0,0.0,Hộp,1,0,False,False,Bánh Bông Lan,HURA Swissroll,,0.0,0,0,Không đồng bộ,False,0,00000000-0000-0000-0000-000000000000,8.0,36,False,8934609605781,,False,True,00000000-0000-0000-0000-000000000000,0.0,0.0,0.0,0.0
0591e389-1773-4405-b55b-e6dd778b6d06,03__BLA__HSW__SUA__36,HURA Swissroll Bánh Trứng Cuộn Kem Hương Bơ Sữa 36g,10000.0,0.0,0.0,Hộp,1,0,False,False,Bánh Bông Lan,HURA Swissroll,,0.0,0,0,Không đồng bộ,False,0,00000000-0000-0000-0000-000000000000,8.0,36,False,8934609605859,,False,True,00000000-0000-0000-0000-000000000000,0.0,0.0,0.0,0.0
a09739ac-d08c-49c5-8249-73050d275463,03__BLA__LOT__BOU__324,LOTTE Chocolat Bánh Bouchee Vị Socola,7000.0,0.0,0.0,Hộp,1,0,False,False,Bánh Bông Lan,LOTTE Chocolat,,0.0,0,0,Không đồng bộ,False,0,00000000-0000-0000-0000-000000000000,8.0,324,False,58934588843059,,False,True,00000000-0000-0000-0000-000000000000,0.0,0.0,0.0,0.0
96ee8428-419b-4e3a-a949-c75afd07a994,03__BLA__LOT__SOC__340,LOTTE Chocolat Bánh Socola Pie,7000.0,0.0,0.0,Hộp,1,0,False,False,Bánh Bông Lan,LOTTE Chocolat,,0.0,0,0,Không đồng bộ,False,0,00000000-0000-0000-0000-000000000000,8.0,340,False,58934588843060,,False,True,00000000-0000-0000-0000-000000000000,0.0,0.0,0.0,0.0
61b4af60-fb64-4c80-87a7-e6c162ee6726,03__BLA__LOT__TXH__340,LOTTE Chocolate Vị Trà Xanh,7000.0,0.0,0.0,Hộp,1,0,False,False,Bánh Bông Lan,LOTTE Chocolat,,0.0,0,0,Không đồng bộ,False,0,00000000-0000-0000-0000-000000000000,8.0,340,False,58934588843058,,False,True,00000000-0000-0000-0000-000000000000,0.0,0.0,0.0,0.0
289c1db3-bc0b-4f05-82ea-2a3f18c06b5d,03__BLA__OCC__PK2__73,ORION Chocopie 72.6g (2 gói),13000.0,0.0,0.0,Hộp,1,0,False,False,Bánh Bông Lan,ORION Chocopie,,0.0,0,0,Không đồng bộ,False,0,00000000-0000-0000-0000-000000000000,8.0,72,False,8936036020403,,False,True,00000000-0000-0000-0000-000000000000,0.0,0.0,0.0,0.0
0cde41c2-c1ce-4c30-a3a5-43f68729bffb,03__BLA__OCC__PK6__218,ORION Chocopie,8000.0,0.0,0.0,Hộp,1,0,False,False,Bánh Bông Lan,ORION Chocopie,,0.0,0,0,Không đồng bộ,False,0,00000000-0000-0000-0000-000000000000,8.0,218,False,58934588843113,,False,True,00000000-0000-0000-0000-000000000000,0.0,0.0,0.0,0.0
a0720f5c-adb7-4aa6-9e23-b92ba8c8a853,03__BLA__OCT__PK6__141,ORION Custas Nhân Kem Gói Nhỏ,8000.0,0.0,0.0,Hộp,1,0,False,False,Bánh Bông Lan,ORION Custas,,0.0,0,0,Không đồng bộ,False,0,00000000-0000-0000-0000-000000000000,8.0,141,False,58934588843063,,False,True,00000000-0000-0000-0000-000000000000,0.0,0.0,0.0,0.0
adef85fe-7731-4af8-a374-1d1221d93d90,03__BLA__ORO__HAZ__140,ORION Opera Chocolate Hazelnut 140g,38000.0,0.0,0.0,Hộp,1,0,False,False,Bánh Bông Lan,ORION,,0.0,0,0,Không đồng bộ,False,0,00000000-0000-0000-0000-000000000000,8.0,140,False,8936029423624,,False,True,00000000-0000-0000-0000-000000000000,0.0,0.0,0.0,0.0
98158487-b992-4075-9480-26b418c5a0ef,03__BMI__KDY__BBQ__30,KIDO Dora-yaki Bánh Xốt BBQ Bịch 30g,10000.0,0.0,0.0,Bịch,1,0,False,False,Bánh Mì Mềm,KIDO Dora-yaki,,0.0,0,0,Không đồng bộ,False,0,00000000-0000-0000-0000-000000000000,8.0,30,False,8934952008079,,False,True,00000000-0000-0000-0000-000000000000,0.0,0.0,0.0,0.0
87f218fb-764c-4b2a-9389-d0d38c02228d,03__BMI__KDY__DDO__30,KIDO Dora-yaki Bánh Đậu Đỏ,10000.0,0.0,0.0,Bịch,1,0,False,False,Bánh Mì Mềm,KIDO Dora-yaki,,0.0,0,0,Không đồng bộ,False,0,00000000-0000-0000-0000-000000000000,8.0,30,False,8934952008116,,False,True,00000000-0000-0000-0000-000000000000,0.0,0.0,0.0,0.0
01392e5a-9636-4c15-b75a-01a9d5c1548d,03__BMI__KDY__PMI__30,KIDO Dora-yaki Bánh Chà Bông Xốt Phô Mai Bịch 30g,10000.0,0.0,0.0,Bịch,1,0,False,False,Bánh Mì Mềm,KIDO Dora-yaki,,0.0,0,0,Không đồng bộ,False,0,00000000-0000-0000-0000-000000000000,8.0,150,False,8934952008055,,False,True,00000000-0000-0000-0000-000000000000,0.0,0.0,0.0,0.0
6783a387-2e7d-4068-a9b9-0ddc67304322,03__BMI__KDY__SOC__30,KIDO Dora-yaki Bánh Vị Socola,10000.0,0.0,0.0,Bịch,1,0,False,False,Bánh Mì Mềm,KIDO Dora-yaki,,0.0,0,0,Không đồng bộ,False,0,00000000-0000-0000-0000-000000000000,8.0,,False,8934952007355,,False,True,00000000-0000-0000-0000-000000000000,0.0,0.0,0.0,0.0
52ca55bc-51e5-4925-a5b6-d73f29badfdd,03__BMI__KDY__TMI__30,KIDO Dora-yaki Bánh Chà Bông Xốt Trứng Muối Bịch 30g,10000.0,0.0,0.0,Bịch,1,0,False,False,Bánh Mì Mềm,KIDO Dora-yaki,,0.0,0,0,Không đồng bộ,False,0,00000000-0000-0000-0000-000000000000,8.0,150,False,8934952008727,,False,True,00000000-0000-0000-0000-000000000000,0.0,0.0,0.0,0.0
9f04550c-3924-4e2a-923f-b36d53ee4c55,03__BMI__KDY__XBO__150,KIDO Dora-yaki Bánh Chà Bông Xốt Bơ 150g,10000.0,0.0,0.0,Bịch,1,0,False,False,Bánh Mì Mềm,KIDO Dora-yaki,,0.0,0,0,Không đồng bộ,False,0,00000000-0000-0000-0000-000000000000,8.0,30,False,8934952007348,,False,True,00000000-0000-0000-0000-000000000000,0.0,0.0,0.0,0.0
feb1ef9f-3223-44ce-86ed-443656b39259,03__BMI__KID__CUC__80,KIDO Bánh Mì Hoa Cúc 80g,20000.0,0.0,0.0,Bịch,1,0,False,False,Bánh Mì Mềm,KIDO,,0.0,0,0,Không đồng bộ,False,0,00000000-0000-0000-0000-000000000000,8.0,80,False,8934952005948,,False,True,00000000-0000-0000-0000-000000000000,0.0,0.0,0.0,0.0
bdaeebf2-3361-47d1-82ae-c0ed5caf3436,03__BMI__KID__DLO__40,KIDO Bánh Phô Mai Castella Hương Vị Đài Loan 40g,15000.0,0.0,0.0,Bịch,1,0,False,False,,KIDO Dora-yaki,,0.0,0,0,Không đồng bộ,False,0,00000000-0000-0000-0000-000000000000,8.0,40,False,8934952006044,,False,True,00000000-0000-0000-0000-000000000000,0.0,0.0,0.0,0.0
6bc714e6-2045-4b79-97ca-4f6d011c400a,03__BMI__KID__DUA__80,KIDO Bánh Mì 6 Múi Kem Lá Dứa 80g,15000.0,0.0,0.0,Bịch,1,0,False,False,Bánh Mì Mềm,KIDO,,0.0,0,0,Không đồng bộ,False,0,00000000-0000-0000-0000-000000000000,8.0,80,False,8934952006433,,False,True,00000000-0000-0000-0000-000000000000,0.0,0.0,0.0,0.0
f9d5aef6-9d2b-4618-b308-ee3d78e55d67,03__BMI__KID__HKK__55,KIDO Bánh Gà Nướng Xốt Hồng Kong 55g,15000.0,0.0,0.0,Bịch,1,0,False,False,Bánh Mì Mềm,KIDO,,0.0,0,0,Không đồng bộ,False,0,00000000-0000-0000-0000-000000000000,8.0,55,False,8934952005962,,False,True,00000000-0000-0000-0000-000000000000,0.0,0.0,0.0,0.0
9dc12ba5-b66f-41e1-9228-9f2d4247546b,03__BMI__KID__SGP__55,KIDO Bánh Chà Bông Xốt Sigapore 55g,15000.0,0.0,0.0,Bịch,1,0,False,False,Bánh Mì Mềm,KIDO,,0.0,0,0,Không đồng bộ,False,0,00000000-0000-0000-0000-000000000000,8.0,55,False,8934952005511,,False,True,00000000-0000-0000-0000-000000000000,0.0,0.0,0.0,0.0
34a2b17e-2e5f-4cfb-90a0-ff59a7427327,03__BMI__KID__SOC__55,KIDO Bánh Mì Vị Socola 55g,12000.0,0.0,0.0,Bịch,1,0,False,False,Bánh Mì Mềm,KIDO,,0.0,0,0,Không đồng bộ,False,0,00000000-0000-0000-0000-000000000000,8.0,55,False,8934952006457,,False,True,00000000-0000-0000-0000-000000000000,0.0,0.0,0.0,0.0
a9b82a10-d3e8-4e19-b568-24a4779baf7f,03__BMI__KID__SUA__55,KIDO Bánh Mì Vị Bơ Sữa 55g,12000.0,0.0,0.0,Bịch,1,0,False,False,Bánh Mì Mềm,KIDO,,0.0,0,0,Không đồng bộ,False,0,00000000-0000-0000-0000-000000000000,8.0,55,False,8934952006464,,False,True,00000000-0000-0000-0000-000000000000,0.0,0.0,0.0,0.0
f78ba506-a6cb-43da-86d4-010afa5afd1d,03__BMI__KID__SUA__80,KIDO Bánh Mì 6 Múi Vị Bơ Sữa 80g,15000.0,0.0,0.0,Bịch,1,0,False,False,Bánh Mì Mềm,KIDO,,0.0,0,0,Không đồng bộ,False,0,00000000-0000-0000-0000-000000000000,8.0,80,False,8934952007423,,False,True,00000000-0000-0000-0000-000000000000,0.0,0.0,0.0,0.0
a23e7eda-cbd3-436f-8d0f-d859760a3f60,03__BMI__KID__TAK__55,KIDO Bánh TAKOYAKI Xốt Nhật Bản 55g,15000.0,0.0,0.0,Bịch,1,0,False,False,Bánh Mì Mềm,KIDO,,0.0,0,0,Không đồng bộ,False,0,00000000-0000-0000-0000-000000000000,8.0,55,False,8934952005955,,False,True,00000000-0000-0000-0000-000000000000,0.0,0.0,0.0,0.0
aba8ad40-0c3b-4e23-9f23-be63015d44e8,03__BMI__OCB__BAG__36,ORION C'Est Bon Bánh Baguette Bịch 36g,10000.0,0.0,0.0,Bịch,1,0,False,False,Bánh Mì Mềm,ORION C'Est Bon,,0.0,0,0,Không đồng bộ,False,0,00000000-0000-0000-0000-000000000000,8.0,108,False,8936036027389,,False,True,00000000-0000-0000-0000-000000000000,0.0,0.0,0.0,0.0
4865397a-370d-452a-b572-64d174f600f6,03__BMI__OCB__KPM__101,ORION C'Est Bon Bánh Kem Phô Mai,8000.0,0.0,0.0,Bịch,1,0,False,False,Bánh Mì Mềm,ORION C'Est Bon,,0.0,0,0,Không đồng bộ,False,0,00000000-0000-0000-0000-000000000000,8.0,101,False,58934588843066,,False,True,00000000-0000-0000-0000-000000000000,0.0,0.0,0.0,0.0
87abce21-6cb2-4594-8667-5ec0e2e6634e,03__BMI__OCB__MOC__1,ORION C'Est Bon Bánh Mochi Cốm Dừa,10000.0,0.0,0.0,Cái,1,0,False,False,Bánh Mì Mềm,ORION C'Est Bon,,0.0,0,0,Không đồng bộ,False,0,00000000-0000-0000-0000-000000000000,8.0,,False,58934588843295,,False,True,00000000-0000-0000-0000-000000000000,0.0,0.0,0.0,0.0
a08fa467-5fcb-47f1-b943-911a1d1a942d,03__BMI__OCB__PMC__147,ORION C'Est Bon Bánh Sandwich,9000.0,0.0,0.0,Bịch,1,0,False,False,Bánh Mì Mềm,ORION C'Est Bon,,0.0,0,0,Không đồng bộ,False,0,00000000-0000-0000-0000-000000000000,8.0,147,False,8936029421880,,False,True,00000000-0000-0000-0000-000000000000,0.0,0.0,0.0,0.0
d1ef4875-46cb-4967-999e-160e0a417a79,03__BMI__OCB__TGA__85,ORION C'Est Bon Bánh Sợi Thịt Gà 85g,8000.0,0.0,0.0,Bịch,1,0,False,False,Bánh Mì Mềm,ORION C'Est Bon,,0.0,0,0,Không đồng bộ,False,0,00000000-0000-0000-0000-000000000000,8.0,85,False,58934588843103,,False,True,00000000-0000-0000-0000-000000000000,0.0,0.0,0.0,0.0
5d59be7f-1053-42b6-82f3-aa536d912ce5,03__BMI__RKA__PMC__192,RICHY KARO Bánh Phô Mai Chà Bông 192g (8 gói),54000.0,0.0,0.0,Bịch,1,0,False,False,Bánh Mì Mềm,RICHY KARO,,0.0,0,0,Không đồng bộ,False,0,00000000-0000-0000-0000-000000000000,8.0,192,False,8936226200073,,False,True,00000000-0000-0000-0000-000000000000,0.0,0.0,0.0,0.0
ef942313-a667-44e9-88b0-39b7c65b8996,03__BMI__RKA__TCB__156,RICHY KARO Bánh Trứng Tươi Chà Bông 156g (6 gói),48000.0,0.0,0.0,Bịch,1,0,False,False,Bánh Mì Mềm,RICHY KARO,,0.0,0,0,Không đồng bộ,False,0,00000000-0000-0000-0000-000000000000,8.0,156,False,8938506170892,,False,True,00000000-0000-0000-0000-000000000000,0.0,0.0,0.0,0.0
70e0b507-017e-4a26-a725-cb15767d53ea,03__BQU__AFC__LMI__1,KINHDO AFC Bánh Quy Vị Lúa Mì,40000.0,0.0,0.0,Hộp,1,0,False,False,Bánh Quy,Kinh Đô,,0.0,0,0,Không đồng bộ,False,0,00000000-0000-0000-0000-000000000000,8.0,,False,8934680025980,,False,True,00000000-0000-0000-0000-000000000000,0.0,0.0,0.0,0.0
6f89db2b-e2f4-45c9-a6e2-002eb3066ebe,03__BQU__AFC__RAU__1,KINHDO AFC Bánh Quy Vị Rau,40000.0,0.0,0.0,Hộp,1,0,False,False,Bánh Quy,Kinh Đô,,0.0,0,0,Không đồng bộ,False,0,00000000-0000-0000-0000-000000000000,8.0,,False,8934680025973,,False,True,00000000-0000-0000-0000-000000000000,0.0,0.0,0.0,0.0
d3cab05b-eed8-4518-a4d4-13b2aa5d850c,03__BQU__AFC__TAO__1,KINHDO AFC Bánh Quy Vị Tảo Biển,40000.0,0.0,0.0,Hộp,1,0,False,False,Bánh Quy,Kinh Đô,,0.0,0,0,Không đồng bộ,False,0,00000000-0000-0000-0000-000000000000,8.0,,False,8934680028028,,False,True,00000000-0000-0000-0000-000000000000,0.0,0.0,0.0,0.0
b9611c24-29cb-45d1-adf5-15e14c27d053,03__BQU__GER__PMI__180,GERY Cheese Crackers Bánh Quy Phô Mai Hộp 180g,50000.0,0.0,0.0,Hộp,1,0,False,False,Bánh Quy,GERY,,0.0,0,0,Không đồng bộ,False,0,00000000-0000-0000-0000-000000000000,8.0,180,False,8992775347256,,False,True,00000000-0000-0000-0000-000000000000,0.0,0.0,0.0,0.0
4d81986e-f799-462c-bce1-73e22ae5e0b0,03__BQU__GOU__QME__128,ORION GOUTE Bánh Quy Mè 158g (4 gói),36000.0,0.0,0.0,Hộp,1,0,False,False,Bánh Quy,ORION GOUTE,,0.0,0,0,Không đồng bộ,False,0,00000000-0000-0000-0000-000000000000,8.0,158,False,8936036021318,,False,True,00000000-0000-0000-0000-000000000000,0.0,0.0,0.0,0.0
b958591f-10b7-423f-866a-7524ddf2b069,03__BQU__HCO__GLT__250,HAPPY COOKIES Bánh Quy Ăn Kiêng Vị Gạo Lứt Hộp 250g,55000.0,0.0,0.0,Hộp,1,0,False,False,Bánh Quy,HAPPY COOKIES,,0.0,0,0,Không đồng bộ,False,0,00000000-0000-0000-0000-000000000000,8.0,250,False,8936217401106,,False,True,00000000-0000-0000-0000-000000000000,0.0,0.0,0.0,0.0
e5c0a84c-bae5-4c88-b5f1-cefc66b14070,03__BQU__HCO__YMH__250,HAPPY COOKIES Bánh Quy Ăn Kiêng Vị Yến Mạch Hộp 250g,55000.0,0.0,0.0,Hộp,1,0,False,False,Bánh Quy,HAPPY COOKIES,,0.0,0,0,Không đồng bộ,False,0,00000000-0000-0000-0000-000000000000,8.0,250,False,8936217401113,,False,True,00000000-0000-0000-0000-000000000000,0.0,0.0,0.0,0.0
2fc0c064-5901-4a00-8412-0f45be1b2920,03__BQU__LU__VER__200,LU Bánh Quy Veritable 200g,76000.0,0.0,0.0,Gói,1,0,False,False,Bánh Quy,LU,,0.0,0,0,Không đồng bộ,False,0,00000000-0000-0000-0000-000000000000,8.0,,False,7622210514967,,False,True,00000000-0000-0000-0000-000000000000,0.0,0.0,0.0,0.0
3731e54d-ea7e-4726-b4f4-f44f10e72125,03__BQU__ORE__SOC__20,OREO Bánh Quy Hương Socola 20g,9000.0,0.0,0.0,Bịch,1,0,False,False,Bánh Quy,OREO,,0.0,0,0,Không đồng bộ,False,0,00000000-0000-0000-0000-000000000000,8.0,20,False,7622210515278,,False,True,00000000-0000-0000-0000-000000000000,0.0,0.0,0.0,0.0
03b2d81d-08c0-4922-aaa5-24e8a29e287a,03__BQU__ORE__SOC__64,OREO Bánh Quy Hương Socola Lớn 64g,12000.0,0.0,0.0,Bịch,1,0,False,False,Bánh Quy,OREO,,0.0,0,0,Không đồng bộ,False,0,00000000-0000-0000-0000-000000000000,8.0,64,False,7622210580276,,False,True,00000000-0000-0000-0000-000000000000,0.0,0.0,0.0,0.0
acd33e82-2807-4051-a076-a79f818078a2,03__BQU__ORE__VAN__20,OREO Bánh Quy Hương Vani 20g,9000.0,0.0,0.0,Bịch,1,0,False,False,Bánh Quy,OREO,,0.0,0,0,Không đồng bộ,False,0,00000000-0000-0000-0000-000000000000,8.0,20,False,7622210515285,,False,True,00000000-0000-0000-0000-000000000000,0.0,0.0,0.0,0.0
88d5b5d4-4509-43a8-aeb1-aca85c12132a,03__BQU__ORE__VAN__64,OREO Bánh Quy Hương Vani Lớn 64g,12000.0,0.0,0.0,Bịch,1,0,False,False,Bánh Quy,OREO,,0.0,0,0,Không đồng bộ,False,0,00000000-0000-0000-0000-000000000000,8.0,64,False,6901668053121,,False,True,00000000-0000-0000-0000-000000000000,0.0,0.0,0.0,0.0
4573c09d-0985-4871-9709-700623b3a3ac,03__BQU__ORO__SOC__54,ORION Miz Bánh Quy Socola 54g,15000.0,0.0,0.0,Bịch,1,0,False,False,Bánh Quy,ORION Miz,,0.0,0,0,Không đồng bộ,False,0,00000000-0000-0000-0000-000000000000,8.0,54,False,8936036025521,,False,True,00000000-0000-0000-0000-000000000000,0.0,0.0,0.0,0.0
909821c9-cb03-42d3-94a8-92a3bbd9b3f4,03__BQU__RIT__PMI__106,RITZ Bánh Quy Kem Phô Mai Hộp 106g,40000.0,0.0,0.0,Hộp,1,0,False,False,Bánh Quy,RITZ,,0.0,0,0,Không đồng bộ,False,0,00000000-0000-0000-0000-000000000000,8.0,106,False,4547894640296,,False,True,00000000-0000-0000-0000-000000000000,0.0,0.0,0.0,0.0
b4835ed4-2ca9-41e6-8731-f1afa465dba7,03__BQU__RIT__SAN__1,RITZ Crackers Sandwich Cheese 118g,30000.0,0.0,0.0,Gói,1,0,False,False,Bánh Quy,Kinh Đô,,0.0,0,0,Không đồng bộ,False,0,00000000-0000-0000-0000-000000000000,8.0,,False,4893049120008,,False,True,00000000-0000-0000-0000-000000000000,0.0,0.0,0.0,0.0
d25d3c58-ee5a-4dc4-a180-54f3748ceddb,03__BQU__RKE__NOU__186,RICHY KENJU Bánh Kem Dẻo Nougat 186g,50000.0,0.0,0.0,Bịch,1,0,False,False,Bánh Quy,RICHY KENJU,,0.0,0,0,Không đồng bộ,False,0,00000000-0000-0000-0000-000000000000,8.0,186,False,8938532962515,,False,True,00000000-0000-0000-0000-000000000000,0.0,0.0,0.0,0.0
4e32b5db-8cf5-4b04-aa3c-db785aa9dbbf,03__BQU__RKE__RCU__192,RICHY KENJU Bánh Quy Rau Củ 192g,46000.0,0.0,0.0,Bịch,1,0,False,False,Bánh Quy,RICHY KENJU,,0.0,0,0,Không đồng bộ,False,0,00000000-0000-0000-0000-000000000000,8.0,192,False,8936047443772,,False,True,00000000-0000-0000-0000-000000000000,0.0,0.0,0.0,0.0
f74742fc-5b9e-416f-b61b-003cea36001b,03__BQU__RKE__RCU__288,RICHY KENJU Bánh Quy Rau Củ Hộp 288g (24 gói),66000.0,0.0,0.0,Bịch,1,0,False,False,Bánh Quy,RICHY KENJU,,0.0,0,0,Không đồng bộ,False,0,00000000-0000-0000-0000-000000000000,8.0,288,False,8936047443857,,False,True,00000000-0000-0000-0000-000000000000,0.0,0.0,0.0,0.0
2a373e0b-3da3-4897-a517-4f66e5ef6248,03__BQU__RKE__TOM__192,RICHY KENJU Bánh Quy Vị Tôm 192g,46000.0,0.0,0.0,Bịch,1,0,False,False,Bánh Quy,RICHY KENJU,,0.0,0,0,Không đồng bộ,False,0,00000000-0000-0000-0000-000000000000,8.0,192,False,8936047440290,,False,True,00000000-0000-0000-0000-000000000000,0.0,0.0,0.0,0.0
a3a14b99-d869-4841-9535-8030dcf6b055,03__BXO__BUN__SOC__43,KINDER BUNENO Bánh Socola 43g,45000.0,0.0,0.0,Cái,1,0,False,False,Bánh Xốp,KINDER BUNENO,,0.0,0,0,Không đồng bộ,False,0,00000000-0000-0000-0000-000000000000,8.0,43,False,8000500066027,,False,True,00000000-0000-0000-0000-000000000000,0.0,0.0,0.0,0.0
89d426c7-5074-441f-9686-a41760a4829a,03__BXO__KAL__SDU__24,KALPA Bánh Xốp Kem Phủ Socola Dừa 24g,8000.0,0.0,0.0,Bịch,1,0,False,False,Bánh Xốp,Kalpa,,0.0,0,0,Không đồng bộ,False,0,00000000-0000-0000-0000-000000000000,8.0,,False,8996001354001,,False,True,00000000-0000-0000-0000-000000000000,0.0,0.0,0.0,0.0
812ec377-7c57-4c3e-ada6-33f538e570e7,03__BXO__KCH__PMI__1,KIDO Chocolatos Bánh Xốp Cuộn Vị Phô Mai,3000.0,0.0,0.0,Bịch,1,0,False,False,Bánh Xốp,KIDO Chocolatos,,0.0,0,0,Không đồng bộ,False,0,00000000-0000-0000-0000-000000000000,8.0,14,False,8992775001608,,False,True,00000000-0000-0000-0000-000000000000,0.0,0.0,0.0,0.0
5df3f1b9-dbbb-439e-8d20-f824f10dfa45,03__BXO__KCH__SOC__1,KIDO Chocolatos Bánh Xốp Cuộn Vị Socola,3000.0,0.0,0.0,Cái,1,0,False,False,Bánh Xốp,KIDO Chocolatos,,0.0,0,0,Không đồng bộ,False,0,00000000-0000-0000-0000-000000000000,8.0,,False,8992775311981,,False,True,00000000-0000-0000-0000-000000000000,0.0,0.0,0.0,0.0
208ba11f-14d3-41ef-af54-116b27c536c6,03__BXO__KCH__SOD__1,KIDO Chocolatos Bánh Xốp Cuộn Vị Socola Đen,3000.0,0.0,0.0,Cái,1,0,False,False,Bánh Xốp,KIDO Chocolatos,,0.0,0,0,Không đồng bộ,False,0,00000000-0000-0000-0000-000000000000,8.0,,False,8992775311479,,False,True,00000000-0000-0000-0000-000000000000,0.0,0.0,0.0,0.0
436a7603-d1f0-47d7-b4da-1e20189738ef,03__BXO__KCH__VAN__1,KIDO Chocolatos Bánh Xốp Cuộn Hương Vani,3000.0,0.0,0.0,Cái,1,0,False,False,Bánh Xốp,KIDO Chocolatos,,0.0,0,0,Không đồng bộ,False,0,00000000-0000-0000-0000-000000000000,8.0,,False,8992775004494,,False,True,00000000-0000-0000-0000-000000000000,0.0,0.0,0.0,0.0
7b3eca23-c87b-43bc-aebe-ee38067683f2,03__BXO__KIT__DAU__17,KITKAT Bánh Xốp Dâu Gói 17g,22000.0,0.0,0.0,Cái,1,0,False,False,Bánh Xốp,KITKAT,,0.0,0,0,Không đồng bộ,False,0,00000000-0000-0000-0000-000000000000,8.0,,False,58934588843075,,False,True,00000000-0000-0000-0000-000000000000,0.0,0.0,0.0,0.0
dc27945b-decc-43a3-ac6f-77bc4e0c44ee,03__BXO__KIT__MLO__16,KITKAT Bánh Xốp Milo Gói 16g,20000.0,0.0,0.0,Cái,1,0,False,False,Bánh Xốp,KITKAT,,0.0,0,0,Không đồng bộ,False,0,00000000-0000-0000-0000-000000000000,8.0,16,False,9556001317346,,False,True,00000000-0000-0000-0000-000000000000,0.0,0.0,0.0,0.0
4c9dde93-79ac-4125-93d9-8251a3b968a7,03__BXO__KIT__TXH__17,KITKAT Bánh Xốp Trà Xanh Gói 17g,21000.0,0.0,0.0,Cái,1,0,False,False,Bánh Xốp,KITKAT,,0.0,0,0,Không đồng bộ,False,0,00000000-0000-0000-0000-000000000000,8.0,17,False,9556001227560,,False,True,00000000-0000-0000-0000-000000000000,0.0,0.0,0.0,0.0
0785f19a-a240-49ba-9cd4-7c6962afbf70,03__CCY__ROP__CBO__80,ROP Cơm Cháy Chà Bông Túi 80g,45000.0,0.0,0.0,Túi,1,0,False,False,Cơm Cháy,ROP,,0.0,0,0,Không đồng bộ,False,0,00000000-0000-0000-0000-000000000000,8.0,80,False,8938545884224,,False,True,00000000-0000-0000-0000-000000000000,0.0,0.0,0.0,0.0
da59048b-7927-4d8f-832e-d33c166f66ee,03__CCY__ROP__PMT__80,ROP Cơm Cháy Phôi Mai Trứng Muối Túi 80g,55000.0,0.0,0.0,Túi,1,0,False,False,Cơm Cháy,ROP,,0.0,0,0,Không đồng bộ,False,0,00000000-0000-0000-0000-000000000000,8.0,80,False,8938545884231,,False,True,00000000-0000-0000-0000-000000000000,0.0,0.0,0.0,0.0
b833d9c0-4227-46f1-8cd2-9a0ce79c78b9,03__CCY__ROP__RBI__80,ROP Cơm Cháy Rong Biển Chà Bông Túi 80g,45000.0,0.0,0.0,Túi,1,0,False,False,Cơm Cháy,ROP,,0.0,0,0,Không đồng bộ,False,0,00000000-0000-0000-0000-000000000000,8.0,80,False,8938545884118,,False,True,00000000-0000-0000-0000-000000000000,0.0,0.0,0.0,0.0
1eef0917-e16e-4920-a2b8-b2e91f49e893,03__CFG__NES__DDO__288,NESCAFE 3in1 Đỏ Vị Nguyên Bản Hộp 288g,83000.0,0.0,0.0,Hộp,1,0,False,False,Cà Phê Gói,NESCAFE,,0.0,0,0,Không đồng bộ,False,0,00000000-0000-0000-0000-000000000000,8.0,288,False,8934804051345,,False,True,00000000-0000-0000-0000-000000000000,0.0,0.0,0.0,0.0
209b1d6b-1e41-4b72-9ad5-99ff02e90849,03__CFG__NES__DEN__240,NESCAFE Việt Đen Đá Hộp 240g (15 gói),84000.0,0.0,0.0,Hộp,1,0,False,False,Cà Phê Gói,NESCAFE,,0.0,0,0,Không đồng bộ,False,0,00000000-0000-0000-0000-000000000000,8.0,240,False,8934804027388,,False,True,00000000-0000-0000-0000-000000000000,0.0,0.0,0.0,0.0
28131e21-1d3a-4816-948c-ded31c5da348,03__CFG__NES__KEM__288,NESCAFE 3in1 Vị Kem Sữa Hộp 288g,73000.0,0.0,0.0,Hộp,1,0,False,False,Cà Phê Gói,NESCAFE,,0.0,0,0,Không đồng bộ,False,0,00000000-0000-0000-0000-000000000000,8.0,288,False,8934804053646,,False,True,00000000-0000-0000-0000-000000000000,0.0,0.0,0.0,0.0
d32f3196-464a-4baf-ba09-65aa1383832a,03__CFG__NES__XAH__288,NESCAFE 3in1 Xanh Vị Rang Đậm,7000.0,0.0,0.0,Hộp,1,0,False,False,Cà Phê Gói,NESCAFE,,0.0,0,0,Không đồng bộ,False,0,00000000-0000-0000-0000-000000000000,8.0,16,False,8934804044385,,False,True,00000000-0000-0000-0000-000000000000,0.0,0.0,0.0,0.0
10849591-c3ce-4741-b0fb-c026cd20099f,03__CFG__VNC__ORI__20,VINACAFE Gold Original Gói 20g,5000.0,0.0,0.0,Gói,1,0,False,False,Cà Phê Gói,VINACAFE,,0.0,0,0,Không đồng bộ,False,0,00000000-0000-0000-0000-000000000000,8.0,20,False,8934683007747,,False,True,00000000-0000-0000-0000-000000000000,0.0,0.0,0.0,0.0
58aee8d1-c1f9-475f-af9a-66f7f768dc24,03__CFG__VNC__SDA__29,VINACAFE Chất Sài Gòn Cà Phê Sữa Đá Gói 29g,7000.0,0.0,0.0,Gói,1,0,False,False,Cà Phê Gói,VINACAFE,,0.0,0,0,Không đồng bộ,False,0,00000000-0000-0000-0000-000000000000,8.0,29,False,8934683007761,,False,True,00000000-0000-0000-0000-000000000000,0.0,0.0,0.0,0.0
a08f8a92-609d-42d6-89cd-0db71bbcb835,03__CFH__TNN__CLA__204,TRUNG NGUYÊN Legend Classic Cà Phê Hòa Tan 204g,62000.0,0.0,0.0,Hộp,1,0,False,False,Cà Phê Hộp,TRUNG NGUYÊN,,0.0,0,0,Không đồng bộ,False,0,00000000-0000-0000-0000-000000000000,8.0,204,False,8935024172360,,False,True,00000000-0000-0000-0000-000000000000,0.0,0.0,0.0,0.0
a664ff9a-80a8-49f6-bd20-e446aa256fac,03__CFH__TNN__GOU__500,TRUNG NGUYÊN Gourmet Blend Cà Phê Rang Xay 500g,177000.0,0.0,0.0,Hộp,1,0,False,False,Cà Phê Hộp,TRUNG NGUYÊN,,0.0,0,0,Không đồng bộ,False,0,00000000-0000-0000-0000-000000000000,8.0,500,False,8935024115190,,False,True,00000000-0000-0000-0000-000000000000,0.0,0.0,0.0,0.0
15d5e764-ca19-4e4c-86d8-a59e2fd5b7c5,03__CFH__TNN__PAS__224,TRUNG NGUYÊN Legend Passiona Cà Phê Hòa Tan 224g,90000.0,0.0,0.0,Hộp,1,0,False,False,Cà Phê Hộp,TRUNG NGUYÊN,,0.0,0,0,Không đồng bộ,False,0,00000000-0000-0000-0000-000000000000,8.0,224,False,8935024122464,,False,True,00000000-0000-0000-0000-000000000000,0.0,0.0,0.0,0.0
899f1709-540c-4e96-8bbe-2679e2b36893,03__CFH__TNN__STO__340,TRUNG NGUYÊN Sáng Tạo 1 Cà Phê Rang Xay 340g,96000.0,0.0,0.0,Hộp,1,0,False,False,Cà Phê Hộp,TRUNG NGUYÊN,,0.0,0,0,Không đồng bộ,False,0,00000000-0000-0000-0000-000000000000,8.0,340,False,8935024163504,,False,True,00000000-0000-0000-0000-000000000000,0.0,0.0,0.0,0.0
a1b7093f-87d3-469c-806e-4a20921805f4,03__CGA__ALA__CNG__26,ALACO Chân Gà Rút Xương Vị Cay Ngọt 26g,14000.0,0.0,0.0,Cái,1,0,False,False,Chân Gà,ALACO,,0.0,0,0,Không đồng bộ,False,0,00000000-0000-0000-0000-000000000000,8.0,26,False,8938552123040,,False,True,00000000-0000-0000-0000-000000000000,0.0,0.0,0.0,0.0
cdfb3e78-caa9-469b-a3f3-8ca45ac64bdc,03__CGA__ALA__ORI__26,ALACO Chân Gà R.X Truyền Thống 26g,14000.0,0.0,0.0,Cái,1,0,False,False,Chân Gà,ALACO,,0.0,0,0,Không đồng bộ,False,0,00000000-0000-0000-0000-000000000000,8.0,26,False,8938552123033,,False,True,00000000-0000-0000-0000-000000000000,0.0,0.0,0.0,0.0
1f481ef9-bfb0-45ba-a751-f7a12f771333,03__CGA__ALA__TCA__35,ALACO Chân Gà Vị Tê Cay 35g,13000.0,0.0,0.0,Cái,1,0,False,False,Chân Gà,ALACO,,0.0,0,0,Không đồng bộ,False,0,00000000-0000-0000-0000-000000000000,8.0,35,False,8938552123057,,False,True,00000000-0000-0000-0000-000000000000,0.0,0.0,0.0,0.0
d5840b67-59e4-4647-8b47-0ca754e9d630,03__DPG__TAN__MIX__200,TÂN TÂN Đậu Phộng Mix Hộp 200g,72000.0,0.0,0.0,Hộp,1,0,False,False,Đậu Phộng,TÂN TÂN,,0.0,0,0,Không đồng bộ,False,0,00000000-0000-0000-0000-000000000000,8.0,200,False,8936101341396,,False,True,00000000-0000-0000-0000-000000000000,0.0,0.0,0.0,0.0
5d1f1335-be20-4eb3-9acb-4c58eca6c2af,03__DPG__TAN__TCY__28,TÂN TÂN Đậu Phộng Vị Tôm Gói 28g,8000.0,0.0,0.0,Gói,1,0,False,False,Đậu Phộng,TÂN TÂN,,0.0,0,0,Không đồng bộ,False,0,00000000-0000-0000-0000-000000000000,8.0,28,False,8936101342577,,False,True,00000000-0000-0000-0000-000000000000,0.0,0.0,0.0,0.0
ab03a635-8665-4037-b8fe-82312381d4d6,03__DPG__TAN__TOT__200,TÂN TÂN Đậu Phộng Tỏi Ớt Hộp 200g,75000.0,0.0,0.0,Hộp,1,0,False,False,Đậu Phộng,TÂN TÂN,,0.0,0,0,Không đồng bộ,False,0,00000000-0000-0000-0000-000000000000,8.0,200,False,8936101345929,,False,True,00000000-0000-0000-0000-000000000000,0.0,0.0,0.0,0.0
284a3c20-e934-45e8-83a0-9698f91894f5,03__DPG__TAN__TOT__28,TÂN TÂN Đậu Phộng Nước Cốt Dừa 28g,8000.0,0.0,0.0,Gói,1,0,False,False,Đậu Phộng,TÂN TÂN,,0.0,0,0,Không đồng bộ,False,0,00000000-0000-0000-0000-000000000000,8.0,28,False,8936101341297,,False,True,00000000-0000-0000-0000-000000000000,0.0,0.0,0.0,0.0
d6aba3a4-6216-491b-88bf-197f4670dcc2,03__HBI__TDT__MUO__50,TRƯỜNG ĐẠT Hạt Bí Rang Củi Vị Muối Truyền Thống 50g,15000.0,0.0,0.0,Bịch,1,0,False,False,Hạt Bí,TRƯỜNG ĐẠT,,0.0,0,0,Không đồng bộ,False,0,00000000-0000-0000-0000-000000000000,8.0,50,False,8938524395727,,False,True,00000000-0000-0000-0000-000000000000,0.0,0.0,0.0,0.0
3f6cd4e1-8c5d-476f-841f-43df36825d9c,03__HBI__TDT__MUO__500,TRƯỜNG ĐẠT Hạt Bí Rang Củi Vị Muối Truyền Thống 500g,120000.0,0.0,0.0,Bịch,1,0,False,False,Hạt Bí,TRƯỜNG ĐẠT,,0.0,0,0,Không đồng bộ,False,0,00000000-0000-0000-0000-000000000000,8.0,500,False,8938524395079,,False,True,00000000-0000-0000-0000-000000000000,0.0,0.0,0.0,0.0
cb0c5437-09a5-4a1d-97a3-d991ff8d6b22,03__HDA__TDT__CUI__40,TRƯỜNG ĐẠT Hạt Dưa Rang Củi 40g,15000.0,0.0,0.0,Bịch,1,0,False,False,Hạt Dưa,TRƯỜNG ĐẠT,,0.0,0,0,Không đồng bộ,False,0,00000000-0000-0000-0000-000000000000,8.0,40,False,8938524395161,,False,True,00000000-0000-0000-0000-000000000000,0.0,0.0,0.0,0.0
34097d14-cfd5-4c17-a770-62d57f60c544,03__HDA__TDT__CUI__500,TRƯỜNG ĐẠT Hạt Dưa Rang Củi 500g,150000.0,0.0,0.0,Bịch,1,0,False,False,Hạt Dưa,TRƯỜNG ĐẠT,,0.0,0,0,Không đồng bộ,False,0,00000000-0000-0000-0000-000000000000,8.0,500,False,8938524395338,,False,True,00000000-0000-0000-0000-000000000000,0.0,0.0,0.0,0.0
1166326d-f085-442a-9252-5abaf245c1e0,03__HDG__CHA__BIH__130,CHACHEER Hạt Hướng Dương Dừa 130g,42000.0,0.0,0.0,Bịch,1,0,False,False,Hạt Hướng Dương,Chacheer,,0.0,0,0,Không đồng bộ,False,0,00000000-0000-0000-0000-000000000000,8.0,130,False,8859559600962,,False,True,00000000-0000-0000-0000-000000000000,0.0,0.0,0.0,0.0
490bbbb2-9cad-45fb-8e4c-e579679cdffd,03__HDG__CHA__DUA__40,CHACHEER Hạt Hướng Dương Dừa 40g,15000.0,0.0,0.0,Bịch,1,0,False,False,Hạt Hướng Dương,Chacheer,,0.0,0,0,Không đồng bộ,False,0,00000000-0000-0000-0000-000000000000,8.0,40,False,8859559600993,,False,True,00000000-0000-0000-0000-000000000000,0.0,0.0,0.0,0.0
de779616-0e4a-41ca-a2fd-c051643add4f,03__HDG__CHA__NAM__100,CHACHEER Hạt Hướng Dương Nấm Trufle 100g,35000.0,0.0,0.0,Bịch,1,0,False,False,Hạt Hướng Dương,Chacheer,,0.0,0,0,Không đồng bộ,False,0,00000000-0000-0000-0000-000000000000,8.0,100,False,6924187870420,,False,True,00000000-0000-0000-0000-000000000000,0.0,0.0,0.0,0.0
eb990db2-07c3-4379-8c8a-684eb1fbf713,03__HDG__TDT__DUA__40,TRƯỜNG ĐẠT Hạt Hướng Dương Vị Dừa 40g,14000.0,0.0,0.0,Bịch,1,0,False,False,Hạt Hướng Dương,TRƯỜNG ĐẠT,,0.0,0,0,Không đồng bộ,False,0,00000000-0000-0000-0000-000000000000,8.0,40,False,8938524395147,,False,True,00000000-0000-0000-0000-000000000000,0.0,0.0,0.0,0.0
66cb25ff-3453-48ea-94bb-5e0f4ab531ec,03__KCU__APL__2CH__84,ALPENLIEBE Kẹo 2CHEW Dâu & Nho 84g,23000.0,0.0,0.0,Bịch,1,0,False,False,Kẹo Cứng,Alpenliebe,,0.0,0,0,Không đồng bộ,False,0,00000000-0000-0000-0000-000000000000,8.0,84,False,8935001712527,,False,True,00000000-0000-0000-0000-000000000000,0.0,0.0,0.0,0.0
f6ef52a6-97de-4304-be35-f2fa308a70be,03__KCU__BIB__HME__70,BIBICA Migita Kẹo Hương Me 70g,12000.0,0.0,0.0,Bịch,1,0,False,False,Kẹo Cứng,BIBICA,,0.0,0,0,Không đồng bộ,False,0,00000000-0000-0000-0000-000000000000,8.0,70,False,8934609412136,,False,True,00000000-0000-0000-0000-000000000000,0.0,0.0,0.0,0.0
aa9f69a1-e871-4224-bf85-cf4ec342cb16,03__KCU__CHU__POP__110,CHUPA CHUPS Kẹo Mút Mega Pop 110g,70000.0,0.0,0.0,Bịch,1,0,False,False,Kẹo Cứng,Chupa chups,,0.0,0,0,Không đồng bộ,False,0,00000000-0000-0000-0000-000000000000,8.0,110,False,8935001713838,,False,True,00000000-0000-0000-0000-000000000000,0.0,0.0,0.0,0.0
62bf2374-b2a7-48b3-8f6f-e6b084b54bcc,03__KCU__DYN__BHA__112,DYNAMITE Kẹo Bạc Hà Nhân Socola 112g,25000.0,0.0,0.0,Bịch,1,0,False,False,Kẹo Cứng,Dynamite,,0.0,0,0,Không đồng bộ,False,0,00000000-0000-0000-0000-000000000000,8.0,112,False,8934564100352,,False,True,00000000-0000-0000-0000-000000000000,0.0,0.0,0.0,0.0
b80eec97-4f95-4c92-97b5-4ef9e94ee717,03__KCU__DYN__OHG__96,DYNAMITE Kẹo Ổi Hồng Muối Ớt 96g,25000.0,0.0,0.0,Bịch,1,0,False,False,Kẹo Cứng,Dynamite,,0.0,0,0,Không đồng bộ,False,0,00000000-0000-0000-0000-000000000000,8.0,96,False,8934564100833,,False,True,00000000-0000-0000-0000-000000000000,0.0,0.0,0.0,0.0
eae8bdd9-c3a3-4bb9-ae97-c10dc68ffb01,03__KCU__DYN__SBH__112,DYNAMITE Kẹo Nhai Nhân Socola Hương Bạc Hà 112g (Đỏ),30000.0,0.0,0.0,Bịch,1,0,False,False,Kẹo Cứng,Dynamite,,0.0,0,0,Không đồng bộ,False,0,00000000-0000-0000-0000-000000000000,8.0,112,False,8934564130014,,False,True,00000000-0000-0000-0000-000000000000,0.0,0.0,0.0,0.0
e93539cf-1c34-4ef7-adda-5c0ebdc6db2d,03__KCU__DYN__XMO__96,DYNAMITE Kẹo Xoài Muối Ớt 96g,25000.0,0.0,0.0,Bịch,1,0,False,False,Kẹo Cứng,Dynamite,,0.0,0,0,Không đồng bộ,False,0,00000000-0000-0000-0000-000000000000,8.0,96,False,8934564100826,,False,True,00000000-0000-0000-0000-000000000000,0.0,0.0,0.0,0.0
9d5a9f1a-51bf-4276-b6a4-d6a31754b9b9,03__KCU__ESP__CAP__150,ESPREZZO Kẹo Cà Phê Nhân Cà Phê 150g,28000.0,0.0,0.0,Bịch,1,0,False,False,Kẹo Cứng,ESPREZZO,,0.0,0,0,Không đồng bộ,False,0,00000000-0000-0000-0000-000000000000,8.0,150,False,8991002306523,,False,True,00000000-0000-0000-0000-000000000000,0.0,0.0,0.0,0.0
b903ab19-2069-4cf7-8a59-50fe273d8cc5,03__KCU__ESP__MOC__150,ESPREZZO Kẹo Cà Phê Nhân Mocha 150g,28000.0,0.0,0.0,Bịch,1,0,False,False,Kẹo Cứng,ESPREZZO,,0.0,0,0,Không đồng bộ,False,0,00000000-0000-0000-0000-000000000000,8.0,150,False,8991002306301,,False,True,00000000-0000-0000-0000-000000000000,0.0,0.0,0.0,0.0
2888d5f5-5978-421f-88e3-0be1e311e539,03__KCU__ESP__VAN__150,ESPREZZO Kẹo Cà Phê Nhân Vanila 150g,28000.0,0.0,0.0,Bịch,1,0,False,False,Kẹo Cứng,ESPREZZO,,0.0,0,0,Không đồng bộ,False,0,00000000-0000-0000-0000-000000000000,8.0,150,False,8991002306202,,False,True,00000000-0000-0000-0000-000000000000,0.0,0.0,0.0,0.0
66a5fcd3-d2e4-48ba-b81e-be1def0d7a01,03__KCU__FIS__BHA__25,FISHERMAN's FRIEND Kẹo Cay Con Tàu Hương Bạc Hà 25g,33000.0,0.0,0.0,Bịch,1,0,False,False,Kẹo Cứng,FISHERMAN's FRIEND,,0.0,0,0,Không đồng bộ,False,0,00000000-0000-0000-0000-000000000000,8.0,25,False,50854011,,False,True,00000000-0000-0000-0000-000000000000,0.0,0.0,0.0,0.0
0c273acd-cd8d-4b8a-aad3-9d22b606e1f1,03__KCU__FIS__CHE__25,FISHERMAN'S FRIEND Kẹo Cay Con Tàu Hương Cherry 25g,33000.0,0.0,0.0,Bịch,1,0,False,False,Kẹo Cứng,FISHERMAN's FRIEND,,0.0,0,0,Không đồng bộ,False,0,00000000-0000-0000-0000-000000000000,8.0,25,False,96118511,,False,True,00000000-0000-0000-0000-000000000000,0.0,0.0,0.0,0.0
5975a344-39dd-47f4-82e5-6d48f7141397,03__KCU__FIS__QUT__25,FISHERMAN'S FRIEND Kẹo Cay Con Tàu Hương Quýt 25g,33000.0,0.0,0.0,Bịch,1,0,False,False,Kẹo Cứng,FISHERMAN's FRIEND,,0.0,0,0,Không đồng bộ,False,0,00000000-0000-0000-0000-000000000000,8.0,25,False,96118504,,False,True,00000000-0000-0000-0000-000000000000,0.0,0.0,0.0,0.0
5fd9ed36-9248-4c35-aa02-837898490f7c,03__KCU__FIS__SPE__25,FISHERMAN'S FRIEND Kẹo Cay Con Tàu Hương Spearmint 25g,33000.0,0.0,0.0,Bịch,1,0,False,False,Kẹo Cứng,FISHERMAN's FRIEND,,0.0,0,0,Không đồng bộ,False,0,00000000-0000-0000-0000-000000000000,8.0,25,False,96118528,,False,True,00000000-0000-0000-0000-000000000000,0.0,0.0,0.0,0.0
83dc65d5-d68e-449f-96e9-24523dc7448d,03__KCU__FRE__APP__150,FRES Kẹo Apple Peach Bịch 150g,28000.0,0.0,0.0,Bịch,1,0,False,False,Kẹo Cứng,Fres,,0.0,0,0,Không đồng bộ,False,0,00000000-0000-0000-0000-000000000000,8.0,150,False,8996001346365,,False,True,00000000-0000-0000-0000-000000000000,0.0,0.0,0.0,0.0
8010c8d8-1bb5-47c8-a9c6-c703da2c82a3,03__KCU__FRE__GOI__150,FRES Kẹo The Bịch 150g,28000.0,0.0,0.0,Bịch,1,0,False,False,Kẹo Cứng,Fres,,0.0,0,0,Không đồng bộ,False,0,00000000-0000-0000-0000-000000000000,8.0,150,False,8996001338063,,False,True,00000000-0000-0000-0000-000000000000,0.0,0.0,0.0,0.0
17816cf9-5130-4abb-b179-b013f59a784d,03__KCU__GIN__GUG__125,GINGERBON Kẹo Gừng Chanh Mật Ong Vàng 125g,39000.0,0.0,0.0,Bịch,1,0,False,False,Kẹo Cứng,Gingerbon,,0.0,0,0,Không đồng bộ,False,0,00000000-0000-0000-0000-000000000000,8.0,125,False,8991002301436,,False,True,00000000-0000-0000-0000-000000000000,0.0,0.0,0.0,0.0
aa6bfc06-ba0d-4f3a-b32b-6dc76c2d211d,03__KCU__GIN__HOG__125,GINGERBON Kẹo Gừng Hồng Bịch 125g,31000.0,0.0,0.0,Bịch,1,0,False,False,Kẹo Cứng,Gingerbon,,0.0,0,0,Không đồng bộ,False,0,00000000-0000-0000-0000-000000000000,8.0,125,False,8991002202719,,False,True,00000000-0000-0000-0000-000000000000,0.0,0.0,0.0,0.0
c6750fbe-c443-4173-8065-09c5065ccc99,03__KCU__GOL__ACT__109,GOLIA ACTIVE+ Kẹo 108.9g,30000.0,0.0,0.0,Bịch,1,0,False,False,Kẹo Cứng,Golia,,0.0,0,0,Không đồng bộ,False,0,00000000-0000-0000-0000-000000000000,8.0,109,False,8935001702504,,False,True,00000000-0000-0000-0000-000000000000,0.0,0.0,0.0,0.0
1384b968-2bf4-4b39-a4d4-19050f0dc3e9,03__KCU__KOP__CFE__135,KOPIKO Kẹo Cà Phê 135g,30000.0,0.0,0.0,Bịch,1,0,False,False,Kẹo Cứng,Kopiko,,0.0,0,0,Không đồng bộ,False,0,00000000-0000-0000-0000-000000000000,8.0,135,False,8996001320051,,False,True,00000000-0000-0000-0000-000000000000,0.0,0.0,0.0,0.0
4640dc76-a9cf-496f-a42e-6d17b63ded61,03__KCU__MTS__QMO__1,MENTOS Kẹo Nhai Hương Quả Mọng,12000.0,0.0,0.0,Bịch,1,0,False,False,Kẹo Cứng,MENTOS,,0.0,0,0,Không đồng bộ,False,0,00000000-0000-0000-0000-000000000000,8.0,,False,8935001719977,,False,True,00000000-0000-0000-0000-000000000000,0.0,0.0,0.0,0.0
5019a4a9-08d2-4cee-b3b9-b27f3a9126f7,03__KCU__ORO__BHA__84,ORION Kẹo Cứng Họng Bạc Hà Thảo Mộc 84g,21000.0,0.0,0.0,Bịch,1,0,False,False,Kẹo Cứng,ORION,,0.0,0,0,Không đồng bộ,False,0,00000000-0000-0000-0000-000000000000,8.0,84,False,8936036028041,,False,True,00000000-0000-0000-0000-000000000000,0.0,0.0,0.0,0.0
0f448f3c-fb97-474a-9cbb-80d89fb527d8,03__KCU__ORO__GMO__84,ORION Kẹo Cứng Họng Gừng Mật Ong 84g,21000.0,0.0,0.0,Bịch,1,0,False,False,Kẹo Cứng,ORION,,0.0,0,0,Không đồng bộ,False,0,00000000-0000-0000-0000-000000000000,8.0,84,False,8936036028805,,False,True,00000000-0000-0000-0000-000000000000,0.0,0.0,0.0,0.0
ddb8504c-813e-4ed9-adad-83678cc2a2a8,03__KCU__ORO__QMO__84,ORION Kẹo Cứng Họng Quất Mật Ong 84g,21000.0,0.0,0.0,Bịch,1,0,False,False,Kẹo Cứng,ORION,,0.0,0,0,Không đồng bộ,False,0,00000000-0000-0000-0000-000000000000,8.0,84,False,8936036025453,,False,True,00000000-0000-0000-0000-000000000000,0.0,0.0,0.0,0.0
0e111024-6e14-49e1-9314-80bcc30f43d6,03__KCU__PLA__COL__22,PLAYMORE Kẹo The Cool 22g,47000.0,0.0,0.0,Hũ,1,0,False,False,Kẹo Cứng,Playmore,,0.0,0,0,Không đồng bộ,False,0,00000000-0000-0000-0000-000000000000,8.0,22,False,8859578600882,,False,True,00000000-0000-0000-0000-000000000000,0.0,0.0,0.0,0.0
c3271556-f7e7-41cf-a47b-56e5f7f3fbb9,03__KCU__PLA__DAO__22,PLAYMORE Kẹo Đào Sakura 22g,50000.0,0.0,0.0,Hũ,1,0,False,False,Kẹo Cứng,Playmore,,0.0,0,0,Không đồng bộ,False,0,00000000-0000-0000-0000-000000000000,8.0,22,False,8859578601421,,False,True,00000000-0000-0000-0000-000000000000,0.0,0.0,0.0,0.0
411baaef-7dec-4744-b56b-284178af05ed,03__KCU__PLA__DHU__22,PLAYMORE Kẹo Dưa Hấu 22g,42000.0,0.0,0.0,Hũ,1,0,False,False,Kẹo Cứng,Playmore,,0.0,0,0,Không đồng bộ,False,0,00000000-0000-0000-0000-000000000000,8.0,22,False,8859578600257,,False,True,00000000-0000-0000-0000-000000000000,0.0,0.0,0.0,0.0
5b89d713-4ab5-45dd-a2d8-6d8fc16217e0,03__KCU__PLA__TXH__22,PLAYMORE Kẹo The Táo Xanh 22g,47000.0,0.0,0.0,Hũ,1,0,False,False,Kẹo Cứng,Playmore,,0.0,0,0,Không đồng bộ,False,0,00000000-0000-0000-0000-000000000000,8.0,22,False,8859578600318,,False,True,00000000-0000-0000-0000-000000000000,0.0,0.0,0.0,0.0
4fe07b6a-6500-4acc-aa83-4b919256e9be,03__KCU__SKI__CHU__40,SKITTLES Kẹo Trái Cây Vị Chua 40g,26000.0,0.0,0.0,Bịch,1,0,False,False,Kẹo Cứng,SKITTLES,,0.0,0,0,Không đồng bộ,False,0,00000000-0000-0000-0000-000000000000,8.0,40,False,4897010448061,,False,True,00000000-0000-0000-0000-000000000000,0.0,0.0,0.0,0.0
adeb3fd6-b267-4fb3-9703-169eab6dcd41,03__KCU__SKI__ORI__45,SKITTLES Kẹo Trái Cây Vị Truyền Thống 45g,30000.0,0.0,0.0,Bịch,1,0,False,False,Kẹo Cứng,SKITTLES,,0.0,0,0,Không đồng bộ,False,0,00000000-0000-0000-0000-000000000000,8.0,45,False,4897010448016,,False,True,00000000-0000-0000-0000-000000000000,0.0,0.0,0.0,0.0
828f95c1-dbad-466d-a92f-a00030a0d50a,03__KCU__SKI__SCA__40,SKITTLES Kẹo Trái Cây Vị Sữa Chua 40g,26000.0,0.0,0.0,Bịch,1,0,False,False,Kẹo Cứng,SKITTLES,,0.0,0,0,Không đồng bộ,False,0,00000000-0000-0000-0000-000000000000,8.0,40,False,4897010448221,,False,True,00000000-0000-0000-0000-000000000000,0.0,0.0,0.0,0.0
d1eb7968-85f6-4672-a3e1-3ae795b8cf3f,03__KCU__THA__VIC__120,THÁI LAN Kẹo Chanh Muối Vitamin C 120g,40000.0,0.0,0.0,Bịch,1,0,False,False,Kẹo Cứng,THÁI LAN,,0.0,0,0,Không đồng bộ,False,0,00000000-0000-0000-0000-000000000000,8.0,120,False,8850632205159,,False,True,00000000-0000-0000-0000-000000000000,0.0,0.0,0.0,0.0
fe792dd8-0d9d-4332-b8ee-3dbf151c88b7,03__KCU__XYL__BLU__60,LOTTE Kẹo Bluemarine Không Đường 60g,38000.0,0.0,0.0,Bịch,1,0,False,False,Kẹo Cứng,LOTTE XYLITOL,,0.0,0,0,Không đồng bộ,False,0,00000000-0000-0000-0000-000000000000,8.0,60,False,8801062332113,,False,True,00000000-0000-0000-0000-000000000000,0.0,0.0,0.0,0.0
b997f289-dfb5-4aee-9295-9f83dc0594db,03__KCU__XYL__CHH__74,LOTTE Kẹo Hương Chanh Không Đường 74g,38000.0,0.0,0.0,Bịch,1,0,False,False,Kẹo Cứng,LOTTE XYLITOL,,0.0,0,0,Không đồng bộ,False,0,00000000-0000-0000-0000-000000000000,8.0,74,False,8801062332250,,False,True,00000000-0000-0000-0000-000000000000,0.0,0.0,0.0,0.0
948594b1-8d4f-41fa-8d9c-594a7338e9dd,03__KDE__CHU__BEL__50,CHUPA CHUPS Kẹo Dẻo Sugar BELT 1M*50g,20000.0,0.0,0.0,Bịch,1,0,False,False,Kẹo Dẻo,Chupa chups,,0.0,0,0,Không đồng bộ,False,0,00000000-0000-0000-0000-000000000000,8.0,50,False,8935001714774,,False,True,00000000-0000-0000-0000-000000000000,0.0,0.0,0.0,0.0
e986cb52-c76e-4a7f-b12b-7c122c14d26c,03__KDE__CHU__DAU__105,CHUPA CHUPS Kẹo Mút Hương Dâu,10000.0,0.0,0.0,Bịch,1,0,False,False,Kẹo Cứng,Chupa chups,,0.0,0,0,Không đồng bộ,False,0,00000000-0000-0000-0000-000000000000,8.0,,False,8935001719533,,False,True,00000000-0000-0000-0000-000000000000,0.0,0.0,0.0,0.0
46b00225-510a-4979-a593-fe3384fd266b,03__KDE__CHU__HOP__105,CHUPA CHUPS Kẹo Dẻo Gieo Quẻ Hộp 105g,58000.0,0.0,0.0,Hộp,1,0,False,False,Kẹo Dẻo,Chupa chups,,0.0,0,0,Không đồng bộ,False,0,00000000-0000-0000-0000-000000000000,8.0,105,False,8935001719830,,False,True,00000000-0000-0000-0000-000000000000,0.0,0.0,0.0,0.0
1f218227-5da6-4b17-861e-e2fff3ffde63,03__KDE__CHU__MUT__7,CHUPA CHUPS Kẹo Mút Hương Tổng Hợp,3000.0,0.0,0.0,Cái,1,0,False,False,Kẹo Cứng,Chupa chups,,0.0,0,0,Không đồng bộ,False,0,00000000-0000-0000-0000-000000000000,8.0,,False,58934588843114,,False,True,00000000-0000-0000-0000-000000000000,0.0,0.0,0.0,0.0
e7681373-71cd-4883-b5d7-37ff62da81bf,03__KDE__CHU__TCY__7,CHUPA CHUPS Kẹo Dẻo S.BELT 7g,3000.0,0.0,0.0,Cái,1,0,False,False,Kẹo Dẻo,Chupa chups,,0.0,0,0,Không đồng bộ,False,0,00000000-0000-0000-0000-000000000000,8.0,,False,8935001713074,,False,True,00000000-0000-0000-0000-000000000000,0.0,0.0,0.0,0.0
b098ba4e-d635-4113-ba0b-d7d5d5258efa,03__KDE__HAR__BDO__80,HARIBO HAPPYCOLA Kẹo Dẻo Bịch Đỏ 80g,40000.0,0.0,0.0,Bịch,1,0,False,False,Kẹo Dẻo,HARIBO,,0.0,0,0,Không đồng bộ,False,0,00000000-0000-0000-0000-000000000000,8.0,80,False,8691216090446,,False,True,00000000-0000-0000-0000-000000000000,0.0,0.0,0.0,0.0
baffac4e-f459-4ffe-8567-3d3b3029543c,03__KDE__HAR__VAG__80,HARIBO GOLDBEARS Kẹo Dẻo Bịch Vàng 80g,40000.0,0.0,0.0,Bịch,1,0,False,False,Kẹo Dẻo,HARIBO,,0.0,0,0,Không đồng bộ,False,0,00000000-0000-0000-0000-000000000000,8.0,,False,8691216090439,,False,True,00000000-0000-0000-0000-000000000000,0.0,0.0,0.0,0.0
14744dda-5794-4562-8176-53bcbebe480e,03__KDE__HAR__XAH__80,HARIBO GOLDBEARS Kẹo Dẻo Starmix Xanh 80g,42000.0,0.0,0.0,Bịch,1,0,False,False,Kẹo Dẻo,HARIBO,,0.0,0,0,Không đồng bộ,False,0,00000000-0000-0000-0000-000000000000,8.0,,False,8691216090477,,False,True,00000000-0000-0000-0000-000000000000,0.0,0.0,0.0,0.0
5ae13f42-cc4d-487e-9988-f54e2a9a82e9,03__KDE__HAR__XLC__80,HARIBO WORMS Kẹo Dẻo Bịch Xanh Lá Cây 80g,40000.0,0.0,0.0,Bịch,1,0,False,False,Kẹo Dẻo,HARIBO,,0.0,0,0,Không đồng bộ,False,0,00000000-0000-0000-0000-000000000000,8.0,80,False,8691216090453,,False,True,00000000-0000-0000-0000-000000000000,0.0,0.0,0.0,0.0
3adcdafc-8979-43ee-b094-be89fb71a509,03__KDE__ORO__CDY__24,ORION Kẹo Dẻo Boom Chanh Dây 24g,7000.0,0.0,0.0,Bịch,1,0,False,False,Kẹo Dẻo,ORION,,0.0,0,0,Không đồng bộ,False,0,00000000-0000-0000-0000-000000000000,8.0,24,False,8936036029727,,False,True,00000000-0000-0000-0000-000000000000,0.0,0.0,0.0,0.0
0074e7fb-a5f8-4029-a8cb-69d1beb29bbc,03__KDE__ORO__CHN__25,ORION Kẹo Dẻo King Chun 25g,6000.0,0.0,0.0,Bịch,1,0,False,False,Kẹo Dẻo,ORION,,0.0,0,0,Không đồng bộ,False,0,00000000-0000-0000-0000-000000000000,8.0,25,False,8936029421941,,False,True,00000000-0000-0000-0000-000000000000,0.0,0.0,0.0,0.0
d5138fd4-0b9a-4e89-a291-f465d62e52c7,03__KDE__ORO__DAO__25,ORION Kẹo Dẻo Boom Đào 25g,7000.0,0.0,0.0,Bịch,1,0,False,False,Kẹo Dẻo,ORION,,0.0,0,0,Không đồng bộ,False,0,00000000-0000-0000-0000-000000000000,8.0,25,False,8936036027754,,False,True,00000000-0000-0000-0000-000000000000,0.0,0.0,0.0,0.0
a80fdadd-8b14-4e81-b54d-f66db5555b2b,03__KDE__ORO__DAU__25,ORION Kẹo Dẻo Boom Dâu 25g,7000.0,0.0,0.0,Bịch,1,0,False,False,Kẹo Dẻo,ORION,,0.0,0,0,Không đồng bộ,False,0,00000000-0000-0000-0000-000000000000,8.0,25,False,8936036027747,,False,True,00000000-0000-0000-0000-000000000000,0.0,0.0,0.0,0.0
ca641e45-da12-4f21-9978-778bf0b92cdb,03__KDE__ORO__HTC__29,ORION Kẹo Dẻo King HảI Tặc 28.5g,6000.0,0.0,0.0,Bịch,1,0,False,False,Kẹo Dẻo,ORION,,0.0,0,0,Không đồng bộ,False,0,00000000-0000-0000-0000-000000000000,8.0,,False,8936029423471,,False,True,00000000-0000-0000-0000-000000000000,0.0,0.0,0.0,0.0
6271b5b0-87d7-43d6-b0eb-6dfa8609514c,03__KDE__ORO__ME__25,ORION Kẹo Dẻo Boom Me 25g,7000.0,0.0,0.0,Bịch,1,0,False,False,Kẹo Dẻo,ORION,,0.0,0,0,Không đồng bộ,False,0,00000000-0000-0000-0000-000000000000,8.0,25,False,8936036028539,,False,True,00000000-0000-0000-0000-000000000000,0.0,0.0,0.0,0.0
b01d3902-1a54-4206-956e-3445c725d962,03__KDE__ORO__NHO__25,ORION Kẹo Dẻo Boom Nho 25g,7000.0,0.0,0.0,Bịch,1,0,False,False,Kẹo Dẻo,ORION,,0.0,0,0,Không đồng bộ,False,0,00000000-0000-0000-0000-000000000000,8.0,25,False,8936036027730,,False,True,00000000-0000-0000-0000-000000000000,0.0,0.0,0.0,0.0
4d2fd55b-8733-4798-aded-7e56b4f7197e,03__KDE__ORO__XLM__24,ORION Kẹo Dẻo Boom Xoài Lắc MuốI Ớt 23.5g,7000.0,0.0,0.0,Bịch,1,0,False,False,Kẹo Dẻo,ORION,,0.0,0,0,Không đồng bộ,False,0,00000000-0000-0000-0000-000000000000,8.0,24,False,8936036028553,,False,True,00000000-0000-0000-0000-000000000000,0.0,0.0,0.0,0.0
56f205f5-5455-42bf-8404-b5edcea964a6,03__KDE__PLA__SCA__64,PLAYMORE Kẹo Dẻo Sữa Chua 64g,45000.0,0.0,0.0,Hộp,1,0,False,False,Kẹo Dẻo,Playmore,,0.0,0,0,Không đồng bộ,False,0,00000000-0000-0000-0000-000000000000,8.0,64,False,8859578600073,,False,True,00000000-0000-0000-0000-000000000000,0.0,0.0,0.0,0.0
12274d2c-73a9-4128-aaae-f9a01eee648f,03__KDE__PLA__XHH__64,PLAYMORE Kẹo Dẻo Xếp Hình 64g,45000.0,0.0,0.0,Hộp,1,0,False,False,Kẹo Dẻo,Playmore,,0.0,0,0,Không đồng bộ,False,0,00000000-0000-0000-0000-000000000000,8.0,64,False,8859578600011,,False,True,00000000-0000-0000-0000-000000000000,0.0,0.0,0.0,0.0
6d1a4ae6-6523-4fb4-a30d-81c50f401b21,03__KDE__SKI__SCA__43,SKITTLES Kẹo Dẻo Vị Sữa Chua Trái Cây 42.5g,34000.0,0.0,0.0,Bịch,1,0,False,False,Kẹo Dẻo,SKITTLES,,0.0,0,0,Không đồng bộ,False,0,00000000-0000-0000-0000-000000000000,8.0,43,False,4894900030092,,False,True,00000000-0000-0000-0000-000000000000,0.0,0.0,0.0,0.0
565c4965-7765-479d-a734-59246c0175aa,03__KDE__SUG__TCY__210,SUGUS Kẹo Mềm Hương Trái Cây 210g,52000.0,0.0,0.0,Bịch,1,0,False,False,Kẹo Dẻo,SUGUS,,0.0,0,0,Không đồng bộ,False,0,00000000-0000-0000-0000-000000000000,8.0,210,False,8936045081310,,False,True,00000000-0000-0000-0000-000000000000,0.0,0.0,0.0,0.0
64b32f93-2bec-4f0e-99c5-fdc9ed2c4eee,03__KDE__VNT__DAO__30,VIETNUTRI Kẹo Thạch Zummy KID Jelly Đào 30g,3000.0,0.0,0.0,Cái,1,0,False,False,Kẹo Dẻo,VIETNUTRI,,0.0,0,0,Không đồng bộ,False,0,00000000-0000-0000-0000-000000000000,8.0,30,False,8938552557005,,False,True,00000000-0000-0000-0000-000000000000,0.0,0.0,0.0,0.0
b8f07964-2f48-4aa6-b533-ed80202913d4,03__KDE__VNT__DAU__30,VIETNUTRI Kẹo Thạch Zummy KID Jelly Dâu 30g,3000.0,0.0,0.0,Cái,1,0,False,False,Kẹo Dẻo,VIETNUTRI,,0.0,0,0,Không đồng bộ,False,0,00000000-0000-0000-0000-000000000000,8.0,30,False,8938552557029,,False,True,00000000-0000-0000-0000-000000000000,0.0,0.0,0.0,0.0
eae3146f-97c9-4f3f-ad23-677ee0f7d312,03__KDE__VNT__XOA__30,VIETNUTRI Kẹo Thạch Zummy KID Jelly Xoài 30g,3000.0,0.0,0.0,Cái,1,0,False,False,Kẹo Dẻo,VIETNUTRI,,0.0,0,0,Không đồng bộ,False,0,00000000-0000-0000-0000-000000000000,8.0,30,False,8938552557012,,False,True,00000000-0000-0000-0000-000000000000,0.0,0.0,0.0,0.0
5db4d81a-d1d6-4d6d-a815-6a70bd8ccc07,03__KGU__COL__BHA__40,COOLAIR Kẹo Gum Hương Bạc Hà 40g,48000.0,0.0,0.0,Hũ,1,0,False,False,Kẹo Gum,COOLAIR,,0.0,0,0,Không đồng bộ,False,0,00000000-0000-0000-0000-000000000000,8.0,40,False,8936114081098,,False,True,00000000-0000-0000-0000-000000000000,0.0,0.0,0.0,0.0
f3ef839f-65f1-4d32-90ea-3dc4e685f9ec,03__KGU__COL__MOG__40,COOLAIR Kẹo Gum Hương Quả Mọng 40g,40000.0,0.0,0.0,Hũ,1,0,False,False,Kẹo Gum,COOLAIR,,0.0,0,0,Không đồng bộ,False,0,00000000-0000-0000-0000-000000000000,8.0,40,False,8936114080961,,False,True,00000000-0000-0000-0000-000000000000,0.0,0.0,0.0,0.0
f87d0d3a-f963-4a7e-b07f-12780acae60d,03__KGU__COL__VAG__40,COOLAIR Kẹo Gum Hương Chanh Mật Ong Vàng 40g,48000.0,0.0,0.0,Hũ,1,0,False,False,Kẹo Gum,COOLAIR,,0.0,0,0,Không đồng bộ,False,0,00000000-0000-0000-0000-000000000000,8.0,40,False,8936114081111,,False,True,00000000-0000-0000-0000-000000000000,0.0,0.0,0.0,0.0
71325bae-61ea-490b-9e3f-f991d9851049,03__KGU__COL__XDG__55,COOLAIR Kẹo Gum Khuynh Diệp Hũ Xanh Dương 55.4g,40000.0,0.0,0.0,Hũ,1,0,False,False,Kẹo Gum,COOLAIR,,0.0,0,0,Không đồng bộ,False,0,00000000-0000-0000-0000-000000000000,8.0,55,False,8936114080022,,False,True,00000000-0000-0000-0000-000000000000,0.0,0.0,0.0,0.0
429e2668-7d6b-4b98-bdc8-34d97d42cab5,03__KGU__DOU__BHA__24,DOUBLEMINT Tuýp Ngậm Bạc Hà 23.8g,40000.0,0.0,0.0,Hũ,1,0,False,False,Kẹo Gum,DOUBLEMINT,,0.0,0,0,Không đồng bộ,False,0,00000000-0000-0000-0000-000000000000,8.0,24,False,8997018480769,,False,True,00000000-0000-0000-0000-000000000000,0.0,0.0,0.0,0.0
9b40c645-13a4-4341-920b-736efe2ff01a,03__KGU__DOU__BHA__58,DOUBLEMINT Kẹo Gum Bạc Hà 58.4g,40000.0,0.0,0.0,Hũ,1,0,False,False,Kẹo Gum,DOUBLEMINT,,0.0,0,0,Không đồng bộ,False,0,00000000-0000-0000-0000-000000000000,8.0,58,False,8936114080084,,False,True,00000000-0000-0000-0000-000000000000,0.0,0.0,0.0,0.0
1b5d4288-c974-4508-adf7-36f0cac46565,03__KGU__DOU__CAM__24,DOUBLEMINT Tuýp Ngậm Hương Cam 23.8g,40000.0,0.0,0.0,Tuýp,1,0,False,False,Kẹo Gum,DOUBLEMINT,,0.0,0,0,Không đồng bộ,False,0,00000000-0000-0000-0000-000000000000,8.0,24,False,8997018484217,,False,True,00000000-0000-0000-0000-000000000000,0.0,0.0,0.0,0.0
285073fb-e891-40e6-83a6-7636f43a7fbf,03__KGU__DOU__PK5__14,DOUBLEMINT Kẹo Gum 5Sticks 13.5g,7000.0,0.0,0.0,Cái,1,0,False,False,Kẹo Gum,DOUBLEMINT,,0.0,0,0,Không đồng bộ,False,0,00000000-0000-0000-0000-000000000000,8.0,14,False,9555192501107,,False,True,00000000-0000-0000-0000-000000000000,0.0,0.0,0.0,0.0
d6ef4963-180f-492c-a8d3-5618c2541827,03__KGU__LOT__CAM__13,"LOTTE Kẹo Gum Fusen Nomi Cam 13,8g",10000.0,0.0,0.0,Hộp,1,0,False,False,Kẹo Gum,LOTTE Fusen Nomi,,0.0,0,0,Không đồng bộ,False,0,00000000-0000-0000-0000-000000000000,8.0,13,False,8934677000662,,False,True,00000000-0000-0000-0000-000000000000,0.0,0.0,0.0,0.0
5a10b03e-8436-4752-8138-b27815191d99,03__KGU__LOT__CCH__13,"LOTTE Kẹo Gum Fusen Nomi Cola Chanh 13,8g",10000.0,0.0,0.0,Hộp,1,0,False,False,Kẹo Gum,LOTTE Fusen Nomi,,0.0,0,0,Không đồng bộ,False,0,00000000-0000-0000-0000-000000000000,8.0,13,False,8934677000686,,False,True,00000000-0000-0000-0000-000000000000,0.0,0.0,0.0,0.0
285bf2c1-363e-407f-aa76-48f879238a4c,03__KGU__MTS__BHA__35,MENTOS Kẹo Ngậm Không Đường Hương Bạc Hà Hũ 35g,48000.0,0.0,0.0,Hũ,1,0,False,False,Kẹo Gum,MENTOS,,0.0,0,0,Không đồng bộ,False,0,00000000-0000-0000-0000-000000000000,8.0,35,False,8935001712282;8935001714910,,False,True,00000000-0000-0000-0000-000000000000,0.0,0.0,0.0,0.0
0f53e4aa-4fa7-4d7b-b7f0-a245ed90e30c,03__KGU__TIC__BHA__15,TICTAC Kẹo Bạc Hà Lục 14.5g,20000.0,0.0,0.0,Hộp,1,0,False,False,Kẹo Gum,Tictac,,0.0,0,0,Không đồng bộ,False,0,00000000-0000-0000-0000-000000000000,8.0,15,False,80883296,,False,True,00000000-0000-0000-0000-000000000000,0.0,0.0,0.0,0.0
7259339d-ab0b-44c9-8b79-fe856e301de1,03__KGU__TIC__CAM__15,TICTAC Kẹo Vị Cam 14.5g,20000.0,0.0,0.0,Hộp,1,0,False,False,Kẹo Gum,Tictac,,0.0,0,0,Không đồng bộ,False,0,00000000-0000-0000-0000-000000000000,8.0,15,False,93698078,,False,True,00000000-0000-0000-0000-000000000000,0.0,0.0,0.0,0.0
007d7412-f40e-4609-b10c-68a9c168454b,03__KGU__XYL__XDG__130,LOTTE XYLITOL Kẹo Gum Cool Hũ Xanh Dương 130.5g,70000.0,0.0,0.0,Hũ,1,0,False,False,Kẹo Gum,LOTTE XYLITOL,,0.0,0,0,Không đồng bộ,False,0,00000000-0000-0000-0000-000000000000,8.0,130,False,8934677020318,,False,True,00000000-0000-0000-0000-000000000000,0.0,0.0,0.0,0.0
495de5ac-e3a8-4d7a-adf2-32cc941a0293,03__KGU__XYL__XDG__55,LOTTE XYLITOL Kẹo Gum Cool Hũ Xanh Dương 55.1g,40000.0,0.0,0.0,Hũ,1,0,False,False,Kẹo Gum,LOTTE XYLITOL,,0.0,0,0,Không đồng bộ,False,0,00000000-0000-0000-0000-000000000000,8.0,55,False,8934677020219,,False,True,00000000-0000-0000-0000-000000000000,0.0,0.0,0.0,0.0
abcef88e-78b3-4b61-88f6-4efcf03968c8,03__KGU__XYL__XLA__130,LOTTE XYLITOL Kẹo Gum Cool Hũ Xanh Lá 130.5g,70000.0,0.0,0.0,Hũ,1,0,False,False,Kẹo Gum,LOTTE XYLITOL,,0.0,0,0,Không đồng bộ,False,0,00000000-0000-0000-0000-000000000000,8.0,130,False,8934677000358,,False,True,00000000-0000-0000-0000-000000000000,0.0,0.0,0.0,0.0
c6ba5aa6-1cce-4183-afa3-3a4d4bd74a18,03__KGU__XYL__XLA__55,LOTTE XYLITOL Kẹo Gum Lime Mint Hũ Xanh Lá 55.1g,40000.0,0.0,0.0,Hũ,1,0,False,False,Kẹo Gum,LOTTE XYLITOL,,0.0,0,0,Không đồng bộ,False,0,00000000-0000-0000-0000-000000000000,8.0,55,False,8934677000341,,False,True,00000000-0000-0000-0000-000000000000,0.0,0.0,0.0,0.0
eafc91fb-50ef-4d92-8a30-25810dbce612,03__KNO__POP__CHH__10,POPZA Kẹo Nổ Thái Lan Hương Chanh 10g,8000.0,0.0,0.0,Bịch,1,0,False,False,Kẹo Nổ,POPZA,,0.0,0,0,Không đồng bộ,False,0,00000000-0000-0000-0000-000000000000,8.0,10,False,8850203020693,,False,True,00000000-0000-0000-0000-000000000000,0.0,0.0,0.0,0.0
0a22e92f-7ee2-43a0-b808-f22adeee509c,03__KNO__POP__COL__10,POPZA Kẹo Nổ Thái Lan Hương Cola 10g,10000.0,0.0,0.0,Bịch,1,0,False,False,Kẹo Nổ,POPZA,,0.0,0,0,Không đồng bộ,False,0,00000000-0000-0000-0000-000000000000,8.0,10,False,8850203020648,,False,True,00000000-0000-0000-0000-000000000000,0.0,0.0,0.0,0.0
1fb382fb-87e4-45a8-a021-2114c320aa59,03__KSO__FER__SOC__62,"FERRORO ROCHER Socola 62,5g",100000.0,0.0,0.0,Hộp,1,0,False,False,Kẹo Socola,FERRORO ROCHER,,0.0,0,0,Không đồng bộ,False,0,00000000-0000-0000-0000-000000000000,8.0,63,False,80135906,,False,True,00000000-0000-0000-0000-000000000000,0.0,0.0,0.0,0.0
7ca3f176-a8bb-4d8d-82b5-1e94b87734ba,03__KSO__KIN__HOG__20,KINDER JOY Kẹo Socola Hồng 20g,44000.0,0.0,0.0,Cái,1,0,False,False,Kẹo Socola,KINDER JOY,,0.0,0,0,Không đồng bộ,False,0,00000000-0000-0000-0000-000000000000,8.0,20,False,80768258,,False,True,00000000-0000-0000-0000-000000000000,0.0,0.0,0.0,0.0
65998737-3182-4243-ad64-4228565f4a12,03__KSO__KIN__XAH__20,KINDER JOY Kẹo Socola Xanh 20g,44000.0,0.0,0.0,Cái,1,0,False,False,Kẹo Socola,KINDER JOY,,0.0,0,0,Không đồng bộ,False,0,00000000-0000-0000-0000-000000000000,8.0,20,False,80974482,,False,True,00000000-0000-0000-0000-000000000000,0.0,0.0,0.0,0.0
fb05c121-4512-4c3b-bd85-fdbb7c53421f,03__KSO__MNM__DPG__37,M&M's Kẹo Socola Đậu Phộng 37g,30000.0,0.0,0.0,Bịch,1,0,False,False,Kẹo Socola,M&M's,,0.0,0,0,Không đồng bộ,False,0,00000000-0000-0000-0000-000000000000,8.0,37,False,93682978,,False,True,00000000-0000-0000-0000-000000000000,0.0,0.0,0.0,0.0
a3c13716-97aa-4fba-bdbc-261ecf4586d5,03__KSO__MNM__SUA__37,M&M's Kẹo Socola Sữa 37g,36000.0,0.0,0.0,Bịch,1,0,False,False,Kẹo Socola,M&M's,,0.0,0,0,Không đồng bộ,False,0,00000000-0000-0000-0000-000000000000,8.0,37,False,93682961,,False,True,00000000-0000-0000-0000-000000000000,0.0,0.0,0.0,0.0
f912206c-f5d1-48b7-8e29-dd1973a2daa4,03__KSO__NES__MLO__25,NESTLE Socola Viên Milo Gói 25g,33000.0,0.0,0.0,Bịch,1,0,False,False,Kẹo Socola,Nestle,,0.0,0,0,Không đồng bộ,False,0,00000000-0000-0000-0000-000000000000,8.0,25,False,9556001222343,,False,True,00000000-0000-0000-0000-000000000000,0.0,0.0,0.0,0.0
800df1c8-de3e-4ca0-b2f0-e87cef43ab90,03__KSO__SNI__CAR__40,SNICKERS Socola Nhân Đậu Phộng Vị Bơ Caramel 40g,30000.0,0.0,0.0,Bịch,1,0,False,False,Kẹo Socola,SNICKERS,,0.0,0,0,Không đồng bộ,False,0,00000000-0000-0000-0000-000000000000,8.0,40,False,8902433003134,,False,True,00000000-0000-0000-0000-000000000000,0.0,0.0,0.0,0.0
a0b6a1e3-3aa6-4450-8e0c-7fe1d2e46573,03__KSO__SNI__DPG__35,SNICKERS Socola Nhân Đậu Phộng 35g,30000.0,0.0,0.0,Bịch,1,0,False,False,Kẹo Socola,SNICKERS,,0.0,0,0,Không đồng bộ,False,0,00000000-0000-0000-0000-000000000000,8.0,35,False,69024894,,False,True,00000000-0000-0000-0000-000000000000,0.0,0.0,0.0,0.0
dd07c28d-ce4e-450f-902e-717e3acc2ccd,03__SBN__OIS__BCH__68,OISHI Snack Bắp Ngọt 68g,15000.0,0.0,0.0,Bịch,1,0,False,False,Snack Bắp,OISHI,,0.0,0,0,Không đồng bộ,False,0,00000000-0000-0000-0000-000000000000,8.0,68,False,8934803026078,,False,True,00000000-0000-0000-0000-000000000000,0.0,0.0,0.0,0.0
43ddc705-829d-46ee-959e-50afd49729a7,03__SBN__OIS__BNB__68,OISHI Snack Bắp 4 Lớp Vị Bắp Nướng Bơ 68g,15000.0,0.0,0.0,Bịch,1,0,False,False,Snack Bắp,OISHI,,0.0,0,0,Không đồng bộ,False,0,00000000-0000-0000-0000-000000000000,8.0,68,False,8934803070446,,False,True,00000000-0000-0000-0000-000000000000,0.0,0.0,0.0,0.0
2baefa17-8766-4731-b3dc-5804518504ca,03__SBN__OIS__BPM__1,OISHI Snack Bắp Vị Phô Mai,15000.0,0.0,0.0,Bịch,1,0,False,False,Snack Bắp,OISHI,,0.0,0,0,Không đồng bộ,False,0,00000000-0000-0000-0000-000000000000,8.0,,False,8934803042818,,False,True,00000000-0000-0000-0000-000000000000,0.0,0.0,0.0,0.0
116ffb44-c709-46a7-a059-f01ed6955282,03__SBN__OIS__CAY__68,OISHI Snack Bắp 4 Lớp Vị Sriracha Vị Cay 68g,15000.0,0.0,0.0,Bịch,1,0,False,False,Snack Bắp,OISHI,,0.0,0,0,Không đồng bộ,False,0,00000000-0000-0000-0000-000000000000,8.0,68,False,8934803046205,,False,True,00000000-0000-0000-0000-000000000000,0.0,0.0,0.0,0.0
f8d0c6de-0a16-4823-b609-155d930f2659,03__SBN__OIS__PMI__68,OISHI Snack Bắp 4 Lớp Vị Phô Mai 68g,15000.0,0.0,0.0,Chiếc,1,0,False,False,Snack Bắp,OISHI,,0.0,0,0,Không đồng bộ,False,0,00000000-0000-0000-0000-000000000000,8.0,,False,8934803070439,,False,True,00000000-0000-0000-0000-000000000000,0.0,0.0,0.0,0.0
9f8b4169-179b-40bb-af08-8373d5622fd7,03__SBN__ORO__BAP__70,ORION Snack Corn Chip Vị Bắp Nướng Bơ 70g,16000.0,0.0,0.0,Bịch,1,0,False,False,Snack Bắp,ORION,,0.0,0,0,Không đồng bộ,False,0,00000000-0000-0000-0000-000000000000,8.0,70,False,8936036025996,,False,True,00000000-0000-0000-0000-000000000000,0.0,0.0,0.0,0.0
416d455e-d2ea-47b5-b72b-1f658d687a31,03__SBN__ORO__NBO__35,ORION Snack Corn Chip Vị Bắp Nướng Bơ 35g,7000.0,0.0,0.0,Bịch,1,0,False,False,Snack Bắp,ORION,,0.0,0,0,Không đồng bộ,False,0,00000000-0000-0000-0000-000000000000,8.0,,False,8936036024067,,False,True,00000000-0000-0000-0000-000000000000,0.0,0.0,0.0,0.0
49ea87fb-2c57-483e-a96a-0ba8a26cfe72,03__SKH__BAF__BOO__30,BATRAFOOD BT Trộn Sa Tế Bò 25g,10000.0,0.0,0.0,Bịch,1,0,False,False,Snack Khác,BATRAFOOD,,0.0,0,0,Không đồng bộ,False,0,00000000-0000-0000-0000-000000000000,8.0,30,False,8938529066844,,False,True,00000000-0000-0000-0000-000000000000,0.0,0.0,0.0,0.0
26334272-5951-443f-b8c3-f49b5cd000d9,03__SKH__BAF__CAN__45,BATRAFOOD BT Khô Cá Nướng Fishi 45g,20000.0,0.0,0.0,Bịch,1,0,False,False,Snack Khác,BATRAFOOD,,0.0,0,0,Không đồng bộ,False,0,00000000-0000-0000-0000-000000000000,8.0,45,False,8938529066516,,False,True,00000000-0000-0000-0000-000000000000,0.0,0.0,0.0,0.0
019e96de-6c3a-47d9-a1a3-2a195e84b8b4,03__SKH__BAF__GCY__45,BATRAFOOD BT Nướng Phủ Gà Cay Chycky 45g,20000.0,0.0,0.0,Bịch,1,0,False,False,Snack Khác,BATRAFOOD,,0.0,0,0,Không đồng bộ,False,0,00000000-0000-0000-0000-000000000000,8.0,45,False,8938529066165,,False,True,00000000-0000-0000-0000-000000000000,0.0,0.0,0.0,0.0
7e7e8d3c-5fed-4643-ae3b-77c22acf189f,03__SKH__BAF__MUC__45,BATRAFOOD BT Khô Mực Nướng SquiDy 45g,20000.0,0.0,0.0,Bịch,1,0,False,False,Snack Khác,BATRAFOOD,,0.0,0,0,Không đồng bộ,False,0,00000000-0000-0000-0000-000000000000,8.0,45,False,8938529066509,,False,True,00000000-0000-0000-0000-000000000000,0.0,0.0,0.0,0.0
fea3d1d0-4a2e-44b2-aed6-4ef48a5936f0,03__SKH__BAF__PMI__30,BATRAFOOD BT Trộn Phô Mai,20000.0,0.0,0.0,Bịch,1,0,False,False,Snack Khác,BATRAFOOD,,0.0,0,0,Không đồng bộ,False,0,00000000-0000-0000-0000-000000000000,8.0,,False,8938529066875,,False,True,00000000-0000-0000-0000-000000000000,0.0,0.0,0.0,0.0
905b8ebe-b744-4502-918d-fee684b32d1a,03__SKH__BAF__RGB__30,BATRAFOOD BT Trộn Rong Biển Gà Cay 30g,10000.0,0.0,0.0,Bịch,1,0,False,False,Snack Khác,BATRAFOOD,,0.0,0,0,Không đồng bộ,False,0,00000000-0000-0000-0000-000000000000,8.0,30,False,8938529066776,,False,True,00000000-0000-0000-0000-000000000000,0.0,0.0,0.0,0.0
e9bbbab7-e414-4be4-aa3a-fb9058e82b09,03__SKH__BAF__TMHK__30,BATRAFOOD BT Trộn Trứng Muối Hoàng Kim,10000.0,0.0,0.0,Bịch,1,0,False,False,Snack Khác,BATRAFOOD,,0.0,0,0,Không đồng bộ,False,0,00000000-0000-0000-0000-000000000000,8.0,,False,8938529066882,,False,True,00000000-0000-0000-0000-000000000000,0.0,0.0,0.0,0.0
b3edf433-0406-49cd-9c51-0ff0f5234e9f,03__SKH__BAF__TOI__45,BATRAFOOD BT Nướng Mắm Tỏi Ori 45g,20000.0,0.0,0.0,Bịch,1,0,False,False,Snack Khác,BATRAFOOD,,0.0,0,0,Không đồng bộ,False,0,00000000-0000-0000-0000-000000000000,8.0,45,False,8938529066363,,False,True,00000000-0000-0000-0000-000000000000,0.0,0.0,0.0,0.0
214459f1-354a-4593-8b44-a88b05373ab2,03__SKH__BAF__TOM__45,BATRAFOOD BT Nướng Sốt Tôm Cay Tik Tik 45g,20000.0,0.0,0.0,Bịch,1,0,False,False,Snack Khác,BATRAFOOD,,0.0,0,0,Không đồng bộ,False,0,00000000-0000-0000-0000-000000000000,8.0,45,False,8938529066172,,False,True,00000000-0000-0000-0000-000000000000,0.0,0.0,0.0,0.0
946bed0b-8944-45cf-90e1-e6b10ec44d5f,03__SKH__BAF__XAH__30,BATRAFOOD BT Trộn Xoài Xanh Muối Ớt 30g,10000.0,0.0,0.0,Bịch,1,0,False,False,Snack Khác,BATRAFOOD,,0.0,0,0,Không đồng bộ,False,0,00000000-0000-0000-0000-000000000000,8.0,30,False,8938529066868,,False,True,00000000-0000-0000-0000-000000000000,0.0,0.0,0.0,0.0
b85caea4-78e1-47eb-8bbf-1cdb117f50f4,03__SKH__BEN__CDO__22,BENTO Max Extreme Snack Hải Sản Cay Ngọt Đỏ 22g,28000.0,0.0,0.0,Bịch,1,0,False,False,Snack Khác,Bento,,0.0,0,0,Không đồng bộ,False,0,00000000-0000-0000-0000-000000000000,8.0,22,False,8935342400480,,False,True,00000000-0000-0000-0000-000000000000,0.0,0.0,0.0,0.0
c4ba4f0b-f5de-47d6-8c88-67ba62f91f35,03__SKH__BEN__DEN__18,BENTO Snack Hải Sản Vị Ớt Cực Cay Đen 18g,30000.0,0.0,0.0,Bịch,1,0,False,False,Snack Khác,Bento,,0.0,0,0,Không đồng bộ,False,0,00000000-0000-0000-0000-000000000000,8.0,,False,8850157402231,,False,True,00000000-0000-0000-0000-000000000000,0.0,0.0,0.0,0.0
7009b15d-379b-4d65-894c-44ae04f1e94f,03__SKH__BEN__XAH__22,BENTO Max Extreme Snack Hải Sản Cay Nồng Xanh Dương 22g,28000.0,0.0,0.0,Bịch,1,0,False,False,Snack Khác,Bento,,0.0,0,0,Không đồng bộ,False,0,00000000-0000-0000-0000-000000000000,8.0,22,False,8935342400510,,False,True,00000000-0000-0000-0000-000000000000,0.0,0.0,0.0,0.0
95cf64c9-fd0a-4e9d-bdaa-679f9fb2a83d,03__SKH__DOR__CAM__20,DORKBUA Snack Que Cam Thịt Heo Xông Khói 20g,13000.0,0.0,0.0,Bịch,1,0,False,False,Snack Khác,DORKBUA,,0.0,0,0,Không đồng bộ,False,0,00000000-0000-0000-0000-000000000000,8.0,20,False,8935342400077,,False,True,00000000-0000-0000-0000-000000000000,0.0,0.0,0.0,0.0
62f05d94-08aa-4b0f-b814-ac25650d720f,03__SKH__DOR__CAM__50,DORKBUA Snack Que Cam Thịt Heo Xông Khói 50g,16000.0,0.0,0.0,Bịch,1,0,False,False,Snack Khác,DORKBUA,,0.0,0,0,Không đồng bộ,False,0,00000000-0000-0000-0000-000000000000,8.0,50,False,8935342400084,,False,True,00000000-0000-0000-0000-000000000000,0.0,0.0,0.0,0.0
b830c974-fc26-41aa-a09f-319d80e3b279,03__SKH__DOR__DDO__20,DORKBUA Snack Que Đỏ Thịt Heo Xông Khói 20g,10000.0,0.0,0.0,Bịch,1,0,False,False,Snack Khác,DORKBUA,,0.0,0,0,Không đồng bộ,False,0,00000000-0000-0000-0000-000000000000,8.0,20,False,8935342400015,,False,True,00000000-0000-0000-0000-000000000000,0.0,0.0,0.0,0.0
91ba733e-b0f0-4284-9fb1-818a90ff693f,03__SKH__DOR__DDO__55,DORKBUA Snack Que Đỏ Thịt Heo Xông Khói 55g,16000.0,0.0,0.0,Bịch,1,0,False,False,Snack Khác,DORKBUA,,0.0,0,0,Không đồng bộ,False,0,00000000-0000-0000-0000-000000000000,8.0,50,False,8935342400022,,False,True,00000000-0000-0000-0000-000000000000,0.0,0.0,0.0,0.0
a1293eac-c58e-4ea3-b0c5-0df17a90c548,03__SKH__ENA__HGA__30,GEMEZ ENAAK Snack Mì Hương Gà 30g,10000.0,0.0,0.0,Gói,1,0,False,False,Snack Khác,GEMEZ ENAAK,,0.0,0,0,Không đồng bộ,False,0,00000000-0000-0000-0000-000000000000,8.0,,False,8994834002595,,False,True,00000000-0000-0000-0000-000000000000,0.0,0.0,0.0,0.0
fcad80e7-d965-41ec-b4b6-5a9d45b05db9,03__SKH__ENA__HOT__28,GEMEZ ENAAK Snack Mì Hương Ớt 28g,10000.0,0.0,0.0,Gói,1,0,False,False,Snack Khác,GEMEZ ENAAK,,0.0,0,0,Không đồng bộ,False,0,00000000-0000-0000-0000-000000000000,8.0,28,False,8994834004728,,False,True,00000000-0000-0000-0000-000000000000,0.0,0.0,0.0,0.0
cde37446-cccc-4004-9e27-99e95f73dd63,03__SKH__GLO__2CO__39,GLICO Pocky Double Chocolate Hộp 39g,28000.0,0.0,0.0,Hộp,1,0,False,False,Snack Khác,GLICO POCKY,,0.0,0,0,Không đồng bộ,False,0,00000000-0000-0000-0000-000000000000,8.0,39,False,8851019310244,,False,True,00000000-0000-0000-0000-000000000000,0.0,0.0,0.0,0.0
242937b6-5b69-4a9b-a6f5-12baed4248d3,03__SKH__GLO__CHO__40,GLICO Pocky Chocolate Hộp 40g,28000.0,0.0,0.0,Hộp,1,0,False,False,Snack Khác,GLICO POCKY,,0.0,0,0,Không đồng bộ,False,0,00000000-0000-0000-0000-000000000000,8.0,40,False,8851019310190,,False,True,00000000-0000-0000-0000-000000000000,0.0,0.0,0.0,0.0
53db35d7-5088-44f3-bea7-1780e0109864,03__SKH__GLO__CRM__40,GLICO Pocky Cookies & Cream Hộp 40g,28000.0,0.0,0.0,Hộp,1,0,False,False,Snack Khác,GLICO POCKY,,0.0,0,0,Không đồng bộ,False,0,00000000-0000-0000-0000-000000000000,8.0,40,False,8851019500195,,False,True,00000000-0000-0000-0000-000000000000,0.0,0.0,0.0,0.0
7d63b2b0-a98e-48bf-8756-4cdff78b9815,03__SKH__GLO__DAU__38,GLICO Pocky Dâu Hộp 38g,28000.0,0.0,0.0,Hộp,1,0,False,False,Snack Khác,GLICO POCKY,,0.0,0,0,Không đồng bộ,False,0,00000000-0000-0000-0000-000000000000,8.0,38,False,8851019310206,,False,True,00000000-0000-0000-0000-000000000000,0.0,0.0,0.0,0.0
7d7d54b6-d018-4461-947e-35855d9569ed,03__SKH__GLO__MAT__35,GLICO Pocky Milky Matcha Hộp 35g,28000.0,0.0,0.0,Hộp,1,0,False,False,Snack Khác,GLICO POCKY,,0.0,0,0,Không đồng bộ,False,0,00000000-0000-0000-0000-000000000000,8.0,35,False,8851019500164,,False,True,00000000-0000-0000-0000-000000000000,0.0,0.0,0.0,0.0
d1570048-16e4-4683-8a7b-ec6ee403639b,03__SKH__GLO__SUA__40,GLICO Pocky Sữa Hộp 40g,28000.0,0.0,0.0,Hộp,1,0,False,False,Snack Khác,GLICO POCKY,,0.0,0,0,Không đồng bộ,False,0,00000000-0000-0000-0000-000000000000,8.0,40,False,8851019600277,,False,True,00000000-0000-0000-0000-000000000000,0.0,0.0,0.0,0.0
e3f15e72-57ed-4ce7-85e8-c859fbdca848,03__SKH__HNM__TOM__52,HANAMI Snack Tôm Thái Bịch 52g,35000.0,0.0,0.0,Bịch,1,0,False,False,Snack Khác,HANAMI,,0.0,0,0,Không đồng bộ,False,0,00000000-0000-0000-0000-000000000000,8.0,52,False,8852052110501,,False,True,00000000-0000-0000-0000-000000000000,0.0,0.0,0.0,0.0
e1ed72b6-72ee-44b4-b1b3-51ef032863ed,03__SKH__KRI__DAU__50,KIDO KRIZZI Bánh Snack Vị Dâu 50g,18000.0,0.0,0.0,Bịch,1,0,False,False,Snack Khác,KIDO KRIZZI,,0.0,0,0,Không đồng bộ,False,0,00000000-0000-0000-0000-000000000000,8.0,,False,8997212800806,,False,True,00000000-0000-0000-0000-000000000000,0.0,0.0,0.0,0.0
d7e6409b-78f2-4250-a736-ed2bc6033c0a,03__SKH__KRI__MOC__50,KIDO KRIZZI Bánh Snack Mocha 50g,18000.0,0.0,0.0,Bịch,1,0,False,False,Snack Khác,KIDO KRIZZI,,0.0,0,0,Không đồng bộ,False,0,00000000-0000-0000-0000-000000000000,8.0,50,False,8997212801094,,False,True,00000000-0000-0000-0000-000000000000,0.0,0.0,0.0,0.0
eb82db6b-b840-49cd-a9a7-df9ca6f713c7,03__SKH__KRI__SOC__50,KIDO KRIZZI Bánh Snack Vị Socola 50g,18000.0,0.0,0.0,Bịch,1,0,False,False,Snack Khác,KIDO KRIZZI,,0.0,0,0,Không đồng bộ,False,0,00000000-0000-0000-0000-000000000000,8.0,50,False,8997212800790,,False,True,00000000-0000-0000-0000-000000000000,0.0,0.0,0.0,0.0
31590bc4-fd7b-40b2-b178-e20bc95c59cc,03__SKH__LOT__CAC__40,LOTTE Toppo Bánh Que Nhân Socola Hương Cacao 40g,25000.0,0.0,0.0,Hộp,1,0,False,False,Snack Khác,LOTTE Toppo,,0.0,0,0,Không đồng bộ,False,0,00000000-0000-0000-0000-000000000000,8.0,40,False,8852008510492,,False,True,00000000-0000-0000-0000-000000000000,0.0,0.0,0.0,0.0
86bce623-ea9f-4efb-91b7-d3bae96c6124,03__SKH__LOT__DAU__40,LOTTE Toppo Bánh Que Nhân Kem Dâu 40g,25000.0,0.0,0.0,Hộp,1,0,False,False,Snack Khác,LOTTE Toppo,,0.0,0,0,Không đồng bộ,False,0,00000000-0000-0000-0000-000000000000,8.0,40,False,8852008511239,,False,True,00000000-0000-0000-0000-000000000000,0.0,0.0,0.0,0.0
63c45577-8060-42bf-b129-8a9042832865,03__SKH__LOT__DEN__37,LOTTE Bánh Gấu KOALA's Vỏ Và Nhân Socola Đen 37g,25000.0,0.0,0.0,Hộp,1,0,False,False,Snack Khác,Lotte,,0.0,0,0,Không đồng bộ,False,0,00000000-0000-0000-0000-000000000000,8.0,37,False,8852008304848,,False,True,00000000-0000-0000-0000-000000000000,0.0,0.0,0.0,0.0
bb1558bf-2e7c-4f89-aae0-8ea0b3a496c0,03__SKH__LOT__HOG__37,LOTTE Bánh Gấu KOALA's Nhân Kem Dâu 37g,25000.0,0.0,0.0,Hộp,1,0,False,False,Snack Khác,Lotte,,0.0,0,0,Không đồng bộ,False,0,00000000-0000-0000-0000-000000000000,8.0,37,False,8852008300130,,False,True,00000000-0000-0000-0000-000000000000,0.0,0.0,0.0,0.0
80e804c4-5aec-4fcf-81d7-1fff81da3f85,03__SKH__LOT__TRA__37,LOTTE Bánh Gấu KOALA's Nhân Socola Trắng 37g,25000.0,0.0,0.0,Hộp,1,0,False,False,Snack Khác,Lotte,,0.0,0,0,Không đồng bộ,False,0,00000000-0000-0000-0000-000000000000,8.0,37,False,8852008304879,,False,True,00000000-0000-0000-0000-000000000000,0.0,0.0,0.0,0.0
24c6c102-acf6-4fe8-a99b-347896982fee,03__SKH__LOT__VAN__40,LOTTE Toppo Bánh Que Nhân Socola Vani 40g,25000.0,0.0,0.0,Hộp,1,0,False,False,Snack Khác,LOTTE Toppo,,0.0,0,0,Không đồng bộ,False,0,00000000-0000-0000-0000-000000000000,8.0,40,False,8852008510010,,False,True,00000000-0000-0000-0000-000000000000,0.0,0.0,0.0,0.0
e3a42dfa-6f06-4da3-84db-79052cca95ca,03__SKH__LOT__XLA__37,LOTTE Bánh Gấu KOALA's Nhân Socola Xanh Lá 37g,25000.0,0.0,0.0,Hộp,1,0,False,False,Snack Khác,Lotte,,0.0,0,0,Không đồng bộ,False,0,00000000-0000-0000-0000-000000000000,8.0,37,False,8852008300116,,False,True,00000000-0000-0000-0000-000000000000,0.0,0.0,0.0,0.0
00208705-a409-45c6-a203-604d17773381,03__SKH__MEI__CAC__40,MEIJI HELLO PANDA Bánh Gấu Cacao Kem Socola 40g,40000.0,0.0,0.0,Bịch,1,0,False,False,Snack Khác,MEIJI HELLO PANDA,,0.0,0,0,Không đồng bộ,False,0,00000000-0000-0000-0000-000000000000,8.0,40,False,8888077102108,,False,True,00000000-0000-0000-0000-000000000000,0.0,0.0,0.0,0.0
e359fd08-1a1d-4eb4-851f-4dbefbd72c08,03__SKH__MEI__DAU__40,MEIJI HELLO PANDA Bánh Gấu Dâu 40g,40000.0,0.0,0.0,Hộp,1,0,False,False,Snack Khác,MEIJI HELLO PANDA,,0.0,0,0,Không đồng bộ,False,0,00000000-0000-0000-0000-000000000000,8.0,40,False,8888077102092,,False,True,00000000-0000-0000-0000-000000000000,0.0,0.0,0.0,0.0
bc25a0bd-a523-4061-a442-adcc5a7ea051,03__SKH__MEI__SOC__40,MEIJI HELLO PANDA Bánh Gấu Socola 40g,40000.0,0.0,0.0,Hộp,1,0,False,False,Snack Khác,MEIJI HELLO PANDA,,0.0,0,0,Không đồng bộ,False,0,00000000-0000-0000-0000-000000000000,8.0,40,False,8888077102023,,False,True,00000000-0000-0000-0000-000000000000,0.0,0.0,0.0,0.0
3942643c-bd4f-4ebc-bee2-3b0b7a027c9a,03__SKH__MEI__SUA__40,MEIJI HELLO PANDA Bánh Gấu Sữa 40g,40000.0,0.0,0.0,Hộp,1,0,False,False,Snack Khác,MEIJI HELLO PANDA,,0.0,0,0,Không đồng bộ,False,0,00000000-0000-0000-0000-000000000000,8.0,40,False,8888077108032,,False,True,00000000-0000-0000-0000-000000000000,0.0,0.0,0.0,0.0
297dadb1-81ce-4dbd-802c-bde0d81fc5d3,03__SKH__MIX__CAY__25,MIX Bánh Que Vị Ớt Cay 25g,10000.0,0.0,0.0,Bịch,1,0,False,False,Snack Khác,Mix,,0.0,0,0,Không đồng bộ,False,0,00000000-0000-0000-0000-000000000000,8.0,25,False,8858223008493,,False,True,00000000-0000-0000-0000-000000000000,0.0,0.0,0.0,0.0
d06abbbb-7424-4fe3-9e7c-20b6f4d35ca6,03__SKH__MIX__GCY__150,MIX Bánh Que Vị Gà Cay Hũ 150g,60000.0,0.0,0.0,Hũ,1,0,False,False,Snack Khác,Mix,,0.0,0,0,Không đồng bộ,False,0,00000000-0000-0000-0000-000000000000,8.0,150,False,8858223025025,,False,True,00000000-0000-0000-0000-000000000000,0.0,0.0,0.0,0.0
9de64ca6-e661-4af8-9345-b1f9dd8cd541,03__SKH__MIX__GCY__25,MIX Bánh Que Vị Gà Cay 25g,10000.0,0.0,0.0,Bịch,1,0,False,False,Snack Khác,Mix,,0.0,0,0,Không đồng bộ,False,0,00000000-0000-0000-0000-000000000000,8.0,25,False,8858223005911,,False,True,00000000-0000-0000-0000-000000000000,0.0,0.0,0.0,0.0
3d8aa384-0c4c-468c-bf3b-f7d5fc03a5f3,03__SKH__MIX__GCY__50,MIX Bánh Que Vị Gà Cay 50g,25000.0,0.0,0.0,Bịch,1,0,False,False,Snack Khác,Mix,,0.0,0,0,Không đồng bộ,False,0,00000000-0000-0000-0000-000000000000,8.0,50,False,8858223005898,,False,True,00000000-0000-0000-0000-000000000000,0.0,0.0,0.0,0.0
87d081a9-54d5-49f2-a9d4-fbbfb058bb1f,03__SKH__MIX__HAN__50,MIX Bánh Que Vị Gà Cay Hàn Quốc 50g,30000.0,0.0,0.0,Bịch,1,0,False,False,Snack Khác,Mix,,0.0,0,0,Không đồng bộ,False,0,00000000-0000-0000-0000-000000000000,8.0,50,False,8858223003399,,False,True,00000000-0000-0000-0000-000000000000,0.0,0.0,0.0,0.0
33a0aa0d-4651-4def-ae12-e5910f1eccfe,03__SKH__MIX__OCY__50,MIX Bánh Que Vị Ớt Cay 50g,25000.0,0.0,0.0,Bịch,1,0,False,False,Snack Khác,Mix,,0.0,0,0,Không đồng bộ,False,0,00000000-0000-0000-0000-000000000000,8.0,50,False,8858223008479,,False,True,00000000-0000-0000-0000-000000000000,0.0,0.0,0.0,0.0
8947c35b-2cb2-4aef-b15e-2f257e5356f7,03__SKH__MIX__TXK__50,MIX Bánh Que Vị Thịt Xông Khói 50g,30000.0,0.0,0.0,Bịch,1,0,False,False,Snack Khác,Mix,,0.0,0,0,Không đồng bộ,False,0,00000000-0000-0000-0000-000000000000,8.0,50,False,8858223012377,,False,True,00000000-0000-0000-0000-000000000000,0.0,0.0,0.0,0.0
443f2e50-e184-4aba-aa96-6a452161f2de,03__SKH__OIS__BDO__68,OISHI Snack Bí Đỏ 68g,15000.0,0.0,0.0,Bịch,1,0,False,False,Snack Khác,OISHI,,0.0,0,0,Không đồng bộ,False,0,00000000-0000-0000-0000-000000000000,8.0,68,False,8934803012880,,False,True,00000000-0000-0000-0000-000000000000,0.0,0.0,0.0,0.0
76604878-6041-4d6e-9513-2acd90ef7e09,03__SKH__OIS__CUA__68,OISHI Snack Cua Vị Xốt Chua Ngọt 68g,15000.0,0.0,0.0,Bịch,1,0,False,False,Snack Khác,OISHI,,0.0,0,0,Không đồng bộ,False,0,00000000-0000-0000-0000-000000000000,8.0,68,False,8934803042283,,False,True,00000000-0000-0000-0000-000000000000,0.0,0.0,0.0,0.0
71e54049-a026-4e51-87c1-ef12c61a956b,03__SKH__OIS__DBT__68,OISHI Snack Tôm Cay Đặc Biệt 68g,15000.0,0.0,0.0,Bịch,1,0,False,False,Snack Khác,OISHI,,0.0,0,0,Không đồng bộ,False,0,00000000-0000-0000-0000-000000000000,8.0,68,False,8934803042276,,False,True,00000000-0000-0000-0000-000000000000,0.0,0.0,0.0,0.0
2a8a70f1-94f4-45ab-979f-0dd78d73b767,03__SKH__OIS__MUC__68,OISHI Snack Tôm Vị Mực Nướng Muối Ớt 68g,15000.0,0.0,0.0,Bịch,1,0,False,False,Snack Khác,OISHI,,0.0,0,0,Không đồng bộ,False,0,00000000-0000-0000-0000-000000000000,8.0,68,False,8934803070187,,False,True,00000000-0000-0000-0000-000000000000,0.0,0.0,0.0,0.0
07156cfd-e8ba-4bb0-83fb-f4f5146ad26a,03__SKH__OIS__MUC_68,OISHI Snack Mực Indo 68g,15000.0,0.0,0.0,Bịch,1,0,False,False,Snack Khác,OISHI,,0.0,0,0,Không đồng bộ,False,0,00000000-0000-0000-0000-000000000000,8.0,68,False,8934803024814,,False,True,00000000-0000-0000-0000-000000000000,0.0,0.0,0.0,0.0
9110e59d-158f-42d2-b980-b7e8fb8ea308,03__SKH__OIS__PMI__68,OISHI Snack Phô Mai Miếng 68g,16000.0,0.0,0.0,Bịch,1,0,False,False,Snack Khác,OISHI,,0.0,0,0,Không đồng bộ,False,0,00000000-0000-0000-0000-000000000000,8.0,68,False,8934803026122,,False,True,00000000-0000-0000-0000-000000000000,0.0,0.0,0.0,0.0
04c51890-696f-4601-a550-015702630fff,03__SKH__OIS__TCY__68,OISHI Snack Tôm Cay 68g,16000.0,0.0,0.0,Bịch,1,0,False,False,Snack Khác,OISHI,,0.0,0,0,Không đồng bộ,False,0,00000000-0000-0000-0000-000000000000,8.0,68,False,8934803012255,,False,True,00000000-0000-0000-0000-000000000000,0.0,0.0,0.0,0.0
ec04bcb6-29f4-4b76-9b7c-cf1731225ab7,03__SKH__OIS__VMC__68,OISHI Snack Viên Vị Mực Cay 68g,15000.0,0.0,0.0,Bịch,1,0,False,False,Snack Khác,OISHI,,0.0,0,0,Không đồng bộ,False,0,00000000-0000-0000-0000-000000000000,8.0,68,False,8934803070064,,False,True,00000000-0000-0000-0000-000000000000,0.0,0.0,0.0,0.0
fd18a464-f530-4323-9a0e-1053da87c106,03__SKH__OIS__VTA__68,OISHI Snack Viên Vị Takoyaki Nhật Bản 68g,15000.0,0.0,0.0,Bịch,1,0,False,False,Snack Khác,OISHI,,0.0,0,0,Không đồng bộ,False,0,00000000-0000-0000-0000-000000000000,8.0,68,False,8934803070071,,False,True,00000000-0000-0000-0000-000000000000,0.0,0.0,0.0,0.0
9480a41c-ad89-4027-a3ec-e43150eeaf49,03__SKH__OIS__ZCV__80,OISHI Snack Pillows Nhân Socola Vị Cookies và Vani Túi Zip 80g,16000.0,0.0,0.0,Bịch,1,0,False,False,Snack Khác,OISHI,,0.0,0,0,Không đồng bộ,False,0,00000000-0000-0000-0000-000000000000,8.0,80,False,8934803054590,,False,True,00000000-0000-0000-0000-000000000000,0.0,0.0,0.0,0.0
94865658-ab4c-4deb-9fb7-e19b4c85a3c2,03__SKH__OIS__ZHA__80,OISHI Snack Pillows Nhân Socola Vị Hazelnut Túi Zip 80g,16000.0,0.0,0.0,Bịch,1,0,False,False,Snack Khác,OISHI,,0.0,0,0,Không đồng bộ,False,0,00000000-0000-0000-0000-000000000000,8.0,80,False,8934803071108,,False,True,00000000-0000-0000-0000-000000000000,0.0,0.0,0.0,0.0
174a28f6-3444-4aee-8ce9-da1abae8566d,03__SKH__OIS__ZKM__80,OISHI Snack Pillows Nhân Socola Vị Khoai Môn Túi Zip 80g,16000.0,0.0,0.0,Bịch,1,0,False,False,Snack Khác,OISHI,,0.0,0,0,Không đồng bộ,False,0,00000000-0000-0000-0000-000000000000,8.0,80,False,8934803071160,,False,True,00000000-0000-0000-0000-000000000000,0.0,0.0,0.0,0.0
4b648c80-325d-4080-b67c-86ac9d4382ce,03__SKH__OIS__ZMA__75,OISHI Snack Nhúng Matcha Túi Zip 75g,16000.0,0.0,0.0,Bịch,1,0,False,False,Snack Khác,OISHI,,0.0,0,0,Không đồng bộ,False,0,00000000-0000-0000-0000-000000000000,8.0,,False,8934803041521,,False,True,00000000-0000-0000-0000-000000000000,0.0,0.0,0.0,0.0
0d20a05d-ee1c-4db7-824a-e424f5c96adc,03__SKH__OIS__ZMO__70,OISHI Snack Tôm Xốt Tương Mật Ong Túi Zip 70g,16000.0,0.0,0.0,Bịch,1,0,False,False,Snack Khác,OISHI,,0.0,0,0,Không đồng bộ,False,0,00000000-0000-0000-0000-000000000000,8.0,70,False,8934803071337,,False,True,00000000-0000-0000-0000-000000000000,0.0,0.0,0.0,0.0
da897518-fae0-42f6-956a-52bf26667b78,03__SKH__OIS__ZSD__80,OISHI Snack Pillows Nhân Socola Vị Sữa Dừa Túi Zip 80g,16000.0,0.0,0.0,Bịch,1,0,False,False,Snack Khác,OISHI,,0.0,0,0,Không đồng bộ,False,0,00000000-0000-0000-0000-000000000000,8.0,80,False,8934803044171,,False,True,00000000-0000-0000-0000-000000000000,0.0,0.0,0.0,0.0
1cdf8027-a80a-440b-9a7f-9210819c3d49,03__SKH__OIS__ZSO__75,OISHI Snack Nhúng Socola Túi Zip 75g,16000.0,0.0,0.0,Bịch,1,0,False,False,Snack Khác,OISHI,,0.0,0,0,Không đồng bộ,False,0,00000000-0000-0000-0000-000000000000,8.0,75,False,8934803042337,,False,True,00000000-0000-0000-0000-000000000000,0.0,0.0,0.0,0.0
2298425c-e686-464b-8258-5745aa141f11,03__SKH__OIS__ZSO__80,OISHI Snack Pillows Nhân Socola Túi Zip 80g,16000.0,0.0,0.0,Bịch,1,0,False,False,Snack Khác,OISHI,,0.0,0,0,Không đồng bộ,False,0,00000000-0000-0000-0000-000000000000,8.0,80,False,8934803043891,,False,True,00000000-0000-0000-0000-000000000000,0.0,0.0,0.0,0.0
bd992bb8-e04e-40b1-b9e9-7b76f2fba5ad,03__SKH__OIS__ZTB__65,OISHI Snack Xoắn Vị Tôm Xốt Bơ Tỏi Túi Zip 65g,16000.0,0.0,0.0,Bịch,1,0,False,False,Snack Khác,OISHI,,0.0,0,0,Không đồng bộ,False,0,00000000-0000-0000-0000-000000000000,8.0,65,False,58934588843115,,False,True,00000000-0000-0000-0000-000000000000,0.0,0.0,0.0,0.0
0c1173d1-e75c-4e9a-b8ab-8007fbbb71c2,03__SKH__OIS__ZTC__65,OISHI Snack Tôm Cay Nồng Túi Zip 65g,16000.0,0.0,0.0,Bịch,1,0,False,False,Snack Khác,OISHI,,0.0,0,0,Không đồng bộ,False,0,00000000-0000-0000-0000-000000000000,8.0,65,False,8934803071085,,False,True,00000000-0000-0000-0000-000000000000,0.0,0.0,0.0,0.0
c9d2fd2e-552d-4d09-9faf-501e60a02229,03__SKH__OIS__ZTM__65,OISHI Snack Xoắn Vị Xốt Trứng Muối Túi Zip 65g,16000.0,0.0,0.0,Bịch,1,0,False,False,Snack Khác,OISHI,,0.0,0,0,Không đồng bộ,False,0,00000000-0000-0000-0000-000000000000,8.0,65,False,8934803011364,,False,True,00000000-0000-0000-0000-000000000000,0.0,0.0,0.0,0.0
f03ba0a9-cccf-4721-8a16-205d5b0ccca1,03__SKH__OJB__BBT__35,ORION Jungle Boy Snack Bò Bít Tết 35g,16000.0,0.0,0.0,Hộp,1,0,False,False,Snack Khác,ORION Jungle Boy,,0.0,0,0,Không đồng bộ,False,0,00000000-0000-0000-0000-000000000000,8.0,35,False,8936029423761,,False,True,00000000-0000-0000-0000-000000000000,0.0,0.0,0.0,0.0
96ccdbab-8d0a-4de1-b9bd-4a2cfcb2dd10,03__SKH__OJB__PML__35,ORION Jungle Boy Snack Phô Mai LắK 35g,16000.0,0.0,0.0,Hộp,1,0,False,False,Snack Khác,ORION Jungle Boy,,0.0,0,0,Không đồng bộ,False,0,00000000-0000-0000-0000-000000000000,8.0,35,False,8936036028591,,False,True,00000000-0000-0000-0000-000000000000,0.0,0.0,0.0,0.0
05b80e52-921f-47bf-85cd-3cc1967b9498,03__SKH__OMB__GSB__35,ORION Marine Boy Snack Vị Gà Sốt Bơ Tỏi 35g,16000.0,0.0,0.0,Hộp,1,0,False,False,Snack Khác,ORION Marine Boy,,0.0,0,0,Không đồng bộ,False,0,00000000-0000-0000-0000-000000000000,8.0,35,False,8936029425550,,False,True,00000000-0000-0000-0000-000000000000,0.0,0.0,0.0,0.0
3c3905cc-279f-481e-8e0e-e181a25ccd4a,03__SKH__OMB__RBN__35,ORION Marine Boy Snack Vị Rong Biển Tuyết Xanh 35g,16000.0,0.0,0.0,Hộp,1,0,False,False,Snack Khác,ORION Marine Boy,,0.0,0,0,Không đồng bộ,False,0,00000000-0000-0000-0000-000000000000,8.0,35,False,8936036021172,,False,True,00000000-0000-0000-0000-000000000000,0.0,0.0,0.0,0.0
8be4bc84-8a22-4d86-9594-19b3023ca33e,03__SKH__OMB__TNG__35,ORION Marine Boy Snack Vị Tôm Nướng Môi Đỏ 35g,16000.0,0.0,0.0,Hộp,1,0,False,False,Snack Khác,ORION Marine Boy,,0.0,0,0,Không đồng bộ,False,0,00000000-0000-0000-0000-000000000000,8.0,35,False,8936036021165,,False,True,00000000-0000-0000-0000-000000000000,0.0,0.0,0.0,0.0
da887dab-3dea-4672-8f7b-f1473d0899c1,03__SKH__ORO__CXH__145,ORION Bánh Con Cá Bống Bang Mochi Cốm Xanh 145g,40000.0,0.0,0.0,Bịch,1,0,False,False,Snack Khác,ORION,,0.0,0,0,Không đồng bộ,False,0,00000000-0000-0000-0000-000000000000,8.0,,False,8936029424997,,False,True,00000000-0000-0000-0000-000000000000,0.0,0.0,0.0,0.0
dd402149-f154-45b8-8e29-bf8e4797548b,03__SKH__ORO__PIZ__50,ORION Ostar Swing 2Mix Snack Vị Pizza Cà Chua 50g,16000.0,0.0,0.0,Bịch,1,0,False,False,Snack Khác,ORION,,0.0,0,0,Không đồng bộ,False,0,00000000-0000-0000-0000-000000000000,8.0,50,False,8936029425291,,False,True,00000000-0000-0000-0000-000000000000,0.0,0.0,0.0,0.0
bb05ffff-c50c-4e5c-b2fd-2dac8d04b362,03__SKH__ORO__PMC__50,ORION Ostar 2Mix Snack Vị Phô Mai Cay 50g,16000.0,0.0,0.0,Bịch,1,0,False,False,Snack Khác,ORION,,0.0,0,0,Không đồng bộ,False,0,00000000-0000-0000-0000-000000000000,8.0,50,False,8936029425321,,False,True,00000000-0000-0000-0000-000000000000,0.0,0.0,0.0,0.0
90a61bb3-4961-4a88-835d-1788386173f9,03__SKH__ORO__RUA__60,ORION Snack Mai Rùa Masita Vị Bắp Bơ 60g,16000.0,0.0,0.0,Bịch,1,0,False,False,Snack Khác,ORION,,0.0,0,0,Không đồng bộ,False,0,00000000-0000-0000-0000-000000000000,8.0,60,False,8936036029819,,False,True,00000000-0000-0000-0000-000000000000,0.0,0.0,0.0,0.0
78f29ee6-b939-406e-a69a-477272c485f6,03__SKH__ORO__SDD__145,ORION Bánh Con Cá Bống Bang Mochi Socola Đậu Đỏ 145g,40000.0,0.0,0.0,Bịch,1,0,False,False,Snack Khác,ORION,,0.0,0,0,Không đồng bộ,False,0,00000000-0000-0000-0000-000000000000,8.0,145,False,8936029421781,,False,True,00000000-0000-0000-0000-000000000000,0.0,0.0,0.0,0.0
782306da-f7e5-4252-97d9-cbfeb58973a0,03__SKH__ORT__PMI__32,ORION Toonies Snack Phô Mai Bùng Nổ 32g,8000.0,0.0,0.0,Bịch,1,0,False,False,Snack Khác,ORION Toonies,,0.0,0,0,Không đồng bộ,False,0,00000000-0000-0000-0000-000000000000,8.0,32,False,8936029421354,,False,True,00000000-0000-0000-0000-000000000000,0.0,0.0,0.0,0.0
bb964480-8d6a-4230-849a-87cc068bfccb,03__SKH__ORT__PMI__60,ORION Toonies Snack Phô Mai Bùng Nổ 60g,16000.0,0.0,0.0,Bịch,1,0,False,False,Snack Khác,ORION Toonies,,0.0,0,0,Không đồng bộ,False,0,00000000-0000-0000-0000-000000000000,8.0,60,False,8936036028133,,False,True,00000000-0000-0000-0000-000000000000,0.0,0.0,0.0,0.0
207ce9d4-c1cd-4ede-a640-7b3913727c23,03__SKH__ORT__SOC__60,ORION Toonies Snack Socola 60g,16000.0,0.0,0.0,Bịch,1,0,False,False,Snack Khác,ORION Toonies,,0.0,0,0,Không đồng bộ,False,0,00000000-0000-0000-0000-000000000000,8.0,60,False,8936036028119,,False,True,00000000-0000-0000-0000-000000000000,0.0,0.0,0.0,0.0
ef9f5a32-da0f-4191-bef3-2ed441241f21,03__SKH__POC__BBQ__60,POCA Snack Que Giòn Sườn Nướng BBQ 60g,15000.0,0.0,0.0,Bịch,1,0,False,False,Snack Khác,POCA,,0.0,0,0,Không đồng bộ,False,0,00000000-0000-0000-0000-000000000000,8.0,60,False,8936079123307,,False,True,00000000-0000-0000-0000-000000000000,0.0,0.0,0.0,0.0
6abb6024-1e26-48d1-a5c1-dd34e750cc63,03__SKH__POC__BLL__60,POCA Snack Bò Lúc Lắc 60g,15000.0,0.0,0.0,Bịch,1,0,False,False,Snack Khác,POCA,,0.0,0,0,Không đồng bộ,False,0,00000000-0000-0000-0000-000000000000,8.0,60,False,8936079122249,,False,True,00000000-0000-0000-0000-000000000000,0.0,0.0,0.0,0.0
e5486ff3-0721-4b6b-8073-25ab68b4a39a,03__SKH__POC__GAQ__60,POCA Snack Gà Quay Da Giòn 60g,15000.0,0.0,0.0,Bịch,1,0,False,False,Snack Khác,POCA,,0.0,0,0,Không đồng bộ,False,0,00000000-0000-0000-0000-000000000000,8.0,60,False,8936079123208,,False,True,00000000-0000-0000-0000-000000000000,0.0,0.0,0.0,0.0
a5cfb3dc-5b80-446a-bea7-60c41c582c84,03__SKH__POC__MUC__60,POCA Snack Mực Lăn Muối Ớt 60g,15000.0,0.0,0.0,Bịch,1,0,False,False,Snack Khác,POCA,,0.0,0,0,Không đồng bộ,False,0,00000000-0000-0000-0000-000000000000,8.0,60,False,8936079122256,,False,True,00000000-0000-0000-0000-000000000000,0.0,0.0,0.0,0.0
f68fad84-d61f-47d9-8953-2b36e52a141f,03__SKH__POC__PSU__30,POCA Snack Mũ Pháp Sư 30g,15000.0,0.0,0.0,Bịch,1,0,False,False,Snack Khác,POCA,,0.0,0,0,Không đồng bộ,False,0,00000000-0000-0000-0000-000000000000,8.0,30,False,8936079125523,,False,True,00000000-0000-0000-0000-000000000000,0.0,0.0,0.0,0.0
e70f642d-ac63-44c2-8e5a-5ff273db1b18,03__SKH__POC__TAO__60,POCA Snack Cua Vị Tảo Biển 60g,15000.0,0.0,0.0,Bịch,1,0,False,False,Snack Khác,POCA,,0.0,0,0,Không đồng bộ,False,0,00000000-0000-0000-0000-000000000000,8.0,60,False,8936079124908,,False,True,00000000-0000-0000-0000-000000000000,0.0,0.0,0.0,0.0
299b43b9-b72e-45f2-a505-9905fd5c58dc,03__SKH__POC__TOM__60,POCA Snack Phồng Tôm 60g,15000.0,0.0,0.0,Bịch,1,0,False,False,Snack Khác,POCA,,0.0,0,0,Không đồng bộ,False,0,00000000-0000-0000-0000-000000000000,8.0,60,False,8936079122263,,False,True,00000000-0000-0000-0000-000000000000,0.0,0.0,0.0,0.0
8a7929ea-d873-493c-a9be-5047bcf9d7c0,03__SKH__SBT__GLT__285,SBT Lương Khô Ăn Kiêng Gạo Lứt 285g,43000.0,0.0,0.0,Bịch,1,0,False,False,Snack Khác,SBT,,0.0,0,0,Không đồng bộ,False,0,00000000-0000-0000-0000-000000000000,8.0,285,False,8936217400970,,False,True,00000000-0000-0000-0000-000000000000,0.0,0.0,0.0,0.0
8ebdefaa-9d9e-46e7-ade9-06d9893ce2c1,03__SKH__SBT__HDU__285,SBT Lương Khô Hạt Điều 285g,43000.0,0.0,0.0,Bịch,1,0,False,False,Snack Khác,SBT,,0.0,0,0,Không đồng bộ,False,0,00000000-0000-0000-0000-000000000000,8.0,285,False,8936217400253,,False,True,00000000-0000-0000-0000-000000000000,0.0,0.0,0.0,0.0
1f2e9630-9e8d-47d2-a4ee-31b23f95fd17,03__SKH__SBT__MAT__285,SBT Lương Khô Matcha 285g,43000.0,0.0,0.0,Bịch,1,0,False,False,Snack Khác,SBT,,0.0,0,0,Không đồng bộ,False,0,00000000-0000-0000-0000-000000000000,8.0,285,False,8936217400291,,False,True,00000000-0000-0000-0000-000000000000,0.0,0.0,0.0,0.0
b3f98591-dd6d-4695-add5-0f06f53f9021,03__SKH__SBT__OCH__285,SBT Lương Khô Óc Chó 285g,43000.0,0.0,0.0,Bịch,1,0,False,False,Snack Khác,SBT,,0.0,0,0,Không đồng bộ,False,0,00000000-0000-0000-0000-000000000000,8.0,285,False,8936217400260,,False,True,00000000-0000-0000-0000-000000000000,0.0,0.0,0.0,0.0
b67abbe2-916f-49be-b560-5af2afc0eb9d,03__SKH__SBT__SOC__285,SBT Lương Khô Socola Chip 285g,43000.0,0.0,0.0,Bịch,1,0,False,False,Snack Khác,SBT,,0.0,0,0,Không đồng bộ,False,0,00000000-0000-0000-0000-000000000000,8.0,285,False,8936217400284,,False,True,00000000-0000-0000-0000-000000000000,0.0,0.0,0.0,0.0
75d560ab-6537-4c4c-a866-e89764acc83f,03__SKT__LAY__BBQ__53,LAYS Snack Vị Sườn Nướng BBQ Brazil Bịch 53g,16000.0,0.0,0.0,Bịch,1,0,False,False,Snack Khoai Tây,LAYS,,0.0,0,0,Không đồng bộ,False,0,00000000-0000-0000-0000-000000000000,8.0,53,False,8936079120108,,False,True,00000000-0000-0000-0000-000000000000,0.0,0.0,0.0,0.0
151de13f-105b-4a55-9aec-b85e7589e12f,03__SKT__LAY__BBQ__90,LAYS Snack Vị Sườn Nướng BBQ Brazil Bịch 90g,30000.0,0.0,0.0,Bịch,1,0,False,False,Snack Khoai Tây,LAYS,,0.0,0,0,Không đồng bộ,False,0,00000000-0000-0000-0000-000000000000,8.0,90,False,8936079121013,,False,True,00000000-0000-0000-0000-000000000000,0.0,0.0,0.0,0.0
e4ff48cb-c2ab-4268-b411-78f207bfc51f,03__SKT__LAY__BOW__100,LAYS STAX Khoai Tây Miếng Vị Bò Wagyu Xốt Nấm Truffle Lon 100g,54000.0,0.0,0.0,Lon,1,0,False,False,Snack Khoai Tây,LAYS STAX,,0.0,0,0,Không đồng bộ,False,0,00000000-0000-0000-0000-000000000000,8.0,100,False,8850718821914;8936079126100,,False,True,00000000-0000-0000-0000-000000000000,0.0,0.0,0.0,0.0
9ddeb318-8e0b-467d-a674-ac57f309267c,03__SKT__LAY__HTY__42,LAYS STAX Khoai Tây Miếng Vị Hành Tây Lon 42g,30000.0,0.0,0.0,Lon,1,0,False,False,Snack Khoai Tây,LAYS STAX,,0.0,0,0,Không đồng bộ,False,0,00000000-0000-0000-0000-000000000000,8.0,42,False,8936079126124,,False,True,00000000-0000-0000-0000-000000000000,0.0,0.0,0.0,0.0
90861a99-6de6-4c7c-adf9-069674239cd5,03__SKT__LAY__KCA__100,LAYS STAX Vị Hành Tây Lon 100g,54000.0,0.0,0.0,Lon,1,0,False,False,Snack Khoai Tây,LAYS STAX,,0.0,0,0,Không đồng bộ,False,0,00000000-0000-0000-0000-000000000000,8.0,100,False,8936079126049,,False,True,00000000-0000-0000-0000-000000000000,0.0,0.0,0.0,0.0
487398f4-8149-4ce0-a757-5795f2c84659,03__SKT__LAY__LON__42,LAYS STAX Khoai Tây Miếng Vị Tôm Hùm Nướng Lon 42g,30000.0,0.0,0.0,Lon,1,0,False,False,Snack Khoai Tây,LAYS STAX,,0.0,0,0,Không đồng bộ,False,0,00000000-0000-0000-0000-000000000000,8.0,42,False,8850718816057,,False,True,00000000-0000-0000-0000-000000000000,0.0,0.0,0.0,0.0
d57c127d-d310-4b8f-890f-bdd52f7bf623,03__SKT__LAY__MUC__100,LAYS STAX Vị Mực Xốt Cay Lon 100g,54000.0,0.0,0.0,Lon,1,0,False,False,Snack Khoai Tây,LAYS STAX,,0.0,0,0,Không đồng bộ,False,0,00000000-0000-0000-0000-000000000000,8.0,100,False,8936079126032,,False,True,00000000-0000-0000-0000-000000000000,0.0,0.0,0.0,0.0
0fe5b0ee-d7af-42f5-8b63-f405c51d18ea,03__SKT__LAY__PAQ__42,LAYS STAX Khoai Tây Miếng Vị Phô Mai Anh Quốc Lon 42g,30000.0,0.0,0.0,Lon,1,0,False,False,Snack Khoai Tây,LAYS STAX,,0.0,0,0,Không đồng bộ,False,0,00000000-0000-0000-0000-000000000000,8.0,42,False,8936079126148,,False,True,00000000-0000-0000-0000-000000000000,0.0,0.0,0.0,0.0
ab6203ea-620a-49c1-b315-8d778370019d,03__SKT__LAY__PAQ__90,LAYS STAX Khoai Tây Miếng Vị Phô Mai Anh Quốc Lon 90g,54000.0,0.0,0.0,Lon,1,0,False,False,Snack Khoai Tây,LAYS STAX,,0.0,0,0,Không đồng bộ,False,0,00000000-0000-0000-0000-000000000000,8.0,90,False,8936079126155,,False,True,00000000-0000-0000-0000-000000000000,0.0,0.0,0.0,0.0
99e39752-9389-462b-bdbc-88a1c01f40e0,03__SKT__LAY__PMI__100,LAYS STAX Khoai Tây Miếng Vị Phô Mai Lon 100g,54000.0,0.0,0.0,Lon,1,0,False,False,Snack Khoai Tây,LAYS STAX,,0.0,0,0,Không đồng bộ,False,0,00000000-0000-0000-0000-000000000000,8.0,100,False,8850718822799,,False,True,00000000-0000-0000-0000-000000000000,0.0,0.0,0.0,0.0
ccc6aff8-c587-4778-81fa-9bb630a28d86,03__SKT__LAY__PMI__42,LAYS STAX Khoai Tây Miếng Vị Phô Mai Lon 42g,30000.0,0.0,0.0,Lon,1,0,False,False,Snack Khoai Tây,LAYS STAX,,0.0,0,0,Không đồng bộ,False,0,00000000-0000-0000-0000-000000000000,8.0,42,False,8850718822812,,False,True,00000000-0000-0000-0000-000000000000,0.0,0.0,0.0,0.0
48bf359b-08b8-41b4-8059-64e7be28c037,03__SKT__LAY__PMI__53,LAYS Snack Vị Phô Mai Cheddar Bịch 53g,16000.0,0.0,0.0,Bịch,1,0,False,False,Snack Khoai Tây,LAYS,,0.0,0,0,Không đồng bộ,False,0,00000000-0000-0000-0000-000000000000,8.0,53,False,8936079121112,,False,True,00000000-0000-0000-0000-000000000000,0.0,0.0,0.0,0.0
ca01e233-f7fc-4fa6-8515-4f5f209bc3cf,03__SKT__LAY__PMI_53,LAYS Snack Vị Tôm Càng Đút Lò Phô Mai Tan Chảy 53g,16000.0,0.0,0.0,Bịch,1,0,False,False,Snack Khoai Tây,LAYS,,0.0,0,0,Không đồng bộ,False,0,00000000-0000-0000-0000-000000000000,8.0,53,False,8936079124229,,False,True,00000000-0000-0000-0000-000000000000,0.0,0.0,0.0,0.0
cc473853-ad60-4c01-b99e-fd5be65e3ee8,03__SKT__LAY__TAO__53,LAYS Snack Vị Tảo Biển Nori Bịch 53g,16000.0,0.0,0.0,Bịch,1,0,False,False,Snack Khoai Tây,LAYS,,0.0,0,0,Không đồng bộ,False,0,00000000-0000-0000-0000-000000000000,8.0,53,False,8936079120115,,False,True,00000000-0000-0000-0000-000000000000,0.0,0.0,0.0,0.0
ab47cafc-13d6-4b9c-88fc-5a5ace295d5c,03__SKT__LAY__TEX__53,LAYS Snack Vị Thăn Bò Nướng Texas 53g,16000.0,0.0,0.0,Bịch,1,0,False,False,Snack Khoai Tây,LAYS,,0.0,0,0,Không đồng bộ,False,0,00000000-0000-0000-0000-000000000000,8.0,53,False,8936079121761,,False,True,00000000-0000-0000-0000-000000000000,0.0,0.0,0.0,0.0
661713c2-1f8c-43ff-8413-d5fdfa96edaa,03__SKT__LAY__TEX__90,LAYS Snack Vị Thăn Bò Nướng Texas 90g,30000.0,0.0,0.0,Bịch,1,0,False,False,Snack Khoai Tây,LAYS,,0.0,0,0,Không đồng bộ,False,0,00000000-0000-0000-0000-000000000000,8.0,90,False,8936079121778,,False,True,00000000-0000-0000-0000-000000000000,0.0,0.0,0.0,0.0
1f2d7b8e-8a5f-4a15-bc9c-aa0bfb1403e9,03__SKT__LAY__THM__100,LAYS STAX Vị Tôm Hùm Nướng Lon 100g,54000.0,0.0,0.0,Lon,1,0,False,False,Snack Khoai Tây,LAYS STAX,,0.0,0,0,Không đồng bộ,False,0,00000000-0000-0000-0000-000000000000,8.0,100,False,8936079126025,,False,True,00000000-0000-0000-0000-000000000000,0.0,0.0,0.0,0.0
49a2d400-f678-43f1-9413-4f4c09014cd9,03__SKT__LAY__THM__42,LAYS STAX Khoai Tây Miếng Vị Tôm Hùm Nướng Lon 42g,30000.0,0.0,0.0,Lon,1,0,False,False,Snack Khoai Tây,LAYS STAX,,0.0,0,0,Không đồng bộ,False,0,00000000-0000-0000-0000-000000000000,8.0,42,False,8936079125486,,False,True,00000000-0000-0000-0000-000000000000,0.0,0.0,0.0,0.0
9f6e477f-7c7f-4308-982e-a32d59722bf6,03__SKT__LAY__TNN__100,LAYS STAX Vị Tự Nhiên Lon 100g,54000.0,0.0,0.0,Lon,1,0,False,False,Snack Khoai Tây,LAYS STAX,,0.0,0,0,Không đồng bộ,False,0,00000000-0000-0000-0000-000000000000,8.0,100,False,8936079126018,,False,True,00000000-0000-0000-0000-000000000000,0.0,0.0,0.0,0.0
907e1889-4fdd-49a3-8b8f-dbd6ec4356fa,03__SKT__LAY__TNN__42,LAYS STAX Khoai Tây Miếng Vị Tự Nhiên Lon 42g,30000.0,0.0,0.0,Lon,1,0,False,False,Snack Khoai Tây,LAYS STAX,,0.0,0,0,Không đồng bộ,False,0,00000000-0000-0000-0000-000000000000,8.0,42,False,8936079126131,,False,True,00000000-0000-0000-0000-000000000000,0.0,0.0,0.0,0.0
b8cd6bfd-fee7-4cb0-a544-24a7fe302e0e,03__SKT__LAY__TNN__53,LAYS Snack Vị Khoai Tây Tự Nhiên Bịch 53g,16000.0,0.0,0.0,Bịch,1,0,False,False,Snack Khoai Tây,LAYS,,0.0,0,0,Không đồng bộ,False,0,00000000-0000-0000-0000-000000000000,8.0,53,False,8936079120092,,False,True,00000000-0000-0000-0000-000000000000,0.0,0.0,0.0,0.0
b51fa6ee-c59e-4249-b748-e59be4acc534,03__SKT__LAY__TNN__90,LAYS Snack Vị Khoai Tây Tự Nhiên Bịch 90g,30000.0,0.0,0.0,Bịch,1,0,False,False,Snack Khoai Tây,LAYS,,0.0,0,0,Không đồng bộ,False,0,00000000-0000-0000-0000-000000000000,8.0,90,False,8936079120139,,False,True,00000000-0000-0000-0000-000000000000,0.0,0.0,0.0,0.0
b3f4702e-10ab-4666-8af9-689680e01dfd,03__SKT__OOS__BMO__52,ORION Ostar Snack Bơ Mật Ong Bịch 52g,15000.0,0.0,0.0,Bịch,1,0,False,False,Snack Khoai Tây,ORION Ostar,,0.0,0,0,Không đồng bộ,False,0,00000000-0000-0000-0000-000000000000,8.0,52,False,8936029422771,,False,True,00000000-0000-0000-0000-000000000000,0.0,0.0,0.0,0.0
fd8ba525-345c-4f86-9184-5a291b752395,03__SKT__OOS__HAN__55,ORION Ostar Snack Kim Chi Hàn Quốc Tết,15000.0,0.0,0.0,Bịch,1,0,False,False,,ORION Ostar,,0.0,0,0,Không đồng bộ,False,0,00000000-0000-0000-0000-000000000000,8.0,,False,8936029425918,,False,True,00000000-0000-0000-0000-000000000000,0.0,0.0,0.0,0.0
548930a9-5cab-4f12-b70e-6bf05b3ebc89,03__SKT__OOS__KCI__55,ORION Ostar Snack Kim Chi Hàn Quốc Bịch 55g,15000.0,0.0,0.0,Bịch,1,0,False,False,Snack Khoai Tây,ORION Ostar,,0.0,0,0,Không đồng bộ,False,0,00000000-0000-0000-0000-000000000000,8.0,55,False,8936036021653,,False,True,00000000-0000-0000-0000-000000000000,0.0,0.0,0.0,0.0
39587303-4a03-4e4a-994f-f8158b4554ef,03__SKT__OOS__PMI__55,ORION Ostar Snack Phô Mai Trứng Muối Tết,15000.0,0.0,0.0,Bịch,1,0,False,False,Snack Khoai Tây,ORION Ostar,,0.0,0,0,Không đồng bộ,False,0,00000000-0000-0000-0000-000000000000,8.0,,False,8936029425932,,False,True,00000000-0000-0000-0000-000000000000,0.0,0.0,0.0,0.0
262063bf-d888-435f-88f5-f1e8c99aeac1,03__SKT__OOS__PMI__56,ORION Ostar Snack Phô Mai Trứng Muối Bịch 56g,15000.0,0.0,0.0,Bịch,1,0,False,False,Snack Khoai Tây,ORION Ostar,,0.0,0,0,Không đồng bộ,False,0,00000000-0000-0000-0000-000000000000,8.0,56,False,8936036026962,,False,True,00000000-0000-0000-0000-000000000000,0.0,0.0,0.0,0.0
25ec8e11-1640-4a4f-ab9e-459c6cd8de64,03__SKT__OOS__TAO__31,ORION Ostar Snack Tảo Biển Bịch 31g,10000.0,0.0,0.0,Bịch,1,0,False,False,Snack Khoai Tây,ORION Ostar,,0.0,0,0,Không đồng bộ,False,0,00000000-0000-0000-0000-000000000000,8.0,31,False,8936036020939,,False,True,00000000-0000-0000-0000-000000000000,0.0,0.0,0.0,0.0
06fd0843-4c19-4c60-bd11-713690f5c95f,03__SKT__OOS__TAO__55,ORION Ostar Snack Vị Tảo Biển Tết,15000.0,0.0,0.0,Bịch,1,0,False,False,Snack Khoai Tây,ORION Ostar,,0.0,0,0,Không đồng bộ,False,0,00000000-0000-0000-0000-000000000000,8.0,,False,8936029425925,,False,True,00000000-0000-0000-0000-000000000000,0.0,0.0,0.0,0.0
a5e53c28-1e01-4da6-8082-0497f93addbd,03__SKT__OOS__TBN__55,ORION Ostar Snack Tảo Biển Bịch 55g,15000.0,0.0,0.0,Bịch,1,0,False,False,Snack Khoai Tây,ORION Ostar,,0.0,0,0,Không đồng bộ,False,0,00000000-0000-0000-0000-000000000000,8.0,55,False,8936036021646,,False,True,00000000-0000-0000-0000-000000000000,0.0,0.0,0.0,0.0
6aa81e9f-f365-48d4-a4c3-45d82a4a582c,03__SKT__OOS__TDD__55,ORION Ostar Snack Tảo Đậm Đặc Biệt Bịch 55g,15000.0,0.0,0.0,Bịch,1,0,False,False,Snack Khoai Tây,ORION Ostar,,0.0,0,0,Không đồng bộ,False,0,00000000-0000-0000-0000-000000000000,8.0,55,False,8936029423655,,False,True,00000000-0000-0000-0000-000000000000,0.0,0.0,0.0,0.0
f24ed500-d2b3-43eb-9def-9c07bee0fb8c,03__SKT__OOS__TNN__55,ORION Ostar Snack Khoai Tây Tự Nhiên Bịch 55g,15000.0,0.0,0.0,Bịch,1,0,False,False,Snack Khoai Tây,ORION Ostar,,0.0,0,0,Không đồng bộ,False,0,00000000-0000-0000-0000-000000000000,8.0,55,False,8936036027082,,False,True,00000000-0000-0000-0000-000000000000,0.0,0.0,0.0,0.0
b5762a8d-025a-4087-a352-1a4f197e401c,03__SKT__ORO__KLT__28,ORION Snack Khoai Lang Tím 28g,8000.0,0.0,0.0,Bịch,1,0,False,False,Snack Khoai Tây,ORION Swing,,0.0,0,0,Không đồng bộ,False,0,00000000-0000-0000-0000-000000000000,8.0,28,False,8936029426472,,False,True,00000000-0000-0000-0000-000000000000,0.0,0.0,0.0,0.0
3d0fa8d7-c797-4f0d-b645-f09782f7e00d,03__SKT__ORO__TAO__28,ORION Snack Khoai Tây Tayo Vị Tảo Ngọt Bịch 28g,8000.0,0.0,0.0,Bịch,1,0,False,False,Snack Khoai Tây,ORION,,0.0,0,0,Không đồng bộ,False,0,00000000-0000-0000-0000-000000000000,8.0,28,False,8936036025293,,False,True,00000000-0000-0000-0000-000000000000,0.0,0.0,0.0,0.0
19cf06d5-6e94-4f1b-9e38-bacee8359065,03__SKT__ORO__TAY__45,ORION Snack Khoai Tây Tayo Xốt Chấm 45g,16000.0,0.0,0.0,Bịch,1,0,False,False,Snack Khoai Tây,ORION Swing,,0.0,0,0,Không đồng bộ,False,0,00000000-0000-0000-0000-000000000000,8.0,45,False,8936029423785,,False,True,00000000-0000-0000-0000-000000000000,0.0,0.0,0.0,0.0
ddc1a326-9829-45dd-964b-dc0ab8949df2,03__SKT__ORO__TAY__60,ORION Snack Khoai Tây Tayo Vị Tảo Ngọt Bịch 60g,16000.0,0.0,0.0,Bịch,1,0,False,False,Snack Khoai Tây,ORION,,0.0,0,0,Không đồng bộ,False,0,00000000-0000-0000-0000-000000000000,8.0,60,False,8936036029826,,False,True,00000000-0000-0000-0000-000000000000,0.0,0.0,0.0,0.0
c407ec90-619a-4e4d-b82e-9f8154b9e3b2,03__SKT__ORS__BBT__55,ORION Swing Snack Vị Bò Bít Tết Newyork Bịch 55g,16000.0,0.0,0.0,Bịch,1,0,False,False,Snack Khoai Tây,ORION Swing,,0.0,0,0,Không đồng bộ,False,0,00000000-0000-0000-0000-000000000000,8.0,55,False,8936036021660,,False,True,00000000-0000-0000-0000-000000000000,0.0,0.0,0.0,0.0
f8b09eba-9cf4-4dc8-b01c-577cf441a5bd,03__SKT__ORS__GAT__55,ORION Swing Snack Vị Gà Teriyaki Bịch 55g,16000.0,0.0,0.0,Bịch,1,0,False,False,Snack Khoai Tây,ORION Swing,,0.0,0,0,Không đồng bộ,False,0,00000000-0000-0000-0000-000000000000,8.0,55,False,8936036024739,,False,True,00000000-0000-0000-0000-000000000000,0.0,0.0,0.0,0.0
6132a1f8-2d41-4ca1-a8c0-80dc62216e65,03__SKT__ORS__MOB__52,ORION Swing Snack Vị Mật Ong Bơ Tỏi 52g,16000.0,0.0,0.0,Bịch,1,0,False,False,Snack Khoai Tây,ORION Swing,,0.0,0,0,Không đồng bộ,False,0,00000000-0000-0000-0000-000000000000,8.0,52,False,8936029422801,,False,True,00000000-0000-0000-0000-000000000000,0.0,0.0,0.0,0.0
749f5e57-6441-4657-9c18-84377a5fa5dc,03__SKT__ORS__TAO__50,ORION Swing Snack Vị Tảo Hàn Quốc Bịch 50g,16000.0,0.0,0.0,Bịch,1,0,False,False,Snack Khoai Tây,ORION Swing,,0.0,0,0,Không đồng bộ,False,0,00000000-0000-0000-0000-000000000000,8.0,50,False,8936029421064,,False,True,00000000-0000-0000-0000-000000000000,0.0,0.0,0.0,0.0
15ea2d97-248d-491b-bbec-6dce23e6e7b3,03__SKT__OSM__BNT__52,ORION Swing Maxx Snack Vị Bò Nướng Tiêu Đen Bịch 52g,16000.0,0.0,0.0,Bịch,1,0,False,False,Snack Khoai Tây,ORION Swing,,0.0,0,0,Không đồng bộ,False,0,00000000-0000-0000-0000-000000000000,8.0,52,False,8936036025576,,False,True,00000000-0000-0000-0000-000000000000,0.0,0.0,0.0,0.0
e00292a7-d3b0-41cf-894f-f43fa3e17874,03__SKT__OSM__XGO__52,ORION Swing Maxx Snack Xốt Gochujang Bịch 52g,16000.0,0.0,0.0,Bịch,1,0,False,False,Snack Khoai Tây,ORION Swing,,0.0,0,0,Không đồng bộ,False,0,00000000-0000-0000-0000-000000000000,8.0,52,False,8936029422443,,False,True,00000000-0000-0000-0000-000000000000,0.0,0.0,0.0,0.0
64b8d02a-be26-4d6d-a9a5-6149653952c7,03__SKT__PRI__HAH__102,PRINGLES Snack Khoai Tây Vị Kem Hành Lon 102g,72000.0,0.0,0.0,Lon,1,0,False,False,Snack Khoai Tây,PRINGLES,,0.0,0,0,Không đồng bộ,False,0,00000000-0000-0000-0000-000000000000,8.0,102,False,8886467100024,,False,True,00000000-0000-0000-0000-000000000000,0.0,0.0,0.0,0.0
abc24de1-2c6f-4a4b-90ff-8c2798197f99,03__SKT__PRI__HAH__42,PRINGLES Snack Khoai Tây Vị Kem Hành Lon 42g,40000.0,0.0,0.0,Lon,1,0,False,False,Snack Khoai Tây,PRINGLES,,0.0,0,0,Không đồng bộ,False,0,00000000-0000-0000-0000-000000000000,8.0,42,False,8886467100246,,False,True,00000000-0000-0000-0000-000000000000,0.0,0.0,0.0,0.0
d738875f-942a-4a44-886a-7184d21e8be8,03__SKT__PRI__PMI__102,PRINGLES Snack Khoai Tây Vị Phô Mai Lon 102g,72000.0,0.0,0.0,Lon,1,0,False,False,Snack Khoai Tây,PRINGLES,,0.0,0,0,Không đồng bộ,False,0,00000000-0000-0000-0000-000000000000,8.0,102,False,8886467100031,,False,True,00000000-0000-0000-0000-000000000000,0.0,0.0,0.0,0.0
4d02dd8f-a2da-45dc-8703-7fe5500e49d4,03__SKT__PRI__TNN__102,PRINGLES Snack Khoai Tây Vị Tự Nhiên Lon 102g,72000.0,0.0,0.0,Lon,1,0,False,False,Snack Khoai Tây,PRINGLES,,0.0,0,0,Không đồng bộ,False,0,00000000-0000-0000-0000-000000000000,8.0,102,False,8886467100017,,False,True,00000000-0000-0000-0000-000000000000,0.0,0.0,0.0,0.0
27d435e4-d892-4dbe-adec-94cd79bc9af9,03__SKT__PRI__TNN__42,PRINGLES Snack Khoai Tây Vị Tự Nhiên Lon 42g,40000.0,0.0,0.0,Lon,1,0,False,False,Snack Khoai Tây,PRINGLES,,0.0,0,0,Không đồng bộ,False,0,00000000-0000-0000-0000-000000000000,8.0,42,False,8886467100260,,False,True,00000000-0000-0000-0000-000000000000,0.0,0.0,0.0,0.0
6df2d794-daf3-46d9-a55f-ca9dcea82dd6,03__SKT__PRI__VOT__102,PRINGLES Snack Khoai Tây Vị Ớt Lon 102g,72000.0,0.0,0.0,Lon,1,0,False,False,Snack Khoai Tây,PRINGLES,,0.0,0,0,Không đồng bộ,False,0,00000000-0000-0000-0000-000000000000,8.0,102,False,8886467100055,,False,True,00000000-0000-0000-0000-000000000000,0.0,0.0,0.0,0.0
a5a4171c-df88-47b9-8004-94779271a3bf,03__SKT__SLI__BBQ__60,SLIDE Snack Khoai Tây Vị Thịt Nướng Lon 60g,40000.0,0.0,0.0,Lon,1,0,False,False,Snack Khoai Tây,SLIDE,,0.0,0,0,Không đồng bộ,False,0,00000000-0000-0000-0000-000000000000,8.0,60,False,8934680011488,,False,True,00000000-0000-0000-0000-000000000000,0.0,0.0,0.0,0.0
7cd0ce01-1a82-4827-b0b3-beea1b576d13,03__SKT__SLI__CAY__60,SLIDE Snack Khoai Tây Vị Cay Lon 60g,40000.0,0.0,0.0,Lon,1,0,False,False,Snack Khoai Tây,SLIDE,,0.0,0,0,Không đồng bộ,False,0,00000000-0000-0000-0000-000000000000,8.0,60,False,8934680011495,,False,True,00000000-0000-0000-0000-000000000000,0.0,0.0,0.0,0.0
88fb26bd-478c-4a0b-a41f-d9f60615995b,03__SKT__SLI__CLA__60,SLIDE Snack Khoai Tây Vị Nguyên Bản Lon 60g,40000.0,0.0,0.0,Lon,1,0,False,False,Snack Khoai Tây,SLIDE,,0.0,0,0,Không đồng bộ,False,0,00000000-0000-0000-0000-000000000000,8.0,60,False,8934680011501,,False,True,00000000-0000-0000-0000-000000000000,0.0,0.0,0.0,0.0
f28cb891-38ca-4fd3-b568-b6def76890fb,03__SKT__SLI__HAH__145,SLIDE Snack Khoai Tây Vị Hành Lon 145g,65000.0,0.0,0.0,Lon,1,0,False,False,Snack Khoai Tây,SLIDE,,0.0,0,0,Không đồng bộ,False,0,00000000-0000-0000-0000-000000000000,8.0,145,False,8934680011211,,False,True,00000000-0000-0000-0000-000000000000,0.0,0.0,0.0,0.0
77af7eac-581b-41f0-962b-ac4923e8aefa,03__SKT__SLI__HAH__60,SLIDE Snack Khoai Tây Vị Hành Lon 60g,40000.0,0.0,0.0,Lon,1,0,False,False,Snack Khoai Tây,SLIDE,,0.0,0,0,Không đồng bộ,False,0,00000000-0000-0000-0000-000000000000,8.0,60,False,8934680011518,,False,True,00000000-0000-0000-0000-000000000000,0.0,0.0,0.0,0.0
04eabcdd-a5bb-4bc7-84d9-417841b19f8e,03__SKT__SLI__ORI__145,SLIDE KT Vị Nguyên Bản Lon 145g,65000.0,0.0,0.0,Lon,1,0,False,False,Snack Khoai Tây,SLIDE,,0.0,0,0,Không đồng bộ,False,0,00000000-0000-0000-0000-000000000000,8.0,145,False,8934680011198,,False,True,00000000-0000-0000-0000-000000000000,0.0,0.0,0.0,0.0
d843f9ab-7f7e-40ce-814e-62fff82aeff7,03__SKT__SLI__PMI__145,SLIDE Snack Khoai Tây Vị Phô Mai Lon 145g,65000.0,0.0,0.0,Lon,1,0,False,False,Snack Khoai Tây,SLIDE,,0.0,0,0,Không đồng bộ,False,0,00000000-0000-0000-0000-000000000000,8.0,145,False,8934680011709,,False,True,00000000-0000-0000-0000-000000000000,0.0,0.0,0.0,0.0
a8df62fe-b41d-449b-b11b-60725b2dfb6e,03__SKT__SLI__PMI__60,SLIDE Snack Khoai Tây Vị Phô Mai Lon 60g,40000.0,0.0,0.0,Lon,1,0,False,False,Snack Khoai Tây,SLIDE,,0.0,0,0,Không đồng bộ,False,0,00000000-0000-0000-0000-000000000000,8.0,60,False,8934680011686,,False,True,00000000-0000-0000-0000-000000000000,0.0,0.0,0.0,0.0
35786227-0632-423b-850c-ac6abad140d6,03__SKT__SLI__TNG__145,SLIDE Khoai Tây Vị Thịt Nướng Lon 145g,65000.0,0.0,0.0,Lon,1,0,False,False,Snack Khoai Tây,SLIDE,,0.0,0,0,Không đồng bộ,False,0,00000000-0000-0000-0000-000000000000,8.0,145,False,8934680011204,,False,True,00000000-0000-0000-0000-000000000000,0.0,0.0,0.0,0.0
c7b40d0d-bfc3-4086-905c-dc1a86d33717,03__SOT__MEI__DEN__50,MEIJI Socola Đen 50g,75000.0,0.0,0.0,Thanh,1,0,False,False,Socola Thanh,Meiji,,0.0,0,0,Không đồng bộ,False,0,00000000-0000-0000-0000-000000000000,8.0,50,False,4902777090603,,False,True,00000000-0000-0000-0000-000000000000,0.0,0.0,0.0,0.0
bf4392f7-45ce-4947-8bd4-504f77bce875,03__SOT__MEI__SUA__50,MEIJI Socola Sữa 50g,75000.0,0.0,0.0,Thanh,1,0,False,False,Socola Thanh,Meiji,,0.0,0,0,Không đồng bộ,False,0,00000000-0000-0000-0000-000000000000,8.0,50,False,4902777015927,,False,True,00000000-0000-0000-0000-000000000000,0.0,0.0,0.0,0.0
93228b04-35c4-43cf-847d-7b62c74a7f5b,03__SRO__OFO__BBQ__5,OFOOD Lá Kim Vị BBQ 5g,16000.0,0.0,0.0,Gói,1,0,False,False,Snack Rong Biển,OFOOD,,0.0,0,0,Không đồng bộ,False,0,00000000-0000-0000-0000-000000000000,8.0,5,False,8935304205504,,False,True,00000000-0000-0000-0000-000000000000,0.0,0.0,0.0,0.0
8e971ae8-cb20-48f5-81fe-2d293960b306,03__SRO__OFO__CAY__5,OFOOD Lá Kim Vị BBQ Cay 5g,16000.0,0.0,0.0,Gói,1,0,False,False,Snack Rong Biển,OFOOD,,0.0,0,0,Không đồng bộ,False,0,00000000-0000-0000-0000-000000000000,8.0,5,False,8935304205535,,False,True,00000000-0000-0000-0000-000000000000,0.0,0.0,0.0,0.0
ed84d8f2-1b89-49d0-8c73-54a3c2a6fa79,03__SRO__OFO__GIO__40,OFOOD Rong Biển Giòn Trộn Gia Vị Gói 40g,38000.0,0.0,0.0,Gói,1,0,False,False,Snack Rong Biển,OFOOD,,0.0,0,0,Không đồng bộ,False,0,00000000-0000-0000-0000-000000000000,8.0,40,False,8935304200240,,False,True,00000000-0000-0000-0000-000000000000,0.0,0.0,0.0,0.0
69796506-85f4-4b9b-aeb0-5b9d3e382ab1,03__SRO__OFO__KGA__40,OFOOD Rong Biển Giòn Trộn Khô Gà Gói 40g,38000.0,0.0,0.0,Gói,1,0,False,False,Snack Rong Biển,OFOOD,,0.0,0,0,Không đồng bộ,False,0,00000000-0000-0000-0000-000000000000,8.0,40,False,8935304200769,,False,True,00000000-0000-0000-0000-000000000000,0.0,0.0,0.0,0.0
deef6723-9127-4ff2-a048-7071c99cf10d,03__SRO__OFO__MUC__6,OFOOD Snack Rong Biển Cuộn Nướng Vị Mực Gói 6g,18000.0,0.0,0.0,Gói,1,0,False,False,Snack Rong Biển,OFOOD,,0.0,0,0,Không đồng bộ,False,0,00000000-0000-0000-0000-000000000000,8.0,6,False,8935304202596,,False,True,00000000-0000-0000-0000-000000000000,0.0,0.0,0.0,0.0
dc3bb962-d1fc-4109-8d32-5bf575bf269c,03__SRO__OFO__OLI__12,OFOOD Rong Biển Lá Kim Tẩm Dầu Ô Liu 4g,12000.0,0.0,0.0,Gói,1,0,False,False,Snack Rong Biển,OFOOD,,0.0,0,0,Không đồng bộ,False,0,00000000-0000-0000-0000-000000000000,8.0,4,False,8935304202404,,False,True,00000000-0000-0000-0000-000000000000,0.0,0.0,0.0,0.0
75bfb663-00a0-4d17-aa3c-437140edad8d,03__SRO__OFO__PMI__5,OFOOD Lá Kim Vị Phô Mai 5g,16000.0,0.0,0.0,Gói,1,0,False,False,Snack Rong Biển,OFOOD,,0.0,0,0,Không đồng bộ,False,0,00000000-0000-0000-0000-000000000000,8.0,5,False,8935304205566,,False,True,00000000-0000-0000-0000-000000000000,0.0,0.0,0.0,0.0
ca547973-e8ba-4028-9368-5e9a243bfd5e,03__SRO__OFO__PMI__6,OFOOD Snack Rong Biển Cuộn Nướng Vị Phô Mai Gói 6g,18000.0,0.0,0.0,Gói,1,0,False,False,Snack Rong Biển,OFOOD,,0.0,0,0,Không đồng bộ,False,0,00000000-0000-0000-0000-000000000000,8.0,6,False,8935304202626,,False,True,00000000-0000-0000-0000-000000000000,0.0,0.0,0.0,0.0
d562d599-a852-4b9f-8eac-97ef6588db6b,03__SRO__OFO__TEM__15,OFOOD Rong Biển Lá Kim Trẻ Em,12000.0,0.0,0.0,Gói,1,0,False,False,Snack Rong Biển,OFOOD,,0.0,0,0,Không đồng bộ,False,0,00000000-0000-0000-0000-000000000000,8.0,15,False,8935304201803,,False,True,00000000-0000-0000-0000-000000000000,0.0,0.0,0.0,0.0
8b9cce75-1ee8-426a-8706-9f9b8c03edc2,03__SRO__OFO__TTG__6,OFOOD Snack Rong Biển Cuộn Nướng Vị Truyền Thống 6g,18000.0,0.0,0.0,Gói,1,0,False,False,Snack Rong Biển,OFOOD,,0.0,0,0,Không đồng bộ,False,0,00000000-0000-0000-0000-000000000000,8.0,6,False,8935304202657,,False,True,00000000-0000-0000-0000-000000000000,0.0,0.0,0.0,0.0
0c2b50b3-e7d0-410a-9854-fc63417a3b10,03__SRO__TBB__CLA__6,TAOKENOI BIG BANG Snack Rong Biển Vị Truyền Thống 6g,18000.0,0.0,0.0,Bịch,1,0,False,False,Snack Rong Biển,TAOKENOI BIG BANG,,0.0,0,0,Không đồng bộ,False,0,00000000-0000-0000-0000-000000000000,8.0,6,False,8858702403672,,False,True,00000000-0000-0000-0000-000000000000,0.0,0.0,0.0,0.0
b8a3ed1c-a5c2-4073-9ae1-c499a34a241e,03__SRO__TBB__MUC__6,TAOKENOI BIG BANG Snack Rong Biển Vị Mực 6g,18000.0,0.0,0.0,Bịch,1,0,False,False,Snack Rong Biển,TAOKENOI BIG BANG,,0.0,0,0,Không đồng bộ,False,0,00000000-0000-0000-0000-000000000000,8.0,6,False,8858702403689,,False,True,00000000-0000-0000-0000-000000000000,0.0,0.0,0.0,0.0
745d6e8d-7a20-4252-9fa3-c2619a14c983,03__SRO__TBR__CAY__3,TAOKENOI BIG ROLL Snack Rong Biển Vị Cay,12000.0,0.0,0.0,Bịch,1,0,False,False,Snack Rong Biển,TAOKENOI BIG ROLL,,0.0,0,0,Không đồng bộ,False,0,00000000-0000-0000-0000-000000000000,8.0,3,False,8858702410847,,False,True,00000000-0000-0000-0000-000000000000,0.0,0.0,0.0,0.0
ff801f4f-0bda-4835-b9d6-641ac7228c41,03__SRO__TBR__CLA__3,TAOKENOI BIG ROLL Snack Rong Biển Classic 3g,12000.0,0.0,0.0,Bịch,1,0,False,False,Snack Rong Biển,TAOKENOI BIG ROLL,,0.0,0,0,Không đồng bộ,False,0,00000000-0000-0000-0000-000000000000,8.0,3,False,8858702410816,,False,True,00000000-0000-0000-0000-000000000000,0.0,0.0,0.0,0.0
89125279-5d54-41fa-bdbc-810afb1ebdb0,03__TKB__FAN__VBO__1,FANSIPAN Thịt Sấy Vị Bò Sợi,20000.0,0.0,0.0,Bịch,1,0,False,False,Khô Bò,FANSIPAN,,0.0,0,0,Không đồng bộ,False,0,00000000-0000-0000-0000-000000000000,8.0,50,False,8938547067298,,False,True,00000000-0000-0000-0000-000000000000,0.0,0.0,0.0,0.0
6c7e0ae1-c0ea-41c7-acd7-87e6623cdc4e,03__TKB__FAN__VGA__1,FANSIPAN Khô Gà Cay,20000.0,0.0,0.0,Bịch,1,0,False,False,Khô Gà,FANSIPAN,,0.0,0,0,Không đồng bộ,False,0,00000000-0000-0000-0000-000000000000,8.0,50,False,8938520478042,,False,True,00000000-0000-0000-0000-000000000000,0.0,0.0,0.0,0.0
15c6e989-b5eb-4d8f-bfc0-4c7aa330450a,03__TKB__FAN__VHO__1,FANSIPAN Thịt Sấy Vị Heo Cháy Tỏi,20000.0,0.0,0.0,Bịch,1,0,False,False,Khô Heo,FANSIPAN,,0.0,0,0,Không đồng bộ,False,0,00000000-0000-0000-0000-000000000000,8.0,50,False,8938520478370,,False,True,00000000-0000-0000-0000-000000000000,0.0,0.0,0.0,0.0
5af7253e-8934-4339-8bf7-83c3734017e9,03__TRH__COZ__ATI__50,COZY Trà Atiso 365 Hộp 50g,24000.0,0.0,0.0,Hộp,1,0,False,False,Trà Hộp,Cozy,,0.0,0,0,Không đồng bộ,False,0,00000000-0000-0000-0000-000000000000,8.0,50,False,8936010530195,,False,True,00000000-0000-0000-0000-000000000000,0.0,0.0,0.0,0.0
c6425955-9fdd-4b9b-bdde-8dab5319fced,03__TRH__COZ__HTR__50,COZY Hồng Trà Hộp 50g,47000.0,0.0,0.0,Hộp,1,0,False,False,Trà Hộp,Cozy,,0.0,0,0,Không đồng bộ,False,0,00000000-0000-0000-0000-000000000000,8.0,50,False,8936010530072,,False,True,00000000-0000-0000-0000-000000000000,0.0,0.0,0.0,0.0
ffd3c7cb-5c49-4e33-938c-12a237ef765e,03__TRH__COZ__NHA__50,COZY Hương Nhài Hộp 50g,37000.0,0.0,0.0,Hộp,1,0,False,False,Trà Hộp,Cozy,,0.0,0,0,Không đồng bộ,False,0,00000000-0000-0000-0000-000000000000,8.0,50,False,8936010530096,,False,True,00000000-0000-0000-0000-000000000000,0.0,0.0,0.0,0.0
9497706c-a608-4d20-aa8e-0793ac10cff8,03__TRH__COZ__SEN__50,COZY Trà Hương Sen Hộp,37000.0,0.0,0.0,Hộp,1,0,False,False,Trà Hộp,Cozy,,0.0,0,0,Không đồng bộ,False,0,00000000-0000-0000-0000-000000000000,8.0,,False,8936010530102,,False,True,00000000-0000-0000-0000-000000000000,0.0,0.0,0.0,0.0
00a4296e-6f13-4b34-b55c-8bfc7bab3e88,03__TRH__COZ__TNN__50,COZY Trà Xanh Thái Nguyên Hộp 50g,37000.0,0.0,0.0,Hộp,1,0,False,False,Trà Hộp,Cozy,,0.0,0,0,Không đồng bộ,False,0,00000000-0000-0000-0000-000000000000,8.0,50,False,8936010530089,,False,True,00000000-0000-0000-0000-000000000000,0.0,0.0,0.0,0.0
61cddc69-293d-4cc3-b50b-cad1eace3ef5,03BLAOREDDO60,OREO Bánh Socola Pie Đỏ,8000.0,0.0,0.0,Bịch,1,0,False,False,Bánh Bông Lan,OREO,,0.0,0,0,Không đồng bộ,False,0,00000000-0000-0000-0000-000000000000,8.0,,False,8934680047357,,False,True,00000000-0000-0000-0000-000000000000,0.0,0.0,0.0,0.0
50bee061-c1c5-450e-b79b-2b77fe27a828,03BLAOREXAH60,OREO Bánh Socola Pie Xanh,8000.0,0.0,0.0,Bịch,1,0,False,False,Bánh Bông Lan,OREO,,0.0,0,0,Không đồng bộ,False,0,00000000-0000-0000-0000-000000000000,8.0,,False,58934588843057,,False,True,00000000-0000-0000-0000-000000000000,0.0,0.0,0.0,0.0
fac0e80d-24fc-4154-8d54-6c9b2ea1e04c,03DPGPOCDUA70,POCA Đậu Phộng Rắc Rắc Vị Nước Cốt Dừa 70g,15000.0,0.0,0.0,Bịch,1,0,False,False,Đậu Phộng,POCA,,0.0,0,0,Không đồng bộ,False,0,00000000-0000-0000-0000-000000000000,8.0,70,False,8936079125011;8936079122348,,False,True,00000000-0000-0000-0000-000000000000,0.0,0.0,0.0,0.0
3d9689dc-3fa4-4c3e-a53d-d0d9c676ee06,03DPGPOCMUC70,POCA Đậu Phộng Rắc Rắc Vị Mực Cay 70g,15000.0,0.0,0.0,Bịch,1,0,False,False,Đậu Phộng,POCA,,0.0,0,0,Không đồng bộ,False,0,00000000-0000-0000-0000-000000000000,8.0,70,False,8936079125004;8936079123291,,False,True,00000000-0000-0000-0000-000000000000,0.0,0.0,0.0,0.0
fdd879ec-7b96-4d54-9edf-1b2ef21aa8ff,04__5CU__BFS__BIC__500,B'FAST Bịch Ngũ Cốc 500g,68000.0,0.0,0.0,Bịch,1,0,False,False,Ngũ Cốc,B'FAST,,0.0,0,0,Không đồng bộ,False,0,00000000-0000-0000-0000-000000000000,8.0,500,False,7934615008720,,False,True,00000000-0000-0000-0000-000000000000,0.0,0.0,0.0,0.0
892d7db7-b632-49a0-a667-275c46203680,04__5CU__KEL__HOP__150,KELLOGG's FROOT Ngũ Cốc 150g,66000.0,0.0,0.0,Hộp,1,0,False,False,Ngũ Cốc,KELLOGG's FROOT,,0.0,0,0,Không đồng bộ,False,0,00000000-0000-0000-0000-000000000000,8.0,150,False,8852756303049,,False,True,00000000-0000-0000-0000-000000000000,0.0,0.0,0.0,0.0
fca7d0ee-768d-4754-99c9-03ee72a1eebd,04__PMM__CBC__DAU__78,CONBOCUOI Phô Mai Vuông Vị Dâu 78g,62000.0,0.0,0.0,Bịch,1,0,False,False,Phô Mai,CONBOCUOI,CÔNG TY TNHH ANH PHƯƠNG NINH THUẬN,0.0,0,0,Không đồng bộ,False,0,00000000-0000-0000-0000-000000000000,8.0,,False,3073781153859,,False,True,00000000-0000-0000-0000-000000000000,0.0,0.0,0.0,0.0
319e6969-fbd7-490b-9267-09b921bba286,04__PMM__CBC__TTG__112,CONBOCUOI Phô Mai Vị Truyền Thống Hộp 8 Miếng 112g,50000.0,0.0,0.0,Hộp,1,0,False,False,Phô Mai,CONBOCUOI,CÔNG TY TNHH ANH PHƯƠNG NINH THUẬN,0.0,0,0,Không đồng bộ,False,0,00000000-0000-0000-0000-000000000000,8.0,112,False,3073781154351,,False,True,00000000-0000-0000-0000-000000000000,0.0,0.0,0.0,0.0
208a0e25-2335-45a2-b676-ca132a32d598,04__PMM__CBC__TTG__78,CONBOCUOI Phô Mai Vuông Vị Truyền Thống 78g,62000.0,0.0,0.0,Bịch,1,0,False,False,Phô Mai,CONBOCUOI,CÔNG TY TNHH ANH PHƯƠNG NINH THUẬN,0.0,0,0,Không đồng bộ,False,0,00000000-0000-0000-0000-000000000000,8.0,,False,3073781110685,,False,True,00000000-0000-0000-0000-000000000000,0.0,0.0,0.0,0.0
5a85a85b-18c7-4cde-9672-98372226e00d,04__PMM__CBC__VQT__78,CONBOCUOI Phô Mai Vuông Vị Việt Quất 78g,62000.0,0.0,0.0,Bịch,1,0,False,False,Phô Mai,CONBOCUOI,CÔNG TY TNHH ANH PHƯƠNG NINH THUẬN,0.0,0,0,Không đồng bộ,False,0,00000000-0000-0000-0000-000000000000,8.0,78,False,3073781203875,,False,True,00000000-0000-0000-0000-000000000000,0.0,0.0,0.0,0.0
520f255f-ccbe-4a3e-9f9b-1f6cfcd2fc9c,04__PMM__QBB__DLI__90,QBB Phô Mai Vị Dưa LướI 90g,110000.0,0.0,0.0,Hộp,1,0,False,False,Phô Mai,QBB,,0.0,0,0,Không đồng bộ,False,0,00000000-0000-0000-0000-000000000000,8.0,90,False,4903308060775,,False,True,00000000-0000-0000-0000-000000000000,0.0,0.0,0.0,0.0
1cf7177f-7c8c-46ee-a201-2ab4366744e6,04__PMM__QBB__HAT__90,QBB Phô Mai Các Loại Hạt Dinh Dưỡng 90g,110000.0,0.0,0.0,Hộp,1,0,False,False,Phô Mai,QBB,,0.0,0,0,Không đồng bộ,False,0,00000000-0000-0000-0000-000000000000,8.0,,False,4903308014426,,False,True,00000000-0000-0000-0000-000000000000,0.0,0.0,0.0,0.0
17aa4dec-d078-4060-a829-526ba5305745,04__PMM__QBB__NHO__90,QBB Phô Mai Vị Nho 90g,110000.0,0.0,0.0,Hộp,1,0,False,False,Phô Mai,QBB,,0.0,0,0,Không đồng bộ,False,0,00000000-0000-0000-0000-000000000000,8.0,90,False,4903308014419,,False,True,00000000-0000-0000-0000-000000000000,0.0,0.0,0.0,0.0
d1653ef7-d279-4a5e-955f-0e15e7635272,04__PMM__QBB__VQT__90,QBB Phô Mai Dâu Mâm Xôi Việt Quất 90g,110000.0,0.0,0.0,Hộp,1,0,False,False,Phô Mai,QBB,,0.0,0,0,Không đồng bộ,False,0,00000000-0000-0000-0000-000000000000,8.0,90,False,4903308014433,,False,True,00000000-0000-0000-0000-000000000000,0.0,0.0,0.0,0.0
99b2a6ea-5485-4ac4-b9d2-e3b96e40a21f,04__SAN__THY__CDG__100,TH True Sữa Chua Có Đường 100g,10000.0,0.0,0.0,Hộp,1,0,False,False,Sữa Chua Ăn,,,0.0,0,0,Không đồng bộ,False,0,00000000-0000-0000-0000-000000000000,8.0,100,False,8935217413003,,False,True,00000000-0000-0000-0000-000000000000,0.0,0.0,0.0,0.0
46b769b0-4194-4801-9064-c6d47ddad972,04__SAN__THY__IDT__100,TH True Sữa Chua Ít Đường 100g,10000.0,0.0,0.0,Hộp,1,0,False,False,Sữa Chua Ăn,TH True Yogurt,,0.0,0,0,Không đồng bộ,False,0,00000000-0000-0000-0000-000000000000,8.0,100,False,8935217413508,,False,True,00000000-0000-0000-0000-000000000000,0.0,0.0,0.0,0.0
1363a849-145d-4a60-bc7c-959a6b96319b,04__SAN__THY__NDM__100,TH True Sữa Chua Nha Đam 100g,12000.0,0.0,0.0,Hộp,1,0,False,False,Sữa Chua Ăn,TH True Yogurt,,0.0,0,0,Không đồng bộ,False,0,00000000-0000-0000-0000-000000000000,8.0,100,False,8935217413201,,False,True,00000000-0000-0000-0000-000000000000,0.0,0.0,0.0,0.0
218b779a-bf57-4cdb-90a4-9c5273ede519,04__SBO__MLO__HOP__285,MILO Sữa Bột Hộp 285g,85000.0,0.0,0.0,Hộp,1,0,False,False,Sữa Bột,MILO,,0.0,0,0,Không đồng bộ,False,0,00000000-0000-0000-0000-000000000000,8.0,285,False,8934804025636,,False,True,00000000-0000-0000-0000-000000000000,0.0,0.0,0.0,0.0
47807abb-3249-438d-abb5-312f98caf291,04__SHG__BIN__CHU__200,BINGGRAE Sữa Chuối Hộp 200ml,28000.0,0.0,0.0,Hộp,1,0,False,False,Sữa Hộp Giấy,BINGGRAE,,0.0,0,0,Không đồng bộ,False,0,00000000-0000-0000-0000-000000000000,8.0,,False,769828221591,,False,True,00000000-0000-0000-0000-000000000000,0.0,0.0,0.0,0.0
7720427f-a87a-4604-9acd-0d46ae429922,04__SHG__BIN__DLI__200,BINGGRAE Sữa Dưa Lưới Hộp 200ml,28000.0,0.0,0.0,Hộp,1,0,False,False,Sữa Hộp Giấy,BINGGRAE,,0.0,0,0,Không đồng bộ,False,0,00000000-0000-0000-0000-000000000000,8.0,200,False,8801104940146,,False,True,00000000-0000-0000-0000-000000000000,0.0,0.0,0.0,0.0
6385f5af-f735-436d-b91a-4d62b1aa8e43,04__SHG__BIN__HDE__200,BINGGRAE Sữa Hạt Dẻ Hộp 200ml,28000.0,0.0,0.0,Hộp,1,0,False,False,Sữa Hộp Giấy,BINGGRAE,,0.0,0,0,Không đồng bộ,False,0,00000000-0000-0000-0000-000000000000,8.0,,False,8801104945974,,False,True,00000000-0000-0000-0000-000000000000,0.0,0.0,0.0,0.0
418cd687-43ef-4756-ba2d-7a746db6a96a,04__SHG__BIN__KMN__200,BINGGRAE Sữa Khoai Môn Hộp 200ml,28000.0,0.0,0.0,Hộp,1,0,False,False,Sữa Hộp Giấy,BINGGRAE,,0.0,0,0,Không đồng bộ,False,0,00000000-0000-0000-0000-000000000000,8.0,,False,769828940300,,False,True,00000000-0000-0000-0000-000000000000,0.0,0.0,0.0,0.0
25b04c64-0c80-4d0b-9453-ef1b32f3cca7,04__SHG__HER__BQY__235,HERSHEY's Soyfresh Vị Bánh Quy Hàn Quốc 235ml,36000.0,0.0,0.0,Hộp,1,0,False,False,Sữa Hộp Giấy,HERSHEY's,,0.0,0,0,Không đồng bộ,False,0,00000000-0000-0000-0000-000000000000,8.0,,False,8801121759943,,False,True,00000000-0000-0000-0000-000000000000,0.0,0.0,0.0,0.0
04b636d4-9350-4f62-a66d-fcad71a54e24,04__SHG__HER__CAC__235,HERSHEY's Soyfresh Sữa Cookies & Creame 235ml,26000.0,0.0,0.0,Hộp,1,0,False,False,Sữa Hộp Giấy,HERSHEY's,,0.0,0,0,Không đồng bộ,False,0,00000000-0000-0000-0000-000000000000,8.0,236,False,9556007002215,,False,True,00000000-0000-0000-0000-000000000000,0.0,0.0,0.0,0.0
a5084edb-0ae1-4bcf-a6c7-6bd6d29e646c,04__SHG__HER__MOC__236,HERSHEY's Soyfresh Sữa Cà Phê Mocha 236ml,25000.0,0.0,0.0,Hộp,1,0,False,False,Sữa Hộp Giấy,HERSHEY's,,0.0,0,0,Không đồng bộ,False,0,00000000-0000-0000-0000-000000000000,8.0,,False,9556007002178,,False,True,00000000-0000-0000-0000-000000000000,0.0,0.0,0.0,0.0
7fdd6ade-2f49-4830-a184-3800674f144e,04__SHG__HER__PRO__235,HERSHEY's Socola Protein Hàn Quốc 235ml,37000.0,0.0,0.0,Hộp,1,0,False,False,Sữa Hộp Giấy,HERSHEY's,,0.0,0,0,Không đồng bộ,False,0,00000000-0000-0000-0000-000000000000,8.0,235,False,8801121032435,,False,True,00000000-0000-0000-0000-000000000000,0.0,0.0,0.0,0.0
61ceec2d-4c11-4b23-92bb-6cc85068fbe3,04__SHG__HER__SOC__235,HERSHEY's Soyfresh Sữa Socola Hàn Quốc 235ml,36000.0,0.0,0.0,Hộp,1,0,False,False,Sữa Hộp Giấy,HERSHEY's,,0.0,0,0,Không đồng bộ,False,0,00000000-0000-0000-0000-000000000000,8.0,235,False,8801121190197,,False,True,00000000-0000-0000-0000-000000000000,0.0,0.0,0.0,0.0
0623216e-664d-4731-b2e6-79326188002c,04__SHG__HER__SOC__236,HERSHEY's Soyfresh Sữa Socola 236ml,26000.0,0.0,0.0,Hộp,1,0,False,False,Sữa Hộp Giấy,HERSHEY's,,0.0,0,0,Không đồng bộ,False,0,00000000-0000-0000-0000-000000000000,8.0,,False,9556007002154,,False,True,00000000-0000-0000-0000-000000000000,0.0,0.0,0.0,0.0
605ae8f2-9285-4505-81cf-7dcf38db9269,04__SHG__MLO__HOP__110,MILO Sữa Hộp 110ml,6000.0,0.0,0.0,Hộp,1,0,False,False,Sữa Hộp Giấy,MILO,,0.0,0,0,Không đồng bộ,False,0,00000000-0000-0000-0000-000000000000,8.0,,False,8934804025742,,False,True,00000000-0000-0000-0000-000000000000,0.0,0.0,0.0,0.0
48d35cd8-09c7-46a8-b89a-ed010580015d,04__SHG__MLO__HOP__180,MILO Sữa Hộp 180ml,12000.0,0.0,0.0,Hộp,1,0,False,False,Sữa Hộp Giấy,MILO,,0.0,0,0,Không đồng bộ,False,0,00000000-0000-0000-0000-000000000000,8.0,,False,8934804025766,,False,True,00000000-0000-0000-0000-000000000000,0.0,0.0,0.0,0.0
a9bbd257-c3ac-4a72-8097-b399b08cd310,04__SHG__OVA__SOC__180,OVALTINE Sữa Lúa Mạch Socola 180ml,12000.0,0.0,0.0,Hộp,1,0,False,False,Sữa Hộp Giấy,OVALTINE,,0.0,0,0,Không đồng bộ,False,0,00000000-0000-0000-0000-000000000000,8.0,,False,8936199520109,,False,True,00000000-0000-0000-0000-000000000000,0.0,0.0,0.0,0.0
b5e2de17-2881-4455-9562-cd3f59fd4e48,04__SHG__THM__CDG__180,TH Truemilk Sữa Tươi TT Có Đường 180ml,12000.0,0.0,0.0,Hộp,1,0,False,False,Sữa Hộp Giấy,THTruemilk,,0.0,0,0,Không đồng bộ,False,0,00000000-0000-0000-0000-000000000000,8.0,,False,8935217400157,,False,True,00000000-0000-0000-0000-000000000000,0.0,0.0,0.0,0.0
33cea9f1-8dd5-4886-b3f6-3192bede0c26,04__SHG__THM__IDG__180,TH Truemilk Sữa Tươi TT Ít Đường 180ml,12000.0,0.0,0.0,Hộp,1,0,False,False,Sữa Hộp Giấy,THTruemilk,,0.0,0,0,Không đồng bộ,False,0,00000000-0000-0000-0000-000000000000,8.0,,False,8935217400355,,False,True,00000000-0000-0000-0000-000000000000,0.0,0.0,0.0,0.0
0efaa2c6-cbed-4ae7-8d57-1914b04334e3,04__SHG__THM__ORG__180,TH Truemilk Sữa Tươi TT Nguyên Chất 180ml,12000.0,0.0,0.0,Hộp,1,0,False,False,Sữa Hộp Giấy,THTruemilk,,0.0,0,0,Không đồng bộ,False,0,00000000-0000-0000-0000-000000000000,8.0,,False,8935217400058,,False,True,00000000-0000-0000-0000-000000000000,0.0,0.0,0.0,0.0
1fe8d91a-1f42-47f8-8828-2d17299c49d2,04__SUO__BEN__CAM__300,BETAGEN Sữa Chua Uống Hương Cam 300ml,28000.0,0.0,0.0,Chai,1,0,False,False,Sữa Chua Uống,BETAGEN,,0.0,0,0,Không đồng bộ,False,0,00000000-0000-0000-0000-000000000000,8.0,,False,8850393991926,,False,True,00000000-0000-0000-0000-000000000000,0.0,0.0,0.0,0.0
1c33c6e2-cf52-4b21-9138-f77f86eca992,04__SUO__BEN__DAU__300,BETAGEN Sữa Chua Uống Hương Dâu 300ml,28000.0,0.0,0.0,Chai,1,0,False,False,Sữa Chua Uống,BETAGEN,,0.0,0,0,Không đồng bộ,False,0,00000000-0000-0000-0000-000000000000,8.0,,False,8850393801379,,False,True,00000000-0000-0000-0000-000000000000,0.0,0.0,0.0,0.0
26c60b00-78bd-4ecc-b2f1-94e14b3970ce,04__SUO__BEN__DUA__300,BETAGEN Sữa Chua Uống Hương Dứa 300ml,28000.0,0.0,0.0,Chai,1,0,False,False,Sữa Chua Uống,BETAGEN,,0.0,0,0,Không đồng bộ,False,0,00000000-0000-0000-0000-000000000000,8.0,,False,8850393800679,,False,True,00000000-0000-0000-0000-000000000000,0.0,0.0,0.0,0.0
349ee124-26bd-4e49-bd97-cdd3a59266ec,04__SUO__BEN__IDG__300,BETAGEN Sữa Chua Uống Ít Đường 300ml,28000.0,0.0,0.0,Chai,1,0,False,False,Sữa Chua Uống,BETAGEN,,0.0,0,0,Không đồng bộ,False,0,00000000-0000-0000-0000-000000000000,8.0,,False,8850393800440,,False,True,00000000-0000-0000-0000-000000000000,0.0,0.0,0.0,0.0
347e9eb0-f319-4bc7-b28e-e67ff6391d57,04__SUO__THY__CAM__110,TH True Yogurt Topkid Sữa Chua Uống Cam 110ml,6000.0,0.0,0.0,Hộp,1,0,False,False,Sữa Chua Uống,TH True Yogurt,,0.0,0,0,Không đồng bộ,False,0,00000000-0000-0000-0000-000000000000,8.0,,False,8935217414420,,False,True,00000000-0000-0000-0000-000000000000,0.0,0.0,0.0,0.0
3cfec9e6-18f4-430d-97a8-f75859f4d89b,04__SUO__THY__DAU__110,TH True Yogurt Topkid Sữa Chua Uống Dâu 110ml,6000.0,0.0,0.0,Hộp,1,0,False,False,Sữa Chua Uống,TH True Yogurt,,0.0,0,0,Không đồng bộ,False,0,00000000-0000-0000-0000-000000000000,8.0,,False,8935217414123,,False,True,00000000-0000-0000-0000-000000000000,0.0,0.0,0.0,0.0
115346a1-21f9-4b37-be17-22dfe854c3ad,05__GBG__MEI__BIC__150,MEIZAN Bột Chiên Giòn 150g,11000.0,0.0,0.0,Bịch,1,0,False,False,Gia Vị Nhà Bếp,MEIZAN,,0.0,0,0,Không đồng bộ,False,0,00000000-0000-0000-0000-000000000000,8.0,150,False,8938509627010,,False,True,00000000-0000-0000-0000-000000000000,0.0,0.0,0.0,0.0
6b2b8a59-1f61-405f-b040-89f594b0ccb3,05__GBM__MEI__BIC__500,MEIZAN Bột Mì Đa Dụng Cao Cấp 500g,13000.0,0.0,0.0,Bịch,1,0,False,False,Gia Vị Nhà Bếp,MEIZAN,,0.0,0,0,Không đồng bộ,False,0,00000000-0000-0000-0000-000000000000,8.0,500,False,8936055280642,,False,True,00000000-0000-0000-0000-000000000000,0.0,0.0,0.0,0.0
db21a570-12eb-4622-9676-259d159ce885,05__GBP__MEI__BIC__150,MEIZAN Bột Bắp 150g,10000.0,0.0,0.0,Bịch,1,0,False,False,Gia Vị Nhà Bếp,MEIZAN,,0.0,0,0,Không đồng bộ,False,0,00000000-0000-0000-0000-000000000000,8.0,150,False,8936231190154,,False,True,00000000-0000-0000-0000-000000000000,0.0,0.0,0.0,0.0
37ffab85-3cc6-4d7d-bfdb-1554f64a6f29,05__GBP__OTO__BIH__100,BOT PHO MAI OTOKI 100g,50000.0,0.0,0.0,Bịch,1,0,False,False,Gia Vị Nhà Bếp,Otoki,,0.0,0,0,Không đồng bộ,False,0,00000000-0000-0000-0000-000000000000,8.0,100,False,8936049054068,,False,True,00000000-0000-0000-0000-000000000000,0.0,0.0,0.0,0.0
7c95d3cc-9703-47f1-8d47-2909ad1bf80b,05__GBV__TAN__MGR__80,TƯỜNG AN Bơ Thực Vật Margarine Vị Nguyên Bản 80g,10000.0,0.0,0.0,Hũ,1,0,False,False,Gia Vị Nhà Bếp,TƯỜNG AN,,0.0,0,0,Không đồng bộ,False,0,00000000-0000-0000-0000-000000000000,8.0,80,False,8936035100397,,False,True,00000000-0000-0000-0000-000000000000,0.0,0.0,0.0,0.0
a7bd2f7e-aaa8-45e6-bc94-1899e4e18e21,05__GBX__MEI__BIC__400,MEIZAN Bột Bánh Xèo 400g,23000.0,0.0,0.0,Bịch,1,0,False,False,Gia Vị Nhà Bếp,MEIZAN,,0.0,0,0,Không đồng bộ,False,0,00000000-0000-0000-0000-000000000000,8.0,400,False,8938509627058,,False,True,00000000-0000-0000-0000-000000000000,0.0,0.0,0.0,0.0
7460357d-6e52-4179-91fb-2562120741ea,05__GDA__KID__VIR__250,KIDO Dầu Ăn Olive Oil Extra Virgin 250ml,114000.0,0.0,0.0,Chai,1,0,False,False,Gia Vị Nhà Bếp,KIDO,,0.0,0,0,Không đồng bộ,False,0,00000000-0000-0000-0000-000000000000,8.0,,False,8936035100960,,False,True,00000000-0000-0000-0000-000000000000,0.0,0.0,0.0,0.0
176ca205-3624-41ed-8c79-92f6a82595c4,05__GDA__MEI__MET__100,MEIZAN Dầu Mè Thơm 100ml,36000.0,0.0,0.0,Chai,1,0,False,False,Gia Vị Nhà Bếp,MEIZAN,,0.0,0,0,Không đồng bộ,False,0,00000000-0000-0000-0000-000000000000,8.0,,False,8934988060522,,False,True,00000000-0000-0000-0000-000000000000,0.0,0.0,0.0,0.0
6f525fb5-4aaf-431a-825d-24f7095b3b13,05__GDA__MEI__VAG__1000,MEIZAN GOLD Dầu Ăn Cao Cấp 1L,67000.0,0.0,0.0,Chai,1,0,False,False,Gia Vị Nhà Bếp,MEIZAN,,0.0,0,0,Không đồng bộ,False,0,00000000-0000-0000-0000-000000000000,8.0,,False,8934988063028,,False,True,00000000-0000-0000-0000-000000000000,0.0,0.0,0.0,0.0
63fe9ce5-db90-43bd-abd3-61c3ba63a61d,05__GDA__OLI__LIU__250,OLIVOILA Dầu Oliu Extra Virgin 250ml,128000.0,0.0,0.0,Chai,1,0,False,False,Gia Vị Nhà Bếp,OLIVOILA,,0.0,0,0,Không đồng bộ,False,0,00000000-0000-0000-0000-000000000000,8.0,,False,8436604400021,,False,True,00000000-0000-0000-0000-000000000000,0.0,0.0,0.0,0.0
7c0a75ea-a9bb-4fc2-970b-37a195a64c8c,05__GDA__SIM__DNH__1000,SIMPLY Dầu Đậu Nành 1L,79000.0,0.0,0.0,Chai,1,0,False,False,Gia Vị Nhà Bếp,SIMPLY,,0.0,0,0,Không đồng bộ,False,0,00000000-0000-0000-0000-000000000000,8.0,,False,8934988020021,,False,True,00000000-0000-0000-0000-000000000000,0.0,0.0,0.0,0.0
d903cb5a-8b2e-450b-88f4-2730058931c0,05__GDA__TAN__DAU__1000,TƯỜNG AN Dầu Đậu Nành 1L,60000.0,0.0,0.0,Chai,1,0,False,False,Gia Vị Nhà Bếp,TƯỜNG AN,,0.0,0,0,Không đồng bộ,False,0,00000000-0000-0000-0000-000000000000,8.0,,False,8936035100311,,False,True,00000000-0000-0000-0000-000000000000,0.0,0.0,0.0,0.0
9e5856a0-bb09-42b9-b6b1-24d3c8183e2e,05__GDA__TAN__DAU__400,TƯỜNG AN Dầu Đậu Nành 400ml,35000.0,0.0,0.0,Chai,1,0,False,False,Gia Vị Nhà Bếp,TƯỜNG AN,,0.0,0,0,Không đồng bộ,False,0,00000000-0000-0000-0000-000000000000,8.0,,False,8936035100304,,False,True,00000000-0000-0000-0000-000000000000,0.0,0.0,0.0,0.0
430c656c-09df-4b2b-b029-87625766f3e2,05__GDG__CLM__TRN__270,CHOLIMEX Dầu Dấm Trộn Salad 270g,24000.0,0.0,0.0,Chai,1,0,False,False,Gia Vị Nhà Bếp,CHOLIMEX,,0.0,0,0,Không đồng bộ,False,0,00000000-0000-0000-0000-000000000000,8.0,270,False,8934637513676,,False,True,00000000-0000-0000-0000-000000000000,0.0,0.0,0.0,0.0
e3097e83-e20b-418a-9488-80e509d33ffd,05__GDH__CSU__SOD__150,CHINSU Dầu Hào Sò Điệp 150g,15000.0,0.0,0.0,Chai,1,0,False,False,Gia Vị Nhà Bếp,CHINSU,,0.0,0,0,Không đồng bộ,False,0,00000000-0000-0000-0000-000000000000,8.0,150,False,8936221040025,,False,True,00000000-0000-0000-0000-000000000000,0.0,0.0,0.0,0.0
9a356bc0-1ebb-4dc7-9134-49145201b276,05__GDH__MAG__BNU__350,MAGGI Dầu Hào Bào Ngư 350g,32000.0,0.0,0.0,Chai,1,0,False,False,Gia Vị Nhà Bếp,MAGGI,,0.0,0,0,Không đồng bộ,False,0,00000000-0000-0000-0000-000000000000,8.0,350,False,8934804052144,,False,True,00000000-0000-0000-0000-000000000000,0.0,0.0,0.0,0.0
ae584d3a-88c0-4567-a40e-2567949df003,05__GDH__MAG__NAM__350,MAGGI Dầu Hào Nấm Hương 350g,35000.0,0.0,0.0,Chai,1,0,False,False,Gia Vị Nhà Bếp,MAGGI,,0.0,0,0,Không đồng bộ,False,0,00000000-0000-0000-0000-000000000000,8.0,350,False,8934804043876,,False,True,00000000-0000-0000-0000-000000000000,0.0,0.0,0.0,0.0
a10c5832-f549-403e-9f89-0c08a33634eb,05__GHN__CSU__NTH__400,CHINSU Hạt Nêm Ngọt Thanh 400g,38000.0,0.0,0.0,Bịch,1,0,False,False,Gia Vị Nhà Bếp,CHINSU,,0.0,0,0,Không đồng bộ,False,0,00000000-0000-0000-0000-000000000000,8.0,400,False,8936221041503,,False,True,00000000-0000-0000-0000-000000000000,0.0,0.0,0.0,0.0
bf953b17-ca7d-4db0-8515-53cc027e31f6,05__GHN__CSU__RAU__400,CHINSU Hạt Nêm Ngọt Thanh Rau Củ & Nấm 400g,20000.0,0.0,0.0,Bịch,1,0,False,False,Gia Vị Nhà Bếp,CHINSU,,0.0,0,0,Không đồng bộ,False,0,00000000-0000-0000-0000-000000000000,8.0,400,False,8936221040926,,False,True,00000000-0000-0000-0000-000000000000,0.0,0.0,0.0,0.0
4f13a1b7-e537-4340-9471-61532d08fa88,05__GHN__KNO__ONG__170,KNOR Hạt Nêm Thịt Thăn Xương Ống Và Tủy 170g,20000.0,0.0,0.0,Bịch,1,0,False,False,Gia Vị Nhà Bếp,KNOR,,0.0,0,0,Không đồng bộ,False,0,00000000-0000-0000-0000-000000000000,8.0,170,False,8934707029144,,False,True,00000000-0000-0000-0000-000000000000,0.0,0.0,0.0,0.0
ace63551-dbd8-448f-b642-3154c972bcd2,05__GHN__KNO__ORG__170,KNOR Hạt Nêm Nấm Hương Organic 170g,22000.0,0.0,0.0,Bịch,1,0,False,False,Gia Vị Nhà Bếp,KNOR,,0.0,0,0,Không đồng bộ,False,0,00000000-0000-0000-0000-000000000000,8.0,170,False,8934707012122,,False,True,00000000-0000-0000-0000-000000000000,0.0,0.0,0.0,0.0
648c0739-ae07-4aee-9a32-91ccbc858007,05__GHN__MAG__NAM__200,MAGGI Hạt Nêm Nấm Hương 200g,29000.0,0.0,0.0,Bịch,1,0,False,False,Gia Vị Nhà Bếp,MAGGI,,0.0,0,0,Không đồng bộ,False,0,00000000-0000-0000-0000-000000000000,8.0,200,False,8934804021317,,False,True,00000000-0000-0000-0000-000000000000,0.0,0.0,0.0,0.0
c1fe978b-afff-4631-9c58-da508cd14997,05__GMN__CSU__CHI__250,CHINSU Xốt Mayonnaise Nguyên Bản 250g,40000.0,0.0,0.0,Chai,1,0,False,False,Gia Vị Nhà Bếp,CHINSU,,0.0,0,0,Không đồng bộ,False,0,00000000-0000-0000-0000-000000000000,8.0,250,False,8936136168517,,False,True,00000000-0000-0000-0000-000000000000,0.0,0.0,0.0,0.0
ab4bd46b-0283-4d22-9f52-6928659c97b6,05__GMO__CSU__DOO__200,CHINSU Xốt MuốI Ớt Đỏ 200g,23000.0,0.0,0.0,Chai,1,0,False,False,Gia Vị Nhà Bếp,CHINSU,,0.0,0,0,Không đồng bộ,False,0,00000000-0000-0000-0000-000000000000,8.0,200,False,8936221043552,,False,True,00000000-0000-0000-0000-000000000000,0.0,0.0,0.0,0.0
ab285342-6ce8-4423-a729-0d5192588e13,05__GMO__CSU__XAH__200,CHINSU Xốt Muối Ớt Xanh 200g,23000.0,0.0,0.0,Chai,1,0,False,False,Gia Vị Nhà Bếp,CHINSU,,0.0,0,0,Không đồng bộ,False,0,00000000-0000-0000-0000-000000000000,8.0,200,False,8936221043545,,False,True,00000000-0000-0000-0000-000000000000,0.0,0.0,0.0,0.0
47c14a59-dc8c-4e38-81f8-5011c175eb07,05__GMO__DHF__CHH__200,DH FOOD Muối Ớt Chanh Hũ 100g,15000.0,0.0,0.0,Chai,1,0,False,False,Gia Vị Nhà Bếp,DH FOOD,,0.0,0,0,Không đồng bộ,False,0,00000000-0000-0000-0000-000000000000,8.0,100,False,8936079287931,,False,True,00000000-0000-0000-0000-000000000000,0.0,0.0,0.0,0.0
60057ca3-ab0c-4bda-b1ee-7998389e0ca7,05__GMT__DHF__TNH__60,DH FOOD Muối Tôm Tây Ninh Hũ 60g,15000.0,0.0,0.0,Chai,1,0,False,False,Gia Vị Nhà Bếp,DH FOOD,,0.0,0,0,Không đồng bộ,False,0,00000000-0000-0000-0000-000000000000,8.0,60,False,8936079282233,,False,True,00000000-0000-0000-0000-000000000000,0.0,0.0,0.0,0.0
8504bc7e-5076-4e51-a6ce-133c0b526488,05__GNA__MEI__DDU__400,MEIZAN Bột Năng Đa Dụng Cao Cấp 400g,18000.0,0.0,0.0,Chai,1,0,False,False,Gia Vị Nhà Bếp,MEIZAN,,0.0,0,0,Không đồng bộ,False,0,00000000-0000-0000-0000-000000000000,8.0,400,False,8936231190123,,False,True,00000000-0000-0000-0000-000000000000,0.0,0.0,0.0,0.0
1abab8a7-233f-4e07-80be-27ff62ded303,05__GND__WON__LON__160,WONDERFARM Nước Cốt Dừa Lon 160ml,20000.0,0.0,0.0,Lon,1,0,False,False,Gia Vị Nhà Bếp,WONDERFARM,,0.0,0,0,Không đồng bộ,False,0,00000000-0000-0000-0000-000000000000,8.0,,False,8935001200468,,False,True,00000000-0000-0000-0000-000000000000,0.0,0.0,0.0,0.0
f6b606ae-8bf4-4b61-88c1-5c6a18665a14,05__GNM__CLM__CHY__245,CHOLIMEX Nước Mắm Chay 245ml,27000.0,0.0,0.0,Chai,1,0,False,False,Gia Vị Nhà Bếp,CHOLIMEX,,0.0,0,0,Không đồng bộ,False,0,00000000-0000-0000-0000-000000000000,8.0,,False,8934637516318,,False,True,00000000-0000-0000-0000-000000000000,0.0,0.0,0.0,0.0
13ded023-696c-4be2-b4da-2feb868352fa,05__GNM__CSU__CCM__720,CHINSU Nước Mắm Cá Cơm Biển Đông 720ml,64000.0,0.0,0.0,Chai,1,0,False,False,Gia Vị Nhà Bếp,CHINSU,,0.0,0,0,Không đồng bộ,False,0,00000000-0000-0000-0000-000000000000,8.0,,False,8936136167343,,False,True,00000000-0000-0000-0000-000000000000,0.0,0.0,0.0,0.0
f02786aa-0d53-45b4-a470-ba659a25436a,05__GNM__CSU__CHI__500,CHINSU Nước Mắm Nam Ngư Chai 500ml,40000.0,0.0,0.0,Chai,1,0,False,False,Gia Vị Nhà Bếp,CHINSU,,0.0,0,0,Không đồng bộ,False,0,00000000-0000-0000-0000-000000000000,8.0,,False,8936221048076,,False,True,00000000-0000-0000-0000-000000000000,0.0,0.0,0.0,0.0
a4351ebc-1505-4739-b003-1314432ad64c,05__GST__CLM__TOM__90,CHOLIMEX Sa Tế Tôm 90g,12000.0,0.0,0.0,Chai,1,0,False,False,Gia Vị Nhà Bếp,CHOLIMEX,,0.0,0,0,Không đồng bộ,False,0,00000000-0000-0000-0000-000000000000,8.0,90,False,8934637514314,,False,True,00000000-0000-0000-0000-000000000000,0.0,0.0,0.0,0.0
3860103f-922c-4c3c-a688-70a884a73b4e,05__GST__CSU__TOS__90,CHINSU Sa Tế Tôm Ớt Sả Tươi Chai 90g,11000.0,0.0,0.0,Chai,1,0,False,False,Gia Vị Nhà Bếp,CHOLIMEX,,0.0,0,0,Không đồng bộ,False,0,00000000-0000-0000-0000-000000000000,8.0,90,False,8936136168449,,False,True,00000000-0000-0000-0000-000000000000,0.0,0.0,0.0,0.0
72a629c9-9b85-480e-81c8-fa39ed3bbdd3,05__GTC__CLM__CHI__270,CHOLIMEX Tương Cà Chai 270g,16000.0,0.0,0.0,Chai,1,0,False,False,Gia Vị Nhà Bếp,CHOLIMEX,,0.0,0,0,Không đồng bộ,False,0,00000000-0000-0000-0000-000000000000,8.0,270,False,8934637212531,,False,True,00000000-0000-0000-0000-000000000000,0.0,0.0,0.0,0.0
d91f5988-7d67-4d0e-abd5-e1e4b1b9bb4c,05__GTC__CLM__GOI__10,CHOLIMEX Tương Cà Gói 10g,1000.0,0.0,0.0,Gói,1,0,False,False,Gia Vị Nhà Bếp,CHOLIMEX,,0.0,0,0,Không đồng bộ,False,0,00000000-0000-0000-0000-000000000000,8.0,10,False,8934637514659,,False,True,00000000-0000-0000-0000-000000000000,0.0,0.0,0.0,0.0
91e0f3ac-287b-4103-842a-3095925c9868,05__GTD__CLM__CHI__230,CHOLIMEX Tương Đen Chai 230g,18000.0,0.0,0.0,Chai,1,0,False,False,Gia Vị Nhà Bếp,CHOLIMEX,,0.0,0,0,Không đồng bộ,False,0,00000000-0000-0000-0000-000000000000,8.0,230,False,8934637513362,,False,True,00000000-0000-0000-0000-000000000000,0.0,0.0,0.0,0.0
afb92a6f-45ea-4bd5-a000-7e8bb12d2ec9,05__GTH__CLM__CHI__250,CHOLIMEX Tương Hột Chai 250g,14000.0,0.0,0.0,Chai,1,0,False,False,Gia Vị Nhà Bếp,CHOLIMEX,,0.0,0,0,Không đồng bộ,False,0,00000000-0000-0000-0000-000000000000,8.0,,False,8934637514925,,False,True,00000000-0000-0000-0000-000000000000,0.0,0.0,0.0,0.0
64895c25-cd0a-4158-967a-d2a8893cfc6b,05__GTO__CLM__CHI__250,CHOLIMEX Tương Ớt Nắp Xuôi 250g,18000.0,0.0,0.0,Chai,1,0,False,False,Gia Vị Nhà Bếp,CHOLIMEX,,0.0,0,0,Không đồng bộ,False,0,00000000-0000-0000-0000-000000000000,8.0,250,False,8934637514413,,False,True,00000000-0000-0000-0000-000000000000,0.0,0.0,0.0,0.0
f9cf80b7-8355-47c9-8f23-ac5c299068ac,05__GTO__CLM__CHI__270,CHOLIMEX Tương Ớt Chai 270g,16000.0,0.0,0.0,Chai,1,0,False,False,Gia Vị Nhà Bếp,CHOLIMEX,,0.0,0,0,Không đồng bộ,False,0,00000000-0000-0000-0000-000000000000,8.0,270,False,8934637011523,,False,True,00000000-0000-0000-0000-000000000000,0.0,0.0,0.0,0.0
c4c1f961-55bc-4837-a478-ea8524eb035f,05__GTO__CLM__CNT__270,CHOLIMEX Tương Ớt Chua Ngọt Chai 270g,16000.0,0.0,0.0,Chai,1,0,False,False,Gia Vị Nhà Bếp,CHOLIMEX,,0.0,0,0,Không đồng bộ,False,0,00000000-0000-0000-0000-000000000000,8.0,270,False,8934637062525,,False,True,00000000-0000-0000-0000-000000000000,0.0,0.0,0.0,0.0
0e322206-1799-4101-9d4a-1f8364dd0fde,05__GTO__CLM__GOI__10,CHOLIMEX Tương Ớt Gói 10g,1000.0,0.0,0.0,Gói,1,0,False,False,Gia Vị Nhà Bếp,CHOLIMEX,,0.0,0,0,Không đồng bộ,False,0,00000000-0000-0000-0000-000000000000,8.0,10,False,8934637514642,,False,True,00000000-0000-0000-0000-000000000000,0.0,0.0,0.0,0.0
3652aa9c-e171-4121-aacb-5762871db5cd,05__GTO__CLM__XMI__270,CHOLIMEX Tương Ớt Xí Muội Chai 270g,16000.0,0.0,0.0,Chai,1,0,False,False,Gia Vị Nhà Bếp,CHOLIMEX,,0.0,0,0,Không đồng bộ,False,0,00000000-0000-0000-0000-000000000000,8.0,270,False,8934637042534,,False,True,00000000-0000-0000-0000-000000000000,0.0,0.0,0.0,0.0
83a8d45e-485a-47b6-83cc-05df9aee7678,05__GTO__CSU__CHI__250,CHINSU Tương Ớt Chai 250g,25000.0,0.0,0.0,Chai,1,0,False,False,Gia Vị Nhà Bếp,CHINSU,,0.0,0,0,Không đồng bộ,False,0,00000000-0000-0000-0000-000000000000,8.0,250,False,8936017363505,,False,True,00000000-0000-0000-0000-000000000000,0.0,0.0,0.0,0.0
305fe073-fefb-4120-ab18-bc40b389b7a0,05__GTO__CSU__CHI__500,CHINSU Tương Ớt Chai 500g,39000.0,0.0,0.0,Chai,1,0,False,False,Gia Vị Nhà Bếp,CHINSU,,0.0,0,0,Không đồng bộ,False,0,00000000-0000-0000-0000-000000000000,8.0,500,False,8936136161143,,False,True,00000000-0000-0000-0000-000000000000,0.0,0.0,0.0,0.0
38ddb06a-010c-4909-bd1e-63a79903cd5b,05__GXD__CLM__GMN__150,CHOLIMEX Nước Tương Đậu Nành Giảm Mặn 150ml,11000.0,0.0,0.0,Chai,1,0,False,False,Gia Vị Nhà Bếp,CHOLIMEX,,0.0,0,0,Không đồng bộ,False,0,00000000-0000-0000-0000-000000000000,8.0,,False,8934637515656,,False,True,00000000-0000-0000-0000-000000000000,0.0,0.0,0.0,0.0
6599afaa-9589-4cc3-b9fd-86b130188702,05__GXD__CSU__NAM__330,CHINSU Nước Tương Nấm Shiitake 330ml,20000.0,0.0,0.0,Chai,1,0,False,False,Gia Vị Nhà Bếp,CHINSU,,0.0,0,0,Không đồng bộ,False,0,00000000-0000-0000-0000-000000000000,8.0,,False,8936136163017,,False,True,00000000-0000-0000-0000-000000000000,0.0,0.0,0.0,0.0
eb50d74c-ec7c-45a1-99ea-08a8ec4200a5,05__GXD__CSU__TOI__330,CHINSU Nước Tương Tỏi Ớt Tươi 330ml,23000.0,0.0,0.0,Chai,1,0,False,False,Gia Vị Nhà Bếp,CHINSU,,0.0,0,0,Không đồng bộ,False,0,00000000-0000-0000-0000-000000000000,8.0,,False,8936136163734,,False,True,00000000-0000-0000-0000-000000000000,0.0,0.0,0.0,0.0
adc08f8b-84be-478c-be3c-de0a52bd37a6,05__GXD__CSU__TTT__500,CHINSU Tam Thái Tử Nước Tương Nhất Ca 500ml,24000.0,0.0,0.0,Chai,1,0,False,False,Gia Vị Nhà Bếp,CHINSU,,0.0,0,0,Không đồng bộ,False,0,00000000-0000-0000-0000-000000000000,8.0,,False,8936017367091,,False,True,00000000-0000-0000-0000-000000000000,0.0,0.0,0.0,0.0
c7516920-f6bc-4af1-9fa5-28c17f29aba4,05__GXD__MAG__DDO__300,MAGGI Xì Dầu Đậm Đặc Chai Đỏ 300ml,25000.0,0.0,0.0,Chai,1,0,False,False,Gia Vị Nhà Bếp,MAGGI,,0.0,0,0,Không đồng bộ,False,0,00000000-0000-0000-0000-000000000000,8.0,,False,8934804020389,,False,True,00000000-0000-0000-0000-000000000000,0.0,0.0,0.0,0.0
139ea9fe-1a71-4d47-8c1f-15dda8b44c18,05__GXD__MAG__DDO__700,MAGGI Xì Dầu Đậm Đặc Chai Đỏ 700ml,43000.0,0.0,0.0,Chai,1,0,False,False,Gia Vị Nhà Bếp,MAGGI,,0.0,0,0,Không đồng bộ,False,0,00000000-0000-0000-0000-000000000000,8.0,,False,8934804020402,,False,True,00000000-0000-0000-0000-000000000000,0.0,0.0,0.0,0.0
a012dec0-f28b-4c7e-8d00-99d7f6bd5b7e,05__GXD__MAG__VAG__300,MAGGI Xì Dầu Đậu Nành Chai Vàng 300ml,20000.0,0.0,0.0,Chai,1,0,False,False,Gia Vị Nhà Bếp,MAGGI,,0.0,0,0,Không đồng bộ,False,0,00000000-0000-0000-0000-000000000000,8.0,,False,8934804055671,,False,True,00000000-0000-0000-0000-000000000000,0.0,0.0,0.0,0.0
3352daa3-b9e4-4097-b6b0-e8f4472426c9,05__GXD__MAG__VAG__700,MAGGI Xì Dầu Đậu Nành Chai Vàng 700ml,35000.0,0.0,0.0,Chai,1,0,False,False,Gia Vị Nhà Bếp,MAGGI,,0.0,0,0,Không đồng bộ,False,0,00000000-0000-0000-0000-000000000000,8.0,,False,8934804055695,,False,True,00000000-0000-0000-0000-000000000000,0.0,0.0,0.0,0.0
5d7f0dd2-2522-435f-abdc-85a7612b96ae,05__GXT__CLM__GCM__90,CHOLIMEX Xốt Gà Chiên Nước Mắm Gói 90g,13000.0,0.0,0.0,Gói,1,0,False,False,Gia Vị Nhà Bếp,CHOLIMEX,,0.0,0,0,Không đồng bộ,False,0,00000000-0000-0000-0000-000000000000,8.0,90,False,8934637517209,,False,True,00000000-0000-0000-0000-000000000000,0.0,0.0,0.0,0.0
fa93dc4b-af2b-4433-970c-2c1ced57a7aa,05__GXT__CLM__LTI__280,CHOLIMEX Lẩu Thái Chai 280g,25000.0,0.0,0.0,Chai,1,0,False,False,Gia Vị Nhà Bếp,CHOLIMEX,,0.0,0,0,Không đồng bộ,False,0,00000000-0000-0000-0000-000000000000,8.0,280,False,8934637514932,,False,True,00000000-0000-0000-0000-000000000000,0.0,0.0,0.0,0.0
66ec167a-170a-411c-aa97-ce1865235919,05__GXT__CLM__SXC__90,CHOLIMEX Gói Xốt Sườn Xào Chua Ngọt 90g,14000.0,0.0,0.0,Gói,1,0,False,False,Gia Vị Nhà Bếp,CHOLIMEX,,0.0,0,0,Không đồng bộ,False,0,00000000-0000-0000-0000-000000000000,8.0,90,False,8934637517216,,False,True,00000000-0000-0000-0000-000000000000,0.0,0.0,0.0,0.0
37428553-aef1-4d12-a015-2da530ab2992,05__GXT__CLM__TKT__50,CHOLIMEX Gói Gia Vị Kho Thịt 50g,8000.0,0.0,0.0,Gói,1,0,False,False,Gia Vị Nhà Bếp,CHOLIMEX,,0.0,0,0,Không đồng bộ,False,0,00000000-0000-0000-0000-000000000000,8.0,50,False,8934637515465,,False,True,00000000-0000-0000-0000-000000000000,0.0,0.0,0.0,0.0
90309e28-1f6a-4f33-86a9-b19b180e5192,05__GXT__CLM__TNG__70,CHOLIMEX Gói Xốt Ướp Thịt Nướng 70g,10000.0,0.0,0.0,Gói,1,0,False,False,Gia Vị Nhà Bếp,CHOLIMEX,,0.0,0,0,Không đồng bộ,False,0,00000000-0000-0000-0000-000000000000,8.0,70,False,8934637514871,,False,True,00000000-0000-0000-0000-000000000000,0.0,0.0,0.0,0.0
c9e066a4-a9ab-4ae4-9d8e-7976de8b3ef5,05__GXT__CLM__XAX__70,CHOLIMEX Gói Xốt Ướp Xá Xíu 70g,9500.0,0.0,0.0,Gói,1,0,False,False,Gia Vị Nhà Bếp,CHOLIMEX,,0.0,0,0,Không đồng bộ,False,0,00000000-0000-0000-0000-000000000000,8.0,70,False,8934637515236,,False,True,00000000-0000-0000-0000-000000000000,0.0,0.0,0.0,0.0
810e0b42-c514-44de-9f4a-ede71b46eeec,05__GXT__CSU__GCM__70,CHINSU Gói Xốt Gà Chiên Nước Mắm 70g,10000.0,0.0,0.0,Gói,1,0,False,False,Gia Vị Nhà Bếp,CHINSU,,0.0,0,0,Không đồng bộ,False,0,00000000-0000-0000-0000-000000000000,8.0,70,False,8936136168326,,False,True,00000000-0000-0000-0000-000000000000,0.0,0.0,0.0,0.0
40d2fa11-a5e7-47a5-8788-9fe3a5dc20b8,05__GXT__CSU__TKO__70,CHINSU Gói Xốt Thịt Kho 70g,10000.0,0.0,0.0,Gói,1,0,False,False,Gia Vị Nhà Bếp,CHINSU,,0.0,0,0,Không đồng bộ,False,0,00000000-0000-0000-0000-000000000000,8.0,70,False,8936136168340,,False,True,00000000-0000-0000-0000-000000000000,0.0,0.0,0.0,0.0
3b97ae03-0d68-4ab7-b2c9-8cf6bb6a6cec,05__GXT__CSU__TNG__80,CHINSU Gói Xốt Thịt Nướng 80g,10000.0,0.0,0.0,Gói,1,0,False,False,Gia Vị Nhà Bếp,CHINSU,,0.0,0,0,Không đồng bộ,False,0,00000000-0000-0000-0000-000000000000,8.0,80,False,8936136163284,,False,True,00000000-0000-0000-0000-000000000000,0.0,0.0,0.0,0.0
f3803b56-ce8a-4671-8316-66c5c37cb3a4,05__GXT__KNO__CCA__28,KNOR Gói Gia Vị Canh Chua 28g,8000.0,0.0,0.0,Gói,1,0,False,False,Gia Vị Nhà Bếp,KNOR,,0.0,0,0,Không đồng bộ,False,0,00000000-0000-0000-0000-000000000000,8.0,28,False,8934707010982,,False,True,00000000-0000-0000-0000-000000000000,0.0,0.0,0.0,0.0
1ca5b3f8-4339-4a02-86d5-7468758582b5,05__GXT__KNO__CKO__28,KNOR Gói Gia Vị Cá Kho 28g,8000.0,0.0,0.0,Gói,1,0,False,False,Gia Vị Nhà Bếp,KNOR,,0.0,0,0,Không đồng bộ,False,0,00000000-0000-0000-0000-000000000000,8.0,28,False,8934707010944,,False,True,00000000-0000-0000-0000-000000000000,0.0,0.0,0.0,0.0
5d14ce10-56f4-4cc7-8c56-81e1a7c5026a,05__GXT__KNO__TKO__28,KNOR Gói Gia Vị Thịt Kho 28g,8000.0,0.0,0.0,Gói,1,0,False,False,Gia Vị Nhà Bếp,KNOR,,0.0,0,0,Không đồng bộ,False,0,00000000-0000-0000-0000-000000000000,8.0,28,False,8934707011002,,False,True,00000000-0000-0000-0000-000000000000,0.0,0.0,0.0,0.0
c118c805-b03d-4d0b-9fec-9ca6bb198712,05__GXT__OFO__CAH__50,OFOOD Rong Biển Hàn Quốc Nấu Canh Gói 50g,55000.0,0.0,0.0,Gói,1,0,False,False,Gia Vị Nhà Bếp,OFOOD,,0.0,0,0,Không đồng bộ,False,0,00000000-0000-0000-0000-000000000000,8.0,50,False,8801052008226,,False,True,00000000-0000-0000-0000-000000000000,0.0,0.0,0.0,0.0
4f1a737d-2f73-4433-adb8-484f284bf998,06__DBC__GIL__CHH__50,GILLETTE Bọt Cạo Hương Chanh 50g,68000.0,0.0,0.0,Chai,1,0,False,False,Chăm Sóc Da & Cơ Thể,GILLETTE,,0.0,0,0,Không đồng bộ,False,0,00000000-0000-0000-0000-000000000000,8.0,50,False,9556149001053,,False,True,00000000-0000-0000-0000-000000000000,0.0,0.0,0.0,0.0
90afda76-ff34-4046-b4a5-8b303b2c914b,06__DCN__NVA__AUR__30,NIVEA Kem Chống Nắng Aura 30ml,120000.0,0.0,0.0,Tuýp,1,0,False,False,Chăm Sóc Da & Cơ Thể,NIVEA,,0.0,0,0,Không đồng bộ,False,0,00000000-0000-0000-0000-000000000000,8.0,30,False,8850029009353,,False,True,00000000-0000-0000-0000-000000000000,0.0,0.0,0.0,0.0
3fe70ff9-2f22-447d-831d-c4f3bfd1c9ef,06__DCN__NVA__CAE__30,NIVEA Kem Chống Nắng C&E 30ml,120000.0,0.0,0.0,Tuýp,1,0,False,False,Chăm Sóc Da & Cơ Thể,NIVEA,,0.0,0,0,Không đồng bộ,False,0,00000000-0000-0000-0000-000000000000,8.0,,False,8850029034522,,False,True,00000000-0000-0000-0000-000000000000,0.0,0.0,0.0,0.0
502427fa-696f-40e7-8434-90efa3f1e537,06__DCN__VAS__BRI__200,VASELINE Brightening Defense Lotion 200ml,90000.0,0.0,0.0,Chai,1,0,False,False,Chăm Sóc Da & Cơ Thể,VASELINE,,0.0,0,0,Không đồng bộ,False,0,00000000-0000-0000-0000-000000000000,8.0,,False,8934868168041,,False,True,00000000-0000-0000-0000-000000000000,0.0,0.0,0.0,0.0
4e546b4b-5835-4483-9def-b3f6dee6a040,06__DCN__VAS__PER__200,VASELINE Perfect Youth Pro-Age Lotion 200ml,90000.0,0.0,0.0,Chai,1,0,False,False,Chăm Sóc Da & Cơ Thể,VASELINE,,0.0,0,0,Không đồng bộ,False,0,00000000-0000-0000-0000-000000000000,8.0,,False,8934868153740,,False,True,00000000-0000-0000-0000-000000000000,0.0,0.0,0.0,0.0
351f5dfa-9bbd-4388-825b-58bad21d956b,06__DCN__VAS__S50__300,VASELINE Serum Chống Nắng Spf 50+ 300ml,160000.0,0.0,0.0,Chai,1,0,False,False,Chăm Sóc Da & Cơ Thể,VASELINE,,0.0,0,0,Không đồng bộ,False,0,00000000-0000-0000-0000-000000000000,8.0,,False,8851932388115,,False,True,00000000-0000-0000-0000-000000000000,0.0,0.0,0.0,0.0
1bf84443-e035-4f0d-b9a4-4137addc00ec,06__DCR__GIL__2,GILLETTE Dao Cạo Râu 2 Lưỡi,16000.0,0.0,0.0,Cái,1,0,False,False,Chăm Sóc Da & Cơ Thể,GILLETTE,,0.0,0,0,Không đồng bộ,False,0,00000000-0000-0000-0000-000000000000,8.0,,False,4987176092267,,False,True,00000000-0000-0000-0000-000000000000,0.0,0.0,0.0,0.0
effc228d-9cb1-4b06-bffd-e9f2ae92feb9,06__DDM__NVA__CNG__200,NIVEA Sữa Dưỡng Thể Sáng Da Phục Hồi & Chống Nắng 200ml,105000.0,0.0,0.0,Chai,1,0,False,False,Chăm Sóc Da & Cơ Thể,NIVEA,,0.0,0,0,Không đồng bộ,False,0,00000000-0000-0000-0000-000000000000,8.0,,False,4005900438928,,False,True,00000000-0000-0000-0000-000000000000,0.0,0.0,0.0,0.0
d823d1a0-f474-4d52-b715-13370e9574df,06__DDM__NVA__SBD__200,NIVEA Sữa Dưỡng Thể Dưỡng Sáng Ban Đêm 200ml,95000.0,0.0,0.0,Chai,1,0,False,False,Chăm Sóc Da & Cơ Thể,NIVEA,,0.0,0,0,Không đồng bộ,False,0,00000000-0000-0000-0000-000000000000,8.0,,False,4005900926081,,False,True,00000000-0000-0000-0000-000000000000,0.0,0.0,0.0,0.0
55ed3fc6-1fd4-4a6d-8173-036dab32a5e6,06__DDM__VAS__DAM__300,VASELINE Gluta-Hya Dưỡng Sáng Da Ẩm Mượt 300ml,130000.0,0.0,0.0,Chai,1,0,False,False,Chăm Sóc Da & Cơ Thể,VASELINE,,0.0,0,0,Không đồng bộ,False,0,00000000-0000-0000-0000-000000000000,8.0,,False,8851932427722,,False,True,00000000-0000-0000-0000-000000000000,0.0,0.0,0.0,0.0
70bc227a-808a-4b27-b15c-a44df007b2b4,06__DDM__VAS__SDA__300,VASELINE Gluta-Hya Dưỡng Sáng Da Không Lo 300ml,130000.0,0.0,0.0,Chai,1,0,False,False,Chăm Sóc Da & Cơ Thể,VASELINE,,0.0,0,0,Không đồng bộ,False,0,00000000-0000-0000-0000-000000000000,8.0,,False,9556126670654,,False,True,00000000-0000-0000-0000-000000000000,0.0,0.0,0.0,0.0
bf19d147-4b2c-4920-a28a-e52aac3f607c,06__DKM__DOV__COL__45,DOVE Lăn Khử Mùi Tinh Chất Sáng Da Collagen 45ml,85000.0,0.0,0.0,Chai,1,0,False,False,Chăm Sóc Da & Cơ Thể,DOVE,,0.0,0,0,Không đồng bộ,False,0,00000000-0000-0000-0000-000000000000,8.0,,False,4800888281654,,False,True,00000000-0000-0000-0000-000000000000,0.0,0.0,0.0,0.0
071ccffd-ae75-49b7-b1b7-9110468fa113,06__DKM__DOV__VCE__45,DOVE Lăn Khử Mùi Tinh Chất Sáng Da Vit C&E 45ml,85000.0,0.0,0.0,Chai,1,0,False,False,Chăm Sóc Da & Cơ Thể,DOVE,,0.0,0,0,Không đồng bộ,False,0,00000000-0000-0000-0000-000000000000,8.0,,False,4800888281678,,False,True,00000000-0000-0000-0000-000000000000,0.0,0.0,0.0,0.0
0b0035f4-a964-4c03-9715-6299a37a6b26,06__DLD__GIL__LAM__5,GILLETTE Lưỡi Lam 5 x 20 x 50,10000.0,0.0,0.0,Cái,1,0,False,False,Chăm Sóc Da & Cơ Thể,GILLETTE,,0.0,0,0,Không đồng bộ,False,0,00000000-0000-0000-0000-000000000000,8.0,,False,4902430503679,,False,True,00000000-0000-0000-0000-000000000000,0.0,0.0,0.0,0.0
263880c2-eaab-419b-b0e6-90a052154b5b,06__DLK__NVA__BNW__50,NIVEA Lăn Khử Mùi Nam Black & White 50ml,100000.0,0.0,0.0,Chai,1,0,False,False,Chăm Sóc Da & Cơ Thể,NIVEA MEN,,0.0,0,0,Không đồng bộ,False,0,00000000-0000-0000-0000-000000000000,8.0,,False,4005900036049;4005800376955;8850029004464,,False,True,00000000-0000-0000-0000-000000000000,0.0,0.0,0.0,0.0
99994196-93d2-4e0a-b6d2-d874ba678b20,06__DLK__NVA__COO__1,NIVEA Lăn Khử Mùi Nam Cool Fresh,90000.0,0.0,0.0,Chai,1,0,False,False,Chăm Sóc Da & Cơ Thể,NIVEA MEN,,0.0,0,0,Không đồng bộ,False,0,00000000-0000-0000-0000-000000000000,8.0,,False,4005900834751,,False,True,00000000-0000-0000-0000-000000000000,0.0,0.0,0.0,0.0
45dabc5c-8f74-492e-9577-997283b285ec,06__DLK__NVA__DRY__50,NIVEA Lăn Khử Mùi Dry Comfort 50ml,80000.0,0.0,0.0,Chai,1,0,False,False,Chăm Sóc Da & Cơ Thể,NIVEA,,0.0,0,0,Không đồng bộ,False,0,00000000-0000-0000-0000-000000000000,8.0,,False,4005808178223,,False,True,00000000-0000-0000-0000-000000000000,0.0,0.0,0.0,0.0
0d5de16e-440a-4a03-8136-5fd8a4aa9ca4,06__DLK__NVA__FRE__50,NIVEA Lăn Khử Mùi Fresh Energy 50ml,80000.0,0.0,0.0,Chai,1,0,False,False,Chăm Sóc Da & Cơ Thể,NIVEA,,0.0,0,0,Không đồng bộ,False,0,00000000-0000-0000-0000-000000000000,8.0,,False,4005808837540,,False,True,00000000-0000-0000-0000-000000000000,0.0,0.0,0.0,0.0
f41db33c-0150-4cc0-a354-98887ee95af1,06__DLK__NVA__IMP__50,NIVEA Lăn Khử Mùi Nam Dry Impact 50ml,80000.0,0.0,0.0,Chai,1,0,False,False,Chăm Sóc Da & Cơ Thể,NIVEA MEN,,0.0,0,0,Không đồng bộ,False,0,00000000-0000-0000-0000-000000000000,8.0,,False,4005808298334,,False,True,00000000-0000-0000-0000-000000000000,0.0,0.0,0.0,0.0
2c17f5e9-30cc-4d32-8b89-c084870bdc6a,06__DLK__NVM__BNW__50,NIVEA MEN Lăn Khử Mùi Black & White Invisible Ultimate 50ml,100000.0,0.0,0.0,Chai,1,0,False,False,Chăm Sóc Da & Cơ Thể,NIVEA MEN,,0.0,0,0,Không đồng bộ,False,0,00000000-0000-0000-0000-000000000000,8.0,,False,4005900731425,,False,True,00000000-0000-0000-0000-000000000000,0.0,0.0,0.0,0.0
3eda8184-d76a-4ae3-87de-b1d7b0ddad8b,06__DLK__XMN__FIR__25,XMEN Lăn Khử Mùi Fire 25ml,45000.0,0.0,0.0,Chai,1,0,False,False,Chăm Sóc Da & Cơ Thể,XMEN,,0.0,0,0,Không đồng bộ,False,0,00000000-0000-0000-0000-000000000000,8.0,,False,8935136825215,,False,True,00000000-0000-0000-0000-000000000000,0.0,0.0,0.0,0.0
65752c2f-a37f-44b3-993c-73a179aab451,06__DLK__XMN__WOO__25,XMEN Lăn Khủ Mùi Wood 25ml,45000.0,0.0,0.0,Chai,1,0,False,False,Chăm Sóc Da & Cơ Thể,XMEN,,0.0,0,0,Không đồng bộ,False,0,00000000-0000-0000-0000-000000000000,8.0,,False,8935136825208,,False,True,00000000-0000-0000-0000-000000000000,0.0,0.0,0.0,0.0
6bc9bdfc-6fc5-4d66-a717-79c20f035bc4,06__DRM__NVA__ACN__90,NIVEA Sữa Rửa Mặt Acne Care 90ml,90000.0,0.0,0.0,Chai,1,0,False,False,Chăm Sóc Da & Cơ Thể,NIVEA,,0.0,0,0,Không đồng bộ,False,0,00000000-0000-0000-0000-000000000000,8.0,,False,8850029036410,,False,True,00000000-0000-0000-0000-000000000000,0.0,0.0,0.0,0.0
1123630f-eb59-43e2-a5c2-6f717d951194,06__DRM__NVA__DSA__100,NIVEA Sữa Rửa Mặt Ngọc Trai Dưỡng Sáng 100g,90000.0,0.0,0.0,Chai,1,0,False,False,Chăm Sóc Da & Cơ Thể,NIVEA,,0.0,0,0,Không đồng bộ,False,0,00000000-0000-0000-0000-000000000000,8.0,,False,4005900747891,,False,True,00000000-0000-0000-0000-000000000000,0.0,0.0,0.0,0.0
d1f15302-0e56-4502-b96a-6fae2b2bb6f2,06__DRM__NVM__ACN__100,NIVEA MEN Sữa Rửa Mặt Acne Oil Clear 100g,85000.0,0.0,0.0,Chai,1,0,False,False,Chăm Sóc Da & Cơ Thể,NIVEA MEN,,0.0,0,0,Không đồng bộ,False,0,00000000-0000-0000-0000-000000000000,8.0,,False,4005808888382,,False,True,00000000-0000-0000-0000-000000000000,0.0,0.0,0.0,0.0
aa696d79-aaa2-4338-a1be-f24a7f53b69e,06__DRM__NVM__BRI__100,NIVEA MEN Sữa Rửa Mặt Bright Oil Clear Foam 100g,82000.0,0.0,0.0,Chai,1,0,False,False,Chăm Sóc Da & Cơ Thể,NIVEA MEN,,0.0,0,0,Không đồng bộ,False,0,00000000-0000-0000-0000-000000000000,8.0,,False,4005808888696,,False,True,00000000-0000-0000-0000-000000000000,0.0,0.0,0.0,0.0
eb950dc6-065e-4096-95e2-1d07704dc7fc,06__DRT__LBY__BVE__180,LIFEBUOY Nước Rửa Tay Bảo Vệ Vượt Trội 180g,42000.0,0.0,0.0,Chai,1,0,False,False,Chăm Sóc Da & Cơ Thể,LIFEBUOY,,0.0,0,0,Không đồng bộ,False,0,00000000-0000-0000-0000-000000000000,8.0,180,False,8934868155324,,False,True,00000000-0000-0000-0000-000000000000,0.0,0.0,0.0,0.0
83f0af6a-6d06-4899-aaaa-3b8b74b5cd4e,06__DRT__LBY__CHH__180,LIFEBUOY Nước Rửa Tay Chanh Khử Mùi 180g,42000.0,0.0,0.0,Chai,1,0,False,False,Chăm Sóc Da & Cơ Thể,LIFEBUOY,,0.0,0,0,Không đồng bộ,False,0,00000000-0000-0000-0000-000000000000,8.0,180,False,8934868155225,,False,True,00000000-0000-0000-0000-000000000000,0.0,0.0,0.0,0.0
2184278e-4d09-4eaf-b127-cccd01421a1e,06__DRT__LBY__SDA__180,LIFEBUOY Nước Rửa Tay Sữa Dưỡng Ẩm 180g,42000.0,0.0,0.0,Chai,1,0,False,False,Chăm Sóc Da & Cơ Thể,LIFEBUOY,,0.0,0,0,Không đồng bộ,False,0,00000000-0000-0000-0000-000000000000,8.0,180,False,8934868155294,,False,True,00000000-0000-0000-0000-000000000000,0.0,0.0,0.0,0.0
ac6cc354-922b-4a1a-acc3-d15987c4a899,06__DSO__NVM__DAO__1,NIVEA Son Dưỡng Ẩm Đào,75000.0,0.0,0.0,Chai,1,0,False,False,Chăm Sóc Da & Cơ Thể,NIVEA,,0.0,0,0,Không đồng bộ,False,0,00000000-0000-0000-0000-000000000000,8.0,,False,4005808519699,,False,True,00000000-0000-0000-0000-000000000000,0.0,0.0,0.0,0.0
568b7130-2417-4d7a-8748-338d9f0e4333,06__DSO__NVM__DAU__1,NIVEA Son Dưỡng Ẩm Dâu,75000.0,0.0,0.0,Cái,1,0,False,False,Chăm Sóc Da & Cơ Thể,NIVEA,,0.0,0,0,Không đồng bộ,False,0,00000000-0000-0000-0000-000000000000,8.0,,False,8850029850726,,False,True,00000000-0000-0000-0000-000000000000,0.0,0.0,0.0,0.0
4e752dd3-af8f-4015-bcac-a52d2b815b79,06__DSO__NVM__TNN__1,NIVEA Son Dưỡng Ẩm Tự Nhiên,75000.0,0.0,0.0,Chai,1,0,False,False,Chăm Sóc Da & Cơ Thể,NIVEA,,0.0,0,0,Không đồng bộ,False,0,00000000-0000-0000-0000-000000000000,8.0,,False,8850029850009,,False,True,00000000-0000-0000-0000-000000000000,0.0,0.0,0.0,0.0
8d6aeff6-da9b-46c6-8b67-b0584c0d937a,06__DST__DOV__DBO__500,DOVE Sữa Tắm Invigorating Dầu Bơ & Hoa Cúc 500g,160000.0,0.0,0.0,Chai,1,0,False,False,Chăm Sóc Da & Cơ Thể,DOVE,,0.0,0,0,Không đồng bộ,False,0,00000000-0000-0000-0000-000000000000,8.0,500,False,8934868188612,,False,True,00000000-0000-0000-0000-000000000000,0.0,0.0,0.0,0.0
f2a1b985-ad96-4f92-b534-7ccfc6899964,06__DST__DOV__SAK__500,DOVE Sữa Tắm Radiance Hoa Sakura & Muối Hồng 500g,160000.0,0.0,0.0,Chai,1,0,False,False,Chăm Sóc Da & Cơ Thể,DOVE,,0.0,0,0,Không đồng bộ,False,0,00000000-0000-0000-0000-000000000000,8.0,500,False,8934868188643,,False,True,00000000-0000-0000-0000-000000000000,0.0,0.0,0.0,0.0
26321ba2-abda-45cc-9afd-6a36b0f9459c,06__DST__LBY__BVE__350,LIFEBUOY Sữa Tắm Bảo Vệ Vượt Trội 350g,75000.0,0.0,0.0,Chai,1,0,False,False,Chăm Sóc Da & Cơ Thể,LIFEBUOY,,0.0,0,0,Không đồng bộ,False,0,00000000-0000-0000-0000-000000000000,8.0,350,False,8934868182429,,False,True,00000000-0000-0000-0000-000000000000,0.0,0.0,0.0,0.0
61635594-a3d5-4ec3-88cb-136303103c4b,06__DST__LBY__DAM__350,LIFEBUOY Sữa Tắm Sữa Dưỡng Ẩm 350g,75000.0,0.0,0.0,Chai,1,0,False,False,Chăm Sóc Da & Cơ Thể,LIFEBUOY,,0.0,0,0,Không đồng bộ,False,0,00000000-0000-0000-0000-000000000000,8.0,350,False,8934868182436,,False,True,00000000-0000-0000-0000-000000000000,0.0,0.0,0.0,0.0
6f1a18b1-add4-4964-b183-f60ad707a489,06__DSV__XMN__CLY__65,XMEN Sáp Vuốt Tóc ClayWax 65g,97000.0,0.0,0.0,Hộp,1,0,False,False,Chăm Sóc Tóc,XMEN,,0.0,0,0,Không đồng bộ,False,0,00000000-0000-0000-0000-000000000000,8.0,65,False,8935136863378,,False,True,00000000-0000-0000-0000-000000000000,0.0,0.0,0.0,0.0
402dbf27-105b-4a1f-b542-a2964be58a75,06__DSV__XMN__FRE__70,XMEN Sáp Vuốt Tóc FreestyleWax 70g,97000.0,0.0,0.0,Hộp,1,0,False,False,Chăm Sóc Tóc,XMEN,,0.0,0,0,Không đồng bộ,False,0,00000000-0000-0000-0000-000000000000,8.0,70,False,8935136860575,,False,True,00000000-0000-0000-0000-000000000000,0.0,0.0,0.0,0.0
183e5717-168b-4aeb-9097-7b7f6ea5a377,06__DSV__XMN__MAT__70,XMEN Sáp Vuốt Tóc Matte Pomade 70g,97000.0,0.0,0.0,Hộp,1,0,False,False,Chăm Sóc Tóc,XMEN,,0.0,0,0,Không đồng bộ,False,0,00000000-0000-0000-0000-000000000000,8.0,70,False,8935136863385,,False,True,00000000-0000-0000-0000-000000000000,0.0,0.0,0.0,0.0
839c6b4b-2f48-428a-849c-bb31bb0f296d,06__DSV__XMN__SHI__70,XMEN Sáp Vuốt Tóc Shine Pomade 70g,97000.0,0.0,0.0,Hộp,1,0,False,False,Chăm Sóc Tóc,XMEN,,0.0,0,0,Không đồng bộ,False,0,00000000-0000-0000-0000-000000000000,8.0,,False,8935136861459,,False,True,00000000-0000-0000-0000-000000000000,0.0,0.0,0.0,0.0
f0d9f1c2-7c25-472f-8d30-912264b7f8c1,06__DTT__NVA__SDA__200,NIVEA Nước Tẩy Trang Sáng Da 200ml,115000.0,0.0,0.0,Chai,1,0,False,False,Chăm Sóc Da & Cơ Thể,NIVEA,,0.0,0,0,Không đồng bộ,False,0,00000000-0000-0000-0000-000000000000,8.0,,False,8850029010656,,False,True,00000000-0000-0000-0000-000000000000,0.0,0.0,0.0,0.0
1181a292-8aaa-476e-a76a-394db72943db,06__DTT__SIL__JAP__66,SILCOT Bông Tẩy Trang Nhật Bản Cao Cấp 66 Miếng,50000.0,0.0,0.0,Hộp,1,0,False,False,Chăm Sóc Da & Cơ Thể,SILCOT,,0.0,0,0,Không đồng bộ,False,0,00000000-0000-0000-0000-000000000000,8.0,,False,4903111424283,,False,True,00000000-0000-0000-0000-000000000000,0.0,0.0,0.0,0.0
751c5ac1-2138-4879-83c6-6369666f9f91,06__DTT__SIL__JAP__82,SILCOT Bông Tẩy Trang Nhật Bản 82 Miếng,45000.0,0.0,0.0,Hộp,1,0,False,False,Chăm Sóc Da & Cơ Thể,SILCOT,,0.0,0,0,Không đồng bộ,False,0,00000000-0000-0000-0000-000000000000,8.0,,False,4903111455546,,False,True,00000000-0000-0000-0000-000000000000,0.0,0.0,0.0,0.0
c001e4b7-3873-4238-b9d4-543297a36070,06__DXK__NVM__BAW__150,NIVEA MEN Xịt Khử Mùi Ultimate Impact 150ml,130000.0,0.0,0.0,Chai,1,0,False,False,Chăm Sóc Da & Cơ Thể,NIVEA MEN,,0.0,0,0,Không đồng bộ,False,0,00000000-0000-0000-0000-000000000000,8.0,,False,4005900731418,,False,True,00000000-0000-0000-0000-000000000000,0.0,0.0,0.0,0.0
ad641668-f2be-41ee-bd73-80f507d4ca57,06__DXK__NVM__DRY__150,NIVEA MEN Xịt Khử Mùi Dry Impact 150ml,120000.0,0.0,0.0,Chai,1,0,False,False,Chăm Sóc Da & Cơ Thể,NIVEA,,0.0,0,0,Không đồng bộ,False,0,00000000-0000-0000-0000-000000000000,8.0,,False,4005808300198,,False,True,00000000-0000-0000-0000-000000000000,0.0,0.0,0.0,0.0
e19d1df1-d444-4777-a4d8-0e0b40d5ace5,06__DXK__RMO__DDO__195,ROMANO Xịt Ngăn Mùi Toàn Thân Attitude Đỏ 195ml,110000.0,0.0,0.0,Chai,1,0,False,False,Chăm Sóc Da & Cơ Thể,ROMANO,,0.0,0,0,Không đồng bộ,False,0,00000000-0000-0000-0000-000000000000,8.0,,False,8935212811729,,False,True,00000000-0000-0000-0000-000000000000,0.0,0.0,0.0,0.0
936142e3-7cc2-44fe-96a8-827396f26cf0,06__DXK__RMO__XLA__195,ROMANO Xịt Ngăn Mùi Toàn Thân Classic Xanh Lá 195ml,110000.0,0.0,0.0,Chai,1,0,False,False,Chăm Sóc Da & Cơ Thể,ROMANO,,0.0,0,0,Không đồng bộ,False,0,00000000-0000-0000-0000-000000000000,8.0,,False,8935212811699,,False,True,00000000-0000-0000-0000-000000000000,0.0,0.0,0.0,0.0
5698de83-508d-41bb-9c85-549e309b63a1,06__RBC__COL__MAH__3,COLGATE Bàn Chải Mềm Mảnh Sạch Sâu Hiệu Quả (3cây),50000.0,0.0,0.0,Cái,1,0,False,False,Chăm Sóc Răng Miệng,COLGATE,,0.0,0,0,Không đồng bộ,False,0,00000000-0000-0000-0000-000000000000,8.0,,False,8935236000758,,False,True,00000000-0000-0000-0000-000000000000,0.0,0.0,0.0,0.0
7613427d-0c60-4f85-8a0e-ea71516df25a,06__RBC__COL__MEM__3,COLGATE Bàn Chải Mềm Mảnh Chăm Sóc Nướu (3cây),45000.0,0.0,0.0,Cái,1,0,False,False,Chăm Sóc Răng Miệng,COLGATE,,0.0,0,0,Không đồng bộ,False,0,00000000-0000-0000-0000-000000000000,8.0,,False,8935236000253,,False,True,00000000-0000-0000-0000-000000000000,0.0,0.0,0.0,0.0
2a8e4e0f-50f1-4c1c-9cc4-7cf868b7c0a6,06__RBC__COL__TRE__1,COLGATE Bàn Chải Đánh Răng Trẻ Em,40000.0,0.0,0.0,Cái,1,0,False,False,Chăm Sóc Răng Miệng,COLGATE,,0.0,0,0,Không đồng bộ,False,0,00000000-0000-0000-0000-000000000000,8.0,,False,4710168714812,,False,True,00000000-0000-0000-0000-000000000000,0.0,0.0,0.0,0.0
82458a1c-ec4c-4331-8a0a-1b0705a3cdec,06__RBC__KPS__BVE__01,PS Bàn Chải Bảo Vệ 123 Mềm MạI,13000.0,0.0,0.0,Cái,1,0,False,False,Chăm Sóc Răng Miệng,PS,,0.0,0,0,Không đồng bộ,False,0,00000000-0000-0000-0000-000000000000,8.0,,False,8934839128913,,False,True,00000000-0000-0000-0000-000000000000,0.0,0.0,0.0,0.0
55825ce2-6349-49cc-a270-4b5fd1964f49,06__RBC__KPS__MEM__01,PS Bàn Chải Siêu Mềm Lông Tơ Sạch Hiệu Quả,20000.0,0.0,0.0,Cái,1,0,False,False,Chăm Sóc Răng Miệng,PS,,0.0,0,0,Không đồng bộ,False,0,00000000-0000-0000-0000-000000000000,8.0,,False,8934839135003,,False,True,00000000-0000-0000-0000-000000000000,0.0,0.0,0.0,0.0
f676de85-ff30-4b5d-8310-5f033a990a31,06__RBC__KPS__MEM__12,PS Bàn Chải Lông Tơ Mềm Mại *12c/vỉ,28000.0,0.0,0.0,Cái,1,0,False,False,Chăm Sóc Răng Miệng,PS,,0.0,0,0,Không đồng bộ,False,0,00000000-0000-0000-0000-000000000000,8.0,,False,8934839135010,,False,True,00000000-0000-0000-0000-000000000000,0.0,0.0,0.0,0.0
db3b10db-bd80-4943-9a3e-db0a32383052,06__RBC__KPS__T11__01,PS Bàn Chải Trẻ Em Siêu Mềm 7-11 Tuổi,20000.0,0.0,0.0,Cái,1,0,False,False,Chăm Sóc Răng Miệng,PS,,0.0,0,0,Không đồng bộ,False,0,00000000-0000-0000-0000-000000000000,8.0,,False,8934839123727,,False,True,00000000-0000-0000-0000-000000000000,0.0,0.0,0.0,0.0
b58cc363-c32d-4d0c-91eb-750b2c48ed0d,06__RBC__KPS__T26__01,PS Bàn Chải Trẻ Em Siêu Mềm 2-6 Tuổi,20000.0,0.0,0.0,Cái,1,0,False,False,Chăm Sóc Răng Miệng,PS,,0.0,0,0,Không đồng bộ,False,0,00000000-0000-0000-0000-000000000000,8.0,,False,8934839123710,,False,True,00000000-0000-0000-0000-000000000000,0.0,0.0,0.0,0.0
6a014ca4-71b4-4eed-8bcc-7d34e51dd2b6,06__RBC__KPS__TBC__01,PS Bàn Chải Than Bạc Kháng Khuẩn,39000.0,0.0,0.0,Cái,1,0,False,False,Chăm Sóc Răng Miệng,PS,,0.0,0,0,Không đồng bộ,False,0,00000000-0000-0000-0000-000000000000,8.0,,False,8934839135027,,False,True,00000000-0000-0000-0000-000000000000,0.0,0.0,0.0,0.0
347f299d-568e-4a7b-b84f-8c9e74613f8a,06__RBC__KPS__TRE__01,PS Bàn Chải MuốI Tre,35000.0,0.0,0.0,Cái,1,0,False,False,Chăm Sóc Răng Miệng,PS,,0.0,0,0,Không đồng bộ,False,0,00000000-0000-0000-0000-000000000000,8.0,,False,8934839128463,,False,True,00000000-0000-0000-0000-000000000000,0.0,0.0,0.0,0.0
0eddbacf-a8bc-4004-b4fe-b518c727cafb,06__RBC__ORB__BLK__3,ORAL'B Bàn Chải Đánh Răng Black Tea Mua 2 Tặng 1,83000.0,0.0,0.0,Vỉ,1,0,False,False,Chăm Sóc Răng Miệng,ORAL'B,,0.0,0,0,Không đồng bộ,False,0,00000000-0000-0000-0000-000000000000,8.0,,False,4902430678216,,False,True,00000000-0000-0000-0000-000000000000,0.0,0.0,0.0,0.0
4de6ec18-8540-4b7b-88c7-f62655e2d19b,06__RBC__ORB__GRE__3,ORAL'B Bàn Chải Đánh Răng Green Tea Mua 2 Tặng 1,83000.0,0.0,0.0,Vỉ,1,0,False,False,Chăm Sóc Răng Miệng,ORAL'B,,0.0,0,0,Không đồng bộ,False,0,00000000-0000-0000-0000-000000000000,8.0,,False,4902430678360,,False,True,00000000-0000-0000-0000-000000000000,0.0,0.0,0.0,0.0
f78e419a-b8d3-4dae-aca4-3062a942017e,06__RKD__CLO__BHA__180,CLOSEUP Kem Đánh Răng Thơm Mát Bạc Hà 180g,50000.0,0.0,0.0,Cái,1,0,False,False,Chăm Sóc Răng Miệng,CLOSEUP,,0.0,0,0,Không đồng bộ,False,0,00000000-0000-0000-0000-000000000000,8.0,,False,8934839125967,,False,True,00000000-0000-0000-0000-000000000000,0.0,0.0,0.0,0.0
e2388570-50f2-4e65-a645-5b29dcd89eed,06__RKD__COL__PRO__110,COLGATE Kem Đánh Răng Sensitive Pro-Relief 110g,90000.0,0.0,0.0,Cái,1,0,False,False,Chăm Sóc Răng Miệng,COLGATE,,0.0,0,0,Không đồng bộ,False,0,00000000-0000-0000-0000-000000000000,8.0,110,False,8850006327647,,False,True,00000000-0000-0000-0000-000000000000,0.0,0.0,0.0,0.0
c178e9d9-4eb1-4b7d-bf13-480dbdb14b16,06__RKD__COL__TOT__150,COLGATE Kem Đánh Răng Total Active Prevention 150g,67000.0,0.0,0.0,Cái,1,0,False,False,Chăm Sóc Răng Miệng,COLGATE,,0.0,0,0,Không đồng bộ,False,0,00000000-0000-0000-0000-000000000000,8.0,150,False,8850006325636,,False,True,00000000-0000-0000-0000-000000000000,0.0,0.0,0.0,0.0
8d5a56e9-eedf-457f-a6cc-6a36ecac4f9e,06__RKD__COL__VMC__90,COLGATE Kem Đánh Răng VitaminC Thơm Mát 90g,28000.0,0.0,0.0,Cái,1,0,False,False,Chăm Sóc Răng Miệng,COLGATE,,0.0,0,0,Không đồng bộ,False,0,00000000-0000-0000-0000-000000000000,8.0,90,False,8850006933015,,False,True,00000000-0000-0000-0000-000000000000,0.0,0.0,0.0,0.0
d4a6eeeb-42ce-4e43-b855-fca3ebef60f4,06__RKD__CUP__BTT__180,CLOSEUP Kem Đánh Răng Tinh Thể Băng Tuyết 180g,50000.0,0.0,0.0,Cái,1,0,False,False,Chăm Sóc Răng Miệng,CLOSEUP,,0.0,0,0,Không đồng bộ,False,0,00000000-0000-0000-0000-000000000000,8.0,,False,8934839126018,,False,True,00000000-0000-0000-0000-000000000000,0.0,0.0,0.0,0.0
81086c6b-e42e-455b-bfa0-fb595deec35f,06__RKD__KPS__123__180,PS Kem Đánh Răng Bảo Vệ 123 180g,40000.0,0.0,0.0,Cái,1,0,False,False,Chăm Sóc Răng Miệng,PS,,0.0,0,0,Không đồng bộ,False,0,00000000-0000-0000-0000-000000000000,8.0,180,False,8934839127732,,False,True,00000000-0000-0000-0000-000000000000,0.0,0.0,0.0,0.0
212dff8b-92ae-4bc0-a137-094749b92ebf,06__RKD__KPS__26D__90,PS Kem Đánh Răng Trẻ Em 2-6 Tuổi Dâu 90g,40000.0,0.0,0.0,Cái,1,0,False,False,Chăm Sóc Răng Miệng,PS,,0.0,0,0,Không đồng bộ,False,0,00000000-0000-0000-0000-000000000000,8.0,90,False,8934839135126,,False,True,00000000-0000-0000-0000-000000000000,0.0,0.0,0.0,0.0
f1939160-0636-417d-b711-9e97642d7c43,06__RKD__KPS__C26__45,PS Kem Đánh Răng Trẻ Em Hương Cam 45g,25000.0,0.0,0.0,Cái,1,0,False,False,Chăm Sóc Răng Miệng,PS,,0.0,0,0,Không đồng bộ,False,0,00000000-0000-0000-0000-000000000000,8.0,45,False,8934839128999,,False,True,00000000-0000-0000-0000-000000000000,0.0,0.0,0.0,0.0
6e04e827-6802-4e43-907d-c58f9077cdd2,06__RKD__KPS__CAM__90,PS Kem Đánh Răng Trẻ Em 2-6 Tuổi Cam 90g,44000.0,0.0,0.0,Cái,1,0,False,False,Chăm Sóc Răng Miệng,PS,,0.0,0,0,Không đồng bộ,False,0,00000000-0000-0000-0000-000000000000,8.0,90,False,8934839131791,,False,True,00000000-0000-0000-0000-000000000000,0.0,0.0,0.0,0.0
c9aa8fd4-1c4a-44ba-a242-821a22552a75,06__RKD__KPS__DAU__90,PS Kem Đánh Răng Trẻ Em Hương Dâu 45g,25000.0,0.0,0.0,Cái,1,0,False,False,Chăm Sóc Răng Miệng,PS,,0.0,0,0,Không đồng bộ,False,0,00000000-0000-0000-0000-000000000000,8.0,45,False,8934839129002,,False,True,00000000-0000-0000-0000-000000000000,0.0,0.0,0.0,0.0
cf18ffa7-9209-4b43-b9ef-7c9c31a4e1aa,06__RKD__KPS__SAU__100,PS Kem Đánh Răng Ngừa Sâu Răng Vượt Trội 100g,30000.0,0.0,0.0,Hộp,1,0,False,False,Chăm Sóc Răng Miệng,PS,,0.0,0,0,Không đồng bộ,False,0,00000000-0000-0000-0000-000000000000,8.0,100,False,8934839131739,,False,True,00000000-0000-0000-0000-000000000000,0.0,0.0,0.0,0.0
0f93303b-ade5-4961-827c-469548b35bb0,06__RKD__KPS__THT__180,PS Kem Đánh Răng Than Hoạt Tính 180g,42000.0,0.0,0.0,Cái,1,0,False,False,Chăm Sóc Răng Miệng,PS,,0.0,0,0,Không đồng bộ,False,0,00000000-0000-0000-0000-000000000000,8.0,180,False,8934839128050,,False,True,00000000-0000-0000-0000-000000000000,0.0,0.0,0.0,0.0
48cc8104-621e-41fb-818e-bd85f42a7af5,06__RKD__KPS__TXH__180,PS Kem Đánh Răng Trà Xanh 180g,46000.0,0.0,0.0,Cái,1,0,False,False,Chăm Sóc Răng Miệng,PS,,0.0,0,0,Không đồng bộ,False,0,00000000-0000-0000-0000-000000000000,8.0,180,False,8934839128098,,False,True,00000000-0000-0000-0000-000000000000,0.0,0.0,0.0,0.0
836891e6-be0c-4c54-90dc-6c257d728eed,06__RSM__LIS__COL__250,LISTERINE Nước Súc Miệng Coolmint 250ml,60000.0,0.0,0.0,Chai,1,0,False,False,Chăm Sóc Răng Miệng,LISTERINE,,0.0,0,0,Không đồng bộ,False,0,00000000-0000-0000-0000-000000000000,8.0,,False,8850007813040,,False,True,00000000-0000-0000-0000-000000000000,0.0,0.0,0.0,0.0
029c39ed-a9e6-477e-9590-47fb553310b3,06__RSM__LIS__TXH__250,LISTERINE Nước Súc Miệng Trà Xanh 250ml,60000.0,0.0,0.0,Chai,1,0,False,False,Chăm Sóc Răng Miệng,LISTERINE,,0.0,0,0,Không đồng bộ,False,0,00000000-0000-0000-0000-000000000000,8.0,,False,8850007812562,,False,True,00000000-0000-0000-0000-000000000000,0.0,0.0,0.0,0.0
72a0bf9d-23b2-4471-a58d-afa4b3a90800,06__TGC__CLR__MBH__170,CLEAR MEN Dầu Gội Bạc Hà Mát Lạnh Xanh 170g,82000.0,0.0,0.0,Chai,1,0,False,False,Chăm Sóc Tóc,CLEAR MEN,,0.0,0,0,Không đồng bộ,False,0,00000000-0000-0000-0000-000000000000,8.0,170,False,8934868168607,,False,True,00000000-0000-0000-0000-000000000000,0.0,0.0,0.0,0.0
f657cb08-883d-4a24-8f41-6b66abe5e6f0,06__TGC__CLR__TRG__170,CLEAR Dầu Gội Bạc Hà Mát Lạnh Trắng 170g,80000.0,0.0,0.0,Chai,1,0,False,False,Chăm Sóc Tóc,CLEAR,,0.0,0,0,Không đồng bộ,False,0,00000000-0000-0000-0000-000000000000,8.0,170,False,8934868152569,,False,True,00000000-0000-0000-0000-000000000000,0.0,0.0,0.0,0.0
bee3e3c2-09de-478d-af39-74f035d440f0,06__TGC__DOV__HOI__170,DOVE Dầu Gội Phục Hồi Hư Tổn 170g,70000.0,0.0,0.0,Chai,1,0,False,False,Chăm Sóc Tóc,DOVE,,0.0,0,0,Không đồng bộ,False,0,00000000-0000-0000-0000-000000000000,8.0,170,False,8934868180494,,False,True,00000000-0000-0000-0000-000000000000,0.0,0.0,0.0,0.0
fbf6fa4f-d0c0-4d7d-b57a-14c96bc00033,06__TGC__DOV__HOI__190,DOVE Dầu Gội Phục Hồi Hư Tổn 190g,90000.0,0.0,0.0,Chai,1,0,False,False,Chăm Sóc Tóc,DOVE,,0.0,0,0,Không đồng bộ,False,0,00000000-0000-0000-0000-000000000000,8.0,190,False,8934868192138,,False,True,00000000-0000-0000-0000-000000000000,0.0,0.0,0.0,0.0
be959c6b-bd50-4bf0-b012-23680cc74762,06__TGC__HNS__BHA__330,HEAD&SHOULDERS Dầu Gội Bạc Hà Mát Lạnh 330ml,170000.0,0.0,0.0,Chai,1,0,False,False,Chăm Sóc Tóc,HEAD&SHOULDERS,,0.0,0,0,Không đồng bộ,False,0,00000000-0000-0000-0000-000000000000,8.0,,False,4902430411776,,False,True,00000000-0000-0000-0000-000000000000,0.0,0.0,0.0,0.0
3125ef08-96b6-452a-aaeb-7bac04c51f6d,06__TGC__LBY__DTC__170,LIFEBUOY Dầu Gội Dưỡng Tóc Óng Ả 170g,38000.0,0.0,0.0,Chai,1,0,False,False,Chăm Sóc Tóc,LIFEBUOY,,0.0,0,0,Không đồng bộ,False,0,00000000-0000-0000-0000-000000000000,8.0,170,False,8934868164159,,False,True,00000000-0000-0000-0000-000000000000,0.0,0.0,0.0,0.0
9c4bbb62-8e02-4a76-aa8c-b97dd5f39c1c,06__TGC__PAN__RTC__300,PANTENE Dầu Gội Ngăn Rụng Tóc 300ml,110000.0,0.0,0.0,Chai,1,0,False,False,Chăm Sóc Tóc,PANTENE,,0.0,0,0,Không đồng bộ,False,0,00000000-0000-0000-0000-000000000000,8.0,,False,4902430775762;4987176417473,,False,True,00000000-0000-0000-0000-000000000000,0.0,0.0,0.0,0.0
f94581f1-ff6e-464a-a528-2ae2c2ad0bac,06__TGC__RMO__DDO__180,ROMANO Dầu Gội Attitude Đỏ 180g,75000.0,0.0,0.0,Chai,1,0,False,False,Chăm Sóc Tóc,ROMANO,,0.0,0,0,Không đồng bộ,False,0,00000000-0000-0000-0000-000000000000,8.0,180,False,8935212810951,,False,True,00000000-0000-0000-0000-000000000000,0.0,0.0,0.0,0.0
1cce36c7-71e1-4b8f-96c1-e21d2746f0f2,06__TGC__RMO__XLA__180,ROMANO Dầu Gội Classic Xanh Lá 180g,75000.0,0.0,0.0,Chai,1,0,False,False,Chăm Sóc Tóc,ROMANO,,0.0,0,0,Không đồng bộ,False,0,00000000-0000-0000-0000-000000000000,8.0,180,False,8935212810029,,False,True,00000000-0000-0000-0000-000000000000,0.0,0.0,0.0,0.0
8badef39-0eea-4fba-bc78-b4abce673700,06__TGC__SUN__OMT__170,SUNSILK Dầu Gội Óng Mượt Rạng Ngời Đen 170g,57000.0,0.0,0.0,Chai,1,0,False,False,Chăm Sóc Tóc,SUNSILK,,0.0,0,0,Không đồng bộ,False,0,00000000-0000-0000-0000-000000000000,8.0,170,False,8934868166856,,False,True,00000000-0000-0000-0000-000000000000,0.0,0.0,0.0,0.0
9dba2a11-5aba-44cd-9613-4d4b50dd07c9,06__TGC__XMN__2IN1__180,XMEN Dầu Tắm Gội 2in1 Nước Hoa Wood 180g,80000.0,0.0,0.0,Chai,1,0,False,False,Chăm Sóc Tóc,XMEN,,0.0,0,0,Không đồng bộ,False,0,00000000-0000-0000-0000-000000000000,8.0,180,False,8935136800373,,False,True,00000000-0000-0000-0000-000000000000,0.0,0.0,0.0,0.0
e56f3b86-fb48-4bc5-bd32-6e389838d9fe,06__TGC__XMN__BOS__180,XMEN For Boss Dầu Gội Nước Hoa Intense 180g,94000.0,0.0,0.0,Chai,1,0,False,False,Chăm Sóc Tóc,XMEN,,0.0,0,0,Không đồng bộ,False,0,00000000-0000-0000-0000-000000000000,8.0,180,False,8935136873179,,False,True,00000000-0000-0000-0000-000000000000,0.0,0.0,0.0,0.0
b9b4d486-c0be-4bbb-919d-7b8b2b2ace7d,06__TGC__XMN__FIR__180,XMEN Dầu Gội Nước Hoa FIRE 180g,80000.0,0.0,0.0,Chai,1,0,False,False,Chăm Sóc Tóc,XMEN,,0.0,0,0,Không đồng bộ,False,0,00000000-0000-0000-0000-000000000000,8.0,180,False,8935136860971,,False,True,00000000-0000-0000-0000-000000000000,0.0,0.0,0.0,0.0
8a221d6d-154d-4745-9b3c-a61e31e6dd27,06__TGC__XMN__FIR__380,XMEN Dầu Gội Nước Hoa Fire 380g,135000.0,0.0,0.0,Chai,1,0,False,False,Chăm Sóc Tóc,XMEN,,0.0,0,0,Không đồng bộ,False,0,00000000-0000-0000-0000-000000000000,8.0,380,False,8935136860964,,False,True,00000000-0000-0000-0000-000000000000,0.0,0.0,0.0,0.0
3133f912-c775-40c5-b3ae-46c3da07ad82,06__TGC__XMN__MET__180,XMEN Dầu Gội Nước Hoa Metal 180g,80000.0,0.0,0.0,Chai,1,0,False,False,Chăm Sóc Tóc,XMEN,,0.0,0,0,Không đồng bộ,False,0,00000000-0000-0000-0000-000000000000,8.0,180,False,8935136860933,,False,True,00000000-0000-0000-0000-000000000000,0.0,0.0,0.0,0.0
a02fdead-8ae4-4c3b-85e7-f0ccbf462c7f,06__TGC__XMN__WOD__180,XMEN Dầu Gội Nước Hoa Wood 180g,80000.0,0.0,0.0,Chai,1,0,False,False,Chăm Sóc Tóc,XMEN,,0.0,0,0,Không đồng bộ,False,0,00000000-0000-0000-0000-000000000000,8.0,180,False,8935136860902,,False,True,00000000-0000-0000-0000-000000000000,0.0,0.0,0.0,0.0
12227902-b77a-40af-a50a-c8ee8ebdfce6,06__TGC__XMN__WOD__380,XMEN Dầu Gội Nước Hoa Wood 380g,135000.0,0.0,0.0,Chai,1,0,False,False,Chăm Sóc Tóc,XMEN,,0.0,0,0,Không đồng bộ,False,0,00000000-0000-0000-0000-000000000000,8.0,380,False,8935136860896,,False,True,00000000-0000-0000-0000-000000000000,0.0,0.0,0.0,0.0
a0bee1ee-5fda-4e55-8eb9-6915697e55f0,06__TTG__RMO__DDO__650,ROMANO Tắm Gội 2in1 Attitude Đỏ 650g,198000.0,0.0,0.0,Chai,1,0,False,False,Chăm Sóc Tóc,ROMANO,,0.0,0,0,Không đồng bộ,False,0,00000000-0000-0000-0000-000000000000,8.0,650,False,8935212812344,,False,True,00000000-0000-0000-0000-000000000000,0.0,0.0,0.0,0.0
9196fd84-0f76-485c-8e81-2f63e3a94063,06__TTG__RMO__XLA__180,ROMANO Tắm Gội 2in1 Classic Xanh Lá 180g,75000.0,0.0,0.0,Chai,1,0,False,False,Chăm Sóc Tóc,ROMANO,,0.0,0,0,Không đồng bộ,False,0,00000000-0000-0000-0000-000000000000,8.0,180,False,8935212810081,,False,True,00000000-0000-0000-0000-000000000000,0.0,0.0,0.0,0.0
8fdac043-3e1e-4c01-8788-12398f5af073,06__TTG__RMO__XLA__650,ROMANO Tắm Gội 2in1 Classic Xanh Lá 650g,198000.0,0.0,0.0,Chai,1,0,False,False,Chăm Sóc Tóc,ROMANO,,0.0,0,0,Không đồng bộ,False,0,00000000-0000-0000-0000-000000000000,8.0,650,False,8935212811477,,False,True,00000000-0000-0000-0000-000000000000,0.0,0.0,0.0,0.0
f27f0c22-1730-4197-81c8-728dedbdc17a,06__TXC__DOV__HOI__170,DOVE Kem Xả Phục HồI Hư Tổn 170g,70000.0,0.0,0.0,Chai,1,0,False,False,Chăm Sóc Tóc,DOVE,,0.0,0,0,Không đồng bộ,False,0,00000000-0000-0000-0000-000000000000,8.0,170,False,8934868192213,,False,True,00000000-0000-0000-0000-000000000000,0.0,0.0,0.0,0.0
fe28ef9e-141d-4a9f-ad18-91bb944bf621,06__TXC__PAN__KER__300,PANTENE Kem Xả Mềm Tóc Miracles Keratin 300ml,160000.0,0.0,0.0,Chai,1,0,False,False,Chăm Sóc Tóc,PANTENE,,0.0,0,0,Không đồng bộ,False,0,00000000-0000-0000-0000-000000000000,8.0,,False,4902430762151,,False,True,00000000-0000-0000-0000-000000000000,0.0,0.0,0.0,0.0
e16cc539-c60f-4188-a690-314abb77c622,06__TXC__PAN__RTC__300,PANTENE Dầu Xả Ngăn Rụng Tóc 300ml,130000.0,0.0,0.0,Chai,1,0,False,False,Chăm Sóc Tóc,PANTENE,,0.0,0,0,Không đồng bộ,False,0,00000000-0000-0000-0000-000000000000,8.0,,False,4902430790574;4902430624572,,False,True,00000000-0000-0000-0000-000000000000,0.0,0.0,0.0,0.0
c9585f6c-5b10-4106-b7bb-7f8e39e09dc5,06__VSB__DIA__FRE__20,DIANA Băng Vệ Sinh HN Cool Fresh 20,30000.0,0.0,0.0,Bịch,1,0,False,False,Chăm Sóc Vệ Sinh Cá Nhân,DIANA,,0.0,0,0,Không đồng bộ,False,0,00000000-0000-0000-0000-000000000000,8.0,,False,8934755014314,,False,True,00000000-0000-0000-0000-000000000000,0.0,0.0,0.0,0.0
a1c7093f-8a38-4ee0-95db-561f724befcb,06__VSB__DIA__MOV__8M,DIANA BVS Hàng Ngày Kháng Khuẩn Mỏng Vừa 8M,13000.0,0.0,0.0,Bịch,1,0,False,False,Chăm Sóc Vệ Sinh Cá Nhân,DIANA,,0.0,0,0,Không đồng bộ,False,0,00000000-0000-0000-0000-000000000000,8.0,,False,8934755014147,,False,True,00000000-0000-0000-0000-000000000000,0.0,0.0,0.0,0.0
2f4a095b-ac45-4224-8631-daf83b683ec1,06__VSB__DIA__SCF__238,DIANA Băng Vệ Sinh Sensi Cool Fresh SMC 23cm x 8 Miếng,32000.0,0.0,0.0,Bịch,1,0,False,False,Chăm Sóc Vệ Sinh Cá Nhân,DIANA,,0.0,0,0,Không đồng bộ,False,0,00000000-0000-0000-0000-000000000000,8.0,,False,8934755020049,,False,True,00000000-0000-0000-0000-000000000000,0.0,0.0,0.0,0.0
e33ce395-8527-4147-9c88-91737cb9ec91,06__VSB__DIA__SCS__353,DIANA Băng Vệ Sinh Sensi Cool Fresh Super Night 35cm x 3 Miếng,34000.0,0.0,0.0,Bịch,1,0,False,False,Chăm Sóc Vệ Sinh Cá Nhân,DIANA,,0.0,0,0,Không đồng bộ,False,0,00000000-0000-0000-0000-000000000000,8.0,,False,8934755010408,,False,True,00000000-0000-0000-0000-000000000000,0.0,0.0,0.0,0.0
3c1cf0b5-99b4-4cbb-b20f-7d698bf8f807,06__VSB__DIA__SEN__20,DIANA Băng Vệ Sinh Sensi Khô Thoáng 20 Miếng,60000.0,0.0,0.0,Bịch,1,0,False,False,Chăm Sóc Vệ Sinh Cá Nhân,DIANA,,0.0,0,0,Không đồng bộ,False,0,00000000-0000-0000-0000-000000000000,8.0,,False,8934755010347,,False,True,00000000-0000-0000-0000-000000000000,0.0,0.0,0.0,0.0
421abb60-cd9c-4560-a505-becc3920ac04,06__VSB__DIA__SEN__81,DIANA BVS Sensi Cool Fresh SMC (8+1),35000.0,0.0,0.0,Bịch,1,0,False,False,Chăm Sóc Vệ Sinh Cá Nhân,DIANA,,0.0,0,0,Không đồng bộ,False,0,00000000-0000-0000-0000-000000000000,8.0,,False,8934755020230,,False,True,00000000-0000-0000-0000-000000000000,0.0,0.0,0.0,0.0
53de7713-d50f-498f-b5d8-3b26a1c896c1,06__VSB__DIA__SHN__15520,DIANA Băng Vệ Sinh Sensi HN KK 155mm 20 Miếng,25000.0,0.0,0.0,Bịch,1,0,False,False,Chăm Sóc Vệ Sinh Cá Nhân,DIANA,,0.0,0,0,Không đồng bộ,False,0,00000000-0000-0000-0000-000000000000,8.0,,False,8934755014154,,False,True,00000000-0000-0000-0000-000000000000,0.0,0.0,0.0,0.0
d6e4daa3-9930-477b-8786-4a87593cb112,06__VSB__DIA__SMC__238,DIANA Băng Vệ Sinh Sensi SMC 23cm x 8 Miếng,30000.0,0.0,0.0,Bịch,1,0,False,False,Chăm Sóc Vệ Sinh Cá Nhân,DIANA,,0.0,0,0,Không đồng bộ,False,0,00000000-0000-0000-0000-000000000000,8.0,,False,8934755010255,,False,True,00000000-0000-0000-0000-000000000000,0.0,0.0,0.0,0.0
b567bb59-7a9c-4143-be44-10dab3bf718b,06__VSB__DIA__SNI__35,DIANA Băng Vệ Sinh Siêu Thấm Supernight 35cm (3+1),30000.0,0.0,0.0,Bịch,1,0,False,False,Chăm Sóc Vệ Sinh Cá Nhân,DIANA,,0.0,0,0,Không đồng bộ,False,0,00000000-0000-0000-0000-000000000000,8.0,,False,8934755010231,,False,True,00000000-0000-0000-0000-000000000000,0.0,0.0,0.0,0.0
8184fb0c-2f67-41d1-ad99-ff68a83387d5,06__VSB__DIA__STH__8MT2,DIANA BVS Siêu Thấm 8 Miếng Tặng 2,30000.0,0.0,0.0,Bịch,1,0,False,False,Chăm Sóc Vệ Sinh Cá Nhân,DIANA,,0.0,0,0,Không đồng bộ,False,0,00000000-0000-0000-0000-000000000000,8.0,,False,8934755010156,,False,True,00000000-0000-0000-0000-000000000000,0.0,0.0,0.0,0.0
84d86eac-029d-4f11-a563-efb65c7619b7,06__VSB__DIA__STM__20,DIANA Băng Vệ Sinh Siêu Thấm 20 Miếng,60000.0,0.0,0.0,Bịch,1,0,False,False,Chăm Sóc Vệ Sinh Cá Nhân,DIANA,,0.0,0,0,Không đồng bộ,False,0,00000000-0000-0000-0000-000000000000,8.0,,False,8934755010330,,False,True,00000000-0000-0000-0000-000000000000,0.0,0.0,0.0,0.0
f3793aef-0cc1-4b3b-ac29-27d959e31b84,06__VSB__KOT__BQN__ML2,KOTEX Băng Quần Max Protect Size M-L 2 Miếng,45000.0,0.0,0.0,Bịch,1,0,False,False,Chăm Sóc Vệ Sinh Cá Nhân,KOTEX,,0.0,0,0,Không đồng bộ,False,0,00000000-0000-0000-0000-000000000000,8.0,,False,8888336033174,,False,True,00000000-0000-0000-0000-000000000000,0.0,0.0,0.0,0.0
71905717-7e9a-497f-8a6d-f50e20bbb145,06__VSB__KOT__BQU__ML2,KOTEX Băng Quần Cool Size M-L 2 Miếng,45000.0,0.0,0.0,Bịch,1,0,False,False,Chăm Sóc Vệ Sinh Cá Nhân,KOTEX,,0.0,0,0,Không đồng bộ,False,0,00000000-0000-0000-0000-000000000000,8.0,,False,8888336044125,,False,True,00000000-0000-0000-0000-000000000000,0.0,0.0,0.0,0.0
fdf8a2bd-5bdd-4a9d-8303-5e3feef5d443,06__VSB__KOT__BVE__2320,KOTEX Bảo Vệ Toàn Diện 23cm 20 Miếng,60000.0,0.0,0.0,Bịch,1,0,False,False,Chăm Sóc Vệ Sinh Cá Nhân,KOTEX,,0.0,0,0,Không đồng bộ,False,0,00000000-0000-0000-0000-000000000000,8.0,,False,8888336008974,,False,True,00000000-0000-0000-0000-000000000000,0.0,0.0,0.0,0.0
80807399-1a3e-4d03-b7ab-08b70341ef7b,06__VSB__KOT__BVE__238,KOTEX Bảo Vệ Toàn Diện 23cm 8 Miếng,35000.0,0.0,0.0,Bịch,1,0,False,False,Chăm Sóc Vệ Sinh Cá Nhân,KOTEX,,0.0,0,0,Không đồng bộ,False,0,00000000-0000-0000-0000-000000000000,8.0,,False,8888336008936,,False,True,00000000-0000-0000-0000-000000000000,0.0,0.0,0.0,0.0
9547e75a-afb0-458c-b5b1-cb414f34f45e,06__VSB__KOT__DAO__2320,KOTEX Gardenia Hoa Anh Đào 23cm 8 Miếng,28000.0,0.0,0.0,Bịch,1,0,False,False,Chăm Sóc Vệ Sinh Cá Nhân,KOTEX,,0.0,0,0,Không đồng bộ,False,0,00000000-0000-0000-0000-000000000000,8.0,,False,8935107202397,,False,True,00000000-0000-0000-0000-000000000000,0.0,0.0,0.0,0.0
fa144554-855e-47c5-9672-ed0a642cb049,06__VSB__KOT__DEM__2812,KOTEX Siêu Ban Đêm 28cm 12 Miếng,55000.0,0.0,0.0,Bịch,1,0,False,False,Chăm Sóc Vệ Sinh Cá Nhân,KOTEX,,0.0,0,0,Không đồng bộ,False,0,00000000-0000-0000-0000-000000000000,8.0,,False,8935107201093,,False,True,00000000-0000-0000-0000-000000000000,0.0,0.0,0.0,0.0
1a0769ca-9998-42b3-9cd4-34419a8a62de,06__VSB__KOT__DEM__284,KOTEX Siêu Ban Đêm 28cm 4 Miếng,26000.0,0.0,0.0,Bịch,1,0,False,False,Chăm Sóc Vệ Sinh Cá Nhân,KOTEX,,0.0,0,0,Không đồng bộ,False,0,00000000-0000-0000-0000-000000000000,8.0,,False,8935107200324,,False,True,00000000-0000-0000-0000-000000000000,0.0,0.0,0.0,0.0
59099e7a-e12d-4858-aa3e-4193a924e8a6,06__VSB__KOT__DEM__353,KOTEX Siêu Ban Đêm 35cm 3 Miếng,25000.0,0.0,0.0,Bịch,1,0,False,False,Chăm Sóc Vệ Sinh Cá Nhân,KOTEX,,0.0,0,0,Không đồng bộ,False,0,00000000-0000-0000-0000-000000000000,8.0,,False,8935107201970,,False,True,00000000-0000-0000-0000-000000000000,0.0,0.0,0.0,0.0
e234949a-9baf-4e7a-b126-16e54d9fdf28,06__VSB__KOT__DEM__358,KOTEX Siêu Ban Đêm 35cm 8 Miếng,52000.0,0.0,0.0,Bịch,1,0,False,False,Chăm Sóc Vệ Sinh Cá Nhân,KOTEX,,0.0,0,0,Không đồng bộ,False,0,00000000-0000-0000-0000-000000000000,8.0,,False,8935107201987,,False,True,00000000-0000-0000-0000-000000000000,0.0,0.0,0.0,0.0
687071cd-4d17-4e62-937e-fae27fc3596d,06__VSB__KOT__FRE__238,KOTEX Freedom 23Cm 8 Miếng,15000.0,0.0,0.0,Bịch,1,0,False,False,Chăm Sóc Vệ Sinh Cá Nhân,KOTEX,,0.0,0,0,Không đồng bộ,False,0,00000000-0000-0000-0000-000000000000,8.0,,False,8935107214239,,False,True,00000000-0000-0000-0000-000000000000,0.0,0.0,0.0,0.0
9d20b400-2bb3-4046-b1b9-1ab1028840b9,06__VSB__KOT__LUX__238,KOTEX Luxe 23Cm 8 Miếng Mua1Tang1,38000.0,0.0,0.0,Bịch,1,0,False,False,Chăm Sóc Vệ Sinh Cá Nhân,KOTEX,,0.0,0,0,Không đồng bộ,False,0,00000000-0000-0000-0000-000000000000,8.0,,False,8888336025445,,False,True,00000000-0000-0000-0000-000000000000,0.0,0.0,0.0,0.0
14687b80-c6f4-45de-b310-65ae49a49ad3,06__VSB__KOT__MCL__1520,KOTEX Maxcool Spa 15cm 20 Miếng + 2,30000.0,0.0,0.0,Bịch,1,0,False,False,Chăm Sóc Vệ Sinh Cá Nhân,KOTEX,,0.0,0,0,Không đồng bộ,False,0,00000000-0000-0000-0000-000000000000,8.0,,False,8935107202793,,False,True,00000000-0000-0000-0000-000000000000,0.0,0.0,0.0,0.0
b1924998-bce6-4dbc-b3bb-4cc93f5908ac,06__VSB__KOT__MCL__2320,KOTEX Maxcool Spa 23cm 20 Miếng,65000.0,0.0,0.0,Bịch,1,0,False,False,Chăm Sóc Vệ Sinh Cá Nhân,KOTEX,,0.0,0,0,Không đồng bộ,False,0,00000000-0000-0000-0000-000000000000,8.0,,False,8935107202106,,False,True,00000000-0000-0000-0000-000000000000,0.0,0.0,0.0,0.0
232d95db-5bd9-4140-9a21-384e6231fb34,06__VSB__KOT__MCL__238,KOTEX Maxcool Spa 23cm 8 Miếng +4,35000.0,0.0,0.0,Bịch,1,0,False,False,Chăm Sóc Vệ Sinh Cá Nhân,KOTEX,,0.0,0,0,Không đồng bộ,False,0,00000000-0000-0000-0000-000000000000,8.0,,False,8935107201192,,False,True,00000000-0000-0000-0000-000000000000,0.0,0.0,0.0,0.0
bce86a37-0de1-4d21-81cd-591e00e08563,06__VSB__KOT__NGY__20,KOTEX Hàng Ngày Mỏng 20 Miếng,20000.0,0.0,0.0,Bịch,1,0,False,False,Chăm Sóc Vệ Sinh Cá Nhân,KOTEX,,0.0,0,0,Không đồng bộ,False,0,00000000-0000-0000-0000-000000000000,8.0,,False,8888336008080,,False,True,00000000-0000-0000-0000-000000000000,0.0,0.0,0.0,0.0
64e1e140-1965-443e-b1ea-f53548f6696c,06__VSB__KOT__NGY__8,KOTEX Hàng Ngày Mỏng 8 Miếng,9000.0,0.0,0.0,Bịch,1,0,False,False,Chăm Sóc Vệ Sinh Cá Nhân,KOTEX,,0.0,0,0,Không đồng bộ,False,0,00000000-0000-0000-0000-000000000000,8.0,,False,8888336008073,,False,True,00000000-0000-0000-0000-000000000000,0.0,0.0,0.0,0.0
be3786ae-e076-49e4-9cf7-e2e134d370ae,06__VSB__SOF__COM__2617,SOFY Skin Comfort Băng Vệ Sinh 26cm 17 Miếng,100000.0,0.0,0.0,Bịch,1,0,False,False,Chăm Sóc Vệ Sinh Cá Nhân,SOFY,,0.0,0,0,Không đồng bộ,False,0,00000000-0000-0000-0000-000000000000,8.0,,False,4903111367610,,False,True,00000000-0000-0000-0000-000000000000,0.0,0.0,0.0,0.0
8ef06262-9716-4f00-b345-f5bf0f9d3fda,06__VSB__SOF__COM__268,SOFY SKIN Comfort Băng Vệ Sinh 26cm 8 Miếng,50000.0,0.0,0.0,Bịch,1,0,False,False,Chăm Sóc Vệ Sinh Cá Nhân,SOFY,,0.0,0,0,Không đồng bộ,False,0,00000000-0000-0000-0000-000000000000,8.0,,False,8934755021046,,False,True,00000000-0000-0000-0000-000000000000,0.0,0.0,0.0,0.0
c2008099-9c20-42bb-b52f-5ed4f5bb7d39,06__VSD__DIA__FNC__150,DIANA Dung Dịch VSPN Fresh & Cool Chai 150ml,52000.0,0.0,0.0,Chai,1,0,False,False,Chăm Sóc Vệ Sinh Cá Nhân,DIANA,,0.0,0,0,Không đồng bộ,False,0,00000000-0000-0000-0000-000000000000,8.0,,False,8934755018022,,False,True,00000000-0000-0000-0000-000000000000,0.0,0.0,0.0,0.0
32fff679-38d2-4780-9ded-988543ffef75,06__VSD__DIA__FRE__150,DIANA Dung Dịch VSPN Odor Fresh+ 150ml,50000.0,0.0,0.0,Chai,1,0,False,False,Chăm Sóc Vệ Sinh Cá Nhân,DIANA,,0.0,0,0,Không đồng bộ,False,0,00000000-0000-0000-0000-000000000000,8.0,,False,8934755018008,,False,True,00000000-0000-0000-0000-000000000000,0.0,0.0,0.0,0.0
deb28685-dcf9-44df-b757-de0a40b302f5,06__VSD__DIA__SKI__150,DIANA Dung Dịch VSPN Skincare+ 150ml,56000.0,0.0,0.0,Chai,1,0,False,False,Chăm Sóc Vệ Sinh Cá Nhân,DIANA,,0.0,0,0,Không đồng bộ,False,0,00000000-0000-0000-0000-000000000000,8.0,,False,8934755018046,,False,True,00000000-0000-0000-0000-000000000000,0.0,0.0,0.0,0.0
ab5dc35d-d14e-498d-b578-21f45aa2334d,06__VSK__LET__DNG__1,LET-GREEN Giấy Đa Năng,15000.0,0.0,0.0,Bịch,1,0,False,False,Chăm Sóc Vệ Sinh Cá Nhân,LET-GREEN,,0.0,0,0,Không đồng bộ,False,0,00000000-0000-0000-0000-000000000000,8.0,30,False,8936006851082,,False,True,00000000-0000-0000-0000-000000000000,0.0,0.0,0.0,0.0
1527628c-52d6-4fec-857b-0840414df40c,06__VSK__PUL__3LO__1,PULPPY Khăn Giấy Cao Cấp 3 Lớp,6000.0,0.0,0.0,Gói,1,0,False,False,Chăm Sóc Vệ Sinh Cá Nhân,PULPPY,,0.0,0,0,Không đồng bộ,False,0,00000000-0000-0000-0000-000000000000,8.0,,False,8935018801610,,False,True,00000000-0000-0000-0000-000000000000,0.0,0.0,0.0,0.0
63f4b388-6d3a-47fe-b794-d0b69290c857,06__VSU__FRE__BHA__20,FRESSI Care Khăn Giấy Ướt Bạc Hà Bịch 20M,19000.0,0.0,0.0,Bịch,1,0,False,False,Chăm Sóc Vệ Sinh Cá Nhân,FRESSI,,0.0,0,0,Không đồng bộ,False,0,00000000-0000-0000-0000-000000000000,8.0,,False,8934755035326,,False,True,00000000-0000-0000-0000-000000000000,0.0,0.0,0.0,0.0
e638e426-e1b7-4c89-854c-61ce11043f71,06__VSU__FRE__BIC__100,FRESSI Care Khăn Giấy Ướt Bịch 100 miếng,52000.0,0.0,0.0,Bịch,1,0,False,False,Chăm Sóc Vệ Sinh Cá Nhân,FRESSI,,0.0,0,0,Không đồng bộ,False,0,00000000-0000-0000-0000-000000000000,8.0,,False,8934755035197,,False,True,00000000-0000-0000-0000-000000000000,0.0,0.0,0.0,0.0
ffe8afe3-5d94-4252-a679-a68535cc9c9e,06__VSU__FRE__BIC__20,FRESSI Care Khăn Giấy Ướt Bịch 20 Miếng,19000.0,0.0,0.0,Bịch,1,0,False,False,Chăm Sóc Vệ Sinh Cá Nhân,FRESSI,,0.0,0,0,Không đồng bộ,False,0,00000000-0000-0000-0000-000000000000,8.0,,False,8934755035036,,False,True,00000000-0000-0000-0000-000000000000,0.0,0.0,0.0,0.0
fedf7954-eeaa-4472-a81a-e486f720c02d,06__VSU__FRE__TAO__20,FRESSI Care Khăn Giấy Ướt Hương Táo Bịch 20M,18000.0,0.0,0.0,Bịch,1,0,False,False,Chăm Sóc Vệ Sinh Cá Nhân,FRESSI,,0.0,0,0,Không đồng bộ,False,0,00000000-0000-0000-0000-000000000000,8.0,,False,8934755035333,,False,True,00000000-0000-0000-0000-000000000000,0.0,0.0,0.0,0.0
9f1495fe-b678-4a42-98f4-fc3a22220818,06__VSU__HUG__HOP__80,HUGGIES Khăn Ướt Lau Sạch Dịu Nhẹ 80 Miếng,49000.0,0.0,0.0,Bịch,1,0,False,False,Chăm Sóc Vệ Sinh Cá Nhân,HUGGIES,,0.0,0,0,Không đồng bộ,False,0,00000000-0000-0000-0000-000000000000,8.0,,False,8888336041834,,False,True,00000000-0000-0000-0000-000000000000,0.0,0.0,0.0,0.0
ebaeac87-6278-45b8-95cd-39e1ea744c8f,07__DMA__JON__OIL__50,JOHNSON's Dầu Matxa Babyoil 50ml,58000.0,0.0,0.0,Chai,1,0,False,False,Chăm Sóc Da Trẻ Em,JOHNSON's,,0.0,0,0,Không đồng bộ,False,0,00000000-0000-0000-0000-000000000000,8.0,,False,8850007060314,,False,True,00000000-0000-0000-0000-000000000000,0.0,0.0,0.0,0.0
0c34adde-df0f-47ae-bb81-cd33f8a4caa1,07__DPE__JOH__CHI__100,JOHNSON's Phấn Em Bé 100g,46000.0,0.0,0.0,Chai,1,0,False,False,Chăm Sóc Da Trẻ Em,JOHNSON's,,0.0,0,0,Không đồng bộ,False,0,00000000-0000-0000-0000-000000000000,8.0,100,False,9556006294949,,False,True,00000000-0000-0000-0000-000000000000,0.0,0.0,0.0,0.0
c52b1e69-f040-4d92-955c-9bae01392c1e,07__DST__JON__COT__200,JOHNSON's Sữa Tắm Em Bé Cottontouch 200ml,90000.0,0.0,0.0,Chai,1,0,False,False,Chăm Sóc Da Trẻ Em,JOHNSON's,,0.0,0,0,Không đồng bộ,False,0,00000000-0000-0000-0000-000000000000,8.0,,False,4801010570103,,False,True,00000000-0000-0000-0000-000000000000,0.0,0.0,0.0,0.0
2c3f3f0a-2442-4f9b-bd10-0a565db136ae,07__DST__JON__TTT__200,JOHNSON's Sữa Tắm Em Bé Top-To-Toe 200ml,100000.0,0.0,0.0,Chai,1,0,False,False,Chăm Sóc Da Trẻ Em,JOHNSON's,,0.0,0,0,Không đồng bộ,False,0,00000000-0000-0000-0000-000000000000,8.0,,False,9556006012093,,False,True,00000000-0000-0000-0000-000000000000,0.0,0.0,0.0,0.0
696d926d-91d6-474a-9677-bc0af70c787d,08__TKM__SIL__CNU__1000,SILVER SPOON Thức Ăn Cho Mèo Vị Cá Ngừ 1Kg,168000.0,0.0,0.0,Bịch,1,0,False,False,Thức Ăn Thú Cưng,SILVER SPOON,,0.0,0,0,Không đồng bộ,False,0,00000000-0000-0000-0000-000000000000,8.0,1000,False,4520699643457,,False,True,00000000-0000-0000-0000-000000000000,0.0,0.0,0.0,0.0
ab8644cd-42fc-4dd9-91a9-2e9dd7be3b1b,08__TKM__SIL__TGA__1000,SILVER SPOON Thức Ăn Cho Mèo Vị Thịt Gà 1Kg,168000.0,0.0,0.0,Bịch,1,0,False,False,Thức Ăn Thú Cưng,SILVER SPOON,,0.0,0,0,Không đồng bộ,False,0,00000000-0000-0000-0000-000000000000,8.0,1000,False,4520699643815,,False,True,00000000-0000-0000-0000-000000000000,0.0,0.0,0.0,0.0
2a648fac-b885-4c0f-a520-d21b1f325ac2,09__CSK__UNI__FIT__15,UNICHARM Khẩu Trang 3D Mask Super Fit (5miếng x 3gói),42000.0,0.0,0.0,Bịch,1,0,False,False,Chăm Sóc Sức Khỏe,UNICHARM,,0.0,0,0,Không đồng bộ,False,0,00000000-0000-0000-0000-000000000000,8.0,,False,8934755046773,,False,True,00000000-0000-0000-0000-000000000000,0.0,0.0,0.0,0.0
b611be6c-e42e-4883-9b6a-fd68f908397a,09__CSK__UNI__KID__5,UNICHARM Khẩu Trang 3D Mask Kids (5 miếng),26000.0,0.0,0.0,Bịch,1,0,False,False,Chăm Sóc Sức Khỏe,UNICHARM,,0.0,0,0,Không đồng bộ,False,0,00000000-0000-0000-0000-000000000000,8.0,,False,8934755042263,,False,True,00000000-0000-0000-0000-000000000000,0.0,0.0,0.0,0.0
cdf759ec-9168-4977-a4a9-14fda0bad04f,09__CSK__UNI__UVM__5,UNICHARM Khẩu Trang UV Maks Bảo Vệ Da (5 miếng),25000.0,0.0,0.0,Bịch,1,0,False,False,Chăm Sóc Sức Khỏe,UNICHARM,,0.0,0,0,Không đồng bộ,False,0,00000000-0000-0000-0000-000000000000,8.0,,False,8934755042331,,False,True,00000000-0000-0000-0000-000000000000,0.0,0.0,0.0,0.0
4f12b853-03e2-4d03-9228-0a197b3caa54,09__SKB__DUR__CLI__3,DUREX BCS Mutual Climax 3S,110000.0,0.0,0.0,Hộp,1,0,False,False,Chăm Sóc Cá Nhân,DUREX,,0.0,0,0,Không đồng bộ,False,0,00000000-0000-0000-0000-000000000000,8.0,,False,8850360038296,,False,True,00000000-0000-0000-0000-000000000000,0.0,0.0,0.0,0.0
27dea953-b95e-48f4-900f-37f1faead059,09__SKB__DUR__FET__3,DUREX BCS Fetherlite 3S,90000.0,0.0,0.0,Hộp,1,0,False,False,Chăm Sóc Cá Nhân,DUREX,,0.0,0,0,Không đồng bộ,False,0,00000000-0000-0000-0000-000000000000,8.0,,False,8850163000100,,False,True,00000000-0000-0000-0000-000000000000,0.0,0.0,0.0,0.0
af6092a3-ba72-4f77-a36d-5d0d6f3aae3f,09__SKB__DUR__INV__10,DUREX BCS Durex Invisible Extra Thin Extra Sensitive 10,270000.0,0.0,0.0,Hộp,1,0,False,False,Chăm Sóc Cá Nhân,DUREX,,0.0,0,0,Không đồng bộ,False,0,00000000-0000-0000-0000-000000000000,8.0,,False,5052197050264,,False,True,00000000-0000-0000-0000-000000000000,0.0,0.0,0.0,0.0
7bcdd1cf-31b7-4030-85b3-8d5b59fc3505,09__SKB__DUR__INV__3,DUREX BCS Invisible Extra Thin 3S,110000.0,0.0,0.0,Hộp,1,0,False,False,Chăm Sóc Cá Nhân,DUREX,,0.0,0,0,Không đồng bộ,False,0,00000000-0000-0000-0000-000000000000,8.0,,False,5052197050233,,False,True,00000000-0000-0000-0000-000000000000,0.0,0.0,0.0,0.0
c4310fba-def2-4a51-b0ae-f6fddf55fb3c,09__SKB__DUR__JEA__3,DUREX BCS Jeans 3S,60000.0,0.0,0.0,Hộp,1,0,False,False,Chăm Sóc Cá Nhân,DUREX,,0.0,0,0,Không đồng bộ,False,0,00000000-0000-0000-0000-000000000000,8.0,,False,5052197059311,,False,True,00000000-0000-0000-0000-000000000000,0.0,0.0,0.0,0.0
1dc2b1cb-4d38-4223-9658-b1b0120a7df2,09__SKB__DUR__KIN__12,DUREX BCS Kingtex 12S,165000.0,0.0,0.0,Hộp,1,0,False,False,Chăm Sóc Cá Nhân,DUREX,,0.0,0,0,Không đồng bộ,False,0,00000000-0000-0000-0000-000000000000,8.0,,False,5052197036190,,False,True,00000000-0000-0000-0000-000000000000,0.0,0.0,0.0,0.0
829c3247-65b8-4308-aa28-e6c6ac3eae86,09__SKB__DUR__KIN__3,DUREX BCS Kingtex 3S,60000.0,0.0,0.0,Hộp,1,0,False,False,Chăm Sóc Cá Nhân,DUREX,,0.0,0,0,Không đồng bộ,False,0,00000000-0000-0000-0000-000000000000,8.0,,False,5038483151648,,False,True,00000000-0000-0000-0000-000000000000,0.0,0.0,0.0,0.0
20ece2ed-70ab-4205-b0a5-aa654e63648d,09__SKB__DUR__LUB__10,DUREX BCS Durex Invisible Extra Thin Extra Lubricated 10,300000.0,0.0,0.0,Hộp,1,0,False,False,Chăm Sóc Cá Nhân,DUREX,,0.0,0,0,Không đồng bộ,False,0,00000000-0000-0000-0000-000000000000,8.0,,False,5052197050295,,False,True,00000000-0000-0000-0000-000000000000,0.0,0.0,0.0,0.0
4b34954c-32c6-4549-8c56-2da8b68060ec,09__SKB__DUR__PER__12,DUREX BCS Performa 12S,275000.0,0.0,0.0,Hộp,1,0,False,False,Chăm Sóc Cá Nhân,DUREX,,0.0,0,0,Không đồng bộ,False,0,00000000-0000-0000-0000-000000000000,8.0,,False,5010232955226,,False,True,00000000-0000-0000-0000-000000000000,0.0,0.0,0.0,0.0
7b31f3f8-eea7-4382-9657-49801ef5fb4e,09__SKB__DUR__PER__3,DUREX BCS Performa 3S,95000.0,0.0,0.0,Hộp,1,0,False,False,Chăm Sóc Cá Nhân,DUREX,,0.0,0,0,Không đồng bộ,False,0,00000000-0000-0000-0000-000000000000,8.0,,False,5010232955233,,False,True,00000000-0000-0000-0000-000000000000,0.0,0.0,0.0,0.0
7c842e20-fae1-4a0b-8e39-8427d40c35fa,09__SKB__DUR__PLE__3,DUREX BCS Pleasuremax 3S,90000.0,0.0,0.0,Hộp,1,0,False,False,Chăm Sóc Cá Nhân,DUREX,,0.0,0,0,Không đồng bộ,False,0,00000000-0000-0000-0000-000000000000,8.0,,False,5038483234198,,False,True,00000000-0000-0000-0000-000000000000,0.0,0.0,0.0,0.0
18f5bb99-62ce-4d5d-a301-d1a0169cf216,09__SKG__DUR__CLA__50,DUREX Gel Bôi Trơn Play Classic 50ml,120000.0,0.0,0.0,Chai,1,0,False,False,Chăm Sóc Cá Nhân,DUREX,,0.0,0,0,Không đồng bộ,False,0,00000000-0000-0000-0000-000000000000,8.0,,False,5052197061284,,False,True,00000000-0000-0000-0000-000000000000,0.0,0.0,0.0,0.0
6de2de4b-1433-410a-a4b6-93f232bfaaf1,10__VPB__TLG__027__1,THIÊN LONG Bút Bi TL027 Mực Xanh,5000.0,0.0,0.0,Cái,1,0,False,False,Văn Phòng Phẩm,THIÊN LONG,,0.0,0,0,Không đồng bộ,False,0,00000000-0000-0000-0000-000000000000,8.0,,False,8935001800347,,False,True,00000000-0000-0000-0000-000000000000,0.0,0.0,0.0,0.0
7c90c09b-c8d4-45ad-a0a8-50380a892f32,10__VPB__TLG__CHI__1,THIÊN LONG Bút Chì,6000.0,0.0,0.0,Cái,1,0,False,False,Văn Phòng Phẩm,THIÊN LONG,,0.0,0,0,Không đồng bộ,False,0,00000000-0000-0000-0000-000000000000,8.0,,False,8935001820574,,False,True,00000000-0000-0000-0000-000000000000,0.0,0.0,0.0,0.0
f32914d4-7d2b-4526-9006-252216f67d9e,10__VPB__TLG__DAU__PM04,THIÊN LONG Bút Lông Dầu Mực Xanh PM04,13000.0,0.0,0.0,Cái,1,0,False,False,Văn Phòng Phẩm,THIÊN LONG,,0.0,0,0,Không đồng bộ,False,0,00000000-0000-0000-0000-000000000000,8.0,,False,8935001814535,,False,True,00000000-0000-0000-0000-000000000000,0.0,0.0,0.0,0.0
8217f579-6ba0-4f12-bed5-94c4ff385586,10__VPB__TLG__DAU__PM09,THIÊN LONG Bút Lông Dầu Mực Xanh PM09,15000.0,0.0,0.0,Cái,1,0,False,False,Văn Phòng Phẩm,THIÊN LONG,,0.0,0,0,Không đồng bộ,False,0,00000000-0000-0000-0000-000000000000,8.0,,False,8935001813972,,False,True,00000000-0000-0000-0000-000000000000,0.0,0.0,0.0,0.0
76069f65-a692-4cb1-b2b7-5e246e7b4fa2,10__VPB__TLG__SUN__1,THIÊN LONG Bút Bi SunBeam,9000.0,0.0,0.0,Cái,1,0,False,False,Văn Phòng Phẩm,THIÊN LONG,,0.0,0,0,Không đồng bộ,False,0,00000000-0000-0000-0000-000000000000,8.0,,False,8935001850236,,False,True,00000000-0000-0000-0000-000000000000,0.0,0.0,0.0,0.0
fa38184a-1fa4-4183-9cea-abc31293fae2,10__VPB__TLG__XAH__FO3,THIÊN LONG Bút Bi Mực Xanh F03,5000.0,0.0,0.0,Cái,1,0,False,False,Văn Phòng Phẩm,THIÊN LONG,,0.0,0,0,Không đồng bộ,False,0,00000000-0000-0000-0000-000000000000,8.0,,False,8935001871453,,False,True,00000000-0000-0000-0000-000000000000,0.0,0.0,0.0,0.0
216bb254-1031-4cf2-946f-43e76fa70dd1,10__VPD__TLG__DAO__1,THIÊN LONG Dao Rọc Giấy,30000.0,0.0,0.0,Cái,1,0,False,False,Văn Phòng Phẩm,THIÊN LONG,,0.0,0,0,Không đồng bộ,False,0,00000000-0000-0000-0000-000000000000,8.0,,False,8935219483097,,False,True,00000000-0000-0000-0000-000000000000,0.0,0.0,0.0,0.0
32d27479-9a8c-4d69-b455-7e7907b4dccb,10__VPD__TLG__LDO__10,THIÊN LONG Lưỡi Dao Rọc Giấy BL02 10 Cái,15000.0,0.0,0.0,Cái,1,0,False,False,Văn Phòng Phẩm,THIÊN LONG,,0.0,0,0,Không đồng bộ,False,0,00000000-0000-0000-0000-000000000000,8.0,,False,8935219483035,,False,True,00000000-0000-0000-0000-000000000000,0.0,0.0,0.0,0.0
2af09c6e-e557-44f3-88ce-c48aa683a8a0,10__VPG__COP__PA4__500,COPY Paper Xấp Giấy A4 500 Tờ,87000.0,0.0,0.0,Gam,1,0,False,False,Văn Phòng Phẩm,COPY,,0.0,0,0,Không đồng bộ,False,0,00000000-0000-0000-0000-000000000000,8.0,,False,8991389139004,,False,True,00000000-0000-0000-0000-000000000000,0.0,0.0,0.0,0.0
ef233ea9-8df9-4dcf-b341-03ba234cef6a,10__VPG__COP__PA5__500,COPY Paper Xấp Giấy A5 500 Tờ,45000.0,0.0,0.0,Gam,1,0,False,False,Văn Phòng Phẩm,COPY,,0.0,0,0,Không đồng bộ,False,0,00000000-0000-0000-0000-000000000000,8.0,,False,8991389139622,,False,True,00000000-0000-0000-0000-000000000000,0.0,0.0,0.0,0.0
f611ad50-ec5e-468e-b300-c861453c4e9c,10__VPI__ENE__A27__1,ENERGIZER Pin A27,20000.0,0.0,0.0,Vỉ,1,0,False,False,Văn Phòng Phẩm,ENERGIZER,,0.0,0,0,Không đồng bộ,False,0,00000000-0000-0000-0000-000000000000,8.0,,False,8888021300369,,False,True,00000000-0000-0000-0000-000000000000,0.0,0.0,0.0,0.0
2fec35fc-5b9c-483d-9797-e584becb38c0,10__VPI__ENE__AA__SW4,EVEREADY Pin 915 AA SW4,11000.0,0.0,0.0,Vỉ,1,0,False,False,Văn Phòng Phẩm,EVEREADY,,0.0,0,0,Không đồng bộ,False,0,00000000-0000-0000-0000-000000000000,8.0,,False,8888021100433,,False,True,00000000-0000-0000-0000-000000000000,0.0,0.0,0.0,0.0
3a8a4b62-a158-456a-a7e5-d10f0e24abe8,10__VPI__ENE__AA2__2,ENERGIZER Max Pin AA2,40000.0,0.0,0.0,Vỉ,1,0,False,False,Văn Phòng Phẩm,ENERGIZER,,0.0,0,0,Không đồng bộ,False,0,00000000-0000-0000-0000-000000000000,8.0,,False,8888021200119,,False,True,00000000-0000-0000-0000-000000000000,0.0,0.0,0.0,0.0
c6c0f8d4-aee1-4534-9bdd-380b1e63f530,10__VPI__ENE__AAA__2,ENERGIZER Max Pin AAA2,40000.0,0.0,0.0,Vỉ,1,0,False,False,Văn Phòng Phẩm,ENERGIZER,,0.0,0,0,Không đồng bộ,False,0,00000000-0000-0000-0000-000000000000,8.0,,False,8888021200157,,False,True,00000000-0000-0000-0000-000000000000,0.0,0.0,0.0,0.0
e4f6ae8e-2376-4406-898f-57a015d67a5b,10__VPI__ENE__AAA__SW4,EVEREADY Pin 912 AAA SW4,11000.0,0.0,0.0,Vỉ,1,0,False,False,Văn Phòng Phẩm,EVEREADY,,0.0,0,0,Không đồng bộ,False,0,00000000-0000-0000-0000-000000000000,8.0,,False,6223001580522,,False,True,00000000-0000-0000-0000-000000000000,0.0,0.0,0.0,0.0
d839d402-a936-407e-b2ab-05f2c9aa1aac,10__VPI__ENE__LIT__PK5,ENERGIZER 2032 Pin Lithium,11000.0,0.0,0.0,Vì,1,0,False,False,Văn Phòng Phẩm,ENERGIZER,,0.0,0,0,Không đồng bộ,False,0,00000000-0000-0000-0000-000000000000,8.0,,False,8888021300185,,False,True,00000000-0000-0000-0000-000000000000,0.0,0.0,0.0,0.0
f93e14b7-f3d6-4b92-951f-58774b028ff9,10__VPI__EVE__SW1__9V,EVEREADY Pin Super Heavy Duty 1222 SW1 9V,24000.0,0.0,0.0,Cái,1,0,False,False,Văn Phòng Phẩm,EVEREADY,,0.0,0,0,Không đồng bộ,False,0,00000000-0000-0000-0000-000000000000,8.0,,False,9556149001070,,False,True,00000000-0000-0000-0000-000000000000,0.0,0.0,0.0,0.0
ce9c4fe7-3b87-46e9-af59-7342c2c27d99,10__VPK__KEO__GLU__1,502 Keo Super Glue,10000.0,0.0,0.0,Chai,1,0,False,False,Văn Phòng Phẩm,502,,0.0,0,0,Không đồng bộ,False,0,00000000-0000-0000-0000-000000000000,8.0,,False,8938531873058,,False,True,00000000-0000-0000-0000-000000000000,0.0,0.0,0.0,0.0
d5a39425-d51a-4e8d-987d-81b8ace08951,10__VPK__OPP__CAI__18,OPP Băng Keo Trong 18mm*18,7000.0,0.0,0.0,Cái,1,0,False,False,Văn Phòng Phẩm,Opp,,0.0,0,0,Không đồng bộ,False,0,00000000-0000-0000-0000-000000000000,8.0,,False,8996001338065,,False,True,00000000-0000-0000-0000-000000000000,0.0,0.0,0.0,0.0
18f4bdc2-37e1-48e7-84c9-a65a8cee9e57,10__VPK__OPP__CAI__24,OPP Băng Keo 2 Mặt 24mm,12000.0,0.0,0.0,Cái,1,0,False,False,Văn Phòng Phẩm,Opp,,0.0,0,0,Không đồng bộ,False,0,00000000-0000-0000-0000-000000000000,8.0,,False,8996001338064,,False,True,00000000-0000-0000-0000-000000000000,0.0,0.0,0.0,0.0
6d161f3c-05cd-4702-b670-d57717f2ff0c,10__VPK__OPP__CAI__48,OPP Băng Keo Trong 48mm 50Y,15000.0,0.0,0.0,Cái,1,0,False,False,Văn Phòng Phẩm,Opp,,0.0,0,0,Không đồng bộ,False,0,00000000-0000-0000-0000-000000000000,8.0,,False,8996001338066,,False,True,00000000-0000-0000-0000-000000000000,0.0,0.0,0.0,0.0
533bb574-afbf-4b62-8de9-3385ce09bf8c,10__VPK__TLG__HOP__1,THIÊN LONG Kim Bấm Số 10,5000.0,0.0,0.0,Cái,1,0,False,False,Văn Phòng Phẩm,THIÊN LONG,,0.0,0,0,Không đồng bộ,False,0,00000000-0000-0000-0000-000000000000,8.0,,False,8935219480058,,False,True,00000000-0000-0000-0000-000000000000,0.0,0.0,0.0,0.0
8c532c95-56af-4f5b-a04c-1eb24e9fc5cc,10__VPK__TLG__KIM__10,THIÊN LONG Bấm Kim Số 10,25000.0,0.0,0.0,Cái,1,0,False,False,Văn Phòng Phẩm,THIÊN LONG,,0.0,0,0,Không đồng bộ,False,0,00000000-0000-0000-0000-000000000000,8.0,,False,8935219480263,,False,True,00000000-0000-0000-0000-000000000000,0.0,0.0,0.0,0.0
7a107f92-ad55-4c90-980f-92500119315a,10__VPP__TLG__BA4__1,THIÊN LONG Bìa Trình Ký A4,38000.0,0.0,0.0,Cái,1,0,False,False,Văn Phòng Phẩm,THIÊN LONG,,0.0,0,0,Không đồng bộ,False,0,00000000-0000-0000-0000-000000000000,8.0,,False,8936040451859,,False,True,00000000-0000-0000-0000-000000000000,0.0,0.0,0.0,0.0
300eff5a-9047-471f-bed1-610825cbbe65,10__VPP__TLG__KEO__18,THIÊN LONG Kéo 18cm,27000.0,0.0,0.0,Cái,1,0,False,False,Văn Phòng Phẩm,THIÊN LONG,,0.0,0,0,Không đồng bộ,False,0,00000000-0000-0000-0000-000000000000,8.0,,False,8935219480010,,False,True,00000000-0000-0000-0000-000000000000,0.0,0.0,0.0,0.0
eeb82eb4-4d39-43ca-a0e8-ca25a4d5df8a,10__VPP__TLG__NUT__1,THIÊN LONG Bìa Nút,6000.0,0.0,0.0,Cái,1,0,False,False,Văn Phòng Phẩm,THIÊN LONG,,0.0,0,0,Không đồng bộ,False,0,00000000-0000-0000-0000-000000000000,8.0,,False,8936040450289,,False,True,00000000-0000-0000-0000-000000000000,0.0,0.0,0.0,0.0
14b44f98-8f69-4625-851b-0a32e1fe7155,10__VPP__TLG__THG__1,THIÊN LONG Thước Thẳng,6000.0,0.0,0.0,Cái,1,0,False,False,Văn Phòng Phẩm,THIÊN LONG,,0.0,0,0,Không đồng bộ,False,0,00000000-0000-0000-0000-000000000000,8.0,,False,8935001840145,,False,True,00000000-0000-0000-0000-000000000000,0.0,0.0,0.0,0.0
394e18fe-2e5d-477b-b510-114f69571e1f,10__VPV__TLG__JOY__96,THIÊN LONG Vở 96 Trang Joyee,15000.0,0.0,0.0,Cái,1,0,False,False,Văn Phòng Phẩm,THIÊN LONG,,0.0,0,0,Không đồng bộ,False,0,00000000-0000-0000-0000-000000000000,8.0,,False,8935001846017,,False,True,00000000-0000-0000-0000-000000000000,0.0,0.0,0.0,0.0
27d6bfc6-dd27-4cc4-8b65-eaaf26e1a28e,11__BHQ__MIR__CAI__1,MIRA Hộp Quẹt,7000.0,0.0,0.0,Cái,1,0,False,False,Đồ Dùng Bếp,MIRA,,0.0,0,0,Không đồng bộ,False,0,00000000-0000-0000-0000-000000000000,8.0,,False,9556149001066,,False,True,00000000-0000-0000-0000-000000000000,0.0,0.0,0.0,0.0
0e4a7c57-f91c-4f38-afdd-d5a94f92f8a5,11__BLK__GIF__MAT__540,GIFT Lau Kính Sắc Biển Tươi Mát 540ml,25000.0,0.0,0.0,Chai,1,0,False,False,Đồ Dùng Bếp,GIFT,,0.0,0,0,Không đồng bộ,False,0,00000000-0000-0000-0000-000000000000,8.0,,False,8936013254951,,False,True,00000000-0000-0000-0000-000000000000,0.0,0.0,0.0,0.0
3741b0b3-da6f-43f0-a81f-a9f8a5d0f7c8,11__BLS__SUN__BHA__1000,SUNLIGHT Lau Sàn Hương Hoa & Hạ Bạc Hà 1Kg,38000.0,0.0,0.0,Chai,1,0,False,False,Đồ Dùng Bếp,SUNLIGHT,,0.0,0,0,Không đồng bộ,False,0,00000000-0000-0000-0000-000000000000,8.0,1000,False,8934868162407,,False,True,00000000-0000-0000-0000-000000000000,0.0,0.0,0.0,0.0
91281c21-60f6-42d7-9e63-b0af72aa1a3c,11__BLS__SUN__LAV__1000,SUNLIGHT Lau Sàn Hương Hoa Lavender 1Kg,38000.0,0.0,0.0,Chai,1,0,False,False,Đồ Dùng Bếp,SUNLIGHT,,0.0,0,0,Không đồng bộ,False,0,00000000-0000-0000-0000-000000000000,8.0,1000,False,8934868174110,,False,True,00000000-0000-0000-0000-000000000000,0.0,0.0,0.0,0.0
2f509580-336e-46ef-9073-011ab0b2a8a4,11__BLS__SUN__LIL__1000,SUNLIGHT Lau Sàn Hương Hoa Lily & Bạch Trà 1Kg,38000.0,0.0,0.0,Chai,1,0,False,False,Đồ Dùng Bếp,SUNLIGHT,,0.0,0,0,Không đồng bộ,False,0,00000000-0000-0000-0000-000000000000,8.0,1000,False,8934868162445,,False,True,00000000-0000-0000-0000-000000000000,0.0,0.0,0.0,0.0
60fef4db-2bf3-4c1d-b965-ea7d98303eaf,11__BLS__SUN__YUZ__1000,SUNLIGHT Lau Sàn Hương Chanh Yuzu Và Sả 1Kg,39000.0,0.0,0.0,Chai,1,0,False,False,Đồ Dùng Bếp,SUNLIGHT,,0.0,0,0,Không đồng bộ,False,0,00000000-0000-0000-0000-000000000000,8.0,1000,False,8934868172727,,False,True,00000000-0000-0000-0000-000000000000,0.0,0.0,0.0,0.0
1e7f8c9e-b44d-41e8-b966-43426bf5680a,11__BSA__MIR__BIH__1,MIRA Áo Mưa Sử Dụng 1 Lần,10000.0,0.0,0.0,Cái,1,0,False,False,,MIRA,,0.0,0,0,Không đồng bộ,False,0,00000000-0000-0000-0000-000000000000,8.0,,False,9556149001067,,False,True,00000000-0000-0000-0000-000000000000,0.0,0.0,0.0,0.0
d74c6bbf-5ad5-4b34-9829-b44cf8e73a82,11__BSM__JUM__NHA__222,JUMBO Nhang Muỗi S2 222g,15000.0,0.0,0.0,Hộp,1,0,False,False,Đồ Dùng Bếp,JUMBO,,0.0,0,0,Không đồng bộ,False,0,00000000-0000-0000-0000-000000000000,8.0,222,False,8934732104311,,False,True,00000000-0000-0000-0000-000000000000,0.0,0.0,0.0,0.0
92afe914-9091-4715-a988-ce4e539e06a6,11__BSS__GLA__HOA__180,GLADE Sáp Thơm Tuyệt Tác Hương Hoa 180g,58000.0,0.0,0.0,Hộp,1,0,False,False,Đồ Dùng Bếp,GLADE,,0.0,0,0,Không đồng bộ,False,0,00000000-0000-0000-0000-000000000000,8.0,180,False,8801328400891,,False,True,00000000-0000-0000-0000-000000000000,0.0,0.0,0.0,0.0
5c657491-d436-4ced-98ae-a6dc69468ac6,11__BSS__GLA__LAI__180,GLADE Sáp Thơm Hương Hoa Lài 180g,58000.0,0.0,0.0,Hộp,1,0,False,False,Đồ Dùng Bếp,GLADE,,0.0,0,0,Không đồng bộ,False,0,00000000-0000-0000-0000-000000000000,8.0,180,False,8934889801170,,False,True,00000000-0000-0000-0000-000000000000,0.0,0.0,0.0,0.0
212954ef-638b-497e-9af2-3c274553151e,11__BSS__GLA__LAV__180,GLADE Sáp Thơm Hương Lavender 180g,58000.0,0.0,0.0,Hộp,1,0,False,False,Đồ Dùng Bếp,GLADE,,0.0,0,0,Không đồng bộ,False,0,00000000-0000-0000-0000-000000000000,8.0,180,False,8934889801163,,False,True,00000000-0000-0000-0000-000000000000,0.0,0.0,0.0,0.0
f4697dd3-5c09-42b4-8fc8-041f804f88c6,11__BST__GLA__CHH__280,GLADE Bình Xịt Thơm Phòng Hương Chanh 280ml,65000.0,0.0,0.0,Chai,1,0,False,False,Đồ Dùng Bếp,GLADE,,0.0,0,0,Không đồng bộ,False,0,00000000-0000-0000-0000-000000000000,8.0,,False,8934889800388,,False,True,00000000-0000-0000-0000-000000000000,0.0,0.0,0.0,0.0
f660dbd8-4d8a-4666-aa34-87d8306713c4,11__BST__GLA__OAI__280,GLADE Bình Xịt Thơm Phòng Hương Hoa Oải Hương 280ml,64000.0,0.0,0.0,Chai,1,0,False,False,Đồ Dùng Bếp,GLADE,,0.0,0,0,Không đồng bộ,False,0,00000000-0000-0000-0000-000000000000,8.0,,False,9556149001068,,False,True,00000000-0000-0000-0000-000000000000,0.0,0.0,0.0,0.0
57915f2f-14bd-4951-9b5b-04cc78a8f1cb,11__BST__GLA__TTC__280,GLADE Bình Xịt Thơm Phòng Tuyệt Tác Hương Hoa 280ml,64000.0,0.0,0.0,Chai,1,0,False,False,Đồ Dùng Bếp,GLADE,,0.0,0,0,Không đồng bộ,False,0,00000000-0000-0000-0000-000000000000,8.0,,False,9556149001069,,False,True,00000000-0000-0000-0000-000000000000,0.0,0.0,0.0,0.0
61a55390-e1ee-4268-9ab7-05fe3f5a52b5,11__BSX__JUM__0MI__600,JUMBO Xịt Côn Trùng Không Mùi 600ml,69000.0,0.0,0.0,Chai,1,0,False,False,Đồ Dùng Bếp,JUMBO,,0.0,0,0,Không đồng bộ,False,0,00000000-0000-0000-0000-000000000000,8.0,,False,8934732202611,,False,True,00000000-0000-0000-0000-000000000000,0.0,0.0,0.0,0.0
92f7fcc2-5373-43b5-9b24-9d0b97d2548a,11__BSX__JUM__CCH__300,JUMBO Xịt Côn Trùng Cam Chanh 300ml,39000.0,0.0,0.0,Chai,1,0,False,False,Đồ Dùng Bếp,JUMBO,,0.0,0,0,Không đồng bộ,False,0,00000000-0000-0000-0000-000000000000,8.0,,False,8934732202529,,False,True,00000000-0000-0000-0000-000000000000,0.0,0.0,0.0,0.0
6daa10e3-f8ba-4c23-9e4f-de59d33d4cda,11__BSX__JUM__CCH__660,JUMBO Xịt Côn Trùng Cam Chanh 660ml,75000.0,0.0,0.0,Chai,1,0,False,False,Đồ Dùng Bếp,JUMBO,,0.0,0,0,Không đồng bộ,False,0,00000000-0000-0000-0000-000000000000,8.0,,False,8934732202512,,False,True,00000000-0000-0000-0000-000000000000,0.0,0.0,0.0,0.0
0c5ed7b8-333e-462a-8c55-c6b5c63d5e74,11__BSX__JUM__LAV__600,JUMBO Xịt Côn Trùng Lavender 600ml,75000.0,0.0,0.0,Chai,1,0,False,False,Đồ Dùng Bếp,JUMBO,,0.0,0,0,Không đồng bộ,False,0,00000000-0000-0000-0000-000000000000,8.0,,False,8934732202710,,False,True,00000000-0000-0000-0000-000000000000,0.0,0.0,0.0,0.0
d7ea2dc0-72ea-4b22-b9db-19b65adaf222,11__BSX__RAI__0MI__520,RAID Bình Xịt Côn Trùng Không Mùi 520ml,63000.0,0.0,0.0,Chai,1,0,False,False,Đồ Dùng Bếp,RAID,,0.0,0,0,Không đồng bộ,False,0,00000000-0000-0000-0000-000000000000,8.0,,False,8934889801699,,False,True,00000000-0000-0000-0000-000000000000,0.0,0.0,0.0,0.0
e847d32d-eecf-4555-8399-606222efa947,11__BSX__RAI__LAV__700,RAID Bình Xịt Côn Trùng Lavender 520ml,63000.0,0.0,0.0,Chai,1,0,False,False,Đồ Dùng Bếp,RAID,,0.0,0,0,Không đồng bộ,False,0,00000000-0000-0000-0000-000000000000,8.0,,False,8934889240313,,False,True,00000000-0000-0000-0000-000000000000,0.0,0.0,0.0,0.0
cdf41b76-a3db-4ef3-aa43-e07038bef0d5,11__BTR__GIF__TOI__600,GIFT Tẩy Rửa Toilet 600ml,18000.0,0.0,0.0,Chai,1,0,False,False,Đồ Dùng Bếp,GIFT,,0.0,0,0,Không đồng bộ,False,0,00000000-0000-0000-0000-000000000000,8.0,,False,8936013252117,,False,True,00000000-0000-0000-0000-000000000000,0.0,0.0,0.0,0.0
97c3980e-cb66-49f3-b273-b838e65cb5e6,11__BTR__VIM__BHA__180,VIM Thả Bồn Cầu Hương Bạc Hà 180g,50000.0,0.0,0.0,Vỉ,1,0,False,False,Đồ Dùng Bếp,VIM,,0.0,0,0,Không đồng bộ,False,0,00000000-0000-0000-0000-000000000000,8.0,,False,6902088979091,,False,True,00000000-0000-0000-0000-000000000000,0.0,0.0,0.0,0.0
2d257012-be87-4729-b8b7-5eb7d27a7fa6,11__BTR__VIM__CHH__50,VIM Treo Bồn Cầu Hương Chanh 50g,30000.0,0.0,0.0,Cái,1,0,False,False,Đồ Dùng Bếp,VIM,,0.0,0,0,Không đồng bộ,False,0,00000000-0000-0000-0000-000000000000,8.0,,False,8934868187295,,False,True,00000000-0000-0000-0000-000000000000,0.0,0.0,0.0,0.0
9f4b6ee0-f774-491d-b0be-0de76d8754cc,11__BTR__VIM__TRX__50,VIM Treo Bồn Cầu Hương Trà Xanh & Chanh 50g,30000.0,0.0,0.0,Cái,1,0,False,False,Đồ Dùng Bếp,VIM,,0.0,0,0,Không đồng bộ,False,0,00000000-0000-0000-0000-000000000000,8.0,50,False,8934868187271,,False,True,00000000-0000-0000-0000-000000000000,0.0,0.0,0.0,0.0
e102ff83-48bf-46f3-a4cb-fd3d7b9bdbd5,11__BTR__VIM__XAH__500,VIM Chai Xanh Biển 500ml,28000.0,0.0,0.0,Chai,1,0,False,False,Đồ Dùng Bếp,VIM,,0.0,0,0,Không đồng bộ,False,0,00000000-0000-0000-0000-000000000000,8.0,,False,8934868141532,,False,True,00000000-0000-0000-0000-000000000000,0.0,0.0,0.0,0.0
98e87798-39b0-4246-b3fa-a60cdf080ff1,11__BTT__NTU__HOP__1,Tăm Tre Tiệt Trùng Ngọc Thu,10000.0,0.0,0.0,Hộp,1,0,False,False,Đồ Dùng Bếp,Ngọc Thu,,0.0,0,0,Không đồng bộ,False,0,00000000-0000-0000-0000-000000000000,8.0,,False,9556149001065,,False,True,00000000-0000-0000-0000-000000000000,0.0,0.0,0.0,0.0
fb9fb2e1-304e-4471-af00-487595b62edc,11__BVC__SUN__BEP__690,SUNLIGHT Kem Tẩy Chuyên Dụng 690g,35000.0,0.0,0.0,Chai,1,0,False,False,Đồ Dùng Bếp,SUNLIGHT,,0.0,0,0,Không đồng bộ,False,0,00000000-0000-0000-0000-000000000000,8.0,690,False,8934868171829,,False,True,00000000-0000-0000-0000-000000000000,0.0,0.0,0.0,0.0
8892e87d-22cc-4ee9-ac4f-30477f354fde,11__BVL__SUN__CSA__500,SUNLIGHT Lau Đa Năng Chanh Và Sả 500ml,33000.0,0.0,0.0,Chai,1,0,False,False,Đồ Dùng Bếp,SUNLIGHT,,0.0,0,0,Không đồng bộ,False,0,00000000-0000-0000-0000-000000000000,8.0,,False,8934868171843,,False,True,00000000-0000-0000-0000-000000000000,0.0,0.0,0.0,0.0
d7d0675b-1502-43f1-9a88-dccb5f49e8f4,11__BVL__SUN__POW__500,SUNLIGHT Lau Bếp Bọt Tuyết Powerfoam 500ml,39000.0,0.0,0.0,Chai,1,0,False,False,Đồ Dùng Bếp,SUNLIGHT,,0.0,0,0,Không đồng bộ,False,0,00000000-0000-0000-0000-000000000000,8.0,,False,8934868188193,,False,True,00000000-0000-0000-0000-000000000000,0.0,0.0,0.0,0.0
2bfda161-3267-4de8-a398-7cc631bf3e30,11__BVN__HOM__CAM__750,HOMEY Nước Rửa Chén Hương Cam Satsuma 750g,24000.0,0.0,0.0,Chai,1,0,False,False,Đồ Dùng Bếp,HOMEY,,0.0,0,0,Không đồng bộ,False,0,00000000-0000-0000-0000-000000000000,8.0,750,False,8936136162331,,False,True,00000000-0000-0000-0000-000000000000,0.0,0.0,0.0,0.0
158cff02-8eb0-4b4d-bd26-6893eb656838,11__BVN__SUN__CHH__400,SUNLIGHT Nước Rửa Chén Chanh 100 400g,22000.0,0.0,0.0,Chai,1,0,False,False,Đồ Dùng Bếp,SUNLIGHT,,0.0,0,0,Không đồng bộ,False,0,00000000-0000-0000-0000-000000000000,8.0,400,False,8934868172451,,False,True,00000000-0000-0000-0000-000000000000,0.0,0.0,0.0,0.0
08ef4768-8de3-4fc4-95e9-af70a5b6ad60,11__BVN__SUN__LHI__400,SUNLIGHT Nước Rửa Chén Thiên Nhiên Lô Hội 400g,22000.0,0.0,0.0,Chai,1,0,False,False,Đồ Dùng Bếp,SUNLIGHT,,0.0,0,0,Không đồng bộ,False,0,00000000-0000-0000-0000-000000000000,8.0,,False,8934868182641,,False,True,00000000-0000-0000-0000-000000000000,0.0,0.0,0.0,0.0
86ce3155-2c0d-4df0-8e7e-f3bf0bb699bc,11__BVN__SUN__MAT__400,SUNLIGHT Nước Rửa Chén Matcha Trà Nhật 400g,22000.0,0.0,0.0,Chai,1,0,False,False,Đồ Dùng Bếp,SUNLIGHT,,0.0,0,0,Không đồng bộ,False,0,00000000-0000-0000-0000-000000000000,8.0,400,False,8934868182580,,False,True,00000000-0000-0000-0000-000000000000,0.0,0.0,0.0,0.0
37f7fca6-fe43-4b89-9847-1001862122de,11__VNG__HYG__DEN__1800,HYGIENE Nước Giặt Túi Đen 1.8L,93750.0,0.0,0.0,Bịch,1,0,False,False,Chăm Sóc Quần Áo,HYGIENE,,0.0,0,0,Không đồng bộ,False,0,00000000-0000-0000-0000-000000000000,8.0,,False,8850092259617,,False,True,00000000-0000-0000-0000-000000000000,0.0,0.0,0.0,0.0
97405aa6-d925-49de-b550-9614af21f32a,11__VNG__OMO__3I1__210,OMO Viên Giặt 3in1 Hương Tươi Mát 210g,102000.0,0.0,0.0,Hộp,1,0,False,False,Chăm Sóc Quần Áo,OMO,,0.0,0,0,Không đồng bộ,False,0,00000000-0000-0000-0000-000000000000,8.0,210,False,6902088985603,,False,True,00000000-0000-0000-0000-000000000000,0.0,0.0,0.0,0.0
e63ff858-4fe8-4822-b336-e86b165c1d1a,11__VNG__OMO__COM__350,OMO COMFORT Bột Giặt Tinh Dầu Thơm Sang Trọng 350g,22000.0,0.0,0.0,Bịch,1,0,False,False,Chăm Sóc Quần Áo,OMO,,0.0,0,0,Không đồng bộ,False,0,00000000-0000-0000-0000-000000000000,8.0,350,False,8934868169482,,False,True,00000000-0000-0000-0000-000000000000,0.0,0.0,0.0,0.0
19cc3996-b2b7-47f7-8205-98dd48650e5b,11__VNG__OMO__ECU__1800,"OMO Nước Giặt Cửa Trên Hoa Hồng Ecuador 1,8Kg",105000.0,0.0,0.0,Bịch,1,0,False,False,Chăm Sóc Quần Áo,OMO,,0.0,0,0,Không đồng bộ,False,0,00000000-0000-0000-0000-000000000000,8.0,,False,8934868184225,,False,True,00000000-0000-0000-0000-000000000000,0.0,0.0,0.0,0.0
a87e0fb0-aa39-41c9-ab43-0e9dcbced00b,11__VNG__OMO__MAT__1900,OMO Nước Giặt Matic Cửa Trên Sạch Thơm Vượt Trội 1.9Kg,100000.0,0.0,0.0,Bịch,1,0,False,False,Chăm Sóc Quần Áo,OMO,,0.0,0,0,Không đồng bộ,False,0,00000000-0000-0000-0000-000000000000,8.0,,False,8934868195580,,False,True,00000000-0000-0000-0000-000000000000,0.0,0.0,0.0,0.0
66008a0f-97c5-479e-9fd4-3d33d502df48,11__VNG__OMO__OAI__1800,"OMO Nước Giặt Cửa Trước Hoa OảI Hương Thư Thái 1,8Kg",105000.0,0.0,0.0,Bịch,1,0,False,False,Chăm Sóc Quần Áo,OMO,,0.0,0,0,Không đồng bộ,False,0,00000000-0000-0000-0000-000000000000,8.0,1800,False,8934868184348,,False,True,00000000-0000-0000-0000-000000000000,0.0,0.0,0.0,0.0
027c8924-1bbb-4ca7-8370-1134df5ca6df,11__VNG__OMO__TRE__1800,"OMO Nước Giặt Cửa Trên Giữ Màu 1,8Kg",105000.0,0.0,0.0,Bịch,1,0,False,False,Chăm Sóc Quần Áo,OMO,,0.0,0,0,Không đồng bộ,False,0,00000000-0000-0000-0000-000000000000,8.0,1800,False,8934868184270,,False,True,00000000-0000-0000-0000-000000000000,0.0,0.0,0.0,0.0
eb07a2c0-740d-4b68-b417-86bf6477e810,11__VNG__OMO__TTE__210,OMO Viên Giặt 3in1 Hương Tinh Tế 210g,102000.0,0.0,0.0,Hộp,1,0,False,False,Chăm Sóc Quần Áo,OMO,,0.0,0,0,Không đồng bộ,False,0,00000000-0000-0000-0000-000000000000,8.0,210,False,6902088985597,,False,True,00000000-0000-0000-0000-000000000000,0.0,0.0,0.0,0.0
934b26b5-96f7-4cbf-8e08-76e96cbea7aa,11__VNG_HYG__TRG__1800,HYGIENE Nước Giặt Túi Trắng 1.8L,93750.0,0.0,0.0,Bịch,1,0,False,False,Chăm Sóc Quần Áo,HYGIENE,,0.0,0,0,Không đồng bộ,False,0,00000000-0000-0000-0000-000000000000,8.0,,False,8850092254254,,False,True,00000000-0000-0000-0000-000000000000,0.0,0.0,0.0,0.0
31d8a63e-dc11-4a99-9898-84295c475b1a,11__VNX__COM__BMI__1800,COMFORT Nước Xả Một Lần Xả Hương Ban Mai 1.8L,142000.0,0.0,0.0,Bịch,1,0,False,False,Chăm Sóc Quần Áo,COMFORT,,0.0,0,0,Không đồng bộ,False,0,00000000-0000-0000-0000-000000000000,8.0,,False,8934868150404,,False,True,00000000-0000-0000-0000-000000000000,0.0,0.0,0.0,0.0
303fd430-0f71-4372-a44d-9845bf9a223c,11__VNX__COM__DNH__5000,Comfort NX Chuyên Dụng Dịu Nhẹ Thơm Hương Phấn 5L,0.0,0.0,0.0,Can,1,0,False,False,Chăm Sóc Quần Áo,COMFORT,,0.0,0,0,Không đồng bộ,False,0,00000000-0000-0000-0000-000000000000,8.0,,False,58934588843079,,False,True,00000000-0000-0000-0000-000000000000,0.0,0.0,0.0,0.0
01415de9-fba3-4beb-9f82-048e93c6ca45,11__VNX__COM__HOA__1800,COMFORT Nước Xả Hương Nước Hoa Quyến Rũ 1.8L,140000.0,0.0,0.0,Bịch,1,0,False,False,Chăm Sóc Quần Áo,COMFORT,,0.0,0,0,Không đồng bộ,False,0,00000000-0000-0000-0000-000000000000,8.0,,False,8934868172888,,False,True,00000000-0000-0000-0000-000000000000,0.0,0.0,0.0,0.0
98c687f8-0002-4782-875b-5a9a4c3d8dd3,11__VNX__COM__PHN__1700,COMFORT Nước Xả Dịu Nhẹ Thơm Hương Phấn 1.7L,138000.0,0.0,0.0,Bịch,1,0,False,False,Chăm Sóc Quần Áo,COMFORT,,0.0,0,0,Không đồng bộ,False,0,00000000-0000-0000-0000-000000000000,8.0,,False,8934868177982,,False,True,00000000-0000-0000-0000-000000000000,0.0,0.0,0.0,0.0
d75379d7-a6c7-45f6-8893-79defe7b1695,11__VNX__DOW__KOR__2500,DOWNY Nước Xả Vải Đậm Đặc Korean Spring 2.5L,228000.0,0.0,0.0,Bịch,1,0,False,False,Chăm Sóc Quần Áo,DOWNY,,0.0,0,0,Không đồng bộ,False,0,00000000-0000-0000-0000-000000000000,8.0,,False,4987176298607,,False,True,00000000-0000-0000-0000-000000000000,0.0,0.0,0.0,0.0
db48aa66-192b-4f34-a2c8-7b1f35800c80,11__VNX__DOW__KOR__2600,DOWNY Nước Xả Vải Đậm Đặc Hương Nắng Mai Bịch 2.6L,228000.0,0.0,0.0,Bịch,1,0,False,False,Chăm Sóc Quần Áo,DOWNY,,0.0,0,0,Không đồng bộ,False,0,00000000-0000-0000-0000-000000000000,8.0,,False,4902430818742,,False,True,00000000-0000-0000-0000-000000000000,0.0,0.0,0.0,0.0
67491dbb-d19a-47ea-96be-70a4286b89b1,11__VNX__DOW__MAI__900,DOWNY Nước Xả Vải Đậm Đặc Hương Nắng Mai Chai 900ml,99000.0,0.0,0.0,Chai,1,0,False,False,Chăm Sóc Quần Áo,OMO,,0.0,0,0,Không đồng bộ,False,0,00000000-0000-0000-0000-000000000000,8.0,,False,4902430178198,,False,True,00000000-0000-0000-0000-000000000000,0.0,0.0,0.0,0.0
6042207e-e401-4268-a95c-706742b15b51,11__VNX__HYG__DEN__1100,HYGIENE Nước Xả Túi Đen 1.1L,80000.0,0.0,0.0,Bịch,1,0,False,False,Chăm Sóc Quần Áo,COMFORT,,0.0,0,0,Không đồng bộ,False,0,00000000-0000-0000-0000-000000000000,8.0,,False,8850092298906,,False,True,00000000-0000-0000-0000-000000000000,0.0,0.0,0.0,0.0
1f3ade60-6ef1-48e3-bb03-b108dcc68a76,11__VXI__DOW__PAS__370,DOWNY Nước Xịt Vải Passion Đam Mê 370ml,120000.0,0.0,0.0,Chai,1,0,False,False,Chăm Sóc Quần Áo,DOWNY,,0.0,0,0,Không đồng bộ,False,0,00000000-0000-0000-0000-000000000000,8.0,,False,4987176112729,,False,True,00000000-0000-0000-0000-000000000000,0.0,0.0,0.0,0.0
503fc3d4-ad6f-4617-a836-ce41a8decffb,12__GBT__MIR__DOK__1,Bài Tây Double K MIRA,10000.0,0.0,0.0,Hộp,1,0,False,False,,MIRA,,0.0,0,0,Không đồng bộ,False,0,00000000-0000-0000-0000-000000000000,8.0,,False,6923388230637,,False,True,00000000-0000-0000-0000-000000000000,0.0,0.0,0.0,0.0
6e2c0e45-b084-40d6-8d10-e5215b98ca7f,13__MCP__MIR__DEN__1,MIRA Cafe Đen,12000.0,0.0,0.0,Ly,1,0,False,False,MIRA Cà Phê,MIRA,,0.0,0,0,Không đồng bộ,False,0,00000000-0000-0000-0000-000000000000,8.0,,False,9556149001058,,False,True,00000000-0000-0000-0000-000000000000,0.0,0.0,0.0,0.0
d1aed431-3f96-4031-8c8e-0473ca8058e2,13__MCP__MIR__SUA__1,MIRA Cafe Sữa,20000.0,0.0,0.0,Ly,1,0,False,False,MIRA Cà Phê,MIRA,,0.0,0,0,Không đồng bộ,False,0,00000000-0000-0000-0000-000000000000,8.0,,False,9556149001059,,False,True,00000000-0000-0000-0000-000000000000,0.0,0.0,0.0,0.0
66afd1ac-f3ed-4b49-be7e-cefeb9cb3467,13__MDC__MIR__BDA__1,MIRA Bịch Đá,10000.0,0.0,0.0,Bịch,1,0,False,False,Dụng Cụ Ăn Uống MIRA,MIRA,,0.0,0,0,Không đồng bộ,False,0,00000000-0000-0000-0000-000000000000,8.0,,False,9556149001055,,False,True,00000000-0000-0000-0000-000000000000,0.0,0.0,0.0,0.0
74f90880-f400-48de-a293-a388ef62029b,13__MDC__MIR__LY__1,MIRA Ly Giấy,1000.0,0.0,0.0,Ly,1,0,False,False,Dụng Cụ Ăn Uống MIRA,MIRA,,0.0,0,0,Không đồng bộ,False,0,00000000-0000-0000-0000-000000000000,8.0,,False,9556149001057,,False,True,00000000-0000-0000-0000-000000000000,0.0,0.0,0.0,0.0
754db6b0-1d50-4328-8f10-4402e8d10cef,13__MDC__MIR__TAY__1,MIRA Tẩy Đá,3000.0,0.0,0.0,Ly,1,0,False,False,Dụng Cụ Ăn Uống MIRA,MIRA,,0.0,0,0,Không đồng bộ,False,0,00000000-0000-0000-0000-000000000000,8.0,,False,9556149001054,,False,True,00000000-0000-0000-0000-000000000000,0.0,0.0,0.0,0.0
fd81daaf-7884-434c-a0c4-1907c99dafd9,13__MDC__MIR__TOG__1,MIRA Tô Giấy,2000.0,0.0,0.0,Tô,1,0,False,False,Dụng Cụ Ăn Uống MIRA,MIRA,,0.0,0,0,Không đồng bộ,False,0,00000000-0000-0000-0000-000000000000,8.0,,False,9556149001056,,False,True,00000000-0000-0000-0000-000000000000,0.0,0.0,0.0,0.0
d1ebd583-dac1-4370-b280-48f5079c6283,13__MTH__MIR__DLI__1,DƯA LƯỚI LOẠI I,60000.0,0.0,0.0,Hộp,1,0,False,False,Trái Cây Cắt Sẵn,MIRA,,0.0,0,0,Không đồng bộ,False,0,00000000-0000-0000-0000-000000000000,8.0,,False,58934588843105,,False,True,00000000-0000-0000-0000-000000000000,0.0,0.0,0.0,0.0
36ba30a8-6990-4243-a4da-27c8dbd4c188,13__MTH__MIR__MIX__1,TRÁI CÂY MIX,40000.0,0.0,0.0,Hộp,1,0,False,False,Trái Cây Cắt Sẵn,MIRA,,0.0,0,0,Không đồng bộ,False,0,00000000-0000-0000-0000-000000000000,8.0,,False,58934588843104,,False,True,00000000-0000-0000-0000-000000000000,0.0,0.0,0.0,0.0
9fdc4541-e422-4661-a06d-6e28213a477b,13__MTH__MIR__NHO__1,NHO BA MỌI,60000.0,0.0,0.0,Hộp,1,0,False,False,Trái Cây Cắt Sẵn,MIRA,,0.0,0,0,Không đồng bộ,False,0,00000000-0000-0000-0000-000000000000,8.0,,False,58934588843106,,False,True,00000000-0000-0000-0000-000000000000,0.0,0.0,0.0,0.0
73f208e7-9f57-4205-bf51-68375af118ec,13__MTH__MIR__THO__1,THƠM,40000.0,0.0,0.0,Hộp,1,0,False,False,Trái Cây Cắt Sẵn,MIRA,,0.0,0,0,Không đồng bộ,False,0,00000000-0000-0000-0000-000000000000,8.0,,False,58934588843107,,False,True,00000000-0000-0000-0000-000000000000,0.0,0.0,0.0,0.0
5012a7e1-ebf4-4d07-81f7-95108dc70b33,13__MTR__MIR__DAO__1,MIRA Trà Đào Trân Châu Trắng,15000.0,0.0,0.0,Ly,1,0,False,False,MIRA Trà,MIRA,,0.0,0,0,Không đồng bộ,False,0,00000000-0000-0000-0000-000000000000,8.0,,False,9556149001060,,False,True,00000000-0000-0000-0000-000000000000,0.0,0.0,0.0,0.0
291c789a-e4b9-4d97-b67f-9b9c7c1e2c45,13__MTR__MIR__NHA__1,MIRA Trà Nhãn Trân Châu Trắng,15000.0,0.0,0.0,Ly,1,0,False,False,MIRA Trà,MIRA,,0.0,0,0,Không đồng bộ,False,0,00000000-0000-0000-0000-000000000000,8.0,,False,9556149001061,,False,True,00000000-0000-0000-0000-000000000000,0.0,0.0,0.0,0.0
42ba9b0b-5f36-43fb-b189-7e1d91c98b2e,13__MTR__MIR__TST__1,MIRA Trà Sữa Truyền Thống Trân Châu Trắng,15000.0,0.0,0.0,Ly,1,0,False,False,MIRA Trà,MIRA,,0.0,0,0,Không đồng bộ,False,0,00000000-0000-0000-0000-000000000000,8.0,,False,9556149001062,,False,True,00000000-0000-0000-0000-000000000000,0.0,0.0,0.0,0.0
6673f7da-3860-4280-a7f4-024be0e103ca,13__MTR__MIR__TXH__1,MIRA Trà Thái Xanh Trân Châu Trắng,15000.0,0.0,0.0,Ly,1,0,False,False,MIRA Trà,MIRA,,0.0,0,0,Không đồng bộ,False,0,00000000-0000-0000-0000-000000000000,8.0,,False,9556149001063,,False,True,00000000-0000-0000-0000-000000000000,0.0,0.0,0.0,0.0
5427bf1e-3455-41bf-96a0-3f4bb91677df,13__MTR__MIR__TXM__1,MIRA Trà Tắc Xí Mụôi Trân Châu Trắng,15000.0,0.0,0.0,Ly,1,0,False,False,MIRA Trà,MIRA,,0.0,0,0,Không đồng bộ,False,0,00000000-0000-0000-0000-000000000000,8.0,,False,9556149001064,,False,True,00000000-0000-0000-0000-000000000000,0.0,0.0,0.0,0.0
f676c882-e9d0-4142-9f53-62c116bdd20d,13__MXB__MIR__BOV__5,MIRA Bò Viên Chiên,12000.0,0.0,0.0,Cái,1,0,False,False,MIRA Xiên Chiên,MIRA,,0.0,0,0,Không đồng bộ,False,0,00000000-0000-0000-0000-000000000000,8.0,,False,9556149001088,,False,True,00000000-0000-0000-0000-000000000000,0.0,0.0,0.0,0.0
e706b1cc-b128-4ffb-9526-ab703d937e18,13__MXC__MIR__CAV__5,MIRA Cá Viên Chiên,10000.0,0.0,0.0,Cái,1,0,False,False,MIRA Xiên Chiên,MIRA,,0.0,0,0,Không đồng bộ,False,0,00000000-0000-0000-0000-000000000000,8.0,,False,9556149001087,,False,True,00000000-0000-0000-0000-000000000000,0.0,0.0,0.0,0.0
f582407c-6cdf-45bc-99fe-5242eaa84ec7,13__MXX__MIR__HAC__1,MIRA Há Cảo Hấp,15000.0,0.0,0.0,Cái,1,0,False,False,MIRA Xiên Chiên,MIRA,,0.0,0,0,Không đồng bộ,False,0,00000000-0000-0000-0000-000000000000,8.0,,False,58934588843091,,False,True,00000000-0000-0000-0000-000000000000,0.0,0.0,0.0,0.0
c309b9fd-f7b8-4845-8014-48bded99bb02,13__MXX__MIR__XXH__1,MIRA Xúc Xích Chiên,12000.0,0.0,0.0,Cái,1,0,False,False,MIRA Xiên Chiên,MIRA,,0.0,0,0,Không đồng bộ,False,0,00000000-0000-0000-0000-000000000000,8.0,,False,9556149001086,,False,True,00000000-0000-0000-0000-000000000000,0.0,0.0,0.0,0.0
498eb6ff-58e5-4a68-8ad9-aa6a92764bad,14__KEB__CEL__KTC__70,CELANO Kem Bánh Cá Trà Sữa Khoai Môn 70g,30000.0,0.0,0.0,Cái,1,0,False,False,Kem Bánh,CELANO,,0.0,0,0,Không đồng bộ,False,0,00000000-0000-0000-0000-000000000000,8.0,,False,8936011773942,,False,True,00000000-0000-0000-0000-000000000000,0.0,0.0,0.0,0.0
98b202de-8f62-4429-96ed-e71dbc6811db,14__KEB__CEL__SLM__70,CELANO Kem Bánh Cá Socola Lúa Mạch 70g,30000.0,0.0,0.0,Cái,1,0,False,False,Kem Bánh,CELANO,,0.0,0,0,Không đồng bộ,False,0,00000000-0000-0000-0000-000000000000,8.0,70,False,8936011772235,,False,True,00000000-0000-0000-0000-000000000000,0.0,0.0,0.0,0.0
43d2fa74-200d-427b-a51c-791f825abafd,14__KEB__CEL__TTC__70,CELANO Kem Bánh Cá Trà Sữa Trân Châu 70g,30000.0,0.0,0.0,Cái,1,0,False,False,Kem Bánh,CELANO,,0.0,0,0,Không đồng bộ,False,0,00000000-0000-0000-0000-000000000000,8.0,70,False,8936011773959,,False,True,00000000-0000-0000-0000-000000000000,0.0,0.0,0.0,0.0
0c12fcb2-cfb5-4cc3-9730-db390384ed6d,14__KEB__CEL__VDD__70,CELANO Kem Bánh Cá Vani Đậu Đỏ 70g,30000.0,0.0,0.0,Cái,1,0,False,False,Kem Bánh,CELANO,,0.0,0,0,Không đồng bộ,False,0,00000000-0000-0000-0000-000000000000,8.0,70,False,8936011773997,,False,True,00000000-0000-0000-0000-000000000000,0.0,0.0,0.0,0.0
96d731df-ff57-4cd3-ae1e-e23fbd1cb6a6,14__KEH__CEL__DAU__213,CELANO Kem Hộp Dâu 213g,78000.0,0.0,0.0,Hộp,1,0,False,False,Kem Hộp,CELANO,,0.0,0,0,Không đồng bộ,False,0,00000000-0000-0000-0000-000000000000,8.0,,False,8936011776714,,False,True,00000000-0000-0000-0000-000000000000,0.0,0.0,0.0,0.0
028b93df-959c-4fa8-af88-42e865750e7d,14__KEH__CEL__DAU__65,CELANO Kem Hộp Dâu 65g,30000.0,0.0,0.0,Cái,1,0,False,False,Kem Hộp,CELANO,,0.0,0,0,Không đồng bộ,False,0,00000000-0000-0000-0000-000000000000,8.0,65,False,8936011771313,,False,True,00000000-0000-0000-0000-000000000000,0.0,0.0,0.0,0.0
3166736d-f99c-49cf-aeba-4096f2326718,14__KEH__CEL__SHN__213,CELANO Kem Hộp Socola Hạnh Nhân 213g,78000.0,0.0,0.0,Hộp,1,0,False,False,Kem Hộp,CELANO,,0.0,0,0,Không đồng bộ,False,0,00000000-0000-0000-0000-000000000000,8.0,213,False,8936011776707,,False,True,00000000-0000-0000-0000-000000000000,0.0,0.0,0.0,0.0
90ad6e7e-306a-43d3-bc12-17b13d1672d1,14__KEH__CEL__SHN__65,CELANO Kem Hộp Socola Hạnh Nhân 65g,30000.0,0.0,0.0,Cái,1,0,False,False,Kem Hộp,CELANO,,0.0,0,0,Không đồng bộ,False,0,00000000-0000-0000-0000-000000000000,8.0,65,False,8936011771306,,False,True,00000000-0000-0000-0000-000000000000,0.0,0.0,0.0,0.0
b682e726-ef0b-48ca-8a4d-85f464223b21,14__KEH__MER__DAU__95,MERINO Kem Hộp Vani Dâu 95ml,16000.0,0.0,0.0,Cái,1,0,False,False,Kem Hộp,MERINO,,0.0,0,0,Không đồng bộ,False,0,00000000-0000-0000-0000-000000000000,8.0,68,False,8936011773065,,False,True,00000000-0000-0000-0000-000000000000,0.0,0.0,0.0,0.0
2dde8077-f1e5-4482-b1fd-40c366f674e0,14__KEH__MER__SCH__73,MERINO Kem Hộp Socola Chuối 73g (150ml),20000.0,0.0,0.0,Hũ,1,0,False,False,Kem Hộp,MERINO,,0.0,0,0,Không đồng bộ,False,0,00000000-0000-0000-0000-000000000000,8.0,73,False,8936011773102,,False,True,00000000-0000-0000-0000-000000000000,0.0,0.0,0.0,0.0
b9924b09-1493-4845-a802-179b236d2955,14__KEH__MER__SDA__95,MERINO Kem Hộp Sữa Dừa 95ml,16000.0,0.0,0.0,Cái,1,0,False,False,Kem Hộp,MERINO,,0.0,0,0,Không đồng bộ,False,0,00000000-0000-0000-0000-000000000000,8.0,53,False,8936011773034,,False,True,00000000-0000-0000-0000-000000000000,0.0,0.0,0.0,0.0
35cb1899-4d9a-4494-88bd-880f4216cd31,14__KEH__MER__SOC__95,MERINO Kem Hộp Socola Vani 95ml,16000.0,0.0,0.0,Cái,1,0,False,False,Kem Hộp,MERINO,,0.0,0,0,Không đồng bộ,False,0,00000000-0000-0000-0000-000000000000,8.0,,False,8936011773119,,False,True,00000000-0000-0000-0000-000000000000,0.0,0.0,0.0,0.0
a3c00708-e0ce-48ff-a72d-868e88838701,14__KEO__CEL__CPM__66,CELANO Kem Ốc Caramel Phomai 66g,28000.0,0.0,0.0,Cái,1,0,False,False,Kem Ốc,CELANO,,0.0,0,0,Không đồng bộ,False,0,00000000-0000-0000-0000-000000000000,8.0,66,False,8936011772198,,False,True,00000000-0000-0000-0000-000000000000,0.0,0.0,0.0,0.0
f71f9dba-7d11-4b07-bc10-58ac9dd305b3,14__KEO__CEL__DAU__66,CELANO Kem Ốc Quế Cone Dâu Vani 66g,28000.0,0.0,0.0,Cái,1,0,False,False,Kem Ốc,CELANO,,0.0,0,0,Không đồng bộ,False,0,00000000-0000-0000-0000-000000000000,8.0,66,False,8936011771153,,False,True,00000000-0000-0000-0000-000000000000,0.0,0.0,0.0,0.0
5067f48b-981b-43fa-8689-c573189e7ea4,14__KEO__CEL__HDE__66,CELANO Kem Ốc Quế Cone Hạt Dẻ Cười 66g,28000.0,0.0,0.0,Cái,1,0,False,False,Kem Ốc,CELANO,,0.0,0,0,Không đồng bộ,False,0,00000000-0000-0000-0000-000000000000,8.0,66,False,8936011771221,,False,True,00000000-0000-0000-0000-000000000000,0.0,0.0,0.0,0.0
e24fd4d5-f7f8-48cd-ab09-811a2ce13a0f,14__KEO__CEL__SVA__66,CELANO Kem Ốc Quế Cone Socola Vani 66g,28000.0,0.0,0.0,Cái,1,0,False,False,Kem Ốc,CELANO,,0.0,0,0,Không đồng bộ,False,0,00000000-0000-0000-0000-000000000000,8.0,66,False,8936011771177,,False,True,00000000-0000-0000-0000-000000000000,0.0,0.0,0.0,0.0
34c3d5e3-b223-43ed-a166-eccb4dccda63,14__KEO__CEL__VAN__66,CELANO Kem Ốc Quế Cone Vani 66g,28000.0,0.0,0.0,Cái,1,0,False,False,Kem Ốc,CELANO,,0.0,0,0,Không đồng bộ,False,0,00000000-0000-0000-0000-000000000000,8.0,66,False,8936011771023,,False,True,00000000-0000-0000-0000-000000000000,0.0,0.0,0.0,0.0
5d6bafb4-225d-43ea-9980-6173e28c2b17,14__KEO__MER__CRS__60,MERINO Kem Ốc Quế Cream Socola 60g,18000.0,0.0,0.0,Cái,1,0,False,False,Kem Ốc,MERINO,,0.0,0,0,Không đồng bộ,False,0,00000000-0000-0000-0000-000000000000,8.0,60,False,8936011770736,,False,True,00000000-0000-0000-0000-000000000000,0.0,0.0,0.0,0.0
e46efc75-729b-4e78-8a28-e7edf16cbab7,14__KEO__MER__DSO__60,MERINO Kem Ốc Quế S.Teen Dâu Socola 60g,18000.0,0.0,0.0,Cái,1,0,False,False,Kem Ốc,MERINO,,0.0,0,0,Không đồng bộ,False,0,00000000-0000-0000-0000-000000000000,8.0,60,False,8936011770743,,False,True,00000000-0000-0000-0000-000000000000,0.0,0.0,0.0,0.0
9db7cb7f-6451-4f1c-8d7c-af9a827e5366,14__KEO__MER__SOC__60,MERINO Kem Ốc Quế S.Teen Socola 60g,18000.0,0.0,0.0,Cái,1,0,False,False,Kem Ốc,MERINO,,0.0,0,0,Không đồng bộ,False,0,00000000-0000-0000-0000-000000000000,8.0,60,False,8936011774031,,False,True,00000000-0000-0000-0000-000000000000,0.0,0.0,0.0,0.0
e7992bcf-0f14-4fc0-add5-b1fa8d24f59a,14__KEO__MER__VAS__60,MERINO Kem Ốc Quế S.Teen Vani Socola 60g,18000.0,0.0,0.0,Cái,1,0,False,False,Kem Ốc,MERINO,,0.0,0,0,Không đồng bộ,False,0,00000000-0000-0000-0000-000000000000,8.0,60,False,8936011774024,,False,True,00000000-0000-0000-0000-000000000000,0.0,0.0,0.0,0.0
37b1aac6-ccb5-4d54-981f-d97729dfc8ee,14__KEQ__CEL__CVA__53,CELANO Kem Que Caramel Vani 53g,28000.0,0.0,0.0,Cái,1,0,False,False,Kem Que,CELANO,,0.0,0,0,Không đồng bộ,False,0,00000000-0000-0000-0000-000000000000,8.0,53,False,8936011771504,,False,True,00000000-0000-0000-0000-000000000000,0.0,0.0,0.0,0.0
b9bd6357-f019-4d5d-8090-3c60031af32f,14__KEQ__CEL__SHN__53,CELANO Kem Que Socola Hạnh Nhân 53g,28000.0,0.0,0.0,Cái,1,0,False,False,Kem Que,CELANO,,0.0,0,0,Không đồng bộ,False,0,00000000-0000-0000-0000-000000000000,8.0,53,False,8936011771511,,False,True,00000000-0000-0000-0000-000000000000,0.0,0.0,0.0,0.0
47b36e1d-f107-4a7c-9bd0-138be768ab69,14__KEQ__CEL__STC__65,CELANO Kem Que Sữa Tươi Trân Châu Đường Đen 65g,28000.0,0.0,0.0,Cái,1,0,False,False,Kem Que,CELANO,,0.0,0,0,Không đồng bộ,False,0,00000000-0000-0000-0000-000000000000,8.0,65,False,8936011773409,,False,True,00000000-0000-0000-0000-000000000000,0.0,0.0,0.0,0.0
0429573a-5111-44df-ad71-3f37fcaeb62e,14__KEQ__CEL__TCS__75,CELANO Kem Que Trân Châu Sữa Dừa 75g,28000.0,0.0,0.0,Cái,1,0,False,False,Kem Que,CELANO,,0.0,0,0,Không đồng bộ,False,0,00000000-0000-0000-0000-000000000000,8.0,75,False,8936011772419,,False,True,00000000-0000-0000-0000-000000000000,0.0,0.0,0.0,0.0
755de993-04ec-43e8-838c-c0b0a8cf9d2c,14__KEQ__CEL__XOI__60,CELANO Kem Que Xoài 60g,28000.0,0.0,0.0,Cái,1,0,False,False,Kem Que,CELANO,,0.0,0,0,Không đồng bộ,False,0,00000000-0000-0000-0000-000000000000,8.0,60,False,8936011770767,,False,True,00000000-0000-0000-0000-000000000000,0.0,0.0,0.0,0.0
a8cf2956-88c4-4038-9998-4a2186af0e11,14__KEQ__MER__BBP__50,MERINO Kem Que Bánh Bắp 50g,12000.0,0.0,0.0,Cái,1,0,False,False,Kem Que,MERINO,,0.0,0,0,Không đồng bộ,False,0,00000000-0000-0000-0000-000000000000,8.0,50,False,8936011770927,,False,True,00000000-0000-0000-0000-000000000000,0.0,0.0,0.0,0.0
db80d222-2242-4b64-b650-5525c74d4cf3,14__KEQ__MER__CBE__64,MERINO Kem Que Cutie Bear Socola Sữa 64g,18000.0,0.0,0.0,Cái,1,0,False,False,Kem Que,MERINO,,0.0,0,0,Không đồng bộ,False,0,00000000-0000-0000-0000-000000000000,8.0,64,False,8936011775908,,False,True,00000000-0000-0000-0000-000000000000,0.0,0.0,0.0,0.0
4cad9208-c8f0-4f9f-8cde-831fd2eea254,14__KEQ__MER__CHU__85,MERINO Kem Que Chuối Truyền Thống 85g,18000.0,0.0,0.0,Cái,1,0,False,False,Kem Que,MERINO,,0.0,0,0,Không đồng bộ,False,0,00000000-0000-0000-0000-000000000000,8.0,85,False,8936011772808,,False,True,00000000-0000-0000-0000-000000000000,0.0,0.0,0.0,0.0
cbfbe510-7566-4c14-8712-d09dbf3e33b1,14__KEQ__MER__CSO__68,MERINO Kem Que Cacao Socola 68g,15000.0,0.0,0.0,Cái,1,0,False,False,Kem Que,MERINO,,0.0,0,0,Không đồng bộ,False,0,00000000-0000-0000-0000-000000000000,8.0,68,False,8936011775403,,False,True,00000000-0000-0000-0000-000000000000,0.0,0.0,0.0,0.0
184bca70-d50e-4f73-a790-021f05660597,14__KEQ__MER__DHA__62,MERINO Kem Que Dưa Hấu 62g,12000.0,0.0,0.0,Cái,1,0,False,False,Kem Que,MERINO,,0.0,0,0,Không đồng bộ,False,0,00000000-0000-0000-0000-000000000000,8.0,62,False,8936011775724,,False,True,00000000-0000-0000-0000-000000000000,0.0,0.0,0.0,0.0
697ec78a-beb4-4f59-806c-ae00d241a6fa,14__KEQ__MER__DXH__60,MERINO Kem Que Lõi Xốt Đậu Xanh 60g,15000.0,0.0,0.0,Cái,1,0,False,False,Kem Que,MERINO,,0.0,0,0,Không đồng bộ,False,0,00000000-0000-0000-0000-000000000000,8.0,60,False,8936011776578,,False,True,00000000-0000-0000-0000-000000000000,0.0,0.0,0.0,0.0
18423aa7-3b0c-4ece-a19d-9b009af25305,14__KEQ__MER__KMN__60,MERINO Kem Que Lõi Xốt Khoai Môn 60g,15000.0,0.0,0.0,Cái,1,0,False,False,Kem Que,MERINO,,0.0,0,0,Không đồng bộ,False,0,00000000-0000-0000-0000-000000000000,8.0,60,False,8936011776592,,False,True,00000000-0000-0000-0000-000000000000,0.0,0.0,0.0,0.0
41be7c9a-99cb-4f64-9559-99d9a2d2e92d,14__KES__MER__PBT__50,MERINO Kem Sữa Chua Dẻo Phúc Bồn Tử 50g,8000.0,0.0,0.0,Cái,1,0,False,False,Kem Sữa Chua Dẻo,MERINO,,0.0,0,0,Không đồng bộ,False,0,00000000-0000-0000-0000-000000000000,8.0,50,False,8936011779784,,False,True,00000000-0000-0000-0000-000000000000,0.0,0.0,0.0,0.0
a9ed0ac2-51a6-41b6-8ee3-f1745557e615,14__KES__MER__PMI__50,MERINO Kem Sữa Chua Dẻo Phô Mai 50g,8000.0,0.0,0.0,Cái,1,0,False,False,Kem Sữa Chua Dẻo,MERINO,,0.0,0,0,Không đồng bộ,False,0,00000000-0000-0000-0000-000000000000,8.0,50,False,8936011779197,,False,True,00000000-0000-0000-0000-000000000000,0.0,0.0,0.0,0.0
75403e54-6bbf-4c55-a322-e36524ec53d2,ACGVTC401,ALACO Chân Gà Vị Tê Cay 40g,14000.0,0.0,0.0,Cái,1,0,False,False,Chân Gà,ALACO,,0.0,0,0,Không đồng bộ,False,0,00000000-0000-0000-0000-000000000000,8.0,40,False,8938552123101,,False,True,00000000-0000-0000-0000-000000000000,0.0,0.0,0.0,0.0
5d4c084a-d5a8-4329-ae12-9efd71de2b5a,AKSC01,ALPENLIEBE Kẹo Sữa Caramen,8000.0,0.0,0.0,Chiếc,1,0,False,False,,Alpenliebe,,0.0,0,0,Không đồng bộ,False,0,00000000-0000-0000-0000-000000000000,8.0,,False,8935001704188,,False,True,00000000-0000-0000-0000-000000000000,0.0,0.0,0.0,0.0
904bf0fa-51b9-46ba-9139-44979853ae2b,AKXMO01,ALPENLIEBE Kẹo Xoài Muối Ớt,8000.0,0.0,0.0,Chiếc,1,0,False,False,,Alpenliebe,,0.0,0,0,Không đồng bộ,False,0,00000000-0000-0000-0000-000000000000,8.0,,False,8935001714316,,False,True,00000000-0000-0000-0000-000000000000,0.0,0.0,0.0,0.0
be4ebb4b-21fc-49f0-8740-236a6fb090b3,ASMTGXPMT901,ACECOOK SiuKay Mì Trộn Gà Xốt Phô Mai Tô 96g,28000.0,0.0,0.0,Tô,1,0,False,False,Mì Tô,ACECOOK SiuKay,,0.0,0,0,Không đồng bộ,False,0,00000000-0000-0000-0000-000000000000,8.0,96,False,8934563502195,,False,True,00000000-0000-0000-0000-000000000000,0.0,0.0,0.0,0.0
80114511-8724-4195-b722-b0ca2bcb27c9,ATCNV201,ALACO Trứng Cút Ngũ Vị 24g,12000.0,0.0,0.0,Bịch,1,0,False,False,trứng cút,ALACO,,0.0,0,0,Không đồng bộ,False,0,00000000-0000-0000-0000-000000000000,8.0,24,False,8938552123798,,False,True,00000000-0000-0000-0000-000000000000,0.0,0.0,0.0,0.0
52c0f2bb-49b1-414a-8061-ebcc0e02dea0,ATCVMN201,ALACO Trứng Cút Vị Muối Nướng 24g,12000.0,0.0,0.0,Bịch,1,0,False,False,trứng cút,ALACO,,0.0,0,0,Không đồng bộ,False,0,00000000-0000-0000-0000-000000000000,8.0,24,False,8938552123804,,False,True,00000000-0000-0000-0000-000000000000,0.0,0.0,0.0,0.0
45cfce04-5c0e-46b6-b2c2-c90cf33c7e97,BBNPGC101,BATRAFOOD BT Nướng Phủ Gà Cay 140g,54000.0,0.0,0.0,Bịch,1,0,False,False,,BATRAFOOD,,0.0,0,0,Không đồng bộ,False,0,00000000-0000-0000-0000-000000000000,8.0,140,False,8938529066073,,False,True,00000000-0000-0000-0000-000000000000,0.0,0.0,0.0,0.0
5ef193f1-d455-4d32-b70a-139eb4e01b9a,CAKCC3M01,COCA-COLA Aquarius Không Calo Chai 390 ml,12000.0,0.0,0.0,Chai,1,0,False,False,Nước Bù Điện Giải,Coca-Cola,,0.0,0,0,Không đồng bộ,False,0,00000000-0000-0000-0000-000000000000,8.0,390,False,8935049501244,,False,True,00000000-0000-0000-0000-000000000000,0.0,0.0,0.0,0.0
97df2c37-44bc-4d2c-9703-20ef04482997,CBCMMCSN01,COLGATE Bàn Chải Mềm Mảnh Chăm Sóc Nướu,25000.0,0.0,0.0,Cái,1,0,False,False,Chăm Sóc Vệ Sinh Cá Nhân,COLGATE,,0.0,0,0,Không đồng bộ,False,0,00000000-0000-0000-0000-000000000000,8.0,,False,8935236000666,,False,True,00000000-0000-0000-0000-000000000000,0.0,0.0,0.0,0.0
adad992d-6b77-465e-8586-c70bb40648bc,CKDRNSR401,COLGATE Kem Đánh Răng Ngừa Sâu Răng 45g,16000.0,0.0,0.0,Hộp,1,0,False,False,Chăm Sóc Vệ Sinh Cá Nhân,COLGATE,,0.0,0,0,Không đồng bộ,False,0,00000000-0000-0000-0000-000000000000,8.0,45,False,8850006932223,,False,True,00000000-0000-0000-0000-000000000000,0.0,0.0,0.0,0.0
c7633ff0-3419-4f3e-964c-4945d7440878,CKDRTE401,COLGATE Kem Đánh Răng Trẻ Em 40g,37000.0,0.0,0.0,Hộp,1,0,False,False,Chăm Sóc Vệ Sinh Cá Nhân,COLGATE,,0.0,0,0,Không đồng bộ,False,0,00000000-0000-0000-0000-000000000000,8.0,40,False,8850006930977,,False,True,00000000-0000-0000-0000-000000000000,0.0,0.0,0.0,0.0
7eae3a54-7688-11f1-83be-005056b34af7,CKTM,Chiết khấu thương mại,0.0,0.0,0.0,,2,0,False,False,,,,0.0,0,0,Không đồng bộ,False,2,00000000-0000-0000-0000-000000000000,,,False,,,False,True,00000000-0000-0000-0000-000000000000,0.0,0.0,0.0,0.0
ab81811c-48bd-43b9-b7c5-d8d6c3b39a2a,CPMH,Chi phí mua hàng,0.0,0.0,0.0,,2,0,False,False,,,,0.0,0,0,Không đồng bộ,False,1,00000000-0000-0000-0000-000000000000,,,False,,,False,True,00000000-0000-0000-0000-000000000000,0.0,0.0,0.0,0.0
1ad014ce-c33c-4671-9e83-13acee2e3e77,DKBHNS401,DYNAMITE Kẹo Bạc Hà Nhân Socola 42g,10000.0,0.0,0.0,Bịch,1,0,False,False,Kẹo Cứng,Dynamite,,0.0,0,0,Không đồng bộ,False,0,00000000-0000-0000-0000-000000000000,8.0,42,False,8934564100314,,False,True,00000000-0000-0000-0000-000000000000,0.0,0.0,0.0,0.0
c60f3c6d-3d7f-46aa-b0b8-c45327f8d7ff,DTNHC201,DOUBLEMINT Tuýp Ngậm Hương Chanh 23.8g,40000.0,0.0,0.0,Hũ,1,0,False,False,,DOUBLEMINT,,0.0,0,0,Không đồng bộ,False,0,00000000-0000-0000-0000-000000000000,8.0,23,False,8857122621376,,False,True,00000000-0000-0000-0000-000000000000,0.0,0.0,0.0,0.0
6f11771a-fa9b-49a9-9b03-eb652b0725f8,FNHHQHDC201,FRUTIVAL Nước Hạt Húng Quế Hương Dứa Chai 290ml,35000.0,0.0,0.0,Chai,1,0,False,False,Nước Trái Cây,FRUTIVAL,,0.0,0,0,Không đồng bộ,False,0,00000000-0000-0000-0000-000000000000,8.0,,False,8857124866409,,False,True,00000000-0000-0000-0000-000000000000,0.0,0.0,0.0,0.0
2a22ff0d-6af1-4d4e-8763-08d5016c68bc,FNHHQHNC201,FRUTIVAL Nước Hạt Húng Quế Hương Nho Chai 290ml,35000.0,0.0,0.0,Chai,1,0,False,False,Nước Trái Cây,FRUTIVAL,,0.0,0,0,Không đồng bộ,False,0,00000000-0000-0000-0000-000000000000,8.0,,False,8857124866416,,False,True,00000000-0000-0000-0000-000000000000,0.0,0.0,0.0,0.0
ace88d8c-5215-402d-8c1b-eebb80dc4abe,GBTCD901,GIZZA Bánh Tươi Chanh Dây 90g,20000.0,0.0,0.0,Chiếc,1,0,False,False,Bánh Bông Lan,GIZZA,,0.0,0,0,Không đồng bộ,False,0,00000000-0000-0000-0000-000000000000,8.0,,False,893621740337,,False,True,00000000-0000-0000-0000-000000000000,0.0,0.0,0.0,0.0
477b021b-3f72-49ad-8906-bcf8ef9acb93,GCDSKF101,GREEN CROSS DD Sát Khuẩn Fresh 100ml,38000.0,0.0,0.0,Chai,1,0,False,False,,green cross,,0.0,0,0,Không đồng bộ,False,0,00000000-0000-0000-0000-000000000000,8.0,100,False,8936027440722,,False,True,00000000-0000-0000-0000-000000000000,0.0,0.0,0.0,0.0
c3f80cc1-1525-48af-8616-d572ced58e46,GCDXKTX101,GREEN CROSS DD Xát Khuẩn Trà Xanh 100ml,38000.0,0.0,0.0,Chiếc,1,0,False,False,,green cross,,0.0,0,0,Không đồng bộ,False,0,00000000-0000-0000-0000-000000000000,8.0,100,False,8936027440739,,False,True,00000000-0000-0000-0000-000000000000,0.0,0.0,0.0,0.0
971a7510-c44e-4e5c-8b75-dd43c51ccea1,GKSTD01,GOLIA Kẹo Syro Thảo Dược,8000.0,0.0,0.0,Chiếc,1,0,False,False,,,,0.0,0,0,Không đồng bộ,False,0,00000000-0000-0000-0000-000000000000,8.0,,False,8935001704300,,False,True,00000000-0000-0000-0000-000000000000,0.0,0.0,0.0,0.0
7b66e96e-b90e-4a64-ad60-9f4730daa16d,KABQVLM801,KINHDO AFC Bánh Quy Vị Lúa Mì 86g,24000.0,0.0,0.0,Hộp,1,0,False,False,Bánh Quy,Kinh Đô,,0.0,0,0,Không đồng bộ,False,0,00000000-0000-0000-0000-000000000000,8.0,86,False,8934680025959,,False,True,00000000-0000-0000-0000-000000000000,0.0,0.0,0.0,0.0
9e42de89-e637-4db6-96fd-586712094494,KABQVR801,KINHDO AFC Bánh Quy Vị Rau 86g,24000.0,0.0,0.0,Hộp,1,0,False,False,Bánh Quy,Kinh Đô,,0.0,0,0,Không đồng bộ,False,0,00000000-0000-0000-0000-000000000000,8.0,86,False,8934680025966,,False,True,00000000-0000-0000-0000-000000000000,0.0,0.0,0.0,0.0
b7eb4996-15e0-43ce-ba91-5b32b89a19f6,KB11M01,KOTEX Bio-care 15cm 16 miếng,30000.0,0.0,0.0,Bịch,1,0,False,False,Chăm Sóc Vệ Sinh Cá Nhân,KOTEX,,0.0,0,0,Không đồng bộ,False,0,00000000-0000-0000-0000-000000000000,8.0,,False,8935107204278,,False,True,00000000-0000-0000-0000-000000000000,0.0,0.0,0.0,0.0
a7e1f0da-0304-4fcd-b2d2-e402f94fe728,KBQHSM2MT2M01,KOTEX Băng Quần Herbal Size M-L 2 Miếng Tặng 2 Miếng,70000.0,0.0,0.0,Bịch,1,0,False,False,Chăm Sóc Vệ Sinh Cá Nhân,KOTEX,,0.0,0,0,Không đồng bộ,False,0,00000000-0000-0000-0000-000000000000,8.0,,False,8888336040462,,False,True,00000000-0000-0000-0000-000000000000,0.0,0.0,0.0,0.0
28607a3b-e44c-42a4-93d3-c1084d5add9c,KBXSSG101,KITKAT Bánh Xốp Socola Sữa Gói 17g,15000.0,0.0,0.0,Cái,1,0,False,False,,,,0.0,0,0,Không đồng bộ,False,0,00000000-0000-0000-0000-000000000000,8.0,17,False,95506500,,False,True,00000000-0000-0000-0000-000000000000,0.0,0.0,0.0,0.0
54e7b1d8-d03c-4511-b1d3-12011b6fc344,KHAD26M01,KOTEX Hoa Anh Đào 23cm 6 Miếng,20000.0,0.0,0.0,Bịch,1,0,False,False,,KOTEX,,0.0,0,0,Không đồng bộ,False,0,00000000-0000-0000-0000-000000000000,8.0,,False,8935107204247,,False,True,00000000-0000-0000-0000-000000000000,0.0,0.0,0.0,0.0
87d4eb1b-716a-4732-98fc-f9a8d2577b90,KKCPS101,KOPIKO Kẹo Cà Phê Sữa 140g,30000.0,0.0,0.0,Bịch,1,0,False,False,,,,0.0,0,0,Không đồng bộ,False,0,00000000-0000-0000-0000-000000000000,8.0,140,False,8996001320136,,False,True,00000000-0000-0000-0000-000000000000,0.0,0.0,0.0,0.0
e2e70ce0-0ae6-4b42-b6c0-0dcddf4ed614,KMC7CDG101,KORENO Mì Cay 7 Cấp Độ Gói 104g,18000.0,0.0,0.0,Gói,1,0,False,False,,KORENO,,0.0,0,0,Không đồng bộ,False,0,00000000-0000-0000-0000-000000000000,8.0,104,False,8936028644501,,False,True,00000000-0000-0000-0000-000000000000,0.0,0.0,0.0,0.0
1dc03cea-577c-4da2-b658-4463bb373eae,LMSVTBW901,LAYS MAX Snack Vị Thăn Bò Wagyu 90g,30000.0,0.0,0.0,Bịch,1,0,False,False,,LAYS,,0.0,0,0,Không đồng bộ,False,0,00000000-0000-0000-0000-000000000000,8.0,90,False,8936079123833,,False,True,00000000-0000-0000-0000-000000000000,0.0,0.0,0.0,0.0
a0936f37-668a-40e2-98cb-f89af01d9719,LSVKTTNB301,LAYS Snack Vị Khoai Tây Tự Nhiên Bịch 31g,9000.0,0.0,0.0,Bịch,1,0,False,False,,LAYS,,0.0,0,0,Không đồng bộ,False,0,00000000-0000-0000-0000-000000000000,8.0,31,False,8936079120047,,False,True,00000000-0000-0000-0000-000000000000,0.0,0.0,0.0,0.0
5a6dd471-031a-473d-9af8-eed0408d7dc9,LSVPMCB901,LAYS Snack Vị Phô Mai Cheddar Bịch 90g,30000.0,0.0,0.0,Bịch,1,0,False,False,Snack Khoai Tây,LAYS,,0.0,0,0,Không đồng bộ,False,0,00000000-0000-0000-0000-000000000000,8.0,90,False,8936079124236,,False,True,00000000-0000-0000-0000-000000000000,0.0,0.0,0.0,0.0
5834f416-7724-4d64-b24c-5e41519df606,LSVSNBBB301,LAYS Snack Vị Sườn Nướng BBQ Brazil Bịch 31g,10000.0,0.0,0.0,Bịch,1,0,False,False,,,,0.0,0,0,Không đồng bộ,False,0,00000000-0000-0000-0000-000000000000,8.0,31,False,8936079120054,,False,True,00000000-0000-0000-0000-000000000000,0.0,0.0,0.0,0.0
927db869-104f-433f-ade1-2c49366a55d9,LSVTBNB901,LAYS Snack Vị Tảo Biển Nori Bịch 90g,30000.0,0.0,0.0,Bịch,1,0,False,False,Snack Khoai Tây,LAYS,,0.0,0,0,Không đồng bộ,False,0,00000000-0000-0000-0000-000000000000,8.0,90,False,8936079121020,,False,True,00000000-0000-0000-0000-000000000000,0.0,0.0,0.0,0.0
d52028a7-5276-42c0-b4de-b6c092b4c71a,MBQVOCH101,MIX Bánh Que Vị Ớt Cay Hũ 150g,60000.0,0.0,0.0,Hũ,1,0,False,False,,Mix,,0.0,0,0,Không đồng bộ,False,0,00000000-0000-0000-0000-000000000000,8.0,150,False,8858223025049,,False,True,00000000-0000-0000-0000-000000000000,0.0,0.0,0.0,0.0
233ab24e-98b7-403a-a220-ad38005f022d,MBQVTTH101,MIX Bánh Que Vị Truyền Thống Hũ 150g,60000.0,0.0,0.0,Hũ,1,0,False,False,,Mix,,0.0,0,0,Không đồng bộ,False,0,00000000-0000-0000-0000-000000000000,8.0,150,False,8858223025063,,False,True,00000000-0000-0000-0000-000000000000,0.0,0.0,0.0,0.0
e16a0dfd-3cd5-407f-8d76-d90d0b7d85a9,MKMDD401,MERINO Kem Mochi Đậu Đỏ 40g,9000.0,0.0,0.0,Bịch,1,0,False,False,Kem Bánh,MERINO,,0.0,0,0,Không đồng bộ,False,0,00000000-0000-0000-0000-000000000000,8.0,40,False,8936011773812,,False,True,00000000-0000-0000-0000-000000000000,0.0,0.0,0.0,0.0
dba6d912-a31c-4aa9-8094-95b7d7f6f9b9,MKMDX401,MERINO Kem Mochi Đậu Xanh 40g,9000.0,0.0,0.0,Bịch,1,0,False,False,Kem Bánh,MERINO,,0.0,0,0,Không đồng bộ,False,0,00000000-0000-0000-0000-000000000000,8.0,40,False,8936011773829,,False,True,00000000-0000-0000-0000-000000000000,0.0,0.0,0.0,0.0
2cc87f34-4b2b-48e3-9978-8941a53796d9,MKNBH01,MENTOS Kẹo Nhai Bạc Hà,8000.0,0.0,0.0,Chiếc,1,0,False,False,,,,0.0,0,0,Không đồng bộ,False,0,00000000-0000-0000-0000-000000000000,8.0,,False,8935001707165,,False,True,00000000-0000-0000-0000-000000000000,0.0,0.0,0.0,0.0
1cb4ac08-cf04-4088-bb17-ba8ad0b74312,MKNCV01,MENTOS Kẹo Nhai Cầu Vồng,8000.0,0.0,0.0,Chiếc,1,0,False,False,,MENTOS,,0.0,0,0,Không đồng bộ,False,0,00000000-0000-0000-0000-000000000000,8.0,,False,8935001711483,,False,True,00000000-0000-0000-0000-000000000000,0.0,0.0,0.0,0.0
6a8b409f-faf8-4295-baee-a09c54c7f473,MKNKDHCH301,MENTOS Kẹo Ngậm Không Đường Hương Chanh Hũ 35g,48000.0,0.0,0.0,Chiếc,1,0,False,False,,MENTOS,,0.0,0,0,Không đồng bộ,False,0,00000000-0000-0000-0000-000000000000,8.0,35,False,8935001714934,,False,True,00000000-0000-0000-0000-000000000000,0.0,0.0,0.0,0.0
f20f6e9d-0700-4b72-96f1-2b956943e8c5,MKNKDHDH301,MENTOS Kẹo Ngậm Không Đường Hương Đào Hũ 35g,48000.0,0.0,0.0,Chiếc,1,0,False,False,,MENTOS,,0.0,0,0,Không đồng bộ,False,0,00000000-0000-0000-0000-000000000000,8.0,35,False,8935001716235,,False,True,00000000-0000-0000-0000-000000000000,0.0,0.0,0.0,0.0
2df77770-daf8-4f2c-bb66-d6171e790841,MM__GIATSAY__CHANDRAP__1x,GIẶT SẤY Chăn Drap Giường,30000.0,0.0,0.0,Kg,2,0,False,False,Giặt Sấy Mềm Mại,Mềm mại,,0.0,0,0,Không đồng bộ,False,0,00000000-0000-0000-0000-000000000000,8.0,,False,9556149001084,,False,True,00000000-0000-0000-0000-000000000000,0.0,0.0,0.0,0.0
c4e0fc0a-48be-4831-b19a-6a7b3551a9ad,MM__GIATSAY__GAUBONG__1x,GIẶT SẤY Gấu Bông,35000.0,0.0,0.0,Kg,2,0,False,False,Giặt Sấy Mềm Mại,Mềm mại,,0.0,0,0,Không đồng bộ,False,0,00000000-0000-0000-0000-000000000000,8.0,,False,58934588843078,,False,True,00000000-0000-0000-0000-000000000000,0.0,0.0,0.0,0.0
745b1de0-222e-4b2c-9048-21e0f0fed065,MM__GIATSAY__GOI__1x,GIẶT SẤY GỐI,30000.0,0.0,0.0,Kg,2,0,False,False,Giặt Sấy Mềm Mại,Mềm mại,,0.0,0,0,Không đồng bộ,False,0,00000000-0000-0000-0000-000000000000,8.0,,False,58934588843080,,False,True,00000000-0000-0000-0000-000000000000,0.0,0.0,0.0,0.0
9e7d1dd5-ee03-43a7-bf7a-ba5e9af5f581,MM__GIATSAY__PHUTHU__x1,Phụ Thu Giặt Quần Áo,15000.0,0.0,0.0,Lần,2,0,False,False,Giặt Sấy Mềm Mại,Mềm mại,,0.0,0,0,Không đồng bộ,False,0,00000000-0000-0000-0000-000000000000,8.0,,False,9556149001085,,False,True,00000000-0000-0000-0000-000000000000,0.0,0.0,0.0,0.0
f84da7d8-cb0c-44c5-8188-7f5fe1b8bfc1,MM__GIATSAY__QUANAO__10105,GIẶT SẤY Quần Áo Từ 10-10.5Kg,126000.0,0.0,0.0,Lần,2,0,False,False,Giặt Sấy Mềm Mại,Mềm mại,,0.0,0,0,Không đồng bộ,False,0,00000000-0000-0000-0000-000000000000,8.0,,False,58934588843097,,False,True,00000000-0000-0000-0000-000000000000,0.0,0.0,0.0,0.0
6f6965d7-86f1-4731-80f9-0d72f3b3c9c1,MM__GIATSAY__QUANAO__10511,GIẶT SẤY Quần Áo Từ 10.5-11Kg,132000.0,0.0,0.0,Lần,2,0,False,False,Giặt Sấy Mềm Mại,Mềm mại,,0.0,0,0,Không đồng bộ,False,0,00000000-0000-0000-0000-000000000000,8.0,,False,58934588843098,,False,True,00000000-0000-0000-0000-000000000000,0.0,0.0,0.0,0.0
6390827c-9b60-4440-9174-c7f3bfe33f28,MM__GIATSAY__QUANAO__11115,GIẶT SẤY Quần Áo Từ 11-11.5Kg,138000.0,0.0,0.0,Lần,2,0,False,False,Giặt Sấy Mềm Mại,Mềm mại,,0.0,0,0,Không đồng bộ,False,0,00000000-0000-0000-0000-000000000000,8.0,,False,58934588843099,,False,True,00000000-0000-0000-0000-000000000000,0.0,0.0,0.0,0.0
e8571c5f-5432-4ec1-a465-def6a3f7f03b,MM__GIATSAY__QUANAO__11512,GIẶT SẤY Quần Áo Từ 11.5-12Kg,144000.0,0.0,0.0,Lần,2,0,False,False,Giặt Sấy Mềm Mại,Mềm mại,,0.0,0,0,Không đồng bộ,False,0,00000000-0000-0000-0000-000000000000,8.0,,False,58934588843100,,False,True,00000000-0000-0000-0000-000000000000,0.0,0.0,0.0,0.0
e9a235e1-a559-443c-a50a-54248048d4a7,MM__GIATSAY__QUANAO__12125,GIẶT SẤY Quần Áo Từ 12-12.5Kg,150000.0,0.0,0.0,Lần,2,0,False,False,Giặt Sấy Mềm Mại,Mềm mại,,0.0,0,0,Không đồng bộ,False,0,00000000-0000-0000-0000-000000000000,8.0,,False,58934588843090,,False,True,00000000-0000-0000-0000-000000000000,0.0,0.0,0.0,0.0
2920b014-748f-4330-990c-7e88b75ca205,MM__GIATSAY__QUANAO__12513,GIẶT SẤY Quần Áo Từ 12.5-13Kg,156000.0,0.0,0.0,Lần,2,0,False,False,Giặt Sấy Mềm Mại,Mềm mại,,0.0,0,0,Không đồng bộ,False,0,00000000-0000-0000-0000-000000000000,8.0,,False,58934588843275,,False,True,00000000-0000-0000-0000-000000000000,0.0,0.0,0.0,0.0
267dd9a5-9d84-4210-9db9-a5ff6b9d904c,MM__GIATSAY__QUANAO__13,GIẶT SẤY Quần Áo Từ 1-3Kg,40000.0,0.0,0.0,Lần,2,0,False,False,Giặt Sấy Mềm Mại,Mềm mại,,0.0,0,0,Không đồng bộ,False,0,00000000-0000-0000-0000-000000000000,8.0,,False,9556149001072,,False,True,00000000-0000-0000-0000-000000000000,0.0,0.0,0.0,0.0
f45929dc-4d2a-44f8-b25f-faf3b6df88c0,MM__GIATSAY__QUANAO__13135,GIẶT SẤY Quần Áo Từ 13-13.5Kg,162000.0,0.0,0.0,Lần,2,0,False,False,Giặt Sấy Mềm Mại,Mềm mại,,0.0,0,0,Không đồng bộ,False,0,00000000-0000-0000-0000-000000000000,8.0,,False,58934588843276,,False,True,00000000-0000-0000-0000-000000000000,0.0,0.0,0.0,0.0
b427231a-1844-4898-b823-8638b312a01b,MM__GIATSAY__QUANAO__13514,GIẶT SẤY Quần Áo Từ 13.5-14Kg,168000.0,0.0,0.0,Lần,2,0,False,False,Giặt Sấy Mềm Mại,Mềm mại,,0.0,0,0,Không đồng bộ,False,0,00000000-0000-0000-0000-000000000000,8.0,,False,58934588843277,,False,True,00000000-0000-0000-0000-000000000000,0.0,0.0,0.0,0.0
605c137b-da25-44f6-b3b5-1a0d0adb8a0c,MM__GIATSAY__QUANAO__14145,GIẶT SẤY Quần Áo Từ 14-14.5Kg,174000.0,0.0,0.0,Lần,2,0,False,False,Giặt Sấy Mềm Mại,Mềm mại,,0.0,0,0,Không đồng bộ,False,0,00000000-0000-0000-0000-000000000000,8.0,,False,58934588843279,,False,True,00000000-0000-0000-0000-000000000000,0.0,0.0,0.0,0.0
45b1833f-b71c-40fa-adc6-54a2d6c4baf6,MM__GIATSAY__QUANAO__14515,GIẶT SẤY Quần Áo Từ 14.5-15Kg,180000.0,0.0,0.0,Lần,2,0,False,False,Giặt Sấy Mềm Mại,Mềm mại,,0.0,0,0,Không đồng bộ,False,0,00000000-0000-0000-0000-000000000000,8.0,,False,58934588843278,,False,True,00000000-0000-0000-0000-000000000000,0.0,0.0,0.0,0.0
c269a651-1fc7-476e-89e6-cc45eea75cc6,MM__GIATSAY__QUANAO__15155,GIẶT SẤY Quần Áo Từ 15-15.5Kg,186000.0,0.0,0.0,Lần,2,0,False,False,Giặt Sấy Mềm Mại,Mềm mại,,0.0,0,0,Không đồng bộ,False,0,00000000-0000-0000-0000-000000000000,8.0,,False,58934588843280,,False,True,00000000-0000-0000-0000-000000000000,0.0,0.0,0.0,0.0
5b0f1d37-097f-4666-a358-0aeb08d7947c,MM__GIATSAY__QUANAO__15516,GIẶT SẤY Quần Áo Từ 15.5-16Kg,192000.0,0.0,0.0,Lần,2,0,False,False,Giặt Sấy Mềm Mại,Mềm mại,,0.0,0,0,Không đồng bộ,False,0,00000000-0000-0000-0000-000000000000,8.0,,False,58934588843281,,False,True,00000000-0000-0000-0000-000000000000,0.0,0.0,0.0,0.0
c2eb1915-ad04-4cf0-a40a-33a259311e32,MM__GIATSAY__QUANAO__16165,GIẶT SẤY Quần Áo Từ 16-16.5Kg,198000.0,0.0,0.0,Lần,2,0,False,False,Giặt Sấy Mềm Mại,Mềm mại,,0.0,0,0,Không đồng bộ,False,0,00000000-0000-0000-0000-000000000000,8.0,,False,58934588843282,,False,True,00000000-0000-0000-0000-000000000000,0.0,0.0,0.0,0.0
5bfa5438-ae70-4f7e-a543-4c96f4f4a1c2,MM__GIATSAY__QUANAO__16517,GIẶT SẤY Quần Áo Từ 16.5-17Kg,204000.0,0.0,0.0,Lần,2,0,False,False,Giặt Sấy Mềm Mại,Mềm mại,,0.0,0,0,Không đồng bộ,False,0,00000000-0000-0000-0000-000000000000,8.0,,False,58934588843283,,False,True,00000000-0000-0000-0000-000000000000,0.0,0.0,0.0,0.0
5bb854fe-584d-4dd6-851b-f206a1926c91,MM__GIATSAY__QUANAO__17175,GIẶT SẤY Quần Áo Từ 17-17.5Kg,210000.0,0.0,0.0,Lần,2,0,False,False,Giặt Sấy Mềm Mại,Mềm mại,,0.0,0,0,Không đồng bộ,False,0,00000000-0000-0000-0000-000000000000,8.0,,False,58934588843284,,False,True,00000000-0000-0000-0000-000000000000,0.0,0.0,0.0,0.0
2428508b-7043-472f-90d7-bea88a2ff751,MM__GIATSAY__QUANAO__17518,GIẶT SẤY Quần Áo Từ 17.5-18Kg,216000.0,0.0,0.0,Lần,2,0,False,False,Giặt Sấy Mềm Mại,Mềm mại,,0.0,0,0,Không đồng bộ,False,0,00000000-0000-0000-0000-000000000000,8.0,,False,58934588843274,,False,True,00000000-0000-0000-0000-000000000000,0.0,0.0,0.0,0.0
2fe04bdc-1d82-4dc4-a897-88e11878a3cd,MM__GIATSAY__QUANAO__335,GIẶT SẤY Quần Áo Từ 3-3.5Kg,42000.0,0.0,0.0,Lần,2,0,False,False,Giặt Sấy Mềm Mại,Mềm mại,,0.0,0,0,Không đồng bộ,False,0,00000000-0000-0000-0000-000000000000,8.0,,False,58934588843081,,False,True,00000000-0000-0000-0000-000000000000,0.0,0.0,0.0,0.0
597d5422-efac-407a-95f3-a3e9e5b4e8fc,MM__GIATSAY__QUANAO__354,GIẶT SẤY Quần Áo Từ 3.5-4Kg,48000.0,0.0,0.0,Lần,2,0,False,False,Giặt Sấy Mềm Mại,Mềm mại,,0.0,0,0,Không đồng bộ,False,0,00000000-0000-0000-0000-000000000000,8.0,,False,58934588843082,,False,True,00000000-0000-0000-0000-000000000000,0.0,0.0,0.0,0.0
abede7cc-df60-4723-b568-a3ec12991347,MM__GIATSAY__QUANAO__445,GIẶT SẤY Quần Áo Từ 4-4.5Kg,54000.0,0.0,0.0,Lần,2,0,False,False,Giặt Sấy Mềm Mại,Mềm mại,,0.0,0,0,Không đồng bộ,False,0,00000000-0000-0000-0000-000000000000,8.0,,False,58934588843083,,False,True,00000000-0000-0000-0000-000000000000,0.0,0.0,0.0,0.0
34aaba2a-0abc-47fd-8812-ddc4dd72f315,MM__GIATSAY__QUANAO__455,GIẶT SẤY Quần Áo Từ 4.5-5Kg,60000.0,0.0,0.0,Lần,2,0,False,False,Giặt Sấy Mềm Mại,Mềm mại,,0.0,0,0,Không đồng bộ,False,0,00000000-0000-0000-0000-000000000000,8.0,,False,58934588843084,,False,True,00000000-0000-0000-0000-000000000000,0.0,0.0,0.0,0.0
0044a3e6-1ff0-4ee2-b4c7-810aac750984,MM__GIATSAY__QUANAO__555,GIẶT SẤY Quần Áo Từ 5-5.5Kg,66000.0,0.0,0.0,Lần,2,0,False,False,Giặt Sấy Mềm Mại,Mềm mại,,0.0,0,0,Không đồng bộ,False,0,00000000-0000-0000-0000-000000000000,8.0,,False,58934588843085,,False,True,00000000-0000-0000-0000-000000000000,0.0,0.0,0.0,0.0
44b11982-bec9-40f5-9a01-fce6076b969f,MM__GIATSAY__QUANAO__556,GIẶT SẤY Quần Áo Từ 5.5-6Kg,72000.0,0.0,0.0,Lần,2,0,False,False,Giặt Sấy Mềm Mại,Mềm mại,,0.0,0,0,Không đồng bộ,False,0,00000000-0000-0000-0000-000000000000,8.0,,False,58934588843086,,False,True,00000000-0000-0000-0000-000000000000,0.0,0.0,0.0,0.0
a5891638-46d5-484b-95b3-3a83bcabc819,MM__GIATSAY__QUANAO__657,GIẶT SẤY Quần Áo Từ 6.5-7Kg,84000.0,0.0,0.0,Lần,2,0,False,False,Giặt Sấy Mềm Mại,Mềm mại,,0.0,0,0,Không đồng bộ,False,0,00000000-0000-0000-0000-000000000000,8.0,,False,58934588843088,,False,True,00000000-0000-0000-0000-000000000000,0.0,0.0,0.0,0.0
3ee7da06-9025-41d8-b084-e1967e52be84,MM__GIATSAY__QUANAO__665,GIẶT SẤY Quần Áo Từ 6-6.5Kg,78000.0,0.0,0.0,Lần,2,0,False,False,Giặt Sấy Mềm Mại,Mềm mại,,0.0,0,0,Không đồng bộ,False,0,00000000-0000-0000-0000-000000000000,8.0,,False,58934588843087,,False,True,00000000-0000-0000-0000-000000000000,0.0,0.0,0.0,0.0
3921c64e-aad3-4791-aa6c-2459cad0f0b2,MM__GIATSAY__QUANAO__7508,GIẶT SẤY Quần Áo Từ 7.5-8Kg,96000.0,0.0,0.0,Lần,2,0,False,False,Giặt Sấy Mềm Mại,Mềm mại,,0.0,0,0,Không đồng bộ,False,0,00000000-0000-0000-0000-000000000000,8.0,,False,58934588843092,,False,True,00000000-0000-0000-0000-000000000000,0.0,0.0,0.0,0.0
1c4fd81b-e9e6-44cb-9d61-aec279275728,MM__GIATSAY__QUANAO__775,GIẶT SẤY Quần Áo Từ 7-7.5Kg,90000.0,0.0,0.0,Lần,2,0,False,False,Giặt Sấy Mềm Mại,Mềm mại,,0.0,0,0,Không đồng bộ,False,0,00000000-0000-0000-0000-000000000000,8.0,,False,58934588843089,,False,True,00000000-0000-0000-0000-000000000000,0.0,0.0,0.0,0.0
fbf46f3f-97d4-449f-adb0-e3001589e4e3,MM__GIATSAY__QUANAO__859,GIẶT SẤY Quần Áo Từ 8.5-9Kg,108000.0,0.0,0.0,Lần,2,0,False,False,Giặt Sấy Mềm Mại,Mềm mại,,0.0,0,0,Không đồng bộ,False,0,00000000-0000-0000-0000-000000000000,8.0,,False,58934588843094,,False,True,00000000-0000-0000-0000-000000000000,0.0,0.0,0.0,0.0
4fe2ea9c-fe88-49d3-b2bc-82c25bf78238,MM__GIATSAY__QUANAO__885,GIẶT SẤY Quần Áo Từ 8-8.5Kg,102000.0,0.0,0.0,Lần,2,0,False,False,Giặt Sấy Mềm Mại,Mềm mại,,0.0,0,0,Không đồng bộ,False,0,00000000-0000-0000-0000-000000000000,8.0,,False,58934588843093,,False,True,00000000-0000-0000-0000-000000000000,0.0,0.0,0.0,0.0
c5d503b4-58df-457c-bfb6-765f356c5104,MM__GIATSAY__QUANAO__9510,GIẶT SẤY Quần Áo Từ 9.5-10Kg,120000.0,0.0,0.0,Lần,2,0,False,False,Giặt Sấy Mềm Mại,Mềm mại,,0.0,0,0,Không đồng bộ,False,0,00000000-0000-0000-0000-000000000000,8.0,,False,58934588843096,,False,True,00000000-0000-0000-0000-000000000000,0.0,0.0,0.0,0.0
30adfb0b-d350-4f25-a0d3-849dffa8a8c7,MM__GIATSAY__QUANAO__995,GIẶT SẤY Quần Áo Từ 9-9.5Kg,114000.0,0.0,0.0,Lần,2,0,False,False,Giặt Sấy Mềm Mại,Mềm mại,,0.0,0,0,Không đồng bộ,False,0,00000000-0000-0000-0000-000000000000,8.0,,False,58934588843095,,False,True,00000000-0000-0000-0000-000000000000,0.0,0.0,0.0,0.0
b49f0d08-99ff-447a-9c1c-c3399fb7b1e9,MM__GIATSAY__REMCUA__1x,GIẶT SẤY Rèm Cửa,40000.0,0.0,0.0,Kg,2,0,False,False,Giặt Sấy Mềm Mại,Mềm mại,,0.0,0,0,Không đồng bộ,False,0,00000000-0000-0000-0000-000000000000,8.0,,False,58934588843077,,False,True,00000000-0000-0000-0000-000000000000,0.0,0.0,0.0,0.0
84f579e9-4257-4505-97d8-2de762f7b1fd,MM__GIATSAY__SAY__3,SẤY Quần Áo <3Kg,25000.0,0.0,0.0,Lần,2,0,False,False,Giặt Sấy Mềm Mại,Mềm mại,,0.0,0,0,Không đồng bộ,False,0,00000000-0000-0000-0000-000000000000,8.0,,False,58934588843110,,False,True,00000000-0000-0000-0000-000000000000,0.0,0.0,0.0,0.0
b4a23bb4-26b2-4755-83a9-756d0a75f7b8,MM__GIATSAY__SAY__335,SẤY Quần Áo 3-3.5Kg,30000.0,0.0,0.0,Lần,2,0,False,False,Giặt Sấy Mềm Mại,Mềm mại,,0.0,0,0,Không đồng bộ,False,0,00000000-0000-0000-0000-000000000000,8.0,,False,58934588843101,,False,True,00000000-0000-0000-0000-000000000000,0.0,0.0,0.0,0.0
79a55e4c-4afb-4c6f-a093-51b1ed2d6576,MM__GIATSAY__SAY__354,SẤY Quần Áo 3.5-4Kg,35000.0,0.0,0.0,Lần,2,0,False,False,Giặt Sấy Mềm Mại,Mềm mại,,0.0,0,0,Không đồng bộ,False,0,00000000-0000-0000-0000-000000000000,8.0,,False,58934588843109,,False,True,00000000-0000-0000-0000-000000000000,0.0,0.0,0.0,0.0
fe66e83c-d655-443f-bb7e-15dcb641c5b4,MM__GIATSAY__SAY__445,SẤY Quần Áo 4-4.5Kg,40000.0,0.0,0.0,Lần,2,0,False,False,Giặt Sấy Mềm Mại,Mềm mại,,0.0,0,0,Không đồng bộ,False,0,00000000-0000-0000-0000-000000000000,8.0,,False,58934588843111,,False,True,00000000-0000-0000-0000-000000000000,0.0,0.0,0.0,0.0
d2ca0d6d-e9f6-422e-a252-4df92244547b,MM__GIATSAY__SAY__455,SẤY Quần Áo 4.5-5Kg,45000.0,0.0,0.0,Lần,2,0,False,False,Giặt Sấy Mềm Mại,Mềm mại,,0.0,0,0,Không đồng bộ,False,0,00000000-0000-0000-0000-000000000000,8.0,,False,58934588843112,,False,True,00000000-0000-0000-0000-000000000000,0.0,0.0,0.0,0.0
23a6c2c5-f098-41ef-b991-1b8abd0a5d19,MM__GIATSAY__TAYO__x1,Tẩy Ố/ Tẩy Trắng,25000.0,0.0,0.0,Lần,2,0,False,False,Giặt Sấy Mềm Mại,Mềm mại,,0.0,0,0,Không đồng bộ,False,0,00000000-0000-0000-0000-000000000000,8.0,,False,9556149001090,,False,True,00000000-0000-0000-0000-000000000000,0.0,0.0,0.0,0.0
3e17c4cb-3acd-46d2-8493-3dbba194e0a8,MM__GIATSAY__TOPPER__1x,GIẶT SẤY Topper,40000.0,0.0,0.0,Kg,2,0,False,False,Giặt Sấy Mềm Mại,Mềm mại,,0.0,0,0,Không đồng bộ,False,0,00000000-0000-0000-0000-000000000000,8.0,,False,58934588843076,,False,True,00000000-0000-0000-0000-000000000000,0.0,0.0,0.0,0.0
a1bca05d-823c-4898-868e-ae1a544ba86c,MM__GIATSAY__VOCHANDRAP__1x,GIẶT SẤY Vỏ Chăn Drap Gối,25000.0,0.0,0.0,Kg,2,0,False,False,Giặt Sấy Mềm Mại,Mềm mại,,0.0,0,0,Không đồng bộ,False,0,00000000-0000-0000-0000-000000000000,8.0,,False,58934588843102,,False,True,00000000-0000-0000-0000-000000000000,0.0,0.0,0.0,0.0
85a0d8ae-2085-4649-a41b-2dee82210ba3,MM__SAYGAP__CHANDRAP__1,SẤY GẤP Chăn Drap Mền,20000.0,0.0,0.0,Kg,2,0,False,False,Giặt Sấy Mềm Mại,Mềm mại,,0.0,0,0,Không đồng bộ,False,0,00000000-0000-0000-0000-000000000000,10.0,,False,58934588843294,,False,True,00000000-0000-0000-0000-000000000000,0.0,0.0,0.0,0.0
723351b6-828b-46f5-9436-6d8354e83fe2,MM__SAYGAP__CHANDRAP__45,SẤY GẤP Chăn Drap 4-5Kg,65000.0,0.0,0.0,Lần,2,0,False,False,,Mềm mại,,0.0,0,0,Không đồng bộ,False,0,00000000-0000-0000-0000-000000000000,10.0,,False,18936236470464,,False,True,00000000-0000-0000-0000-000000000000,0.0,0.0,0.0,0.0
733ed8cd-e3ed-4bb9-bc0f-125f40c5de36,OSPNCDCPTZ701,OISHI Snack Pillows Nhân Cốt Dừa Cà Phê Túi Zip 75g,16000.0,0.0,0.0,Bịch,1,0,False,False,Snack Khác,OISHI,,0.0,0,0,Không đồng bộ,False,0,00000000-0000-0000-0000-000000000000,8.0,75,False,8934803052053,,False,True,00000000-0000-0000-0000-000000000000,0.0,0.0,0.0,0.0
4d30b6e9-dc07-4987-8c65-fa069c398397,PSC501,POCARI Sweat Chai 500ml,22000.0,0.0,0.0,Chai,1,0,False,False,Nước Bù Điện Giải,POCARI,,0.0,0,0,Không đồng bộ,False,0,00000000-0000-0000-0000-000000000000,8.0,500,False,8938556329004,,False,True,00000000-0000-0000-0000-000000000000,0.0,0.0,0.0,0.0
3477952a-2689-4fa9-8bb3-43c83f9882aa,TSCVQ101,THTrue Sữa Chua Việt Quất 100g,12000.0,0.0,0.0,Hộp,1,0,False,False,Sữa Chua Ăn,THTruemilk,,0.0,0,0,Không đồng bộ,False,0,00000000-0000-0000-0000-000000000000,8.0,100,False,8935217410507,,False,True,00000000-0000-0000-0000-000000000000,0.0,0.0,0.0,0.0
0c71a2bb-413d-4a18-8da6-4e5e7d30fa72,VSDOT401,VINAMILK Sữa Đặc Ông Thọ 40g,10000.0,0.0,0.0,Chiếc,1,0,False,False,Sữa Đặc,VINAMILK,,0.0,0,0,Không đồng bộ,False,0,00000000-0000-0000-0000-000000000000,8.0,40,False,8934673302814,,False,True,00000000-0000-0000-0000-000000000000,0.0,0.0,0.0,0.0
ad312f34-cb7b-46ae-a4fa-1c4d60882d22,ZBGVBMO601,ZENNUT Bắp Giòn Vị Bơ Mật Ong 60g,30000.0,0.0,0.0,Chiếc,1,0,False,False,,zennut,,0.0,0,0,Không đồng bộ,False,0,00000000-0000-0000-0000-000000000000,8.0,,False,8936241860245,,False,True,00000000-0000-0000-0000-000000000000,0.0,0.0,0.0,0.0
501956ce-1adc-45a1-9fb0-d32ce704fecf,ZBGVBX601,ZENNUT Bắp Giòn Vị Biển Xanh 60g,30000.0,0.0,0.0,Chiếc,1,0,False,False,,zennut,,0.0,0,0,Không đồng bộ,False,0,00000000-0000-0000-0000-000000000000,8.0,,False,8936241860269,,False,True,00000000-0000-0000-0000-000000000000,0.0,0.0,0.0,0.0
98f497a6-e345-4f40-a0db-66c038f5a91e,ZBGVZ601,ZENNUT Bắp Giòn Vị Zin 60g,30000.0,0.0,0.0,Chiếc,1,0,False,False,,zennut,,0.0,0,0,Không đồng bộ,False,0,00000000-0000-0000-0000-000000000000,8.0,,False,8936241860238,,False,True,00000000-0000-0000-0000-000000000000,0.0,0.0,0.0,0.0
894d58b9-e75f-4830-9fa2-6880f1ad0abb,ZHDDMD301,ZENNUT Hạt Dinh Dưỡng Mix Dừa 30g,15000.0,0.0,0.0,Chiếc,1,0,False,False,,,,0.0,0,0,Không đồng bộ,False,0,00000000-0000-0000-0000-000000000000,8.0,,False,8936241860016,,False,True,00000000-0000-0000-0000-000000000000,0.0,0.0,0.0,0.0
