session_id,inventory_item_code,inventory_item_name,unit_name,stock_name,opening_quantity,opening_amount,inward_quantity,inward_amount,outward_quantity,outward_amount,closing_quantity,closing_amount,detail_id,is_parent,inventory_item_id,parent_id,grade,is_bold,inventory_summary_report_id,inventory_item_code_parent,inventory_item_name_parent,inventory_item_category_name,brand_name,vendor_name_list,stock_id,branch_id,branch_name
b8468f8e-8ef4-11f1-9b18-005056b2a5de,01__BLO__BLC__164__250,1664 BLANC Bia Lon 250ml,Lon,Tổng,21.0,,0.0,,34.0,,-13.0,,1,1,9ee9512e-33d3-4980-9b3a-18657fde9a32,,1,True,b985bc98-8ef4-11f1-9b18-005056b2a5de,01__BLO__BLC__164__250,1664 BLANC Bia Lon 250ml,Bia Lon,1664 BLANC,,,a38f9189-ad87-11ef-a35e-005056b28600,
b8468f8e-8ef4-11f1-9b18-005056b2a5de,01__BLO__BLC__164__250,Kho Kệ,Lon,Kho Kệ,21.0,,0.0,,34.0,,-13.0,,2,0,9ee9512e-33d3-4980-9b3a-18657fde9a32,9ee9512e-33d3-4980-9b3a-18657fde9a32,2,False,b985c51d-8ef4-11f1-9b18-005056b2a5de,01__BLO__BLC__164__250,1664 BLANC Bia Lon 250ml,Bia Lon,1664 BLANC,,aca0e3b9-1e75-496e-84ff-e96c9084f53f,a38f9189-ad87-11ef-a35e-005056b28600,CÔNG TY TNHH THƯƠNG MẠI VÀ DỊCH VỤ MIRA GROUP
b8468f8e-8ef4-11f1-9b18-005056b2a5de,01__BLO__BLC__164__330,1664 BLANC Bia Lon 330ml,Lon,Tổng,24.0,,0.0,,0.0,,24.0,,3,1,9dffea9a-1e7d-47a6-b704-38830a21e33c,,1,True,b985c6d1-8ef4-11f1-9b18-005056b2a5de,01__BLO__BLC__164__330,1664 BLANC Bia Lon 330ml,Bia Lon,1664 BLANC,CÔNG TY TNHH MM MEGA MARKET (VIỆT NAM),,a38f9189-ad87-11ef-a35e-005056b28600,
b8468f8e-8ef4-11f1-9b18-005056b2a5de,01__BLO__BLC__164__330,Kho MIRA,Lon,Kho MIRA,24.0,,0.0,,0.0,,24.0,,4,0,9dffea9a-1e7d-47a6-b704-38830a21e33c,9dffea9a-1e7d-47a6-b704-38830a21e33c,2,False,b985c83d-8ef4-11f1-9b18-005056b2a5de,01__BLO__BLC__164__330,1664 BLANC Bia Lon 330ml,Bia Lon,1664 BLANC,CÔNG TY TNHH MM MEGA MARKET (VIỆT NAM),485b5d06-306c-11f0-b467-005056b34af7,a38f9189-ad87-11ef-a35e-005056b28600,CÔNG TY TNHH THƯƠNG MẠI VÀ DỊCH VỤ MIRA GROUP
b8468f8e-8ef4-11f1-9b18-005056b2a5de,01__BLO__BUD__LON__250,BUDWEISER Bia Lon 250ml,Lon,Tổng,34.0,,24.0,,47.0,,11.0,,5,1,980e2373-eba1-4c90-8a9b-568c576f3f2c,,1,True,b985c949-8ef4-11f1-9b18-005056b2a5de,01__BLO__BUD__LON__250,BUDWEISER Bia Lon 250ml,Bia Lon,BUDWEISER,,,a38f9189-ad87-11ef-a35e-005056b28600,
b8468f8e-8ef4-11f1-9b18-005056b2a5de,01__BLO__BUD__LON__250,Kho Kệ,Lon,Kho Kệ,-14.0,,24.0,,47.0,,-37.0,,6,0,980e2373-eba1-4c90-8a9b-568c576f3f2c,980e2373-eba1-4c90-8a9b-568c576f3f2c,2,False,b985ca4b-8ef4-11f1-9b18-005056b2a5de,01__BLO__BUD__LON__250,BUDWEISER Bia Lon 250ml,Bia Lon,BUDWEISER,,aca0e3b9-1e75-496e-84ff-e96c9084f53f,a38f9189-ad87-11ef-a35e-005056b28600,CÔNG TY TNHH THƯƠNG MẠI VÀ DỊCH VỤ MIRA GROUP
b8468f8e-8ef4-11f1-9b18-005056b2a5de,01__BLO__BUD__LON__250,Kho MIRA,Lon,Kho MIRA,48.0,,0.0,,0.0,,48.0,,7,0,980e2373-eba1-4c90-8a9b-568c576f3f2c,980e2373-eba1-4c90-8a9b-568c576f3f2c,2,False,b985cb33-8ef4-11f1-9b18-005056b2a5de,01__BLO__BUD__LON__250,BUDWEISER Bia Lon 250ml,Bia Lon,BUDWEISER,,485b5d06-306c-11f0-b467-005056b34af7,a38f9189-ad87-11ef-a35e-005056b28600,CÔNG TY TNHH THƯƠNG MẠI VÀ DỊCH VỤ MIRA GROUP
b8468f8e-8ef4-11f1-9b18-005056b2a5de,01__BLO__CAR__LON__330,CARLSBERG Bia Lon 330ml,Lon,Tổng,29.0,,0.0,,21.0,,8.0,,8,1,a218506b-981c-40c4-b958-05d2c459f168,,1,True,b985cc1b-8ef4-11f1-9b18-005056b2a5de,01__BLO__CAR__LON__330,CARLSBERG Bia Lon 330ml,Bia Lon,CARLSBERG,,,a38f9189-ad87-11ef-a35e-005056b28600,
b8468f8e-8ef4-11f1-9b18-005056b2a5de,01__BLO__CAR__LON__330,Kho Kệ,Lon,Kho Kệ,5.0,,0.0,,21.0,,-16.0,,9,0,a218506b-981c-40c4-b958-05d2c459f168,a218506b-981c-40c4-b958-05d2c459f168,2,False,b985ccfc-8ef4-11f1-9b18-005056b2a5de,01__BLO__CAR__LON__330,CARLSBERG Bia Lon 330ml,Bia Lon,CARLSBERG,,aca0e3b9-1e75-496e-84ff-e96c9084f53f,a38f9189-ad87-11ef-a35e-005056b28600,CÔNG TY TNHH THƯƠNG MẠI VÀ DỊCH VỤ MIRA GROUP
b8468f8e-8ef4-11f1-9b18-005056b2a5de,01__BLO__CAR__LON__330,Kho MIRA,Lon,Kho MIRA,24.0,,0.0,,0.0,,24.0,,10,0,a218506b-981c-40c4-b958-05d2c459f168,a218506b-981c-40c4-b958-05d2c459f168,2,False,b985cdd7-8ef4-11f1-9b18-005056b2a5de,01__BLO__CAR__LON__330,CARLSBERG Bia Lon 330ml,Bia Lon,CARLSBERG,,485b5d06-306c-11f0-b467-005056b34af7,a38f9189-ad87-11ef-a35e-005056b28600,CÔNG TY TNHH THƯƠNG MẠI VÀ DỊCH VỤ MIRA GROUP
b8468f8e-8ef4-11f1-9b18-005056b2a5de,01__BLO__HGD__ROS__250,HOEGAARDEN Rose Bia Lon 250ml,Lon,Tổng,30.0,,24.0,,16.0,,38.0,,11,1,03e92136-95f9-450c-8cef-5f9f1507c702,,1,True,b985cec5-8ef4-11f1-9b18-005056b2a5de,01__BLO__HGD__ROS__250,HOEGAARDEN Rose Bia Lon 250ml,Bia Lon,HOEGAARDEN,,,a38f9189-ad87-11ef-a35e-005056b28600,
b8468f8e-8ef4-11f1-9b18-005056b2a5de,01__BLO__HGD__ROS__250,Kho Kệ,Lon,Kho Kệ,6.0,,24.0,,16.0,,14.0,,12,0,03e92136-95f9-450c-8cef-5f9f1507c702,03e92136-95f9-450c-8cef-5f9f1507c702,2,False,b985cf95-8ef4-11f1-9b18-005056b2a5de,01__BLO__HGD__ROS__250,HOEGAARDEN Rose Bia Lon 250ml,Bia Lon,HOEGAARDEN,,aca0e3b9-1e75-496e-84ff-e96c9084f53f,a38f9189-ad87-11ef-a35e-005056b28600,CÔNG TY TNHH THƯƠNG MẠI VÀ DỊCH VỤ MIRA GROUP
b8468f8e-8ef4-11f1-9b18-005056b2a5de,01__BLO__HGD__ROS__250,Kho MIRA,Lon,Kho MIRA,24.0,,0.0,,0.0,,24.0,,13,0,03e92136-95f9-450c-8cef-5f9f1507c702,03e92136-95f9-450c-8cef-5f9f1507c702,2,False,b985d06a-8ef4-11f1-9b18-005056b2a5de,01__BLO__HGD__ROS__250,HOEGAARDEN Rose Bia Lon 250ml,Bia Lon,HOEGAARDEN,,485b5d06-306c-11f0-b467-005056b34af7,a38f9189-ad87-11ef-a35e-005056b28600,CÔNG TY TNHH THƯƠNG MẠI VÀ DỊCH VỤ MIRA GROUP
b8468f8e-8ef4-11f1-9b18-005056b2a5de,01__BLO__HGD__TRG__250,HOEGAARDEN White Bia Lon 250ml,Lon,Tổng,22.0,,48.0,,13.0,,57.0,,14,1,f2a0a540-7766-46e5-91be-d64f9c2c0fe4,,1,True,b985d1f9-8ef4-11f1-9b18-005056b2a5de,01__BLO__HGD__TRG__250,HOEGAARDEN White Bia Lon 250ml,Bia Lon,HOEGAARDEN,,,a38f9189-ad87-11ef-a35e-005056b28600,
b8468f8e-8ef4-11f1-9b18-005056b2a5de,01__BLO__HGD__TRG__250,Kho Kệ,Lon,Kho Kệ,-2.0,,48.0,,13.0,,33.0,,15,0,f2a0a540-7766-46e5-91be-d64f9c2c0fe4,f2a0a540-7766-46e5-91be-d64f9c2c0fe4,2,False,b985d30d-8ef4-11f1-9b18-005056b2a5de,01__BLO__HGD__TRG__250,HOEGAARDEN White Bia Lon 250ml,Bia Lon,HOEGAARDEN,,aca0e3b9-1e75-496e-84ff-e96c9084f53f,a38f9189-ad87-11ef-a35e-005056b28600,CÔNG TY TNHH THƯƠNG MẠI VÀ DỊCH VỤ MIRA GROUP
b8468f8e-8ef4-11f1-9b18-005056b2a5de,01__BLO__HGD__TRG__250,Kho MIRA,Lon,Kho MIRA,24.0,,0.0,,0.0,,24.0,,16,0,f2a0a540-7766-46e5-91be-d64f9c2c0fe4,f2a0a540-7766-46e5-91be-d64f9c2c0fe4,2,False,b985d3f4-8ef4-11f1-9b18-005056b2a5de,01__BLO__HGD__TRG__250,HOEGAARDEN White Bia Lon 250ml,Bia Lon,HOEGAARDEN,,485b5d06-306c-11f0-b467-005056b34af7,a38f9189-ad87-11ef-a35e-005056b28600,CÔNG TY TNHH THƯƠNG MẠI VÀ DỊCH VỤ MIRA GROUP
b8468f8e-8ef4-11f1-9b18-005056b2a5de,01__BLO__KEN__BAC__250,HEINEKEN Bạc Bia Lon 250ml,Lon,Tổng,42.0,,240.0,,184.0,,98.0,,17,1,f5428d74-046d-4429-93f0-abd0b3d6674e,,1,True,b985d4e3-8ef4-11f1-9b18-005056b2a5de,01__BLO__KEN__BAC__250,HEINEKEN Bạc Bia Lon 250ml,Bia Lon,HEINEKEN,,,a38f9189-ad87-11ef-a35e-005056b28600,
b8468f8e-8ef4-11f1-9b18-005056b2a5de,01__BLO__KEN__BAC__250,Kho Kệ,Lon,Kho Kệ,-174.0,,120.0,,184.0,,-238.0,,18,0,f5428d74-046d-4429-93f0-abd0b3d6674e,f5428d74-046d-4429-93f0-abd0b3d6674e,2,False,b985d5b5-8ef4-11f1-9b18-005056b2a5de,01__BLO__KEN__BAC__250,HEINEKEN Bạc Bia Lon 250ml,Bia Lon,HEINEKEN,,aca0e3b9-1e75-496e-84ff-e96c9084f53f,a38f9189-ad87-11ef-a35e-005056b28600,CÔNG TY TNHH THƯƠNG MẠI VÀ DỊCH VỤ MIRA GROUP
b8468f8e-8ef4-11f1-9b18-005056b2a5de,01__BLO__KEN__BAC__250,Kho MIRA,Lon,Kho MIRA,216.0,,120.0,,0.0,,336.0,,19,0,f5428d74-046d-4429-93f0-abd0b3d6674e,f5428d74-046d-4429-93f0-abd0b3d6674e,2,False,b985d697-8ef4-11f1-9b18-005056b2a5de,01__BLO__KEN__BAC__250,HEINEKEN Bạc Bia Lon 250ml,Bia Lon,HEINEKEN,,485b5d06-306c-11f0-b467-005056b34af7,a38f9189-ad87-11ef-a35e-005056b28600,CÔNG TY TNHH THƯƠNG MẠI VÀ DỊCH VỤ MIRA GROUP
b8468f8e-8ef4-11f1-9b18-005056b2a5de,01__BLO__KEN__BAC__330,HEINEKEN Bạc Bia Lon 330ml,Lon,Tổng,86.0,,240.0,,242.0,,84.0,,20,1,11374cb3-13e5-4cf6-bbf8-367eb2a8ca5b,,1,True,b985d76a-8ef4-11f1-9b18-005056b2a5de,01__BLO__KEN__BAC__330,HEINEKEN Bạc Bia Lon 330ml,Bia Lon,HEINEKEN,,,a38f9189-ad87-11ef-a35e-005056b28600,
b8468f8e-8ef4-11f1-9b18-005056b2a5de,01__BLO__KEN__BAC__330,Kho Kệ,Lon,Kho Kệ,-10.0,,120.0,,242.0,,-132.0,,21,0,11374cb3-13e5-4cf6-bbf8-367eb2a8ca5b,11374cb3-13e5-4cf6-bbf8-367eb2a8ca5b,2,False,b985d899-8ef4-11f1-9b18-005056b2a5de,01__BLO__KEN__BAC__330,HEINEKEN Bạc Bia Lon 330ml,Bia Lon,HEINEKEN,,aca0e3b9-1e75-496e-84ff-e96c9084f53f,a38f9189-ad87-11ef-a35e-005056b28600,CÔNG TY TNHH THƯƠNG MẠI VÀ DỊCH VỤ MIRA GROUP
b8468f8e-8ef4-11f1-9b18-005056b2a5de,01__BLO__KEN__BAC__330,Kho MIRA,Lon,Kho MIRA,96.0,,120.0,,0.0,,216.0,,22,0,11374cb3-13e5-4cf6-bbf8-367eb2a8ca5b,11374cb3-13e5-4cf6-bbf8-367eb2a8ca5b,2,False,b985d979-8ef4-11f1-9b18-005056b2a5de,01__BLO__KEN__BAC__330,HEINEKEN Bạc Bia Lon 330ml,Bia Lon,HEINEKEN,,485b5d06-306c-11f0-b467-005056b34af7,a38f9189-ad87-11ef-a35e-005056b28600,CÔNG TY TNHH THƯƠNG MẠI VÀ DỊCH VỤ MIRA GROUP
b8468f8e-8ef4-11f1-9b18-005056b2a5de,01__BLO__SAP__LON__330,SAPPORO Bia Lon 330ml,Lon,Tổng,58.0,,0.0,,41.0,,17.0,,23,1,32da260b-e5dd-4314-86ae-1e0fc63ffb48,,1,True,b985da45-8ef4-11f1-9b18-005056b2a5de,01__BLO__SAP__LON__330,SAPPORO Bia Lon 330ml,Bia Lon,SAPPORO,,,a38f9189-ad87-11ef-a35e-005056b28600,
b8468f8e-8ef4-11f1-9b18-005056b2a5de,01__BLO__SAP__LON__330,Kho Kệ,Lon,Kho Kệ,10.0,,0.0,,41.0,,-31.0,,24,0,32da260b-e5dd-4314-86ae-1e0fc63ffb48,32da260b-e5dd-4314-86ae-1e0fc63ffb48,2,False,b985db0f-8ef4-11f1-9b18-005056b2a5de,01__BLO__SAP__LON__330,SAPPORO Bia Lon 330ml,Bia Lon,SAPPORO,,aca0e3b9-1e75-496e-84ff-e96c9084f53f,a38f9189-ad87-11ef-a35e-005056b28600,CÔNG TY TNHH THƯƠNG MẠI VÀ DỊCH VỤ MIRA GROUP
b8468f8e-8ef4-11f1-9b18-005056b2a5de,01__BLO__SAP__LON__330,Kho MIRA,Lon,Kho MIRA,48.0,,0.0,,0.0,,48.0,,25,0,32da260b-e5dd-4314-86ae-1e0fc63ffb48,32da260b-e5dd-4314-86ae-1e0fc63ffb48,2,False,b985dbe7-8ef4-11f1-9b18-005056b2a5de,01__BLO__SAP__LON__330,SAPPORO Bia Lon 330ml,Bia Lon,SAPPORO,,485b5d06-306c-11f0-b467-005056b34af7,a38f9189-ad87-11ef-a35e-005056b28600,CÔNG TY TNHH THƯƠNG MẠI VÀ DỊCH VỤ MIRA GROUP
b8468f8e-8ef4-11f1-9b18-005056b2a5de,01__BLO__SAP__PRE__330,SAPPORO Premium 100 Bia Lon 330ml,Lon,Tổng,24.0,,0.0,,0.0,,24.0,,26,1,1c6a4f7f-23a9-4ba7-a2e7-46d84a3cddbb,,1,True,b985dcc5-8ef4-11f1-9b18-005056b2a5de,01__BLO__SAP__PRE__330,SAPPORO Premium 100 Bia Lon 330ml,Bia Lon,SAPPORO,,,a38f9189-ad87-11ef-a35e-005056b28600,
b8468f8e-8ef4-11f1-9b18-005056b2a5de,01__BLO__SAP__PRE__330,Kho Kệ,Lon,Kho Kệ,24.0,,0.0,,0.0,,24.0,,27,0,1c6a4f7f-23a9-4ba7-a2e7-46d84a3cddbb,1c6a4f7f-23a9-4ba7-a2e7-46d84a3cddbb,2,False,b985dd94-8ef4-11f1-9b18-005056b2a5de,01__BLO__SAP__PRE__330,SAPPORO Premium 100 Bia Lon 330ml,Bia Lon,SAPPORO,,aca0e3b9-1e75-496e-84ff-e96c9084f53f,a38f9189-ad87-11ef-a35e-005056b28600,CÔNG TY TNHH THƯƠNG MẠI VÀ DỊCH VỤ MIRA GROUP
b8468f8e-8ef4-11f1-9b18-005056b2a5de,01__BLO__SGN__LON__330,SAIGON Bia Lon 330ml,Lon,Tổng,31.0,,360.0,,313.0,,78.0,,28,1,0fcd9987-409e-468d-8ab2-5d77d086f697,,1,True,b985de6e-8ef4-11f1-9b18-005056b2a5de,01__BLO__SGN__LON__330,SAIGON Bia Lon 330ml,Bia Lon,SAIGON,,,a38f9189-ad87-11ef-a35e-005056b28600,
b8468f8e-8ef4-11f1-9b18-005056b2a5de,01__BLO__SGN__LON__330,Kho Kệ,Lon,Kho Kệ,-189.0,,120.0,,313.0,,-382.0,,29,0,0fcd9987-409e-468d-8ab2-5d77d086f697,0fcd9987-409e-468d-8ab2-5d77d086f697,2,False,b985df36-8ef4-11f1-9b18-005056b2a5de,01__BLO__SGN__LON__330,SAIGON Bia Lon 330ml,Bia Lon,SAIGON,,aca0e3b9-1e75-496e-84ff-e96c9084f53f,a38f9189-ad87-11ef-a35e-005056b28600,CÔNG TY TNHH THƯƠNG MẠI VÀ DỊCH VỤ MIRA GROUP
b8468f8e-8ef4-11f1-9b18-005056b2a5de,01__BLO__SGN__LON__330,Kho MIRA,Lon,Kho MIRA,220.0,,240.0,,0.0,,460.0,,30,0,0fcd9987-409e-468d-8ab2-5d77d086f697,0fcd9987-409e-468d-8ab2-5d77d086f697,2,False,b985e01e-8ef4-11f1-9b18-005056b2a5de,01__BLO__SGN__LON__330,SAIGON Bia Lon 330ml,Bia Lon,SAIGON,,485b5d06-306c-11f0-b467-005056b34af7,a38f9189-ad87-11ef-a35e-005056b28600,CÔNG TY TNHH THƯƠNG MẠI VÀ DỊCH VỤ MIRA GROUP
b8468f8e-8ef4-11f1-9b18-005056b2a5de,01__BLO__TIG__BAC__250,TIGER Bạc Bia Lon 250ml,Lon,Tổng,61.0,,192.0,,74.0,,179.0,,31,1,f298b5d8-addd-410a-8190-7a3340051d3b,,1,True,b985e0f8-8ef4-11f1-9b18-005056b2a5de,01__BLO__TIG__BAC__250,TIGER Bạc Bia Lon 250ml,Bia Lon,TIGER,,,a38f9189-ad87-11ef-a35e-005056b28600,
b8468f8e-8ef4-11f1-9b18-005056b2a5de,01__BLO__TIG__BAC__250,Kho Kệ,Lon,Kho Kệ,-131.0,,0.0,,74.0,,-205.0,,32,0,f298b5d8-addd-410a-8190-7a3340051d3b,f298b5d8-addd-410a-8190-7a3340051d3b,2,False,b985e1ce-8ef4-11f1-9b18-005056b2a5de,01__BLO__TIG__BAC__250,TIGER Bạc Bia Lon 250ml,Bia Lon,TIGER,,aca0e3b9-1e75-496e-84ff-e96c9084f53f,a38f9189-ad87-11ef-a35e-005056b28600,CÔNG TY TNHH THƯƠNG MẠI VÀ DỊCH VỤ MIRA GROUP
b8468f8e-8ef4-11f1-9b18-005056b2a5de,01__BLO__TIG__BAC__250,Kho MIRA,Lon,Kho MIRA,192.0,,192.0,,0.0,,384.0,,33,0,f298b5d8-addd-410a-8190-7a3340051d3b,f298b5d8-addd-410a-8190-7a3340051d3b,2,False,b985e299-8ef4-11f1-9b18-005056b2a5de,01__BLO__TIG__BAC__250,TIGER Bạc Bia Lon 250ml,Bia Lon,TIGER,,485b5d06-306c-11f0-b467-005056b34af7,a38f9189-ad87-11ef-a35e-005056b28600,CÔNG TY TNHH THƯƠNG MẠI VÀ DỊCH VỤ MIRA GROUP
b8468f8e-8ef4-11f1-9b18-005056b2a5de,01__BLO__TIG__BAC__330,TIGER Bạc Bia Lon 330ml,Lon,Tổng,84.0,,120.0,,154.0,,50.0,,34,1,11229080-16db-4766-b903-83f2a08f8163,,1,True,b985e387-8ef4-11f1-9b18-005056b2a5de,01__BLO__TIG__BAC__330,TIGER Bạc Bia Lon 330ml,Bia Lon,TIGER,,,a38f9189-ad87-11ef-a35e-005056b28600,
b8468f8e-8ef4-11f1-9b18-005056b2a5de,01__BLO__TIG__BAC__330,Kho Kệ,Lon,Kho Kệ,-108.0,,72.0,,154.0,,-190.0,,35,0,11229080-16db-4766-b903-83f2a08f8163,11229080-16db-4766-b903-83f2a08f8163,2,False,b985e468-8ef4-11f1-9b18-005056b2a5de,01__BLO__TIG__BAC__330,TIGER Bạc Bia Lon 330ml,Bia Lon,TIGER,,aca0e3b9-1e75-496e-84ff-e96c9084f53f,a38f9189-ad87-11ef-a35e-005056b28600,CÔNG TY TNHH THƯƠNG MẠI VÀ DỊCH VỤ MIRA GROUP
b8468f8e-8ef4-11f1-9b18-005056b2a5de,01__BLO__TIG__BAC__330,Kho MIRA,Lon,Kho MIRA,192.0,,48.0,,0.0,,240.0,,36,0,11229080-16db-4766-b903-83f2a08f8163,11229080-16db-4766-b903-83f2a08f8163,2,False,b985e541-8ef4-11f1-9b18-005056b2a5de,01__BLO__TIG__BAC__330,TIGER Bạc Bia Lon 330ml,Bia Lon,TIGER,,485b5d06-306c-11f0-b467-005056b34af7,a38f9189-ad87-11ef-a35e-005056b28600,CÔNG TY TNHH THƯƠNG MẠI VÀ DỊCH VỤ MIRA GROUP
b8468f8e-8ef4-11f1-9b18-005056b2a5de,01__BLO__TIG__NAU__330,TIGER Nâu Bia Lon 330ml,Lon,Tổng,115.0,,72.0,,111.0,,76.0,,37,1,65041986-36dc-44c9-9e9b-d2d86d06bf22,,1,True,b985e625-8ef4-11f1-9b18-005056b2a5de,01__BLO__TIG__NAU__330,TIGER Nâu Bia Lon 330ml,Bia Lon,TIGER,,,a38f9189-ad87-11ef-a35e-005056b28600,
b8468f8e-8ef4-11f1-9b18-005056b2a5de,01__BLO__TIG__NAU__330,Kho Kệ,Lon,Kho Kệ,19.0,,72.0,,111.0,,-20.0,,38,0,65041986-36dc-44c9-9e9b-d2d86d06bf22,65041986-36dc-44c9-9e9b-d2d86d06bf22,2,False,b985eb4e-8ef4-11f1-9b18-005056b2a5de,01__BLO__TIG__NAU__330,TIGER Nâu Bia Lon 330ml,Bia Lon,TIGER,,aca0e3b9-1e75-496e-84ff-e96c9084f53f,a38f9189-ad87-11ef-a35e-005056b28600,CÔNG TY TNHH THƯƠNG MẠI VÀ DỊCH VỤ MIRA GROUP
b8468f8e-8ef4-11f1-9b18-005056b2a5de,01__BLO__TIG__NAU__330,Kho MIRA,Lon,Kho MIRA,96.0,,0.0,,0.0,,96.0,,39,0,65041986-36dc-44c9-9e9b-d2d86d06bf22,65041986-36dc-44c9-9e9b-d2d86d06bf22,2,False,b985ec3c-8ef4-11f1-9b18-005056b2a5de,01__BLO__TIG__NAU__330,TIGER Nâu Bia Lon 330ml,Bia Lon,TIGER,,485b5d06-306c-11f0-b467-005056b34af7,a38f9189-ad87-11ef-a35e-005056b28600,CÔNG TY TNHH THƯƠNG MẠI VÀ DỊCH VỤ MIRA GROUP
b8468f8e-8ef4-11f1-9b18-005056b2a5de,01__BLO__TUB__ICE__320,TUBORG ICE Crisp Lager Bia Lon 320ml,Lon,Tổng,36.0,,0.0,,17.0,,19.0,,40,1,6db36756-5f55-48f3-95c0-2f6a3b2d8c47,,1,True,b985ed3d-8ef4-11f1-9b18-005056b2a5de,01__BLO__TUB__ICE__320,TUBORG ICE Crisp Lager Bia Lon 320ml,Bia Lon,TUBORG,,,a38f9189-ad87-11ef-a35e-005056b28600,
b8468f8e-8ef4-11f1-9b18-005056b2a5de,01__BLO__TUB__ICE__320,Kho Kệ,Lon,Kho Kệ,36.0,,0.0,,17.0,,19.0,,41,0,6db36756-5f55-48f3-95c0-2f6a3b2d8c47,6db36756-5f55-48f3-95c0-2f6a3b2d8c47,2,False,b985ee10-8ef4-11f1-9b18-005056b2a5de,01__BLO__TUB__ICE__320,TUBORG ICE Crisp Lager Bia Lon 320ml,Bia Lon,TUBORG,,aca0e3b9-1e75-496e-84ff-e96c9084f53f,a38f9189-ad87-11ef-a35e-005056b28600,CÔNG TY TNHH THƯƠNG MẠI VÀ DỊCH VỤ MIRA GROUP
b8468f8e-8ef4-11f1-9b18-005056b2a5de,01__CPL__HLD__LON__235,HIGHLAND Cà Phê Sữa Lon 235ml,Lon,Tổng,89.0,,72.0,,77.0,,84.0,,42,1,09662628-fb8b-435a-a016-bf8ecf322b89,,1,True,b985eeef-8ef4-11f1-9b18-005056b2a5de,01__CPL__HLD__LON__235,HIGHLAND Cà Phê Sữa Lon 235ml,Cà Phê Lon,Highland,,,a38f9189-ad87-11ef-a35e-005056b28600,
b8468f8e-8ef4-11f1-9b18-005056b2a5de,01__CPL__HLD__LON__235,Kho Kệ,Lon,Kho Kệ,-55.0,,72.0,,77.0,,-60.0,,43,0,09662628-fb8b-435a-a016-bf8ecf322b89,09662628-fb8b-435a-a016-bf8ecf322b89,2,False,b985efbd-8ef4-11f1-9b18-005056b2a5de,01__CPL__HLD__LON__235,HIGHLAND Cà Phê Sữa Lon 235ml,Cà Phê Lon,Highland,,aca0e3b9-1e75-496e-84ff-e96c9084f53f,a38f9189-ad87-11ef-a35e-005056b28600,CÔNG TY TNHH THƯƠNG MẠI VÀ DỊCH VỤ MIRA GROUP
b8468f8e-8ef4-11f1-9b18-005056b2a5de,01__CPL__HLD__LON__235,Kho MIRA,Lon,Kho MIRA,144.0,,0.0,,0.0,,144.0,,44,0,09662628-fb8b-435a-a016-bf8ecf322b89,09662628-fb8b-435a-a016-bf8ecf322b89,2,False,b985f089-8ef4-11f1-9b18-005056b2a5de,01__CPL__HLD__LON__235,HIGHLAND Cà Phê Sữa Lon 235ml,Cà Phê Lon,Highland,,485b5d06-306c-11f0-b467-005056b34af7,a38f9189-ad87-11ef-a35e-005056b28600,CÔNG TY TNHH THƯƠNG MẠI VÀ DỊCH VỤ MIRA GROUP
b8468f8e-8ef4-11f1-9b18-005056b2a5de,01__NBD__CVI__CAM__140,C-VITT Nước Cam Vitamin 140ml,Chai,Tổng,13.0,,30.0,,12.0,,31.0,,45,1,69d1bcb3-ea0b-4c1c-b116-9f4d1baa5dad,,1,True,b985f15a-8ef4-11f1-9b18-005056b2a5de,01__NBD__CVI__CAM__140,C-VITT Nước Cam Vitamin 140ml,Nước Bù Điện Giải,C-vitt,,,a38f9189-ad87-11ef-a35e-005056b28600,
b8468f8e-8ef4-11f1-9b18-005056b2a5de,01__NBD__CVI__CAM__140,Kho Kệ,Chai,Kho Kệ,3.0,,30.0,,12.0,,21.0,,46,0,69d1bcb3-ea0b-4c1c-b116-9f4d1baa5dad,69d1bcb3-ea0b-4c1c-b116-9f4d1baa5dad,2,False,b985f221-8ef4-11f1-9b18-005056b2a5de,01__NBD__CVI__CAM__140,C-VITT Nước Cam Vitamin 140ml,Nước Bù Điện Giải,C-vitt,,aca0e3b9-1e75-496e-84ff-e96c9084f53f,a38f9189-ad87-11ef-a35e-005056b28600,CÔNG TY TNHH THƯƠNG MẠI VÀ DỊCH VỤ MIRA GROUP
b8468f8e-8ef4-11f1-9b18-005056b2a5de,01__NBD__CVI__CAM__140,Kho MIRA,Chai,Kho MIRA,10.0,,0.0,,0.0,,10.0,,47,0,69d1bcb3-ea0b-4c1c-b116-9f4d1baa5dad,69d1bcb3-ea0b-4c1c-b116-9f4d1baa5dad,2,False,b985f2fc-8ef4-11f1-9b18-005056b2a5de,01__NBD__CVI__CAM__140,C-VITT Nước Cam Vitamin 140ml,Nước Bù Điện Giải,C-vitt,,485b5d06-306c-11f0-b467-005056b34af7,a38f9189-ad87-11ef-a35e-005056b28600,CÔNG TY TNHH THƯƠNG MẠI VÀ DỊCH VỤ MIRA GROUP
b8468f8e-8ef4-11f1-9b18-005056b2a5de,01__NBD__CVI__CHH__140,C-VITT Nước Chanh Vitamin 140ml,Chai,Tổng,24.0,,30.0,,19.0,,35.0,,48,1,acdf31d4-3ac2-4031-bffb-36afbfe74795,,1,True,b985f3d0-8ef4-11f1-9b18-005056b2a5de,01__NBD__CVI__CHH__140,C-VITT Nước Chanh Vitamin 140ml,Nước Bù Điện Giải,C-vitt,,,a38f9189-ad87-11ef-a35e-005056b28600,
b8468f8e-8ef4-11f1-9b18-005056b2a5de,01__NBD__CVI__CHH__140,Kho Kệ,Chai,Kho Kệ,4.0,,30.0,,19.0,,15.0,,49,0,acdf31d4-3ac2-4031-bffb-36afbfe74795,acdf31d4-3ac2-4031-bffb-36afbfe74795,2,False,b985f4a9-8ef4-11f1-9b18-005056b2a5de,01__NBD__CVI__CHH__140,C-VITT Nước Chanh Vitamin 140ml,Nước Bù Điện Giải,C-vitt,,aca0e3b9-1e75-496e-84ff-e96c9084f53f,a38f9189-ad87-11ef-a35e-005056b28600,CÔNG TY TNHH THƯƠNG MẠI VÀ DỊCH VỤ MIRA GROUP
b8468f8e-8ef4-11f1-9b18-005056b2a5de,01__NBD__CVI__CHH__140,Kho MIRA,Chai,Kho MIRA,20.0,,0.0,,0.0,,20.0,,50,0,acdf31d4-3ac2-4031-bffb-36afbfe74795,acdf31d4-3ac2-4031-bffb-36afbfe74795,2,False,b985f57b-8ef4-11f1-9b18-005056b2a5de,01__NBD__CVI__CHH__140,C-VITT Nước Chanh Vitamin 140ml,Nước Bù Điện Giải,C-vitt,,485b5d06-306c-11f0-b467-005056b34af7,a38f9189-ad87-11ef-a35e-005056b28600,CÔNG TY TNHH THƯƠNG MẠI VÀ DỊCH VỤ MIRA GROUP
b8468f8e-8ef4-11f1-9b18-005056b2a5de,01__NBD__CVI__LUU__140,C-VITT Nước Hương Lựu 140ml,Chai,Tổng,0.0,,10.0,,2.0,,8.0,,51,1,5083211d-c80d-4515-a97d-43f77116c3c0,,1,True,b985f64e-8ef4-11f1-9b18-005056b2a5de,01__NBD__CVI__LUU__140,C-VITT Nước Hương Lựu 140ml,Nước Bù Điện Giải,C-vitt,,,a38f9189-ad87-11ef-a35e-005056b28600,
b8468f8e-8ef4-11f1-9b18-005056b2a5de,01__NBD__CVI__LUU__140,Kho Kệ,Chai,Kho Kệ,0.0,,10.0,,2.0,,8.0,,52,0,5083211d-c80d-4515-a97d-43f77116c3c0,5083211d-c80d-4515-a97d-43f77116c3c0,2,False,b985f721-8ef4-11f1-9b18-005056b2a5de,01__NBD__CVI__LUU__140,C-VITT Nước Hương Lựu 140ml,Nước Bù Điện Giải,C-vitt,,aca0e3b9-1e75-496e-84ff-e96c9084f53f,a38f9189-ad87-11ef-a35e-005056b28600,CÔNG TY TNHH THƯƠNG MẠI VÀ DỊCH VỤ MIRA GROUP
b8468f8e-8ef4-11f1-9b18-005056b2a5de,01__NBD__REV__CHI__500,PEPSICO Revive Chai 500ml,Chai,Tổng,32.0,,72.0,,82.0,,22.0,,53,1,72e86341-ac8c-4db0-a410-bf879a20de02,,1,True,b985f7ed-8ef4-11f1-9b18-005056b2a5de,01__NBD__REV__CHI__500,PEPSICO Revive Chai 500ml,Nước Bù Điện Giải,PEPSICO Revive,,,a38f9189-ad87-11ef-a35e-005056b28600,
b8468f8e-8ef4-11f1-9b18-005056b2a5de,01__NBD__REV__CHI__500,Kho Kệ,Chai,Kho Kệ,-22.0,,72.0,,82.0,,-32.0,,54,0,72e86341-ac8c-4db0-a410-bf879a20de02,72e86341-ac8c-4db0-a410-bf879a20de02,2,False,b985f8b3-8ef4-11f1-9b18-005056b2a5de,01__NBD__REV__CHI__500,PEPSICO Revive Chai 500ml,Nước Bù Điện Giải,PEPSICO Revive,,aca0e3b9-1e75-496e-84ff-e96c9084f53f,a38f9189-ad87-11ef-a35e-005056b28600,CÔNG TY TNHH THƯƠNG MẠI VÀ DỊCH VỤ MIRA GROUP
b8468f8e-8ef4-11f1-9b18-005056b2a5de,01__NBD__REV__CHI__500,Kho MIRA,Chai,Kho MIRA,54.0,,0.0,,0.0,,54.0,,55,0,72e86341-ac8c-4db0-a410-bf879a20de02,72e86341-ac8c-4db0-a410-bf879a20de02,2,False,b985fa29-8ef4-11f1-9b18-005056b2a5de,01__NBD__REV__CHI__500,PEPSICO Revive Chai 500ml,Nước Bù Điện Giải,PEPSICO Revive,,485b5d06-306c-11f0-b467-005056b34af7,a38f9189-ad87-11ef-a35e-005056b28600,CÔNG TY TNHH THƯƠNG MẠI VÀ DỊCH VỤ MIRA GROUP
b8468f8e-8ef4-11f1-9b18-005056b2a5de,01__NBD__REV__CMI__500,PEPSICO Revive Chanh Muối Chai 500ml,Chai,Tổng,25.0,,48.0,,39.0,,34.0,,56,1,33c13587-ea65-4b74-be9b-2b8b6d3c1220,,1,True,b985fb06-8ef4-11f1-9b18-005056b2a5de,01__NBD__REV__CMI__500,PEPSICO Revive Chanh Muối Chai 500ml,Nước Bù Điện Giải,PEPSICO Revive,,,a38f9189-ad87-11ef-a35e-005056b28600,
b8468f8e-8ef4-11f1-9b18-005056b2a5de,01__NBD__REV__CMI__500,Kho Kệ,Chai,Kho Kệ,133.0,,48.0,,39.0,,142.0,,57,0,33c13587-ea65-4b74-be9b-2b8b6d3c1220,33c13587-ea65-4b74-be9b-2b8b6d3c1220,2,False,b985fbcb-8ef4-11f1-9b18-005056b2a5de,01__NBD__REV__CMI__500,PEPSICO Revive Chanh Muối Chai 500ml,Nước Bù Điện Giải,PEPSICO Revive,,aca0e3b9-1e75-496e-84ff-e96c9084f53f,a38f9189-ad87-11ef-a35e-005056b28600,CÔNG TY TNHH THƯƠNG MẠI VÀ DỊCH VỤ MIRA GROUP
b8468f8e-8ef4-11f1-9b18-005056b2a5de,01__NBD__REV__CMI__500,Kho MIRA,Chai,Kho MIRA,-108.0,,0.0,,0.0,,-108.0,,58,0,33c13587-ea65-4b74-be9b-2b8b6d3c1220,33c13587-ea65-4b74-be9b-2b8b6d3c1220,2,False,b985fcc3-8ef4-11f1-9b18-005056b2a5de,01__NBD__REV__CMI__500,PEPSICO Revive Chanh Muối Chai 500ml,Nước Bù Điện Giải,PEPSICO Revive,,485b5d06-306c-11f0-b467-005056b34af7,a38f9189-ad87-11ef-a35e-005056b28600,CÔNG TY TNHH THƯƠNG MẠI VÀ DỊCH VỤ MIRA GROUP
b8468f8e-8ef4-11f1-9b18-005056b2a5de,01__NGA__7UP__CHI__320,PEPSICO 7UP Lon 320ml,Lon,Tổng,32.0,,96.0,,50.0,,78.0,,59,1,dc459cb4-4ee0-460c-a3b8-f3df3860e8e0,,1,True,b985fd98-8ef4-11f1-9b18-005056b2a5de,01__NGA__7UP__CHI__320,PEPSICO 7UP Lon 320ml,Nước Có Ga,PEPSICO 7Up,,,a38f9189-ad87-11ef-a35e-005056b28600,
b8468f8e-8ef4-11f1-9b18-005056b2a5de,01__NGA__7UP__CHI__320,Kho Kệ,Lon,Kho Kệ,-34.0,,96.0,,50.0,,12.0,,60,0,dc459cb4-4ee0-460c-a3b8-f3df3860e8e0,dc459cb4-4ee0-460c-a3b8-f3df3860e8e0,2,False,b985fe63-8ef4-11f1-9b18-005056b2a5de,01__NGA__7UP__CHI__320,PEPSICO 7UP Lon 320ml,Nước Có Ga,PEPSICO 7Up,,aca0e3b9-1e75-496e-84ff-e96c9084f53f,a38f9189-ad87-11ef-a35e-005056b28600,CÔNG TY TNHH THƯƠNG MẠI VÀ DỊCH VỤ MIRA GROUP
b8468f8e-8ef4-11f1-9b18-005056b2a5de,01__NGA__7UP__CHI__320,Kho MIRA,Lon,Kho MIRA,66.0,,0.0,,0.0,,66.0,,61,0,dc459cb4-4ee0-460c-a3b8-f3df3860e8e0,dc459cb4-4ee0-460c-a3b8-f3df3860e8e0,2,False,b985ff6d-8ef4-11f1-9b18-005056b2a5de,01__NGA__7UP__CHI__320,PEPSICO 7UP Lon 320ml,Nước Có Ga,PEPSICO 7Up,,485b5d06-306c-11f0-b467-005056b34af7,a38f9189-ad87-11ef-a35e-005056b28600,CÔNG TY TNHH THƯƠNG MẠI VÀ DỊCH VỤ MIRA GROUP
b8468f8e-8ef4-11f1-9b18-005056b2a5de,01__NGA__7UP__CHI__390,PEPSICO 7Up Chai 390ml,Chai,Tổng,22.0,,48.0,,31.0,,39.0,,62,1,352b69e5-be75-4716-b91b-d39b0b57902a,,1,True,b98600c8-8ef4-11f1-9b18-005056b2a5de,01__NGA__7UP__CHI__390,PEPSICO 7Up Chai 390ml,Nước Có Ga,PEPSICO 7Up,,,a38f9189-ad87-11ef-a35e-005056b28600,
b8468f8e-8ef4-11f1-9b18-005056b2a5de,01__NGA__7UP__CHI__390,Kho Kệ,Chai,Kho Kệ,-20.0,,48.0,,31.0,,-3.0,,63,0,352b69e5-be75-4716-b91b-d39b0b57902a,352b69e5-be75-4716-b91b-d39b0b57902a,2,False,b9860201-8ef4-11f1-9b18-005056b2a5de,01__NGA__7UP__CHI__390,PEPSICO 7Up Chai 390ml,Nước Có Ga,PEPSICO 7Up,,aca0e3b9-1e75-496e-84ff-e96c9084f53f,a38f9189-ad87-11ef-a35e-005056b28600,CÔNG TY TNHH THƯƠNG MẠI VÀ DỊCH VỤ MIRA GROUP
b8468f8e-8ef4-11f1-9b18-005056b2a5de,01__NGA__7UP__CHI__390,Kho MIRA,Chai,Kho MIRA,42.0,,0.0,,0.0,,42.0,,64,0,352b69e5-be75-4716-b91b-d39b0b57902a,352b69e5-be75-4716-b91b-d39b0b57902a,2,False,b986030f-8ef4-11f1-9b18-005056b2a5de,01__NGA__7UP__CHI__390,PEPSICO 7Up Chai 390ml,Nước Có Ga,PEPSICO 7Up,,485b5d06-306c-11f0-b467-005056b34af7,a38f9189-ad87-11ef-a35e-005056b28600,CÔNG TY TNHH THƯƠNG MẠI VÀ DỊCH VỤ MIRA GROUP
b8468f8e-8ef4-11f1-9b18-005056b2a5de,01__NGA__CDG__SXI__320,CHƯƠNG DƯƠNG Sá Xị Nguyên Bản Lon 320ml,Lon,Tổng,3.0,,0.0,,0.0,,3.0,,65,1,5e6229a7-b244-4618-bc27-7c35c78bc498,,1,True,b98603ec-8ef4-11f1-9b18-005056b2a5de,01__NGA__CDG__SXI__320,CHƯƠNG DƯƠNG Sá Xị Nguyên Bản Lon 320ml,Nước Có Ga,CHƯƠNG DƯƠNG,,,a38f9189-ad87-11ef-a35e-005056b28600,
b8468f8e-8ef4-11f1-9b18-005056b2a5de,01__NGA__CDG__SXI__320,Kho Kệ,Lon,Kho Kệ,3.0,,0.0,,0.0,,3.0,,66,0,5e6229a7-b244-4618-bc27-7c35c78bc498,5e6229a7-b244-4618-bc27-7c35c78bc498,2,False,b986052a-8ef4-11f1-9b18-005056b2a5de,01__NGA__CDG__SXI__320,CHƯƠNG DƯƠNG Sá Xị Nguyên Bản Lon 320ml,Nước Có Ga,CHƯƠNG DƯƠNG,,aca0e3b9-1e75-496e-84ff-e96c9084f53f,a38f9189-ad87-11ef-a35e-005056b28600,CÔNG TY TNHH THƯƠNG MẠI VÀ DỊCH VỤ MIRA GROUP
b8468f8e-8ef4-11f1-9b18-005056b2a5de,01__NGA__COC__AQA__390,COCA-COLA Aquarius Chai 390 ml,Chai,Tổng,67.0,,120.0,,152.0,,35.0,,67,1,2917be29-7a15-4a76-930a-c90d7fe4c531,,1,True,b9860619-8ef4-11f1-9b18-005056b2a5de,01__NGA__COC__AQA__390,COCA-COLA Aquarius Chai 390 ml,Nước Có Ga,COCA-COLA Aquarius,,,a38f9189-ad87-11ef-a35e-005056b28600,
b8468f8e-8ef4-11f1-9b18-005056b2a5de,01__NGA__COC__AQA__390,Kho Kệ,Chai,Kho Kệ,-65.0,,120.0,,152.0,,-97.0,,68,0,2917be29-7a15-4a76-930a-c90d7fe4c531,2917be29-7a15-4a76-930a-c90d7fe4c531,2,False,b98606f0-8ef4-11f1-9b18-005056b2a5de,01__NGA__COC__AQA__390,COCA-COLA Aquarius Chai 390 ml,Nước Có Ga,COCA-COLA Aquarius,,aca0e3b9-1e75-496e-84ff-e96c9084f53f,a38f9189-ad87-11ef-a35e-005056b28600,CÔNG TY TNHH THƯƠNG MẠI VÀ DỊCH VỤ MIRA GROUP
b8468f8e-8ef4-11f1-9b18-005056b2a5de,01__NGA__COC__AQA__390,Kho MIRA,Chai,Kho MIRA,132.0,,0.0,,0.0,,132.0,,69,0,2917be29-7a15-4a76-930a-c90d7fe4c531,2917be29-7a15-4a76-930a-c90d7fe4c531,2,False,b98607c8-8ef4-11f1-9b18-005056b2a5de,01__NGA__COC__AQA__390,COCA-COLA Aquarius Chai 390 ml,Nước Có Ga,COCA-COLA Aquarius,,485b5d06-306c-11f0-b467-005056b34af7,a38f9189-ad87-11ef-a35e-005056b28600,CÔNG TY TNHH THƯƠNG MẠI VÀ DỊCH VỤ MIRA GROUP
b8468f8e-8ef4-11f1-9b18-005056b2a5de,01__NGA__COC__CAM__320,COCA-COLA Fanta Hương Cam Lon 320ml,Lon,Tổng,24.0,,0.0,,0.0,,24.0,,70,1,9d63ff72-8dd9-421a-9e69-2c31ca1f76df,,1,True,b9860896-8ef4-11f1-9b18-005056b2a5de,01__NGA__COC__CAM__320,COCA-COLA Fanta Hương Cam Lon 320ml,Nước Có Ga,COCA-COLA Fanta,,,a38f9189-ad87-11ef-a35e-005056b28600,
b8468f8e-8ef4-11f1-9b18-005056b2a5de,01__NGA__COC__CAM__320,Kho Kệ,Lon,Kho Kệ,24.0,,0.0,,0.0,,24.0,,71,0,9d63ff72-8dd9-421a-9e69-2c31ca1f76df,9d63ff72-8dd9-421a-9e69-2c31ca1f76df,2,False,b986095f-8ef4-11f1-9b18-005056b2a5de,01__NGA__COC__CAM__320,COCA-COLA Fanta Hương Cam Lon 320ml,Nước Có Ga,COCA-COLA Fanta,,aca0e3b9-1e75-496e-84ff-e96c9084f53f,a38f9189-ad87-11ef-a35e-005056b28600,CÔNG TY TNHH THƯƠNG MẠI VÀ DỊCH VỤ MIRA GROUP
b8468f8e-8ef4-11f1-9b18-005056b2a5de,01__NGA__COC__DAU__320,COCA-COLA Fanta Hương Dâu Lon 320ml,Lon,Tổng,13.0,,24.0,,15.0,,22.0,,72,1,31a86bc3-00ed-4be9-bfb3-b1051edb0908,,1,True,b9860a3a-8ef4-11f1-9b18-005056b2a5de,01__NGA__COC__DAU__320,COCA-COLA Fanta Hương Dâu Lon 320ml,Nước Có Ga,COCA-COLA Fanta,,,a38f9189-ad87-11ef-a35e-005056b28600,
b8468f8e-8ef4-11f1-9b18-005056b2a5de,01__NGA__COC__DAU__320,Kho Kệ,Lon,Kho Kệ,19.0,,24.0,,15.0,,28.0,,73,0,31a86bc3-00ed-4be9-bfb3-b1051edb0908,31a86bc3-00ed-4be9-bfb3-b1051edb0908,2,False,b9860b5e-8ef4-11f1-9b18-005056b2a5de,01__NGA__COC__DAU__320,COCA-COLA Fanta Hương Dâu Lon 320ml,Nước Có Ga,COCA-COLA Fanta,,aca0e3b9-1e75-496e-84ff-e96c9084f53f,a38f9189-ad87-11ef-a35e-005056b28600,CÔNG TY TNHH THƯƠNG MẠI VÀ DỊCH VỤ MIRA GROUP
b8468f8e-8ef4-11f1-9b18-005056b2a5de,01__NGA__COC__DAU__320,Kho MIRA,Lon,Kho MIRA,-6.0,,0.0,,0.0,,-6.0,,74,0,31a86bc3-00ed-4be9-bfb3-b1051edb0908,31a86bc3-00ed-4be9-bfb3-b1051edb0908,2,False,b9860ca5-8ef4-11f1-9b18-005056b2a5de,01__NGA__COC__DAU__320,COCA-COLA Fanta Hương Dâu Lon 320ml,Nước Có Ga,COCA-COLA Fanta,,485b5d06-306c-11f0-b467-005056b34af7,a38f9189-ad87-11ef-a35e-005056b28600,CÔNG TY TNHH THƯƠNG MẠI VÀ DỊCH VỤ MIRA GROUP
b8468f8e-8ef4-11f1-9b18-005056b2a5de,01__NGA__COC__LIG__320,COCA-COLA Light Lon 320ml,Lon,Tổng,40.0,,24.0,,34.0,,30.0,,75,1,c5e1275d-35e7-4d0d-92cb-f526c28a428d,,1,True,b9860d84-8ef4-11f1-9b18-005056b2a5de,01__NGA__COC__LIG__320,COCA-COLA Light Lon 320ml,Nước Có Ga,Coca-Cola,,,a38f9189-ad87-11ef-a35e-005056b28600,
b8468f8e-8ef4-11f1-9b18-005056b2a5de,01__NGA__COC__LIG__320,Kho Kệ,Lon,Kho Kệ,4.0,,24.0,,34.0,,-6.0,,76,0,c5e1275d-35e7-4d0d-92cb-f526c28a428d,c5e1275d-35e7-4d0d-92cb-f526c28a428d,2,False,b9860ef9-8ef4-11f1-9b18-005056b2a5de,01__NGA__COC__LIG__320,COCA-COLA Light Lon 320ml,Nước Có Ga,Coca-Cola,,aca0e3b9-1e75-496e-84ff-e96c9084f53f,a38f9189-ad87-11ef-a35e-005056b28600,CÔNG TY TNHH THƯƠNG MẠI VÀ DỊCH VỤ MIRA GROUP
b8468f8e-8ef4-11f1-9b18-005056b2a5de,01__NGA__COC__LIG__320,Kho MIRA,Lon,Kho MIRA,36.0,,0.0,,0.0,,36.0,,77,0,c5e1275d-35e7-4d0d-92cb-f526c28a428d,c5e1275d-35e7-4d0d-92cb-f526c28a428d,2,False,b986100c-8ef4-11f1-9b18-005056b2a5de,01__NGA__COC__LIG__320,COCA-COLA Light Lon 320ml,Nước Có Ga,Coca-Cola,,485b5d06-306c-11f0-b467-005056b34af7,a38f9189-ad87-11ef-a35e-005056b28600,CÔNG TY TNHH THƯƠNG MẠI VÀ DỊCH VỤ MIRA GROUP
b8468f8e-8ef4-11f1-9b18-005056b2a5de,01__NGA__COC__LON__320,COCA-COLA Lon 320ml,Lon,Tổng,75.0,,72.0,,80.0,,67.0,,78,1,02778fce-ccba-4e22-ad85-a2d6e51df304,,1,True,b98610e9-8ef4-11f1-9b18-005056b2a5de,01__NGA__COC__LON__320,COCA-COLA Lon 320ml,Nước Có Ga,Coca-Cola,,,a38f9189-ad87-11ef-a35e-005056b28600,
b8468f8e-8ef4-11f1-9b18-005056b2a5de,01__NGA__COC__LON__320,Kho Kệ,Lon,Kho Kệ,-33.0,,72.0,,80.0,,-41.0,,79,0,02778fce-ccba-4e22-ad85-a2d6e51df304,02778fce-ccba-4e22-ad85-a2d6e51df304,2,False,b98611c9-8ef4-11f1-9b18-005056b2a5de,01__NGA__COC__LON__320,COCA-COLA Lon 320ml,Nước Có Ga,Coca-Cola,,aca0e3b9-1e75-496e-84ff-e96c9084f53f,a38f9189-ad87-11ef-a35e-005056b28600,CÔNG TY TNHH THƯƠNG MẠI VÀ DỊCH VỤ MIRA GROUP
b8468f8e-8ef4-11f1-9b18-005056b2a5de,01__NGA__COC__LON__320,Kho MIRA,Lon,Kho MIRA,108.0,,0.0,,0.0,,108.0,,80,0,02778fce-ccba-4e22-ad85-a2d6e51df304,02778fce-ccba-4e22-ad85-a2d6e51df304,2,False,b98612a6-8ef4-11f1-9b18-005056b2a5de,01__NGA__COC__LON__320,COCA-COLA Lon 320ml,Nước Có Ga,Coca-Cola,,485b5d06-306c-11f0-b467-005056b34af7,a38f9189-ad87-11ef-a35e-005056b28600,CÔNG TY TNHH THƯƠNG MẠI VÀ DỊCH VỤ MIRA GROUP
b8468f8e-8ef4-11f1-9b18-005056b2a5de,01__NGA__COC__SDA__320,COCA-COLA Schweppes Soda Lon 320ml,Lon,Tổng,1.0,,0.0,,0.0,,1.0,,81,1,9f516cc4-1508-4153-aba2-c0b616b97c34,,1,True,b9861378-8ef4-11f1-9b18-005056b2a5de,01__NGA__COC__SDA__320,COCA-COLA Schweppes Soda Lon 320ml,Nước Có Ga,COCA-COLA Schweppes,,,a38f9189-ad87-11ef-a35e-005056b28600,
b8468f8e-8ef4-11f1-9b18-005056b2a5de,01__NGA__COC__SDA__320,Kho Kệ,Lon,Kho Kệ,1.0,,0.0,,0.0,,1.0,,82,0,9f516cc4-1508-4153-aba2-c0b616b97c34,9f516cc4-1508-4153-aba2-c0b616b97c34,2,False,b9861446-8ef4-11f1-9b18-005056b2a5de,01__NGA__COC__SDA__320,COCA-COLA Schweppes Soda Lon 320ml,Nước Có Ga,COCA-COLA Schweppes,,aca0e3b9-1e75-496e-84ff-e96c9084f53f,a38f9189-ad87-11ef-a35e-005056b28600,CÔNG TY TNHH THƯƠNG MẠI VÀ DỊCH VỤ MIRA GROUP
b8468f8e-8ef4-11f1-9b18-005056b2a5de,01__NGA__COC__SPR__320,COCA-COLA Sprite Lon 320ml,Lon,Tổng,27.0,,24.0,,33.0,,18.0,,83,1,647328eb-0433-423d-bb0b-8977db245275,,1,True,b9861515-8ef4-11f1-9b18-005056b2a5de,01__NGA__COC__SPR__320,COCA-COLA Sprite Lon 320ml,Nước Có Ga,COCA-COLA Sprite,,,a38f9189-ad87-11ef-a35e-005056b28600,
b8468f8e-8ef4-11f1-9b18-005056b2a5de,01__NGA__COC__SPR__320,Kho Kệ,Lon,Kho Kệ,9.0,,24.0,,33.0,,0.0,,84,0,647328eb-0433-423d-bb0b-8977db245275,647328eb-0433-423d-bb0b-8977db245275,2,False,b98615e0-8ef4-11f1-9b18-005056b2a5de,01__NGA__COC__SPR__320,COCA-COLA Sprite Lon 320ml,Nước Có Ga,COCA-COLA Sprite,,aca0e3b9-1e75-496e-84ff-e96c9084f53f,a38f9189-ad87-11ef-a35e-005056b28600,CÔNG TY TNHH THƯƠNG MẠI VÀ DỊCH VỤ MIRA GROUP
b8468f8e-8ef4-11f1-9b18-005056b2a5de,01__NGA__COC__SPR__320,Kho MIRA,Lon,Kho MIRA,18.0,,0.0,,0.0,,18.0,,85,0,647328eb-0433-423d-bb0b-8977db245275,647328eb-0433-423d-bb0b-8977db245275,2,False,b98616ac-8ef4-11f1-9b18-005056b2a5de,01__NGA__COC__SPR__320,COCA-COLA Sprite Lon 320ml,Nước Có Ga,COCA-COLA Sprite,,485b5d06-306c-11f0-b467-005056b34af7,a38f9189-ad87-11ef-a35e-005056b28600,CÔNG TY TNHH THƯƠNG MẠI VÀ DỊCH VỤ MIRA GROUP
b8468f8e-8ef4-11f1-9b18-005056b2a5de,01__NGA__COC__ZER__320,COCA-COLA Zero Sugar Lon 320ml,Lon,Tổng,22.0,,48.0,,44.0,,26.0,,86,1,3048249d-7e18-454e-acf0-2781c1daab51,,1,True,b9861778-8ef4-11f1-9b18-005056b2a5de,01__NGA__COC__ZER__320,COCA-COLA Zero Sugar Lon 320ml,Nước Có Ga,Coca-Cola,,,a38f9189-ad87-11ef-a35e-005056b28600,
b8468f8e-8ef4-11f1-9b18-005056b2a5de,01__NGA__COC__ZER__320,Kho Kệ,Lon,Kho Kệ,-2.0,,48.0,,44.0,,2.0,,87,0,3048249d-7e18-454e-acf0-2781c1daab51,3048249d-7e18-454e-acf0-2781c1daab51,2,False,b9861846-8ef4-11f1-9b18-005056b2a5de,01__NGA__COC__ZER__320,COCA-COLA Zero Sugar Lon 320ml,Nước Có Ga,Coca-Cola,,aca0e3b9-1e75-496e-84ff-e96c9084f53f,a38f9189-ad87-11ef-a35e-005056b28600,CÔNG TY TNHH THƯƠNG MẠI VÀ DỊCH VỤ MIRA GROUP
b8468f8e-8ef4-11f1-9b18-005056b2a5de,01__NGA__COC__ZER__320,Kho MIRA,Lon,Kho MIRA,24.0,,0.0,,0.0,,24.0,,88,0,3048249d-7e18-454e-acf0-2781c1daab51,3048249d-7e18-454e-acf0-2781c1daab51,2,False,b986190f-8ef4-11f1-9b18-005056b2a5de,01__NGA__COC__ZER__320,COCA-COLA Zero Sugar Lon 320ml,Nước Có Ga,Coca-Cola,,485b5d06-306c-11f0-b467-005056b34af7,a38f9189-ad87-11ef-a35e-005056b28600,CÔNG TY TNHH THƯƠNG MẠI VÀ DỊCH VỤ MIRA GROUP
b8468f8e-8ef4-11f1-9b18-005056b2a5de,01__NGA__MIR__CHI__390,PEPSICO Mirinda Chai 390ml,Chai,Tổng,23.0,,48.0,,27.0,,44.0,,89,1,82827821-b930-4d3a-acd1-befabb7c71e8,,1,True,b9861acf-8ef4-11f1-9b18-005056b2a5de,01__NGA__MIR__CHI__390,PEPSICO Mirinda Chai 390ml,Nước Có Ga,PEPSICO Mirinda,,,a38f9189-ad87-11ef-a35e-005056b28600,
b8468f8e-8ef4-11f1-9b18-005056b2a5de,01__NGA__MIR__CHI__390,Kho Kệ,Chai,Kho Kệ,11.0,,48.0,,27.0,,32.0,,90,0,82827821-b930-4d3a-acd1-befabb7c71e8,82827821-b930-4d3a-acd1-befabb7c71e8,2,False,b9861ba1-8ef4-11f1-9b18-005056b2a5de,01__NGA__MIR__CHI__390,PEPSICO Mirinda Chai 390ml,Nước Có Ga,PEPSICO Mirinda,,aca0e3b9-1e75-496e-84ff-e96c9084f53f,a38f9189-ad87-11ef-a35e-005056b28600,CÔNG TY TNHH THƯƠNG MẠI VÀ DỊCH VỤ MIRA GROUP
b8468f8e-8ef4-11f1-9b18-005056b2a5de,01__NGA__MIR__CHI__390,Kho MIRA,Chai,Kho MIRA,12.0,,0.0,,0.0,,12.0,,91,0,82827821-b930-4d3a-acd1-befabb7c71e8,82827821-b930-4d3a-acd1-befabb7c71e8,2,False,b9861c76-8ef4-11f1-9b18-005056b2a5de,01__NGA__MIR__CHI__390,PEPSICO Mirinda Chai 390ml,Nước Có Ga,PEPSICO Mirinda,,485b5d06-306c-11f0-b467-005056b34af7,a38f9189-ad87-11ef-a35e-005056b28600,CÔNG TY TNHH THƯƠNG MẠI VÀ DỊCH VỤ MIRA GROUP
b8468f8e-8ef4-11f1-9b18-005056b2a5de,01__NGA__MRD__CAM__320,PEPSICO Mirinda Cam Lon 320ml,Lon,Tổng,40.0,,0.0,,39.0,,1.0,,92,1,42ed7b64-3e2e-4694-b7c9-5c339348738a,,1,True,b9861d3f-8ef4-11f1-9b18-005056b2a5de,01__NGA__MRD__CAM__320,PEPSICO Mirinda Cam Lon 320ml,Nước Có Ga,PEPSICO Mirinda,,,a38f9189-ad87-11ef-a35e-005056b28600,
b8468f8e-8ef4-11f1-9b18-005056b2a5de,01__NGA__MRD__CAM__320,Kho Kệ,Lon,Kho Kệ,-8.0,,0.0,,39.0,,-47.0,,93,0,42ed7b64-3e2e-4694-b7c9-5c339348738a,42ed7b64-3e2e-4694-b7c9-5c339348738a,2,False,b9861e07-8ef4-11f1-9b18-005056b2a5de,01__NGA__MRD__CAM__320,PEPSICO Mirinda Cam Lon 320ml,Nước Có Ga,PEPSICO Mirinda,,aca0e3b9-1e75-496e-84ff-e96c9084f53f,a38f9189-ad87-11ef-a35e-005056b28600,CÔNG TY TNHH THƯƠNG MẠI VÀ DỊCH VỤ MIRA GROUP
b8468f8e-8ef4-11f1-9b18-005056b2a5de,01__NGA__MRD__CAM__320,Kho MIRA,Lon,Kho MIRA,48.0,,0.0,,0.0,,48.0,,94,0,42ed7b64-3e2e-4694-b7c9-5c339348738a,42ed7b64-3e2e-4694-b7c9-5c339348738a,2,False,b9862417-8ef4-11f1-9b18-005056b2a5de,01__NGA__MRD__CAM__320,PEPSICO Mirinda Cam Lon 320ml,Nước Có Ga,PEPSICO Mirinda,,485b5d06-306c-11f0-b467-005056b34af7,a38f9189-ad87-11ef-a35e-005056b28600,CÔNG TY TNHH THƯƠNG MẠI VÀ DỊCH VỤ MIRA GROUP
b8468f8e-8ef4-11f1-9b18-005056b2a5de,01__NGA__MRD__XXI__320,PEPSICO Mirinda Xá Xị Lon 320ml,Lon,Tổng,23.0,,0.0,,0.0,,23.0,,95,1,33d8fe07-f339-4378-83ee-2ea536734149,,1,True,b9862571-8ef4-11f1-9b18-005056b2a5de,01__NGA__MRD__XXI__320,PEPSICO Mirinda Xá Xị Lon 320ml,Nước Có Ga,PEPSICO Mirinda,,,a38f9189-ad87-11ef-a35e-005056b28600,
b8468f8e-8ef4-11f1-9b18-005056b2a5de,01__NGA__MRD__XXI__320,Kho Kệ,Lon,Kho Kệ,23.0,,0.0,,0.0,,23.0,,96,0,33d8fe07-f339-4378-83ee-2ea536734149,33d8fe07-f339-4378-83ee-2ea536734149,2,False,b986265d-8ef4-11f1-9b18-005056b2a5de,01__NGA__MRD__XXI__320,PEPSICO Mirinda Xá Xị Lon 320ml,Nước Có Ga,PEPSICO Mirinda,,aca0e3b9-1e75-496e-84ff-e96c9084f53f,a38f9189-ad87-11ef-a35e-005056b28600,CÔNG TY TNHH THƯƠNG MẠI VÀ DỊCH VỤ MIRA GROUP
b8468f8e-8ef4-11f1-9b18-005056b2a5de,01__NGA__PEP__CHI__390,PEPSICO Chai 390ml,Chai,Tổng,39.0,,48.0,,69.0,,18.0,,97,1,01435f11-2e0c-497b-adfa-9c765c52364c,,1,True,b986273c-8ef4-11f1-9b18-005056b2a5de,01__NGA__PEP__CHI__390,PEPSICO Chai 390ml,Nước Có Ga,PEPSICO,,,a38f9189-ad87-11ef-a35e-005056b28600,
b8468f8e-8ef4-11f1-9b18-005056b2a5de,01__NGA__PEP__CHI__390,Kho Kệ,Chai,Kho Kệ,-9.0,,48.0,,69.0,,-30.0,,98,0,01435f11-2e0c-497b-adfa-9c765c52364c,01435f11-2e0c-497b-adfa-9c765c52364c,2,False,b986281b-8ef4-11f1-9b18-005056b2a5de,01__NGA__PEP__CHI__390,PEPSICO Chai 390ml,Nước Có Ga,PEPSICO,,aca0e3b9-1e75-496e-84ff-e96c9084f53f,a38f9189-ad87-11ef-a35e-005056b28600,CÔNG TY TNHH THƯƠNG MẠI VÀ DỊCH VỤ MIRA GROUP
b8468f8e-8ef4-11f1-9b18-005056b2a5de,01__NGA__PEP__CHI__390,Kho MIRA,Chai,Kho MIRA,48.0,,0.0,,0.0,,48.0,,99,0,01435f11-2e0c-497b-adfa-9c765c52364c,01435f11-2e0c-497b-adfa-9c765c52364c,2,False,b98628ee-8ef4-11f1-9b18-005056b2a5de,01__NGA__PEP__CHI__390,PEPSICO Chai 390ml,Nước Có Ga,PEPSICO,,485b5d06-306c-11f0-b467-005056b34af7,a38f9189-ad87-11ef-a35e-005056b28600,CÔNG TY TNHH THƯƠNG MẠI VÀ DỊCH VỤ MIRA GROUP
b8468f8e-8ef4-11f1-9b18-005056b2a5de,01__NGA__PEP__LON__320,PEPSICO Lon 320ml,Lon,Tổng,63.0,,72.0,,81.0,,54.0,,100,1,89e66f05-7256-4094-abc9-c21eaad4ab2a,,1,True,b98629c4-8ef4-11f1-9b18-005056b2a5de,01__NGA__PEP__LON__320,PEPSICO Lon 320ml,Nước Có Ga,PEPSICO,,,a38f9189-ad87-11ef-a35e-005056b28600,
b8468f8e-8ef4-11f1-9b18-005056b2a5de,01__NGA__PEP__LON__320,Kho Kệ,Lon,Kho Kệ,-57.0,,72.0,,81.0,,-66.0,,101,0,89e66f05-7256-4094-abc9-c21eaad4ab2a,89e66f05-7256-4094-abc9-c21eaad4ab2a,2,False,b9862a94-8ef4-11f1-9b18-005056b2a5de,01__NGA__PEP__LON__320,PEPSICO Lon 320ml,Nước Có Ga,PEPSICO,,aca0e3b9-1e75-496e-84ff-e96c9084f53f,a38f9189-ad87-11ef-a35e-005056b28600,CÔNG TY TNHH THƯƠNG MẠI VÀ DỊCH VỤ MIRA GROUP
b8468f8e-8ef4-11f1-9b18-005056b2a5de,01__NGA__PEP__LON__320,Kho MIRA,Lon,Kho MIRA,120.0,,0.0,,0.0,,120.0,,102,0,89e66f05-7256-4094-abc9-c21eaad4ab2a,89e66f05-7256-4094-abc9-c21eaad4ab2a,2,False,b9862b64-8ef4-11f1-9b18-005056b2a5de,01__NGA__PEP__LON__320,PEPSICO Lon 320ml,Nước Có Ga,PEPSICO,,485b5d06-306c-11f0-b467-005056b34af7,a38f9189-ad87-11ef-a35e-005056b28600,CÔNG TY TNHH THƯƠNG MẠI VÀ DỊCH VỤ MIRA GROUP
b8468f8e-8ef4-11f1-9b18-005056b2a5de,01__NGA__ROC__LON__250,PEPSICO Rockstar Lon 250ml,Lon,Tổng,31.0,,0.0,,29.0,,2.0,,103,1,e019de91-92ed-48a9-bd83-a3364b7017da,,1,True,b9862c37-8ef4-11f1-9b18-005056b2a5de,01__NGA__ROC__LON__250,PEPSICO Rockstar Lon 250ml,Nước Có Ga,PEPSICO Rockstar,,,a38f9189-ad87-11ef-a35e-005056b28600,
b8468f8e-8ef4-11f1-9b18-005056b2a5de,01__NGA__ROC__LON__250,Kho Kệ,Lon,Kho Kệ,-5.0,,0.0,,29.0,,-34.0,,104,0,e019de91-92ed-48a9-bd83-a3364b7017da,e019de91-92ed-48a9-bd83-a3364b7017da,2,False,b9862d04-8ef4-11f1-9b18-005056b2a5de,01__NGA__ROC__LON__250,PEPSICO Rockstar Lon 250ml,Nước Có Ga,PEPSICO Rockstar,,aca0e3b9-1e75-496e-84ff-e96c9084f53f,a38f9189-ad87-11ef-a35e-005056b28600,CÔNG TY TNHH THƯƠNG MẠI VÀ DỊCH VỤ MIRA GROUP
b8468f8e-8ef4-11f1-9b18-005056b2a5de,01__NGA__ROC__LON__250,Kho MIRA,Lon,Kho MIRA,36.0,,0.0,,0.0,,36.0,,105,0,e019de91-92ed-48a9-bd83-a3364b7017da,e019de91-92ed-48a9-bd83-a3364b7017da,2,False,b9862de0-8ef4-11f1-9b18-005056b2a5de,01__NGA__ROC__LON__250,PEPSICO Rockstar Lon 250ml,Nước Có Ga,PEPSICO Rockstar,,485b5d06-306c-11f0-b467-005056b34af7,a38f9189-ad87-11ef-a35e-005056b28600,CÔNG TY TNHH THƯƠNG MẠI VÀ DỊCH VỤ MIRA GROUP
b8468f8e-8ef4-11f1-9b18-005056b2a5de,01__NGA__STI__DAU__330,PEPSICO Sting Dâu Chai 330ml,Chai,Tổng,40.0,,168.0,,180.0,,28.0,,106,1,c363ca46-f417-444a-bb74-d94340f7f095,,1,True,b9862eac-8ef4-11f1-9b18-005056b2a5de,01__NGA__STI__DAU__330,PEPSICO Sting Dâu Chai 330ml,Nước Có Ga,PEPSICO Sting,,,a38f9189-ad87-11ef-a35e-005056b28600,
b8468f8e-8ef4-11f1-9b18-005056b2a5de,01__NGA__STI__DAU__330,Kho Kệ,Chai,Kho Kệ,-56.0,,168.0,,180.0,,-68.0,,107,0,c363ca46-f417-444a-bb74-d94340f7f095,c363ca46-f417-444a-bb74-d94340f7f095,2,False,b9862f75-8ef4-11f1-9b18-005056b2a5de,01__NGA__STI__DAU__330,PEPSICO Sting Dâu Chai 330ml,Nước Có Ga,PEPSICO Sting,,aca0e3b9-1e75-496e-84ff-e96c9084f53f,a38f9189-ad87-11ef-a35e-005056b28600,CÔNG TY TNHH THƯƠNG MẠI VÀ DỊCH VỤ MIRA GROUP
b8468f8e-8ef4-11f1-9b18-005056b2a5de,01__NGA__STI__DAU__330,Kho MIRA,Chai,Kho MIRA,96.0,,0.0,,0.0,,96.0,,108,0,c363ca46-f417-444a-bb74-d94340f7f095,c363ca46-f417-444a-bb74-d94340f7f095,2,False,b986304d-8ef4-11f1-9b18-005056b2a5de,01__NGA__STI__DAU__330,PEPSICO Sting Dâu Chai 330ml,Nước Có Ga,PEPSICO Sting,,485b5d06-306c-11f0-b467-005056b34af7,a38f9189-ad87-11ef-a35e-005056b28600,CÔNG TY TNHH THƯƠNG MẠI VÀ DỊCH VỤ MIRA GROUP
b8468f8e-8ef4-11f1-9b18-005056b2a5de,01__NGA__STI__VAG__330,PEPSICO Sting Vàng Chai 330ml,Chai,Tổng,39.0,,72.0,,93.0,,18.0,,109,1,55cc1a49-e683-4d3c-b867-9b33c86d07c8,,1,True,b9863126-8ef4-11f1-9b18-005056b2a5de,01__NGA__STI__VAG__330,PEPSICO Sting Vàng Chai 330ml,Nước Có Ga,PEPSICO Sting,,,a38f9189-ad87-11ef-a35e-005056b28600,
b8468f8e-8ef4-11f1-9b18-005056b2a5de,01__NGA__STI__VAG__330,Kho Kệ,Chai,Kho Kệ,-33.0,,72.0,,93.0,,-54.0,,110,0,55cc1a49-e683-4d3c-b867-9b33c86d07c8,55cc1a49-e683-4d3c-b867-9b33c86d07c8,2,False,b98631f8-8ef4-11f1-9b18-005056b2a5de,01__NGA__STI__VAG__330,PEPSICO Sting Vàng Chai 330ml,Nước Có Ga,PEPSICO Sting,,aca0e3b9-1e75-496e-84ff-e96c9084f53f,a38f9189-ad87-11ef-a35e-005056b28600,CÔNG TY TNHH THƯƠNG MẠI VÀ DỊCH VỤ MIRA GROUP
b8468f8e-8ef4-11f1-9b18-005056b2a5de,01__NGA__STI__VAG__330,Kho MIRA,Chai,Kho MIRA,72.0,,0.0,,0.0,,72.0,,111,0,55cc1a49-e683-4d3c-b867-9b33c86d07c8,55cc1a49-e683-4d3c-b867-9b33c86d07c8,2,False,b98632c5-8ef4-11f1-9b18-005056b2a5de,01__NGA__STI__VAG__330,PEPSICO Sting Vàng Chai 330ml,Nước Có Ga,PEPSICO Sting,,485b5d06-306c-11f0-b467-005056b34af7,a38f9189-ad87-11ef-a35e-005056b28600,CÔNG TY TNHH THƯƠNG MẠI VÀ DỊCH VỤ MIRA GROUP
b8468f8e-8ef4-11f1-9b18-005056b2a5de,01__NGA__VHO__KHO__500,VĨNH HẢO Nước Khoáng Có Ga 500ml,Chai,Tổng,101.0,,72.0,,89.0,,84.0,,112,1,db13f685-50b5-4a00-825a-13b67f13371a,,1,True,b98633b9-8ef4-11f1-9b18-005056b2a5de,01__NGA__VHO__KHO__500,VĨNH HẢO Nước Khoáng Có Ga 500ml,Nước Có Ga,VĨNH HẢO,,,a38f9189-ad87-11ef-a35e-005056b28600,
b8468f8e-8ef4-11f1-9b18-005056b2a5de,01__NGA__VHO__KHO__500,Kho Kệ,Chai,Kho Kệ,-25.0,,48.0,,89.0,,-66.0,,113,0,db13f685-50b5-4a00-825a-13b67f13371a,db13f685-50b5-4a00-825a-13b67f13371a,2,False,b9863482-8ef4-11f1-9b18-005056b2a5de,01__NGA__VHO__KHO__500,VĨNH HẢO Nước Khoáng Có Ga 500ml,Nước Có Ga,VĨNH HẢO,,aca0e3b9-1e75-496e-84ff-e96c9084f53f,a38f9189-ad87-11ef-a35e-005056b28600,CÔNG TY TNHH THƯƠNG MẠI VÀ DỊCH VỤ MIRA GROUP
b8468f8e-8ef4-11f1-9b18-005056b2a5de,01__NGA__VHO__KHO__500,Kho MIRA,Chai,Kho MIRA,126.0,,24.0,,0.0,,150.0,,114,0,db13f685-50b5-4a00-825a-13b67f13371a,db13f685-50b5-4a00-825a-13b67f13371a,2,False,b986355a-8ef4-11f1-9b18-005056b2a5de,01__NGA__VHO__KHO__500,VĨNH HẢO Nước Khoáng Có Ga 500ml,Nước Có Ga,VĨNH HẢO,,485b5d06-306c-11f0-b467-005056b34af7,a38f9189-ad87-11ef-a35e-005056b28600,CÔNG TY TNHH THƯƠNG MẠI VÀ DỊCH VỤ MIRA GROUP
b8468f8e-8ef4-11f1-9b18-005056b2a5de,01__NGA__VHO__LEM__500,VĨNH HẢO Lemona Nước Khoáng Chanh 500ml,Chai,Tổng,32.0,,72.0,,88.0,,16.0,,115,1,d069e214-b97d-44cc-89f4-cc4b7f1b0654,,1,True,b986362c-8ef4-11f1-9b18-005056b2a5de,01__NGA__VHO__LEM__500,VĨNH HẢO Lemona Nước Khoáng Chanh 500ml,Nước Có Ga,VĨNH HẢO Lemona,,,a38f9189-ad87-11ef-a35e-005056b28600,
b8468f8e-8ef4-11f1-9b18-005056b2a5de,01__NGA__VHO__LEM__500,Kho Kệ,Chai,Kho Kệ,-40.0,,48.0,,88.0,,-80.0,,116,0,d069e214-b97d-44cc-89f4-cc4b7f1b0654,d069e214-b97d-44cc-89f4-cc4b7f1b0654,2,False,b98637bd-8ef4-11f1-9b18-005056b2a5de,01__NGA__VHO__LEM__500,VĨNH HẢO Lemona Nước Khoáng Chanh 500ml,Nước Có Ga,VĨNH HẢO Lemona,,aca0e3b9-1e75-496e-84ff-e96c9084f53f,a38f9189-ad87-11ef-a35e-005056b28600,CÔNG TY TNHH THƯƠNG MẠI VÀ DỊCH VỤ MIRA GROUP
b8468f8e-8ef4-11f1-9b18-005056b2a5de,01__NGA__VHO__LEM__500,Kho MIRA,Chai,Kho MIRA,72.0,,24.0,,0.0,,96.0,,117,0,d069e214-b97d-44cc-89f4-cc4b7f1b0654,d069e214-b97d-44cc-89f4-cc4b7f1b0654,2,False,b98638fa-8ef4-11f1-9b18-005056b2a5de,01__NGA__VHO__LEM__500,VĨNH HẢO Lemona Nước Khoáng Chanh 500ml,Nước Có Ga,VĨNH HẢO Lemona,,485b5d06-306c-11f0-b467-005056b34af7,a38f9189-ad87-11ef-a35e-005056b28600,CÔNG TY TNHH THƯƠNG MẠI VÀ DỊCH VỤ MIRA GROUP
b8468f8e-8ef4-11f1-9b18-005056b2a5de,01__NGA__WEL__DTY__355,WELCH's Soda Vị Dâu Tây 355ml,Lon,Tổng,39.0,,0.0,,24.0,,15.0,,118,1,da5a8469-abf8-462f-9818-fc728f97a87c,,1,True,b9863b13-8ef4-11f1-9b18-005056b2a5de,01__NGA__WEL__DTY__355,WELCH's Soda Vị Dâu Tây 355ml,Nước Có Ga,welch's,,,a38f9189-ad87-11ef-a35e-005056b28600,
b8468f8e-8ef4-11f1-9b18-005056b2a5de,01__NGA__WEL__DTY__355,Kho Kệ,Lon,Kho Kệ,39.0,,0.0,,24.0,,15.0,,119,0,da5a8469-abf8-462f-9818-fc728f97a87c,da5a8469-abf8-462f-9818-fc728f97a87c,2,False,b9863be9-8ef4-11f1-9b18-005056b2a5de,01__NGA__WEL__DTY__355,WELCH's Soda Vị Dâu Tây 355ml,Nước Có Ga,welch's,,aca0e3b9-1e75-496e-84ff-e96c9084f53f,a38f9189-ad87-11ef-a35e-005056b28600,CÔNG TY TNHH THƯƠNG MẠI VÀ DỊCH VỤ MIRA GROUP
b8468f8e-8ef4-11f1-9b18-005056b2a5de,01__NGA__WEL__KCL__355,WELCH's Soda Vị Nho Tím Không Calo 355ml,Lon,Tổng,24.0,,0.0,,22.0,,2.0,,120,1,62890f17-365f-41da-891c-1455db2a5bba,,1,True,b9863cb6-8ef4-11f1-9b18-005056b2a5de,01__NGA__WEL__KCL__355,WELCH's Soda Vị Nho Tím Không Calo 355ml,Nước Có Ga,welch's,,,a38f9189-ad87-11ef-a35e-005056b28600,
b8468f8e-8ef4-11f1-9b18-005056b2a5de,01__NGA__WEL__KCL__355,Kho Kệ,Lon,Kho Kệ,0.0,,0.0,,22.0,,-22.0,,121,0,62890f17-365f-41da-891c-1455db2a5bba,62890f17-365f-41da-891c-1455db2a5bba,2,False,b9863e03-8ef4-11f1-9b18-005056b2a5de,01__NGA__WEL__KCL__355,WELCH's Soda Vị Nho Tím Không Calo 355ml,Nước Có Ga,welch's,,aca0e3b9-1e75-496e-84ff-e96c9084f53f,a38f9189-ad87-11ef-a35e-005056b28600,CÔNG TY TNHH THƯƠNG MẠI VÀ DỊCH VỤ MIRA GROUP
b8468f8e-8ef4-11f1-9b18-005056b2a5de,01__NGA__WEL__KCL__355,Kho MIRA,Lon,Kho MIRA,24.0,,0.0,,0.0,,24.0,,122,0,62890f17-365f-41da-891c-1455db2a5bba,62890f17-365f-41da-891c-1455db2a5bba,2,False,b9863f53-8ef4-11f1-9b18-005056b2a5de,01__NGA__WEL__KCL__355,WELCH's Soda Vị Nho Tím Không Calo 355ml,Nước Có Ga,welch's,,485b5d06-306c-11f0-b467-005056b34af7,a38f9189-ad87-11ef-a35e-005056b28600,CÔNG TY TNHH THƯƠNG MẠI VÀ DỊCH VỤ MIRA GROUP
b8468f8e-8ef4-11f1-9b18-005056b2a5de,01__NGA__WEL__NMD__355,WELCH's Soda Vị Nho Mẫu Đơn 355ml,Lon,Tổng,33.0,,0.0,,26.0,,7.0,,123,1,f28650c9-b55d-4200-8c67-a4db11649dfa,,1,True,b98640f8-8ef4-11f1-9b18-005056b2a5de,01__NGA__WEL__NMD__355,WELCH's Soda Vị Nho Mẫu Đơn 355ml,Nước Có Ga,welch's,,,a38f9189-ad87-11ef-a35e-005056b28600,
b8468f8e-8ef4-11f1-9b18-005056b2a5de,01__NGA__WEL__NMD__355,Kho Kệ,Lon,Kho Kệ,-9.0,,0.0,,26.0,,-35.0,,124,0,f28650c9-b55d-4200-8c67-a4db11649dfa,f28650c9-b55d-4200-8c67-a4db11649dfa,2,False,b98641c9-8ef4-11f1-9b18-005056b2a5de,01__NGA__WEL__NMD__355,WELCH's Soda Vị Nho Mẫu Đơn 355ml,Nước Có Ga,welch's,,aca0e3b9-1e75-496e-84ff-e96c9084f53f,a38f9189-ad87-11ef-a35e-005056b28600,CÔNG TY TNHH THƯƠNG MẠI VÀ DỊCH VỤ MIRA GROUP
b8468f8e-8ef4-11f1-9b18-005056b2a5de,01__NGA__WEL__NMD__355,Kho MIRA,Lon,Kho MIRA,42.0,,0.0,,0.0,,42.0,,125,0,f28650c9-b55d-4200-8c67-a4db11649dfa,f28650c9-b55d-4200-8c67-a4db11649dfa,2,False,b98642af-8ef4-11f1-9b18-005056b2a5de,01__NGA__WEL__NMD__355,WELCH's Soda Vị Nho Mẫu Đơn 355ml,Nước Có Ga,welch's,,485b5d06-306c-11f0-b467-005056b34af7,a38f9189-ad87-11ef-a35e-005056b28600,CÔNG TY TNHH THƯƠNG MẠI VÀ DỊCH VỤ MIRA GROUP
b8468f8e-8ef4-11f1-9b18-005056b2a5de,01__NGA__WEL__NTI__355,WELCH's Soda Vị Nho Tím 355ml,Lon,Tổng,21.0,,0.0,,21.0,,0.0,,126,1,ce8bf8dd-6bb6-4814-98db-1a8452426e5c,,1,True,b9864390-8ef4-11f1-9b18-005056b2a5de,01__NGA__WEL__NTI__355,WELCH's Soda Vị Nho Tím 355ml,Nước Có Ga,welch's,,,a38f9189-ad87-11ef-a35e-005056b28600,
b8468f8e-8ef4-11f1-9b18-005056b2a5de,01__NGA__WEL__NTI__355,Kho Kệ,Lon,Kho Kệ,-3.0,,0.0,,21.0,,-24.0,,127,0,ce8bf8dd-6bb6-4814-98db-1a8452426e5c,ce8bf8dd-6bb6-4814-98db-1a8452426e5c,2,False,b98644cf-8ef4-11f1-9b18-005056b2a5de,01__NGA__WEL__NTI__355,WELCH's Soda Vị Nho Tím 355ml,Nước Có Ga,welch's,,aca0e3b9-1e75-496e-84ff-e96c9084f53f,a38f9189-ad87-11ef-a35e-005056b28600,CÔNG TY TNHH THƯƠNG MẠI VÀ DỊCH VỤ MIRA GROUP
b8468f8e-8ef4-11f1-9b18-005056b2a5de,01__NGA__WEL__NTI__355,Kho MIRA,Lon,Kho MIRA,24.0,,0.0,,0.0,,24.0,,128,0,ce8bf8dd-6bb6-4814-98db-1a8452426e5c,ce8bf8dd-6bb6-4814-98db-1a8452426e5c,2,False,b98645a1-8ef4-11f1-9b18-005056b2a5de,01__NGA__WEL__NTI__355,WELCH's Soda Vị Nho Tím 355ml,Nước Có Ga,welch's,,485b5d06-306c-11f0-b467-005056b34af7,a38f9189-ad87-11ef-a35e-005056b28600,CÔNG TY TNHH THƯƠNG MẠI VÀ DỊCH VỤ MIRA GROUP
b8468f8e-8ef4-11f1-9b18-005056b2a5de,01__NLM__BOW__KIW__320,STRONGBOW Nước Trái Cây Lên Men Kiwi 320ml,Lon,Tổng,24.0,,0.0,,21.0,,3.0,,129,1,05b62e7b-82d2-47ae-88d2-7e4a9ffa516c,,1,True,b9864722-8ef4-11f1-9b18-005056b2a5de,01__NLM__BOW__KIW__320,STRONGBOW Nước Trái Cây Lên Men Kiwi 320ml,Nước Lên Men,STRONGBOW,,,a38f9189-ad87-11ef-a35e-005056b28600,
b8468f8e-8ef4-11f1-9b18-005056b2a5de,01__NLM__BOW__KIW__320,Kho Kệ,Lon,Kho Kệ,-12.0,,0.0,,21.0,,-33.0,,130,0,05b62e7b-82d2-47ae-88d2-7e4a9ffa516c,05b62e7b-82d2-47ae-88d2-7e4a9ffa516c,2,False,b9864877-8ef4-11f1-9b18-005056b2a5de,01__NLM__BOW__KIW__320,STRONGBOW Nước Trái Cây Lên Men Kiwi 320ml,Nước Lên Men,STRONGBOW,,aca0e3b9-1e75-496e-84ff-e96c9084f53f,a38f9189-ad87-11ef-a35e-005056b28600,CÔNG TY TNHH THƯƠNG MẠI VÀ DỊCH VỤ MIRA GROUP
b8468f8e-8ef4-11f1-9b18-005056b2a5de,01__NLM__BOW__KIW__320,Kho MIRA,Lon,Kho MIRA,36.0,,0.0,,0.0,,36.0,,131,0,05b62e7b-82d2-47ae-88d2-7e4a9ffa516c,05b62e7b-82d2-47ae-88d2-7e4a9ffa516c,2,False,b9864954-8ef4-11f1-9b18-005056b2a5de,01__NLM__BOW__KIW__320,STRONGBOW Nước Trái Cây Lên Men Kiwi 320ml,Nước Lên Men,STRONGBOW,,485b5d06-306c-11f0-b467-005056b34af7,a38f9189-ad87-11ef-a35e-005056b28600,CÔNG TY TNHH THƯƠNG MẠI VÀ DỊCH VỤ MIRA GROUP
b8468f8e-8ef4-11f1-9b18-005056b2a5de,01__NLM__BOW__POM__320,STRONGBOW Nước Trái Cây Lên Men Pomegranate 320ml,Lon,Tổng,39.0,,0.0,,29.0,,10.0,,132,1,14943d8e-3bae-47aa-b4bf-5bcaf862de02,,1,True,b9864a25-8ef4-11f1-9b18-005056b2a5de,01__NLM__BOW__POM__320,STRONGBOW Nước Trái Cây Lên Men Pomegranate 320ml,Nước Lên Men,STRONGBOW,,,a38f9189-ad87-11ef-a35e-005056b28600,
b8468f8e-8ef4-11f1-9b18-005056b2a5de,01__NLM__BOW__POM__320,Kho Kệ,Lon,Kho Kệ,-21.0,,0.0,,29.0,,-50.0,,133,0,14943d8e-3bae-47aa-b4bf-5bcaf862de02,14943d8e-3bae-47aa-b4bf-5bcaf862de02,2,False,b9864aef-8ef4-11f1-9b18-005056b2a5de,01__NLM__BOW__POM__320,STRONGBOW Nước Trái Cây Lên Men Pomegranate 320ml,Nước Lên Men,STRONGBOW,,aca0e3b9-1e75-496e-84ff-e96c9084f53f,a38f9189-ad87-11ef-a35e-005056b28600,CÔNG TY TNHH THƯƠNG MẠI VÀ DỊCH VỤ MIRA GROUP
b8468f8e-8ef4-11f1-9b18-005056b2a5de,01__NLM__BOW__POM__320,Kho MIRA,Lon,Kho MIRA,60.0,,0.0,,0.0,,60.0,,134,0,14943d8e-3bae-47aa-b4bf-5bcaf862de02,14943d8e-3bae-47aa-b4bf-5bcaf862de02,2,False,b9865034-8ef4-11f1-9b18-005056b2a5de,01__NLM__BOW__POM__320,STRONGBOW Nước Trái Cây Lên Men Pomegranate 320ml,Nước Lên Men,STRONGBOW,,485b5d06-306c-11f0-b467-005056b34af7,a38f9189-ad87-11ef-a35e-005056b28600,CÔNG TY TNHH THƯƠNG MẠI VÀ DỊCH VỤ MIRA GROUP
b8468f8e-8ef4-11f1-9b18-005056b2a5de,01__NLM__BOW__TAO__320,STRONGBOW Nước Táo Lên Men Gold Apple 320ml,Lon,Tổng,37.0,,0.0,,26.0,,11.0,,135,1,e7a1ff37-71ea-43c7-9882-8a10910d36d0,,1,True,b9865126-8ef4-11f1-9b18-005056b2a5de,01__NLM__BOW__TAO__320,STRONGBOW Nước Táo Lên Men Gold Apple 320ml,Nước Lên Men,STRONGBOW,,,a38f9189-ad87-11ef-a35e-005056b28600,
b8468f8e-8ef4-11f1-9b18-005056b2a5de,01__NLM__BOW__TAO__320,Kho Kệ,Lon,Kho Kệ,-17.0,,0.0,,26.0,,-43.0,,136,0,e7a1ff37-71ea-43c7-9882-8a10910d36d0,e7a1ff37-71ea-43c7-9882-8a10910d36d0,2,False,b9865256-8ef4-11f1-9b18-005056b2a5de,01__NLM__BOW__TAO__320,STRONGBOW Nước Táo Lên Men Gold Apple 320ml,Nước Lên Men,STRONGBOW,,aca0e3b9-1e75-496e-84ff-e96c9084f53f,a38f9189-ad87-11ef-a35e-005056b28600,CÔNG TY TNHH THƯƠNG MẠI VÀ DỊCH VỤ MIRA GROUP
b8468f8e-8ef4-11f1-9b18-005056b2a5de,01__NLM__BOW__TAO__320,Kho MIRA,Lon,Kho MIRA,54.0,,0.0,,0.0,,54.0,,137,0,e7a1ff37-71ea-43c7-9882-8a10910d36d0,e7a1ff37-71ea-43c7-9882-8a10910d36d0,2,False,b986532f-8ef4-11f1-9b18-005056b2a5de,01__NLM__BOW__TAO__320,STRONGBOW Nước Táo Lên Men Gold Apple 320ml,Nước Lên Men,STRONGBOW,,485b5d06-306c-11f0-b467-005056b34af7,a38f9189-ad87-11ef-a35e-005056b28600,CÔNG TY TNHH THƯƠNG MẠI VÀ DỊCH VỤ MIRA GROUP
b8468f8e-8ef4-11f1-9b18-005056b2a5de,01__NLO__AQU__CHI__1500,PEPSICO Aquafina Nước Lọc Chai 1.5L,Chai,Tổng,86.0,,252.0,,220.0,,118.0,,138,1,0b251d2d-1241-4542-928e-e2aa7a420b51,,1,True,b986547d-8ef4-11f1-9b18-005056b2a5de,01__NLO__AQU__CHI__1500,PEPSICO Aquafina Nước Lọc Chai 1.5L,Nước Lọc Chai,AQUAFINA,,,a38f9189-ad87-11ef-a35e-005056b28600,
b8468f8e-8ef4-11f1-9b18-005056b2a5de,01__NLO__AQU__CHI__1500,Kho Kệ,Chai,Kho Kệ,-22.0,,252.0,,220.0,,10.0,,139,0,0b251d2d-1241-4542-928e-e2aa7a420b51,0b251d2d-1241-4542-928e-e2aa7a420b51,2,False,b9865614-8ef4-11f1-9b18-005056b2a5de,01__NLO__AQU__CHI__1500,PEPSICO Aquafina Nước Lọc Chai 1.5L,Nước Lọc Chai,AQUAFINA,,aca0e3b9-1e75-496e-84ff-e96c9084f53f,a38f9189-ad87-11ef-a35e-005056b28600,CÔNG TY TNHH THƯƠNG MẠI VÀ DỊCH VỤ MIRA GROUP
b8468f8e-8ef4-11f1-9b18-005056b2a5de,01__NLO__AQU__CHI__1500,Kho MIRA,Chai,Kho MIRA,108.0,,0.0,,0.0,,108.0,,140,0,0b251d2d-1241-4542-928e-e2aa7a420b51,0b251d2d-1241-4542-928e-e2aa7a420b51,2,False,b9865773-8ef4-11f1-9b18-005056b2a5de,01__NLO__AQU__CHI__1500,PEPSICO Aquafina Nước Lọc Chai 1.5L,Nước Lọc Chai,AQUAFINA,,485b5d06-306c-11f0-b467-005056b34af7,a38f9189-ad87-11ef-a35e-005056b28600,CÔNG TY TNHH THƯƠNG MẠI VÀ DỊCH VỤ MIRA GROUP
b8468f8e-8ef4-11f1-9b18-005056b2a5de,01__NLO__AQU__CHI__500,PEPSICO Aquafina Nước Lọc Chai 500ml,Chai,Tổng,235.0,,408.0,,453.0,,190.0,,141,1,9c7b3e63-93c2-468c-ab30-cf48c17ce34f,,1,True,b98658aa-8ef4-11f1-9b18-005056b2a5de,01__NLO__AQU__CHI__500,PEPSICO Aquafina Nước Lọc Chai 500ml,Nước Lọc Chai,AQUAFINA,,,a38f9189-ad87-11ef-a35e-005056b28600,
b8468f8e-8ef4-11f1-9b18-005056b2a5de,01__NLO__AQU__CHI__500,Kho Kệ,Chai,Kho Kệ,-29.0,,408.0,,453.0,,-74.0,,142,0,9c7b3e63-93c2-468c-ab30-cf48c17ce34f,9c7b3e63-93c2-468c-ab30-cf48c17ce34f,2,False,b9865978-8ef4-11f1-9b18-005056b2a5de,01__NLO__AQU__CHI__500,PEPSICO Aquafina Nước Lọc Chai 500ml,Nước Lọc Chai,AQUAFINA,,aca0e3b9-1e75-496e-84ff-e96c9084f53f,a38f9189-ad87-11ef-a35e-005056b28600,CÔNG TY TNHH THƯƠNG MẠI VÀ DỊCH VỤ MIRA GROUP
b8468f8e-8ef4-11f1-9b18-005056b2a5de,01__NLO__AQU__CHI__500,Kho MIRA,Chai,Kho MIRA,264.0,,0.0,,0.0,,264.0,,143,0,9c7b3e63-93c2-468c-ab30-cf48c17ce34f,9c7b3e63-93c2-468c-ab30-cf48c17ce34f,2,False,b9865b6c-8ef4-11f1-9b18-005056b2a5de,01__NLO__AQU__CHI__500,PEPSICO Aquafina Nước Lọc Chai 500ml,Nước Lọc Chai,AQUAFINA,,485b5d06-306c-11f0-b467-005056b34af7,a38f9189-ad87-11ef-a35e-005056b28600,CÔNG TY TNHH THƯƠNG MẠI VÀ DỊCH VỤ MIRA GROUP
b8468f8e-8ef4-11f1-9b18-005056b2a5de,01__NLO__LAV__CHI__5000,LAVIE Chai 5L,Chai,Tổng,16.0,,20.0,,19.0,,17.0,,144,1,fa987949-6e73-4320-b4e7-df61f5a15125,,1,True,b9865c9c-8ef4-11f1-9b18-005056b2a5de,01__NLO__LAV__CHI__5000,LAVIE Chai 5L,Nước Lọc Chai,LAVIE,,,a38f9189-ad87-11ef-a35e-005056b28600,
b8468f8e-8ef4-11f1-9b18-005056b2a5de,01__NLO__LAV__CHI__5000,Kho Kệ,Chai,Kho Kệ,16.0,,20.0,,19.0,,17.0,,145,0,fa987949-6e73-4320-b4e7-df61f5a15125,fa987949-6e73-4320-b4e7-df61f5a15125,2,False,b9865dd1-8ef4-11f1-9b18-005056b2a5de,01__NLO__LAV__CHI__5000,LAVIE Chai 5L,Nước Lọc Chai,LAVIE,,aca0e3b9-1e75-496e-84ff-e96c9084f53f,a38f9189-ad87-11ef-a35e-005056b28600,CÔNG TY TNHH THƯƠNG MẠI VÀ DỊCH VỤ MIRA GROUP
b8468f8e-8ef4-11f1-9b18-005056b2a5de,01__NLO__LAV__DNE__500,LAVIE Vị Dịu Nhẹ Chai 500ml,Chai,Tổng,3.0,,120.0,,97.0,,26.0,,146,1,8b58dbd3-01ba-4256-b20f-64da8f8d2b37,,1,True,b9865ea2-8ef4-11f1-9b18-005056b2a5de,01__NLO__LAV__DNE__500,LAVIE Vị Dịu Nhẹ Chai 500ml,Nước Lọc Chai,LAVIE,,,a38f9189-ad87-11ef-a35e-005056b28600,
b8468f8e-8ef4-11f1-9b18-005056b2a5de,01__NLO__LAV__DNE__500,Kho Kệ,Chai,Kho Kệ,-21.0,,120.0,,97.0,,2.0,,147,0,8b58dbd3-01ba-4256-b20f-64da8f8d2b37,8b58dbd3-01ba-4256-b20f-64da8f8d2b37,2,False,b9865f61-8ef4-11f1-9b18-005056b2a5de,01__NLO__LAV__DNE__500,LAVIE Vị Dịu Nhẹ Chai 500ml,Nước Lọc Chai,LAVIE,,aca0e3b9-1e75-496e-84ff-e96c9084f53f,a38f9189-ad87-11ef-a35e-005056b28600,CÔNG TY TNHH THƯƠNG MẠI VÀ DỊCH VỤ MIRA GROUP
b8468f8e-8ef4-11f1-9b18-005056b2a5de,01__NLO__LAV__DNE__500,Kho MIRA,Chai,Kho MIRA,24.0,,0.0,,0.0,,24.0,,148,0,8b58dbd3-01ba-4256-b20f-64da8f8d2b37,8b58dbd3-01ba-4256-b20f-64da8f8d2b37,2,False,b98660c0-8ef4-11f1-9b18-005056b2a5de,01__NLO__LAV__DNE__500,LAVIE Vị Dịu Nhẹ Chai 500ml,Nước Lọc Chai,LAVIE,,485b5d06-306c-11f0-b467-005056b34af7,a38f9189-ad87-11ef-a35e-005056b28600,CÔNG TY TNHH THƯƠNG MẠI VÀ DỊCH VỤ MIRA GROUP
b8468f8e-8ef4-11f1-9b18-005056b2a5de,01__NLO__LAV__NBN__500,LAVIE Nguyên Bản Chai 500ml,Chai,Tổng,61.0,,120.0,,115.0,,66.0,,149,1,28364e6b-75d0-467a-9ba4-1b66fba0d90f,,1,True,b986619a-8ef4-11f1-9b18-005056b2a5de,01__NLO__LAV__NBN__500,LAVIE Nguyên Bản Chai 500ml,Nước Lọc Chai,LAVIE,,,a38f9189-ad87-11ef-a35e-005056b28600,
b8468f8e-8ef4-11f1-9b18-005056b2a5de,01__NLO__LAV__NBN__500,Kho Kệ,Chai,Kho Kệ,-11.0,,120.0,,115.0,,-6.0,,150,0,28364e6b-75d0-467a-9ba4-1b66fba0d90f,28364e6b-75d0-467a-9ba4-1b66fba0d90f,2,False,b98662ca-8ef4-11f1-9b18-005056b2a5de,01__NLO__LAV__NBN__500,LAVIE Nguyên Bản Chai 500ml,Nước Lọc Chai,LAVIE,,aca0e3b9-1e75-496e-84ff-e96c9084f53f,a38f9189-ad87-11ef-a35e-005056b28600,CÔNG TY TNHH THƯƠNG MẠI VÀ DỊCH VỤ MIRA GROUP
b8468f8e-8ef4-11f1-9b18-005056b2a5de,01__NLO__LAV__NBN__500,Kho MIRA,Chai,Kho MIRA,72.0,,0.0,,0.0,,72.0,,151,0,28364e6b-75d0-467a-9ba4-1b66fba0d90f,28364e6b-75d0-467a-9ba4-1b66fba0d90f,2,False,b986639b-8ef4-11f1-9b18-005056b2a5de,01__NLO__LAV__NBN__500,LAVIE Nguyên Bản Chai 500ml,Nước Lọc Chai,LAVIE,,485b5d06-306c-11f0-b467-005056b34af7,a38f9189-ad87-11ef-a35e-005056b28600,CÔNG TY TNHH THƯƠNG MẠI VÀ DỊCH VỤ MIRA GROUP
b8468f8e-8ef4-11f1-9b18-005056b2a5de,01__NLO__VHO__0GA__1500,VĨNH HẢO Nước Khoáng Không Ga 1.5L,Chai,Tổng,1.0,,0.0,,0.0,,1.0,,152,1,a90da21d-1f80-41bd-ae3b-e77ea8517dc8,,1,True,b9866542-8ef4-11f1-9b18-005056b2a5de,01__NLO__VHO__0GA__1500,VĨNH HẢO Nước Khoáng Không Ga 1.5L,Nước Lọc Chai,VĨNH HẢO,,,a38f9189-ad87-11ef-a35e-005056b28600,
b8468f8e-8ef4-11f1-9b18-005056b2a5de,01__NLO__VHO__0GA__1500,Kho Kệ,Chai,Kho Kệ,1.0,,0.0,,0.0,,1.0,,153,0,a90da21d-1f80-41bd-ae3b-e77ea8517dc8,a90da21d-1f80-41bd-ae3b-e77ea8517dc8,2,False,b9866623-8ef4-11f1-9b18-005056b2a5de,01__NLO__VHO__0GA__1500,VĨNH HẢO Nước Khoáng Không Ga 1.5L,Nước Lọc Chai,VĨNH HẢO,,aca0e3b9-1e75-496e-84ff-e96c9084f53f,a38f9189-ad87-11ef-a35e-005056b28600,CÔNG TY TNHH THƯƠNG MẠI VÀ DỊCH VỤ MIRA GROUP
b8468f8e-8ef4-11f1-9b18-005056b2a5de,01__NLO__VHO__0GA__500,VĨNH HẢO Nước Khoáng Không Ga 500ml,Chai,Tổng,55.0,,120.0,,138.0,,37.0,,154,1,e2b99b86-d0e8-49b5-a9c8-5d5ed3860086,,1,True,b98666fa-8ef4-11f1-9b18-005056b2a5de,01__NLO__VHO__0GA__500,VĨNH HẢO Nước Khoáng Không Ga 500ml,Nước Lọc Chai,VĨNH HẢO,,,a38f9189-ad87-11ef-a35e-005056b28600,
b8468f8e-8ef4-11f1-9b18-005056b2a5de,01__NLO__VHO__0GA__500,Kho Kệ,Chai,Kho Kệ,-41.0,,48.0,,138.0,,-131.0,,155,0,e2b99b86-d0e8-49b5-a9c8-5d5ed3860086,e2b99b86-d0e8-49b5-a9c8-5d5ed3860086,2,False,b98667bf-8ef4-11f1-9b18-005056b2a5de,01__NLO__VHO__0GA__500,VĨNH HẢO Nước Khoáng Không Ga 500ml,Nước Lọc Chai,VĨNH HẢO,,aca0e3b9-1e75-496e-84ff-e96c9084f53f,a38f9189-ad87-11ef-a35e-005056b28600,CÔNG TY TNHH THƯƠNG MẠI VÀ DỊCH VỤ MIRA GROUP
b8468f8e-8ef4-11f1-9b18-005056b2a5de,01__NLO__VHO__0GA__500,Kho MIRA,Chai,Kho MIRA,96.0,,72.0,,0.0,,168.0,,156,0,e2b99b86-d0e8-49b5-a9c8-5d5ed3860086,e2b99b86-d0e8-49b5-a9c8-5d5ed3860086,2,False,b98669dd-8ef4-11f1-9b18-005056b2a5de,01__NLO__VHO__0GA__500,VĨNH HẢO Nước Khoáng Không Ga 500ml,Nước Lọc Chai,VĨNH HẢO,,485b5d06-306c-11f0-b467-005056b34af7,a38f9189-ad87-11ef-a35e-005056b28600,CÔNG TY TNHH THƯƠNG MẠI VÀ DỊCH VỤ MIRA GROUP
b8468f8e-8ef4-11f1-9b18-005056b2a5de,01__NLU__COM__LUU__330,COMPACT Nước Tăng Lực Vị Lựu Chai 330ml,Chai,Tổng,6.0,,0.0,,0.0,,6.0,,157,1,9dc22f12-b3b8-4a8c-9bda-d58e93b582e7,,1,True,b9866b48-8ef4-11f1-9b18-005056b2a5de,01__NLU__COM__LUU__330,COMPACT Nước Tăng Lực Vị Lựu Chai 330ml,Nước Tăng Lực,Compact,,,a38f9189-ad87-11ef-a35e-005056b28600,
b8468f8e-8ef4-11f1-9b18-005056b2a5de,01__NLU__COM__LUU__330,Kho MIRA,Chai,Kho MIRA,6.0,,0.0,,0.0,,6.0,,158,0,9dc22f12-b3b8-4a8c-9bda-d58e93b582e7,9dc22f12-b3b8-4a8c-9bda-d58e93b582e7,2,False,b9867237-8ef4-11f1-9b18-005056b2a5de,01__NLU__COM__LUU__330,COMPACT Nước Tăng Lực Vị Lựu Chai 330ml,Nước Tăng Lực,Compact,,485b5d06-306c-11f0-b467-005056b34af7,a38f9189-ad87-11ef-a35e-005056b28600,CÔNG TY TNHH THƯƠNG MẠI VÀ DỊCH VỤ MIRA GROUP
b8468f8e-8ef4-11f1-9b18-005056b2a5de,01__NLU__LIP__MNN__250,LIPOVITAN Nước Tăng Lực Mật Nhân Lon 250ml,Lon,Tổng,44.0,,0.0,,11.0,,33.0,,159,1,801d18ec-5fc1-485b-9048-2dbf7829d255,,1,True,b9867390-8ef4-11f1-9b18-005056b2a5de,01__NLU__LIP__MNN__250,LIPOVITAN Nước Tăng Lực Mật Nhân Lon 250ml,Nước Tăng Lực,LIPOVITAN,,,a38f9189-ad87-11ef-a35e-005056b28600,
b8468f8e-8ef4-11f1-9b18-005056b2a5de,01__NLU__LIP__MNN__250,Kho Kệ,Lon,Kho Kệ,14.0,,0.0,,11.0,,3.0,,160,0,801d18ec-5fc1-485b-9048-2dbf7829d255,801d18ec-5fc1-485b-9048-2dbf7829d255,2,False,b986754c-8ef4-11f1-9b18-005056b2a5de,01__NLU__LIP__MNN__250,LIPOVITAN Nước Tăng Lực Mật Nhân Lon 250ml,Nước Tăng Lực,LIPOVITAN,,aca0e3b9-1e75-496e-84ff-e96c9084f53f,a38f9189-ad87-11ef-a35e-005056b28600,CÔNG TY TNHH THƯƠNG MẠI VÀ DỊCH VỤ MIRA GROUP
b8468f8e-8ef4-11f1-9b18-005056b2a5de,01__NLU__LIP__MNN__250,Kho MIRA,Lon,Kho MIRA,30.0,,0.0,,0.0,,30.0,,161,0,801d18ec-5fc1-485b-9048-2dbf7829d255,801d18ec-5fc1-485b-9048-2dbf7829d255,2,False,b986774f-8ef4-11f1-9b18-005056b2a5de,01__NLU__LIP__MNN__250,LIPOVITAN Nước Tăng Lực Mật Nhân Lon 250ml,Nước Tăng Lực,LIPOVITAN,,485b5d06-306c-11f0-b467-005056b34af7,a38f9189-ad87-11ef-a35e-005056b28600,CÔNG TY TNHH THƯƠNG MẠI VÀ DỊCH VỤ MIRA GROUP
b8468f8e-8ef4-11f1-9b18-005056b2a5de,01__NLU__LIP__MOG__250,LIPOVITAN Nước Tăng Lực Mật Ong Lon 250ml,Lon,Tổng,29.0,,0.0,,21.0,,8.0,,162,1,af2025fc-7388-4eee-a6d7-f084e2c3daac,,1,True,b9867867-8ef4-11f1-9b18-005056b2a5de,01__NLU__LIP__MOG__250,LIPOVITAN Nước Tăng Lực Mật Ong Lon 250ml,Nước Tăng Lực,LIPOVITAN,,,a38f9189-ad87-11ef-a35e-005056b28600,
b8468f8e-8ef4-11f1-9b18-005056b2a5de,01__NLU__LIP__MOG__250,Kho Kệ,Lon,Kho Kệ,11.0,,0.0,,21.0,,-10.0,,163,0,af2025fc-7388-4eee-a6d7-f084e2c3daac,af2025fc-7388-4eee-a6d7-f084e2c3daac,2,False,b986792b-8ef4-11f1-9b18-005056b2a5de,01__NLU__LIP__MOG__250,LIPOVITAN Nước Tăng Lực Mật Ong Lon 250ml,Nước Tăng Lực,LIPOVITAN,,aca0e3b9-1e75-496e-84ff-e96c9084f53f,a38f9189-ad87-11ef-a35e-005056b28600,CÔNG TY TNHH THƯƠNG MẠI VÀ DỊCH VỤ MIRA GROUP
b8468f8e-8ef4-11f1-9b18-005056b2a5de,01__NLU__LIP__MOG__250,Kho MIRA,Lon,Kho MIRA,18.0,,0.0,,0.0,,18.0,,164,0,af2025fc-7388-4eee-a6d7-f084e2c3daac,af2025fc-7388-4eee-a6d7-f084e2c3daac,2,False,b98679f3-8ef4-11f1-9b18-005056b2a5de,01__NLU__LIP__MOG__250,LIPOVITAN Nước Tăng Lực Mật Ong Lon 250ml,Nước Tăng Lực,LIPOVITAN,,485b5d06-306c-11f0-b467-005056b34af7,a38f9189-ad87-11ef-a35e-005056b28600,CÔNG TY TNHH THƯƠNG MẠI VÀ DỊCH VỤ MIRA GROUP
b8468f8e-8ef4-11f1-9b18-005056b2a5de,01__NLU__MON__DEN__355,COCA-COLA Monster Nước Tăng Lực Đen 355ml,Lon,Tổng,40.0,,0.0,,42.0,,-2.0,,165,1,e85f0b1e-bd58-4f2f-b656-e28ec289371c,,1,True,b9867c47-8ef4-11f1-9b18-005056b2a5de,01__NLU__MON__DEN__355,COCA-COLA Monster Nước Tăng Lực Đen 355ml,Nước Tăng Lực,MONSTER,,,a38f9189-ad87-11ef-a35e-005056b28600,
b8468f8e-8ef4-11f1-9b18-005056b2a5de,01__NLU__MON__DEN__355,Kho Kệ,Lon,Kho Kệ,4.0,,0.0,,42.0,,-38.0,,166,0,e85f0b1e-bd58-4f2f-b656-e28ec289371c,e85f0b1e-bd58-4f2f-b656-e28ec289371c,2,False,b9867d26-8ef4-11f1-9b18-005056b2a5de,01__NLU__MON__DEN__355,COCA-COLA Monster Nước Tăng Lực Đen 355ml,Nước Tăng Lực,MONSTER,,aca0e3b9-1e75-496e-84ff-e96c9084f53f,a38f9189-ad87-11ef-a35e-005056b28600,CÔNG TY TNHH THƯƠNG MẠI VÀ DỊCH VỤ MIRA GROUP
b8468f8e-8ef4-11f1-9b18-005056b2a5de,01__NLU__MON__DEN__355,Kho MIRA,Lon,Kho MIRA,36.0,,0.0,,0.0,,36.0,,167,0,e85f0b1e-bd58-4f2f-b656-e28ec289371c,e85f0b1e-bd58-4f2f-b656-e28ec289371c,2,False,b9867def-8ef4-11f1-9b18-005056b2a5de,01__NLU__MON__DEN__355,COCA-COLA Monster Nước Tăng Lực Đen 355ml,Nước Tăng Lực,MONSTER,,485b5d06-306c-11f0-b467-005056b34af7,a38f9189-ad87-11ef-a35e-005056b28600,CÔNG TY TNHH THƯƠNG MẠI VÀ DỊCH VỤ MIRA GROUP
b8468f8e-8ef4-11f1-9b18-005056b2a5de,01__NLU__MON__HOG__320,COCA-COLA Monster Nước Tăng Lực Hồng 320ml,Lon,Tổng,42.0,,0.0,,22.0,,20.0,,168,1,b3c565f5-4ef3-406b-a10d-e44a93e328ac,,1,True,b9867ecf-8ef4-11f1-9b18-005056b2a5de,01__NLU__MON__HOG__320,COCA-COLA Monster Nước Tăng Lực Hồng 320ml,Nước Tăng Lực,MONSTER,,,a38f9189-ad87-11ef-a35e-005056b28600,
b8468f8e-8ef4-11f1-9b18-005056b2a5de,01__NLU__MON__HOG__320,Kho Kệ,Lon,Kho Kệ,0.0,,0.0,,22.0,,-22.0,,169,0,b3c565f5-4ef3-406b-a10d-e44a93e328ac,b3c565f5-4ef3-406b-a10d-e44a93e328ac,2,False,b9867f9e-8ef4-11f1-9b18-005056b2a5de,01__NLU__MON__HOG__320,COCA-COLA Monster Nước Tăng Lực Hồng 320ml,Nước Tăng Lực,MONSTER,,aca0e3b9-1e75-496e-84ff-e96c9084f53f,a38f9189-ad87-11ef-a35e-005056b28600,CÔNG TY TNHH THƯƠNG MẠI VÀ DỊCH VỤ MIRA GROUP
b8468f8e-8ef4-11f1-9b18-005056b2a5de,01__NLU__MON__HOG__320,Kho MIRA,Lon,Kho MIRA,42.0,,0.0,,0.0,,42.0,,170,0,b3c565f5-4ef3-406b-a10d-e44a93e328ac,b3c565f5-4ef3-406b-a10d-e44a93e328ac,2,False,b98680d8-8ef4-11f1-9b18-005056b2a5de,01__NLU__MON__HOG__320,COCA-COLA Monster Nước Tăng Lực Hồng 320ml,Nước Tăng Lực,MONSTER,,485b5d06-306c-11f0-b467-005056b34af7,a38f9189-ad87-11ef-a35e-005056b28600,CÔNG TY TNHH THƯƠNG MẠI VÀ DỊCH VỤ MIRA GROUP
b8468f8e-8ef4-11f1-9b18-005056b2a5de,01__NLU__MON__TRG__355,COCA-COLA Monster Ultra Nước Tăng Lực Trắng 355ml,Lon,Tổng,38.0,,0.0,,11.0,,27.0,,171,1,19ba6e16-c278-4418-8472-f8313a770ec0,,1,True,b98681a7-8ef4-11f1-9b18-005056b2a5de,01__NLU__MON__TRG__355,COCA-COLA Monster Ultra Nước Tăng Lực Trắng 355ml,Nước Tăng Lực,MONSTER,,,a38f9189-ad87-11ef-a35e-005056b28600,
b8468f8e-8ef4-11f1-9b18-005056b2a5de,01__NLU__MON__TRG__355,Kho Kệ,Lon,Kho Kệ,2.0,,0.0,,11.0,,-9.0,,172,0,19ba6e16-c278-4418-8472-f8313a770ec0,19ba6e16-c278-4418-8472-f8313a770ec0,2,False,b9868265-8ef4-11f1-9b18-005056b2a5de,01__NLU__MON__TRG__355,COCA-COLA Monster Ultra Nước Tăng Lực Trắng 355ml,Nước Tăng Lực,MONSTER,,aca0e3b9-1e75-496e-84ff-e96c9084f53f,a38f9189-ad87-11ef-a35e-005056b28600,CÔNG TY TNHH THƯƠNG MẠI VÀ DỊCH VỤ MIRA GROUP
b8468f8e-8ef4-11f1-9b18-005056b2a5de,01__NLU__MON__TRG__355,Kho MIRA,Lon,Kho MIRA,36.0,,0.0,,0.0,,36.0,,173,0,19ba6e16-c278-4418-8472-f8313a770ec0,19ba6e16-c278-4418-8472-f8313a770ec0,2,False,b9868323-8ef4-11f1-9b18-005056b2a5de,01__NLU__MON__TRG__355,COCA-COLA Monster Ultra Nước Tăng Lực Trắng 355ml,Nước Tăng Lực,MONSTER,,485b5d06-306c-11f0-b467-005056b34af7,a38f9189-ad87-11ef-a35e-005056b28600,CÔNG TY TNHH THƯƠNG MẠI VÀ DỊCH VỤ MIRA GROUP
b8468f8e-8ef4-11f1-9b18-005056b2a5de,01__NLU__MON__XDG__320,COCA-COLA Monster Nước Tăng Lực Xanh Dương 320ml,Lon,Tổng,15.0,,3.0,,15.0,,3.0,,174,1,fb3bfb9b-e502-4b1f-bbeb-d709db115d11,,1,True,b98683f9-8ef4-11f1-9b18-005056b2a5de,01__NLU__MON__XDG__320,COCA-COLA Monster Nước Tăng Lực Xanh Dương 320ml,Nước Tăng Lực,MONSTER,,,a38f9189-ad87-11ef-a35e-005056b28600,
b8468f8e-8ef4-11f1-9b18-005056b2a5de,01__NLU__MON__XDG__320,Kho Kệ,Lon,Kho Kệ,6.0,,3.0,,15.0,,-6.0,,175,0,fb3bfb9b-e502-4b1f-bbeb-d709db115d11,fb3bfb9b-e502-4b1f-bbeb-d709db115d11,2,False,b98684c8-8ef4-11f1-9b18-005056b2a5de,01__NLU__MON__XDG__320,COCA-COLA Monster Nước Tăng Lực Xanh Dương 320ml,Nước Tăng Lực,MONSTER,,aca0e3b9-1e75-496e-84ff-e96c9084f53f,a38f9189-ad87-11ef-a35e-005056b28600,CÔNG TY TNHH THƯƠNG MẠI VÀ DỊCH VỤ MIRA GROUP
b8468f8e-8ef4-11f1-9b18-005056b2a5de,01__NLU__MON__XDG__320,Kho MIRA,Lon,Kho MIRA,9.0,,0.0,,0.0,,9.0,,176,0,fb3bfb9b-e502-4b1f-bbeb-d709db115d11,fb3bfb9b-e502-4b1f-bbeb-d709db115d11,2,False,b986858a-8ef4-11f1-9b18-005056b2a5de,01__NLU__MON__XDG__320,COCA-COLA Monster Nước Tăng Lực Xanh Dương 320ml,Nước Tăng Lực,MONSTER,,485b5d06-306c-11f0-b467-005056b34af7,a38f9189-ad87-11ef-a35e-005056b28600,CÔNG TY TNHH THƯƠNG MẠI VÀ DỊCH VỤ MIRA GROUP
b8468f8e-8ef4-11f1-9b18-005056b2a5de,01__NLU__MON__XLA__320,COCA-COLA Monster Nước Tăng Lực Xanh Lá 320ml,Lon,Tổng,30.0,,48.0,,10.0,,68.0,,177,1,791e3592-d43c-47cd-948b-65199e1add53,,1,True,b9868652-8ef4-11f1-9b18-005056b2a5de,01__NLU__MON__XLA__320,COCA-COLA Monster Nước Tăng Lực Xanh Lá 320ml,Nước Tăng Lực,MONSTER,,,a38f9189-ad87-11ef-a35e-005056b28600,
b8468f8e-8ef4-11f1-9b18-005056b2a5de,01__NLU__MON__XLA__320,Kho Kệ,Lon,Kho Kệ,6.0,,48.0,,10.0,,44.0,,178,0,791e3592-d43c-47cd-948b-65199e1add53,791e3592-d43c-47cd-948b-65199e1add53,2,False,b9868714-8ef4-11f1-9b18-005056b2a5de,01__NLU__MON__XLA__320,COCA-COLA Monster Nước Tăng Lực Xanh Lá 320ml,Nước Tăng Lực,MONSTER,,aca0e3b9-1e75-496e-84ff-e96c9084f53f,a38f9189-ad87-11ef-a35e-005056b28600,CÔNG TY TNHH THƯƠNG MẠI VÀ DỊCH VỤ MIRA GROUP
b8468f8e-8ef4-11f1-9b18-005056b2a5de,01__NLU__MON__XLA__320,Kho MIRA,Lon,Kho MIRA,24.0,,0.0,,0.0,,24.0,,179,0,791e3592-d43c-47cd-948b-65199e1add53,791e3592-d43c-47cd-948b-65199e1add53,2,False,b98687d2-8ef4-11f1-9b18-005056b2a5de,01__NLU__MON__XLA__320,COCA-COLA Monster Nước Tăng Lực Xanh Lá 320ml,Nước Tăng Lực,MONSTER,,485b5d06-306c-11f0-b467-005056b34af7,a38f9189-ad87-11ef-a35e-005056b28600,CÔNG TY TNHH THƯƠNG MẠI VÀ DỊCH VỤ MIRA GROUP
b8468f8e-8ef4-11f1-9b18-005056b2a5de,01__NLU__RED__CDE__145,REDBULL Nước Tăng Lực Chai Thủy Tinh Đen 145ml,Chai,Tổng,0.0,,50.0,,4.0,,46.0,,180,1,81bed724-5831-4f07-9d2c-ed2969ad5374,,1,True,b98688a6-8ef4-11f1-9b18-005056b2a5de,01__NLU__RED__CDE__145,REDBULL Nước Tăng Lực Chai Thủy Tinh Đen 145ml,Nước Tăng Lực,REDBULL,,,a38f9189-ad87-11ef-a35e-005056b28600,
b8468f8e-8ef4-11f1-9b18-005056b2a5de,01__NLU__RED__CDE__145,Kho Kệ,Chai,Kho Kệ,0.0,,50.0,,4.0,,46.0,,181,0,81bed724-5831-4f07-9d2c-ed2969ad5374,81bed724-5831-4f07-9d2c-ed2969ad5374,2,False,b98689d0-8ef4-11f1-9b18-005056b2a5de,01__NLU__RED__CDE__145,REDBULL Nước Tăng Lực Chai Thủy Tinh Đen 145ml,Nước Tăng Lực,REDBULL,,aca0e3b9-1e75-496e-84ff-e96c9084f53f,a38f9189-ad87-11ef-a35e-005056b28600,CÔNG TY TNHH THƯƠNG MẠI VÀ DỊCH VỤ MIRA GROUP
b8468f8e-8ef4-11f1-9b18-005056b2a5de,01__NLU__RED__CDO__145,REDBULL Nước Tăng Lực Chai Thủy Tinh Đỏ 145ml,Chai,Tổng,35.0,,50.0,,24.0,,61.0,,182,1,350ba9ba-1167-4ece-a7b9-9c17fdcefcfa,,1,True,b9868ab7-8ef4-11f1-9b18-005056b2a5de,01__NLU__RED__CDO__145,REDBULL Nước Tăng Lực Chai Thủy Tinh Đỏ 145ml,Nước Tăng Lực,REDBULL,,,a38f9189-ad87-11ef-a35e-005056b28600,
b8468f8e-8ef4-11f1-9b18-005056b2a5de,01__NLU__RED__CDO__145,Kho Kệ,Chai,Kho Kệ,-5.0,,50.0,,24.0,,21.0,,183,0,350ba9ba-1167-4ece-a7b9-9c17fdcefcfa,350ba9ba-1167-4ece-a7b9-9c17fdcefcfa,2,False,b9868b79-8ef4-11f1-9b18-005056b2a5de,01__NLU__RED__CDO__145,REDBULL Nước Tăng Lực Chai Thủy Tinh Đỏ 145ml,Nước Tăng Lực,REDBULL,,aca0e3b9-1e75-496e-84ff-e96c9084f53f,a38f9189-ad87-11ef-a35e-005056b28600,CÔNG TY TNHH THƯƠNG MẠI VÀ DỊCH VỤ MIRA GROUP
b8468f8e-8ef4-11f1-9b18-005056b2a5de,01__NLU__RED__CDO__145,Kho MIRA,Chai,Kho MIRA,40.0,,0.0,,0.0,,40.0,,184,0,350ba9ba-1167-4ece-a7b9-9c17fdcefcfa,350ba9ba-1167-4ece-a7b9-9c17fdcefcfa,2,False,b9868cb0-8ef4-11f1-9b18-005056b2a5de,01__NLU__RED__CDO__145,REDBULL Nước Tăng Lực Chai Thủy Tinh Đỏ 145ml,Nước Tăng Lực,REDBULL,,485b5d06-306c-11f0-b467-005056b34af7,a38f9189-ad87-11ef-a35e-005056b28600,CÔNG TY TNHH THƯƠNG MẠI VÀ DỊCH VỤ MIRA GROUP
b8468f8e-8ef4-11f1-9b18-005056b2a5de,01__NLU__RED__CXA__145,REDBULL Nước Tăng Lực Chai Thủy Tinh Xanh 145ml,Chai,Tổng,50.0,,50.0,,41.0,,59.0,,185,1,774b4b27-616b-47b5-9f81-ae388f1cd2a9,,1,True,b9868d7b-8ef4-11f1-9b18-005056b2a5de,01__NLU__RED__CXA__145,REDBULL Nước Tăng Lực Chai Thủy Tinh Xanh 145ml,Nước Tăng Lực,REDBULL,,,a38f9189-ad87-11ef-a35e-005056b28600,
b8468f8e-8ef4-11f1-9b18-005056b2a5de,01__NLU__RED__CXA__145,Kho Kệ,Chai,Kho Kệ,-20.0,,50.0,,41.0,,-11.0,,186,0,774b4b27-616b-47b5-9f81-ae388f1cd2a9,774b4b27-616b-47b5-9f81-ae388f1cd2a9,2,False,b9868e39-8ef4-11f1-9b18-005056b2a5de,01__NLU__RED__CXA__145,REDBULL Nước Tăng Lực Chai Thủy Tinh Xanh 145ml,Nước Tăng Lực,REDBULL,,aca0e3b9-1e75-496e-84ff-e96c9084f53f,a38f9189-ad87-11ef-a35e-005056b28600,CÔNG TY TNHH THƯƠNG MẠI VÀ DỊCH VỤ MIRA GROUP
b8468f8e-8ef4-11f1-9b18-005056b2a5de,01__NLU__RED__CXA__145,Kho MIRA,Chai,Kho MIRA,70.0,,0.0,,0.0,,70.0,,187,0,774b4b27-616b-47b5-9f81-ae388f1cd2a9,774b4b27-616b-47b5-9f81-ae388f1cd2a9,2,False,b9868efa-8ef4-11f1-9b18-005056b2a5de,01__NLU__RED__CXA__145,REDBULL Nước Tăng Lực Chai Thủy Tinh Xanh 145ml,Nước Tăng Lực,REDBULL,,485b5d06-306c-11f0-b467-005056b34af7,a38f9189-ad87-11ef-a35e-005056b28600,CÔNG TY TNHH THƯƠNG MẠI VÀ DỊCH VỤ MIRA GROUP
b8468f8e-8ef4-11f1-9b18-005056b2a5de,01__NLU__RED__TH2__250,REDBULL Nước Tăng Lực Vàng Thailand 250ml,Lon,Tổng,3.0,,0.0,,0.0,,3.0,,188,1,9139ef17-9161-4d98-9b54-0077f7787762,,1,True,b986910b-8ef4-11f1-9b18-005056b2a5de,01__NLU__RED__TH2__250,REDBULL Nước Tăng Lực Vàng Thailand 250ml,Nước Tăng Lực,REDBULL,,,a38f9189-ad87-11ef-a35e-005056b28600,
b8468f8e-8ef4-11f1-9b18-005056b2a5de,01__NLU__RED__TH2__250,Kho Kệ,Lon,Kho Kệ,3.0,,0.0,,0.0,,3.0,,189,0,9139ef17-9161-4d98-9b54-0077f7787762,9139ef17-9161-4d98-9b54-0077f7787762,2,False,b98691de-8ef4-11f1-9b18-005056b2a5de,01__NLU__RED__TH2__250,REDBULL Nước Tăng Lực Vàng Thailand 250ml,Nước Tăng Lực,REDBULL,,aca0e3b9-1e75-496e-84ff-e96c9084f53f,a38f9189-ad87-11ef-a35e-005056b28600,CÔNG TY TNHH THƯƠNG MẠI VÀ DỊCH VỤ MIRA GROUP
b8468f8e-8ef4-11f1-9b18-005056b2a5de,01__NLU__RED__VAG__250,REDBULL Nước Tăng Lực Vàng Việt 250ml,Lon,Tổng,124.0,,52.0,,111.0,,65.0,,190,1,f965db1e-663f-4e22-ab98-499a55aa90ea,,1,True,b98692aa-8ef4-11f1-9b18-005056b2a5de,01__NLU__RED__VAG__250,REDBULL Nước Tăng Lực Vàng Việt 250ml,Nước Tăng Lực,REDBULL,,,a38f9189-ad87-11ef-a35e-005056b28600,
b8468f8e-8ef4-11f1-9b18-005056b2a5de,01__NLU__RED__VAG__250,Kho Kệ,Lon,Kho Kệ,-10.0,,52.0,,111.0,,-69.0,,191,0,f965db1e-663f-4e22-ab98-499a55aa90ea,f965db1e-663f-4e22-ab98-499a55aa90ea,2,False,b986936c-8ef4-11f1-9b18-005056b2a5de,01__NLU__RED__VAG__250,REDBULL Nước Tăng Lực Vàng Việt 250ml,Nước Tăng Lực,REDBULL,,aca0e3b9-1e75-496e-84ff-e96c9084f53f,a38f9189-ad87-11ef-a35e-005056b28600,CÔNG TY TNHH THƯƠNG MẠI VÀ DỊCH VỤ MIRA GROUP
b8468f8e-8ef4-11f1-9b18-005056b2a5de,01__NLU__RED__VAG__250,Kho MIRA,Lon,Kho MIRA,134.0,,0.0,,0.0,,134.0,,192,0,f965db1e-663f-4e22-ab98-499a55aa90ea,f965db1e-663f-4e22-ab98-499a55aa90ea,2,False,b9869435-8ef4-11f1-9b18-005056b2a5de,01__NLU__RED__VAG__250,REDBULL Nước Tăng Lực Vàng Việt 250ml,Nước Tăng Lực,REDBULL,,485b5d06-306c-11f0-b467-005056b34af7,a38f9189-ad87-11ef-a35e-005056b28600,CÔNG TY TNHH THƯƠNG MẠI VÀ DỊCH VỤ MIRA GROUP
b8468f8e-8ef4-11f1-9b18-005056b2a5de,01__NLU__WUP__247__245,WAKE UP 247 Lon Nước Tăng Lực 245ml,Lon,Tổng,25.0,,0.0,,8.0,,17.0,,193,1,f14796e2-dff7-4865-b8ae-654678419ffc,,1,True,b98694f4-8ef4-11f1-9b18-005056b2a5de,01__NLU__WUP__247__245,WAKE UP 247 Lon Nước Tăng Lực 245ml,Nước Tăng Lực,WAKE UP 247,,,a38f9189-ad87-11ef-a35e-005056b28600,
b8468f8e-8ef4-11f1-9b18-005056b2a5de,01__NLU__WUP__247__245,Kho Kệ,Lon,Kho Kệ,1.0,,0.0,,8.0,,-7.0,,194,0,f14796e2-dff7-4865-b8ae-654678419ffc,f14796e2-dff7-4865-b8ae-654678419ffc,2,False,b98695d2-8ef4-11f1-9b18-005056b2a5de,01__NLU__WUP__247__245,WAKE UP 247 Lon Nước Tăng Lực 245ml,Nước Tăng Lực,WAKE UP 247,,aca0e3b9-1e75-496e-84ff-e96c9084f53f,a38f9189-ad87-11ef-a35e-005056b28600,CÔNG TY TNHH THƯƠNG MẠI VÀ DỊCH VỤ MIRA GROUP
b8468f8e-8ef4-11f1-9b18-005056b2a5de,01__NLU__WUP__247__245,Kho MIRA,Lon,Kho MIRA,24.0,,0.0,,0.0,,24.0,,195,0,f14796e2-dff7-4865-b8ae-654678419ffc,f14796e2-dff7-4865-b8ae-654678419ffc,2,False,b98696af-8ef4-11f1-9b18-005056b2a5de,01__NLU__WUP__247__245,WAKE UP 247 Lon Nước Tăng Lực 245ml,Nước Tăng Lực,WAKE UP 247,,485b5d06-306c-11f0-b467-005056b34af7,a38f9189-ad87-11ef-a35e-005056b28600,CÔNG TY TNHH THƯƠNG MẠI VÀ DỊCH VỤ MIRA GROUP
b8468f8e-8ef4-11f1-9b18-005056b2a5de,01__NLU__WUP__247__330,WAKE UP 247 Chai Nước Tăng Lực Vị Cafe 330ml,Chai,Tổng,17.0,,24.0,,30.0,,11.0,,196,1,f48cbd8e-3847-46d1-93ca-66ee0632fa12,,1,True,b9869809-8ef4-11f1-9b18-005056b2a5de,01__NLU__WUP__247__330,WAKE UP 247 Chai Nước Tăng Lực Vị Cafe 330ml,Nước Tăng Lực,WAKE UP 247,,,a38f9189-ad87-11ef-a35e-005056b28600,
b8468f8e-8ef4-11f1-9b18-005056b2a5de,01__NLU__WUP__247__330,Kho Kệ,Chai,Kho Kệ,5.0,,0.0,,30.0,,-25.0,,197,0,f48cbd8e-3847-46d1-93ca-66ee0632fa12,f48cbd8e-3847-46d1-93ca-66ee0632fa12,2,False,b9869992-8ef4-11f1-9b18-005056b2a5de,01__NLU__WUP__247__330,WAKE UP 247 Chai Nước Tăng Lực Vị Cafe 330ml,Nước Tăng Lực,WAKE UP 247,,aca0e3b9-1e75-496e-84ff-e96c9084f53f,a38f9189-ad87-11ef-a35e-005056b28600,CÔNG TY TNHH THƯƠNG MẠI VÀ DỊCH VỤ MIRA GROUP
b8468f8e-8ef4-11f1-9b18-005056b2a5de,01__NLU__WUP__247__330,Kho MIRA,Chai,Kho MIRA,12.0,,24.0,,0.0,,36.0,,198,0,f48cbd8e-3847-46d1-93ca-66ee0632fa12,f48cbd8e-3847-46d1-93ca-66ee0632fa12,2,False,b9869a6a-8ef4-11f1-9b18-005056b2a5de,01__NLU__WUP__247__330,WAKE UP 247 Chai Nước Tăng Lực Vị Cafe 330ml,Nước Tăng Lực,WAKE UP 247,,485b5d06-306c-11f0-b467-005056b34af7,a38f9189-ad87-11ef-a35e-005056b28600,CÔNG TY TNHH THƯƠNG MẠI VÀ DỊCH VỤ MIRA GROUP
b8468f8e-8ef4-11f1-9b18-005056b2a5de,01__NSU__SKY__LON__190,SKYNEST Nước Yến Sào Lon 190ml,Lon,Tổng,37.0,,0.0,,23.0,,14.0,,199,1,e80104b2-3680-4951-b0fb-92a3a3814bfa,,1,True,b9869b55-8ef4-11f1-9b18-005056b2a5de,01__NSU__SKY__LON__190,SKYNEST Nước Yến Sào Lon 190ml,Nước Sức Khỏe,SKYNEST,,,a38f9189-ad87-11ef-a35e-005056b28600,
b8468f8e-8ef4-11f1-9b18-005056b2a5de,01__NSU__SKY__LON__190,Kho Kệ,Lon,Kho Kệ,13.0,,0.0,,23.0,,-10.0,,200,0,e80104b2-3680-4951-b0fb-92a3a3814bfa,e80104b2-3680-4951-b0fb-92a3a3814bfa,2,False,b9869c12-8ef4-11f1-9b18-005056b2a5de,01__NSU__SKY__LON__190,SKYNEST Nước Yến Sào Lon 190ml,Nước Sức Khỏe,SKYNEST,,aca0e3b9-1e75-496e-84ff-e96c9084f53f,a38f9189-ad87-11ef-a35e-005056b28600,CÔNG TY TNHH THƯƠNG MẠI VÀ DỊCH VỤ MIRA GROUP
b8468f8e-8ef4-11f1-9b18-005056b2a5de,01__NSU__SKY__LON__190,Kho MIRA,Lon,Kho MIRA,24.0,,0.0,,0.0,,24.0,,201,0,e80104b2-3680-4951-b0fb-92a3a3814bfa,e80104b2-3680-4951-b0fb-92a3a3814bfa,2,False,b9869ce7-8ef4-11f1-9b18-005056b2a5de,01__NSU__SKY__LON__190,SKYNEST Nước Yến Sào Lon 190ml,Nước Sức Khỏe,SKYNEST,,485b5d06-306c-11f0-b467-005056b34af7,a38f9189-ad87-11ef-a35e-005056b28600,CÔNG TY TNHH THƯƠNG MẠI VÀ DỊCH VỤ MIRA GROUP
b8468f8e-8ef4-11f1-9b18-005056b2a5de,01__NSU__WOO__ALO__500,WOOJING Nước Nha Đam Dr.Aloe 500ml,Chai,Tổng,36.0,,0.0,,17.0,,19.0,,202,1,9722ff2a-a856-4d43-bd2a-0c4ed5ba7bad,,1,True,b9869ebf-8ef4-11f1-9b18-005056b2a5de,01__NSU__WOO__ALO__500,WOOJING Nước Nha Đam Dr.Aloe 500ml,Nước Sức Khỏe,Woojing,,,a38f9189-ad87-11ef-a35e-005056b28600,
b8468f8e-8ef4-11f1-9b18-005056b2a5de,01__NSU__WOO__ALO__500,Kho Kệ,Chai,Kho Kệ,6.0,,0.0,,17.0,,-11.0,,203,0,9722ff2a-a856-4d43-bd2a-0c4ed5ba7bad,9722ff2a-a856-4d43-bd2a-0c4ed5ba7bad,2,False,b986a04d-8ef4-11f1-9b18-005056b2a5de,01__NSU__WOO__ALO__500,WOOJING Nước Nha Đam Dr.Aloe 500ml,Nước Sức Khỏe,Woojing,,aca0e3b9-1e75-496e-84ff-e96c9084f53f,a38f9189-ad87-11ef-a35e-005056b28600,CÔNG TY TNHH THƯƠNG MẠI VÀ DỊCH VỤ MIRA GROUP
b8468f8e-8ef4-11f1-9b18-005056b2a5de,01__NSU__WOO__ALO__500,Kho MIRA,Chai,Kho MIRA,30.0,,0.0,,0.0,,30.0,,204,0,9722ff2a-a856-4d43-bd2a-0c4ed5ba7bad,9722ff2a-a856-4d43-bd2a-0c4ed5ba7bad,2,False,b986a21f-8ef4-11f1-9b18-005056b2a5de,01__NSU__WOO__ALO__500,WOOJING Nước Nha Đam Dr.Aloe 500ml,Nước Sức Khỏe,Woojing,,485b5d06-306c-11f0-b467-005056b34af7,a38f9189-ad87-11ef-a35e-005056b28600,CÔNG TY TNHH THƯƠNG MẠI VÀ DỊCH VỤ MIRA GROUP
b8468f8e-8ef4-11f1-9b18-005056b2a5de,01__NSU__WOO__CHI__500,WOOJING Nước Gạo Hàn Quốc 500ml,Chai,Tổng,49.0,,0.0,,30.0,,19.0,,205,1,3a2bd197-df35-4392-b7f5-34fd1e713457,,1,True,b986a30d-8ef4-11f1-9b18-005056b2a5de,01__NSU__WOO__CHI__500,WOOJING Nước Gạo Hàn Quốc 500ml,Nước Sức Khỏe,Woojing,,,a38f9189-ad87-11ef-a35e-005056b28600,
b8468f8e-8ef4-11f1-9b18-005056b2a5de,01__NSU__WOO__CHI__500,Kho Kệ,Chai,Kho Kệ,19.0,,0.0,,30.0,,-11.0,,206,0,3a2bd197-df35-4392-b7f5-34fd1e713457,3a2bd197-df35-4392-b7f5-34fd1e713457,2,False,b986a3d0-8ef4-11f1-9b18-005056b2a5de,01__NSU__WOO__CHI__500,WOOJING Nước Gạo Hàn Quốc 500ml,Nước Sức Khỏe,Woojing,,aca0e3b9-1e75-496e-84ff-e96c9084f53f,a38f9189-ad87-11ef-a35e-005056b28600,CÔNG TY TNHH THƯƠNG MẠI VÀ DỊCH VỤ MIRA GROUP
b8468f8e-8ef4-11f1-9b18-005056b2a5de,01__NSU__WOO__CHI__500,Kho MIRA,Chai,Kho MIRA,30.0,,0.0,,0.0,,30.0,,207,0,3a2bd197-df35-4392-b7f5-34fd1e713457,3a2bd197-df35-4392-b7f5-34fd1e713457,2,False,b986a493-8ef4-11f1-9b18-005056b2a5de,01__NSU__WOO__CHI__500,WOOJING Nước Gạo Hàn Quốc 500ml,Nước Sức Khỏe,Woojing,,485b5d06-306c-11f0-b467-005056b34af7,a38f9189-ad87-11ef-a35e-005056b28600,CÔNG TY TNHH THƯƠNG MẠI VÀ DỊCH VỤ MIRA GROUP
b8468f8e-8ef4-11f1-9b18-005056b2a5de,01__NSU__WOO__MAT__500,WOOJING Nước Gạo Matcha HQ 500ml,Chai,Tổng,30.0,,0.0,,15.0,,15.0,,208,1,bf83fdf0-01d6-422d-8d25-fe0db04db570,,1,True,b986a55d-8ef4-11f1-9b18-005056b2a5de,01__NSU__WOO__MAT__500,WOOJING Nước Gạo Matcha HQ 500ml,Nước Sức Khỏe,Woojing,,,a38f9189-ad87-11ef-a35e-005056b28600,
b8468f8e-8ef4-11f1-9b18-005056b2a5de,01__NSU__WOO__MAT__500,Kho Kệ,Chai,Kho Kệ,30.0,,0.0,,15.0,,15.0,,209,0,bf83fdf0-01d6-422d-8d25-fe0db04db570,bf83fdf0-01d6-422d-8d25-fe0db04db570,2,False,b986a616-8ef4-11f1-9b18-005056b2a5de,01__NSU__WOO__MAT__500,WOOJING Nước Gạo Matcha HQ 500ml,Nước Sức Khỏe,Woojing,,aca0e3b9-1e75-496e-84ff-e96c9084f53f,a38f9189-ad87-11ef-a35e-005056b28600,CÔNG TY TNHH THƯƠNG MẠI VÀ DỊCH VỤ MIRA GROUP
b8468f8e-8ef4-11f1-9b18-005056b2a5de,01__NTR__FRU__LUU__290,FRUTIVAL Nước Hạt Húng Quế Hương Lựu Chai 290ml,Chai,Tổng,38.0,,24.0,,26.0,,36.0,,210,1,488ab345-f5fe-40dc-9fa0-dcc2c543350e,,1,True,b986a6e1-8ef4-11f1-9b18-005056b2a5de,01__NTR__FRU__LUU__290,FRUTIVAL Nước Hạt Húng Quế Hương Lựu Chai 290ml,Nước Trái Cây,FRUTIVAL,,,a38f9189-ad87-11ef-a35e-005056b28600,
b8468f8e-8ef4-11f1-9b18-005056b2a5de,01__NTR__FRU__LUU__290,Kho Kệ,Chai,Kho Kệ,12.0,,24.0,,26.0,,10.0,,211,0,488ab345-f5fe-40dc-9fa0-dcc2c543350e,488ab345-f5fe-40dc-9fa0-dcc2c543350e,2,False,b986a7ab-8ef4-11f1-9b18-005056b2a5de,01__NTR__FRU__LUU__290,FRUTIVAL Nước Hạt Húng Quế Hương Lựu Chai 290ml,Nước Trái Cây,FRUTIVAL,,aca0e3b9-1e75-496e-84ff-e96c9084f53f,a38f9189-ad87-11ef-a35e-005056b28600,CÔNG TY TNHH THƯƠNG MẠI VÀ DỊCH VỤ MIRA GROUP
b8468f8e-8ef4-11f1-9b18-005056b2a5de,01__NTR__FRU__LUU__290,Kho MIRA,Chai,Kho MIRA,26.0,,0.0,,0.0,,26.0,,212,0,488ab345-f5fe-40dc-9fa0-dcc2c543350e,488ab345-f5fe-40dc-9fa0-dcc2c543350e,2,False,b986a87d-8ef4-11f1-9b18-005056b2a5de,01__NTR__FRU__LUU__290,FRUTIVAL Nước Hạt Húng Quế Hương Lựu Chai 290ml,Nước Trái Cây,FRUTIVAL,,485b5d06-306c-11f0-b467-005056b34af7,a38f9189-ad87-11ef-a35e-005056b28600,CÔNG TY TNHH THƯƠNG MẠI VÀ DỊCH VỤ MIRA GROUP
b8468f8e-8ef4-11f1-9b18-005056b2a5de,01__NTR__JEL__ACE__150,JELE Nước Ép Trái Cây Vita A&E 150g,Gói,Tổng,0.0,,9.0,,1.0,,8.0,,213,1,ae82f43e-a168-4ad4-b3fc-ca4801134fef,,1,True,b986a99b-8ef4-11f1-9b18-005056b2a5de,01__NTR__JEL__ACE__150,JELE Nước Ép Trái Cây Vita A&E 150g,Nước Trái Cây,Jele,,,a38f9189-ad87-11ef-a35e-005056b28600,
b8468f8e-8ef4-11f1-9b18-005056b2a5de,01__NTR__JEL__ACE__150,Kho Kệ,Gói,Kho Kệ,0.0,,9.0,,1.0,,8.0,,214,0,ae82f43e-a168-4ad4-b3fc-ca4801134fef,ae82f43e-a168-4ad4-b3fc-ca4801134fef,2,False,b986aaad-8ef4-11f1-9b18-005056b2a5de,01__NTR__JEL__ACE__150,JELE Nước Ép Trái Cây Vita A&E 150g,Nước Trái Cây,Jele,,aca0e3b9-1e75-496e-84ff-e96c9084f53f,a38f9189-ad87-11ef-a35e-005056b28600,CÔNG TY TNHH THƯƠNG MẠI VÀ DỊCH VỤ MIRA GROUP
b8468f8e-8ef4-11f1-9b18-005056b2a5de,01__NTR__JEL__BLA__150,JELE Nước Ép Trái Cây BLACKCUR 150g,Gói,Tổng,18.0,,15.0,,17.0,,16.0,,215,1,07816395-fab5-40d5-a2d3-d3924c1aeb30,,1,True,b986abd0-8ef4-11f1-9b18-005056b2a5de,01__NTR__JEL__BLA__150,JELE Nước Ép Trái Cây BLACKCUR 150g,Nước Trái Cây,Jele,,,a38f9189-ad87-11ef-a35e-005056b28600,
b8468f8e-8ef4-11f1-9b18-005056b2a5de,01__NTR__JEL__BLA__150,Kho Kệ,Gói,Kho Kệ,18.0,,15.0,,17.0,,16.0,,216,0,07816395-fab5-40d5-a2d3-d3924c1aeb30,07816395-fab5-40d5-a2d3-d3924c1aeb30,2,False,b986ac93-8ef4-11f1-9b18-005056b2a5de,01__NTR__JEL__BLA__150,JELE Nước Ép Trái Cây BLACKCUR 150g,Nước Trái Cây,Jele,,aca0e3b9-1e75-496e-84ff-e96c9084f53f,a38f9189-ad87-11ef-a35e-005056b28600,CÔNG TY TNHH THƯƠNG MẠI VÀ DỊCH VỤ MIRA GROUP
b8468f8e-8ef4-11f1-9b18-005056b2a5de,01__NTR__JEL__CAR__150,JELE Nước Ép Trái Cây Carnitine And Vitamin C 150g,Gói,Tổng,17.0,,15.0,,15.0,,17.0,,217,1,a1bde083-fe90-44a1-b443-19617d9cc519,,1,True,b986ad90-8ef4-11f1-9b18-005056b2a5de,01__NTR__JEL__CAR__150,JELE Nước Ép Trái Cây Carnitine And Vitamin C 150g,Nước Trái Cây,Jele,,,a38f9189-ad87-11ef-a35e-005056b28600,
b8468f8e-8ef4-11f1-9b18-005056b2a5de,01__NTR__JEL__CAR__150,Kho Kệ,Gói,Kho Kệ,17.0,,15.0,,15.0,,17.0,,218,0,a1bde083-fe90-44a1-b443-19617d9cc519,a1bde083-fe90-44a1-b443-19617d9cc519,2,False,b986ae51-8ef4-11f1-9b18-005056b2a5de,01__NTR__JEL__CAR__150,JELE Nước Ép Trái Cây Carnitine And Vitamin C 150g,Nước Trái Cây,Jele,,aca0e3b9-1e75-496e-84ff-e96c9084f53f,a38f9189-ad87-11ef-a35e-005056b28600,CÔNG TY TNHH THƯƠNG MẠI VÀ DỊCH VỤ MIRA GROUP
b8468f8e-8ef4-11f1-9b18-005056b2a5de,01__NTR__JEL__COL__150,JELE Nước Ép Trái Cây Collagen And Vitamin C 150g,Gói,Tổng,18.0,,6.0,,14.0,,10.0,,219,1,b7cf61de-5c43-40e2-9491-c89d5ec82fcb,,1,True,b986af2d-8ef4-11f1-9b18-005056b2a5de,01__NTR__JEL__COL__150,JELE Nước Ép Trái Cây Collagen And Vitamin C 150g,Nước Trái Cây,Jele,,,a38f9189-ad87-11ef-a35e-005056b28600,
b8468f8e-8ef4-11f1-9b18-005056b2a5de,01__NTR__JEL__COL__150,Kho Kệ,Gói,Kho Kệ,18.0,,6.0,,14.0,,10.0,,220,0,b7cf61de-5c43-40e2-9491-c89d5ec82fcb,b7cf61de-5c43-40e2-9491-c89d5ec82fcb,2,False,b986affd-8ef4-11f1-9b18-005056b2a5de,01__NTR__JEL__COL__150,JELE Nước Ép Trái Cây Collagen And Vitamin C 150g,Nước Trái Cây,Jele,,aca0e3b9-1e75-496e-84ff-e96c9084f53f,a38f9189-ad87-11ef-a35e-005056b28600,CÔNG TY TNHH THƯƠNG MẠI VÀ DỊCH VỤ MIRA GROUP
b8468f8e-8ef4-11f1-9b18-005056b2a5de,01__NTR__JEL__HIG__150,JELE Nước Ép Trái Cây High Vitamin C 150g,Gói,Tổng,3.0,,12.0,,3.0,,12.0,,221,1,801152c4-0c2a-4e19-b565-c43702d94083,,1,True,b986b1ad-8ef4-11f1-9b18-005056b2a5de,01__NTR__JEL__HIG__150,JELE Nước Ép Trái Cây High Vitamin C 150g,Nước Trái Cây,Jele,,,a38f9189-ad87-11ef-a35e-005056b28600,
b8468f8e-8ef4-11f1-9b18-005056b2a5de,01__NTR__JEL__HIG__150,Kho Kệ,Gói,Kho Kệ,3.0,,12.0,,3.0,,12.0,,222,0,801152c4-0c2a-4e19-b565-c43702d94083,801152c4-0c2a-4e19-b565-c43702d94083,2,False,b986b283-8ef4-11f1-9b18-005056b2a5de,01__NTR__JEL__HIG__150,JELE Nước Ép Trái Cây High Vitamin C 150g,Nước Trái Cây,Jele,,aca0e3b9-1e75-496e-84ff-e96c9084f53f,a38f9189-ad87-11ef-a35e-005056b28600,CÔNG TY TNHH THƯƠNG MẠI VÀ DỊCH VỤ MIRA GROUP
b8468f8e-8ef4-11f1-9b18-005056b2a5de,01__NTR__KIC__DAO__490,KIRIN Ice+ Nước Trái Cây Vị Đào 490ml,Chai,Tổng,41.0,,30.0,,35.0,,36.0,,223,1,8bd31047-06b3-41fc-8efc-294e88c8a8b9,,1,True,b986b356-8ef4-11f1-9b18-005056b2a5de,01__NTR__KIC__DAO__490,KIRIN Ice+ Nước Trái Cây Vị Đào 490ml,Nước Trái Cây,KIRIN Ice+,,,a38f9189-ad87-11ef-a35e-005056b28600,
b8468f8e-8ef4-11f1-9b18-005056b2a5de,01__NTR__KIC__DAO__490,Kho Kệ,Chai,Kho Kệ,-31.0,,30.0,,35.0,,-36.0,,224,0,8bd31047-06b3-41fc-8efc-294e88c8a8b9,8bd31047-06b3-41fc-8efc-294e88c8a8b9,2,False,b986b515-8ef4-11f1-9b18-005056b2a5de,01__NTR__KIC__DAO__490,KIRIN Ice+ Nước Trái Cây Vị Đào 490ml,Nước Trái Cây,KIRIN Ice+,,aca0e3b9-1e75-496e-84ff-e96c9084f53f,a38f9189-ad87-11ef-a35e-005056b28600,CÔNG TY TNHH THƯƠNG MẠI VÀ DỊCH VỤ MIRA GROUP
b8468f8e-8ef4-11f1-9b18-005056b2a5de,01__NTR__KIC__DAO__490,Kho MIRA,Chai,Kho MIRA,72.0,,0.0,,0.0,,72.0,,225,0,8bd31047-06b3-41fc-8efc-294e88c8a8b9,8bd31047-06b3-41fc-8efc-294e88c8a8b9,2,False,b986b652-8ef4-11f1-9b18-005056b2a5de,01__NTR__KIC__DAO__490,KIRIN Ice+ Nước Trái Cây Vị Đào 490ml,Nước Trái Cây,KIRIN Ice+,,485b5d06-306c-11f0-b467-005056b34af7,a38f9189-ad87-11ef-a35e-005056b28600,CÔNG TY TNHH THƯƠNG MẠI VÀ DỊCH VỤ MIRA GROUP
b8468f8e-8ef4-11f1-9b18-005056b2a5de,01__NTR__KIC__DLI__490,KIRIN Ice+ Nước Trái Cây Vị Dưa LướI 490ml,Chai,Tổng,43.0,,0.0,,27.0,,16.0,,226,1,ed8ff328-71ed-43a6-a518-4b8b79148399,,1,True,b986b7ac-8ef4-11f1-9b18-005056b2a5de,01__NTR__KIC__DLI__490,KIRIN Ice+ Nước Trái Cây Vị Dưa LướI 490ml,Nước Trái Cây,KIRIN Ice+,,,a38f9189-ad87-11ef-a35e-005056b28600,
b8468f8e-8ef4-11f1-9b18-005056b2a5de,01__NTR__KIC__DLI__490,Kho Kệ,Chai,Kho Kệ,19.0,,0.0,,27.0,,-8.0,,227,0,ed8ff328-71ed-43a6-a518-4b8b79148399,ed8ff328-71ed-43a6-a518-4b8b79148399,2,False,b986b880-8ef4-11f1-9b18-005056b2a5de,01__NTR__KIC__DLI__490,KIRIN Ice+ Nước Trái Cây Vị Dưa LướI 490ml,Nước Trái Cây,KIRIN Ice+,,aca0e3b9-1e75-496e-84ff-e96c9084f53f,a38f9189-ad87-11ef-a35e-005056b28600,CÔNG TY TNHH THƯƠNG MẠI VÀ DỊCH VỤ MIRA GROUP
b8468f8e-8ef4-11f1-9b18-005056b2a5de,01__NTR__KIC__DLI__490,Kho MIRA,Chai,Kho MIRA,24.0,,0.0,,0.0,,24.0,,228,0,ed8ff328-71ed-43a6-a518-4b8b79148399,ed8ff328-71ed-43a6-a518-4b8b79148399,2,False,b986b94d-8ef4-11f1-9b18-005056b2a5de,01__NTR__KIC__DLI__490,KIRIN Ice+ Nước Trái Cây Vị Dưa LướI 490ml,Nước Trái Cây,KIRIN Ice+,,485b5d06-306c-11f0-b467-005056b34af7,a38f9189-ad87-11ef-a35e-005056b28600,CÔNG TY TNHH THƯƠNG MẠI VÀ DỊCH VỤ MIRA GROUP
b8468f8e-8ef4-11f1-9b18-005056b2a5de,01__NTR__KIC__NHO__490,KIRIN Ice+ Nước Trái Cây Vị Nho 490ml,Chai,Tổng,4.0,,72.0,,47.0,,29.0,,229,1,c06d80d5-ee27-4e9d-b2ad-4817f5bb96d1,,1,True,b986ba21-8ef4-11f1-9b18-005056b2a5de,01__NTR__KIC__NHO__490,KIRIN Ice+ Nước Trái Cây Vị Nho 490ml,Nước Trái Cây,KIRIN Ice+,,,a38f9189-ad87-11ef-a35e-005056b28600,
b8468f8e-8ef4-11f1-9b18-005056b2a5de,01__NTR__KIC__NHO__490,Kho Kệ,Chai,Kho Kệ,-14.0,,72.0,,47.0,,11.0,,230,0,c06d80d5-ee27-4e9d-b2ad-4817f5bb96d1,c06d80d5-ee27-4e9d-b2ad-4817f5bb96d1,2,False,b986bb3c-8ef4-11f1-9b18-005056b2a5de,01__NTR__KIC__NHO__490,KIRIN Ice+ Nước Trái Cây Vị Nho 490ml,Nước Trái Cây,KIRIN Ice+,,aca0e3b9-1e75-496e-84ff-e96c9084f53f,a38f9189-ad87-11ef-a35e-005056b28600,CÔNG TY TNHH THƯƠNG MẠI VÀ DỊCH VỤ MIRA GROUP
b8468f8e-8ef4-11f1-9b18-005056b2a5de,01__NTR__KIC__NHO__490,Kho MIRA,Chai,Kho MIRA,18.0,,0.0,,0.0,,18.0,,231,0,c06d80d5-ee27-4e9d-b2ad-4817f5bb96d1,c06d80d5-ee27-4e9d-b2ad-4817f5bb96d1,2,False,b986bc0b-8ef4-11f1-9b18-005056b2a5de,01__NTR__KIC__NHO__490,KIRIN Ice+ Nước Trái Cây Vị Nho 490ml,Nước Trái Cây,KIRIN Ice+,,485b5d06-306c-11f0-b467-005056b34af7,a38f9189-ad87-11ef-a35e-005056b28600,CÔNG TY TNHH THƯƠNG MẠI VÀ DỊCH VỤ MIRA GROUP
b8468f8e-8ef4-11f1-9b18-005056b2a5de,01__NTR__MOG__DAU__320,MOGU Nước Ép Vị Dâu 320ml,Chai,Tổng,23.0,,0.0,,18.0,,5.0,,232,1,7c5203a1-34c3-4129-b923-ffeb3de00402,,1,True,b986bcd7-8ef4-11f1-9b18-005056b2a5de,01__NTR__MOG__DAU__320,MOGU Nước Ép Vị Dâu 320ml,Nước Trái Cây,Mogu,,,a38f9189-ad87-11ef-a35e-005056b28600,
b8468f8e-8ef4-11f1-9b18-005056b2a5de,01__NTR__MOG__DAU__320,Kho Kệ,Chai,Kho Kệ,-1.0,,0.0,,18.0,,-19.0,,233,0,7c5203a1-34c3-4129-b923-ffeb3de00402,7c5203a1-34c3-4129-b923-ffeb3de00402,2,False,b986bd98-8ef4-11f1-9b18-005056b2a5de,01__NTR__MOG__DAU__320,MOGU Nước Ép Vị Dâu 320ml,Nước Trái Cây,Mogu,,aca0e3b9-1e75-496e-84ff-e96c9084f53f,a38f9189-ad87-11ef-a35e-005056b28600,CÔNG TY TNHH THƯƠNG MẠI VÀ DỊCH VỤ MIRA GROUP
b8468f8e-8ef4-11f1-9b18-005056b2a5de,01__NTR__MOG__DAU__320,Kho MIRA,Chai,Kho MIRA,24.0,,0.0,,0.0,,24.0,,234,0,7c5203a1-34c3-4129-b923-ffeb3de00402,7c5203a1-34c3-4129-b923-ffeb3de00402,2,False,b986bfae-8ef4-11f1-9b18-005056b2a5de,01__NTR__MOG__DAU__320,MOGU Nước Ép Vị Dâu 320ml,Nước Trái Cây,Mogu,,485b5d06-306c-11f0-b467-005056b34af7,a38f9189-ad87-11ef-a35e-005056b28600,CÔNG TY TNHH THƯƠNG MẠI VÀ DỊCH VỤ MIRA GROUP
b8468f8e-8ef4-11f1-9b18-005056b2a5de,01__NTR__MOG__DUS__320,MOGU Nước Ép Vị Dứa 320ml,Chai,Tổng,18.0,,0.0,,11.0,,7.0,,235,1,d7050d4a-da3e-4e2e-9b74-256f408b302a,,1,True,b986c0a4-8ef4-11f1-9b18-005056b2a5de,01__NTR__MOG__DUS__320,MOGU Nước Ép Vị Dứa 320ml,Nước Trái Cây,Mogu,,,a38f9189-ad87-11ef-a35e-005056b28600,
b8468f8e-8ef4-11f1-9b18-005056b2a5de,01__NTR__MOG__DUS__320,Kho Kệ,Chai,Kho Kệ,18.0,,0.0,,11.0,,7.0,,236,0,d7050d4a-da3e-4e2e-9b74-256f408b302a,d7050d4a-da3e-4e2e-9b74-256f408b302a,2,False,b986c245-8ef4-11f1-9b18-005056b2a5de,01__NTR__MOG__DUS__320,MOGU Nước Ép Vị Dứa 320ml,Nước Trái Cây,Mogu,,aca0e3b9-1e75-496e-84ff-e96c9084f53f,a38f9189-ad87-11ef-a35e-005056b28600,CÔNG TY TNHH THƯƠNG MẠI VÀ DỊCH VỤ MIRA GROUP
b8468f8e-8ef4-11f1-9b18-005056b2a5de,01__NTR__MOG__NHO__320,MOGU Nước Ép Vị Nho 320ml,Chai,Tổng,2.0,,0.0,,2.0,,0.0,,237,1,18e6af07-424c-4981-83d4-bedc0e1ffaaf,,1,True,b986c348-8ef4-11f1-9b18-005056b2a5de,01__NTR__MOG__NHO__320,MOGU Nước Ép Vị Nho 320ml,Nước Trái Cây,Mogu,,,a38f9189-ad87-11ef-a35e-005056b28600,
b8468f8e-8ef4-11f1-9b18-005056b2a5de,01__NTR__MOG__NHO__320,Kho Kệ,Chai,Kho Kệ,2.0,,0.0,,2.0,,0.0,,238,0,18e6af07-424c-4981-83d4-bedc0e1ffaaf,18e6af07-424c-4981-83d4-bedc0e1ffaaf,2,False,b986c4aa-8ef4-11f1-9b18-005056b2a5de,01__NTR__MOG__NHO__320,MOGU Nước Ép Vị Nho 320ml,Nước Trái Cây,Mogu,,aca0e3b9-1e75-496e-84ff-e96c9084f53f,a38f9189-ad87-11ef-a35e-005056b28600,CÔNG TY TNHH THƯƠNG MẠI VÀ DỊCH VỤ MIRA GROUP
b8468f8e-8ef4-11f1-9b18-005056b2a5de,01__NTR__MOG__VAI__320,MOGU Nước Ép Vị Vải 320ml,Chai,Tổng,11.0,,0.0,,8.0,,3.0,,239,1,fad879c5-c3cc-4068-99a9-3acf64251778,,1,True,b986c5b3-8ef4-11f1-9b18-005056b2a5de,01__NTR__MOG__VAI__320,MOGU Nước Ép Vị Vải 320ml,Nước Trái Cây,Mogu,,,a38f9189-ad87-11ef-a35e-005056b28600,
b8468f8e-8ef4-11f1-9b18-005056b2a5de,01__NTR__MOG__VAI__320,Kho Kệ,Chai,Kho Kệ,11.0,,0.0,,8.0,,3.0,,240,0,fad879c5-c3cc-4068-99a9-3acf64251778,fad879c5-c3cc-4068-99a9-3acf64251778,2,False,b986c6eb-8ef4-11f1-9b18-005056b2a5de,01__NTR__MOG__VAI__320,MOGU Nước Ép Vị Vải 320ml,Nước Trái Cây,Mogu,,aca0e3b9-1e75-496e-84ff-e96c9084f53f,a38f9189-ad87-11ef-a35e-005056b28600,CÔNG TY TNHH THƯƠNG MẠI VÀ DỊCH VỤ MIRA GROUP
b8468f8e-8ef4-11f1-9b18-005056b2a5de,01__NTR__MOG__XOA__320,MOGU Nước Ép Vị Xoài 320ml,Chai,Tổng,27.0,,0.0,,13.0,,14.0,,241,1,91db77f3-b440-4ab9-8a1c-51260ff3e916,,1,True,b986c7b8-8ef4-11f1-9b18-005056b2a5de,01__NTR__MOG__XOA__320,MOGU Nước Ép Vị Xoài 320ml,Nước Trái Cây,Mogu,,,a38f9189-ad87-11ef-a35e-005056b28600,
b8468f8e-8ef4-11f1-9b18-005056b2a5de,01__NTR__MOG__XOA__320,Kho Kệ,Chai,Kho Kệ,-3.0,,0.0,,13.0,,-16.0,,242,0,91db77f3-b440-4ab9-8a1c-51260ff3e916,91db77f3-b440-4ab9-8a1c-51260ff3e916,2,False,b986c873-8ef4-11f1-9b18-005056b2a5de,01__NTR__MOG__XOA__320,MOGU Nước Ép Vị Xoài 320ml,Nước Trái Cây,Mogu,,aca0e3b9-1e75-496e-84ff-e96c9084f53f,a38f9189-ad87-11ef-a35e-005056b28600,CÔNG TY TNHH THƯƠNG MẠI VÀ DỊCH VỤ MIRA GROUP
b8468f8e-8ef4-11f1-9b18-005056b2a5de,01__NTR__MOG__XOA__320,Kho MIRA,Chai,Kho MIRA,30.0,,0.0,,0.0,,30.0,,243,0,91db77f3-b440-4ab9-8a1c-51260ff3e916,91db77f3-b440-4ab9-8a1c-51260ff3e916,2,False,b986c933-8ef4-11f1-9b18-005056b2a5de,01__NTR__MOG__XOA__320,MOGU Nước Ép Vị Xoài 320ml,Nước Trái Cây,Mogu,,485b5d06-306c-11f0-b467-005056b34af7,a38f9189-ad87-11ef-a35e-005056b28600,CÔNG TY TNHH THƯƠNG MẠI VÀ DỊCH VỤ MIRA GROUP
b8468f8e-8ef4-11f1-9b18-005056b2a5de,01__RSJ__DAM__CLA__360,DAMSO Rượu Soju Hàn Quốc Truyền Thống 360ml,Chai,Tổng,18.0,,20.0,,22.0,,16.0,,244,1,c6740238-638d-477c-a01f-aa6e05a8bb9e,,1,True,b986ca10-8ef4-11f1-9b18-005056b2a5de,01__RSJ__DAM__CLA__360,DAMSO Rượu Soju Hàn Quốc Truyền Thống 360ml,Rượu Soju,DAMSO,,,a38f9189-ad87-11ef-a35e-005056b28600,
b8468f8e-8ef4-11f1-9b18-005056b2a5de,01__RSJ__DAM__CLA__360,Kho Kệ,Chai,Kho Kệ,5.0,,20.0,,22.0,,3.0,,245,0,c6740238-638d-477c-a01f-aa6e05a8bb9e,c6740238-638d-477c-a01f-aa6e05a8bb9e,2,False,b986cace-8ef4-11f1-9b18-005056b2a5de,01__RSJ__DAM__CLA__360,DAMSO Rượu Soju Hàn Quốc Truyền Thống 360ml,Rượu Soju,DAMSO,,aca0e3b9-1e75-496e-84ff-e96c9084f53f,a38f9189-ad87-11ef-a35e-005056b28600,CÔNG TY TNHH THƯƠNG MẠI VÀ DỊCH VỤ MIRA GROUP
b8468f8e-8ef4-11f1-9b18-005056b2a5de,01__RSJ__DAM__CLA__360,Kho MIRA,Chai,Kho MIRA,13.0,,0.0,,0.0,,13.0,,246,0,c6740238-638d-477c-a01f-aa6e05a8bb9e,c6740238-638d-477c-a01f-aa6e05a8bb9e,2,False,b986cb97-8ef4-11f1-9b18-005056b2a5de,01__RSJ__DAM__CLA__360,DAMSO Rượu Soju Hàn Quốc Truyền Thống 360ml,Rượu Soju,DAMSO,,485b5d06-306c-11f0-b467-005056b34af7,a38f9189-ad87-11ef-a35e-005056b28600,CÔNG TY TNHH THƯƠNG MẠI VÀ DỊCH VỤ MIRA GROUP
b8468f8e-8ef4-11f1-9b18-005056b2a5de,01__RSJ__DAM__DAO__360,Kho Kệ,Chai,Kho Kệ,5.0,,0.0,,0.0,,5.0,,247,0,853c1209-b1b3-40dc-8e74-748da160cf38,853c1209-b1b3-40dc-8e74-748da160cf38,2,False,b986cc5d-8ef4-11f1-9b18-005056b2a5de,01__RSJ__DAM__DAO__360,DAMSO Rượu Soju Hàn Quốc Vị Đào 360ml,Rượu Soju,DAMSO,,aca0e3b9-1e75-496e-84ff-e96c9084f53f,a38f9189-ad87-11ef-a35e-005056b28600,CÔNG TY TNHH THƯƠNG MẠI VÀ DỊCH VỤ MIRA GROUP
b8468f8e-8ef4-11f1-9b18-005056b2a5de,01__RSJ__DAM__DAO__360,Kho MIRA,Chai,Kho MIRA,-5.0,,0.0,,0.0,,-5.0,,248,0,853c1209-b1b3-40dc-8e74-748da160cf38,853c1209-b1b3-40dc-8e74-748da160cf38,2,False,b986cd1e-8ef4-11f1-9b18-005056b2a5de,01__RSJ__DAM__DAO__360,DAMSO Rượu Soju Hàn Quốc Vị Đào 360ml,Rượu Soju,DAMSO,,485b5d06-306c-11f0-b467-005056b34af7,a38f9189-ad87-11ef-a35e-005056b28600,CÔNG TY TNHH THƯƠNG MẠI VÀ DỊCH VỤ MIRA GROUP
b8468f8e-8ef4-11f1-9b18-005056b2a5de,01__RSJ__DAM__NHO__360,DAMSO Rượu Soju Hàn Quốc Vị Nho Xanh 360ml,Chai,Tổng,0.0,,20.0,,9.0,,11.0,,249,1,42abd3f4-efea-479d-82ac-45a9a0604f19,,1,True,b986cdfc-8ef4-11f1-9b18-005056b2a5de,01__RSJ__DAM__NHO__360,DAMSO Rượu Soju Hàn Quốc Vị Nho Xanh 360ml,Rượu Soju,DAMSO,,,a38f9189-ad87-11ef-a35e-005056b28600,
b8468f8e-8ef4-11f1-9b18-005056b2a5de,01__RSJ__DAM__NHO__360,Kho Kệ,Chai,Kho Kệ,8.0,,20.0,,9.0,,19.0,,250,0,42abd3f4-efea-479d-82ac-45a9a0604f19,42abd3f4-efea-479d-82ac-45a9a0604f19,2,False,b986ceca-8ef4-11f1-9b18-005056b2a5de,01__RSJ__DAM__NHO__360,DAMSO Rượu Soju Hàn Quốc Vị Nho Xanh 360ml,Rượu Soju,DAMSO,,aca0e3b9-1e75-496e-84ff-e96c9084f53f,a38f9189-ad87-11ef-a35e-005056b28600,CÔNG TY TNHH THƯƠNG MẠI VÀ DỊCH VỤ MIRA GROUP
b8468f8e-8ef4-11f1-9b18-005056b2a5de,01__RSJ__DAM__NHO__360,Kho MIRA,Chai,Kho MIRA,-8.0,,0.0,,0.0,,-8.0,,251,0,42abd3f4-efea-479d-82ac-45a9a0604f19,42abd3f4-efea-479d-82ac-45a9a0604f19,2,False,b986cf92-8ef4-11f1-9b18-005056b2a5de,01__RSJ__DAM__NHO__360,DAMSO Rượu Soju Hàn Quốc Vị Nho Xanh 360ml,Rượu Soju,DAMSO,,485b5d06-306c-11f0-b467-005056b34af7,a38f9189-ad87-11ef-a35e-005056b28600,CÔNG TY TNHH THƯƠNG MẠI VÀ DỊCH VỤ MIRA GROUP
b8468f8e-8ef4-11f1-9b18-005056b2a5de,01__RSJ__DAM__TAO__360,DAMSO Rượu Soju Hàn Quốc Vị Táo 360ml,Chai,Tổng,12.0,,20.0,,20.0,,12.0,,252,1,7b84cc97-078b-41c9-b4a9-2031c57d9809,,1,True,b986d070-8ef4-11f1-9b18-005056b2a5de,01__RSJ__DAM__TAO__360,DAMSO Rượu Soju Hàn Quốc Vị Táo 360ml,Rượu Soju,DAMSO,,,a38f9189-ad87-11ef-a35e-005056b28600,
b8468f8e-8ef4-11f1-9b18-005056b2a5de,01__RSJ__DAM__TAO__360,Kho Kệ,Chai,Kho Kệ,3.0,,20.0,,20.0,,3.0,,253,0,7b84cc97-078b-41c9-b4a9-2031c57d9809,7b84cc97-078b-41c9-b4a9-2031c57d9809,2,False,b986d1b8-8ef4-11f1-9b18-005056b2a5de,01__RSJ__DAM__TAO__360,DAMSO Rượu Soju Hàn Quốc Vị Táo 360ml,Rượu Soju,DAMSO,,aca0e3b9-1e75-496e-84ff-e96c9084f53f,a38f9189-ad87-11ef-a35e-005056b28600,CÔNG TY TNHH THƯƠNG MẠI VÀ DỊCH VỤ MIRA GROUP
b8468f8e-8ef4-11f1-9b18-005056b2a5de,01__RSJ__DAM__TAO__360,Kho MIRA,Chai,Kho MIRA,9.0,,0.0,,0.0,,9.0,,254,0,7b84cc97-078b-41c9-b4a9-2031c57d9809,7b84cc97-078b-41c9-b4a9-2031c57d9809,2,False,b986d442-8ef4-11f1-9b18-005056b2a5de,01__RSJ__DAM__TAO__360,DAMSO Rượu Soju Hàn Quốc Vị Táo 360ml,Rượu Soju,DAMSO,,485b5d06-306c-11f0-b467-005056b34af7,a38f9189-ad87-11ef-a35e-005056b28600,CÔNG TY TNHH THƯƠNG MẠI VÀ DỊCH VỤ MIRA GROUP
b8468f8e-8ef4-11f1-9b18-005056b2a5de,01__RSJ__DAM__VQT__360,DAMSO Rượu Soju Hàn Quốc Vị Việt Quất 360ml,Chai,Tổng,9.0,,20.0,,16.0,,13.0,,255,1,7851a6ac-099b-45cc-915b-13acbb286352,,1,True,b986d528-8ef4-11f1-9b18-005056b2a5de,01__RSJ__DAM__VQT__360,DAMSO Rượu Soju Hàn Quốc Vị Việt Quất 360ml,Rượu Soju,DAMSO,,,a38f9189-ad87-11ef-a35e-005056b28600,
b8468f8e-8ef4-11f1-9b18-005056b2a5de,01__RSJ__DAM__VQT__360,Kho Kệ,Chai,Kho Kệ,3.0,,20.0,,16.0,,7.0,,256,0,7851a6ac-099b-45cc-915b-13acbb286352,7851a6ac-099b-45cc-915b-13acbb286352,2,False,b986d5e7-8ef4-11f1-9b18-005056b2a5de,01__RSJ__DAM__VQT__360,DAMSO Rượu Soju Hàn Quốc Vị Việt Quất 360ml,Rượu Soju,DAMSO,,aca0e3b9-1e75-496e-84ff-e96c9084f53f,a38f9189-ad87-11ef-a35e-005056b28600,CÔNG TY TNHH THƯƠNG MẠI VÀ DỊCH VỤ MIRA GROUP
b8468f8e-8ef4-11f1-9b18-005056b2a5de,01__RSJ__DAM__VQT__360,Kho MIRA,Chai,Kho MIRA,6.0,,0.0,,0.0,,6.0,,257,0,7851a6ac-099b-45cc-915b-13acbb286352,7851a6ac-099b-45cc-915b-13acbb286352,2,False,b986d6ab-8ef4-11f1-9b18-005056b2a5de,01__RSJ__DAM__VQT__360,DAMSO Rượu Soju Hàn Quốc Vị Việt Quất 360ml,Rượu Soju,DAMSO,,485b5d06-306c-11f0-b467-005056b34af7,a38f9189-ad87-11ef-a35e-005056b28600,CÔNG TY TNHH THƯƠNG MẠI VÀ DỊCH VỤ MIRA GROUP
b8468f8e-8ef4-11f1-9b18-005056b2a5de,01__STC__NUT__BQY__297,COCA-COLA NUTRIBOOST Sữa Bánh Quy 297ml,Chai,Tổng,39.0,,1.0,,48.0,,-8.0,,258,1,b8065d81-89af-4205-be4b-fd1bbd4ec395,,1,True,b986d78b-8ef4-11f1-9b18-005056b2a5de,01__STC__NUT__BQY__297,COCA-COLA NUTRIBOOST Sữa Bánh Quy 297ml,Sữa Trái Cây,Coca-Cola,,,a38f9189-ad87-11ef-a35e-005056b28600,
b8468f8e-8ef4-11f1-9b18-005056b2a5de,01__STC__NUT__BQY__297,Kho Kệ,Chai,Kho Kệ,-9.0,,1.0,,48.0,,-56.0,,259,0,b8065d81-89af-4205-be4b-fd1bbd4ec395,b8065d81-89af-4205-be4b-fd1bbd4ec395,2,False,b986d857-8ef4-11f1-9b18-005056b2a5de,01__STC__NUT__BQY__297,COCA-COLA NUTRIBOOST Sữa Bánh Quy 297ml,Sữa Trái Cây,Coca-Cola,,aca0e3b9-1e75-496e-84ff-e96c9084f53f,a38f9189-ad87-11ef-a35e-005056b28600,CÔNG TY TNHH THƯƠNG MẠI VÀ DỊCH VỤ MIRA GROUP
b8468f8e-8ef4-11f1-9b18-005056b2a5de,01__STC__NUT__BQY__297,Kho MIRA,Chai,Kho MIRA,48.0,,0.0,,0.0,,48.0,,260,0,b8065d81-89af-4205-be4b-fd1bbd4ec395,b8065d81-89af-4205-be4b-fd1bbd4ec395,2,False,b986d97b-8ef4-11f1-9b18-005056b2a5de,01__STC__NUT__BQY__297,COCA-COLA NUTRIBOOST Sữa Bánh Quy 297ml,Sữa Trái Cây,Coca-Cola,,485b5d06-306c-11f0-b467-005056b34af7,a38f9189-ad87-11ef-a35e-005056b28600,CÔNG TY TNHH THƯƠNG MẠI VÀ DỊCH VỤ MIRA GROUP
b8468f8e-8ef4-11f1-9b18-005056b2a5de,01__STC__NUT__CAM__297,COCA-COLA Nutriboost Sữa Mật Ong Cam 297ml,Chai,Tổng,45.0,,24.0,,28.0,,41.0,,261,1,c00e50b0-9272-44f4-b0a5-69086176b60f,,1,True,b986da4d-8ef4-11f1-9b18-005056b2a5de,01__STC__NUT__CAM__297,COCA-COLA Nutriboost Sữa Mật Ong Cam 297ml,Sữa Trái Cây,Coca-Cola,,,a38f9189-ad87-11ef-a35e-005056b28600,
b8468f8e-8ef4-11f1-9b18-005056b2a5de,01__STC__NUT__CAM__297,Kho Kệ,Chai,Kho Kệ,285.0,,24.0,,28.0,,281.0,,262,0,c00e50b0-9272-44f4-b0a5-69086176b60f,c00e50b0-9272-44f4-b0a5-69086176b60f,2,False,b986dba9-8ef4-11f1-9b18-005056b2a5de,01__STC__NUT__CAM__297,COCA-COLA Nutriboost Sữa Mật Ong Cam 297ml,Sữa Trái Cây,Coca-Cola,,aca0e3b9-1e75-496e-84ff-e96c9084f53f,a38f9189-ad87-11ef-a35e-005056b28600,CÔNG TY TNHH THƯƠNG MẠI VÀ DỊCH VỤ MIRA GROUP
b8468f8e-8ef4-11f1-9b18-005056b2a5de,01__STC__NUT__CAM__297,Kho MIRA,Chai,Kho MIRA,-240.0,,0.0,,0.0,,-240.0,,263,0,c00e50b0-9272-44f4-b0a5-69086176b60f,c00e50b0-9272-44f4-b0a5-69086176b60f,2,False,b986dc80-8ef4-11f1-9b18-005056b2a5de,01__STC__NUT__CAM__297,COCA-COLA Nutriboost Sữa Mật Ong Cam 297ml,Sữa Trái Cây,Coca-Cola,,485b5d06-306c-11f0-b467-005056b34af7,a38f9189-ad87-11ef-a35e-005056b28600,CÔNG TY TNHH THƯƠNG MẠI VÀ DỊCH VỤ MIRA GROUP
b8468f8e-8ef4-11f1-9b18-005056b2a5de,01__STC__NUT__DAU__297,COCA-COLA Nutriboost Sữa Dâu 297ml,Chai,Tổng,36.0,,48.0,,51.0,,33.0,,264,1,0c6edd74-63ab-439c-a297-620dd05661bf,,1,True,b986dd4b-8ef4-11f1-9b18-005056b2a5de,01__STC__NUT__DAU__297,COCA-COLA Nutriboost Sữa Dâu 297ml,Sữa Trái Cây,Coca-Cola,,,a38f9189-ad87-11ef-a35e-005056b28600,
b8468f8e-8ef4-11f1-9b18-005056b2a5de,01__STC__NUT__DAU__297,Kho Kệ,Chai,Kho Kệ,-6.0,,48.0,,51.0,,-9.0,,265,0,0c6edd74-63ab-439c-a297-620dd05661bf,0c6edd74-63ab-439c-a297-620dd05661bf,2,False,b986de06-8ef4-11f1-9b18-005056b2a5de,01__STC__NUT__DAU__297,COCA-COLA Nutriboost Sữa Dâu 297ml,Sữa Trái Cây,Coca-Cola,,aca0e3b9-1e75-496e-84ff-e96c9084f53f,a38f9189-ad87-11ef-a35e-005056b28600,CÔNG TY TNHH THƯƠNG MẠI VÀ DỊCH VỤ MIRA GROUP
b8468f8e-8ef4-11f1-9b18-005056b2a5de,01__STC__NUT__DAU__297,Kho MIRA,Chai,Kho MIRA,42.0,,0.0,,0.0,,42.0,,266,0,0c6edd74-63ab-439c-a297-620dd05661bf,0c6edd74-63ab-439c-a297-620dd05661bf,2,False,b986dec8-8ef4-11f1-9b18-005056b2a5de,01__STC__NUT__DAU__297,COCA-COLA Nutriboost Sữa Dâu 297ml,Sữa Trái Cây,Coca-Cola,,485b5d06-306c-11f0-b467-005056b34af7,a38f9189-ad87-11ef-a35e-005056b28600,CÔNG TY TNHH THƯƠNG MẠI VÀ DỊCH VỤ MIRA GROUP
b8468f8e-8ef4-11f1-9b18-005056b2a5de,01__STC__TWI__CAM__320,PEPSICO Twister Sữa Trái cây Vị Cam 320ml,Chai,Tổng,37.0,,0.0,,12.0,,25.0,,267,1,e1a4a5a0-011e-430f-838e-7a259a0cc3f4,,1,True,b986df94-8ef4-11f1-9b18-005056b2a5de,01__STC__TWI__CAM__320,PEPSICO Twister Sữa Trái cây Vị Cam 320ml,Sữa Trái Cây,PEPSICO,,,a38f9189-ad87-11ef-a35e-005056b28600,
b8468f8e-8ef4-11f1-9b18-005056b2a5de,01__STC__TWI__CAM__320,Kho Kệ,Chai,Kho Kệ,7.0,,0.0,,12.0,,-5.0,,268,0,e1a4a5a0-011e-430f-838e-7a259a0cc3f4,e1a4a5a0-011e-430f-838e-7a259a0cc3f4,2,False,b986e049-8ef4-11f1-9b18-005056b2a5de,01__STC__TWI__CAM__320,PEPSICO Twister Sữa Trái cây Vị Cam 320ml,Sữa Trái Cây,PEPSICO,,aca0e3b9-1e75-496e-84ff-e96c9084f53f,a38f9189-ad87-11ef-a35e-005056b28600,CÔNG TY TNHH THƯƠNG MẠI VÀ DỊCH VỤ MIRA GROUP
b8468f8e-8ef4-11f1-9b18-005056b2a5de,01__STC__TWI__CAM__320,Kho MIRA,Chai,Kho MIRA,30.0,,0.0,,0.0,,30.0,,269,0,e1a4a5a0-011e-430f-838e-7a259a0cc3f4,e1a4a5a0-011e-430f-838e-7a259a0cc3f4,2,False,b986e12d-8ef4-11f1-9b18-005056b2a5de,01__STC__TWI__CAM__320,PEPSICO Twister Sữa Trái cây Vị Cam 320ml,Sữa Trái Cây,PEPSICO,,485b5d06-306c-11f0-b467-005056b34af7,a38f9189-ad87-11ef-a35e-005056b28600,CÔNG TY TNHH THƯƠNG MẠI VÀ DỊCH VỤ MIRA GROUP
b8468f8e-8ef4-11f1-9b18-005056b2a5de,01__STC__TWI__DAU__320,PEPSICO Twister Sữa Trái cây Vị Dâu 320ml,Chai,Tổng,50.0,,0.0,,9.0,,41.0,,270,1,7e749f05-a66d-41ba-918d-9360d5e36a8b,,1,True,b986e1f5-8ef4-11f1-9b18-005056b2a5de,01__STC__TWI__DAU__320,PEPSICO Twister Sữa Trái cây Vị Dâu 320ml,Sữa Trái Cây,PEPSICO,,,a38f9189-ad87-11ef-a35e-005056b28600,
b8468f8e-8ef4-11f1-9b18-005056b2a5de,01__STC__TWI__DAU__320,Kho Kệ,Chai,Kho Kệ,8.0,,0.0,,9.0,,-1.0,,271,0,7e749f05-a66d-41ba-918d-9360d5e36a8b,7e749f05-a66d-41ba-918d-9360d5e36a8b,2,False,b986e2b0-8ef4-11f1-9b18-005056b2a5de,01__STC__TWI__DAU__320,PEPSICO Twister Sữa Trái cây Vị Dâu 320ml,Sữa Trái Cây,PEPSICO,,aca0e3b9-1e75-496e-84ff-e96c9084f53f,a38f9189-ad87-11ef-a35e-005056b28600,CÔNG TY TNHH THƯƠNG MẠI VÀ DỊCH VỤ MIRA GROUP
b8468f8e-8ef4-11f1-9b18-005056b2a5de,01__STC__TWI__DAU__320,Kho MIRA,Chai,Kho MIRA,42.0,,0.0,,0.0,,42.0,,272,0,7e749f05-a66d-41ba-918d-9360d5e36a8b,7e749f05-a66d-41ba-918d-9360d5e36a8b,2,False,b986e373-8ef4-11f1-9b18-005056b2a5de,01__STC__TWI__DAU__320,PEPSICO Twister Sữa Trái cây Vị Dâu 320ml,Sữa Trái Cây,PEPSICO,,485b5d06-306c-11f0-b467-005056b34af7,a38f9189-ad87-11ef-a35e-005056b28600,CÔNG TY TNHH THƯƠNG MẠI VÀ DỊCH VỤ MIRA GROUP
b8468f8e-8ef4-11f1-9b18-005056b2a5de,01__STC__VNU__BAP__240,VIETNUTRI Sữa Bắp Lon 240ml,Lon,Tổng,37.0,,0.0,,22.0,,15.0,,273,1,1283057a-a0e3-4361-891d-9853a737d88b,,1,True,b986e4cb-8ef4-11f1-9b18-005056b2a5de,01__STC__VNU__BAP__240,VIETNUTRI Sữa Bắp Lon 240ml,Sữa Trái Cây,VIETNUTRI,,,a38f9189-ad87-11ef-a35e-005056b28600,
b8468f8e-8ef4-11f1-9b18-005056b2a5de,01__STC__VNU__BAP__240,Kho Kệ,Lon,Kho Kệ,13.0,,0.0,,22.0,,-9.0,,274,0,1283057a-a0e3-4361-891d-9853a737d88b,1283057a-a0e3-4361-891d-9853a737d88b,2,False,b986e596-8ef4-11f1-9b18-005056b2a5de,01__STC__VNU__BAP__240,VIETNUTRI Sữa Bắp Lon 240ml,Sữa Trái Cây,VIETNUTRI,,aca0e3b9-1e75-496e-84ff-e96c9084f53f,a38f9189-ad87-11ef-a35e-005056b28600,CÔNG TY TNHH THƯƠNG MẠI VÀ DỊCH VỤ MIRA GROUP
b8468f8e-8ef4-11f1-9b18-005056b2a5de,01__STC__VNU__BAP__240,Kho MIRA,Lon,Kho MIRA,24.0,,0.0,,0.0,,24.0,,275,0,1283057a-a0e3-4361-891d-9853a737d88b,1283057a-a0e3-4361-891d-9853a737d88b,2,False,b986e6c5-8ef4-11f1-9b18-005056b2a5de,01__STC__VNU__BAP__240,VIETNUTRI Sữa Bắp Lon 240ml,Sữa Trái Cây,VIETNUTRI,,485b5d06-306c-11f0-b467-005056b34af7,a38f9189-ad87-11ef-a35e-005056b28600,CÔNG TY TNHH THƯƠNG MẠI VÀ DỊCH VỤ MIRA GROUP
b8468f8e-8ef4-11f1-9b18-005056b2a5de,01__STC__VNU__DNH__240,VIETNUTRI Sữa Đậu Nành Lon 240ml,Lon,Tổng,41.0,,0.0,,7.0,,34.0,,276,1,64bf7b7a-5dac-4d30-9b4c-be35ecee4561,,1,True,b986e895-8ef4-11f1-9b18-005056b2a5de,01__STC__VNU__DNH__240,VIETNUTRI Sữa Đậu Nành Lon 240ml,Sữa Trái Cây,VIETNUTRI,,,a38f9189-ad87-11ef-a35e-005056b28600,
b8468f8e-8ef4-11f1-9b18-005056b2a5de,01__STC__VNU__DNH__240,Kho Kệ,Lon,Kho Kệ,17.0,,0.0,,7.0,,10.0,,277,0,64bf7b7a-5dac-4d30-9b4c-be35ecee4561,64bf7b7a-5dac-4d30-9b4c-be35ecee4561,2,False,b986e95e-8ef4-11f1-9b18-005056b2a5de,01__STC__VNU__DNH__240,VIETNUTRI Sữa Đậu Nành Lon 240ml,Sữa Trái Cây,VIETNUTRI,,aca0e3b9-1e75-496e-84ff-e96c9084f53f,a38f9189-ad87-11ef-a35e-005056b28600,CÔNG TY TNHH THƯƠNG MẠI VÀ DỊCH VỤ MIRA GROUP
b8468f8e-8ef4-11f1-9b18-005056b2a5de,01__STC__VNU__DNH__240,Kho MIRA,Lon,Kho MIRA,24.0,,0.0,,0.0,,24.0,,278,0,64bf7b7a-5dac-4d30-9b4c-be35ecee4561,64bf7b7a-5dac-4d30-9b4c-be35ecee4561,2,False,b986ea2b-8ef4-11f1-9b18-005056b2a5de,01__STC__VNU__DNH__240,VIETNUTRI Sữa Đậu Nành Lon 240ml,Sữa Trái Cây,VIETNUTRI,,485b5d06-306c-11f0-b467-005056b34af7,a38f9189-ad87-11ef-a35e-005056b28600,CÔNG TY TNHH THƯƠNG MẠI VÀ DỊCH VỤ MIRA GROUP
b8468f8e-8ef4-11f1-9b18-005056b2a5de,01__TDC__CHA__TDO__350,CHASIAM Trà Sữa Thái Đỏ Chai 350ml,Chai,Tổng,2.0,,0.0,,1.0,,1.0,,279,1,7645b60e-6b7d-4d1c-a30d-5489a33b08eb,,1,True,b986eb04-8ef4-11f1-9b18-005056b2a5de,01__TDC__CHA__TDO__350,CHASIAM Trà Sữa Thái Đỏ Chai 350ml,Trà Đóng Chai,Chasiam,,,a38f9189-ad87-11ef-a35e-005056b28600,
b8468f8e-8ef4-11f1-9b18-005056b2a5de,01__TDC__CHA__TDO__350,Kho Kệ,Chai,Kho Kệ,2.0,,0.0,,1.0,,1.0,,280,0,7645b60e-6b7d-4d1c-a30d-5489a33b08eb,7645b60e-6b7d-4d1c-a30d-5489a33b08eb,2,False,b986ebce-8ef4-11f1-9b18-005056b2a5de,01__TDC__CHA__TDO__350,CHASIAM Trà Sữa Thái Đỏ Chai 350ml,Trà Đóng Chai,Chasiam,,aca0e3b9-1e75-496e-84ff-e96c9084f53f,a38f9189-ad87-11ef-a35e-005056b28600,CÔNG TY TNHH THƯƠNG MẠI VÀ DỊCH VỤ MIRA GROUP
b8468f8e-8ef4-11f1-9b18-005056b2a5de,01__TDC__CHA__TXA__350,CHASIAM Trà Sữa Thái Xanh Chai 350ml,Chai,Tổng,6.0,,0.0,,3.0,,3.0,,281,1,2e389903-2041-43cf-b6f3-226929f126f4,,1,True,b986eca0-8ef4-11f1-9b18-005056b2a5de,01__TDC__CHA__TXA__350,CHASIAM Trà Sữa Thái Xanh Chai 350ml,Trà Đóng Chai,Chasiam,,,a38f9189-ad87-11ef-a35e-005056b28600,
b8468f8e-8ef4-11f1-9b18-005056b2a5de,01__TDC__CHA__TXA__350,Kho Kệ,Chai,Kho Kệ,6.0,,0.0,,3.0,,3.0,,282,0,2e389903-2041-43cf-b6f3-226929f126f4,2e389903-2041-43cf-b6f3-226929f126f4,2,False,b986ed6d-8ef4-11f1-9b18-005056b2a5de,01__TDC__CHA__TXA__350,CHASIAM Trà Sữa Thái Xanh Chai 350ml,Trà Đóng Chai,Chasiam,,aca0e3b9-1e75-496e-84ff-e96c9084f53f,a38f9189-ad87-11ef-a35e-005056b28600,CÔNG TY TNHH THƯƠNG MẠI VÀ DỊCH VỤ MIRA GROUP
b8468f8e-8ef4-11f1-9b18-005056b2a5de,01__TDC__COZ__DAO__455,COZY Trà Đào Sả Chai 455ml,Chai,Tổng,1.0,,0.0,,0.0,,1.0,,283,1,87f026c3-d3b4-406d-bf69-2feece121fd2,,1,True,b986ee41-8ef4-11f1-9b18-005056b2a5de,01__TDC__COZ__DAO__455,COZY Trà Đào Sả Chai 455ml,Trà Đóng Chai,Cozy,,,a38f9189-ad87-11ef-a35e-005056b28600,
b8468f8e-8ef4-11f1-9b18-005056b2a5de,01__TDC__COZ__DAO__455,Kho Kệ,Chai,Kho Kệ,1.0,,0.0,,0.0,,1.0,,284,0,87f026c3-d3b4-406d-bf69-2feece121fd2,87f026c3-d3b4-406d-bf69-2feece121fd2,2,False,b986efc4-8ef4-11f1-9b18-005056b2a5de,01__TDC__COZ__DAO__455,COZY Trà Đào Sả Chai 455ml,Trà Đóng Chai,Cozy,,aca0e3b9-1e75-496e-84ff-e96c9084f53f,a38f9189-ad87-11ef-a35e-005056b28600,CÔNG TY TNHH THƯƠNG MẠI VÀ DỊCH VỤ MIRA GROUP
b8468f8e-8ef4-11f1-9b18-005056b2a5de,01__TDC__KIC__DAO__490,KIRIN Ice+ Trà Trái Cây Vị Đào 490ml,Chai,Tổng,42.0,,24.0,,23.0,,43.0,,285,1,d41db35c-0b5d-4981-94f4-d00fac7ac65f,,1,True,b986f09c-8ef4-11f1-9b18-005056b2a5de,01__TDC__KIC__DAO__490,KIRIN Ice+ Trà Trái Cây Vị Đào 490ml,Trà Đóng Chai,KIRIN Ice+,,,a38f9189-ad87-11ef-a35e-005056b28600,
b8468f8e-8ef4-11f1-9b18-005056b2a5de,01__TDC__KIC__DAO__490,Kho Kệ,Chai,Kho Kệ,30.0,,24.0,,23.0,,31.0,,286,0,d41db35c-0b5d-4981-94f4-d00fac7ac65f,d41db35c-0b5d-4981-94f4-d00fac7ac65f,2,False,b986f159-8ef4-11f1-9b18-005056b2a5de,01__TDC__KIC__DAO__490,KIRIN Ice+ Trà Trái Cây Vị Đào 490ml,Trà Đóng Chai,KIRIN Ice+,,aca0e3b9-1e75-496e-84ff-e96c9084f53f,a38f9189-ad87-11ef-a35e-005056b28600,CÔNG TY TNHH THƯƠNG MẠI VÀ DỊCH VỤ MIRA GROUP
b8468f8e-8ef4-11f1-9b18-005056b2a5de,01__TDC__KIC__DAO__490,Kho MIRA,Chai,Kho MIRA,12.0,,0.0,,0.0,,12.0,,287,0,d41db35c-0b5d-4981-94f4-d00fac7ac65f,d41db35c-0b5d-4981-94f4-d00fac7ac65f,2,False,b986f313-8ef4-11f1-9b18-005056b2a5de,01__TDC__KIC__DAO__490,KIRIN Ice+ Trà Trái Cây Vị Đào 490ml,Trà Đóng Chai,KIRIN Ice+,,485b5d06-306c-11f0-b467-005056b34af7,a38f9189-ad87-11ef-a35e-005056b28600,CÔNG TY TNHH THƯƠNG MẠI VÀ DỊCH VỤ MIRA GROUP
b8468f8e-8ef4-11f1-9b18-005056b2a5de,01__TDC__KIC__TKI__490,KIRIN Ice+ Trà Trái Cây Vị Trà Táo Kiwi 490ml,Chai,Tổng,20.0,,24.0,,25.0,,19.0,,288,1,b3478045-fcdc-41e5-9a38-4ea97dd32613,,1,True,b986f401-8ef4-11f1-9b18-005056b2a5de,01__TDC__KIC__TKI__490,KIRIN Ice+ Trà Trái Cây Vị Trà Táo Kiwi 490ml,Trà Đóng Chai,KIRIN Ice+,,,a38f9189-ad87-11ef-a35e-005056b28600,
b8468f8e-8ef4-11f1-9b18-005056b2a5de,01__TDC__KIC__TKI__490,Kho Kệ,Chai,Kho Kệ,-10.0,,24.0,,25.0,,-11.0,,289,0,b3478045-fcdc-41e5-9a38-4ea97dd32613,b3478045-fcdc-41e5-9a38-4ea97dd32613,2,False,b986f4c5-8ef4-11f1-9b18-005056b2a5de,01__TDC__KIC__TKI__490,KIRIN Ice+ Trà Trái Cây Vị Trà Táo Kiwi 490ml,Trà Đóng Chai,KIRIN Ice+,,aca0e3b9-1e75-496e-84ff-e96c9084f53f,a38f9189-ad87-11ef-a35e-005056b28600,CÔNG TY TNHH THƯƠNG MẠI VÀ DỊCH VỤ MIRA GROUP
b8468f8e-8ef4-11f1-9b18-005056b2a5de,01__TDC__KIC__TKI__490,Kho MIRA,Chai,Kho MIRA,30.0,,0.0,,0.0,,30.0,,290,0,b3478045-fcdc-41e5-9a38-4ea97dd32613,b3478045-fcdc-41e5-9a38-4ea97dd32613,2,False,b986f592-8ef4-11f1-9b18-005056b2a5de,01__TDC__KIC__TKI__490,KIRIN Ice+ Trà Trái Cây Vị Trà Táo Kiwi 490ml,Trà Đóng Chai,KIRIN Ice+,,485b5d06-306c-11f0-b467-005056b34af7,a38f9189-ad87-11ef-a35e-005056b28600,CÔNG TY TNHH THƯƠNG MẠI VÀ DỊCH VỤ MIRA GROUP
b8468f8e-8ef4-11f1-9b18-005056b2a5de,01__TDC__KIL__CAR__440,KIRIN Latte Coffee & Caramel 440ml,Chai,Tổng,90.0,,0.0,,18.0,,72.0,,291,1,9fc84c6b-2cbf-4dd9-9388-debb1df2e7ed,,1,True,b986f664-8ef4-11f1-9b18-005056b2a5de,01__TDC__KIL__CAR__440,KIRIN Latte Coffee & Caramel 440ml,Trà Đóng Chai,KIRIN Latte,,,a38f9189-ad87-11ef-a35e-005056b28600,
b8468f8e-8ef4-11f1-9b18-005056b2a5de,01__TDC__KIL__CAR__440,Kho Kệ,Chai,Kho Kệ,-12.0,,0.0,,18.0,,-30.0,,292,0,9fc84c6b-2cbf-4dd9-9388-debb1df2e7ed,9fc84c6b-2cbf-4dd9-9388-debb1df2e7ed,2,False,b986f7ea-8ef4-11f1-9b18-005056b2a5de,01__TDC__KIL__CAR__440,KIRIN Latte Coffee & Caramel 440ml,Trà Đóng Chai,KIRIN Latte,,aca0e3b9-1e75-496e-84ff-e96c9084f53f,a38f9189-ad87-11ef-a35e-005056b28600,CÔNG TY TNHH THƯƠNG MẠI VÀ DỊCH VỤ MIRA GROUP
b8468f8e-8ef4-11f1-9b18-005056b2a5de,01__TDC__KIL__CAR__440,Kho MIRA,Chai,Kho MIRA,102.0,,0.0,,0.0,,102.0,,293,0,9fc84c6b-2cbf-4dd9-9388-debb1df2e7ed,9fc84c6b-2cbf-4dd9-9388-debb1df2e7ed,2,False,b986f8bf-8ef4-11f1-9b18-005056b2a5de,01__TDC__KIL__CAR__440,KIRIN Latte Coffee & Caramel 440ml,Trà Đóng Chai,KIRIN Latte,,485b5d06-306c-11f0-b467-005056b34af7,a38f9189-ad87-11ef-a35e-005056b28600,CÔNG TY TNHH THƯƠNG MẠI VÀ DỊCH VỤ MIRA GROUP
b8468f8e-8ef4-11f1-9b18-005056b2a5de,01__TDC__KIL__DSA__440,KIRIN Latte Hỗn Hợp Dâu Sữa 440ml,Chai,Tổng,18.0,,24.0,,19.0,,23.0,,294,1,4073d102-8766-4ef0-a9ea-566f664b2c8b,,1,True,b986f988-8ef4-11f1-9b18-005056b2a5de,01__TDC__KIL__DSA__440,KIRIN Latte Hỗn Hợp Dâu Sữa 440ml,Trà Đóng Chai,KIRIN Latte,,,a38f9189-ad87-11ef-a35e-005056b28600,
b8468f8e-8ef4-11f1-9b18-005056b2a5de,01__TDC__KIL__DSA__440,Kho Kệ,Chai,Kho Kệ,12.0,,24.0,,19.0,,17.0,,295,0,4073d102-8766-4ef0-a9ea-566f664b2c8b,4073d102-8766-4ef0-a9ea-566f664b2c8b,2,False,b986fa55-8ef4-11f1-9b18-005056b2a5de,01__TDC__KIL__DSA__440,KIRIN Latte Hỗn Hợp Dâu Sữa 440ml,Trà Đóng Chai,KIRIN Latte,,aca0e3b9-1e75-496e-84ff-e96c9084f53f,a38f9189-ad87-11ef-a35e-005056b28600,CÔNG TY TNHH THƯƠNG MẠI VÀ DỊCH VỤ MIRA GROUP
b8468f8e-8ef4-11f1-9b18-005056b2a5de,01__TDC__KIL__DSA__440,Kho MIRA,Chai,Kho MIRA,6.0,,0.0,,0.0,,6.0,,296,0,4073d102-8766-4ef0-a9ea-566f664b2c8b,4073d102-8766-4ef0-a9ea-566f664b2c8b,2,False,b986fb1a-8ef4-11f1-9b18-005056b2a5de,01__TDC__KIL__DSA__440,KIRIN Latte Hỗn Hợp Dâu Sữa 440ml,Trà Đóng Chai,KIRIN Latte,,485b5d06-306c-11f0-b467-005056b34af7,a38f9189-ad87-11ef-a35e-005056b28600,CÔNG TY TNHH THƯƠNG MẠI VÀ DỊCH VỤ MIRA GROUP
b8468f8e-8ef4-11f1-9b18-005056b2a5de,01__TDC__KIL__MCS__440,KIRIN Latte Mãng Cầu Sữa 440ml,Chai,Tổng,14.0,,24.0,,7.0,,31.0,,297,1,009369b9-0b61-4a49-a4ef-6f417b61e131,,1,True,b986fbdf-8ef4-11f1-9b18-005056b2a5de,01__TDC__KIL__MCS__440,KIRIN Latte Mãng Cầu Sữa 440ml,Trà Đóng Chai,KIRIN Latte,,,a38f9189-ad87-11ef-a35e-005056b28600,
b8468f8e-8ef4-11f1-9b18-005056b2a5de,01__TDC__KIL__MCS__440,Kho Kệ,Chai,Kho Kệ,8.0,,24.0,,7.0,,25.0,,298,0,009369b9-0b61-4a49-a4ef-6f417b61e131,009369b9-0b61-4a49-a4ef-6f417b61e131,2,False,b986fca0-8ef4-11f1-9b18-005056b2a5de,01__TDC__KIL__MCS__440,KIRIN Latte Mãng Cầu Sữa 440ml,Trà Đóng Chai,KIRIN Latte,,aca0e3b9-1e75-496e-84ff-e96c9084f53f,a38f9189-ad87-11ef-a35e-005056b28600,CÔNG TY TNHH THƯƠNG MẠI VÀ DỊCH VỤ MIRA GROUP
b8468f8e-8ef4-11f1-9b18-005056b2a5de,01__TDC__KIL__MCS__440,Kho MIRA,Chai,Kho MIRA,6.0,,0.0,,0.0,,6.0,,299,0,009369b9-0b61-4a49-a4ef-6f417b61e131,009369b9-0b61-4a49-a4ef-6f417b61e131,2,False,b986fd6b-8ef4-11f1-9b18-005056b2a5de,01__TDC__KIL__MCS__440,KIRIN Latte Mãng Cầu Sữa 440ml,Trà Đóng Chai,KIRIN Latte,,485b5d06-306c-11f0-b467-005056b34af7,a38f9189-ad87-11ef-a35e-005056b28600,CÔNG TY TNHH THƯƠNG MẠI VÀ DỊCH VỤ MIRA GROUP
b8468f8e-8ef4-11f1-9b18-005056b2a5de,01__TDC__KIL__SSA__440,KIRIN Latte Socola Sữa 440ml,Chai,Tổng,52.0,,24.0,,49.0,,27.0,,300,1,63c26d57-c118-4e44-bd69-93f59c356ede,,1,True,b986fe2d-8ef4-11f1-9b18-005056b2a5de,01__TDC__KIL__SSA__440,KIRIN Latte Socola Sữa 440ml,Trà Đóng Chai,KIRIN Latte,,,a38f9189-ad87-11ef-a35e-005056b28600,
b8468f8e-8ef4-11f1-9b18-005056b2a5de,01__TDC__KIL__SSA__440,Kho Kệ,Chai,Kho Kệ,4.0,,24.0,,49.0,,-21.0,,301,0,63c26d57-c118-4e44-bd69-93f59c356ede,63c26d57-c118-4e44-bd69-93f59c356ede,2,False,b986feed-8ef4-11f1-9b18-005056b2a5de,01__TDC__KIL__SSA__440,KIRIN Latte Socola Sữa 440ml,Trà Đóng Chai,KIRIN Latte,,aca0e3b9-1e75-496e-84ff-e96c9084f53f,a38f9189-ad87-11ef-a35e-005056b28600,CÔNG TY TNHH THƯƠNG MẠI VÀ DỊCH VỤ MIRA GROUP
b8468f8e-8ef4-11f1-9b18-005056b2a5de,01__TDC__KIL__SSA__440,Kho MIRA,Chai,Kho MIRA,48.0,,0.0,,0.0,,48.0,,302,0,63c26d57-c118-4e44-bd69-93f59c356ede,63c26d57-c118-4e44-bd69-93f59c356ede,2,False,b986fff6-8ef4-11f1-9b18-005056b2a5de,01__TDC__KIL__SSA__440,KIRIN Latte Socola Sữa 440ml,Trà Đóng Chai,KIRIN Latte,,485b5d06-306c-11f0-b467-005056b34af7,a38f9189-ad87-11ef-a35e-005056b28600,CÔNG TY TNHH THƯƠNG MẠI VÀ DỊCH VỤ MIRA GROUP
b8468f8e-8ef4-11f1-9b18-005056b2a5de,01__TDC__KIL__TSA__440,KIRIN Latte Trà Sữa 440ml,Chai,Tổng,50.0,,24.0,,55.0,,19.0,,303,1,b504589d-871c-400e-9c3a-24186fb1888d,,1,True,b9870111-8ef4-11f1-9b18-005056b2a5de,01__TDC__KIL__TSA__440,KIRIN Latte Trà Sữa 440ml,Trà Đóng Chai,KIRIN Latte,,,a38f9189-ad87-11ef-a35e-005056b28600,
b8468f8e-8ef4-11f1-9b18-005056b2a5de,01__TDC__KIL__TSA__440,Kho Kệ,Chai,Kho Kệ,-10.0,,24.0,,55.0,,-41.0,,304,0,b504589d-871c-400e-9c3a-24186fb1888d,b504589d-871c-400e-9c3a-24186fb1888d,2,False,b98701d5-8ef4-11f1-9b18-005056b2a5de,01__TDC__KIL__TSA__440,KIRIN Latte Trà Sữa 440ml,Trà Đóng Chai,KIRIN Latte,,aca0e3b9-1e75-496e-84ff-e96c9084f53f,a38f9189-ad87-11ef-a35e-005056b28600,CÔNG TY TNHH THƯƠNG MẠI VÀ DỊCH VỤ MIRA GROUP
b8468f8e-8ef4-11f1-9b18-005056b2a5de,01__TDC__KIL__TSA__440,Kho MIRA,Chai,Kho MIRA,60.0,,0.0,,0.0,,60.0,,305,0,b504589d-871c-400e-9c3a-24186fb1888d,b504589d-871c-400e-9c3a-24186fb1888d,2,False,b9870409-8ef4-11f1-9b18-005056b2a5de,01__TDC__KIL__TSA__440,KIRIN Latte Trà Sữa 440ml,Trà Đóng Chai,KIRIN Latte,,485b5d06-306c-11f0-b467-005056b34af7,a38f9189-ad87-11ef-a35e-005056b28600,CÔNG TY TNHH THƯƠNG MẠI VÀ DỊCH VỤ MIRA GROUP
b8468f8e-8ef4-11f1-9b18-005056b2a5de,01__TDC__KIR__TSA__345,KIRIN Trà Sữa Anh Quốc 345ml,Chai,Tổng,21.0,,24.0,,25.0,,20.0,,306,1,dfcb1c12-d1c0-4a3a-8c37-05877ff44ce1,,1,True,b98704e9-8ef4-11f1-9b18-005056b2a5de,01__TDC__KIR__TSA__345,KIRIN Trà Sữa Anh Quốc 345ml,Trà Đóng Chai,KIRIN,,,a38f9189-ad87-11ef-a35e-005056b28600,
b8468f8e-8ef4-11f1-9b18-005056b2a5de,01__TDC__KIR__TSA__345,Kho Kệ,Chai,Kho Kệ,-9.0,,24.0,,25.0,,-10.0,,307,0,dfcb1c12-d1c0-4a3a-8c37-05877ff44ce1,dfcb1c12-d1c0-4a3a-8c37-05877ff44ce1,2,False,b98705ac-8ef4-11f1-9b18-005056b2a5de,01__TDC__KIR__TSA__345,KIRIN Trà Sữa Anh Quốc 345ml,Trà Đóng Chai,KIRIN,,aca0e3b9-1e75-496e-84ff-e96c9084f53f,a38f9189-ad87-11ef-a35e-005056b28600,CÔNG TY TNHH THƯƠNG MẠI VÀ DỊCH VỤ MIRA GROUP
b8468f8e-8ef4-11f1-9b18-005056b2a5de,01__TDC__KIR__TSA__345,Kho MIRA,Chai,Kho MIRA,30.0,,0.0,,0.0,,30.0,,308,0,dfcb1c12-d1c0-4a3a-8c37-05877ff44ce1,dfcb1c12-d1c0-4a3a-8c37-05877ff44ce1,2,False,b9870673-8ef4-11f1-9b18-005056b2a5de,01__TDC__KIR__TSA__345,KIRIN Trà Sữa Anh Quốc 345ml,Trà Đóng Chai,KIRIN,,485b5d06-306c-11f0-b467-005056b34af7,a38f9189-ad87-11ef-a35e-005056b28600,CÔNG TY TNHH THƯƠNG MẠI VÀ DỊCH VỤ MIRA GROUP
b8468f8e-8ef4-11f1-9b18-005056b2a5de,01__TDC__KIR__TXH__345,KIRIN Trà Xanh Nhật 345ml,Chai,Tổng,38.0,,0.0,,18.0,,20.0,,309,1,9696a38d-ee72-42c2-973a-0a4e51a07603,,1,True,b987073f-8ef4-11f1-9b18-005056b2a5de,01__TDC__KIR__TXH__345,KIRIN Trà Xanh Nhật 345ml,Trà Đóng Chai,KIRIN,,,a38f9189-ad87-11ef-a35e-005056b28600,
b8468f8e-8ef4-11f1-9b18-005056b2a5de,01__TDC__KIR__TXH__345,Kho Kệ,Chai,Kho Kệ,-10.0,,0.0,,18.0,,-28.0,,310,0,9696a38d-ee72-42c2-973a-0a4e51a07603,9696a38d-ee72-42c2-973a-0a4e51a07603,2,False,b98707fb-8ef4-11f1-9b18-005056b2a5de,01__TDC__KIR__TXH__345,KIRIN Trà Xanh Nhật 345ml,Trà Đóng Chai,KIRIN,,aca0e3b9-1e75-496e-84ff-e96c9084f53f,a38f9189-ad87-11ef-a35e-005056b28600,CÔNG TY TNHH THƯƠNG MẠI VÀ DỊCH VỤ MIRA GROUP
b8468f8e-8ef4-11f1-9b18-005056b2a5de,01__TDC__KIR__TXH__345,Kho MIRA,Chai,Kho MIRA,48.0,,0.0,,0.0,,48.0,,311,0,9696a38d-ee72-42c2-973a-0a4e51a07603,9696a38d-ee72-42c2-973a-0a4e51a07603,2,False,b987090c-8ef4-11f1-9b18-005056b2a5de,01__TDC__KIR__TXH__345,KIRIN Trà Xanh Nhật 345ml,Trà Đóng Chai,KIRIN,,485b5d06-306c-11f0-b467-005056b34af7,a38f9189-ad87-11ef-a35e-005056b28600,CÔNG TY TNHH THƯƠNG MẠI VÀ DỊCH VỤ MIRA GROUP
b8468f8e-8ef4-11f1-9b18-005056b2a5de,01__TDC__MAS__CAU__500,MASAN Trà Bupnon 365 Hương Mãng Cầu 500ml,Chai,Tổng,2.0,,0.0,,0.0,,2.0,,312,1,cffdbf74-ad7d-4102-9789-8da092604a5f,,1,True,b9870a69-8ef4-11f1-9b18-005056b2a5de,01__TDC__MAS__CAU__500,MASAN Trà Bupnon 365 Hương Mãng Cầu 500ml,Trà Đóng Chai,MASAN Bupnon,,,a38f9189-ad87-11ef-a35e-005056b28600,
b8468f8e-8ef4-11f1-9b18-005056b2a5de,01__TDC__MAS__CAU__500,Kho Kệ,Chai,Kho Kệ,2.0,,0.0,,0.0,,2.0,,313,0,cffdbf74-ad7d-4102-9789-8da092604a5f,cffdbf74-ad7d-4102-9789-8da092604a5f,2,False,b9870c3f-8ef4-11f1-9b18-005056b2a5de,01__TDC__MAS__CAU__500,MASAN Trà Bupnon 365 Hương Mãng Cầu 500ml,Trà Đóng Chai,MASAN Bupnon,,aca0e3b9-1e75-496e-84ff-e96c9084f53f,a38f9189-ad87-11ef-a35e-005056b28600,CÔNG TY TNHH THƯƠNG MẠI VÀ DỊCH VỤ MIRA GROUP
b8468f8e-8ef4-11f1-9b18-005056b2a5de,01__TDC__MAS__CSA__500,MASAN Trà Bupnon 365 Hương Chanh Sả 500ml,Chai,Tổng,-1.0,,0.0,,0.0,,-1.0,,314,1,b6d1b1c6-a38c-4eb4-a924-013bacdb8fb2,,1,True,b9870d8e-8ef4-11f1-9b18-005056b2a5de,01__TDC__MAS__CSA__500,MASAN Trà Bupnon 365 Hương Chanh Sả 500ml,Trà Đóng Chai,MASAN Bupnon,,,a38f9189-ad87-11ef-a35e-005056b28600,
b8468f8e-8ef4-11f1-9b18-005056b2a5de,01__TDC__MAS__CSA__500,Kho Kệ,Chai,Kho Kệ,-7.0,,0.0,,0.0,,-7.0,,315,0,b6d1b1c6-a38c-4eb4-a924-013bacdb8fb2,b6d1b1c6-a38c-4eb4-a924-013bacdb8fb2,2,False,b9870e81-8ef4-11f1-9b18-005056b2a5de,01__TDC__MAS__CSA__500,MASAN Trà Bupnon 365 Hương Chanh Sả 500ml,Trà Đóng Chai,MASAN Bupnon,,aca0e3b9-1e75-496e-84ff-e96c9084f53f,a38f9189-ad87-11ef-a35e-005056b28600,CÔNG TY TNHH THƯƠNG MẠI VÀ DỊCH VỤ MIRA GROUP
b8468f8e-8ef4-11f1-9b18-005056b2a5de,01__TDC__MAS__CSA__500,Kho MIRA,Chai,Kho MIRA,6.0,,0.0,,0.0,,6.0,,316,0,b6d1b1c6-a38c-4eb4-a924-013bacdb8fb2,b6d1b1c6-a38c-4eb4-a924-013bacdb8fb2,2,False,b9870f4f-8ef4-11f1-9b18-005056b2a5de,01__TDC__MAS__CSA__500,MASAN Trà Bupnon 365 Hương Chanh Sả 500ml,Trà Đóng Chai,MASAN Bupnon,,485b5d06-306c-11f0-b467-005056b34af7,a38f9189-ad87-11ef-a35e-005056b28600,CÔNG TY TNHH THƯƠNG MẠI VÀ DỊCH VỤ MIRA GROUP
b8468f8e-8ef4-11f1-9b18-005056b2a5de,01__TDC__MAS__DAO__500,MASAN Trà Bupnon 365 Hương Đào 500ml,Chai,Tổng,19.0,,96.0,,80.0,,35.0,,317,1,488d537f-e39c-42ee-8dd7-c4d023849171,,1,True,b9871015-8ef4-11f1-9b18-005056b2a5de,01__TDC__MAS__DAO__500,MASAN Trà Bupnon 365 Hương Đào 500ml,Trà Đóng Chai,MASAN Bupnon,,,a38f9189-ad87-11ef-a35e-005056b28600,
b8468f8e-8ef4-11f1-9b18-005056b2a5de,01__TDC__MAS__DAO__500,Kho Kệ,Chai,Kho Kệ,-29.0,,72.0,,80.0,,-37.0,,318,0,488d537f-e39c-42ee-8dd7-c4d023849171,488d537f-e39c-42ee-8dd7-c4d023849171,2,False,b98710d8-8ef4-11f1-9b18-005056b2a5de,01__TDC__MAS__DAO__500,MASAN Trà Bupnon 365 Hương Đào 500ml,Trà Đóng Chai,MASAN Bupnon,,aca0e3b9-1e75-496e-84ff-e96c9084f53f,a38f9189-ad87-11ef-a35e-005056b28600,CÔNG TY TNHH THƯƠNG MẠI VÀ DỊCH VỤ MIRA GROUP
b8468f8e-8ef4-11f1-9b18-005056b2a5de,01__TDC__MAS__DAO__500,Kho MIRA,Chai,Kho MIRA,48.0,,24.0,,0.0,,72.0,,319,0,488d537f-e39c-42ee-8dd7-c4d023849171,488d537f-e39c-42ee-8dd7-c4d023849171,2,False,b98711a3-8ef4-11f1-9b18-005056b2a5de,01__TDC__MAS__DAO__500,MASAN Trà Bupnon 365 Hương Đào 500ml,Trà Đóng Chai,MASAN Bupnon,,485b5d06-306c-11f0-b467-005056b34af7,a38f9189-ad87-11ef-a35e-005056b28600,CÔNG TY TNHH THƯƠNG MẠI VÀ DỊCH VỤ MIRA GROUP
b8468f8e-8ef4-11f1-9b18-005056b2a5de,01__TDC__MAS__MOG__500,MASAN Trà Bupnon 365 Hương Mật Ong 500ml,Chai,Tổng,40.0,,48.0,,67.0,,21.0,,320,1,bf17035d-f665-4179-9c4e-13065b8fbf26,,1,True,b987133f-8ef4-11f1-9b18-005056b2a5de,01__TDC__MAS__MOG__500,MASAN Trà Bupnon 365 Hương Mật Ong 500ml,Trà Đóng Chai,MASAN Bupnon,,,a38f9189-ad87-11ef-a35e-005056b28600,
b8468f8e-8ef4-11f1-9b18-005056b2a5de,01__TDC__MAS__MOG__500,Kho Kệ,Chai,Kho Kệ,-26.0,,48.0,,67.0,,-45.0,,321,0,bf17035d-f665-4179-9c4e-13065b8fbf26,bf17035d-f665-4179-9c4e-13065b8fbf26,2,False,b9871400-8ef4-11f1-9b18-005056b2a5de,01__TDC__MAS__MOG__500,MASAN Trà Bupnon 365 Hương Mật Ong 500ml,Trà Đóng Chai,MASAN Bupnon,,aca0e3b9-1e75-496e-84ff-e96c9084f53f,a38f9189-ad87-11ef-a35e-005056b28600,CÔNG TY TNHH THƯƠNG MẠI VÀ DỊCH VỤ MIRA GROUP
b8468f8e-8ef4-11f1-9b18-005056b2a5de,01__TDC__MAS__MOG__500,Kho MIRA,Chai,Kho MIRA,66.0,,0.0,,0.0,,66.0,,322,0,bf17035d-f665-4179-9c4e-13065b8fbf26,bf17035d-f665-4179-9c4e-13065b8fbf26,2,False,b98714cb-8ef4-11f1-9b18-005056b2a5de,01__TDC__MAS__MOG__500,MASAN Trà Bupnon 365 Hương Mật Ong 500ml,Trà Đóng Chai,MASAN Bupnon,,485b5d06-306c-11f0-b467-005056b34af7,a38f9189-ad87-11ef-a35e-005056b28600,CÔNG TY TNHH THƯƠNG MẠI VÀ DỊCH VỤ MIRA GROUP
b8468f8e-8ef4-11f1-9b18-005056b2a5de,01__TDC__MAS__OLD__500,MASAN Trà Bupnon 365 Trà Ô Long Vị Đào 500ml,Chai,Tổng,25.0,,72.0,,82.0,,15.0,,323,1,121f2b65-eb5c-48f2-b5e4-85b22a600d60,,1,True,b98715cf-8ef4-11f1-9b18-005056b2a5de,01__TDC__MAS__OLD__500,MASAN Trà Bupnon 365 Trà Ô Long Vị Đào 500ml,Trà Đóng Chai,MASAN Bupnon,,,a38f9189-ad87-11ef-a35e-005056b28600,
b8468f8e-8ef4-11f1-9b18-005056b2a5de,01__TDC__MAS__OLD__500,Kho Kệ,Chai,Kho Kệ,-17.0,,48.0,,82.0,,-51.0,,324,0,121f2b65-eb5c-48f2-b5e4-85b22a600d60,121f2b65-eb5c-48f2-b5e4-85b22a600d60,2,False,b9871723-8ef4-11f1-9b18-005056b2a5de,01__TDC__MAS__OLD__500,MASAN Trà Bupnon 365 Trà Ô Long Vị Đào 500ml,Trà Đóng Chai,MASAN Bupnon,,aca0e3b9-1e75-496e-84ff-e96c9084f53f,a38f9189-ad87-11ef-a35e-005056b28600,CÔNG TY TNHH THƯƠNG MẠI VÀ DỊCH VỤ MIRA GROUP
b8468f8e-8ef4-11f1-9b18-005056b2a5de,01__TDC__MAS__OLD__500,Kho MIRA,Chai,Kho MIRA,42.0,,24.0,,0.0,,66.0,,325,0,121f2b65-eb5c-48f2-b5e4-85b22a600d60,121f2b65-eb5c-48f2-b5e4-85b22a600d60,2,False,b98717f9-8ef4-11f1-9b18-005056b2a5de,01__TDC__MAS__OLD__500,MASAN Trà Bupnon 365 Trà Ô Long Vị Đào 500ml,Trà Đóng Chai,MASAN Bupnon,,485b5d06-306c-11f0-b467-005056b34af7,a38f9189-ad87-11ef-a35e-005056b28600,CÔNG TY TNHH THƯƠNG MẠI VÀ DỊCH VỤ MIRA GROUP
b8468f8e-8ef4-11f1-9b18-005056b2a5de,01__TDC__TEA__CHH__450,PEPSICO Olong TEA+ Chanh Chai 450ml,Chai,Tổng,26.0,,48.0,,30.0,,44.0,,326,1,9c0bc1a0-f764-4955-9373-96356d100bf6,,1,True,b98718b9-8ef4-11f1-9b18-005056b2a5de,01__TDC__TEA__CHH__450,PEPSICO Olong TEA+ Chanh Chai 450ml,Trà Đóng Chai,TEA+,,,a38f9189-ad87-11ef-a35e-005056b28600,
b8468f8e-8ef4-11f1-9b18-005056b2a5de,01__TDC__TEA__CHH__450,Kho Kệ,Chai,Kho Kệ,14.0,,48.0,,30.0,,32.0,,327,0,9c0bc1a0-f764-4955-9373-96356d100bf6,9c0bc1a0-f764-4955-9373-96356d100bf6,2,False,b987197a-8ef4-11f1-9b18-005056b2a5de,01__TDC__TEA__CHH__450,PEPSICO Olong TEA+ Chanh Chai 450ml,Trà Đóng Chai,TEA+,,aca0e3b9-1e75-496e-84ff-e96c9084f53f,a38f9189-ad87-11ef-a35e-005056b28600,CÔNG TY TNHH THƯƠNG MẠI VÀ DỊCH VỤ MIRA GROUP
b8468f8e-8ef4-11f1-9b18-005056b2a5de,01__TDC__TEA__CHH__450,Kho MIRA,Chai,Kho MIRA,12.0,,0.0,,0.0,,12.0,,328,0,9c0bc1a0-f764-4955-9373-96356d100bf6,9c0bc1a0-f764-4955-9373-96356d100bf6,2,False,b9871a3c-8ef4-11f1-9b18-005056b2a5de,01__TDC__TEA__CHH__450,PEPSICO Olong TEA+ Chanh Chai 450ml,Trà Đóng Chai,TEA+,,485b5d06-306c-11f0-b467-005056b34af7,a38f9189-ad87-11ef-a35e-005056b28600,CÔNG TY TNHH THƯƠNG MẠI VÀ DỊCH VỤ MIRA GROUP
b8468f8e-8ef4-11f1-9b18-005056b2a5de,01__TDC__TEA__XAH__450,PEPSICO Olong TEA+ Trà Xanh Chai 450ml,Chai,Tổng,7.0,,96.0,,83.0,,20.0,,329,1,841d02cb-5bfd-4fe6-8f6d-e63760b6e38b,,1,True,b9871afc-8ef4-11f1-9b18-005056b2a5de,01__TDC__TEA__XAH__450,PEPSICO Olong TEA+ Trà Xanh Chai 450ml,Trà Đóng Chai,TEA+,,,a38f9189-ad87-11ef-a35e-005056b28600,
b8468f8e-8ef4-11f1-9b18-005056b2a5de,01__TDC__TEA__XAH__450,Kho Kệ,Chai,Kho Kệ,-35.0,,96.0,,83.0,,-22.0,,330,0,841d02cb-5bfd-4fe6-8f6d-e63760b6e38b,841d02cb-5bfd-4fe6-8f6d-e63760b6e38b,2,False,b9871bb5-8ef4-11f1-9b18-005056b2a5de,01__TDC__TEA__XAH__450,PEPSICO Olong TEA+ Trà Xanh Chai 450ml,Trà Đóng Chai,TEA+,,aca0e3b9-1e75-496e-84ff-e96c9084f53f,a38f9189-ad87-11ef-a35e-005056b28600,CÔNG TY TNHH THƯƠNG MẠI VÀ DỊCH VỤ MIRA GROUP
b8468f8e-8ef4-11f1-9b18-005056b2a5de,01__TDC__TEA__XAH__450,Kho MIRA,Chai,Kho MIRA,42.0,,0.0,,0.0,,42.0,,331,0,841d02cb-5bfd-4fe6-8f6d-e63760b6e38b,841d02cb-5bfd-4fe6-8f6d-e63760b6e38b,2,False,b9871c75-8ef4-11f1-9b18-005056b2a5de,01__TDC__TEA__XAH__450,PEPSICO Olong TEA+ Trà Xanh Chai 450ml,Trà Đóng Chai,TEA+,,485b5d06-306c-11f0-b467-005056b34af7,a38f9189-ad87-11ef-a35e-005056b28600,CÔNG TY TNHH THƯƠNG MẠI VÀ DỊCH VỤ MIRA GROUP
b8468f8e-8ef4-11f1-9b18-005056b2a5de,01__TDC__THT__CTN__350,TH True Tea Trà Xanh Vị Chanh Tự Nhiên 350ml,Chai,Tổng,69.0,,72.0,,29.0,,112.0,,332,1,8338409e-987f-4334-9380-0f237ce113a1,,1,True,b9871d3c-8ef4-11f1-9b18-005056b2a5de,01__TDC__THT__CTN__350,TH True Tea Trà Xanh Vị Chanh Tự Nhiên 350ml,Trà Đóng Chai,TH True Tea,,,a38f9189-ad87-11ef-a35e-005056b28600,
b8468f8e-8ef4-11f1-9b18-005056b2a5de,01__TDC__THT__CTN__350,Kho Kệ,Chai,Kho Kệ,9.0,,72.0,,29.0,,52.0,,333,0,8338409e-987f-4334-9380-0f237ce113a1,8338409e-987f-4334-9380-0f237ce113a1,2,False,b9871df5-8ef4-11f1-9b18-005056b2a5de,01__TDC__THT__CTN__350,TH True Tea Trà Xanh Vị Chanh Tự Nhiên 350ml,Trà Đóng Chai,TH True Tea,,aca0e3b9-1e75-496e-84ff-e96c9084f53f,a38f9189-ad87-11ef-a35e-005056b28600,CÔNG TY TNHH THƯƠNG MẠI VÀ DỊCH VỤ MIRA GROUP
b8468f8e-8ef4-11f1-9b18-005056b2a5de,01__TDC__THT__CTN__350,Kho MIRA,Chai,Kho MIRA,60.0,,0.0,,0.0,,60.0,,334,0,8338409e-987f-4334-9380-0f237ce113a1,8338409e-987f-4334-9380-0f237ce113a1,2,False,b9871eb8-8ef4-11f1-9b18-005056b2a5de,01__TDC__THT__CTN__350,TH True Tea Trà Xanh Vị Chanh Tự Nhiên 350ml,Trà Đóng Chai,TH True Tea,,485b5d06-306c-11f0-b467-005056b34af7,a38f9189-ad87-11ef-a35e-005056b28600,CÔNG TY TNHH THƯƠNG MẠI VÀ DỊCH VỤ MIRA GROUP
b8468f8e-8ef4-11f1-9b18-005056b2a5de,01__TDC__THT__DAO__350,TH True Tea Trà Đào 350ml,Chai,Tổng,60.0,,0.0,,32.0,,28.0,,335,1,45de13be-447f-4a8f-87da-0dc7c4ee9068,,1,True,b9871f7e-8ef4-11f1-9b18-005056b2a5de,01__TDC__THT__DAO__350,TH True Tea Trà Đào 350ml,Trà Đóng Chai,TH True Tea,,,a38f9189-ad87-11ef-a35e-005056b28600,
b8468f8e-8ef4-11f1-9b18-005056b2a5de,01__TDC__THT__DAO__350,Kho Kệ,Chai,Kho Kệ,12.0,,0.0,,32.0,,-20.0,,336,0,45de13be-447f-4a8f-87da-0dc7c4ee9068,45de13be-447f-4a8f-87da-0dc7c4ee9068,2,False,b9872040-8ef4-11f1-9b18-005056b2a5de,01__TDC__THT__DAO__350,TH True Tea Trà Đào 350ml,Trà Đóng Chai,TH True Tea,,aca0e3b9-1e75-496e-84ff-e96c9084f53f,a38f9189-ad87-11ef-a35e-005056b28600,CÔNG TY TNHH THƯƠNG MẠI VÀ DỊCH VỤ MIRA GROUP
b8468f8e-8ef4-11f1-9b18-005056b2a5de,01__TDC__THT__DAO__350,Kho MIRA,Chai,Kho MIRA,48.0,,0.0,,0.0,,48.0,,337,0,45de13be-447f-4a8f-87da-0dc7c4ee9068,45de13be-447f-4a8f-87da-0dc7c4ee9068,2,False,b987215a-8ef4-11f1-9b18-005056b2a5de,01__TDC__THT__DAO__350,TH True Tea Trà Đào 350ml,Trà Đóng Chai,TH True Tea,,485b5d06-306c-11f0-b467-005056b34af7,a38f9189-ad87-11ef-a35e-005056b28600,CÔNG TY TNHH THƯƠNG MẠI VÀ DỊCH VỤ MIRA GROUP
b8468f8e-8ef4-11f1-9b18-005056b2a5de,01__TDC__THT__OLO__350,TH True Tea Ô Long Tự Nhiên 350ml,Chai,Tổng,38.0,,24.0,,36.0,,26.0,,338,1,d03a89f4-f8ec-4da5-b3d3-565a147219bd,,1,True,b9872286-8ef4-11f1-9b18-005056b2a5de,01__TDC__THT__OLO__350,TH True Tea Ô Long Tự Nhiên 350ml,Trà Đóng Chai,TH True Tea,,,a38f9189-ad87-11ef-a35e-005056b28600,
b8468f8e-8ef4-11f1-9b18-005056b2a5de,01__TDC__THT__OLO__350,Kho Kệ,Chai,Kho Kệ,-7.0,,24.0,,36.0,,-19.0,,339,0,d03a89f4-f8ec-4da5-b3d3-565a147219bd,d03a89f4-f8ec-4da5-b3d3-565a147219bd,2,False,b9872411-8ef4-11f1-9b18-005056b2a5de,01__TDC__THT__OLO__350,TH True Tea Ô Long Tự Nhiên 350ml,Trà Đóng Chai,TH True Tea,,aca0e3b9-1e75-496e-84ff-e96c9084f53f,a38f9189-ad87-11ef-a35e-005056b28600,CÔNG TY TNHH THƯƠNG MẠI VÀ DỊCH VỤ MIRA GROUP
b8468f8e-8ef4-11f1-9b18-005056b2a5de,01__TDC__THT__OLO__350,Kho MIRA,Chai,Kho MIRA,45.0,,0.0,,0.0,,45.0,,340,0,d03a89f4-f8ec-4da5-b3d3-565a147219bd,d03a89f4-f8ec-4da5-b3d3-565a147219bd,2,False,b98724fa-8ef4-11f1-9b18-005056b2a5de,01__TDC__THT__OLO__350,TH True Tea Ô Long Tự Nhiên 350ml,Trà Đóng Chai,TH True Tea,,485b5d06-306c-11f0-b467-005056b34af7,a38f9189-ad87-11ef-a35e-005056b28600,CÔNG TY TNHH THƯƠNG MẠI VÀ DỊCH VỤ MIRA GROUP
b8468f8e-8ef4-11f1-9b18-005056b2a5de,01__TDC__THT__TAC__350,TH True Tea Trà Tắc 350ml,Chai,Tổng,36.0,,3.0,,17.0,,22.0,,341,1,b486018c-0622-4797-a1d6-20741b7f71e7,,1,True,b9872713-8ef4-11f1-9b18-005056b2a5de,01__TDC__THT__TAC__350,TH True Tea Trà Tắc 350ml,Trà Đóng Chai,TH True Tea,,,a38f9189-ad87-11ef-a35e-005056b28600,
b8468f8e-8ef4-11f1-9b18-005056b2a5de,01__TDC__THT__TAC__350,Kho Kệ,Chai,Kho Kệ,27.0,,3.0,,17.0,,13.0,,342,0,b486018c-0622-4797-a1d6-20741b7f71e7,b486018c-0622-4797-a1d6-20741b7f71e7,2,False,b987283a-8ef4-11f1-9b18-005056b2a5de,01__TDC__THT__TAC__350,TH True Tea Trà Tắc 350ml,Trà Đóng Chai,TH True Tea,,aca0e3b9-1e75-496e-84ff-e96c9084f53f,a38f9189-ad87-11ef-a35e-005056b28600,CÔNG TY TNHH THƯƠNG MẠI VÀ DỊCH VỤ MIRA GROUP
b8468f8e-8ef4-11f1-9b18-005056b2a5de,01__TDC__THT__TAC__350,Kho MIRA,Chai,Kho MIRA,9.0,,0.0,,0.0,,9.0,,343,0,b486018c-0622-4797-a1d6-20741b7f71e7,b486018c-0622-4797-a1d6-20741b7f71e7,2,False,b9872965-8ef4-11f1-9b18-005056b2a5de,01__TDC__THT__TAC__350,TH True Tea Trà Tắc 350ml,Trà Đóng Chai,TH True Tea,,485b5d06-306c-11f0-b467-005056b34af7,a38f9189-ad87-11ef-a35e-005056b28600,CÔNG TY TNHH THƯƠNG MẠI VÀ DỊCH VỤ MIRA GROUP
b8468f8e-8ef4-11f1-9b18-005056b2a5de,01__TDC__THT__TOI__350,TH True Tea Trà Ổi 350ml,Chai,Tổng,21.0,,27.0,,30.0,,18.0,,344,1,ca981f57-1dc8-4c9c-84c1-fa0e9dcd3a0c,,1,True,b9872a7b-8ef4-11f1-9b18-005056b2a5de,01__TDC__THT__TOI__350,TH True Tea Trà Ổi 350ml,Trà Đóng Chai,TH True Tea,,,a38f9189-ad87-11ef-a35e-005056b28600,
b8468f8e-8ef4-11f1-9b18-005056b2a5de,01__TDC__THT__TOI__350,Kho Kệ,Chai,Kho Kệ,-3.0,,27.0,,30.0,,-6.0,,345,0,ca981f57-1dc8-4c9c-84c1-fa0e9dcd3a0c,ca981f57-1dc8-4c9c-84c1-fa0e9dcd3a0c,2,False,b9872b44-8ef4-11f1-9b18-005056b2a5de,01__TDC__THT__TOI__350,TH True Tea Trà Ổi 350ml,Trà Đóng Chai,TH True Tea,,aca0e3b9-1e75-496e-84ff-e96c9084f53f,a38f9189-ad87-11ef-a35e-005056b28600,CÔNG TY TNHH THƯƠNG MẠI VÀ DỊCH VỤ MIRA GROUP
b8468f8e-8ef4-11f1-9b18-005056b2a5de,01__TDC__THT__TOI__350,Kho MIRA,Chai,Kho MIRA,24.0,,0.0,,0.0,,24.0,,346,0,ca981f57-1dc8-4c9c-84c1-fa0e9dcd3a0c,ca981f57-1dc8-4c9c-84c1-fa0e9dcd3a0c,2,False,b9872c0e-8ef4-11f1-9b18-005056b2a5de,01__TDC__THT__TOI__350,TH True Tea Trà Ổi 350ml,Trà Đóng Chai,TH True Tea,,485b5d06-306c-11f0-b467-005056b34af7,a38f9189-ad87-11ef-a35e-005056b28600,CÔNG TY TNHH THƯƠNG MẠI VÀ DỊCH VỤ MIRA GROUP
b8468f8e-8ef4-11f1-9b18-005056b2a5de,01__TDC__THT__VAI__350,TH True Tea Trà Vải 350ml,Chai,Tổng,28.0,,24.0,,38.0,,14.0,,347,1,ce265a50-6cc3-4f0e-a992-126cee727c7f,,1,True,b9872cd1-8ef4-11f1-9b18-005056b2a5de,01__TDC__THT__VAI__350,TH True Tea Trà Vải 350ml,Trà Đóng Chai,TH True Tea,,,a38f9189-ad87-11ef-a35e-005056b28600,
b8468f8e-8ef4-11f1-9b18-005056b2a5de,01__TDC__THT__VAI__350,Kho Kệ,Chai,Kho Kệ,-8.0,,24.0,,38.0,,-22.0,,348,0,ce265a50-6cc3-4f0e-a992-126cee727c7f,ce265a50-6cc3-4f0e-a992-126cee727c7f,2,False,b9872d92-8ef4-11f1-9b18-005056b2a5de,01__TDC__THT__VAI__350,TH True Tea Trà Vải 350ml,Trà Đóng Chai,TH True Tea,,aca0e3b9-1e75-496e-84ff-e96c9084f53f,a38f9189-ad87-11ef-a35e-005056b28600,CÔNG TY TNHH THƯƠNG MẠI VÀ DỊCH VỤ MIRA GROUP
b8468f8e-8ef4-11f1-9b18-005056b2a5de,01__TDC__THT__VAI__350,Kho MIRA,Chai,Kho MIRA,36.0,,0.0,,0.0,,36.0,,349,0,ce265a50-6cc3-4f0e-a992-126cee727c7f,ce265a50-6cc3-4f0e-a992-126cee727c7f,2,False,b9872e55-8ef4-11f1-9b18-005056b2a5de,01__TDC__THT__VAI__350,TH True Tea Trà Vải 350ml,Trà Đóng Chai,TH True Tea,,485b5d06-306c-11f0-b467-005056b34af7,a38f9189-ad87-11ef-a35e-005056b28600,CÔNG TY TNHH THƯƠNG MẠI VÀ DỊCH VỤ MIRA GROUP
b8468f8e-8ef4-11f1-9b18-005056b2a5de,01__TDC__WON__BDO__280,WONDERFARM Trà Bí Đao Chai 280ml,Chai,Tổng,63.0,,48.0,,66.0,,45.0,,350,1,43f2d7b4-6dc5-4b0b-85db-55e7af872d01,,1,True,b9872f96-8ef4-11f1-9b18-005056b2a5de,01__TDC__WON__BDO__280,WONDERFARM Trà Bí Đao Chai 280ml,Trà Đóng Chai,WONDERFARM,,,a38f9189-ad87-11ef-a35e-005056b28600,
b8468f8e-8ef4-11f1-9b18-005056b2a5de,01__TDC__WON__BDO__280,Kho Kệ,Chai,Kho Kệ,-15.0,,48.0,,66.0,,-33.0,,351,0,43f2d7b4-6dc5-4b0b-85db-55e7af872d01,43f2d7b4-6dc5-4b0b-85db-55e7af872d01,2,False,b98730b8-8ef4-11f1-9b18-005056b2a5de,01__TDC__WON__BDO__280,WONDERFARM Trà Bí Đao Chai 280ml,Trà Đóng Chai,WONDERFARM,,aca0e3b9-1e75-496e-84ff-e96c9084f53f,a38f9189-ad87-11ef-a35e-005056b28600,CÔNG TY TNHH THƯƠNG MẠI VÀ DỊCH VỤ MIRA GROUP
b8468f8e-8ef4-11f1-9b18-005056b2a5de,01__TDC__WON__BDO__280,Kho MIRA,Chai,Kho MIRA,78.0,,0.0,,0.0,,78.0,,352,0,43f2d7b4-6dc5-4b0b-85db-55e7af872d01,43f2d7b4-6dc5-4b0b-85db-55e7af872d01,2,False,b987318d-8ef4-11f1-9b18-005056b2a5de,01__TDC__WON__BDO__280,WONDERFARM Trà Bí Đao Chai 280ml,Trà Đóng Chai,WONDERFARM,,485b5d06-306c-11f0-b467-005056b34af7,a38f9189-ad87-11ef-a35e-005056b28600,CÔNG TY TNHH THƯƠNG MẠI VÀ DỊCH VỤ MIRA GROUP
b8468f8e-8ef4-11f1-9b18-005056b2a5de,01__TDL__WON__BDO__310,WONDERFARM Trà Bí Đao Lon 310ml,Lon,Tổng,47.0,,48.0,,47.0,,48.0,,353,1,3d08ad2f-ef7a-45e4-bb7f-61541accc609,,1,True,b9873318-8ef4-11f1-9b18-005056b2a5de,01__TDL__WON__BDO__310,WONDERFARM Trà Bí Đao Lon 310ml,Trà Đóng Lon,WONDERFARM,,,a38f9189-ad87-11ef-a35e-005056b28600,
b8468f8e-8ef4-11f1-9b18-005056b2a5de,01__TDL__WON__BDO__310,Kho Kệ,Lon,Kho Kệ,-19.0,,48.0,,47.0,,-18.0,,354,0,3d08ad2f-ef7a-45e4-bb7f-61541accc609,3d08ad2f-ef7a-45e4-bb7f-61541accc609,2,False,b98733dc-8ef4-11f1-9b18-005056b2a5de,01__TDL__WON__BDO__310,WONDERFARM Trà Bí Đao Lon 310ml,Trà Đóng Lon,WONDERFARM,,aca0e3b9-1e75-496e-84ff-e96c9084f53f,a38f9189-ad87-11ef-a35e-005056b28600,CÔNG TY TNHH THƯƠNG MẠI VÀ DỊCH VỤ MIRA GROUP
b8468f8e-8ef4-11f1-9b18-005056b2a5de,01__TDL__WON__BDO__310,Kho MIRA,Lon,Kho MIRA,66.0,,0.0,,0.0,,66.0,,355,0,3d08ad2f-ef7a-45e4-bb7f-61541accc609,3d08ad2f-ef7a-45e4-bb7f-61541accc609,2,False,b98734a2-8ef4-11f1-9b18-005056b2a5de,01__TDL__WON__BDO__310,WONDERFARM Trà Bí Đao Lon 310ml,Trà Đóng Lon,WONDERFARM,,485b5d06-306c-11f0-b467-005056b34af7,a38f9189-ad87-11ef-a35e-005056b28600,CÔNG TY TNHH THƯƠNG MẠI VÀ DỊCH VỤ MIRA GROUP
b8468f8e-8ef4-11f1-9b18-005056b2a5de,02__CGI__YDP__BDO__50,YẾN ĐẠI PHÁT Cháo Tổ Yến Trẻ Em Cá Hồi Bí Đỏ 50g,Gói,Tổng,9.0,,0.0,,7.0,,2.0,,356,1,7be49b9d-0c1d-471e-9d04-5d461868be0e,,1,True,b9873584-8ef4-11f1-9b18-005056b2a5de,02__CGI__YDP__BDO__50,YẾN ĐẠI PHÁT Cháo Tổ Yến Trẻ Em Cá Hồi Bí Đỏ 50g,Cháo Gói,YẾN ĐẠI PHÁT,,,a38f9189-ad87-11ef-a35e-005056b28600,
b8468f8e-8ef4-11f1-9b18-005056b2a5de,02__CGI__YDP__BDO__50,Kho Kệ,Gói,Kho Kệ,9.0,,0.0,,7.0,,2.0,,357,0,7be49b9d-0c1d-471e-9d04-5d461868be0e,7be49b9d-0c1d-471e-9d04-5d461868be0e,2,False,b9873660-8ef4-11f1-9b18-005056b2a5de,02__CGI__YDP__BDO__50,YẾN ĐẠI PHÁT Cháo Tổ Yến Trẻ Em Cá Hồi Bí Đỏ 50g,Cháo Gói,YẾN ĐẠI PHÁT,,aca0e3b9-1e75-496e-84ff-e96c9084f53f,a38f9189-ad87-11ef-a35e-005056b28600,CÔNG TY TNHH THƯƠNG MẠI VÀ DỊCH VỤ MIRA GROUP
b8468f8e-8ef4-11f1-9b18-005056b2a5de,02__CGI__YDP__DXH__50,YẾN ĐẠI PHÁT Cháo Sườn Non Yến Mạch Đậu Xanh Gói 50g,Gói,Tổng,0.0,,44.0,,1.0,,43.0,,358,1,c3f186bb-1995-45a4-9679-734301b8295c,,1,True,b987373e-8ef4-11f1-9b18-005056b2a5de,02__CGI__YDP__DXH__50,YẾN ĐẠI PHÁT Cháo Sườn Non Yến Mạch Đậu Xanh Gói 50g,Cháo Gói,YẾN ĐẠI PHÁT,,,a38f9189-ad87-11ef-a35e-005056b28600,
b8468f8e-8ef4-11f1-9b18-005056b2a5de,02__CGI__YDP__DXH__50,Kho Kệ,Gói,Kho Kệ,0.0,,0.0,,1.0,,-1.0,,359,0,c3f186bb-1995-45a4-9679-734301b8295c,c3f186bb-1995-45a4-9679-734301b8295c,2,False,b9873829-8ef4-11f1-9b18-005056b2a5de,02__CGI__YDP__DXH__50,YẾN ĐẠI PHÁT Cháo Sườn Non Yến Mạch Đậu Xanh Gói 50g,Cháo Gói,YẾN ĐẠI PHÁT,,aca0e3b9-1e75-496e-84ff-e96c9084f53f,a38f9189-ad87-11ef-a35e-005056b28600,CÔNG TY TNHH THƯƠNG MẠI VÀ DỊCH VỤ MIRA GROUP
b8468f8e-8ef4-11f1-9b18-005056b2a5de,02__CGI__YDP__DXH__50,Kho MIRA,Gói,Kho MIRA,0.0,,44.0,,0.0,,44.0,,360,0,c3f186bb-1995-45a4-9679-734301b8295c,c3f186bb-1995-45a4-9679-734301b8295c,2,False,b98739af-8ef4-11f1-9b18-005056b2a5de,02__CGI__YDP__DXH__50,YẾN ĐẠI PHÁT Cháo Sườn Non Yến Mạch Đậu Xanh Gói 50g,Cháo Gói,YẾN ĐẠI PHÁT,,485b5d06-306c-11f0-b467-005056b34af7,a38f9189-ad87-11ef-a35e-005056b28600,CÔNG TY TNHH THƯƠNG MẠI VÀ DỊCH VỤ MIRA GROUP
b8468f8e-8ef4-11f1-9b18-005056b2a5de,02__CGI__YDP__YEN__50,YẾN ĐẠI PHÁT Cháo Tổ Yến Thịt Bằm 50g,Gói,Tổng,0.0,,50.0,,4.0,,46.0,,361,1,ad833c66-348c-4df1-b97c-f17a1154e70c,,1,True,b9873a9b-8ef4-11f1-9b18-005056b2a5de,02__CGI__YDP__YEN__50,YẾN ĐẠI PHÁT Cháo Tổ Yến Thịt Bằm 50g,Cháo Gói,YẾN ĐẠI PHÁT,,,a38f9189-ad87-11ef-a35e-005056b28600,
b8468f8e-8ef4-11f1-9b18-005056b2a5de,02__CGI__YDP__YEN__50,Kho Kệ,Gói,Kho Kệ,0.0,,0.0,,4.0,,-4.0,,362,0,ad833c66-348c-4df1-b97c-f17a1154e70c,ad833c66-348c-4df1-b97c-f17a1154e70c,2,False,b9873b80-8ef4-11f1-9b18-005056b2a5de,02__CGI__YDP__YEN__50,YẾN ĐẠI PHÁT Cháo Tổ Yến Thịt Bằm 50g,Cháo Gói,YẾN ĐẠI PHÁT,,aca0e3b9-1e75-496e-84ff-e96c9084f53f,a38f9189-ad87-11ef-a35e-005056b28600,CÔNG TY TNHH THƯƠNG MẠI VÀ DỊCH VỤ MIRA GROUP
b8468f8e-8ef4-11f1-9b18-005056b2a5de,02__CGI__YDP__YEN__50,Kho MIRA,Gói,Kho MIRA,0.0,,50.0,,0.0,,50.0,,363,0,ad833c66-348c-4df1-b97c-f17a1154e70c,ad833c66-348c-4df1-b97c-f17a1154e70c,2,False,b9873c70-8ef4-11f1-9b18-005056b2a5de,02__CGI__YDP__YEN__50,YẾN ĐẠI PHÁT Cháo Tổ Yến Thịt Bằm 50g,Cháo Gói,YẾN ĐẠI PHÁT,,485b5d06-306c-11f0-b467-005056b34af7,a38f9189-ad87-11ef-a35e-005056b28600,CÔNG TY TNHH THƯƠNG MẠI VÀ DỊCH VỤ MIRA GROUP
b8468f8e-8ef4-11f1-9b18-005056b2a5de,02__DBV__CTR__BCH__500,CẦU TRE Bò Viên Ngon Bịch 500g,Bịch,Tổng,2.0,,0.0,,0.0,,2.0,,364,1,a863bd58-8bf4-400e-9a51-45679d08cf4c,,1,True,b9873dee-8ef4-11f1-9b18-005056b2a5de,02__DBV__CTR__BCH__500,CẦU TRE Bò Viên Ngon Bịch 500g,Đồ Đông Lạnh,CẦU TRE,,,a38f9189-ad87-11ef-a35e-005056b28600,
b8468f8e-8ef4-11f1-9b18-005056b2a5de,02__DBV__CTR__BCH__500,Kho Kệ,Bịch,Kho Kệ,2.0,,0.0,,0.0,,2.0,,365,0,a863bd58-8bf4-400e-9a51-45679d08cf4c,a863bd58-8bf4-400e-9a51-45679d08cf4c,2,False,b9873ebf-8ef4-11f1-9b18-005056b2a5de,02__DBV__CTR__BCH__500,CẦU TRE Bò Viên Ngon Bịch 500g,Đồ Đông Lạnh,CẦU TRE,,aca0e3b9-1e75-496e-84ff-e96c9084f53f,a38f9189-ad87-11ef-a35e-005056b28600,CÔNG TY TNHH THƯƠNG MẠI VÀ DỊCH VỤ MIRA GROUP
b8468f8e-8ef4-11f1-9b18-005056b2a5de,02__DCG__CTR__BCH__500,CẦU TRE Chả Giò Bánh Tráng Thịt Bịch 500g,Bịch,Tổng,5.0,,0.0,,0.0,,5.0,,366,1,d8fa4db7-dfb7-4466-89e8-2f021f25e970,,1,True,b9873f99-8ef4-11f1-9b18-005056b2a5de,02__DCG__CTR__BCH__500,CẦU TRE Chả Giò Bánh Tráng Thịt Bịch 500g,Đồ Đông Lạnh,CẦU TRE,,,a38f9189-ad87-11ef-a35e-005056b28600,
b8468f8e-8ef4-11f1-9b18-005056b2a5de,02__DCG__CTR__BCH__500,Kho Kệ,Bịch,Kho Kệ,5.0,,0.0,,0.0,,5.0,,367,0,d8fa4db7-dfb7-4466-89e8-2f021f25e970,d8fa4db7-dfb7-4466-89e8-2f021f25e970,2,False,b9874066-8ef4-11f1-9b18-005056b2a5de,02__DCG__CTR__BCH__500,CẦU TRE Chả Giò Bánh Tráng Thịt Bịch 500g,Đồ Đông Lạnh,CẦU TRE,,aca0e3b9-1e75-496e-84ff-e96c9084f53f,a38f9189-ad87-11ef-a35e-005056b28600,CÔNG TY TNHH THƯƠNG MẠI VÀ DỊCH VỤ MIRA GROUP
b8468f8e-8ef4-11f1-9b18-005056b2a5de,02__DCG__CTR__TTH__400,CẦU TRE Chả Giò Da Xốp Tôm Thịt Bịch 400g,Bịch,Tổng,2.0,,0.0,,0.0,,2.0,,368,1,39af18c8-497b-457b-851f-68b9c7f3cb7a,,1,True,b987413d-8ef4-11f1-9b18-005056b2a5de,02__DCG__CTR__TTH__400,CẦU TRE Chả Giò Da Xốp Tôm Thịt Bịch 400g,Đồ Đông Lạnh,CẦU TRE,,,a38f9189-ad87-11ef-a35e-005056b28600,
b8468f8e-8ef4-11f1-9b18-005056b2a5de,02__DCG__CTR__TTH__400,Kho Kệ,Bịch,Kho Kệ,2.0,,0.0,,0.0,,2.0,,369,0,39af18c8-497b-457b-851f-68b9c7f3cb7a,39af18c8-497b-457b-851f-68b9c7f3cb7a,2,False,b9874213-8ef4-11f1-9b18-005056b2a5de,02__DCG__CTR__TTH__400,CẦU TRE Chả Giò Da Xốp Tôm Thịt Bịch 400g,Đồ Đông Lạnh,CẦU TRE,,aca0e3b9-1e75-496e-84ff-e96c9084f53f,a38f9189-ad87-11ef-a35e-005056b28600,CÔNG TY TNHH THƯƠNG MẠI VÀ DỊCH VỤ MIRA GROUP
b8468f8e-8ef4-11f1-9b18-005056b2a5de,02__DCV__CTR__BCH__500,CẦU TRE Cá Viên Ngon Bịch 500g,Bịch,Tổng,4.0,,0.0,,0.0,,4.0,,370,1,bd3b0309-2aac-44fd-85fc-9b428728e726,,1,True,b98742e6-8ef4-11f1-9b18-005056b2a5de,02__DCV__CTR__BCH__500,CẦU TRE Cá Viên Ngon Bịch 500g,Đồ Đông Lạnh,CẦU TRE,,,a38f9189-ad87-11ef-a35e-005056b28600,
b8468f8e-8ef4-11f1-9b18-005056b2a5de,02__DCV__CTR__BCH__500,Kho Kệ,Bịch,Kho Kệ,4.0,,0.0,,0.0,,4.0,,371,0,bd3b0309-2aac-44fd-85fc-9b428728e726,bd3b0309-2aac-44fd-85fc-9b428728e726,2,False,b9874407-8ef4-11f1-9b18-005056b2a5de,02__DCV__CTR__BCH__500,CẦU TRE Cá Viên Ngon Bịch 500g,Đồ Đông Lạnh,CẦU TRE,,aca0e3b9-1e75-496e-84ff-e96c9084f53f,a38f9189-ad87-11ef-a35e-005056b28600,CÔNG TY TNHH THƯƠNG MẠI VÀ DỊCH VỤ MIRA GROUP
b8468f8e-8ef4-11f1-9b18-005056b2a5de,02__DHC__CTR__THI__500,CẦU TRE Há Cảo Thịt Bịch 500g,Bịch,Tổng,3.0,,0.0,,0.0,,3.0,,372,1,e85a6d05-f6da-4c36-bdf8-54a9c0adb181,,1,True,b9874550-8ef4-11f1-9b18-005056b2a5de,02__DHC__CTR__THI__500,CẦU TRE Há Cảo Thịt Bịch 500g,Đồ Đông Lạnh,CẦU TRE,,,a38f9189-ad87-11ef-a35e-005056b28600,
b8468f8e-8ef4-11f1-9b18-005056b2a5de,02__DHC__CTR__THI__500,Kho Kệ,Bịch,Kho Kệ,3.0,,0.0,,0.0,,3.0,,373,0,e85a6d05-f6da-4c36-bdf8-54a9c0adb181,e85a6d05-f6da-4c36-bdf8-54a9c0adb181,2,False,b987467b-8ef4-11f1-9b18-005056b2a5de,02__DHC__CTR__THI__500,CẦU TRE Há Cảo Thịt Bịch 500g,Đồ Đông Lạnh,CẦU TRE,,aca0e3b9-1e75-496e-84ff-e96c9084f53f,a38f9189-ad87-11ef-a35e-005056b28600,CÔNG TY TNHH THƯƠNG MẠI VÀ DỊCH VỤ MIRA GROUP
b8468f8e-8ef4-11f1-9b18-005056b2a5de,02__DXM__CTR__THI__500,CẦU TRE Xíu Mại Thịt Bịch 500g,Bịch,Tổng,1.0,,0.0,,0.0,,1.0,,374,1,2144a4d4-9805-49ee-aef3-75e8168d0f92,,1,True,b9874743-8ef4-11f1-9b18-005056b2a5de,02__DXM__CTR__THI__500,CẦU TRE Xíu Mại Thịt Bịch 500g,Đồ Đông Lạnh,CẦU TRE,,,a38f9189-ad87-11ef-a35e-005056b28600,
b8468f8e-8ef4-11f1-9b18-005056b2a5de,02__DXM__CTR__THI__500,Kho Kệ,Bịch,Kho Kệ,1.0,,0.0,,0.0,,1.0,,375,0,2144a4d4-9805-49ee-aef3-75e8168d0f92,2144a4d4-9805-49ee-aef3-75e8168d0f92,2,False,b987480b-8ef4-11f1-9b18-005056b2a5de,02__DXM__CTR__THI__500,CẦU TRE Xíu Mại Thịt Bịch 500g,Đồ Đông Lạnh,CẦU TRE,,aca0e3b9-1e75-496e-84ff-e96c9084f53f,a38f9189-ad87-11ef-a35e-005056b28600,CÔNG TY TNHH THƯƠNG MẠI VÀ DỊCH VỤ MIRA GROUP
b8468f8e-8ef4-11f1-9b18-005056b2a5de,02__DXX__CTR__BCH__500,CẦU TRE Xúc Xích Khỏe Bịch 500g,Bịch,Tổng,2.0,,0.0,,0.0,,2.0,,376,1,9cb71a01-fdbd-4d29-8a37-3062b228e0f0,,1,True,b9874a47-8ef4-11f1-9b18-005056b2a5de,02__DXX__CTR__BCH__500,CẦU TRE Xúc Xích Khỏe Bịch 500g,Đồ Đông Lạnh,CẦU TRE,,,a38f9189-ad87-11ef-a35e-005056b28600,
b8468f8e-8ef4-11f1-9b18-005056b2a5de,02__DXX__CTR__BCH__500,Kho Kệ,Bịch,Kho Kệ,2.0,,0.0,,0.0,,2.0,,377,0,9cb71a01-fdbd-4d29-8a37-3062b228e0f0,9cb71a01-fdbd-4d29-8a37-3062b228e0f0,2,False,b9874b26-8ef4-11f1-9b18-005056b2a5de,02__DXX__CTR__BCH__500,CẦU TRE Xúc Xích Khỏe Bịch 500g,Đồ Đông Lạnh,CẦU TRE,,aca0e3b9-1e75-496e-84ff-e96c9084f53f,a38f9189-ad87-11ef-a35e-005056b28600,CÔNG TY TNHH THƯƠNG MẠI VÀ DỊCH VỤ MIRA GROUP
b8468f8e-8ef4-11f1-9b18-005056b2a5de,02__HCA__DWN__CAY__150,DONGWON Cá Ngừ Vị Ớt Hộp 150g,Hộp,Tổng,3.0,,0.0,,1.0,,2.0,,378,1,26a183cc-3302-47a5-971a-10cc6e92ee4f,,1,True,b9874bf6-8ef4-11f1-9b18-005056b2a5de,02__HCA__DWN__CAY__150,DONGWON Cá Ngừ Vị Ớt Hộp 150g,Cá Hộp,Dongwon,,,a38f9189-ad87-11ef-a35e-005056b28600,
b8468f8e-8ef4-11f1-9b18-005056b2a5de,02__HCA__DWN__CAY__150,Kho Kệ,Hộp,Kho Kệ,3.0,,0.0,,1.0,,2.0,,379,0,26a183cc-3302-47a5-971a-10cc6e92ee4f,26a183cc-3302-47a5-971a-10cc6e92ee4f,2,False,b9874cbc-8ef4-11f1-9b18-005056b2a5de,02__HCA__DWN__CAY__150,DONGWON Cá Ngừ Vị Ớt Hộp 150g,Cá Hộp,Dongwon,,aca0e3b9-1e75-496e-84ff-e96c9084f53f,a38f9189-ad87-11ef-a35e-005056b28600,CÔNG TY TNHH THƯƠNG MẠI VÀ DỊCH VỤ MIRA GROUP
b8468f8e-8ef4-11f1-9b18-005056b2a5de,02__HCA__DWN__CNU__150,DONGWON Cá Ngừ Trắng Hộp 150g,Hộp,Tổng,4.0,,0.0,,0.0,,4.0,,380,1,9a620ea6-a220-40e0-8553-86225bf45c95,,1,True,b9874d88-8ef4-11f1-9b18-005056b2a5de,02__HCA__DWN__CNU__150,DONGWON Cá Ngừ Trắng Hộp 150g,Cá Hộp,Dongwon,,,a38f9189-ad87-11ef-a35e-005056b28600,
b8468f8e-8ef4-11f1-9b18-005056b2a5de,02__HCA__DWN__CNU__150,Kho Kệ,Hộp,Kho Kệ,4.0,,0.0,,0.0,,4.0,,381,0,9a620ea6-a220-40e0-8553-86225bf45c95,9a620ea6-a220-40e0-8553-86225bf45c95,2,False,b9874e43-8ef4-11f1-9b18-005056b2a5de,02__HCA__DWN__CNU__150,DONGWON Cá Ngừ Trắng Hộp 150g,Cá Hộp,Dongwon,,aca0e3b9-1e75-496e-84ff-e96c9084f53f,a38f9189-ad87-11ef-a35e-005056b28600,CÔNG TY TNHH THƯƠNG MẠI VÀ DỊCH VỤ MIRA GROUP
b8468f8e-8ef4-11f1-9b18-005056b2a5de,02__HCA__VIS__XCA__150,VISSAN Mai Vàng Cá Hộp Xốt Cà 150g,Hộp,Tổng,11.0,,0.0,,5.0,,6.0,,382,1,ba995aed-9ada-4f45-af64-2218b35a0b93,,1,True,b9874f54-8ef4-11f1-9b18-005056b2a5de,02__HCA__VIS__XCA__150,VISSAN Mai Vàng Cá Hộp Xốt Cà 150g,Cá Hộp,VISSAN,,,a38f9189-ad87-11ef-a35e-005056b28600,
b8468f8e-8ef4-11f1-9b18-005056b2a5de,02__HCA__VIS__XCA__150,Kho Kệ,Hộp,Kho Kệ,11.0,,0.0,,5.0,,6.0,,383,0,ba995aed-9ada-4f45-af64-2218b35a0b93,ba995aed-9ada-4f45-af64-2218b35a0b93,2,False,b987507f-8ef4-11f1-9b18-005056b2a5de,02__HCA__VIS__XCA__150,VISSAN Mai Vàng Cá Hộp Xốt Cà 150g,Cá Hộp,VISSAN,,aca0e3b9-1e75-496e-84ff-e96c9084f53f,a38f9189-ad87-11ef-a35e-005056b28600,CÔNG TY TNHH THƯƠNG MẠI VÀ DỊCH VỤ MIRA GROUP
b8468f8e-8ef4-11f1-9b18-005056b2a5de,02__HGI__CSU__HSN__77,CHINSU Story Hủ Tiếu Mỹ Tho Hải Sản Gói 77g,Gói,Tổng,4.0,,0.0,,0.0,,4.0,,384,1,06d1aa5f-76b5-4141-9d7a-be2127fe9d8b,,1,True,b9875183-8ef4-11f1-9b18-005056b2a5de,02__HGI__CSU__HSN__77,CHINSU Story Hủ Tiếu Mỹ Tho Hải Sản Gói 77g,Hủ Tiếu Gói,CHINSU Story,,,a38f9189-ad87-11ef-a35e-005056b28600,
b8468f8e-8ef4-11f1-9b18-005056b2a5de,02__HGI__CSU__HSN__77,Kho Kệ,Gói,Kho Kệ,4.0,,0.0,,0.0,,4.0,,385,0,06d1aa5f-76b5-4141-9d7a-be2127fe9d8b,06d1aa5f-76b5-4141-9d7a-be2127fe9d8b,2,False,b98752d0-8ef4-11f1-9b18-005056b2a5de,02__HGI__CSU__HSN__77,CHINSU Story Hủ Tiếu Mỹ Tho Hải Sản Gói 77g,Hủ Tiếu Gói,CHINSU Story,,aca0e3b9-1e75-496e-84ff-e96c9084f53f,a38f9189-ad87-11ef-a35e-005056b28600,CÔNG TY TNHH THƯƠNG MẠI VÀ DỊCH VỤ MIRA GROUP
b8468f8e-8ef4-11f1-9b18-005056b2a5de,02__HGI__NSN__HEO__70,ACECOOK Nhịp Sống Hủ Tiếu Sườn Heo Gói 70g,Gói,Tổng,19.0,,0.0,,15.0,,4.0,,386,1,a490488e-5336-4be9-adb9-553d130c8d5b,,1,True,b9875474-8ef4-11f1-9b18-005056b2a5de,02__HGI__NSN__HEO__70,ACECOOK Nhịp Sống Hủ Tiếu Sườn Heo Gói 70g,Hủ Tiếu Gói,ACECOOK Nhịp Sống,,,a38f9189-ad87-11ef-a35e-005056b28600,
b8468f8e-8ef4-11f1-9b18-005056b2a5de,02__HGI__NSN__HEO__70,Kho Kệ,Gói,Kho Kệ,19.0,,0.0,,15.0,,4.0,,387,0,a490488e-5336-4be9-adb9-553d130c8d5b,a490488e-5336-4be9-adb9-553d130c8d5b,2,False,b9875539-8ef4-11f1-9b18-005056b2a5de,02__HGI__NSN__HEO__70,ACECOOK Nhịp Sống Hủ Tiếu Sườn Heo Gói 70g,Hủ Tiếu Gói,ACECOOK Nhịp Sống,,aca0e3b9-1e75-496e-84ff-e96c9084f53f,a38f9189-ad87-11ef-a35e-005056b28600,CÔNG TY TNHH THƯƠNG MẠI VÀ DỊCH VỤ MIRA GROUP
b8468f8e-8ef4-11f1-9b18-005056b2a5de,02__HGI__NSN__NVG__71,ACECOOK Hủ Tiếu Nam Vang Gói 71g,Gói,Tổng,3.0,,0.0,,0.0,,3.0,,388,1,f11cae50-fc24-4a35-af30-e82f409bfe86,,1,True,b987562a-8ef4-11f1-9b18-005056b2a5de,02__HGI__NSN__NVG__71,ACECOOK Hủ Tiếu Nam Vang Gói 71g,Hủ Tiếu Gói,ACECOOK Nhịp Sống,,,a38f9189-ad87-11ef-a35e-005056b28600,
b8468f8e-8ef4-11f1-9b18-005056b2a5de,02__HGI__NSN__NVG__71,Kho Kệ,Gói,Kho Kệ,3.0,,0.0,,0.0,,3.0,,389,0,f11cae50-fc24-4a35-af30-e82f409bfe86,f11cae50-fc24-4a35-af30-e82f409bfe86,2,False,b98756ed-8ef4-11f1-9b18-005056b2a5de,02__HGI__NSN__NVG__71,ACECOOK Hủ Tiếu Nam Vang Gói 71g,Hủ Tiếu Gói,ACECOOK Nhịp Sống,,aca0e3b9-1e75-496e-84ff-e96c9084f53f,a38f9189-ad87-11ef-a35e-005056b28600,CÔNG TY TNHH THƯƠNG MẠI VÀ DỊCH VỤ MIRA GROUP
b8468f8e-8ef4-11f1-9b18-005056b2a5de,02__HOP__VIS__GAN__170,VISSAN Pate Gan Heo Hộp 170g,Hộp,Tổng,6.0,,0.0,,1.0,,5.0,,390,1,d75e0f36-3a9e-470b-b441-e953066a51cb,,1,True,b98757c9-8ef4-11f1-9b18-005056b2a5de,02__HOP__VIS__GAN__170,VISSAN Pate Gan Heo Hộp 170g,Pate Hộp,VISSAN,,,a38f9189-ad87-11ef-a35e-005056b28600,
b8468f8e-8ef4-11f1-9b18-005056b2a5de,02__HOP__VIS__GAN__170,Kho Kệ,Hộp,Kho Kệ,6.0,,0.0,,1.0,,5.0,,391,0,d75e0f36-3a9e-470b-b441-e953066a51cb,d75e0f36-3a9e-470b-b441-e953066a51cb,2,False,b987589c-8ef4-11f1-9b18-005056b2a5de,02__HOP__VIS__GAN__170,VISSAN Pate Gan Heo Hộp 170g,Pate Hộp,VISSAN,,aca0e3b9-1e75-496e-84ff-e96c9084f53f,a38f9189-ad87-11ef-a35e-005056b28600,CÔNG TY TNHH THƯƠNG MẠI VÀ DỊCH VỤ MIRA GROUP
b8468f8e-8ef4-11f1-9b18-005056b2a5de,02__HOP__VIS__HEO__170,VISSAN Pate Thịt Heo Hộp 170g,Hộp,Tổng,18.0,,0.0,,0.0,,18.0,,392,1,0aa32b88-edd9-4672-9428-cdcb6498e400,,1,True,b9875966-8ef4-11f1-9b18-005056b2a5de,02__HOP__VIS__HEO__170,VISSAN Pate Thịt Heo Hộp 170g,Pate Hộp,VISSAN,,,a38f9189-ad87-11ef-a35e-005056b28600,
b8468f8e-8ef4-11f1-9b18-005056b2a5de,02__HOP__VIS__HEO__170,Kho Kệ,Hộp,Kho Kệ,18.0,,0.0,,0.0,,18.0,,393,0,0aa32b88-edd9-4672-9428-cdcb6498e400,0aa32b88-edd9-4672-9428-cdcb6498e400,2,False,b9875ae7-8ef4-11f1-9b18-005056b2a5de,02__HOP__VIS__HEO__170,VISSAN Pate Thịt Heo Hộp 170g,Pate Hộp,VISSAN,,aca0e3b9-1e75-496e-84ff-e96c9084f53f,a38f9189-ad87-11ef-a35e-005056b28600,CÔNG TY TNHH THƯƠNG MẠI VÀ DỊCH VỤ MIRA GROUP
b8468f8e-8ef4-11f1-9b18-005056b2a5de,02__KMI__MEI__CHY__250,MEIZAN Mì Chay Cao Cấp 250g,Bịch,Tổng,11.0,,0.0,,0.0,,11.0,,394,1,3a252901-06a9-47de-87cf-500226c94ef2,,1,True,b9875ca4-8ef4-11f1-9b18-005056b2a5de,02__KMI__MEI__CHY__250,MEIZAN Mì Chay Cao Cấp 250g,Đồ Khô Mì,MEIZAN,,,a38f9189-ad87-11ef-a35e-005056b28600,
b8468f8e-8ef4-11f1-9b18-005056b2a5de,02__KMI__MEI__CHY__250,Kho Kệ,Bịch,Kho Kệ,11.0,,0.0,,0.0,,11.0,,395,0,3a252901-06a9-47de-87cf-500226c94ef2,3a252901-06a9-47de-87cf-500226c94ef2,2,False,b9875df9-8ef4-11f1-9b18-005056b2a5de,02__KMI__MEI__CHY__250,MEIZAN Mì Chay Cao Cấp 250g,Đồ Khô Mì,MEIZAN,,aca0e3b9-1e75-496e-84ff-e96c9084f53f,a38f9189-ad87-11ef-a35e-005056b28600,CÔNG TY TNHH THƯƠNG MẠI VÀ DỊCH VỤ MIRA GROUP
b8468f8e-8ef4-11f1-9b18-005056b2a5de,02__KMI__MEI__TRG__250,MEIZAN Mì Trứng Cao Cấp 250g,Bịch,Tổng,15.0,,0.0,,1.0,,14.0,,396,1,2475f176-dbfd-4dd9-9e80-1e9556968193,,1,True,b9875f84-8ef4-11f1-9b18-005056b2a5de,02__KMI__MEI__TRG__250,MEIZAN Mì Trứng Cao Cấp 250g,Đồ Khô Mì,MEIZAN,,,a38f9189-ad87-11ef-a35e-005056b28600,
b8468f8e-8ef4-11f1-9b18-005056b2a5de,02__KMI__MEI__TRG__250,Kho Kệ,Bịch,Kho Kệ,15.0,,0.0,,1.0,,14.0,,397,0,2475f176-dbfd-4dd9-9e80-1e9556968193,2475f176-dbfd-4dd9-9e80-1e9556968193,2,False,b987605e-8ef4-11f1-9b18-005056b2a5de,02__KMI__MEI__TRG__250,MEIZAN Mì Trứng Cao Cấp 250g,Đồ Khô Mì,MEIZAN,,aca0e3b9-1e75-496e-84ff-e96c9084f53f,a38f9189-ad87-11ef-a35e-005056b28600,CÔNG TY TNHH THƯƠNG MẠI VÀ DỊCH VỤ MIRA GROUP
b8468f8e-8ef4-11f1-9b18-005056b2a5de,02__KNI__MEI__DAI__200,MEIZAN Nui Cao Cấp Ống Dài 200g,Bịch,Tổng,18.0,,0.0,,0.0,,18.0,,398,1,ef164e08-ef3c-4dd2-8902-6abf5322ec70,,1,True,b9876214-8ef4-11f1-9b18-005056b2a5de,02__KNI__MEI__DAI__200,MEIZAN Nui Cao Cấp Ống Dài 200g,Đồ Khô Nui,MEIZAN,,,a38f9189-ad87-11ef-a35e-005056b28600,
b8468f8e-8ef4-11f1-9b18-005056b2a5de,02__KNI__MEI__DAI__200,Kho Kệ,Bịch,Kho Kệ,18.0,,0.0,,0.0,,18.0,,399,0,ef164e08-ef3c-4dd2-8902-6abf5322ec70,ef164e08-ef3c-4dd2-8902-6abf5322ec70,2,False,b98762f6-8ef4-11f1-9b18-005056b2a5de,02__KNI__MEI__DAI__200,MEIZAN Nui Cao Cấp Ống Dài 200g,Đồ Khô Nui,MEIZAN,,aca0e3b9-1e75-496e-84ff-e96c9084f53f,a38f9189-ad87-11ef-a35e-005056b28600,CÔNG TY TNHH THƯƠNG MẠI VÀ DỊCH VỤ MIRA GROUP
b8468f8e-8ef4-11f1-9b18-005056b2a5de,02__KNI__MEI__GAO__200,MEIZAN Nui Gạo Cao Cấp Chữ C 200g,Bịch,Tổng,20.0,,0.0,,0.0,,20.0,,400,1,5a286f25-a3c3-4f4f-9e8c-fb48851bbd11,,1,True,b98763d1-8ef4-11f1-9b18-005056b2a5de,02__KNI__MEI__GAO__200,MEIZAN Nui Gạo Cao Cấp Chữ C 200g,Đồ Khô Nui,MEIZAN,,,a38f9189-ad87-11ef-a35e-005056b28600,
b8468f8e-8ef4-11f1-9b18-005056b2a5de,02__KNI__MEI__GAO__200,Kho Kệ,Bịch,Kho Kệ,20.0,,0.0,,0.0,,20.0,,401,0,5a286f25-a3c3-4f4f-9e8c-fb48851bbd11,5a286f25-a3c3-4f4f-9e8c-fb48851bbd11,2,False,b98764f7-8ef4-11f1-9b18-005056b2a5de,02__KNI__MEI__GAO__200,MEIZAN Nui Gạo Cao Cấp Chữ C 200g,Đồ Khô Nui,MEIZAN,,aca0e3b9-1e75-496e-84ff-e96c9084f53f,a38f9189-ad87-11ef-a35e-005056b28600,CÔNG TY TNHH THƯƠNG MẠI VÀ DỊCH VỤ MIRA GROUP
b8468f8e-8ef4-11f1-9b18-005056b2a5de,02__KNI__MEI__RAU__200,MEIZAN Nui Rau Củ Cao Cấp Chữ C 200g,Bịch,Tổng,18.0,,0.0,,0.0,,18.0,,402,1,292a95de-d331-48b5-8a5c-f04755017d74,,1,True,b98765c5-8ef4-11f1-9b18-005056b2a5de,02__KNI__MEI__RAU__200,MEIZAN Nui Rau Củ Cao Cấp Chữ C 200g,Đồ Khô Nui,MEIZAN,,,a38f9189-ad87-11ef-a35e-005056b28600,
b8468f8e-8ef4-11f1-9b18-005056b2a5de,02__KNI__MEI__RAU__200,Kho Kệ,Bịch,Kho Kệ,18.0,,0.0,,0.0,,18.0,,403,0,292a95de-d331-48b5-8a5c-f04755017d74,292a95de-d331-48b5-8a5c-f04755017d74,2,False,b9876685-8ef4-11f1-9b18-005056b2a5de,02__KNI__MEI__RAU__200,MEIZAN Nui Rau Củ Cao Cấp Chữ C 200g,Đồ Khô Nui,MEIZAN,,aca0e3b9-1e75-496e-84ff-e96c9084f53f,a38f9189-ad87-11ef-a35e-005056b28600,CÔNG TY TNHH THƯƠNG MẠI VÀ DỊCH VỤ MIRA GROUP
b8468f8e-8ef4-11f1-9b18-005056b2a5de,02__MGO__ACE__GPM__131,ACECOOK SiuKay Gà Xốt Phô Mai Gói 131g,Gói,Tổng,11.0,,120.0,,84.0,,47.0,,404,1,e8197731-6182-47d9-a64e-abeccac7eb91,,1,True,b987674e-8ef4-11f1-9b18-005056b2a5de,02__MGO__ACE__GPM__131,ACECOOK SiuKay Gà Xốt Phô Mai Gói 131g,Mì Gói,ACECOOK SiuKay,,,a38f9189-ad87-11ef-a35e-005056b28600,
b8468f8e-8ef4-11f1-9b18-005056b2a5de,02__MGO__ACE__GPM__131,Kho Kệ,Gói,Kho Kệ,-13.0,,96.0,,84.0,,-1.0,,405,0,e8197731-6182-47d9-a64e-abeccac7eb91,e8197731-6182-47d9-a64e-abeccac7eb91,2,False,b987680f-8ef4-11f1-9b18-005056b2a5de,02__MGO__ACE__GPM__131,ACECOOK SiuKay Gà Xốt Phô Mai Gói 131g,Mì Gói,ACECOOK SiuKay,,aca0e3b9-1e75-496e-84ff-e96c9084f53f,a38f9189-ad87-11ef-a35e-005056b28600,CÔNG TY TNHH THƯƠNG MẠI VÀ DỊCH VỤ MIRA GROUP
b8468f8e-8ef4-11f1-9b18-005056b2a5de,02__MGO__ACE__GPM__131,Kho MIRA,Gói,Kho MIRA,24.0,,24.0,,0.0,,48.0,,406,0,e8197731-6182-47d9-a64e-abeccac7eb91,e8197731-6182-47d9-a64e-abeccac7eb91,2,False,b98768d3-8ef4-11f1-9b18-005056b2a5de,02__MGO__ACE__GPM__131,ACECOOK SiuKay Gà Xốt Phô Mai Gói 131g,Mì Gói,ACECOOK SiuKay,,485b5d06-306c-11f0-b467-005056b34af7,a38f9189-ad87-11ef-a35e-005056b28600,CÔNG TY TNHH THƯƠNG MẠI VÀ DỊCH VỤ MIRA GROUP
b8468f8e-8ef4-11f1-9b18-005056b2a5de,02__MGO__ACE__LTT__81,ACECOOK Mì Lẩu Thái Tôm Gói 81g,Gói,Tổng,42.0,,0.0,,0.0,,42.0,,407,1,e03347be-661a-499c-8b67-1501de184708,,1,True,b9876a2f-8ef4-11f1-9b18-005056b2a5de,02__MGO__ACE__LTT__81,ACECOOK Mì Lẩu Thái Tôm Gói 81g,Mì Gói,ACECOOK,,,a38f9189-ad87-11ef-a35e-005056b28600,
b8468f8e-8ef4-11f1-9b18-005056b2a5de,02__MGO__ACE__LTT__81,Kho Kệ,Gói,Kho Kệ,42.0,,0.0,,0.0,,42.0,,408,0,e03347be-661a-499c-8b67-1501de184708,e03347be-661a-499c-8b67-1501de184708,2,False,b9876b06-8ef4-11f1-9b18-005056b2a5de,02__MGO__ACE__LTT__81,ACECOOK Mì Lẩu Thái Tôm Gói 81g,Mì Gói,ACECOOK,,aca0e3b9-1e75-496e-84ff-e96c9084f53f,a38f9189-ad87-11ef-a35e-005056b28600,CÔNG TY TNHH THƯƠNG MẠI VÀ DỊCH VỤ MIRA GROUP
b8468f8e-8ef4-11f1-9b18-005056b2a5de,02__MGO__DNT__TBM__83,ACECOOK Đệ Nhất Mì Gia Vị Thịt Bằm Gói 83g,Gói,Tổng,18.0,,0.0,,12.0,,6.0,,409,1,bce765ca-0390-4f70-a186-7c783fcea76a,,1,True,b9876bcb-8ef4-11f1-9b18-005056b2a5de,02__MGO__DNT__TBM__83,ACECOOK Đệ Nhất Mì Gia Vị Thịt Bằm Gói 83g,Mì Gói,ACECOOK Đệ Nhất,,,a38f9189-ad87-11ef-a35e-005056b28600,
b8468f8e-8ef4-11f1-9b18-005056b2a5de,02__MGO__DNT__TBM__83,Kho Kệ,Gói,Kho Kệ,18.0,,0.0,,12.0,,6.0,,410,0,bce765ca-0390-4f70-a186-7c783fcea76a,bce765ca-0390-4f70-a186-7c783fcea76a,2,False,b9876c89-8ef4-11f1-9b18-005056b2a5de,02__MGO__DNT__TBM__83,ACECOOK Đệ Nhất Mì Gia Vị Thịt Bằm Gói 83g,Mì Gói,ACECOOK Đệ Nhất,,aca0e3b9-1e75-496e-84ff-e96c9084f53f,a38f9189-ad87-11ef-a35e-005056b28600,CÔNG TY TNHH THƯƠNG MẠI VÀ DỊCH VỤ MIRA GROUP
b8468f8e-8ef4-11f1-9b18-005056b2a5de,02__MGO__HAO__CAY__75,ACECOOK HẢO HẢO Mì Tôm Chua Cay Gói 75g,Gói,Tổng,31.0,,47.0,,55.0,,23.0,,411,1,0d72dbc9-99f3-4c92-a057-cc611a7a554b,,1,True,b9876d53-8ef4-11f1-9b18-005056b2a5de,02__MGO__HAO__CAY__75,ACECOOK HẢO HẢO Mì Tôm Chua Cay Gói 75g,Mì Gói,ACECOOK HẢO HẢO,,,a38f9189-ad87-11ef-a35e-005056b28600,
b8468f8e-8ef4-11f1-9b18-005056b2a5de,02__MGO__HAO__CAY__75,Kho Kệ,Gói,Kho Kệ,5.0,,47.0,,55.0,,-3.0,,412,0,0d72dbc9-99f3-4c92-a057-cc611a7a554b,0d72dbc9-99f3-4c92-a057-cc611a7a554b,2,False,b9876e32-8ef4-11f1-9b18-005056b2a5de,02__MGO__HAO__CAY__75,ACECOOK HẢO HẢO Mì Tôm Chua Cay Gói 75g,Mì Gói,ACECOOK HẢO HẢO,,aca0e3b9-1e75-496e-84ff-e96c9084f53f,a38f9189-ad87-11ef-a35e-005056b28600,CÔNG TY TNHH THƯƠNG MẠI VÀ DỊCH VỤ MIRA GROUP
b8468f8e-8ef4-11f1-9b18-005056b2a5de,02__MGO__HAO__CAY__75,Kho MIRA,Gói,Kho MIRA,26.0,,0.0,,0.0,,26.0,,413,0,0d72dbc9-99f3-4c92-a057-cc611a7a554b,0d72dbc9-99f3-4c92-a057-cc611a7a554b,2,False,b9876efd-8ef4-11f1-9b18-005056b2a5de,02__MGO__HAO__CAY__75,ACECOOK HẢO HẢO Mì Tôm Chua Cay Gói 75g,Mì Gói,ACECOOK HẢO HẢO,,485b5d06-306c-11f0-b467-005056b34af7,a38f9189-ad87-11ef-a35e-005056b28600,CÔNG TY TNHH THƯƠNG MẠI VÀ DỊCH VỤ MIRA GROUP
b8468f8e-8ef4-11f1-9b18-005056b2a5de,02__MGO__HAO__GVG__74,ACECOOK HẢO HẢO Mì Gà Vàng Gói 74g,Gói,Tổng,12.0,,0.0,,0.0,,12.0,,414,1,9516d258-a699-4e04-9dc2-1655e595267e,,1,True,b9876fc8-8ef4-11f1-9b18-005056b2a5de,02__MGO__HAO__GVG__74,ACECOOK HẢO HẢO Mì Gà Vàng Gói 74g,Mì Gói,ACECOOK HẢO HẢO,,,a38f9189-ad87-11ef-a35e-005056b28600,
b8468f8e-8ef4-11f1-9b18-005056b2a5de,02__MGO__HAO__GVG__74,Kho Kệ,Gói,Kho Kệ,12.0,,0.0,,0.0,,12.0,,415,0,9516d258-a699-4e04-9dc2-1655e595267e,9516d258-a699-4e04-9dc2-1655e595267e,2,False,b9877083-8ef4-11f1-9b18-005056b2a5de,02__MGO__HAO__GVG__74,ACECOOK HẢO HẢO Mì Gà Vàng Gói 74g,Mì Gói,ACECOOK HẢO HẢO,,aca0e3b9-1e75-496e-84ff-e96c9084f53f,a38f9189-ad87-11ef-a35e-005056b28600,CÔNG TY TNHH THƯƠNG MẠI VÀ DỊCH VỤ MIRA GROUP
b8468f8e-8ef4-11f1-9b18-005056b2a5de,02__MGO__HAO__XTC__75,ACECOOK HẢO HẢO Mì Xào Tôm Chua Ngọt Gói 75g,Gói,Tổng,-18.0,,0.0,,0.0,,-18.0,,416,1,054f1664-f4ed-4883-a82e-27374588d561,,1,True,b9877151-8ef4-11f1-9b18-005056b2a5de,02__MGO__HAO__XTC__75,ACECOOK HẢO HẢO Mì Xào Tôm Chua Ngọt Gói 75g,Mì Gói,ACECOOK HẢO HẢO,,,a38f9189-ad87-11ef-a35e-005056b28600,
b8468f8e-8ef4-11f1-9b18-005056b2a5de,02__MGO__HAO__XTC__75,Kho Kệ,Gói,Kho Kệ,-18.0,,0.0,,0.0,,-18.0,,417,0,054f1664-f4ed-4883-a82e-27374588d561,054f1664-f4ed-4883-a82e-27374588d561,2,False,b9877289-8ef4-11f1-9b18-005056b2a5de,02__MGO__HAO__XTC__75,ACECOOK HẢO HẢO Mì Xào Tôm Chua Ngọt Gói 75g,Mì Gói,ACECOOK HẢO HẢO,,aca0e3b9-1e75-496e-84ff-e96c9084f53f,a38f9189-ad87-11ef-a35e-005056b28600,CÔNG TY TNHH THƯƠNG MẠI VÀ DỊCH VỤ MIRA GROUP
b8468f8e-8ef4-11f1-9b18-005056b2a5de,02__MGO__IND__KBC__91,INDOMIE Mì Xào Khô Bò Cay Goreng Gói 91g,Gói,Tổng,22.0,,40.0,,8.0,,54.0,,418,1,6ed6ab78-3809-4fee-86c5-70e1903aed76,,1,True,b9877351-8ef4-11f1-9b18-005056b2a5de,02__MGO__IND__KBC__91,INDOMIE Mì Xào Khô Bò Cay Goreng Gói 91g,Mì Gói,INDOMIE,,,a38f9189-ad87-11ef-a35e-005056b28600,
b8468f8e-8ef4-11f1-9b18-005056b2a5de,02__MGO__IND__KBC__91,Kho Kệ,Gói,Kho Kệ,22.0,,40.0,,8.0,,54.0,,419,0,6ed6ab78-3809-4fee-86c5-70e1903aed76,6ed6ab78-3809-4fee-86c5-70e1903aed76,2,False,b9877415-8ef4-11f1-9b18-005056b2a5de,02__MGO__IND__KBC__91,INDOMIE Mì Xào Khô Bò Cay Goreng Gói 91g,Mì Gói,INDOMIE,,aca0e3b9-1e75-496e-84ff-e96c9084f53f,a38f9189-ad87-11ef-a35e-005056b28600,CÔNG TY TNHH THƯƠNG MẠI VÀ DỊCH VỤ MIRA GROUP
b8468f8e-8ef4-11f1-9b18-005056b2a5de,02__MGO__IND__KDB__85,INDOMIE Mì Xào Khô Đặc Biệt Gói 85g,Gói,Tổng,5.0,,40.0,,13.0,,32.0,,420,1,70ece99d-595b-466b-9c69-c87e90489b94,,1,True,b987757f-8ef4-11f1-9b18-005056b2a5de,02__MGO__IND__KDB__85,INDOMIE Mì Xào Khô Đặc Biệt Gói 85g,Mì Gói,INDOMIE,,,a38f9189-ad87-11ef-a35e-005056b28600,
b8468f8e-8ef4-11f1-9b18-005056b2a5de,02__MGO__IND__KDB__85,Kho Kệ,Gói,Kho Kệ,5.0,,40.0,,13.0,,32.0,,421,0,70ece99d-595b-466b-9c69-c87e90489b94,70ece99d-595b-466b-9c69-c87e90489b94,2,False,b987763c-8ef4-11f1-9b18-005056b2a5de,02__MGO__IND__KDB__85,INDOMIE Mì Xào Khô Đặc Biệt Gói 85g,Mì Gói,INDOMIE,,aca0e3b9-1e75-496e-84ff-e96c9084f53f,a38f9189-ad87-11ef-a35e-005056b28600,CÔNG TY TNHH THƯƠNG MẠI VÀ DỊCH VỤ MIRA GROUP
b8468f8e-8ef4-11f1-9b18-005056b2a5de,02__MGO__IND__KSU__80,INDOMIE Mì Xào Khô Vị Sườn Gói 80g,Gói,Tổng,8.0,,40.0,,18.0,,30.0,,422,1,935c5d3a-604d-4568-b005-0d5415f2e7fc,,1,True,b98776ff-8ef4-11f1-9b18-005056b2a5de,02__MGO__IND__KSU__80,INDOMIE Mì Xào Khô Vị Sườn Gói 80g,Mì Gói,INDOMIE,,,a38f9189-ad87-11ef-a35e-005056b28600,
b8468f8e-8ef4-11f1-9b18-005056b2a5de,02__MGO__IND__KSU__80,Kho Kệ,Gói,Kho Kệ,8.0,,40.0,,18.0,,30.0,,423,0,935c5d3a-604d-4568-b005-0d5415f2e7fc,935c5d3a-604d-4568-b005-0d5415f2e7fc,2,False,b98777ba-8ef4-11f1-9b18-005056b2a5de,02__MGO__IND__KSU__80,INDOMIE Mì Xào Khô Vị Sườn Gói 80g,Mì Gói,INDOMIE,,aca0e3b9-1e75-496e-84ff-e96c9084f53f,a38f9189-ad87-11ef-a35e-005056b28600,CÔNG TY TNHH THƯƠNG MẠI VÀ DỊCH VỤ MIRA GROUP
b8468f8e-8ef4-11f1-9b18-005056b2a5de,02__MGO__JIN__CAY__120,OTOKI MÌ Gói JIN Cay 120g,Gói,Tổng,22.0,,0.0,,0.0,,22.0,,424,1,8c2838f8-c2d6-4d65-8471-fd082c5604e9,,1,True,b9877895-8ef4-11f1-9b18-005056b2a5de,02__MGO__JIN__CAY__120,OTOKI MÌ Gói JIN Cay 120g,Mì Gói,Otoki,,,a38f9189-ad87-11ef-a35e-005056b28600,
b8468f8e-8ef4-11f1-9b18-005056b2a5de,02__MGO__JIN__CAY__120,Kho Kệ,Gói,Kho Kệ,22.0,,0.0,,0.0,,22.0,,425,0,8c2838f8-c2d6-4d65-8471-fd082c5604e9,8c2838f8-c2d6-4d65-8471-fd082c5604e9,2,False,b9877a07-8ef4-11f1-9b18-005056b2a5de,02__MGO__JIN__CAY__120,OTOKI MÌ Gói JIN Cay 120g,Mì Gói,Otoki,,aca0e3b9-1e75-496e-84ff-e96c9084f53f,a38f9189-ad87-11ef-a35e-005056b28600,CÔNG TY TNHH THƯƠNG MẠI VÀ DỊCH VỤ MIRA GROUP
b8468f8e-8ef4-11f1-9b18-005056b2a5de,02__MGO__KOK__BXC__95,KOKOMI 90 Mì Xào Vị Bò Xốt Cà Gói 95g*30,Gói,Tổng,1.0,,0.0,,0.0,,1.0,,426,1,7d3fe9e3-cc2f-451d-bf24-6571644c1dd7,,1,True,b9877b3e-8ef4-11f1-9b18-005056b2a5de,02__MGO__KOK__BXC__95,KOKOMI 90 Mì Xào Vị Bò Xốt Cà Gói 95g*30,Mì Gói,KOKOMI,,,a38f9189-ad87-11ef-a35e-005056b28600,
b8468f8e-8ef4-11f1-9b18-005056b2a5de,02__MGO__KOK__BXC__95,Kho Kệ,Gói,Kho Kệ,1.0,,0.0,,0.0,,1.0,,427,0,7d3fe9e3-cc2f-451d-bf24-6571644c1dd7,7d3fe9e3-cc2f-451d-bf24-6571644c1dd7,2,False,b9877c60-8ef4-11f1-9b18-005056b2a5de,02__MGO__KOK__BXC__95,KOKOMI 90 Mì Xào Vị Bò Xốt Cà Gói 95g*30,Mì Gói,KOKOMI,,aca0e3b9-1e75-496e-84ff-e96c9084f53f,a38f9189-ad87-11ef-a35e-005056b28600,CÔNG TY TNHH THƯƠNG MẠI VÀ DỊCH VỤ MIRA GROUP
b8468f8e-8ef4-11f1-9b18-005056b2a5de,02__MGO__KOK__CAY__90,KOKOMI 90 Mì Gói Tôm Chua Cay 90g*30,Gói,Tổng,-3.0,,0.0,,25.0,,-28.0,,428,1,33b73798-4b86-4904-84df-1ee6df19c68b,,1,True,b9877d2d-8ef4-11f1-9b18-005056b2a5de,02__MGO__KOK__CAY__90,KOKOMI 90 Mì Gói Tôm Chua Cay 90g*30,Mì Gói,KOKOMI,,,a38f9189-ad87-11ef-a35e-005056b28600,
b8468f8e-8ef4-11f1-9b18-005056b2a5de,02__MGO__KOK__CAY__90,Kho Kệ,Gói,Kho Kệ,-3.0,,0.0,,25.0,,-28.0,,429,0,33b73798-4b86-4904-84df-1ee6df19c68b,33b73798-4b86-4904-84df-1ee6df19c68b,2,False,b9877ded-8ef4-11f1-9b18-005056b2a5de,02__MGO__KOK__CAY__90,KOKOMI 90 Mì Gói Tôm Chua Cay 90g*30,Mì Gói,KOKOMI,,aca0e3b9-1e75-496e-84ff-e96c9084f53f,a38f9189-ad87-11ef-a35e-005056b28600,CÔNG TY TNHH THƯƠNG MẠI VÀ DỊCH VỤ MIRA GROUP
b8468f8e-8ef4-11f1-9b18-005056b2a5de,02__MGO__KOK__SCY__90,KOKOMI 90 Mì Gói Sườn Hành Phi 90g*30,Gói,Tổng,25.0,,0.0,,0.0,,25.0,,430,1,838b0d43-b8b5-4c0b-a881-759d25c5291f,,1,True,b9877ed8-8ef4-11f1-9b18-005056b2a5de,02__MGO__KOK__SCY__90,KOKOMI 90 Mì Gói Sườn Hành Phi 90g*30,Mì Gói,KOKOMI,,,a38f9189-ad87-11ef-a35e-005056b28600,
b8468f8e-8ef4-11f1-9b18-005056b2a5de,02__MGO__KOK__SCY__90,Kho Kệ,Gói,Kho Kệ,25.0,,0.0,,0.0,,25.0,,431,0,838b0d43-b8b5-4c0b-a881-759d25c5291f,838b0d43-b8b5-4c0b-a881-759d25c5291f,2,False,b9877fa0-8ef4-11f1-9b18-005056b2a5de,02__MGO__KOK__SCY__90,KOKOMI 90 Mì Gói Sườn Hành Phi 90g*30,Mì Gói,KOKOMI,,aca0e3b9-1e75-496e-84ff-e96c9084f53f,a38f9189-ad87-11ef-a35e-005056b28600,CÔNG TY TNHH THƯƠNG MẠI VÀ DỊCH VỤ MIRA GROUP
b8468f8e-8ef4-11f1-9b18-005056b2a5de,02__MGO__KOK__XHS__95,KOKOMI 90 Mì Gói Vị Hải Sản Cay Tê 90g*30,Gói,Tổng,13.0,,30.0,,21.0,,22.0,,432,1,a8d22de2-a1c0-4efd-b293-96ff822796ff,,1,True,b9878064-8ef4-11f1-9b18-005056b2a5de,02__MGO__KOK__XHS__95,KOKOMI 90 Mì Gói Vị Hải Sản Cay Tê 90g*30,Mì Gói,KOKOMI,,,a38f9189-ad87-11ef-a35e-005056b28600,
b8468f8e-8ef4-11f1-9b18-005056b2a5de,02__MGO__KOK__XHS__95,Kho Kệ,Gói,Kho Kệ,13.0,,0.0,,21.0,,-8.0,,433,0,a8d22de2-a1c0-4efd-b293-96ff822796ff,a8d22de2-a1c0-4efd-b293-96ff822796ff,2,False,b987811f-8ef4-11f1-9b18-005056b2a5de,02__MGO__KOK__XHS__95,KOKOMI 90 Mì Gói Vị Hải Sản Cay Tê 90g*30,Mì Gói,KOKOMI,,aca0e3b9-1e75-496e-84ff-e96c9084f53f,a38f9189-ad87-11ef-a35e-005056b28600,CÔNG TY TNHH THƯƠNG MẠI VÀ DỊCH VỤ MIRA GROUP
b8468f8e-8ef4-11f1-9b18-005056b2a5de,02__MGO__KOK__XHS__95,Kho MIRA,Gói,Kho MIRA,0.0,,30.0,,0.0,,30.0,,434,0,a8d22de2-a1c0-4efd-b293-96ff822796ff,a8d22de2-a1c0-4efd-b293-96ff822796ff,2,False,b98781e4-8ef4-11f1-9b18-005056b2a5de,02__MGO__KOK__XHS__95,KOKOMI 90 Mì Gói Vị Hải Sản Cay Tê 90g*30,Mì Gói,KOKOMI,,485b5d06-306c-11f0-b467-005056b34af7,a38f9189-ad87-11ef-a35e-005056b28600,CÔNG TY TNHH THƯƠNG MẠI VÀ DỊCH VỤ MIRA GROUP
b8468f8e-8ef4-11f1-9b18-005056b2a5de,02__MGO__MLK__STE__65,MILIKET Mì Gói Sa Tế 65g,Gói,Tổng,24.0,,0.0,,0.0,,24.0,,435,1,1d215449-e3ab-427d-8896-3285a97508b1,,1,True,b98782b0-8ef4-11f1-9b18-005056b2a5de,02__MGO__MLK__STE__65,MILIKET Mì Gói Sa Tế 65g,Mì Gói,MILIKET,,,a38f9189-ad87-11ef-a35e-005056b28600,
b8468f8e-8ef4-11f1-9b18-005056b2a5de,02__MGO__MLK__STE__65,Kho Kệ,Gói,Kho Kệ,24.0,,0.0,,0.0,,24.0,,436,0,1d215449-e3ab-427d-8896-3285a97508b1,1d215449-e3ab-427d-8896-3285a97508b1,2,False,b9878371-8ef4-11f1-9b18-005056b2a5de,02__MGO__MLK__STE__65,MILIKET Mì Gói Sa Tế 65g,Mì Gói,MILIKET,,aca0e3b9-1e75-496e-84ff-e96c9084f53f,a38f9189-ad87-11ef-a35e-005056b28600,CÔNG TY TNHH THƯƠNG MẠI VÀ DỊCH VỤ MIRA GROUP
b8468f8e-8ef4-11f1-9b18-005056b2a5de,02__MGO__MLK__TTG__60,MILIKET Mì Gói Truyền Thống 60g,Gói,Tổng,15.0,,0.0,,0.0,,15.0,,437,1,1976bd27-6161-48da-a524-b05fa935bbac,,1,True,b9878436-8ef4-11f1-9b18-005056b2a5de,02__MGO__MLK__TTG__60,MILIKET Mì Gói Truyền Thống 60g,Mì Gói,MILIKET,,,a38f9189-ad87-11ef-a35e-005056b28600,
b8468f8e-8ef4-11f1-9b18-005056b2a5de,02__MGO__MLK__TTG__60,Kho Kệ,Gói,Kho Kệ,15.0,,0.0,,0.0,,15.0,,438,0,1976bd27-6161-48da-a524-b05fa935bbac,1976bd27-6161-48da-a524-b05fa935bbac,2,False,b98784f3-8ef4-11f1-9b18-005056b2a5de,02__MGO__MLK__TTG__60,MILIKET Mì Gói Truyền Thống 60g,Mì Gói,MILIKET,,aca0e3b9-1e75-496e-84ff-e96c9084f53f,a38f9189-ad87-11ef-a35e-005056b28600,CÔNG TY TNHH THƯƠNG MẠI VÀ DỊCH VỤ MIRA GROUP
b8468f8e-8ef4-11f1-9b18-005056b2a5de,02__MGO__OMA__BOO__81,OMACHI Mì Gói Xốt Bò Hầm 81g*30,Gói,Tổng,45.0,,0.0,,0.0,,45.0,,439,1,c41f32ce-b709-46e0-af11-1a62cb421f17,,1,True,b98785fb-8ef4-11f1-9b18-005056b2a5de,02__MGO__OMA__BOO__81,OMACHI Mì Gói Xốt Bò Hầm 81g*30,Mì Gói,OMACHI,,,a38f9189-ad87-11ef-a35e-005056b28600,
b8468f8e-8ef4-11f1-9b18-005056b2a5de,02__MGO__OMA__BOO__81,Kho Kệ,Gói,Kho Kệ,45.0,,0.0,,0.0,,45.0,,440,0,c41f32ce-b709-46e0-af11-1a62cb421f17,c41f32ce-b709-46e0-af11-1a62cb421f17,2,False,b9878718-8ef4-11f1-9b18-005056b2a5de,02__MGO__OMA__BOO__81,OMACHI Mì Gói Xốt Bò Hầm 81g*30,Mì Gói,OMACHI,,aca0e3b9-1e75-496e-84ff-e96c9084f53f,a38f9189-ad87-11ef-a35e-005056b28600,CÔNG TY TNHH THƯƠNG MẠI VÀ DỊCH VỤ MIRA GROUP
b8468f8e-8ef4-11f1-9b18-005056b2a5de,02__MGO__OMA__LTC__80,OMACHI Mì Gói Lẩu Tôm Càng 80g*30,Gói,Tổng,6.0,,0.0,,5.0,,1.0,,441,1,99372fb2-7696-42c1-b0f0-195ec9ee47ab,,1,True,b9878856-8ef4-11f1-9b18-005056b2a5de,02__MGO__OMA__LTC__80,OMACHI Mì Gói Lẩu Tôm Càng 80g*30,Mì Gói,OMACHI,,,a38f9189-ad87-11ef-a35e-005056b28600,
b8468f8e-8ef4-11f1-9b18-005056b2a5de,02__MGO__OMA__LTC__80,Kho Kệ,Gói,Kho Kệ,6.0,,0.0,,5.0,,1.0,,442,0,99372fb2-7696-42c1-b0f0-195ec9ee47ab,99372fb2-7696-42c1-b0f0-195ec9ee47ab,2,False,b987897f-8ef4-11f1-9b18-005056b2a5de,02__MGO__OMA__LTC__80,OMACHI Mì Gói Lẩu Tôm Càng 80g*30,Mì Gói,OMACHI,,aca0e3b9-1e75-496e-84ff-e96c9084f53f,a38f9189-ad87-11ef-a35e-005056b28600,CÔNG TY TNHH THƯƠNG MẠI VÀ DỊCH VỤ MIRA GROUP
b8468f8e-8ef4-11f1-9b18-005056b2a5de,02__MGO__OMA__XOT__126,OMACHI Mì Gói Cua Xốt Ớt 126g*24,Gói,Tổng,22.0,,24.0,,19.0,,27.0,,443,1,1afb18d6-5f6e-4698-9a29-e930b8c10f7f,,1,True,b9878acb-8ef4-11f1-9b18-005056b2a5de,02__MGO__OMA__XOT__126,OMACHI Mì Gói Cua Xốt Ớt 126g*24,Mì Gói,OMACHI,,,a38f9189-ad87-11ef-a35e-005056b28600,
b8468f8e-8ef4-11f1-9b18-005056b2a5de,02__MGO__OMA__XOT__126,Kho Kệ,Gói,Kho Kệ,22.0,,0.0,,19.0,,3.0,,444,0,1afb18d6-5f6e-4698-9a29-e930b8c10f7f,1afb18d6-5f6e-4698-9a29-e930b8c10f7f,2,False,b9878c07-8ef4-11f1-9b18-005056b2a5de,02__MGO__OMA__XOT__126,OMACHI Mì Gói Cua Xốt Ớt 126g*24,Mì Gói,OMACHI,,aca0e3b9-1e75-496e-84ff-e96c9084f53f,a38f9189-ad87-11ef-a35e-005056b28600,CÔNG TY TNHH THƯƠNG MẠI VÀ DỊCH VỤ MIRA GROUP
b8468f8e-8ef4-11f1-9b18-005056b2a5de,02__MGO__OMA__XOT__126,Kho MIRA,Gói,Kho MIRA,0.0,,24.0,,0.0,,24.0,,445,0,1afb18d6-5f6e-4698-9a29-e930b8c10f7f,1afb18d6-5f6e-4698-9a29-e930b8c10f7f,2,False,b9878d52-8ef4-11f1-9b18-005056b2a5de,02__MGO__OMA__XOT__126,OMACHI Mì Gói Cua Xốt Ớt 126g*24,Mì Gói,OMACHI,,485b5d06-306c-11f0-b467-005056b34af7,a38f9189-ad87-11ef-a35e-005056b28600,CÔNG TY TNHH THƯƠNG MẠI VÀ DỊCH VỤ MIRA GROUP
b8468f8e-8ef4-11f1-9b18-005056b2a5de,02__MGO__SAM__DEN__140,SAMYANG Mì Gói Khô Gà Cay Đen 140g,Gói,Tổng,22.0,,0.0,,21.0,,1.0,,446,1,8ec11f84-62db-4f21-b307-44355ecde97f,,1,True,b9878e92-8ef4-11f1-9b18-005056b2a5de,02__MGO__SAM__DEN__140,SAMYANG Mì Gói Khô Gà Cay Đen 140g,Mì Gói,Samyang,,,a38f9189-ad87-11ef-a35e-005056b28600,
b8468f8e-8ef4-11f1-9b18-005056b2a5de,02__MGO__SAM__DEN__140,Kho Kệ,Gói,Kho Kệ,-13.0,,0.0,,21.0,,-34.0,,447,0,8ec11f84-62db-4f21-b307-44355ecde97f,8ec11f84-62db-4f21-b307-44355ecde97f,2,False,b9878fcf-8ef4-11f1-9b18-005056b2a5de,02__MGO__SAM__DEN__140,SAMYANG Mì Gói Khô Gà Cay Đen 140g,Mì Gói,Samyang,,aca0e3b9-1e75-496e-84ff-e96c9084f53f,a38f9189-ad87-11ef-a35e-005056b28600,CÔNG TY TNHH THƯƠNG MẠI VÀ DỊCH VỤ MIRA GROUP
b8468f8e-8ef4-11f1-9b18-005056b2a5de,02__MGO__SAM__DEN__140,Kho MIRA,Gói,Kho MIRA,35.0,,0.0,,0.0,,35.0,,448,0,8ec11f84-62db-4f21-b307-44355ecde97f,8ec11f84-62db-4f21-b307-44355ecde97f,2,False,b9879158-8ef4-11f1-9b18-005056b2a5de,02__MGO__SAM__DEN__140,SAMYANG Mì Gói Khô Gà Cay Đen 140g,Mì Gói,Samyang,,485b5d06-306c-11f0-b467-005056b34af7,a38f9189-ad87-11ef-a35e-005056b28600,CÔNG TY TNHH THƯƠNG MẠI VÀ DỊCH VỤ MIRA GROUP
b8468f8e-8ef4-11f1-9b18-005056b2a5de,02__MGO__SAM__GCY__145,SAMYANG Mì Gói Gà Cay Đỏ 145g,Gói,Tổng,60.0,,0.0,,12.0,,48.0,,449,1,f3074f3c-1490-4eca-8a6d-39bc5bf9ef40,,1,True,b98792b2-8ef4-11f1-9b18-005056b2a5de,02__MGO__SAM__GCY__145,SAMYANG Mì Gói Gà Cay Đỏ 145g,Mì Gói,Samyang,,,a38f9189-ad87-11ef-a35e-005056b28600,
b8468f8e-8ef4-11f1-9b18-005056b2a5de,02__MGO__SAM__GCY__145,Kho Kệ,Gói,Kho Kệ,20.0,,0.0,,12.0,,8.0,,450,0,f3074f3c-1490-4eca-8a6d-39bc5bf9ef40,f3074f3c-1490-4eca-8a6d-39bc5bf9ef40,2,False,b9879530-8ef4-11f1-9b18-005056b2a5de,02__MGO__SAM__GCY__145,SAMYANG Mì Gói Gà Cay Đỏ 145g,Mì Gói,Samyang,,aca0e3b9-1e75-496e-84ff-e96c9084f53f,a38f9189-ad87-11ef-a35e-005056b28600,CÔNG TY TNHH THƯƠNG MẠI VÀ DỊCH VỤ MIRA GROUP
b8468f8e-8ef4-11f1-9b18-005056b2a5de,02__MGO__SAM__GCY__145,Kho MIRA,Gói,Kho MIRA,40.0,,0.0,,0.0,,40.0,,451,0,f3074f3c-1490-4eca-8a6d-39bc5bf9ef40,f3074f3c-1490-4eca-8a6d-39bc5bf9ef40,2,False,b98796b9-8ef4-11f1-9b18-005056b2a5de,02__MGO__SAM__GCY__145,SAMYANG Mì Gói Gà Cay Đỏ 145g,Mì Gói,Samyang,,485b5d06-306c-11f0-b467-005056b34af7,a38f9189-ad87-11ef-a35e-005056b28600,CÔNG TY TNHH THƯƠNG MẠI VÀ DỊCH VỤ MIRA GROUP
b8468f8e-8ef4-11f1-9b18-005056b2a5de,02__MGO__SAM__HOG__130,SAMYANG Mì Gói Khô Gà Cay Hồng 130g,Gói,Tổng,0.0,,40.0,,12.0,,28.0,,452,1,9101927c-1a1b-4234-9501-4bed86203c41,,1,True,b987981d-8ef4-11f1-9b18-005056b2a5de,02__MGO__SAM__HOG__130,SAMYANG Mì Gói Khô Gà Cay Hồng 130g,Mì Gói,Samyang,,,a38f9189-ad87-11ef-a35e-005056b28600,
b8468f8e-8ef4-11f1-9b18-005056b2a5de,02__MGO__SAM__HOG__130,Kho Kệ,Gói,Kho Kệ,0.0,,40.0,,12.0,,28.0,,453,0,9101927c-1a1b-4234-9501-4bed86203c41,9101927c-1a1b-4234-9501-4bed86203c41,2,False,b9879968-8ef4-11f1-9b18-005056b2a5de,02__MGO__SAM__HOG__130,SAMYANG Mì Gói Khô Gà Cay Hồng 130g,Mì Gói,Samyang,,aca0e3b9-1e75-496e-84ff-e96c9084f53f,a38f9189-ad87-11ef-a35e-005056b28600,CÔNG TY TNHH THƯƠNG MẠI VÀ DỊCH VỤ MIRA GROUP
b8468f8e-8ef4-11f1-9b18-005056b2a5de,02__MGO__SAM__VAG__140,SAMYANG Mì Gói Khô Gà Cay Vàng 140g,Gói,Tổng,0.0,,80.0,,4.0,,76.0,,454,1,afb81e12-3229-460b-95ba-2144024d0dcd,,1,True,b9879ab5-8ef4-11f1-9b18-005056b2a5de,02__MGO__SAM__VAG__140,SAMYANG Mì Gói Khô Gà Cay Vàng 140g,Mì Gói,Samyang,,,a38f9189-ad87-11ef-a35e-005056b28600,
b8468f8e-8ef4-11f1-9b18-005056b2a5de,02__MGO__SAM__VAG__140,Kho Kệ,Gói,Kho Kệ,-15.0,,80.0,,4.0,,61.0,,455,0,afb81e12-3229-460b-95ba-2144024d0dcd,afb81e12-3229-460b-95ba-2144024d0dcd,2,False,b9879dd3-8ef4-11f1-9b18-005056b2a5de,02__MGO__SAM__VAG__140,SAMYANG Mì Gói Khô Gà Cay Vàng 140g,Mì Gói,Samyang,,aca0e3b9-1e75-496e-84ff-e96c9084f53f,a38f9189-ad87-11ef-a35e-005056b28600,CÔNG TY TNHH THƯƠNG MẠI VÀ DỊCH VỤ MIRA GROUP
b8468f8e-8ef4-11f1-9b18-005056b2a5de,02__MGO__SAM__VAG__140,Kho MIRA,Gói,Kho MIRA,15.0,,0.0,,0.0,,15.0,,456,0,afb81e12-3229-460b-95ba-2144024d0dcd,afb81e12-3229-460b-95ba-2144024d0dcd,2,False,b9879f39-8ef4-11f1-9b18-005056b2a5de,02__MGO__SAM__VAG__140,SAMYANG Mì Gói Khô Gà Cay Vàng 140g,Mì Gói,Samyang,,485b5d06-306c-11f0-b467-005056b34af7,a38f9189-ad87-11ef-a35e-005056b28600,CÔNG TY TNHH THƯƠNG MẠI VÀ DỊCH VỤ MIRA GROUP
b8468f8e-8ef4-11f1-9b18-005056b2a5de,02__MGO__SED__GCY__87,SEDAAP Mì Trộn Gà Cay Hàn Quốc Gói 87g,Gói,Tổng,26.0,,0.0,,12.0,,14.0,,457,1,5147ad6a-0503-4c27-8e2e-123db110c210,,1,True,b987a09d-8ef4-11f1-9b18-005056b2a5de,02__MGO__SED__GCY__87,SEDAAP Mì Trộn Gà Cay Hàn Quốc Gói 87g,Mì Gói,SEDAAP,,,a38f9189-ad87-11ef-a35e-005056b28600,
b8468f8e-8ef4-11f1-9b18-005056b2a5de,02__MGO__SED__GCY__87,Kho Kệ,Gói,Kho Kệ,41.0,,0.0,,12.0,,29.0,,458,0,5147ad6a-0503-4c27-8e2e-123db110c210,5147ad6a-0503-4c27-8e2e-123db110c210,2,False,b987a1fc-8ef4-11f1-9b18-005056b2a5de,02__MGO__SED__GCY__87,SEDAAP Mì Trộn Gà Cay Hàn Quốc Gói 87g,Mì Gói,SEDAAP,,aca0e3b9-1e75-496e-84ff-e96c9084f53f,a38f9189-ad87-11ef-a35e-005056b28600,CÔNG TY TNHH THƯƠNG MẠI VÀ DỊCH VỤ MIRA GROUP
b8468f8e-8ef4-11f1-9b18-005056b2a5de,02__MGO__SED__GCY__87,Kho MIRA,Gói,Kho MIRA,-15.0,,0.0,,0.0,,-15.0,,459,0,5147ad6a-0503-4c27-8e2e-123db110c210,5147ad6a-0503-4c27-8e2e-123db110c210,2,False,b987a34f-8ef4-11f1-9b18-005056b2a5de,02__MGO__SED__GCY__87,SEDAAP Mì Trộn Gà Cay Hàn Quốc Gói 87g,Mì Gói,SEDAAP,,485b5d06-306c-11f0-b467-005056b34af7,a38f9189-ad87-11ef-a35e-005056b28600,CÔNG TY TNHH THƯƠNG MẠI VÀ DỊCH VỤ MIRA GROUP
b8468f8e-8ef4-11f1-9b18-005056b2a5de,02__MGO__SED__PMI__86,SEDAAP Mì Trộn Gà Cay Phô Mai Gói 86g,Gói,Tổng,34.0,,0.0,,10.0,,24.0,,460,1,71ed7cf2-8191-4c5e-889c-0a2ae19c9609,,1,True,b987a4a0-8ef4-11f1-9b18-005056b2a5de,02__MGO__SED__PMI__86,SEDAAP Mì Trộn Gà Cay Phô Mai Gói 86g,Mì Gói,SEDAAP,,,a38f9189-ad87-11ef-a35e-005056b28600,
b8468f8e-8ef4-11f1-9b18-005056b2a5de,02__MGO__SED__PMI__86,Kho Kệ,Gói,Kho Kệ,34.0,,0.0,,10.0,,24.0,,461,0,71ed7cf2-8191-4c5e-889c-0a2ae19c9609,71ed7cf2-8191-4c5e-889c-0a2ae19c9609,2,False,b987a5cf-8ef4-11f1-9b18-005056b2a5de,02__MGO__SED__PMI__86,SEDAAP Mì Trộn Gà Cay Phô Mai Gói 86g,Mì Gói,SEDAAP,,aca0e3b9-1e75-496e-84ff-e96c9084f53f,a38f9189-ad87-11ef-a35e-005056b28600,CÔNG TY TNHH THƯƠNG MẠI VÀ DỊCH VỤ MIRA GROUP
b8468f8e-8ef4-11f1-9b18-005056b2a5de,02__MGO__SKY__HSN__128,ACECOOK SiuKay Mì Hải Sản Gói 128g*24,Gói,Tổng,10.0,,72.0,,54.0,,28.0,,462,1,838fb0fd-2d0c-4bbb-b0c5-9daa4c5a023b,,1,True,b987a724-8ef4-11f1-9b18-005056b2a5de,02__MGO__SKY__HSN__128,ACECOOK SiuKay Mì Hải Sản Gói 128g*24,Mì Gói,ACECOOK SiuKay,,,a38f9189-ad87-11ef-a35e-005056b28600,
b8468f8e-8ef4-11f1-9b18-005056b2a5de,02__MGO__SKY__HSN__128,Kho Kệ,Gói,Kho Kệ,-14.0,,48.0,,54.0,,-20.0,,463,0,838fb0fd-2d0c-4bbb-b0c5-9daa4c5a023b,838fb0fd-2d0c-4bbb-b0c5-9daa4c5a023b,2,False,b987a86c-8ef4-11f1-9b18-005056b2a5de,02__MGO__SKY__HSN__128,ACECOOK SiuKay Mì Hải Sản Gói 128g*24,Mì Gói,ACECOOK SiuKay,,aca0e3b9-1e75-496e-84ff-e96c9084f53f,a38f9189-ad87-11ef-a35e-005056b28600,CÔNG TY TNHH THƯƠNG MẠI VÀ DỊCH VỤ MIRA GROUP
b8468f8e-8ef4-11f1-9b18-005056b2a5de,02__MGO__SKY__HSN__128,Kho MIRA,Gói,Kho MIRA,24.0,,24.0,,0.0,,48.0,,464,0,838fb0fd-2d0c-4bbb-b0c5-9daa4c5a023b,838fb0fd-2d0c-4bbb-b0c5-9daa4c5a023b,2,False,b987a9cf-8ef4-11f1-9b18-005056b2a5de,02__MGO__SKY__HSN__128,ACECOOK SiuKay Mì Hải Sản Gói 128g*24,Mì Gói,ACECOOK SiuKay,,485b5d06-306c-11f0-b467-005056b34af7,a38f9189-ad87-11ef-a35e-005056b28600,CÔNG TY TNHH THƯƠNG MẠI VÀ DỊCH VỤ MIRA GROUP
b8468f8e-8ef4-11f1-9b18-005056b2a5de,02__MGO__SKY__VBO__128,ACECOOK SiuKay Mì Vị Bò Gói 128g,Gói,Tổng,28.0,,0.0,,4.0,,24.0,,465,1,575ab54d-71e7-4b6d-af0d-793b1e590237,,1,True,b987ab2f-8ef4-11f1-9b18-005056b2a5de,02__MGO__SKY__VBO__128,ACECOOK SiuKay Mì Vị Bò Gói 128g,Mì Gói,ACECOOK SiuKay,,,a38f9189-ad87-11ef-a35e-005056b28600,
b8468f8e-8ef4-11f1-9b18-005056b2a5de,02__MGO__SKY__VBO__128,Kho Kệ,Gói,Kho Kệ,4.0,,0.0,,4.0,,0.0,,466,0,575ab54d-71e7-4b6d-af0d-793b1e590237,575ab54d-71e7-4b6d-af0d-793b1e590237,2,False,b987ae9a-8ef4-11f1-9b18-005056b2a5de,02__MGO__SKY__VBO__128,ACECOOK SiuKay Mì Vị Bò Gói 128g,Mì Gói,ACECOOK SiuKay,,aca0e3b9-1e75-496e-84ff-e96c9084f53f,a38f9189-ad87-11ef-a35e-005056b28600,CÔNG TY TNHH THƯƠNG MẠI VÀ DỊCH VỤ MIRA GROUP
b8468f8e-8ef4-11f1-9b18-005056b2a5de,02__MGO__SKY__VBO__128,Kho MIRA,Gói,Kho MIRA,24.0,,0.0,,0.0,,24.0,,467,0,575ab54d-71e7-4b6d-af0d-793b1e590237,575ab54d-71e7-4b6d-af0d-793b1e590237,2,False,b987b057-8ef4-11f1-9b18-005056b2a5de,02__MGO__SKY__VBO__128,ACECOOK SiuKay Mì Vị Bò Gói 128g,Mì Gói,ACECOOK SiuKay,,485b5d06-306c-11f0-b467-005056b34af7,a38f9189-ad87-11ef-a35e-005056b28600,CÔNG TY TNHH THƯƠNG MẠI VÀ DỊCH VỤ MIRA GROUP
b8468f8e-8ef4-11f1-9b18-005056b2a5de,02__MGO__YEU__CAY__120,OTOKI Mì Gói YEUL Cay 120g,Gói,Tổng,32.0,,0.0,,12.0,,20.0,,468,1,d7b4da4c-19ef-4793-8739-b2c8ab0e8b22,,1,True,b987b1bb-8ef4-11f1-9b18-005056b2a5de,02__MGO__YEU__CAY__120,OTOKI Mì Gói YEUL Cay 120g,Mì Gói,Otoki,,,a38f9189-ad87-11ef-a35e-005056b28600,
b8468f8e-8ef4-11f1-9b18-005056b2a5de,02__MGO__YEU__CAY__120,Kho Kệ,Gói,Kho Kệ,12.0,,0.0,,12.0,,0.0,,469,0,d7b4da4c-19ef-4793-8739-b2c8ab0e8b22,d7b4da4c-19ef-4793-8739-b2c8ab0e8b22,2,False,b987b31b-8ef4-11f1-9b18-005056b2a5de,02__MGO__YEU__CAY__120,OTOKI Mì Gói YEUL Cay 120g,Mì Gói,Otoki,,aca0e3b9-1e75-496e-84ff-e96c9084f53f,a38f9189-ad87-11ef-a35e-005056b28600,CÔNG TY TNHH THƯƠNG MẠI VÀ DỊCH VỤ MIRA GROUP
b8468f8e-8ef4-11f1-9b18-005056b2a5de,02__MGO__YEU__CAY__120,Kho MIRA,Gói,Kho MIRA,20.0,,0.0,,0.0,,20.0,,470,0,d7b4da4c-19ef-4793-8739-b2c8ab0e8b22,d7b4da4c-19ef-4793-8739-b2c8ab0e8b22,2,False,b987b479-8ef4-11f1-9b18-005056b2a5de,02__MGO__YEU__CAY__120,OTOKI Mì Gói YEUL Cay 120g,Mì Gói,Otoki,,485b5d06-306c-11f0-b467-005056b34af7,a38f9189-ad87-11ef-a35e-005056b28600,CÔNG TY TNHH THƯƠNG MẠI VÀ DỊCH VỤ MIRA GROUP
b8468f8e-8ef4-11f1-9b18-005056b2a5de,02__MIL__HAO__TCY__67,ACECOOK HẢO HẢO Mì Ly Tôm Chua Cay 67g,Ly,Tổng,68.0,,192.0,,182.0,,78.0,,471,1,5259be17-00c9-4d63-993d-bf5630ae3cac,,1,True,b987b5d3-8ef4-11f1-9b18-005056b2a5de,02__MIL__HAO__TCY__67,ACECOOK HẢO HẢO Mì Ly Tôm Chua Cay 67g,Mì Ly,ACECOOK HẢO HẢO,,,a38f9189-ad87-11ef-a35e-005056b28600,
b8468f8e-8ef4-11f1-9b18-005056b2a5de,02__MIL__HAO__TCY__67,Kho Kệ,Ly,Kho Kệ,-48.0,,120.0,,182.0,,-110.0,,472,0,5259be17-00c9-4d63-993d-bf5630ae3cac,5259be17-00c9-4d63-993d-bf5630ae3cac,2,False,b987b71f-8ef4-11f1-9b18-005056b2a5de,02__MIL__HAO__TCY__67,ACECOOK HẢO HẢO Mì Ly Tôm Chua Cay 67g,Mì Ly,ACECOOK HẢO HẢO,,aca0e3b9-1e75-496e-84ff-e96c9084f53f,a38f9189-ad87-11ef-a35e-005056b28600,CÔNG TY TNHH THƯƠNG MẠI VÀ DỊCH VỤ MIRA GROUP
b8468f8e-8ef4-11f1-9b18-005056b2a5de,02__MIL__HAO__TCY__67,Kho MIRA,Ly,Kho MIRA,116.0,,72.0,,0.0,,188.0,,473,0,5259be17-00c9-4d63-993d-bf5630ae3cac,5259be17-00c9-4d63-993d-bf5630ae3cac,2,False,b987b879-8ef4-11f1-9b18-005056b2a5de,02__MIL__HAO__TCY__67,ACECOOK HẢO HẢO Mì Ly Tôm Chua Cay 67g,Mì Ly,ACECOOK HẢO HẢO,,485b5d06-306c-11f0-b467-005056b34af7,a38f9189-ad87-11ef-a35e-005056b28600,CÔNG TY TNHH THƯƠNG MẠI VÀ DỊCH VỤ MIRA GROUP
b8468f8e-8ef4-11f1-9b18-005056b2a5de,02__MIL__KOK__CAY__65,KOKOMI Mì Ly Tôm Chua Cay 65g*24,Ly,Tổng,33.0,,48.0,,51.0,,30.0,,474,1,19d24afb-4802-4955-9611-4c1752b947cd,,1,True,b987b9d4-8ef4-11f1-9b18-005056b2a5de,02__MIL__KOK__CAY__65,KOKOMI Mì Ly Tôm Chua Cay 65g*24,Mì Ly,KOKOMI,,,a38f9189-ad87-11ef-a35e-005056b28600,
b8468f8e-8ef4-11f1-9b18-005056b2a5de,02__MIL__KOK__CAY__65,Kho Kệ,Ly,Kho Kệ,-15.0,,0.0,,51.0,,-66.0,,475,0,19d24afb-4802-4955-9611-4c1752b947cd,19d24afb-4802-4955-9611-4c1752b947cd,2,False,b987bb22-8ef4-11f1-9b18-005056b2a5de,02__MIL__KOK__CAY__65,KOKOMI Mì Ly Tôm Chua Cay 65g*24,Mì Ly,KOKOMI,,aca0e3b9-1e75-496e-84ff-e96c9084f53f,a38f9189-ad87-11ef-a35e-005056b28600,CÔNG TY TNHH THƯƠNG MẠI VÀ DỊCH VỤ MIRA GROUP
b8468f8e-8ef4-11f1-9b18-005056b2a5de,02__MIL__KOK__CAY__65,Kho MIRA,Ly,Kho MIRA,48.0,,48.0,,0.0,,96.0,,476,0,19d24afb-4802-4955-9611-4c1752b947cd,19d24afb-4802-4955-9611-4c1752b947cd,2,False,b987bc79-8ef4-11f1-9b18-005056b2a5de,02__MIL__KOK__CAY__65,KOKOMI Mì Ly Tôm Chua Cay 65g*24,Mì Ly,KOKOMI,,485b5d06-306c-11f0-b467-005056b34af7,a38f9189-ad87-11ef-a35e-005056b28600,CÔNG TY TNHH THƯƠNG MẠI VÀ DỊCH VỤ MIRA GROUP
b8468f8e-8ef4-11f1-9b18-005056b2a5de,02__MIL__KOR__BXO__65,KORENO Mì Xào Vị Bò Xào Ly 65g,Ly,Tổng,35.0,,0.0,,7.0,,28.0,,477,1,24a09840-3340-484f-9165-a5361817cb03,,1,True,b987bdce-8ef4-11f1-9b18-005056b2a5de,02__MIL__KOR__BXO__65,KORENO Mì Xào Vị Bò Xào Ly 65g,Mì Ly,KORENO,,,a38f9189-ad87-11ef-a35e-005056b28600,
b8468f8e-8ef4-11f1-9b18-005056b2a5de,02__MIL__KOR__BXO__65,Kho Kệ,Ly,Kho Kệ,11.0,,0.0,,7.0,,4.0,,478,0,24a09840-3340-484f-9165-a5361817cb03,24a09840-3340-484f-9165-a5361817cb03,2,False,b987bf14-8ef4-11f1-9b18-005056b2a5de,02__MIL__KOR__BXO__65,KORENO Mì Xào Vị Bò Xào Ly 65g,Mì Ly,KORENO,,aca0e3b9-1e75-496e-84ff-e96c9084f53f,a38f9189-ad87-11ef-a35e-005056b28600,CÔNG TY TNHH THƯƠNG MẠI VÀ DỊCH VỤ MIRA GROUP
b8468f8e-8ef4-11f1-9b18-005056b2a5de,02__MIL__KOR__BXO__65,Kho MIRA,Ly,Kho MIRA,24.0,,0.0,,0.0,,24.0,,479,0,24a09840-3340-484f-9165-a5361817cb03,24a09840-3340-484f-9165-a5361817cb03,2,False,b987c02f-8ef4-11f1-9b18-005056b2a5de,02__MIL__KOR__BXO__65,KORENO Mì Xào Vị Bò Xào Ly 65g,Mì Ly,KORENO,,485b5d06-306c-11f0-b467-005056b34af7,a38f9189-ad87-11ef-a35e-005056b28600,CÔNG TY TNHH THƯƠNG MẠI VÀ DỊCH VỤ MIRA GROUP
b8468f8e-8ef4-11f1-9b18-005056b2a5de,02__MIL__KOR__DEN__68,KORENO Mì Trộn Tương Đen Ly 68g,Ly,Tổng,14.0,,72.0,,33.0,,53.0,,480,1,a0e5aa6b-1333-45f7-9e89-40608ea13554,,1,True,b987c18b-8ef4-11f1-9b18-005056b2a5de,02__MIL__KOR__DEN__68,KORENO Mì Trộn Tương Đen Ly 68g,Mì Ly,KORENO,,,a38f9189-ad87-11ef-a35e-005056b28600,
b8468f8e-8ef4-11f1-9b18-005056b2a5de,02__MIL__KOR__DEN__68,Kho Kệ,Ly,Kho Kệ,-10.0,,72.0,,33.0,,29.0,,481,0,a0e5aa6b-1333-45f7-9e89-40608ea13554,a0e5aa6b-1333-45f7-9e89-40608ea13554,2,False,b987c2cc-8ef4-11f1-9b18-005056b2a5de,02__MIL__KOR__DEN__68,KORENO Mì Trộn Tương Đen Ly 68g,Mì Ly,KORENO,,aca0e3b9-1e75-496e-84ff-e96c9084f53f,a38f9189-ad87-11ef-a35e-005056b28600,CÔNG TY TNHH THƯƠNG MẠI VÀ DỊCH VỤ MIRA GROUP
b8468f8e-8ef4-11f1-9b18-005056b2a5de,02__MIL__KOR__DEN__68,Kho MIRA,Ly,Kho MIRA,24.0,,0.0,,0.0,,24.0,,482,0,a0e5aa6b-1333-45f7-9e89-40608ea13554,a0e5aa6b-1333-45f7-9e89-40608ea13554,2,False,b987c41d-8ef4-11f1-9b18-005056b2a5de,02__MIL__KOR__DEN__68,KORENO Mì Trộn Tương Đen Ly 68g,Mì Ly,KORENO,,485b5d06-306c-11f0-b467-005056b34af7,a38f9189-ad87-11ef-a35e-005056b28600,CÔNG TY TNHH THƯƠNG MẠI VÀ DỊCH VỤ MIRA GROUP
b8468f8e-8ef4-11f1-9b18-005056b2a5de,02__MIL__KOR__LTI__65,KORENO Mì Lẩu Thái Ly 65g,Ly,Tổng,22.0,,24.0,,27.0,,19.0,,483,1,b3ada2a5-2c7f-4b47-a211-bba1b3b6e1ab,,1,True,b987c57b-8ef4-11f1-9b18-005056b2a5de,02__MIL__KOR__LTI__65,KORENO Mì Lẩu Thái Ly 65g,Mì Ly,KORENO,,,a38f9189-ad87-11ef-a35e-005056b28600,
b8468f8e-8ef4-11f1-9b18-005056b2a5de,02__MIL__KOR__LTI__65,Kho Kệ,Ly,Kho Kệ,22.0,,24.0,,27.0,,19.0,,484,0,b3ada2a5-2c7f-4b47-a211-bba1b3b6e1ab,b3ada2a5-2c7f-4b47-a211-bba1b3b6e1ab,2,False,b987c70a-8ef4-11f1-9b18-005056b2a5de,02__MIL__KOR__LTI__65,KORENO Mì Lẩu Thái Ly 65g,Mì Ly,KORENO,,aca0e3b9-1e75-496e-84ff-e96c9084f53f,a38f9189-ad87-11ef-a35e-005056b28600,CÔNG TY TNHH THƯƠNG MẠI VÀ DỊCH VỤ MIRA GROUP
b8468f8e-8ef4-11f1-9b18-005056b2a5de,02__MIL__KOR__PMI__65,KORENO M.X Vị Bò Phô Mai Cay Ly 65g,Bịch,Tổng,20.0,,72.0,,52.0,,40.0,,485,1,235efc82-aa6a-4fee-9bdd-a1fda99d472a,,1,True,b987c974-8ef4-11f1-9b18-005056b2a5de,02__MIL__KOR__PMI__65,KORENO M.X Vị Bò Phô Mai Cay Ly 65g,Mì Ly,KORENO,,,a38f9189-ad87-11ef-a35e-005056b28600,
b8468f8e-8ef4-11f1-9b18-005056b2a5de,02__MIL__KOR__PMI__65,Kho Kệ,Bịch,Kho Kệ,20.0,,72.0,,52.0,,40.0,,486,0,235efc82-aa6a-4fee-9bdd-a1fda99d472a,235efc82-aa6a-4fee-9bdd-a1fda99d472a,2,False,b987caed-8ef4-11f1-9b18-005056b2a5de,02__MIL__KOR__PMI__65,KORENO M.X Vị Bò Phô Mai Cay Ly 65g,Mì Ly,KORENO,,aca0e3b9-1e75-496e-84ff-e96c9084f53f,a38f9189-ad87-11ef-a35e-005056b28600,CÔNG TY TNHH THƯƠNG MẠI VÀ DỊCH VỤ MIRA GROUP
b8468f8e-8ef4-11f1-9b18-005056b2a5de,02__MIL__MAM__TYM__60,MAMA Mì Ly TomYum 60g,Ly,Tổng,1.0,,0.0,,0.0,,1.0,,487,1,797ae5d6-0139-491f-aecb-5337895cfe22,,1,True,b987cc3f-8ef4-11f1-9b18-005056b2a5de,02__MIL__MAM__TYM__60,MAMA Mì Ly TomYum 60g,Mì Ly,Mama,,,a38f9189-ad87-11ef-a35e-005056b28600,
b8468f8e-8ef4-11f1-9b18-005056b2a5de,02__MIL__MAM__TYM__60,Kho Kệ,Ly,Kho Kệ,1.0,,0.0,,0.0,,1.0,,488,0,797ae5d6-0139-491f-aecb-5337895cfe22,797ae5d6-0139-491f-aecb-5337895cfe22,2,False,b987cd94-8ef4-11f1-9b18-005056b2a5de,02__MIL__MAM__TYM__60,MAMA Mì Ly TomYum 60g,Mì Ly,Mama,,aca0e3b9-1e75-496e-84ff-e96c9084f53f,a38f9189-ad87-11ef-a35e-005056b28600,CÔNG TY TNHH THƯƠNG MẠI VÀ DỊCH VỤ MIRA GROUP
b8468f8e-8ef4-11f1-9b18-005056b2a5de,02__MIL__MOD__BKY__66,ACECOOK MODERN Xtreme Mì Ly Bò Kay 66g,Ly,Tổng,22.0,,144.0,,105.0,,61.0,,489,1,dd07d3b3-e94b-45d7-b533-1a30964694ae,,1,True,b987cef7-8ef4-11f1-9b18-005056b2a5de,02__MIL__MOD__BKY__66,ACECOOK MODERN Xtreme Mì Ly Bò Kay 66g,Mì Ly,ACECOOK MODERN,,,a38f9189-ad87-11ef-a35e-005056b28600,
b8468f8e-8ef4-11f1-9b18-005056b2a5de,02__MIL__MOD__BKY__66,Kho Kệ,Ly,Kho Kệ,-1.0,,0.0,,105.0,,-106.0,,490,0,dd07d3b3-e94b-45d7-b533-1a30964694ae,dd07d3b3-e94b-45d7-b533-1a30964694ae,2,False,b987d1b7-8ef4-11f1-9b18-005056b2a5de,02__MIL__MOD__BKY__66,ACECOOK MODERN Xtreme Mì Ly Bò Kay 66g,Mì Ly,ACECOOK MODERN,,aca0e3b9-1e75-496e-84ff-e96c9084f53f,a38f9189-ad87-11ef-a35e-005056b28600,CÔNG TY TNHH THƯƠNG MẠI VÀ DỊCH VỤ MIRA GROUP
b8468f8e-8ef4-11f1-9b18-005056b2a5de,02__MIL__MOD__BKY__66,Kho MIRA,Ly,Kho MIRA,23.0,,144.0,,0.0,,167.0,,491,0,dd07d3b3-e94b-45d7-b533-1a30964694ae,dd07d3b3-e94b-45d7-b533-1a30964694ae,2,False,b987d329-8ef4-11f1-9b18-005056b2a5de,02__MIL__MOD__BKY__66,ACECOOK MODERN Xtreme Mì Ly Bò Kay 66g,Mì Ly,ACECOOK MODERN,,485b5d06-306c-11f0-b467-005056b34af7,a38f9189-ad87-11ef-a35e-005056b28600,CÔNG TY TNHH THƯƠNG MẠI VÀ DỊCH VỤ MIRA GROUP
b8468f8e-8ef4-11f1-9b18-005056b2a5de,02__MIL__MOD__KCI__66,ACECOOK MODERN Xtreme Mì Ly Vị Kim Chi 66g,Ly,Tổng,2.0,,0.0,,0.0,,2.0,,492,1,adc45ae9-fe89-4ba2-8f73-86088de32378,,1,True,b987d482-8ef4-11f1-9b18-005056b2a5de,02__MIL__MOD__KCI__66,ACECOOK MODERN Xtreme Mì Ly Vị Kim Chi 66g,Mì Ly,ACECOOK MODERN,,,a38f9189-ad87-11ef-a35e-005056b28600,
b8468f8e-8ef4-11f1-9b18-005056b2a5de,02__MIL__MOD__KCI__66,Kho Kệ,Ly,Kho Kệ,2.0,,0.0,,0.0,,2.0,,493,0,adc45ae9-fe89-4ba2-8f73-86088de32378,adc45ae9-fe89-4ba2-8f73-86088de32378,2,False,b987d5c1-8ef4-11f1-9b18-005056b2a5de,02__MIL__MOD__KCI__66,ACECOOK MODERN Xtreme Mì Ly Vị Kim Chi 66g,Mì Ly,ACECOOK MODERN,,aca0e3b9-1e75-496e-84ff-e96c9084f53f,a38f9189-ad87-11ef-a35e-005056b28600,CÔNG TY TNHH THƯƠNG MẠI VÀ DỊCH VỤ MIRA GROUP
b8468f8e-8ef4-11f1-9b18-005056b2a5de,02__MIL__MOD__LTT__67,ACECOOK MODERN Mì Ly Lẩu Thái Tôm 67g,Ly,Tổng,27.0,,276.0,,280.0,,23.0,,494,1,f4df8b62-1088-4f7d-96fb-14f5710a1560,,1,True,b987d70f-8ef4-11f1-9b18-005056b2a5de,02__MIL__MOD__LTT__67,ACECOOK MODERN Mì Ly Lẩu Thái Tôm 67g,Mì Ly,ACECOOK MODERN,,,a38f9189-ad87-11ef-a35e-005056b28600,
b8468f8e-8ef4-11f1-9b18-005056b2a5de,02__MIL__MOD__LTT__67,Kho Kệ,Ly,Kho Kệ,-90.0,,204.0,,280.0,,-166.0,,495,0,f4df8b62-1088-4f7d-96fb-14f5710a1560,f4df8b62-1088-4f7d-96fb-14f5710a1560,2,False,b987d847-8ef4-11f1-9b18-005056b2a5de,02__MIL__MOD__LTT__67,ACECOOK MODERN Mì Ly Lẩu Thái Tôm 67g,Mì Ly,ACECOOK MODERN,,aca0e3b9-1e75-496e-84ff-e96c9084f53f,a38f9189-ad87-11ef-a35e-005056b28600,CÔNG TY TNHH THƯƠNG MẠI VÀ DỊCH VỤ MIRA GROUP
b8468f8e-8ef4-11f1-9b18-005056b2a5de,02__MIL__MOD__LTT__67,Kho MIRA,Ly,Kho MIRA,117.0,,72.0,,0.0,,189.0,,496,0,f4df8b62-1088-4f7d-96fb-14f5710a1560,f4df8b62-1088-4f7d-96fb-14f5710a1560,2,False,b987d96d-8ef4-11f1-9b18-005056b2a5de,02__MIL__MOD__LTT__67,ACECOOK MODERN Mì Ly Lẩu Thái Tôm 67g,Mì Ly,ACECOOK MODERN,,485b5d06-306c-11f0-b467-005056b34af7,a38f9189-ad87-11ef-a35e-005056b28600,CÔNG TY TNHH THƯƠNG MẠI VÀ DỊCH VỤ MIRA GROUP
b8468f8e-8ef4-11f1-9b18-005056b2a5de,02__MIL__NSM__RED__68,NONGSHIM Mì Ly Shin Red Super 68g,Ly,Tổng,21.0,,12.0,,6.0,,27.0,,497,1,1cf9860c-f261-4a58-a6ea-ae675dcb2ba3,,1,True,b987da8e-8ef4-11f1-9b18-005056b2a5de,02__MIL__NSM__RED__68,NONGSHIM Mì Ly Shin Red Super 68g,Mì Ly,Nongshim,,,a38f9189-ad87-11ef-a35e-005056b28600,
b8468f8e-8ef4-11f1-9b18-005056b2a5de,02__MIL__NSM__RED__68,Kho Kệ,Ly,Kho Kệ,10.0,,12.0,,6.0,,16.0,,498,0,1cf9860c-f261-4a58-a6ea-ae675dcb2ba3,1cf9860c-f261-4a58-a6ea-ae675dcb2ba3,2,False,b987dbaa-8ef4-11f1-9b18-005056b2a5de,02__MIL__NSM__RED__68,NONGSHIM Mì Ly Shin Red Super 68g,Mì Ly,Nongshim,,aca0e3b9-1e75-496e-84ff-e96c9084f53f,a38f9189-ad87-11ef-a35e-005056b28600,CÔNG TY TNHH THƯƠNG MẠI VÀ DỊCH VỤ MIRA GROUP
b8468f8e-8ef4-11f1-9b18-005056b2a5de,02__MIL__NSM__RED__68,Kho MIRA,Ly,Kho MIRA,11.0,,0.0,,0.0,,11.0,,499,0,1cf9860c-f261-4a58-a6ea-ae675dcb2ba3,1cf9860c-f261-4a58-a6ea-ae675dcb2ba3,2,False,b987dce1-8ef4-11f1-9b18-005056b2a5de,02__MIL__NSM__RED__68,NONGSHIM Mì Ly Shin Red Super 68g,Mì Ly,Nongshim,,485b5d06-306c-11f0-b467-005056b34af7,a38f9189-ad87-11ef-a35e-005056b28600,CÔNG TY TNHH THƯƠNG MẠI VÀ DỊCH VỤ MIRA GROUP
b8468f8e-8ef4-11f1-9b18-005056b2a5de,02__MIL__NSM__SHN__68,NONGSHIM Mì Ly Shin 68g,Ly,Tổng,1.0,,24.0,,8.0,,17.0,,500,1,0c3a7776-5245-42d1-9317-ddd179fd5c92,,1,True,b987de19-8ef4-11f1-9b18-005056b2a5de,02__MIL__NSM__SHN__68,NONGSHIM Mì Ly Shin 68g,Mì Ly,Nongshim,,,a38f9189-ad87-11ef-a35e-005056b28600,
b8468f8e-8ef4-11f1-9b18-005056b2a5de,02__MIL__NSM__SHN__68,Kho Kệ,Ly,Kho Kệ,1.0,,24.0,,8.0,,17.0,,501,0,0c3a7776-5245-42d1-9317-ddd179fd5c92,0c3a7776-5245-42d1-9317-ddd179fd5c92,2,False,b987df3c-8ef4-11f1-9b18-005056b2a5de,02__MIL__NSM__SHN__68,NONGSHIM Mì Ly Shin 68g,Mì Ly,Nongshim,,aca0e3b9-1e75-496e-84ff-e96c9084f53f,a38f9189-ad87-11ef-a35e-005056b28600,CÔNG TY TNHH THƯƠNG MẠI VÀ DỊCH VỤ MIRA GROUP
b8468f8e-8ef4-11f1-9b18-005056b2a5de,02__MIL__NSM__SHN,NONGSHIM Mì Ly Shin 68g,Ly,Tổng,1.0,,0.0,,0.0,,1.0,,502,1,6c49e1e9-44af-491f-87f8-4ed91ab9b64c,,1,True,b987e06f-8ef4-11f1-9b18-005056b2a5de,02__MIL__NSM__SHN,NONGSHIM Mì Ly Shin 68g,Mì Ly,Nongshim,,,a38f9189-ad87-11ef-a35e-005056b28600,
b8468f8e-8ef4-11f1-9b18-005056b2a5de,02__MIL__NSM__SHN,Kho Kệ,Ly,Kho Kệ,1.0,,0.0,,0.0,,1.0,,503,0,6c49e1e9-44af-491f-87f8-4ed91ab9b64c,6c49e1e9-44af-491f-87f8-4ed91ab9b64c,2,False,b987e389-8ef4-11f1-9b18-005056b2a5de,02__MIL__NSM__SHN,NONGSHIM Mì Ly Shin 68g,Mì Ly,Nongshim,,aca0e3b9-1e75-496e-84ff-e96c9084f53f,a38f9189-ad87-11ef-a35e-005056b28600,CÔNG TY TNHH THƯƠNG MẠI VÀ DỊCH VỤ MIRA GROUP
b8468f8e-8ef4-11f1-9b18-005056b2a5de,02__MIL__OMA__BOO__113,OMACHI Mì Ly Xốt Bò Hầm Có Cây Thịt 113g*24,Ly,Tổng,16.0,,0.0,,0.0,,16.0,,504,1,6d55b31a-1c89-48da-b3f3-f019ec326fd0,,1,True,b987e59a-8ef4-11f1-9b18-005056b2a5de,02__MIL__OMA__BOO__113,OMACHI Mì Ly Xốt Bò Hầm Có Cây Thịt 113g*24,Mì Ly,OMACHI,,,a38f9189-ad87-11ef-a35e-005056b28600,
b8468f8e-8ef4-11f1-9b18-005056b2a5de,02__MIL__OMA__BOO__113,Kho Kệ,Ly,Kho Kệ,16.0,,0.0,,0.0,,16.0,,505,0,6d55b31a-1c89-48da-b3f3-f019ec326fd0,6d55b31a-1c89-48da-b3f3-f019ec326fd0,2,False,b987e773-8ef4-11f1-9b18-005056b2a5de,02__MIL__OMA__BOO__113,OMACHI Mì Ly Xốt Bò Hầm Có Cây Thịt 113g*24,Mì Ly,OMACHI,,aca0e3b9-1e75-496e-84ff-e96c9084f53f,a38f9189-ad87-11ef-a35e-005056b28600,CÔNG TY TNHH THƯƠNG MẠI VÀ DỊCH VỤ MIRA GROUP
b8468f8e-8ef4-11f1-9b18-005056b2a5de,02__MIL__OMA__BOO__69,OMACHI Mì Ly Xốt Bò Hầm 69g*24,Ly,Tổng,40.0,,48.0,,35.0,,53.0,,506,1,33367770-a01a-4fab-ab6d-46e4dd5dbe5b,,1,True,b987e964-8ef4-11f1-9b18-005056b2a5de,02__MIL__OMA__BOO__69,OMACHI Mì Ly Xốt Bò Hầm 69g*24,Mì Ly,OMACHI,,,a38f9189-ad87-11ef-a35e-005056b28600,
b8468f8e-8ef4-11f1-9b18-005056b2a5de,02__MIL__OMA__BOO__69,Kho Kệ,Ly,Kho Kệ,-32.0,,48.0,,35.0,,-19.0,,507,0,33367770-a01a-4fab-ab6d-46e4dd5dbe5b,33367770-a01a-4fab-ab6d-46e4dd5dbe5b,2,False,b987eb56-8ef4-11f1-9b18-005056b2a5de,02__MIL__OMA__BOO__69,OMACHI Mì Ly Xốt Bò Hầm 69g*24,Mì Ly,OMACHI,,aca0e3b9-1e75-496e-84ff-e96c9084f53f,a38f9189-ad87-11ef-a35e-005056b28600,CÔNG TY TNHH THƯƠNG MẠI VÀ DỊCH VỤ MIRA GROUP
b8468f8e-8ef4-11f1-9b18-005056b2a5de,02__MIL__OMA__BOO__69,Kho MIRA,Ly,Kho MIRA,72.0,,0.0,,0.0,,72.0,,508,0,33367770-a01a-4fab-ab6d-46e4dd5dbe5b,33367770-a01a-4fab-ab6d-46e4dd5dbe5b,2,False,b987ed7e-8ef4-11f1-9b18-005056b2a5de,02__MIL__OMA__BOO__69,OMACHI Mì Ly Xốt Bò Hầm 69g*24,Mì Ly,OMACHI,,485b5d06-306c-11f0-b467-005056b34af7,a38f9189-ad87-11ef-a35e-005056b28600,CÔNG TY TNHH THƯƠNG MẠI VÀ DỊCH VỤ MIRA GROUP
b8468f8e-8ef4-11f1-9b18-005056b2a5de,02__MIL__OMA__LTC__112,OMACHI Mì Ly Lẩu Tôm Càng Có Cây Thịt 112g*24,Ly,Tổng,8.0,,0.0,,0.0,,8.0,,509,1,4414af6b-3769-4be5-8f27-5498b1460bf1,,1,True,b987ef77-8ef4-11f1-9b18-005056b2a5de,02__MIL__OMA__LTC__112,OMACHI Mì Ly Lẩu Tôm Càng Có Cây Thịt 112g*24,Mì Ly,OMACHI,,,a38f9189-ad87-11ef-a35e-005056b28600,
b8468f8e-8ef4-11f1-9b18-005056b2a5de,02__MIL__OMA__LTC__112,Kho Kệ,Ly,Kho Kệ,8.0,,0.0,,0.0,,8.0,,510,0,4414af6b-3769-4be5-8f27-5498b1460bf1,4414af6b-3769-4be5-8f27-5498b1460bf1,2,False,b987f0cf-8ef4-11f1-9b18-005056b2a5de,02__MIL__OMA__LTC__112,OMACHI Mì Ly Lẩu Tôm Càng Có Cây Thịt 112g*24,Mì Ly,OMACHI,,aca0e3b9-1e75-496e-84ff-e96c9084f53f,a38f9189-ad87-11ef-a35e-005056b28600,CÔNG TY TNHH THƯƠNG MẠI VÀ DỊCH VỤ MIRA GROUP
b8468f8e-8ef4-11f1-9b18-005056b2a5de,02__MIL__OMA__LTC__67,OMACHI Mì Ly Lẩu Tôm Càng 67g*24,Ly,Tổng,41.0,,24.0,,36.0,,29.0,,511,1,af930aeb-9a67-483c-9794-3f0b58473ed0,,1,True,b987f233-8ef4-11f1-9b18-005056b2a5de,02__MIL__OMA__LTC__67,OMACHI Mì Ly Lẩu Tôm Càng 67g*24,Mì Ly,OMACHI,,,a38f9189-ad87-11ef-a35e-005056b28600,
b8468f8e-8ef4-11f1-9b18-005056b2a5de,02__MIL__OMA__LTC__67,Kho Kệ,Ly,Kho Kệ,-7.0,,0.0,,36.0,,-43.0,,512,0,af930aeb-9a67-483c-9794-3f0b58473ed0,af930aeb-9a67-483c-9794-3f0b58473ed0,2,False,b987f389-8ef4-11f1-9b18-005056b2a5de,02__MIL__OMA__LTC__67,OMACHI Mì Ly Lẩu Tôm Càng 67g*24,Mì Ly,OMACHI,,aca0e3b9-1e75-496e-84ff-e96c9084f53f,a38f9189-ad87-11ef-a35e-005056b28600,CÔNG TY TNHH THƯƠNG MẠI VÀ DỊCH VỤ MIRA GROUP
b8468f8e-8ef4-11f1-9b18-005056b2a5de,02__MIL__OMA__LTC__67,Kho MIRA,Ly,Kho MIRA,48.0,,24.0,,0.0,,72.0,,513,0,af930aeb-9a67-483c-9794-3f0b58473ed0,af930aeb-9a67-483c-9794-3f0b58473ed0,2,False,b987f4de-8ef4-11f1-9b18-005056b2a5de,02__MIL__OMA__LTC__67,OMACHI Mì Ly Lẩu Tôm Càng 67g*24,Mì Ly,OMACHI,,485b5d06-306c-11f0-b467-005056b34af7,a38f9189-ad87-11ef-a35e-005056b28600,CÔNG TY TNHH THƯƠNG MẠI VÀ DỊCH VỤ MIRA GROUP
b8468f8e-8ef4-11f1-9b18-005056b2a5de,02__MIL__OMA__S5Q__70,OMACHI Mì Ly Sườn Hầm Ngủ Quả 70g*24,Ly,Tổng,28.0,,48.0,,26.0,,50.0,,514,1,6f5cb659-62b5-488c-bfe1-19d6bb9f1a00,,1,True,b987f641-8ef4-11f1-9b18-005056b2a5de,02__MIL__OMA__S5Q__70,OMACHI Mì Ly Sườn Hầm Ngủ Quả 70g*24,Mì Ly,OMACHI,,,a38f9189-ad87-11ef-a35e-005056b28600,
b8468f8e-8ef4-11f1-9b18-005056b2a5de,02__MIL__OMA__S5Q__70,Kho Kệ,Ly,Kho Kệ,-20.0,,24.0,,26.0,,-22.0,,515,0,6f5cb659-62b5-488c-bfe1-19d6bb9f1a00,6f5cb659-62b5-488c-bfe1-19d6bb9f1a00,2,False,b987f794-8ef4-11f1-9b18-005056b2a5de,02__MIL__OMA__S5Q__70,OMACHI Mì Ly Sườn Hầm Ngủ Quả 70g*24,Mì Ly,OMACHI,,aca0e3b9-1e75-496e-84ff-e96c9084f53f,a38f9189-ad87-11ef-a35e-005056b28600,CÔNG TY TNHH THƯƠNG MẠI VÀ DỊCH VỤ MIRA GROUP
b8468f8e-8ef4-11f1-9b18-005056b2a5de,02__MIL__OMA__S5Q__70,Kho MIRA,Ly,Kho MIRA,48.0,,24.0,,0.0,,72.0,,516,0,6f5cb659-62b5-488c-bfe1-19d6bb9f1a00,6f5cb659-62b5-488c-bfe1-19d6bb9f1a00,2,False,b987f8f9-8ef4-11f1-9b18-005056b2a5de,02__MIL__OMA__S5Q__70,OMACHI Mì Ly Sườn Hầm Ngủ Quả 70g*24,Mì Ly,OMACHI,,485b5d06-306c-11f0-b467-005056b34af7,a38f9189-ad87-11ef-a35e-005056b28600,CÔNG TY TNHH THƯƠNG MẠI VÀ DỊCH VỤ MIRA GROUP
b8468f8e-8ef4-11f1-9b18-005056b2a5de,02__MIL__SAM__GCY__70,SAMYANG Mì Ly Khô Gà Cay Đen 70g,Ly,Tổng,6.0,,0.0,,0.0,,6.0,,517,1,6b680b71-6b76-4e41-8520-0c1abd85a1e9,,1,True,b987fa63-8ef4-11f1-9b18-005056b2a5de,02__MIL__SAM__GCY__70,SAMYANG Mì Ly Khô Gà Cay Đen 70g,Mì Ly,Samyang,,,a38f9189-ad87-11ef-a35e-005056b28600,
b8468f8e-8ef4-11f1-9b18-005056b2a5de,02__MIL__SAM__GCY__70,Kho MIRA,Ly,Kho MIRA,6.0,,0.0,,0.0,,6.0,,518,0,6b680b71-6b76-4e41-8520-0c1abd85a1e9,6b680b71-6b76-4e41-8520-0c1abd85a1e9,2,False,b987fbcc-8ef4-11f1-9b18-005056b2a5de,02__MIL__SAM__GCY__70,SAMYANG Mì Ly Khô Gà Cay Đen 70g,Mì Ly,Samyang,,485b5d06-306c-11f0-b467-005056b34af7,a38f9189-ad87-11ef-a35e-005056b28600,CÔNG TY TNHH THƯƠNG MẠI VÀ DỊCH VỤ MIRA GROUP
b8468f8e-8ef4-11f1-9b18-005056b2a5de,02__MIL__SAM__NAR__80,SAMYANG Mì Ly Khô Gà Cay NARA Hồng 80g,Ly,Tổng,24.0,,60.0,,45.0,,39.0,,519,1,e792ec3e-9075-48cb-88fd-8258c1c11831,,1,True,b987fd3f-8ef4-11f1-9b18-005056b2a5de,02__MIL__SAM__NAR__80,SAMYANG Mì Ly Khô Gà Cay NARA Hồng 80g,Mì Ly,Samyang,,,a38f9189-ad87-11ef-a35e-005056b28600,
b8468f8e-8ef4-11f1-9b18-005056b2a5de,02__MIL__SAM__NAR__80,Kho Kệ,Ly,Kho Kệ,-6.0,,60.0,,45.0,,9.0,,520,0,e792ec3e-9075-48cb-88fd-8258c1c11831,e792ec3e-9075-48cb-88fd-8258c1c11831,2,False,b987fea9-8ef4-11f1-9b18-005056b2a5de,02__MIL__SAM__NAR__80,SAMYANG Mì Ly Khô Gà Cay NARA Hồng 80g,Mì Ly,Samyang,,aca0e3b9-1e75-496e-84ff-e96c9084f53f,a38f9189-ad87-11ef-a35e-005056b28600,CÔNG TY TNHH THƯƠNG MẠI VÀ DỊCH VỤ MIRA GROUP
b8468f8e-8ef4-11f1-9b18-005056b2a5de,02__MIL__SAM__NAR__80,Kho MIRA,Ly,Kho MIRA,30.0,,0.0,,0.0,,30.0,,521,0,e792ec3e-9075-48cb-88fd-8258c1c11831,e792ec3e-9075-48cb-88fd-8258c1c11831,2,False,b9880024-8ef4-11f1-9b18-005056b2a5de,02__MIL__SAM__NAR__80,SAMYANG Mì Ly Khô Gà Cay NARA Hồng 80g,Mì Ly,Samyang,,485b5d06-306c-11f0-b467-005056b34af7,a38f9189-ad87-11ef-a35e-005056b28600,CÔNG TY TNHH THƯƠNG MẠI VÀ DỊCH VỤ MIRA GROUP
b8468f8e-8ef4-11f1-9b18-005056b2a5de,02__MIL__SAM__PMI__70,SAMYANG Mì Ly Khô Phô Mai Vàng 70g,Ly,Tổng,28.0,,60.0,,27.0,,61.0,,522,1,12eac41d-7f9b-44f2-afb8-fcdea8dca7a8,,1,True,b98801c2-8ef4-11f1-9b18-005056b2a5de,02__MIL__SAM__PMI__70,SAMYANG Mì Ly Khô Phô Mai Vàng 70g,Mì Ly,Samyang,,,a38f9189-ad87-11ef-a35e-005056b28600,
b8468f8e-8ef4-11f1-9b18-005056b2a5de,02__MIL__SAM__PMI__70,Kho Kệ,Ly,Kho Kệ,-2.0,,60.0,,27.0,,31.0,,523,0,12eac41d-7f9b-44f2-afb8-fcdea8dca7a8,12eac41d-7f9b-44f2-afb8-fcdea8dca7a8,2,False,b988032b-8ef4-11f1-9b18-005056b2a5de,02__MIL__SAM__PMI__70,SAMYANG Mì Ly Khô Phô Mai Vàng 70g,Mì Ly,Samyang,,aca0e3b9-1e75-496e-84ff-e96c9084f53f,a38f9189-ad87-11ef-a35e-005056b28600,CÔNG TY TNHH THƯƠNG MẠI VÀ DỊCH VỤ MIRA GROUP
b8468f8e-8ef4-11f1-9b18-005056b2a5de,02__MIL__SAM__PMI__70,Kho MIRA,Ly,Kho MIRA,30.0,,0.0,,0.0,,30.0,,524,0,12eac41d-7f9b-44f2-afb8-fcdea8dca7a8,12eac41d-7f9b-44f2-afb8-fcdea8dca7a8,2,False,b98804a3-8ef4-11f1-9b18-005056b2a5de,02__MIL__SAM__PMI__70,SAMYANG Mì Ly Khô Phô Mai Vàng 70g,Mì Ly,Samyang,,485b5d06-306c-11f0-b467-005056b34af7,a38f9189-ad87-11ef-a35e-005056b28600,CÔNG TY TNHH THƯƠNG MẠI VÀ DỊCH VỤ MIRA GROUP
b8468f8e-8ef4-11f1-9b18-005056b2a5de,02__MIL__VIF__CUA__90,VIFON Mì Trộn Cua Xốt Me Ly 90g,Ly,Tổng,22.0,,24.0,,12.0,,34.0,,525,1,7bf7c4a1-2b8c-4bb0-9e6a-a071e3b69e1e,,1,True,b988084e-8ef4-11f1-9b18-005056b2a5de,02__MIL__VIF__CUA__90,VIFON Mì Trộn Cua Xốt Me Ly 90g,Mì Ly,Vifon,,,a38f9189-ad87-11ef-a35e-005056b28600,
b8468f8e-8ef4-11f1-9b18-005056b2a5de,02__MIL__VIF__CUA__90,Kho Kệ,Ly,Kho Kệ,22.0,,24.0,,12.0,,34.0,,526,0,7bf7c4a1-2b8c-4bb0-9e6a-a071e3b69e1e,7bf7c4a1-2b8c-4bb0-9e6a-a071e3b69e1e,2,False,b9880a80-8ef4-11f1-9b18-005056b2a5de,02__MIL__VIF__CUA__90,VIFON Mì Trộn Cua Xốt Me Ly 90g,Mì Ly,Vifon,,aca0e3b9-1e75-496e-84ff-e96c9084f53f,a38f9189-ad87-11ef-a35e-005056b28600,CÔNG TY TNHH THƯƠNG MẠI VÀ DỊCH VỤ MIRA GROUP
b8468f8e-8ef4-11f1-9b18-005056b2a5de,02__MIL__VIF__GCY__115,VIFON Mì Trộn Sốt Gà Cay Ly 115g,Ly,Tổng,8.0,,15.0,,6.0,,17.0,,527,1,d27cd293-aa2a-4884-b7ae-f022c09e4235,,1,True,b9880d45-8ef4-11f1-9b18-005056b2a5de,02__MIL__VIF__GCY__115,VIFON Mì Trộn Sốt Gà Cay Ly 115g,Mì Ly,Vifon,,,a38f9189-ad87-11ef-a35e-005056b28600,
b8468f8e-8ef4-11f1-9b18-005056b2a5de,02__MIL__VIF__GCY__115,Kho Kệ,Ly,Kho Kệ,8.0,,15.0,,6.0,,17.0,,528,0,d27cd293-aa2a-4884-b7ae-f022c09e4235,d27cd293-aa2a-4884-b7ae-f022c09e4235,2,False,b9880f12-8ef4-11f1-9b18-005056b2a5de,02__MIL__VIF__GCY__115,VIFON Mì Trộn Sốt Gà Cay Ly 115g,Mì Ly,Vifon,,aca0e3b9-1e75-496e-84ff-e96c9084f53f,a38f9189-ad87-11ef-a35e-005056b28600,CÔNG TY TNHH THƯƠNG MẠI VÀ DỊCH VỤ MIRA GROUP
b8468f8e-8ef4-11f1-9b18-005056b2a5de,02__MIL__VIF__TEX__115,VIFON MÌ Trộn Bò Texas Ly 115g,Ly,Tổng,5.0,,24.0,,7.0,,22.0,,529,1,db3d0e4f-ec37-4815-b13d-54059eff2d30,,1,True,b9881090-8ef4-11f1-9b18-005056b2a5de,02__MIL__VIF__TEX__115,VIFON MÌ Trộn Bò Texas Ly 115g,Mì Ly,Vifon,,,a38f9189-ad87-11ef-a35e-005056b28600,
b8468f8e-8ef4-11f1-9b18-005056b2a5de,02__MIL__VIF__TEX__115,Kho Kệ,Ly,Kho Kệ,5.0,,24.0,,7.0,,22.0,,530,0,db3d0e4f-ec37-4815-b13d-54059eff2d30,db3d0e4f-ec37-4815-b13d-54059eff2d30,2,False,b98811e9-8ef4-11f1-9b18-005056b2a5de,02__MIL__VIF__TEX__115,VIFON MÌ Trộn Bò Texas Ly 115g,Mì Ly,Vifon,,aca0e3b9-1e75-496e-84ff-e96c9084f53f,a38f9189-ad87-11ef-a35e-005056b28600,CÔNG TY TNHH THƯƠNG MẠI VÀ DỊCH VỤ MIRA GROUP
b8468f8e-8ef4-11f1-9b18-005056b2a5de,02__MNG__CSU__GAA__62,CHINSU Story Miến Gà Lá Chanh Gói 62g,Gói,Tổng,7.0,,0.0,,0.0,,7.0,,531,1,d235a247-ec15-4be5-9c56-1c8250349b66,,1,True,b9881365-8ef4-11f1-9b18-005056b2a5de,02__MNG__CSU__GAA__62,CHINSU Story Miến Gà Lá Chanh Gói 62g,Miến Gói,CHINSU Story,,,a38f9189-ad87-11ef-a35e-005056b28600,
b8468f8e-8ef4-11f1-9b18-005056b2a5de,02__MNG__CSU__GAA__62,Kho Kệ,Gói,Kho Kệ,7.0,,0.0,,0.0,,7.0,,532,0,d235a247-ec15-4be5-9c56-1c8250349b66,d235a247-ec15-4be5-9c56-1c8250349b66,2,False,b98814cc-8ef4-11f1-9b18-005056b2a5de,02__MNG__CSU__GAA__62,CHINSU Story Miến Gà Lá Chanh Gói 62g,Miến Gói,CHINSU Story,,aca0e3b9-1e75-496e-84ff-e96c9084f53f,a38f9189-ad87-11ef-a35e-005056b28600,CÔNG TY TNHH THƯƠNG MẠI VÀ DỊCH VỤ MIRA GROUP
b8468f8e-8ef4-11f1-9b18-005056b2a5de,02__MNG__PHG__HEO__55,ACECOOK Miến Phú Hương Sườn Heo Gói 55g,Gói,Tổng,13.0,,0.0,,1.0,,12.0,,533,1,8df27c15-ee11-48c8-ace2-3012a2289f72,,1,True,b9881642-8ef4-11f1-9b18-005056b2a5de,02__MNG__PHG__HEO__55,ACECOOK Miến Phú Hương Sườn Heo Gói 55g,Miến Gói,ACECOOK,,,a38f9189-ad87-11ef-a35e-005056b28600,
b8468f8e-8ef4-11f1-9b18-005056b2a5de,02__MNG__PHG__HEO__55,Kho Kệ,Gói,Kho Kệ,13.0,,0.0,,1.0,,12.0,,534,0,8df27c15-ee11-48c8-ace2-3012a2289f72,8df27c15-ee11-48c8-ace2-3012a2289f72,2,False,b98817a4-8ef4-11f1-9b18-005056b2a5de,02__MNG__PHG__HEO__55,ACECOOK Miến Phú Hương Sườn Heo Gói 55g,Miến Gói,ACECOOK,,aca0e3b9-1e75-496e-84ff-e96c9084f53f,a38f9189-ad87-11ef-a35e-005056b28600,CÔNG TY TNHH THƯƠNG MẠI VÀ DỊCH VỤ MIRA GROUP
b8468f8e-8ef4-11f1-9b18-005056b2a5de,02__MNG__PHG__LTT__60,ACECOOK Miến Phú Hương Lẩu Thái Tôm Gói 60g,Gói,Tổng,8.0,,24.0,,5.0,,27.0,,535,1,ecf62208-cc73-4609-8f4e-07ad723db987,,1,True,b988190d-8ef4-11f1-9b18-005056b2a5de,02__MNG__PHG__LTT__60,ACECOOK Miến Phú Hương Lẩu Thái Tôm Gói 60g,Miến Gói,ACECOOK,,,a38f9189-ad87-11ef-a35e-005056b28600,
b8468f8e-8ef4-11f1-9b18-005056b2a5de,02__MNG__PHG__LTT__60,Kho Kệ,Gói,Kho Kệ,8.0,,24.0,,5.0,,27.0,,536,0,ecf62208-cc73-4609-8f4e-07ad723db987,ecf62208-cc73-4609-8f4e-07ad723db987,2,False,b9881a6c-8ef4-11f1-9b18-005056b2a5de,02__MNG__PHG__LTT__60,ACECOOK Miến Phú Hương Lẩu Thái Tôm Gói 60g,Miến Gói,ACECOOK,,aca0e3b9-1e75-496e-84ff-e96c9084f53f,a38f9189-ad87-11ef-a35e-005056b28600,CÔNG TY TNHH THƯƠNG MẠI VÀ DỊCH VỤ MIRA GROUP
b8468f8e-8ef4-11f1-9b18-005056b2a5de,02__MNG__PHG__TBM__55,ACECOOK Miến Phú Hương Thịt Bằm Gói 55g,Gói,Tổng,19.0,,0.0,,1.0,,18.0,,537,1,e58de060-8cfa-4d86-9986-70bad66564bc,,1,True,b9881bdf-8ef4-11f1-9b18-005056b2a5de,02__MNG__PHG__TBM__55,ACECOOK Miến Phú Hương Thịt Bằm Gói 55g,Miến Gói,ACECOOK,,,a38f9189-ad87-11ef-a35e-005056b28600,
b8468f8e-8ef4-11f1-9b18-005056b2a5de,02__MNG__PHG__TBM__55,Kho Kệ,Gói,Kho Kệ,19.0,,0.0,,1.0,,18.0,,538,0,e58de060-8cfa-4d86-9986-70bad66564bc,e58de060-8cfa-4d86-9986-70bad66564bc,2,False,b9881d19-8ef4-11f1-9b18-005056b2a5de,02__MNG__PHG__TBM__55,ACECOOK Miến Phú Hương Thịt Bằm Gói 55g,Miến Gói,ACECOOK,,aca0e3b9-1e75-496e-84ff-e96c9084f53f,a38f9189-ad87-11ef-a35e-005056b28600,CÔNG TY TNHH THƯƠNG MẠI VÀ DỊCH VỤ MIRA GROUP
b8468f8e-8ef4-11f1-9b18-005056b2a5de,02__MNT__NHO__HEO__64,ACECOOK NHỚ Miến Sườn Heo Tô 64g,Tô,Tổng,8.0,,12.0,,9.0,,11.0,,539,1,a4da1000-a95b-4c02-a4a7-9e2e836468d1,,1,True,b9881e63-8ef4-11f1-9b18-005056b2a5de,02__MNT__NHO__HEO__64,ACECOOK NHỚ Miến Sườn Heo Tô 64g,Miến Tô,ACECOOK NHỚ,,,a38f9189-ad87-11ef-a35e-005056b28600,
b8468f8e-8ef4-11f1-9b18-005056b2a5de,02__MNT__NHO__HEO__64,Kho Kệ,Tô,Kho Kệ,8.0,,12.0,,9.0,,11.0,,540,0,a4da1000-a95b-4c02-a4a7-9e2e836468d1,a4da1000-a95b-4c02-a4a7-9e2e836468d1,2,False,b9881f91-8ef4-11f1-9b18-005056b2a5de,02__MNT__NHO__HEO__64,ACECOOK NHỚ Miến Sườn Heo Tô 64g,Miến Tô,ACECOOK NHỚ,,aca0e3b9-1e75-496e-84ff-e96c9084f53f,a38f9189-ad87-11ef-a35e-005056b28600,CÔNG TY TNHH THƯƠNG MẠI VÀ DỊCH VỤ MIRA GROUP
b8468f8e-8ef4-11f1-9b18-005056b2a5de,02__MTO__KOO__BBQ__105,CUNG ĐÌNH Kool Mì Tô Trộn BBQ 105g,Tô,Tổng,20.0,,12.0,,23.0,,9.0,,541,1,79290a43-da42-4903-8680-718764145f93,,1,True,b9882302-8ef4-11f1-9b18-005056b2a5de,02__MTO__KOO__BBQ__105,CUNG ĐÌNH Kool Mì Tô Trộn BBQ 105g,Mì Tô,CUNG ĐÌNH Kool,,,a38f9189-ad87-11ef-a35e-005056b28600,
b8468f8e-8ef4-11f1-9b18-005056b2a5de,02__MTO__KOO__BBQ__105,Kho Kệ,Tô,Kho Kệ,-4.0,,12.0,,23.0,,-15.0,,542,0,79290a43-da42-4903-8680-718764145f93,79290a43-da42-4903-8680-718764145f93,2,False,b988244d-8ef4-11f1-9b18-005056b2a5de,02__MTO__KOO__BBQ__105,CUNG ĐÌNH Kool Mì Tô Trộn BBQ 105g,Mì Tô,CUNG ĐÌNH Kool,,aca0e3b9-1e75-496e-84ff-e96c9084f53f,a38f9189-ad87-11ef-a35e-005056b28600,CÔNG TY TNHH THƯƠNG MẠI VÀ DỊCH VỤ MIRA GROUP
b8468f8e-8ef4-11f1-9b18-005056b2a5de,02__MTO__KOO__BBQ__105,Kho MIRA,Tô,Kho MIRA,24.0,,0.0,,0.0,,24.0,,543,0,79290a43-da42-4903-8680-718764145f93,79290a43-da42-4903-8680-718764145f93,2,False,b988258f-8ef4-11f1-9b18-005056b2a5de,02__MTO__KOO__BBQ__105,CUNG ĐÌNH Kool Mì Tô Trộn BBQ 105g,Mì Tô,CUNG ĐÌNH Kool,,485b5d06-306c-11f0-b467-005056b34af7,a38f9189-ad87-11ef-a35e-005056b28600,CÔNG TY TNHH THƯƠNG MẠI VÀ DỊCH VỤ MIRA GROUP
b8468f8e-8ef4-11f1-9b18-005056b2a5de,02__MTO__KOO__SPA__105,CUNG ĐÌNH Kool Mì Tô Trộn Spaghetti 105g,Tô,Tổng,14.0,,15.0,,20.0,,9.0,,544,1,1da573af-36a9-4bf6-a383-667890a25aae,,1,True,b98826cc-8ef4-11f1-9b18-005056b2a5de,02__MTO__KOO__SPA__105,CUNG ĐÌNH Kool Mì Tô Trộn Spaghetti 105g,Mì Tô,CUNG ĐÌNH Kool,,,a38f9189-ad87-11ef-a35e-005056b28600,
b8468f8e-8ef4-11f1-9b18-005056b2a5de,02__MTO__KOO__SPA__105,Kho Kệ,Tô,Kho Kệ,2.0,,15.0,,20.0,,-3.0,,545,0,1da573af-36a9-4bf6-a383-667890a25aae,1da573af-36a9-4bf6-a383-667890a25aae,2,False,b98827ff-8ef4-11f1-9b18-005056b2a5de,02__MTO__KOO__SPA__105,CUNG ĐÌNH Kool Mì Tô Trộn Spaghetti 105g,Mì Tô,CUNG ĐÌNH Kool,,aca0e3b9-1e75-496e-84ff-e96c9084f53f,a38f9189-ad87-11ef-a35e-005056b28600,CÔNG TY TNHH THƯƠNG MẠI VÀ DỊCH VỤ MIRA GROUP
b8468f8e-8ef4-11f1-9b18-005056b2a5de,02__MTO__KOO__SPA__105,Kho MIRA,Tô,Kho MIRA,12.0,,0.0,,0.0,,12.0,,546,0,1da573af-36a9-4bf6-a383-667890a25aae,1da573af-36a9-4bf6-a383-667890a25aae,2,False,b988294e-8ef4-11f1-9b18-005056b2a5de,02__MTO__KOO__SPA__105,CUNG ĐÌNH Kool Mì Tô Trộn Spaghetti 105g,Mì Tô,CUNG ĐÌNH Kool,,485b5d06-306c-11f0-b467-005056b34af7,a38f9189-ad87-11ef-a35e-005056b28600,CÔNG TY TNHH THƯƠNG MẠI VÀ DỊCH VỤ MIRA GROUP
b8468f8e-8ef4-11f1-9b18-005056b2a5de,02__MTO__KOO__TCC__85,CUNG ĐÌNH Mì Tô Lẩu Tôm Chua Cay 85g,Tô,Tổng,9.0,,0.0,,7.0,,2.0,,547,1,6724d324-5a00-4732-a210-625358dd2df0,,1,True,b9882a77-8ef4-11f1-9b18-005056b2a5de,02__MTO__KOO__TCC__85,CUNG ĐÌNH Mì Tô Lẩu Tôm Chua Cay 85g,Mì Tô,CUNG ĐÌNH Kool,,,a38f9189-ad87-11ef-a35e-005056b28600,
b8468f8e-8ef4-11f1-9b18-005056b2a5de,02__MTO__KOO__TCC__85,Kho Kệ,Tô,Kho Kệ,-15.0,,0.0,,7.0,,-22.0,,548,0,6724d324-5a00-4732-a210-625358dd2df0,6724d324-5a00-4732-a210-625358dd2df0,2,False,b9882bba-8ef4-11f1-9b18-005056b2a5de,02__MTO__KOO__TCC__85,CUNG ĐÌNH Mì Tô Lẩu Tôm Chua Cay 85g,Mì Tô,CUNG ĐÌNH Kool,,aca0e3b9-1e75-496e-84ff-e96c9084f53f,a38f9189-ad87-11ef-a35e-005056b28600,CÔNG TY TNHH THƯƠNG MẠI VÀ DỊCH VỤ MIRA GROUP
b8468f8e-8ef4-11f1-9b18-005056b2a5de,02__MTO__KOO__TCC__85,Kho MIRA,Tô,Kho MIRA,24.0,,0.0,,0.0,,24.0,,549,0,6724d324-5a00-4732-a210-625358dd2df0,6724d324-5a00-4732-a210-625358dd2df0,2,False,b9882cf1-8ef4-11f1-9b18-005056b2a5de,02__MTO__KOO__TCC__85,CUNG ĐÌNH Mì Tô Lẩu Tôm Chua Cay 85g,Mì Tô,CUNG ĐÌNH Kool,,485b5d06-306c-11f0-b467-005056b34af7,a38f9189-ad87-11ef-a35e-005056b28600,CÔNG TY TNHH THƯƠNG MẠI VÀ DỊCH VỤ MIRA GROUP
b8468f8e-8ef4-11f1-9b18-005056b2a5de,02__MTO__NHO__LTT__84,ACECOOK NHỚ Mì Lẩu Thái Tô 84g,Tô,Tổng,23.0,,48.0,,39.0,,32.0,,550,1,fe91d7ff-38f3-43c3-bd7e-31e6b72c5a17,,1,True,b9882e2d-8ef4-11f1-9b18-005056b2a5de,02__MTO__NHO__LTT__84,ACECOOK NHỚ Mì Lẩu Thái Tô 84g,Mì Tô,ACECOOK NHỚ,,,a38f9189-ad87-11ef-a35e-005056b28600,
b8468f8e-8ef4-11f1-9b18-005056b2a5de,02__MTO__NHO__LTT__84,Kho Kệ,Tô,Kho Kệ,-13.0,,48.0,,39.0,,-4.0,,551,0,fe91d7ff-38f3-43c3-bd7e-31e6b72c5a17,fe91d7ff-38f3-43c3-bd7e-31e6b72c5a17,2,False,b9883182-8ef4-11f1-9b18-005056b2a5de,02__MTO__NHO__LTT__84,ACECOOK NHỚ Mì Lẩu Thái Tô 84g,Mì Tô,ACECOOK NHỚ,,aca0e3b9-1e75-496e-84ff-e96c9084f53f,a38f9189-ad87-11ef-a35e-005056b28600,CÔNG TY TNHH THƯƠNG MẠI VÀ DỊCH VỤ MIRA GROUP
b8468f8e-8ef4-11f1-9b18-005056b2a5de,02__MTO__NHO__LTT__84,Kho MIRA,Tô,Kho MIRA,36.0,,0.0,,0.0,,36.0,,552,0,fe91d7ff-38f3-43c3-bd7e-31e6b72c5a17,fe91d7ff-38f3-43c3-bd7e-31e6b72c5a17,2,False,b9883340-8ef4-11f1-9b18-005056b2a5de,02__MTO__NHO__LTT__84,ACECOOK NHỚ Mì Lẩu Thái Tô 84g,Mì Tô,ACECOOK NHỚ,,485b5d06-306c-11f0-b467-005056b34af7,a38f9189-ad87-11ef-a35e-005056b28600,CÔNG TY TNHH THƯƠNG MẠI VÀ DỊCH VỤ MIRA GROUP
b8468f8e-8ef4-11f1-9b18-005056b2a5de,02__MTO__NSM__CHI__100,NONGSHIM Mì Tô Spicy Chicken Flavour 100g,Tô,Tổng,12.0,,24.0,,17.0,,19.0,,553,1,9546c28c-14ae-4f00-94e1-05fef41678d3,,1,True,b9883654-8ef4-11f1-9b18-005056b2a5de,02__MTO__NSM__CHI__100,NONGSHIM Mì Tô Spicy Chicken Flavour 100g,Mì Tô,Nongshim,,,a38f9189-ad87-11ef-a35e-005056b28600,
b8468f8e-8ef4-11f1-9b18-005056b2a5de,02__MTO__NSM__CHI__100,Kho Kệ,Tô,Kho Kệ,12.0,,24.0,,17.0,,19.0,,554,0,9546c28c-14ae-4f00-94e1-05fef41678d3,9546c28c-14ae-4f00-94e1-05fef41678d3,2,False,b988383f-8ef4-11f1-9b18-005056b2a5de,02__MTO__NSM__CHI__100,NONGSHIM Mì Tô Spicy Chicken Flavour 100g,Mì Tô,Nongshim,,aca0e3b9-1e75-496e-84ff-e96c9084f53f,a38f9189-ad87-11ef-a35e-005056b28600,CÔNG TY TNHH THƯƠNG MẠI VÀ DỊCH VỤ MIRA GROUP
b8468f8e-8ef4-11f1-9b18-005056b2a5de,02__MTO__NSM__HOT__100,NONGSHIM Mì Tô Hot & Spicy 100g,Tô,Tổng,21.0,,12.0,,19.0,,14.0,,555,1,cf96d0d8-04ee-4a6b-b31b-b45de24a9caf,,1,True,b98839ef-8ef4-11f1-9b18-005056b2a5de,02__MTO__NSM__HOT__100,NONGSHIM Mì Tô Hot & Spicy 100g,Mì Tô,Nongshim,,,a38f9189-ad87-11ef-a35e-005056b28600,
b8468f8e-8ef4-11f1-9b18-005056b2a5de,02__MTO__NSM__HOT__100,Kho Kệ,Tô,Kho Kệ,21.0,,12.0,,19.0,,14.0,,556,0,cf96d0d8-04ee-4a6b-b31b-b45de24a9caf,cf96d0d8-04ee-4a6b-b31b-b45de24a9caf,2,False,b9883b5b-8ef4-11f1-9b18-005056b2a5de,02__MTO__NSM__HOT__100,NONGSHIM Mì Tô Hot & Spicy 100g,Mì Tô,Nongshim,,aca0e3b9-1e75-496e-84ff-e96c9084f53f,a38f9189-ad87-11ef-a35e-005056b28600,CÔNG TY TNHH THƯƠNG MẠI VÀ DỊCH VỤ MIRA GROUP
b8468f8e-8ef4-11f1-9b18-005056b2a5de,02__MTO__NSM__MDO__114,NONGSHIM Mì Tô Shin 114g,Tô,Tổng,0.0,,32.0,,28.0,,4.0,,557,1,3dbc9a33-7978-4b42-8117-87153c81692e,,1,True,b9883ccf-8ef4-11f1-9b18-005056b2a5de,02__MTO__NSM__MDO__114,NONGSHIM Mì Tô Shin 114g,Mì Tô,Nongshim,,,a38f9189-ad87-11ef-a35e-005056b28600,
b8468f8e-8ef4-11f1-9b18-005056b2a5de,02__MTO__NSM__MDO__114,Kho Kệ,Tô,Kho Kệ,0.0,,32.0,,28.0,,4.0,,558,0,3dbc9a33-7978-4b42-8117-87153c81692e,3dbc9a33-7978-4b42-8117-87153c81692e,2,False,b9883e40-8ef4-11f1-9b18-005056b2a5de,02__MTO__NSM__MDO__114,NONGSHIM Mì Tô Shin 114g,Mì Tô,Nongshim,,aca0e3b9-1e75-496e-84ff-e96c9084f53f,a38f9189-ad87-11ef-a35e-005056b28600,CÔNG TY TNHH THƯƠNG MẠI VÀ DỊCH VỤ MIRA GROUP
b8468f8e-8ef4-11f1-9b18-005056b2a5de,02__MTO__OMA__BBC__105,OMACHI Mì Tô Trộn Xốt Spaghetti Bò Bằm Cà Chua 105g*12,Tô,Tổng,13.0,,72.0,,62.0,,23.0,,559,1,2bd4d1d5-1aa8-44cb-9181-a5b75f7c2b6d,,1,True,b988410c-8ef4-11f1-9b18-005056b2a5de,02__MTO__OMA__BBC__105,OMACHI Mì Tô Trộn Xốt Spaghetti Bò Bằm Cà Chua 105g*12,Mì Tô,OMACHI,,,a38f9189-ad87-11ef-a35e-005056b28600,
b8468f8e-8ef4-11f1-9b18-005056b2a5de,02__MTO__OMA__BBC__105,Kho Kệ,Tô,Kho Kệ,-23.0,,48.0,,62.0,,-37.0,,560,0,2bd4d1d5-1aa8-44cb-9181-a5b75f7c2b6d,2bd4d1d5-1aa8-44cb-9181-a5b75f7c2b6d,2,False,b988427d-8ef4-11f1-9b18-005056b2a5de,02__MTO__OMA__BBC__105,OMACHI Mì Tô Trộn Xốt Spaghetti Bò Bằm Cà Chua 105g*12,Mì Tô,OMACHI,,aca0e3b9-1e75-496e-84ff-e96c9084f53f,a38f9189-ad87-11ef-a35e-005056b28600,CÔNG TY TNHH THƯƠNG MẠI VÀ DỊCH VỤ MIRA GROUP
b8468f8e-8ef4-11f1-9b18-005056b2a5de,02__MTO__OMA__BBC__105,Kho MIRA,Tô,Kho MIRA,36.0,,24.0,,0.0,,60.0,,561,0,2bd4d1d5-1aa8-44cb-9181-a5b75f7c2b6d,2bd4d1d5-1aa8-44cb-9181-a5b75f7c2b6d,2,False,b98843ee-8ef4-11f1-9b18-005056b2a5de,02__MTO__OMA__BBC__105,OMACHI Mì Tô Trộn Xốt Spaghetti Bò Bằm Cà Chua 105g*12,Mì Tô,OMACHI,,485b5d06-306c-11f0-b467-005056b34af7,a38f9189-ad87-11ef-a35e-005056b28600,CÔNG TY TNHH THƯƠNG MẠI VÀ DỊCH VỤ MIRA GROUP
b8468f8e-8ef4-11f1-9b18-005056b2a5de,02__MTO__OMA__BHA__96,OMACHI Mì Tô Xốt Bò Hầm 96g*18,Tô,Tổng,28.0,,54.0,,64.0,,18.0,,562,1,65dd8472-a543-4f74-bc90-c8a3709a7b4d,,1,True,b9884560-8ef4-11f1-9b18-005056b2a5de,02__MTO__OMA__BHA__96,OMACHI Mì Tô Xốt Bò Hầm 96g*18,Mì Tô,OMACHI,,,a38f9189-ad87-11ef-a35e-005056b28600,
b8468f8e-8ef4-11f1-9b18-005056b2a5de,02__MTO__OMA__BHA__96,Kho Kệ,Tô,Kho Kệ,-8.0,,36.0,,64.0,,-36.0,,563,0,65dd8472-a543-4f74-bc90-c8a3709a7b4d,65dd8472-a543-4f74-bc90-c8a3709a7b4d,2,False,b98846d1-8ef4-11f1-9b18-005056b2a5de,02__MTO__OMA__BHA__96,OMACHI Mì Tô Xốt Bò Hầm 96g*18,Mì Tô,OMACHI,,aca0e3b9-1e75-496e-84ff-e96c9084f53f,a38f9189-ad87-11ef-a35e-005056b28600,CÔNG TY TNHH THƯƠNG MẠI VÀ DỊCH VỤ MIRA GROUP
b8468f8e-8ef4-11f1-9b18-005056b2a5de,02__MTO__OMA__BHA__96,Kho MIRA,Tô,Kho MIRA,36.0,,18.0,,0.0,,54.0,,564,0,65dd8472-a543-4f74-bc90-c8a3709a7b4d,65dd8472-a543-4f74-bc90-c8a3709a7b4d,2,False,b9884830-8ef4-11f1-9b18-005056b2a5de,02__MTO__OMA__BHA__96,OMACHI Mì Tô Xốt Bò Hầm 96g*18,Mì Tô,OMACHI,,485b5d06-306c-11f0-b467-005056b34af7,a38f9189-ad87-11ef-a35e-005056b28600,CÔNG TY TNHH THƯƠNG MẠI VÀ DỊCH VỤ MIRA GROUP
b8468f8e-8ef4-11f1-9b18-005056b2a5de,02__MTO__OMA__CXO__96,OMACHI Mì Tô Cua Xốt Ớt 96g*12,Tô,Tổng,15.0,,72.0,,56.0,,31.0,,565,1,55b82c71-a97a-4346-883a-36141227ba69,,1,True,b988499d-8ef4-11f1-9b18-005056b2a5de,02__MTO__OMA__CXO__96,OMACHI Mì Tô Cua Xốt Ớt 96g*12,Mì Tô,OMACHI,,,a38f9189-ad87-11ef-a35e-005056b28600,
b8468f8e-8ef4-11f1-9b18-005056b2a5de,02__MTO__OMA__CXO__96,Kho Kệ,Tô,Kho Kệ,-21.0,,48.0,,56.0,,-29.0,,566,0,55b82c71-a97a-4346-883a-36141227ba69,55b82c71-a97a-4346-883a-36141227ba69,2,False,b9884af2-8ef4-11f1-9b18-005056b2a5de,02__MTO__OMA__CXO__96,OMACHI Mì Tô Cua Xốt Ớt 96g*12,Mì Tô,OMACHI,,aca0e3b9-1e75-496e-84ff-e96c9084f53f,a38f9189-ad87-11ef-a35e-005056b28600,CÔNG TY TNHH THƯƠNG MẠI VÀ DỊCH VỤ MIRA GROUP
b8468f8e-8ef4-11f1-9b18-005056b2a5de,02__MTO__OMA__CXO__96,Kho MIRA,Tô,Kho MIRA,36.0,,24.0,,0.0,,60.0,,567,0,55b82c71-a97a-4346-883a-36141227ba69,55b82c71-a97a-4346-883a-36141227ba69,2,False,b9884c5d-8ef4-11f1-9b18-005056b2a5de,02__MTO__OMA__CXO__96,OMACHI Mì Tô Cua Xốt Ớt 96g*12,Mì Tô,OMACHI,,485b5d06-306c-11f0-b467-005056b34af7,a38f9189-ad87-11ef-a35e-005056b28600,CÔNG TY TNHH THƯƠNG MẠI VÀ DỊCH VỤ MIRA GROUP
b8468f8e-8ef4-11f1-9b18-005056b2a5de,02__MTO__OMA__PMI__105,OMACHI Mì Tô Trộn Tôm Phô Mai Trứng Muối 105g*12,Tô,Tổng,23.0,,36.0,,33.0,,26.0,,568,1,0546d881-7e2c-4b4f-be9f-011ab40e40a6,,1,True,b9884dcf-8ef4-11f1-9b18-005056b2a5de,02__MTO__OMA__PMI__105,OMACHI Mì Tô Trộn Tôm Phô Mai Trứng Muối 105g*12,Mì Tô,OMACHI,,,a38f9189-ad87-11ef-a35e-005056b28600,
b8468f8e-8ef4-11f1-9b18-005056b2a5de,02__MTO__OMA__PMI__105,Kho Kệ,Tô,Kho Kệ,-1.0,,24.0,,33.0,,-10.0,,569,0,0546d881-7e2c-4b4f-be9f-011ab40e40a6,0546d881-7e2c-4b4f-be9f-011ab40e40a6,2,False,b9884f35-8ef4-11f1-9b18-005056b2a5de,02__MTO__OMA__PMI__105,OMACHI Mì Tô Trộn Tôm Phô Mai Trứng Muối 105g*12,Mì Tô,OMACHI,,aca0e3b9-1e75-496e-84ff-e96c9084f53f,a38f9189-ad87-11ef-a35e-005056b28600,CÔNG TY TNHH THƯƠNG MẠI VÀ DỊCH VỤ MIRA GROUP
b8468f8e-8ef4-11f1-9b18-005056b2a5de,02__MTO__OMA__PMI__105,Kho MIRA,Tô,Kho MIRA,24.0,,12.0,,0.0,,36.0,,570,0,0546d881-7e2c-4b4f-be9f-011ab40e40a6,0546d881-7e2c-4b4f-be9f-011ab40e40a6,2,False,b98850ad-8ef4-11f1-9b18-005056b2a5de,02__MTO__OMA__PMI__105,OMACHI Mì Tô Trộn Tôm Phô Mai Trứng Muối 105g*12,Mì Tô,OMACHI,,485b5d06-306c-11f0-b467-005056b34af7,a38f9189-ad87-11ef-a35e-005056b28600,CÔNG TY TNHH THƯƠNG MẠI VÀ DỊCH VỤ MIRA GROUP
b8468f8e-8ef4-11f1-9b18-005056b2a5de,02__MTO__OMA__S5Q__96,OMACHI Mì Tô Sườn Hầm Ngủ Quả 96g*18,Tô,Tổng,28.0,,54.0,,48.0,,34.0,,571,1,0b80cf75-7ac3-44b2-b26e-47274f718597,,1,True,b988521f-8ef4-11f1-9b18-005056b2a5de,02__MTO__OMA__S5Q__96,OMACHI Mì Tô Sườn Hầm Ngủ Quả 96g*18,Mì Tô,OMACHI,,,a38f9189-ad87-11ef-a35e-005056b28600,
b8468f8e-8ef4-11f1-9b18-005056b2a5de,02__MTO__OMA__S5Q__96,Kho Kệ,Tô,Kho Kệ,-26.0,,54.0,,48.0,,-20.0,,572,0,0b80cf75-7ac3-44b2-b26e-47274f718597,0b80cf75-7ac3-44b2-b26e-47274f718597,2,False,b988538d-8ef4-11f1-9b18-005056b2a5de,02__MTO__OMA__S5Q__96,OMACHI Mì Tô Sườn Hầm Ngủ Quả 96g*18,Mì Tô,OMACHI,,aca0e3b9-1e75-496e-84ff-e96c9084f53f,a38f9189-ad87-11ef-a35e-005056b28600,CÔNG TY TNHH THƯƠNG MẠI VÀ DỊCH VỤ MIRA GROUP
b8468f8e-8ef4-11f1-9b18-005056b2a5de,02__MTO__OMA__S5Q__96,Kho MIRA,Tô,Kho MIRA,54.0,,0.0,,0.0,,54.0,,573,0,0b80cf75-7ac3-44b2-b26e-47274f718597,0b80cf75-7ac3-44b2-b26e-47274f718597,2,False,b988550d-8ef4-11f1-9b18-005056b2a5de,02__MTO__OMA__S5Q__96,OMACHI Mì Tô Sườn Hầm Ngủ Quả 96g*18,Mì Tô,OMACHI,,485b5d06-306c-11f0-b467-005056b34af7,a38f9189-ad87-11ef-a35e-005056b28600,CÔNG TY TNHH THƯƠNG MẠI VÀ DỊCH VỤ MIRA GROUP
b8468f8e-8ef4-11f1-9b18-005056b2a5de,02__MTO__OMA__TXN__104,OMACHI Mì Tô Trộn Thịt Xiên Nướng 104g*12,Tô,Tổng,19.0,,48.0,,41.0,,26.0,,574,1,c6f6a37f-07d1-42d7-98a6-18e54319d073,,1,True,b9885685-8ef4-11f1-9b18-005056b2a5de,02__MTO__OMA__TXN__104,OMACHI Mì Tô Trộn Thịt Xiên Nướng 104g*12,Mì Tô,OMACHI,,,a38f9189-ad87-11ef-a35e-005056b28600,
b8468f8e-8ef4-11f1-9b18-005056b2a5de,02__MTO__OMA__TXN__104,Kho Kệ,Tô,Kho Kệ,-17.0,,24.0,,41.0,,-34.0,,575,0,c6f6a37f-07d1-42d7-98a6-18e54319d073,c6f6a37f-07d1-42d7-98a6-18e54319d073,2,False,b98857f8-8ef4-11f1-9b18-005056b2a5de,02__MTO__OMA__TXN__104,OMACHI Mì Tô Trộn Thịt Xiên Nướng 104g*12,Mì Tô,OMACHI,,aca0e3b9-1e75-496e-84ff-e96c9084f53f,a38f9189-ad87-11ef-a35e-005056b28600,CÔNG TY TNHH THƯƠNG MẠI VÀ DỊCH VỤ MIRA GROUP
b8468f8e-8ef4-11f1-9b18-005056b2a5de,02__MTO__OMA__TXN__104,Kho MIRA,Tô,Kho MIRA,36.0,,24.0,,0.0,,60.0,,576,0,c6f6a37f-07d1-42d7-98a6-18e54319d073,c6f6a37f-07d1-42d7-98a6-18e54319d073,2,False,b988597a-8ef4-11f1-9b18-005056b2a5de,02__MTO__OMA__TXN__104,OMACHI Mì Tô Trộn Thịt Xiên Nướng 104g*12,Mì Tô,OMACHI,,485b5d06-306c-11f0-b467-005056b34af7,a38f9189-ad87-11ef-a35e-005056b28600,CÔNG TY TNHH THƯƠNG MẠI VÀ DỊCH VỤ MIRA GROUP
b8468f8e-8ef4-11f1-9b18-005056b2a5de,02__MTO__OTO__DEN__115,OTOKI MÌ Tô Xốt Tương Đen 115g,Tô,Tổng,34.0,,0.0,,15.0,,19.0,,577,1,a406169e-88d0-4f1d-be17-c8b2df609db4,,1,True,b9885b1f-8ef4-11f1-9b18-005056b2a5de,02__MTO__OTO__DEN__115,OTOKI MÌ Tô Xốt Tương Đen 115g,Mì Tô,Otoki,,,a38f9189-ad87-11ef-a35e-005056b28600,
b8468f8e-8ef4-11f1-9b18-005056b2a5de,02__MTO__OTO__DEN__115,Kho Kệ,Tô,Kho Kệ,22.0,,0.0,,15.0,,7.0,,578,0,a406169e-88d0-4f1d-be17-c8b2df609db4,a406169e-88d0-4f1d-be17-c8b2df609db4,2,False,b9885d8a-8ef4-11f1-9b18-005056b2a5de,02__MTO__OTO__DEN__115,OTOKI MÌ Tô Xốt Tương Đen 115g,Mì Tô,Otoki,,aca0e3b9-1e75-496e-84ff-e96c9084f53f,a38f9189-ad87-11ef-a35e-005056b28600,CÔNG TY TNHH THƯƠNG MẠI VÀ DỊCH VỤ MIRA GROUP
b8468f8e-8ef4-11f1-9b18-005056b2a5de,02__MTO__OTO__DEN__115,Kho MIRA,Tô,Kho MIRA,12.0,,0.0,,0.0,,12.0,,579,0,a406169e-88d0-4f1d-be17-c8b2df609db4,a406169e-88d0-4f1d-be17-c8b2df609db4,2,False,b9885f2f-8ef4-11f1-9b18-005056b2a5de,02__MTO__OTO__DEN__115,OTOKI MÌ Tô Xốt Tương Đen 115g,Mì Tô,Otoki,,485b5d06-306c-11f0-b467-005056b34af7,a38f9189-ad87-11ef-a35e-005056b28600,CÔNG TY TNHH THƯƠNG MẠI VÀ DỊCH VỤ MIRA GROUP
b8468f8e-8ef4-11f1-9b18-005056b2a5de,02__MTO__OTO__KCI__105,OTOKI Mì Tô Kim Chi 105g,Tô,Tổng,16.0,,0.0,,13.0,,3.0,,580,1,3760a865-2ad0-42d1-972d-8f854608ed16,,1,True,b98860a6-8ef4-11f1-9b18-005056b2a5de,02__MTO__OTO__KCI__105,OTOKI Mì Tô Kim Chi 105g,Mì Tô,Otoki,,,a38f9189-ad87-11ef-a35e-005056b28600,
b8468f8e-8ef4-11f1-9b18-005056b2a5de,02__MTO__OTO__KCI__105,Kho Kệ,Tô,Kho Kệ,4.0,,0.0,,13.0,,-9.0,,581,0,3760a865-2ad0-42d1-972d-8f854608ed16,3760a865-2ad0-42d1-972d-8f854608ed16,2,False,b988621f-8ef4-11f1-9b18-005056b2a5de,02__MTO__OTO__KCI__105,OTOKI Mì Tô Kim Chi 105g,Mì Tô,Otoki,,aca0e3b9-1e75-496e-84ff-e96c9084f53f,a38f9189-ad87-11ef-a35e-005056b28600,CÔNG TY TNHH THƯƠNG MẠI VÀ DỊCH VỤ MIRA GROUP
b8468f8e-8ef4-11f1-9b18-005056b2a5de,02__MTO__OTO__KCI__105,Kho MIRA,Tô,Kho MIRA,12.0,,0.0,,0.0,,12.0,,582,0,3760a865-2ad0-42d1-972d-8f854608ed16,3760a865-2ad0-42d1-972d-8f854608ed16,2,False,b98863a0-8ef4-11f1-9b18-005056b2a5de,02__MTO__OTO__KCI__105,OTOKI Mì Tô Kim Chi 105g,Mì Tô,Otoki,,485b5d06-306c-11f0-b467-005056b34af7,a38f9189-ad87-11ef-a35e-005056b28600,CÔNG TY TNHH THƯƠNG MẠI VÀ DỊCH VỤ MIRA GROUP
b8468f8e-8ef4-11f1-9b18-005056b2a5de,02__MTO__OTT__JIN__110,OTTOGI Mì Tô Jin Cay 110g,Ly,Tổng,3.0,,0.0,,0.0,,3.0,,583,1,dd834afb-ad00-4fac-b577-d7eae2266668,,1,True,b9886527-8ef4-11f1-9b18-005056b2a5de,02__MTO__OTT__JIN__110,OTTOGI Mì Tô Jin Cay 110g,Mì Tô,Ottogi,,,a38f9189-ad87-11ef-a35e-005056b28600,
b8468f8e-8ef4-11f1-9b18-005056b2a5de,02__MTO__OTT__JIN__110,Kho Kệ,Ly,Kho Kệ,3.0,,0.0,,0.0,,3.0,,584,0,dd834afb-ad00-4fac-b577-d7eae2266668,dd834afb-ad00-4fac-b577-d7eae2266668,2,False,b98866a0-8ef4-11f1-9b18-005056b2a5de,02__MTO__OTT__JIN__110,OTTOGI Mì Tô Jin Cay 110g,Mì Tô,Ottogi,,aca0e3b9-1e75-496e-84ff-e96c9084f53f,a38f9189-ad87-11ef-a35e-005056b28600,CÔNG TY TNHH THƯƠNG MẠI VÀ DỊCH VỤ MIRA GROUP
b8468f8e-8ef4-11f1-9b18-005056b2a5de,02__MTO__SKY__HSN__96,ACECOOK SiuKay Mì Trộn Hải Sản Tô 96g,Tô,Tổng,18.0,,48.0,,44.0,,22.0,,585,1,fe644aa9-20dc-4bc4-880f-99f2d7a213ef,,1,True,b9886828-8ef4-11f1-9b18-005056b2a5de,02__MTO__SKY__HSN__96,ACECOOK SiuKay Mì Trộn Hải Sản Tô 96g,Mì Tô,ACECOOK SiuKay,,,a38f9189-ad87-11ef-a35e-005056b28600,
b8468f8e-8ef4-11f1-9b18-005056b2a5de,02__MTO__SKY__HSN__96,Kho Kệ,Tô,Kho Kệ,-41.0,,12.0,,44.0,,-73.0,,586,0,fe644aa9-20dc-4bc4-880f-99f2d7a213ef,fe644aa9-20dc-4bc4-880f-99f2d7a213ef,2,False,b988699f-8ef4-11f1-9b18-005056b2a5de,02__MTO__SKY__HSN__96,ACECOOK SiuKay Mì Trộn Hải Sản Tô 96g,Mì Tô,ACECOOK SiuKay,,aca0e3b9-1e75-496e-84ff-e96c9084f53f,a38f9189-ad87-11ef-a35e-005056b28600,CÔNG TY TNHH THƯƠNG MẠI VÀ DỊCH VỤ MIRA GROUP
b8468f8e-8ef4-11f1-9b18-005056b2a5de,02__MTO__SKY__HSN__96,Kho MIRA,Tô,Kho MIRA,59.0,,36.0,,0.0,,95.0,,587,0,fe644aa9-20dc-4bc4-880f-99f2d7a213ef,fe644aa9-20dc-4bc4-880f-99f2d7a213ef,2,False,b9886b2e-8ef4-11f1-9b18-005056b2a5de,02__MTO__SKY__HSN__96,ACECOOK SiuKay Mì Trộn Hải Sản Tô 96g,Mì Tô,ACECOOK SiuKay,,485b5d06-306c-11f0-b467-005056b34af7,a38f9189-ad87-11ef-a35e-005056b28600,CÔNG TY TNHH THƯƠNG MẠI VÀ DỊCH VỤ MIRA GROUP
b8468f8e-8ef4-11f1-9b18-005056b2a5de,02__MTO__YEU__CAY__105,OTOKI Mì Tô YEUL Cay 105g,Tô,Tổng,29.0,,0.0,,20.0,,9.0,,588,1,c03b38c0-554f-46bc-965b-0b886eb5a59c,,1,True,b9886cb3-8ef4-11f1-9b18-005056b2a5de,02__MTO__YEU__CAY__105,OTOKI Mì Tô YEUL Cay 105g,Mì Tô,Otoki,,,a38f9189-ad87-11ef-a35e-005056b28600,
b8468f8e-8ef4-11f1-9b18-005056b2a5de,02__MTO__YEU__CAY__105,Kho Kệ,Tô,Kho Kệ,5.0,,0.0,,20.0,,-15.0,,589,0,c03b38c0-554f-46bc-965b-0b886eb5a59c,c03b38c0-554f-46bc-965b-0b886eb5a59c,2,False,b9886ecf-8ef4-11f1-9b18-005056b2a5de,02__MTO__YEU__CAY__105,OTOKI Mì Tô YEUL Cay 105g,Mì Tô,Otoki,,aca0e3b9-1e75-496e-84ff-e96c9084f53f,a38f9189-ad87-11ef-a35e-005056b28600,CÔNG TY TNHH THƯƠNG MẠI VÀ DỊCH VỤ MIRA GROUP
b8468f8e-8ef4-11f1-9b18-005056b2a5de,02__MTO__YEU__CAY__105,Kho MIRA,Tô,Kho MIRA,24.0,,0.0,,0.0,,24.0,,590,0,c03b38c0-554f-46bc-965b-0b886eb5a59c,c03b38c0-554f-46bc-965b-0b886eb5a59c,2,False,b9887048-8ef4-11f1-9b18-005056b2a5de,02__MTO__YEU__CAY__105,OTOKI Mì Tô YEUL Cay 105g,Mì Tô,Otoki,,485b5d06-306c-11f0-b467-005056b34af7,a38f9189-ad87-11ef-a35e-005056b28600,CÔNG TY TNHH THƯƠNG MẠI VÀ DỊCH VỤ MIRA GROUP
b8468f8e-8ef4-11f1-9b18-005056b2a5de,02__PGI__DNT__BOO__68,ACECOOK Đệ Nhất Phở Bò Gói 68g,Gói,Tổng,15.0,,0.0,,15.0,,0.0,,591,1,f0eabe94-3ef8-40a5-b88c-6ce49330e6e7,,1,True,b98871b2-8ef4-11f1-9b18-005056b2a5de,02__PGI__DNT__BOO__68,ACECOOK Đệ Nhất Phở Bò Gói 68g,Phở Gói,ACECOOK Đệ Nhất,,,a38f9189-ad87-11ef-a35e-005056b28600,
b8468f8e-8ef4-11f1-9b18-005056b2a5de,02__PGI__DNT__BOO__68,Kho Kệ,Gói,Kho Kệ,15.0,,0.0,,15.0,,0.0,,592,0,f0eabe94-3ef8-40a5-b88c-6ce49330e6e7,f0eabe94-3ef8-40a5-b88c-6ce49330e6e7,2,False,b9887319-8ef4-11f1-9b18-005056b2a5de,02__PGI__DNT__BOO__68,ACECOOK Đệ Nhất Phở Bò Gói 68g,Phở Gói,ACECOOK Đệ Nhất,,aca0e3b9-1e75-496e-84ff-e96c9084f53f,a38f9189-ad87-11ef-a35e-005056b28600,CÔNG TY TNHH THƯƠNG MẠI VÀ DỊCH VỤ MIRA GROUP
b8468f8e-8ef4-11f1-9b18-005056b2a5de,02__PGI__DNT__GAA__67,ACECOOK Đệ Nhất Phở Gà Gói 67g,Gói,Tổng,6.0,,0.0,,6.0,,0.0,,593,1,bf002d93-ee21-4b61-9d89-bc4816898557,,1,True,b98875b3-8ef4-11f1-9b18-005056b2a5de,02__PGI__DNT__GAA__67,ACECOOK Đệ Nhất Phở Gà Gói 67g,Phở Gói,ACECOOK Đệ Nhất,,,a38f9189-ad87-11ef-a35e-005056b28600,
b8468f8e-8ef4-11f1-9b18-005056b2a5de,02__PGI__DNT__GAA__67,Kho Kệ,Gói,Kho Kệ,6.0,,0.0,,6.0,,0.0,,594,0,bf002d93-ee21-4b61-9d89-bc4816898557,bf002d93-ee21-4b61-9d89-bc4816898557,2,False,b988772a-8ef4-11f1-9b18-005056b2a5de,02__PGI__DNT__GAA__67,ACECOOK Đệ Nhất Phở Gà Gói 67g,Phở Gói,ACECOOK Đệ Nhất,,aca0e3b9-1e75-496e-84ff-e96c9084f53f,a38f9189-ad87-11ef-a35e-005056b28600,CÔNG TY TNHH THƯƠNG MẠI VÀ DỊCH VỤ MIRA GROUP
b8468f8e-8ef4-11f1-9b18-005056b2a5de,02__PTO__NHO__BOO__74,ACECOOK NHỚ Phở Bò Tô 74g,Tô,Tổng,23.0,,0.0,,16.0,,7.0,,595,1,d1416c37-3795-4c61-9ba3-f0eef13489bf,,1,True,b98878e1-8ef4-11f1-9b18-005056b2a5de,02__PTO__NHO__BOO__74,ACECOOK NHỚ Phở Bò Tô 74g,Phở Tô,ACECOOK NHỚ,,,a38f9189-ad87-11ef-a35e-005056b28600,
b8468f8e-8ef4-11f1-9b18-005056b2a5de,02__PTO__NHO__BOO__74,Kho Kệ,Tô,Kho Kệ,-1.0,,0.0,,16.0,,-17.0,,596,0,d1416c37-3795-4c61-9ba3-f0eef13489bf,d1416c37-3795-4c61-9ba3-f0eef13489bf,2,False,b9887a68-8ef4-11f1-9b18-005056b2a5de,02__PTO__NHO__BOO__74,ACECOOK NHỚ Phở Bò Tô 74g,Phở Tô,ACECOOK NHỚ,,aca0e3b9-1e75-496e-84ff-e96c9084f53f,a38f9189-ad87-11ef-a35e-005056b28600,CÔNG TY TNHH THƯƠNG MẠI VÀ DỊCH VỤ MIRA GROUP
b8468f8e-8ef4-11f1-9b18-005056b2a5de,02__PTO__NHO__BOO__74,Kho MIRA,Tô,Kho MIRA,24.0,,0.0,,0.0,,24.0,,597,0,d1416c37-3795-4c61-9ba3-f0eef13489bf,d1416c37-3795-4c61-9ba3-f0eef13489bf,2,False,b9887bf6-8ef4-11f1-9b18-005056b2a5de,02__PTO__NHO__BOO__74,ACECOOK NHỚ Phở Bò Tô 74g,Phở Tô,ACECOOK NHỚ,,485b5d06-306c-11f0-b467-005056b34af7,a38f9189-ad87-11ef-a35e-005056b28600,CÔNG TY TNHH THƯƠNG MẠI VÀ DỊCH VỤ MIRA GROUP
b8468f8e-8ef4-11f1-9b18-005056b2a5de,02__TOL__OFO__PMI__105,OFOOD Tokpokki Hàn Quốc Vị Phô Mai Ly 105g,Hộp,Tổng,18.0,,28.0,,22.0,,24.0,,598,1,48c8f143-171b-4f4b-9d27-831e75c322f8,,1,True,b9887d6a-8ef4-11f1-9b18-005056b2a5de,02__TOL__OFO__PMI__105,OFOOD Tokpokki Hàn Quốc Vị Phô Mai Ly 105g,Tokpokki Ly,OFOOD,,,a38f9189-ad87-11ef-a35e-005056b28600,
b8468f8e-8ef4-11f1-9b18-005056b2a5de,02__TOL__OFO__PMI__105,Kho Kệ,Hộp,Kho Kệ,42.0,,28.0,,22.0,,48.0,,599,0,48c8f143-171b-4f4b-9d27-831e75c322f8,48c8f143-171b-4f4b-9d27-831e75c322f8,2,False,b9887eda-8ef4-11f1-9b18-005056b2a5de,02__TOL__OFO__PMI__105,OFOOD Tokpokki Hàn Quốc Vị Phô Mai Ly 105g,Tokpokki Ly,OFOOD,,aca0e3b9-1e75-496e-84ff-e96c9084f53f,a38f9189-ad87-11ef-a35e-005056b28600,CÔNG TY TNHH THƯƠNG MẠI VÀ DỊCH VỤ MIRA GROUP
b8468f8e-8ef4-11f1-9b18-005056b2a5de,02__TOL__OFO__PMI__105,Kho MIRA,Hộp,Kho MIRA,-24.0,,0.0,,0.0,,-24.0,,600,0,48c8f143-171b-4f4b-9d27-831e75c322f8,48c8f143-171b-4f4b-9d27-831e75c322f8,2,False,b9888060-8ef4-11f1-9b18-005056b2a5de,02__TOL__OFO__PMI__105,OFOOD Tokpokki Hàn Quốc Vị Phô Mai Ly 105g,Tokpokki Ly,OFOOD,,485b5d06-306c-11f0-b467-005056b34af7,a38f9189-ad87-11ef-a35e-005056b28600,CÔNG TY TNHH THƯƠNG MẠI VÀ DỊCH VỤ MIRA GROUP
b8468f8e-8ef4-11f1-9b18-005056b2a5de,02__TOL__OFO__TTG__105,OFOOD Tokpokki Hàn Quốc Vị Truyền Thống Ly 105g,Hộp,Tổng,20.0,,40.0,,28.0,,32.0,,601,1,a5fe4c31-343c-473e-b247-64bbdcd85e9b,,1,True,b98881db-8ef4-11f1-9b18-005056b2a5de,02__TOL__OFO__TTG__105,OFOOD Tokpokki Hàn Quốc Vị Truyền Thống Ly 105g,Tokpokki Ly,OFOOD,,,a38f9189-ad87-11ef-a35e-005056b28600,
b8468f8e-8ef4-11f1-9b18-005056b2a5de,02__TOL__OFO__TTG__105,Kho Kệ,Hộp,Kho Kệ,20.0,,40.0,,28.0,,32.0,,602,0,a5fe4c31-343c-473e-b247-64bbdcd85e9b,a5fe4c31-343c-473e-b247-64bbdcd85e9b,2,False,b988835e-8ef4-11f1-9b18-005056b2a5de,02__TOL__OFO__TTG__105,OFOOD Tokpokki Hàn Quốc Vị Truyền Thống Ly 105g,Tokpokki Ly,OFOOD,,aca0e3b9-1e75-496e-84ff-e96c9084f53f,a38f9189-ad87-11ef-a35e-005056b28600,CÔNG TY TNHH THƯƠNG MẠI VÀ DỊCH VỤ MIRA GROUP
b8468f8e-8ef4-11f1-9b18-005056b2a5de,02__XXH__HDH__PMI__500,HOA DOANH HOT DOG Xúc Xích Phô Mai 500g,Cái,Tổng,1.0,,0.0,,0.0,,1.0,,603,1,7fa6fc4c-706c-477a-be4d-b065d1c77567,,1,True,b988850a-8ef4-11f1-9b18-005056b2a5de,02__XXH__HDH__PMI__500,HOA DOANH HOT DOG Xúc Xích Phô Mai 500g,,,,,a38f9189-ad87-11ef-a35e-005056b28600,
b8468f8e-8ef4-11f1-9b18-005056b2a5de,02__XXH__HDH__PMI__500,Kho Kệ,Cái,Kho Kệ,1.0,,0.0,,0.0,,1.0,,604,0,7fa6fc4c-706c-477a-be4d-b065d1c77567,7fa6fc4c-706c-477a-be4d-b065d1c77567,2,False,b98886d3-8ef4-11f1-9b18-005056b2a5de,02__XXH__HDH__PMI__500,HOA DOANH HOT DOG Xúc Xích Phô Mai 500g,,,,aca0e3b9-1e75-496e-84ff-e96c9084f53f,a38f9189-ad87-11ef-a35e-005056b28600,CÔNG TY TNHH THƯƠNG MẠI VÀ DỊCH VỤ MIRA GROUP
b8468f8e-8ef4-11f1-9b18-005056b2a5de,02__XXH__MAS__PBB__72,MASAN Xúc Xích Heo Cao Bồi Lắc Phô Mai Bắp Bơ 72g,Hũ,Tổng,2.0,,0.0,,0.0,,2.0,,605,1,36c614fe-67b6-4465-8ae0-56f2b091cacc,,1,True,b988886e-8ef4-11f1-9b18-005056b2a5de,02__XXH__MAS__PBB__72,MASAN Xúc Xích Heo Cao Bồi Lắc Phô Mai Bắp Bơ 72g,Xúc Xích,MASAN,,,a38f9189-ad87-11ef-a35e-005056b28600,
b8468f8e-8ef4-11f1-9b18-005056b2a5de,02__XXH__MAS__PBB__72,Kho Kệ,Hũ,Kho Kệ,2.0,,0.0,,0.0,,2.0,,606,0,36c614fe-67b6-4465-8ae0-56f2b091cacc,36c614fe-67b6-4465-8ae0-56f2b091cacc,2,False,b98889fa-8ef4-11f1-9b18-005056b2a5de,02__XXH__MAS__PBB__72,MASAN Xúc Xích Heo Cao Bồi Lắc Phô Mai Bắp Bơ 72g,Xúc Xích,MASAN,,aca0e3b9-1e75-496e-84ff-e96c9084f53f,a38f9189-ad87-11ef-a35e-005056b28600,CÔNG TY TNHH THƯƠNG MẠI VÀ DỊCH VỤ MIRA GROUP
b8468f8e-8ef4-11f1-9b18-005056b2a5de,02__XXH__MAS__PMI__72,MASAN Xúc Xích Heo Cao Bồi Lắc Phô Mai 72g,Hũ,Tổng,1.0,,0.0,,0.0,,1.0,,607,1,aae5d89d-bfa5-4f53-a7c6-e093f7c5f9e9,,1,True,b9888b7b-8ef4-11f1-9b18-005056b2a5de,02__XXH__MAS__PMI__72,MASAN Xúc Xích Heo Cao Bồi Lắc Phô Mai 72g,Xúc Xích,MASAN,,,a38f9189-ad87-11ef-a35e-005056b28600,
b8468f8e-8ef4-11f1-9b18-005056b2a5de,02__XXH__MAS__PMI__72,Kho Kệ,Hũ,Kho Kệ,1.0,,0.0,,0.0,,1.0,,608,0,aae5d89d-bfa5-4f53-a7c6-e093f7c5f9e9,aae5d89d-bfa5-4f53-a7c6-e093f7c5f9e9,2,False,b9888cf6-8ef4-11f1-9b18-005056b2a5de,02__XXH__MAS__PMI__72,MASAN Xúc Xích Heo Cao Bồi Lắc Phô Mai 72g,Xúc Xích,MASAN,,aca0e3b9-1e75-496e-84ff-e96c9084f53f,a38f9189-ad87-11ef-a35e-005056b28600,CÔNG TY TNHH THƯƠNG MẠI VÀ DỊCH VỤ MIRA GROUP
b8468f8e-8ef4-11f1-9b18-005056b2a5de,02__XXH__OFO__PMI__62,OFOOD Xúc Xích Xốt Phô Mai Hũ 62g,Hũ,Tổng,4.0,,32.0,,33.0,,3.0,,609,1,df7f0252-1179-4e6a-961b-4cae32faae76,,1,True,b9888e79-8ef4-11f1-9b18-005056b2a5de,02__XXH__OFO__PMI__62,OFOOD Xúc Xích Xốt Phô Mai Hũ 62g,Xúc Xích,OFOOD,,,a38f9189-ad87-11ef-a35e-005056b28600,
b8468f8e-8ef4-11f1-9b18-005056b2a5de,02__XXH__OFO__PMI__62,Kho Kệ,Hũ,Kho Kệ,-4.0,,32.0,,33.0,,-5.0,,610,0,df7f0252-1179-4e6a-961b-4cae32faae76,df7f0252-1179-4e6a-961b-4cae32faae76,2,False,b9888fdf-8ef4-11f1-9b18-005056b2a5de,02__XXH__OFO__PMI__62,OFOOD Xúc Xích Xốt Phô Mai Hũ 62g,Xúc Xích,OFOOD,,aca0e3b9-1e75-496e-84ff-e96c9084f53f,a38f9189-ad87-11ef-a35e-005056b28600,CÔNG TY TNHH THƯƠNG MẠI VÀ DỊCH VỤ MIRA GROUP
b8468f8e-8ef4-11f1-9b18-005056b2a5de,02__XXH__OFO__PMI__62,Kho MIRA,Hũ,Kho MIRA,8.0,,0.0,,0.0,,8.0,,611,0,df7f0252-1179-4e6a-961b-4cae32faae76,df7f0252-1179-4e6a-961b-4cae32faae76,2,False,b988914d-8ef4-11f1-9b18-005056b2a5de,02__XXH__OFO__PMI__62,OFOOD Xúc Xích Xốt Phô Mai Hũ 62g,Xúc Xích,OFOOD,,485b5d06-306c-11f0-b467-005056b34af7,a38f9189-ad87-11ef-a35e-005056b28600,CÔNG TY TNHH THƯƠNG MẠI VÀ DỊCH VỤ MIRA GROUP
b8468f8e-8ef4-11f1-9b18-005056b2a5de,02__XXH__OFO__SPA__62,OFOOD Xúc Xích Xốt Spaghetti Hũ 62g,Hũ,Tổng,4.0,,1.0,,5.0,,0.0,,612,1,883951a0-8e2b-4720-84d2-2299db405fba,,1,True,b98892d2-8ef4-11f1-9b18-005056b2a5de,02__XXH__OFO__SPA__62,OFOOD Xúc Xích Xốt Spaghetti Hũ 62g,Xúc Xích,OFOOD,,,a38f9189-ad87-11ef-a35e-005056b28600,
b8468f8e-8ef4-11f1-9b18-005056b2a5de,02__XXH__OFO__SPA__62,Kho Kệ,Hũ,Kho Kệ,-4.0,,1.0,,5.0,,-8.0,,613,0,883951a0-8e2b-4720-84d2-2299db405fba,883951a0-8e2b-4720-84d2-2299db405fba,2,False,b9889632-8ef4-11f1-9b18-005056b2a5de,02__XXH__OFO__SPA__62,OFOOD Xúc Xích Xốt Spaghetti Hũ 62g,Xúc Xích,OFOOD,,aca0e3b9-1e75-496e-84ff-e96c9084f53f,a38f9189-ad87-11ef-a35e-005056b28600,CÔNG TY TNHH THƯƠNG MẠI VÀ DỊCH VỤ MIRA GROUP
b8468f8e-8ef4-11f1-9b18-005056b2a5de,02__XXH__OFO__SPA__62,Kho MIRA,Hũ,Kho MIRA,8.0,,0.0,,0.0,,8.0,,614,0,883951a0-8e2b-4720-84d2-2299db405fba,883951a0-8e2b-4720-84d2-2299db405fba,2,False,b98897d1-8ef4-11f1-9b18-005056b2a5de,02__XXH__OFO__SPA__62,OFOOD Xúc Xích Xốt Spaghetti Hũ 62g,Xúc Xích,OFOOD,,485b5d06-306c-11f0-b467-005056b34af7,a38f9189-ad87-11ef-a35e-005056b28600,CÔNG TY TNHH THƯƠNG MẠI VÀ DỊCH VỤ MIRA GROUP
b8468f8e-8ef4-11f1-9b18-005056b2a5de,02__XXH__OFO__TOK__62,OFOOD Xúc Xích Xốt Tokpokki Hũ 62g,Hũ,Tổng,10.0,,3.0,,13.0,,0.0,,615,1,c1bf49c8-f85d-4f14-89e0-3533a4331d30,,1,True,b9889969-8ef4-11f1-9b18-005056b2a5de,02__XXH__OFO__TOK__62,OFOOD Xúc Xích Xốt Tokpokki Hũ 62g,Xúc Xích,OFOOD,,,a38f9189-ad87-11ef-a35e-005056b28600,
b8468f8e-8ef4-11f1-9b18-005056b2a5de,02__XXH__OFO__TOK__62,Kho Kệ,Hũ,Kho Kệ,2.0,,3.0,,13.0,,-8.0,,616,0,c1bf49c8-f85d-4f14-89e0-3533a4331d30,c1bf49c8-f85d-4f14-89e0-3533a4331d30,2,False,b9889b0c-8ef4-11f1-9b18-005056b2a5de,02__XXH__OFO__TOK__62,OFOOD Xúc Xích Xốt Tokpokki Hũ 62g,Xúc Xích,OFOOD,,aca0e3b9-1e75-496e-84ff-e96c9084f53f,a38f9189-ad87-11ef-a35e-005056b28600,CÔNG TY TNHH THƯƠNG MẠI VÀ DỊCH VỤ MIRA GROUP
b8468f8e-8ef4-11f1-9b18-005056b2a5de,02__XXH__OFO__TOK__62,Kho MIRA,Hũ,Kho MIRA,8.0,,0.0,,0.0,,8.0,,617,0,c1bf49c8-f85d-4f14-89e0-3533a4331d30,c1bf49c8-f85d-4f14-89e0-3533a4331d30,2,False,b9889cb7-8ef4-11f1-9b18-005056b2a5de,02__XXH__OFO__TOK__62,OFOOD Xúc Xích Xốt Tokpokki Hũ 62g,Xúc Xích,OFOOD,,485b5d06-306c-11f0-b467-005056b34af7,a38f9189-ad87-11ef-a35e-005056b28600,CÔNG TY TNHH THƯƠNG MẠI VÀ DỊCH VỤ MIRA GROUP
b8468f8e-8ef4-11f1-9b18-005056b2a5de,02__XXH__PON__BAP__28,PONNIE Xúc Xích Giòn Ăn Liền Vị Bắp 28g,Cái,Tổng,22.0,,80.0,,101.0,,1.0,,618,1,32e17b2e-27b2-43d3-aea0-5f489ce90e72,,1,True,b9889e5d-8ef4-11f1-9b18-005056b2a5de,02__XXH__PON__BAP__28,PONNIE Xúc Xích Giòn Ăn Liền Vị Bắp 28g,Xúc Xích,PONNIE,,,a38f9189-ad87-11ef-a35e-005056b28600,
b8468f8e-8ef4-11f1-9b18-005056b2a5de,02__XXH__PON__BAP__28,Kho Kệ,Cái,Kho Kệ,22.0,,80.0,,101.0,,1.0,,619,0,32e17b2e-27b2-43d3-aea0-5f489ce90e72,32e17b2e-27b2-43d3-aea0-5f489ce90e72,2,False,b9889fee-8ef4-11f1-9b18-005056b2a5de,02__XXH__PON__BAP__28,PONNIE Xúc Xích Giòn Ăn Liền Vị Bắp 28g,Xúc Xích,PONNIE,,aca0e3b9-1e75-496e-84ff-e96c9084f53f,a38f9189-ad87-11ef-a35e-005056b28600,CÔNG TY TNHH THƯƠNG MẠI VÀ DỊCH VỤ MIRA GROUP
b8468f8e-8ef4-11f1-9b18-005056b2a5de,02__XXH__PON__CAY__28,PONNIE Xúc Xích Giòn Ăn Liền Vị Cay 28g,Cái,Tổng,12.0,,140.0,,140.0,,12.0,,620,1,6c4948af-903c-4506-adce-a492c879a82b,,1,True,b988a181-8ef4-11f1-9b18-005056b2a5de,02__XXH__PON__CAY__28,PONNIE Xúc Xích Giòn Ăn Liền Vị Cay 28g,Xúc Xích,PONNIE,,,a38f9189-ad87-11ef-a35e-005056b28600,
b8468f8e-8ef4-11f1-9b18-005056b2a5de,02__XXH__PON__CAY__28,Kho Kệ,Cái,Kho Kệ,12.0,,140.0,,140.0,,12.0,,621,0,6c4948af-903c-4506-adce-a492c879a82b,6c4948af-903c-4506-adce-a492c879a82b,2,False,b988a30b-8ef4-11f1-9b18-005056b2a5de,02__XXH__PON__CAY__28,PONNIE Xúc Xích Giòn Ăn Liền Vị Cay 28g,Xúc Xích,PONNIE,,aca0e3b9-1e75-496e-84ff-e96c9084f53f,a38f9189-ad87-11ef-a35e-005056b28600,CÔNG TY TNHH THƯƠNG MẠI VÀ DỊCH VỤ MIRA GROUP
b8468f8e-8ef4-11f1-9b18-005056b2a5de,02__XXH__PON__HEO__210,PONNIE Xúc Xích Dinh Dưỡng Bin&Bon Heo Bịch 210g,Bịch,Tổng,2.0,,0.0,,0.0,,2.0,,622,1,479fb5a9-7622-40eb-bd2b-b4870f7f9c1f,,1,True,b988a49f-8ef4-11f1-9b18-005056b2a5de,02__XXH__PON__HEO__210,PONNIE Xúc Xích Dinh Dưỡng Bin&Bon Heo Bịch 210g,Xúc Xích,PONNIE,,,a38f9189-ad87-11ef-a35e-005056b28600,
b8468f8e-8ef4-11f1-9b18-005056b2a5de,02__XXH__PON__HEO__210,Kho Kệ,Bịch,Kho Kệ,2.0,,0.0,,0.0,,2.0,,623,0,479fb5a9-7622-40eb-bd2b-b4870f7f9c1f,479fb5a9-7622-40eb-bd2b-b4870f7f9c1f,2,False,b988a605-8ef4-11f1-9b18-005056b2a5de,02__XXH__PON__HEO__210,PONNIE Xúc Xích Dinh Dưỡng Bin&Bon Heo Bịch 210g,Xúc Xích,PONNIE,,aca0e3b9-1e75-496e-84ff-e96c9084f53f,a38f9189-ad87-11ef-a35e-005056b28600,CÔNG TY TNHH THƯƠNG MẠI VÀ DỊCH VỤ MIRA GROUP
b8468f8e-8ef4-11f1-9b18-005056b2a5de,02__XXH__PON__HEO__60,PONNIE Xúc Xích Dinh Dưỡng Bin&Bon Heo,Cái,Tổng,62.0,,1080.0,,769.0,,373.0,,624,1,00b62c79-bfed-435f-8b35-3a1d324ad8c1,,1,True,b988a789-8ef4-11f1-9b18-005056b2a5de,02__XXH__PON__HEO__60,PONNIE Xúc Xích Dinh Dưỡng Bin&Bon Heo,Xúc Xích,PONNIE,,,a38f9189-ad87-11ef-a35e-005056b28600,
b8468f8e-8ef4-11f1-9b18-005056b2a5de,02__XXH__PON__HEO__60,Kho Kệ,Cái,Kho Kệ,-418.0,,840.0,,769.0,,-347.0,,625,0,00b62c79-bfed-435f-8b35-3a1d324ad8c1,00b62c79-bfed-435f-8b35-3a1d324ad8c1,2,False,b988a8ec-8ef4-11f1-9b18-005056b2a5de,02__XXH__PON__HEO__60,PONNIE Xúc Xích Dinh Dưỡng Bin&Bon Heo,Xúc Xích,PONNIE,,aca0e3b9-1e75-496e-84ff-e96c9084f53f,a38f9189-ad87-11ef-a35e-005056b28600,CÔNG TY TNHH THƯƠNG MẠI VÀ DỊCH VỤ MIRA GROUP
b8468f8e-8ef4-11f1-9b18-005056b2a5de,02__XXH__PON__HEO__60,Kho MIRA,Cái,Kho MIRA,480.0,,240.0,,0.0,,720.0,,626,0,00b62c79-bfed-435f-8b35-3a1d324ad8c1,00b62c79-bfed-435f-8b35-3a1d324ad8c1,2,False,b988aa6a-8ef4-11f1-9b18-005056b2a5de,02__XXH__PON__HEO__60,PONNIE Xúc Xích Dinh Dưỡng Bin&Bon Heo,Xúc Xích,PONNIE,,485b5d06-306c-11f0-b467-005056b34af7,a38f9189-ad87-11ef-a35e-005056b28600,CÔNG TY TNHH THƯƠNG MẠI VÀ DỊCH VỤ MIRA GROUP
b8468f8e-8ef4-11f1-9b18-005056b2a5de,02__XXH__PON__PMI__45,PONNIE Xúc Xích Nhân Phô Mai 45g,Cái,Tổng,2.0,,0.0,,0.0,,2.0,,627,1,2b5e38a6-8351-454a-a735-445ef54959f8,,1,True,b988ad06-8ef4-11f1-9b18-005056b2a5de,02__XXH__PON__PMI__45,PONNIE Xúc Xích Nhân Phô Mai 45g,Xúc Xích,PONNIE,,,a38f9189-ad87-11ef-a35e-005056b28600,
b8468f8e-8ef4-11f1-9b18-005056b2a5de,02__XXH__PON__PMI__45,Kho Kệ,Cái,Kho Kệ,-46.0,,0.0,,0.0,,-46.0,,628,0,2b5e38a6-8351-454a-a735-445ef54959f8,2b5e38a6-8351-454a-a735-445ef54959f8,2,False,b988ae73-8ef4-11f1-9b18-005056b2a5de,02__XXH__PON__PMI__45,PONNIE Xúc Xích Nhân Phô Mai 45g,Xúc Xích,PONNIE,,aca0e3b9-1e75-496e-84ff-e96c9084f53f,a38f9189-ad87-11ef-a35e-005056b28600,CÔNG TY TNHH THƯƠNG MẠI VÀ DỊCH VỤ MIRA GROUP
b8468f8e-8ef4-11f1-9b18-005056b2a5de,02__XXH__PON__PMI__45,Kho MIRA,Cái,Kho MIRA,48.0,,0.0,,0.0,,48.0,,629,0,2b5e38a6-8351-454a-a735-445ef54959f8,2b5e38a6-8351-454a-a735-445ef54959f8,2,False,b988afee-8ef4-11f1-9b18-005056b2a5de,02__XXH__PON__PMI__45,PONNIE Xúc Xích Nhân Phô Mai 45g,Xúc Xích,PONNIE,,485b5d06-306c-11f0-b467-005056b34af7,a38f9189-ad87-11ef-a35e-005056b28600,CÔNG TY TNHH THƯƠNG MẠI VÀ DỊCH VỤ MIRA GROUP
b8468f8e-8ef4-11f1-9b18-005056b2a5de,02__XXH__PON__SNG__28,PONNIE Xúc Xích Giòn Ăn Liền Vị Sườn Nướng 28g,Cái,Tổng,44.0,,40.0,,61.0,,23.0,,630,1,36e39ff8-2004-44f6-9918-c76460a311cd,,1,True,b988b165-8ef4-11f1-9b18-005056b2a5de,02__XXH__PON__SNG__28,PONNIE Xúc Xích Giòn Ăn Liền Vị Sườn Nướng 28g,Xúc Xích,PONNIE,,,a38f9189-ad87-11ef-a35e-005056b28600,
b8468f8e-8ef4-11f1-9b18-005056b2a5de,02__XXH__PON__SNG__28,Kho Kệ,Cái,Kho Kệ,44.0,,40.0,,61.0,,23.0,,631,0,36e39ff8-2004-44f6-9918-c76460a311cd,36e39ff8-2004-44f6-9918-c76460a311cd,2,False,b988b306-8ef4-11f1-9b18-005056b2a5de,02__XXH__PON__SNG__28,PONNIE Xúc Xích Giòn Ăn Liền Vị Sườn Nướng 28g,Xúc Xích,PONNIE,,aca0e3b9-1e75-496e-84ff-e96c9084f53f,a38f9189-ad87-11ef-a35e-005056b28600,CÔNG TY TNHH THƯƠNG MẠI VÀ DỊCH VỤ MIRA GROUP
b8468f8e-8ef4-11f1-9b18-005056b2a5de,02__XXH__S2__BAP__34,S2 Xúc Xích Siume Bắp Ngọt 34g,Cái,Tổng,58.0,,100.0,,67.0,,91.0,,632,1,3e8a3b88-eed8-4aa4-aa70-9c1df37c6691,,1,True,b988b47c-8ef4-11f1-9b18-005056b2a5de,02__XXH__S2__BAP__34,S2 Xúc Xích Siume Bắp Ngọt 34g,Xúc Xích,S2,,,a38f9189-ad87-11ef-a35e-005056b28600,
b8468f8e-8ef4-11f1-9b18-005056b2a5de,02__XXH__S2__BAP__34,Kho Kệ,Cái,Kho Kệ,-31.0,,100.0,,67.0,,2.0,,633,0,3e8a3b88-eed8-4aa4-aa70-9c1df37c6691,3e8a3b88-eed8-4aa4-aa70-9c1df37c6691,2,False,b988b5f2-8ef4-11f1-9b18-005056b2a5de,02__XXH__S2__BAP__34,S2 Xúc Xích Siume Bắp Ngọt 34g,Xúc Xích,S2,,aca0e3b9-1e75-496e-84ff-e96c9084f53f,a38f9189-ad87-11ef-a35e-005056b28600,CÔNG TY TNHH THƯƠNG MẠI VÀ DỊCH VỤ MIRA GROUP
b8468f8e-8ef4-11f1-9b18-005056b2a5de,02__XXH__S2__BAP__34,Kho MIRA,Cái,Kho MIRA,89.0,,0.0,,0.0,,89.0,,634,0,3e8a3b88-eed8-4aa4-aa70-9c1df37c6691,3e8a3b88-eed8-4aa4-aa70-9c1df37c6691,2,False,b988b815-8ef4-11f1-9b18-005056b2a5de,02__XXH__S2__BAP__34,S2 Xúc Xích Siume Bắp Ngọt 34g,Xúc Xích,S2,,485b5d06-306c-11f0-b467-005056b34af7,a38f9189-ad87-11ef-a35e-005056b28600,CÔNG TY TNHH THƯƠNG MẠI VÀ DỊCH VỤ MIRA GROUP
b8468f8e-8ef4-11f1-9b18-005056b2a5de,02__XXH__S2__CAY__34,S2 Xúc Xích Siume Cay Tứ Xuyên 34g,Cái,Tổng,36.0,,100.0,,52.0,,84.0,,635,1,591c61c0-c581-47d3-8315-06d7d11a8269,,1,True,b988b9a2-8ef4-11f1-9b18-005056b2a5de,02__XXH__S2__CAY__34,S2 Xúc Xích Siume Cay Tứ Xuyên 34g,Xúc Xích,S2,,,a38f9189-ad87-11ef-a35e-005056b28600,
b8468f8e-8ef4-11f1-9b18-005056b2a5de,02__XXH__S2__CAY__34,Kho Kệ,Cái,Kho Kệ,-60.0,,100.0,,52.0,,-12.0,,636,0,591c61c0-c581-47d3-8315-06d7d11a8269,591c61c0-c581-47d3-8315-06d7d11a8269,2,False,b988bb1f-8ef4-11f1-9b18-005056b2a5de,02__XXH__S2__CAY__34,S2 Xúc Xích Siume Cay Tứ Xuyên 34g,Xúc Xích,S2,,aca0e3b9-1e75-496e-84ff-e96c9084f53f,a38f9189-ad87-11ef-a35e-005056b28600,CÔNG TY TNHH THƯƠNG MẠI VÀ DỊCH VỤ MIRA GROUP
b8468f8e-8ef4-11f1-9b18-005056b2a5de,02__XXH__S2__CAY__34,Kho MIRA,Cái,Kho MIRA,96.0,,0.0,,0.0,,96.0,,637,0,591c61c0-c581-47d3-8315-06d7d11a8269,591c61c0-c581-47d3-8315-06d7d11a8269,2,False,b988bc6e-8ef4-11f1-9b18-005056b2a5de,02__XXH__S2__CAY__34,S2 Xúc Xích Siume Cay Tứ Xuyên 34g,Xúc Xích,S2,,485b5d06-306c-11f0-b467-005056b34af7,a38f9189-ad87-11ef-a35e-005056b28600,CÔNG TY TNHH THƯƠNG MẠI VÀ DỊCH VỤ MIRA GROUP
b8468f8e-8ef4-11f1-9b18-005056b2a5de,02__XXH__S2__PMI__34,S2 Xúc Xích Siume Nhân Phô Mai 34g,Cái,Tổng,54.0,,100.0,,88.0,,66.0,,638,1,0c406a73-02b5-4938-91ba-5d04d20b608a,,1,True,b988bdba-8ef4-11f1-9b18-005056b2a5de,02__XXH__S2__PMI__34,S2 Xúc Xích Siume Nhân Phô Mai 34g,Xúc Xích,S2,,,a38f9189-ad87-11ef-a35e-005056b28600,
b8468f8e-8ef4-11f1-9b18-005056b2a5de,02__XXH__S2__PMI__34,Kho Kệ,Cái,Kho Kệ,-38.0,,100.0,,88.0,,-26.0,,639,0,0c406a73-02b5-4938-91ba-5d04d20b608a,0c406a73-02b5-4938-91ba-5d04d20b608a,2,False,b988befd-8ef4-11f1-9b18-005056b2a5de,02__XXH__S2__PMI__34,S2 Xúc Xích Siume Nhân Phô Mai 34g,Xúc Xích,S2,,aca0e3b9-1e75-496e-84ff-e96c9084f53f,a38f9189-ad87-11ef-a35e-005056b28600,CÔNG TY TNHH THƯƠNG MẠI VÀ DỊCH VỤ MIRA GROUP
b8468f8e-8ef4-11f1-9b18-005056b2a5de,02__XXH__S2__PMI__34,Kho MIRA,Cái,Kho MIRA,92.0,,0.0,,0.0,,92.0,,640,0,0c406a73-02b5-4938-91ba-5d04d20b608a,0c406a73-02b5-4938-91ba-5d04d20b608a,2,False,b988c046-8ef4-11f1-9b18-005056b2a5de,02__XXH__S2__PMI__34,S2 Xúc Xích Siume Nhân Phô Mai 34g,Xúc Xích,S2,,485b5d06-306c-11f0-b467-005056b34af7,a38f9189-ad87-11ef-a35e-005056b28600,CÔNG TY TNHH THƯƠNG MẠI VÀ DỊCH VỤ MIRA GROUP
b8468f8e-8ef4-11f1-9b18-005056b2a5de,02__XXH__VIS__DDG__1,VISSAN Xúc Xích Dinh Dưỡng,Cái,Tổng,8.0,,0.0,,0.0,,8.0,,641,1,dab8960c-70f2-4733-a9a9-688823b548ea,,1,True,b988c193-8ef4-11f1-9b18-005056b2a5de,02__XXH__VIS__DDG__1,VISSAN Xúc Xích Dinh Dưỡng,Xúc Xích,VISSAN,,,a38f9189-ad87-11ef-a35e-005056b28600,
b8468f8e-8ef4-11f1-9b18-005056b2a5de,02__XXH__VIS__DDG__1,Kho Kệ,Cái,Kho Kệ,8.0,,0.0,,0.0,,8.0,,642,0,dab8960c-70f2-4733-a9a9-688823b548ea,dab8960c-70f2-4733-a9a9-688823b548ea,2,False,b988c3b4-8ef4-11f1-9b18-005056b2a5de,02__XXH__VIS__DDG__1,VISSAN Xúc Xích Dinh Dưỡng,Xúc Xích,VISSAN,,aca0e3b9-1e75-496e-84ff-e96c9084f53f,a38f9189-ad87-11ef-a35e-005056b28600,CÔNG TY TNHH THƯƠNG MẠI VÀ DỊCH VỤ MIRA GROUP
b8468f8e-8ef4-11f1-9b18-005056b2a5de,02__XXH__VIS__HEO__90,VISSAN Xúc Xích Tiệt Trùng Heo Bịch 90g (5 cây),Bịch,Tổng,28.0,,0.0,,0.0,,28.0,,643,1,294b2c32-4751-4f83-a1fd-0b7e8818700a,,1,True,b988c520-8ef4-11f1-9b18-005056b2a5de,02__XXH__VIS__HEO__90,VISSAN Xúc Xích Tiệt Trùng Heo Bịch 90g (5 cây),Xúc Xích,VISSAN,,,a38f9189-ad87-11ef-a35e-005056b28600,
b8468f8e-8ef4-11f1-9b18-005056b2a5de,02__XXH__VIS__HEO__90,Kho Kệ,Bịch,Kho Kệ,28.0,,0.0,,0.0,,28.0,,644,0,294b2c32-4751-4f83-a1fd-0b7e8818700a,294b2c32-4751-4f83-a1fd-0b7e8818700a,2,False,b988c679-8ef4-11f1-9b18-005056b2a5de,02__XXH__VIS__HEO__90,VISSAN Xúc Xích Tiệt Trùng Heo Bịch 90g (5 cây),Xúc Xích,VISSAN,,aca0e3b9-1e75-496e-84ff-e96c9084f53f,a38f9189-ad87-11ef-a35e-005056b28600,CÔNG TY TNHH THƯƠNG MẠI VÀ DỊCH VỤ MIRA GROUP
b8468f8e-8ef4-11f1-9b18-005056b2a5de,03__BGO__OAN__NBO__120,ORION An Bánh Gạo Ngô Nướng Bơ 120g (16 gói),Bịch,Tổng,12.0,,0.0,,2.0,,10.0,,645,1,d6a2af82-4877-4a44-9aab-96f15a613955,,1,True,b988c7da-8ef4-11f1-9b18-005056b2a5de,03__BGO__OAN__NBO__120,ORION An Bánh Gạo Ngô Nướng Bơ 120g (16 gói),Bánh Gạo,ORION An,,,a38f9189-ad87-11ef-a35e-005056b28600,
b8468f8e-8ef4-11f1-9b18-005056b2a5de,03__BGO__OAN__NBO__120,Kho Kệ,Bịch,Kho Kệ,12.0,,0.0,,2.0,,10.0,,646,0,d6a2af82-4877-4a44-9aab-96f15a613955,d6a2af82-4877-4a44-9aab-96f15a613955,2,False,b988c921-8ef4-11f1-9b18-005056b2a5de,03__BGO__OAN__NBO__120,ORION An Bánh Gạo Ngô Nướng Bơ 120g (16 gói),Bánh Gạo,ORION An,,aca0e3b9-1e75-496e-84ff-e96c9084f53f,a38f9189-ad87-11ef-a35e-005056b28600,CÔNG TY TNHH THƯƠNG MẠI VÀ DỊCH VỤ MIRA GROUP
b8468f8e-8ef4-11f1-9b18-005056b2a5de,03__BGO__OAN__RTT__145,ORION An Bánh Gạo Ruốc Thịt Đậm Đà 145g (14 gói),Bịch,Tổng,15.0,,0.0,,6.0,,9.0,,647,1,edd70c47-27b1-4c5f-acaa-4a66c8dd3b9c,,1,True,b988ca74-8ef4-11f1-9b18-005056b2a5de,03__BGO__OAN__RTT__145,ORION An Bánh Gạo Ruốc Thịt Đậm Đà 145g (14 gói),Bánh Gạo,ORION An,,,a38f9189-ad87-11ef-a35e-005056b28600,
b8468f8e-8ef4-11f1-9b18-005056b2a5de,03__BGO__OAN__RTT__145,Kho Kệ,Bịch,Kho Kệ,15.0,,0.0,,6.0,,9.0,,648,0,edd70c47-27b1-4c5f-acaa-4a66c8dd3b9c,edd70c47-27b1-4c5f-acaa-4a66c8dd3b9c,2,False,b988cba9-8ef4-11f1-9b18-005056b2a5de,03__BGO__OAN__RTT__145,ORION An Bánh Gạo Ruốc Thịt Đậm Đà 145g (14 gói),Bánh Gạo,ORION An,,aca0e3b9-1e75-496e-84ff-e96c9084f53f,a38f9189-ad87-11ef-a35e-005056b28600,CÔNG TY TNHH THƯƠNG MẠI VÀ DỊCH VỤ MIRA GROUP
b8468f8e-8ef4-11f1-9b18-005056b2a5de,03__BGO__OAN__TAO__111,ORION An Bánh Gạo Vị Tảo 111g (14 gói),Bịch,Tổng,12.0,,1.0,,5.0,,8.0,,649,1,fafd2609-a5b8-458d-825b-b81b5429c2c7,,1,True,b988cdc1-8ef4-11f1-9b18-005056b2a5de,03__BGO__OAN__TAO__111,ORION An Bánh Gạo Vị Tảo 111g (14 gói),Bánh Gạo,ORION An,,,a38f9189-ad87-11ef-a35e-005056b28600,
b8468f8e-8ef4-11f1-9b18-005056b2a5de,03__BGO__OAN__TAO__111,Kho Kệ,Bịch,Kho Kệ,12.0,,1.0,,5.0,,8.0,,650,0,fafd2609-a5b8-458d-825b-b81b5429c2c7,fafd2609-a5b8-458d-825b-b81b5429c2c7,2,False,b988cef8-8ef4-11f1-9b18-005056b2a5de,03__BGO__OAN__TAO__111,ORION An Bánh Gạo Vị Tảo 111g (14 gói),Bánh Gạo,ORION An,,aca0e3b9-1e75-496e-84ff-e96c9084f53f,a38f9189-ad87-11ef-a35e-005056b28600,CÔNG TY TNHH THƯƠNG MẠI VÀ DỊCH VỤ MIRA GROUP
b8468f8e-8ef4-11f1-9b18-005056b2a5de,03__BGO__OAN__TNN__151,ORION An Bánh Gạo Vị Tự Nhiên 151g (14 gói),Bịch,Tổng,12.0,,0.0,,3.0,,9.0,,651,1,8672ef29-2f2d-478a-b670-2c130d775eb5,,1,True,b988d047-8ef4-11f1-9b18-005056b2a5de,03__BGO__OAN__TNN__151,ORION An Bánh Gạo Vị Tự Nhiên 151g (14 gói),Bánh Gạo,ORION An,,,a38f9189-ad87-11ef-a35e-005056b28600,
b8468f8e-8ef4-11f1-9b18-005056b2a5de,03__BGO__OAN__TNN__151,Kho Kệ,Bịch,Kho Kệ,12.0,,0.0,,3.0,,9.0,,652,0,8672ef29-2f2d-478a-b670-2c130d775eb5,8672ef29-2f2d-478a-b670-2c130d775eb5,2,False,b988d17f-8ef4-11f1-9b18-005056b2a5de,03__BGO__OAN__TNN__151,ORION An Bánh Gạo Vị Tự Nhiên 151g (14 gói),Bánh Gạo,ORION An,,aca0e3b9-1e75-496e-84ff-e96c9084f53f,a38f9189-ad87-11ef-a35e-005056b28600,CÔNG TY TNHH THƯƠNG MẠI VÀ DỊCH VỤ MIRA GROUP
b8468f8e-8ef4-11f1-9b18-005056b2a5de,03__BGO__OAN__TNN__226,ORION An Bánh Gạo Vị Tự Nhiên 226g (28 gói),Bịch,Tổng,1.0,,0.0,,1.0,,0.0,,653,1,9f2305d5-9a64-4196-8374-288f30be27f8,,1,True,b988d2c6-8ef4-11f1-9b18-005056b2a5de,03__BGO__OAN__TNN__226,ORION An Bánh Gạo Vị Tự Nhiên 226g (28 gói),Bánh Gạo,ORION An,,,a38f9189-ad87-11ef-a35e-005056b28600,
b8468f8e-8ef4-11f1-9b18-005056b2a5de,03__BGO__OAN__TNN__226,Kho Kệ,Bịch,Kho Kệ,1.0,,0.0,,1.0,,0.0,,654,0,9f2305d5-9a64-4196-8374-288f30be27f8,9f2305d5-9a64-4196-8374-288f30be27f8,2,False,b988d405-8ef4-11f1-9b18-005056b2a5de,03__BGO__OAN__TNN__226,ORION An Bánh Gạo Vị Tự Nhiên 226g (28 gói),Bánh Gạo,ORION An,,aca0e3b9-1e75-496e-84ff-e96c9084f53f,a38f9189-ad87-11ef-a35e-005056b28600,CÔNG TY TNHH THƯƠNG MẠI VÀ DỊCH VỤ MIRA GROUP
b8468f8e-8ef4-11f1-9b18-005056b2a5de,03__BGO__POC__BIH__108,POCA Làng Gạo 108g,Bịch,Tổng,11.0,,0.0,,0.0,,11.0,,655,1,aeebe371-ba4b-41a7-9b98-39dd811c4eef,,1,True,b988d548-8ef4-11f1-9b18-005056b2a5de,03__BGO__POC__BIH__108,POCA Làng Gạo 108g,Bánh Gạo,POCA,,,a38f9189-ad87-11ef-a35e-005056b28600,
b8468f8e-8ef4-11f1-9b18-005056b2a5de,03__BGO__POC__BIH__108,Kho Kệ,Bịch,Kho Kệ,11.0,,0.0,,0.0,,11.0,,656,0,aeebe371-ba4b-41a7-9b98-39dd811c4eef,aeebe371-ba4b-41a7-9b98-39dd811c4eef,2,False,b988d737-8ef4-11f1-9b18-005056b2a5de,03__BGO__POC__BIH__108,POCA Làng Gạo 108g,Bánh Gạo,POCA,,aca0e3b9-1e75-496e-84ff-e96c9084f53f,a38f9189-ad87-11ef-a35e-005056b28600,CÔNG TY TNHH THƯƠNG MẠI VÀ DỊCH VỤ MIRA GROUP
b8468f8e-8ef4-11f1-9b18-005056b2a5de,03__BGO__POC__CUA__48,POCA Làng Gạo Vị Cua Nướng Cay 48g,Bịch,Tổng,0.0,,0.0,,2.0,,-2.0,,657,1,f7393725-b1e3-46f7-9b4a-b1973477ed48,,1,True,b988d889-8ef4-11f1-9b18-005056b2a5de,03__BGO__POC__CUA__48,POCA Làng Gạo Vị Cua Nướng Cay 48g,Bánh Gạo,POCA,,,a38f9189-ad87-11ef-a35e-005056b28600,
b8468f8e-8ef4-11f1-9b18-005056b2a5de,03__BGO__POC__CUA__48,Kho Kệ,Bịch,Kho Kệ,0.0,,0.0,,2.0,,-2.0,,658,0,f7393725-b1e3-46f7-9b4a-b1973477ed48,f7393725-b1e3-46f7-9b4a-b1973477ed48,2,False,b988d9ea-8ef4-11f1-9b18-005056b2a5de,03__BGO__POC__CUA__48,POCA Làng Gạo Vị Cua Nướng Cay 48g,Bánh Gạo,POCA,,aca0e3b9-1e75-496e-84ff-e96c9084f53f,a38f9189-ad87-11ef-a35e-005056b28600,CÔNG TY TNHH THƯƠNG MẠI VÀ DỊCH VỤ MIRA GROUP
b8468f8e-8ef4-11f1-9b18-005056b2a5de,03__BGO__POC__PMI__48,POCA Làng Gạo Vị Phô Mai 48g,Bịch,Tổng,-1.0,,0.0,,0.0,,-1.0,,659,1,3bf02278-daed-4e0d-80a1-ac68b3595a9a,,1,True,b988db60-8ef4-11f1-9b18-005056b2a5de,03__BGO__POC__PMI__48,POCA Làng Gạo Vị Phô Mai 48g,Bánh Gạo,POCA,,,a38f9189-ad87-11ef-a35e-005056b28600,
b8468f8e-8ef4-11f1-9b18-005056b2a5de,03__BGO__POC__PMI__48,Kho Kệ,Bịch,Kho Kệ,-1.0,,0.0,,0.0,,-1.0,,660,0,3bf02278-daed-4e0d-80a1-ac68b3595a9a,3bf02278-daed-4e0d-80a1-ac68b3595a9a,2,False,b988dcab-8ef4-11f1-9b18-005056b2a5de,03__BGO__POC__PMI__48,POCA Làng Gạo Vị Phô Mai 48g,Bánh Gạo,POCA,,aca0e3b9-1e75-496e-84ff-e96c9084f53f,a38f9189-ad87-11ef-a35e-005056b28600,CÔNG TY TNHH THƯƠNG MẠI VÀ DỊCH VỤ MIRA GROUP
b8468f8e-8ef4-11f1-9b18-005056b2a5de,03__BGO__RJI__CSA__145,RICHY JINJU Bánh Gạo Cốm Sữa 145g (16 gói),Bịch,Tổng,7.0,,0.0,,0.0,,7.0,,661,1,9a03b80d-c5e9-4d7a-a8a6-7312b0bc330c,,1,True,b988e0c0-8ef4-11f1-9b18-005056b2a5de,03__BGO__RJI__CSA__145,RICHY JINJU Bánh Gạo Cốm Sữa 145g (16 gói),Bánh Gạo,RICHY JINJU,,,a38f9189-ad87-11ef-a35e-005056b28600,
b8468f8e-8ef4-11f1-9b18-005056b2a5de,03__BGO__RJI__CSA__145,Kho Kệ,Bịch,Kho Kệ,7.0,,0.0,,0.0,,7.0,,662,0,9a03b80d-c5e9-4d7a-a8a6-7312b0bc330c,9a03b80d-c5e9-4d7a-a8a6-7312b0bc330c,2,False,b988e287-8ef4-11f1-9b18-005056b2a5de,03__BGO__RJI__CSA__145,RICHY JINJU Bánh Gạo Cốm Sữa 145g (16 gói),Bánh Gạo,RICHY JINJU,,aca0e3b9-1e75-496e-84ff-e96c9084f53f,a38f9189-ad87-11ef-a35e-005056b28600,CÔNG TY TNHH THƯƠNG MẠI VÀ DỊCH VỤ MIRA GROUP
b8468f8e-8ef4-11f1-9b18-005056b2a5de,03__BGO__WAN__BAP__170,WANT WANT Bánh Gạo Cuộn Vị Bắp Thanh Ngọt 170g,Bịch,Tổng,3.0,,0.0,,0.0,,3.0,,663,1,47a1dd94-513b-4992-a94f-2a1426be76d3,,1,True,b988e4ef-8ef4-11f1-9b18-005056b2a5de,03__BGO__WAN__BAP__170,WANT WANT Bánh Gạo Cuộn Vị Bắp Thanh Ngọt 170g,Bánh Gạo,WANT WANT,,,a38f9189-ad87-11ef-a35e-005056b28600,
b8468f8e-8ef4-11f1-9b18-005056b2a5de,03__BGO__WAN__BAP__170,Kho Kệ,Bịch,Kho Kệ,3.0,,0.0,,0.0,,3.0,,664,0,47a1dd94-513b-4992-a94f-2a1426be76d3,47a1dd94-513b-4992-a94f-2a1426be76d3,2,False,b988e655-8ef4-11f1-9b18-005056b2a5de,03__BGO__WAN__BAP__170,WANT WANT Bánh Gạo Cuộn Vị Bắp Thanh Ngọt 170g,Bánh Gạo,WANT WANT,,aca0e3b9-1e75-496e-84ff-e96c9084f53f,a38f9189-ad87-11ef-a35e-005056b28600,CÔNG TY TNHH THƯƠNG MẠI VÀ DỊCH VỤ MIRA GROUP
b8468f8e-8ef4-11f1-9b18-005056b2a5de,03__BGO__WAN__RBN__170,WANT WANT Bánh Gạo Cuộn Vị Rong Biển 170g,Bịch,Tổng,1.0,,0.0,,0.0,,1.0,,665,1,f734fc92-3e63-4684-9597-40fbe3bddd58,,1,True,b988e781-8ef4-11f1-9b18-005056b2a5de,03__BGO__WAN__RBN__170,WANT WANT Bánh Gạo Cuộn Vị Rong Biển 170g,Bánh Gạo,WANT WANT,,,a38f9189-ad87-11ef-a35e-005056b28600,
b8468f8e-8ef4-11f1-9b18-005056b2a5de,03__BGO__WAN__RBN__170,Kho Kệ,Bịch,Kho Kệ,1.0,,0.0,,0.0,,1.0,,666,0,f734fc92-3e63-4684-9597-40fbe3bddd58,f734fc92-3e63-4684-9597-40fbe3bddd58,2,False,b988e8ae-8ef4-11f1-9b18-005056b2a5de,03__BGO__WAN__RBN__170,WANT WANT Bánh Gạo Cuộn Vị Rong Biển 170g,Bánh Gạo,WANT WANT,,aca0e3b9-1e75-496e-84ff-e96c9084f53f,a38f9189-ad87-11ef-a35e-005056b28600,CÔNG TY TNHH THƯƠNG MẠI VÀ DỊCH VỤ MIRA GROUP
b8468f8e-8ef4-11f1-9b18-005056b2a5de,03__BLA__GIZ__CHO__90,GIZZA Bánh Tươi Chocolate 90g,Cái,Tổng,17.0,,38.0,,46.0,,9.0,,667,1,e8d2b071-681c-42aa-b97f-4fab15b2572f,,1,True,b988ea2d-8ef4-11f1-9b18-005056b2a5de,03__BLA__GIZ__CHO__90,GIZZA Bánh Tươi Chocolate 90g,Bánh Bông Lan,GIZZA,,,a38f9189-ad87-11ef-a35e-005056b28600,
b8468f8e-8ef4-11f1-9b18-005056b2a5de,03__BLA__GIZ__CHO__90,Kho Kệ,Cái,Kho Kệ,17.0,,38.0,,46.0,,9.0,,668,0,e8d2b071-681c-42aa-b97f-4fab15b2572f,e8d2b071-681c-42aa-b97f-4fab15b2572f,2,False,b988eb68-8ef4-11f1-9b18-005056b2a5de,03__BLA__GIZ__CHO__90,GIZZA Bánh Tươi Chocolate 90g,Bánh Bông Lan,GIZZA,,aca0e3b9-1e75-496e-84ff-e96c9084f53f,a38f9189-ad87-11ef-a35e-005056b28600,CÔNG TY TNHH THƯƠNG MẠI VÀ DỊCH VỤ MIRA GROUP
b8468f8e-8ef4-11f1-9b18-005056b2a5de,03__BLA__GIZ__MAT__90,GIZZA Bánh Tươi Matcha 90g,Cái,Tổng,10.0,,49.0,,50.0,,9.0,,669,1,09d24ef3-cf0a-43a4-8ee3-aefde59d6f00,,1,True,b988ec93-8ef4-11f1-9b18-005056b2a5de,03__BLA__GIZ__MAT__90,GIZZA Bánh Tươi Matcha 90g,Bánh Bông Lan,GIZZA,,,a38f9189-ad87-11ef-a35e-005056b28600,
b8468f8e-8ef4-11f1-9b18-005056b2a5de,03__BLA__GIZ__MAT__90,Kho Kệ,Cái,Kho Kệ,10.0,,49.0,,50.0,,9.0,,670,0,09d24ef3-cf0a-43a4-8ee3-aefde59d6f00,09d24ef3-cf0a-43a4-8ee3-aefde59d6f00,2,False,b988edc0-8ef4-11f1-9b18-005056b2a5de,03__BLA__GIZ__MAT__90,GIZZA Bánh Tươi Matcha 90g,Bánh Bông Lan,GIZZA,,aca0e3b9-1e75-496e-84ff-e96c9084f53f,a38f9189-ad87-11ef-a35e-005056b28600,CÔNG TY TNHH THƯƠNG MẠI VÀ DỊCH VỤ MIRA GROUP
b8468f8e-8ef4-11f1-9b18-005056b2a5de,03__BLA__GIZ__ORI__90,GIZZA Bánh Tươi Original 90g,Cái,Tổng,7.0,,79.0,,77.0,,9.0,,671,1,81b50640-2576-4965-ba60-44ee792ee537,,1,True,b988eef9-8ef4-11f1-9b18-005056b2a5de,03__BLA__GIZ__ORI__90,GIZZA Bánh Tươi Original 90g,Bánh Bông Lan,GIZZA,,,a38f9189-ad87-11ef-a35e-005056b28600,
b8468f8e-8ef4-11f1-9b18-005056b2a5de,03__BLA__GIZ__ORI__90,Kho Kệ,Cái,Kho Kệ,7.0,,79.0,,77.0,,9.0,,672,0,81b50640-2576-4965-ba60-44ee792ee537,81b50640-2576-4965-ba60-44ee792ee537,2,False,b988f014-8ef4-11f1-9b18-005056b2a5de,03__BLA__GIZ__ORI__90,GIZZA Bánh Tươi Original 90g,Bánh Bông Lan,GIZZA,,aca0e3b9-1e75-496e-84ff-e96c9084f53f,a38f9189-ad87-11ef-a35e-005056b28600,CÔNG TY TNHH THƯƠNG MẠI VÀ DỊCH VỤ MIRA GROUP
b8468f8e-8ef4-11f1-9b18-005056b2a5de,03__BLA__HCA__DUA__25,HURA Castella Bánh Ăn Sáng Xốt Phô Mai Dừa Bịch 25g,Bịch,Tổng,48.0,,0.0,,0.0,,48.0,,673,1,d527d586-40e6-48ae-b508-1ce429c08011,,1,True,b988f145-8ef4-11f1-9b18-005056b2a5de,03__BLA__HCA__DUA__25,HURA Castella Bánh Ăn Sáng Xốt Phô Mai Dừa Bịch 25g,Bánh Bông Lan,HURA Castella,,,a38f9189-ad87-11ef-a35e-005056b28600,
b8468f8e-8ef4-11f1-9b18-005056b2a5de,03__BLA__HCA__DUA__25,Kho Kệ,Bịch,Kho Kệ,48.0,,0.0,,0.0,,48.0,,674,0,d527d586-40e6-48ae-b508-1ce429c08011,d527d586-40e6-48ae-b508-1ce429c08011,2,False,b988f271-8ef4-11f1-9b18-005056b2a5de,03__BLA__HCA__DUA__25,HURA Castella Bánh Ăn Sáng Xốt Phô Mai Dừa Bịch 25g,Bánh Bông Lan,HURA Castella,,aca0e3b9-1e75-496e-84ff-e96c9084f53f,a38f9189-ad87-11ef-a35e-005056b28600,CÔNG TY TNHH THƯƠNG MẠI VÀ DỊCH VỤ MIRA GROUP
b8468f8e-8ef4-11f1-9b18-005056b2a5de,03__BLA__HCA__PMI__25,HURA Castella Bánh Ăn Sáng Xốt Phô Mai Trứng Muối Bịch 25g,Bịch,Tổng,3.0,,0.0,,0.0,,3.0,,675,1,a7cdc2a9-ea2e-47d0-8db9-8a819848dd79,,1,True,b988f3ab-8ef4-11f1-9b18-005056b2a5de,03__BLA__HCA__PMI__25,HURA Castella Bánh Ăn Sáng Xốt Phô Mai Trứng Muối Bịch 25g,Bánh Bông Lan,HURA Castella,,,a38f9189-ad87-11ef-a35e-005056b28600,
b8468f8e-8ef4-11f1-9b18-005056b2a5de,03__BLA__HCA__PMI__25,Kho Kệ,Bịch,Kho Kệ,3.0,,0.0,,0.0,,3.0,,676,0,a7cdc2a9-ea2e-47d0-8db9-8a819848dd79,a7cdc2a9-ea2e-47d0-8db9-8a819848dd79,2,False,b988f4d0-8ef4-11f1-9b18-005056b2a5de,03__BLA__HCA__PMI__25,HURA Castella Bánh Ăn Sáng Xốt Phô Mai Trứng Muối Bịch 25g,Bánh Bông Lan,HURA Castella,,aca0e3b9-1e75-496e-84ff-e96c9084f53f,a38f9189-ad87-11ef-a35e-005056b28600,CÔNG TY TNHH THƯƠNG MẠI VÀ DỊCH VỤ MIRA GROUP
b8468f8e-8ef4-11f1-9b18-005056b2a5de,03__BLA__HDE__BSA__168,HURA DELI Bánh Bông Lan Bơ Sữa Gói Nhỏ,Hộp,Tổng,21.0,,0.0,,1.0,,20.0,,677,1,b5ee4c19-4ea9-45ea-80b8-ae6c8c1528e8,,1,True,b988f6fd-8ef4-11f1-9b18-005056b2a5de,03__BLA__HDE__BSA__168,HURA DELI Bánh Bông Lan Bơ Sữa Gói Nhỏ,Bánh Bông Lan,HURA DELI,,,a38f9189-ad87-11ef-a35e-005056b28600,
b8468f8e-8ef4-11f1-9b18-005056b2a5de,03__BLA__HDE__BSA__168,Kho Kệ,Hộp,Kho Kệ,21.0,,0.0,,1.0,,20.0,,678,0,b5ee4c19-4ea9-45ea-80b8-ae6c8c1528e8,b5ee4c19-4ea9-45ea-80b8-ae6c8c1528e8,2,False,b988fa66-8ef4-11f1-9b18-005056b2a5de,03__BLA__HDE__BSA__168,HURA DELI Bánh Bông Lan Bơ Sữa Gói Nhỏ,Bánh Bông Lan,HURA DELI,,aca0e3b9-1e75-496e-84ff-e96c9084f53f,a38f9189-ad87-11ef-a35e-005056b28600,CÔNG TY TNHH THƯƠNG MẠI VÀ DỊCH VỤ MIRA GROUP
b8468f8e-8ef4-11f1-9b18-005056b2a5de,03__BLA__HDE__CDA__168,HURA DELI Bánh Bông Lan Cốm Dừa Gói Nhỏ,Hộp,Tổng,-10.0,,0.0,,2.0,,-12.0,,679,1,e7122cda-af6b-41cb-abc3-25008e0f15d6,,1,True,b988fbfc-8ef4-11f1-9b18-005056b2a5de,03__BLA__HDE__CDA__168,HURA DELI Bánh Bông Lan Cốm Dừa Gói Nhỏ,Bánh Bông Lan,HURA DELI,,,a38f9189-ad87-11ef-a35e-005056b28600,
b8468f8e-8ef4-11f1-9b18-005056b2a5de,03__BLA__HDE__CDA__168,Kho Kệ,Hộp,Kho Kệ,-10.0,,0.0,,2.0,,-12.0,,680,0,e7122cda-af6b-41cb-abc3-25008e0f15d6,e7122cda-af6b-41cb-abc3-25008e0f15d6,2,False,b988fcd9-8ef4-11f1-9b18-005056b2a5de,03__BLA__HDE__CDA__168,HURA DELI Bánh Bông Lan Cốm Dừa Gói Nhỏ,Bánh Bông Lan,HURA DELI,,aca0e3b9-1e75-496e-84ff-e96c9084f53f,a38f9189-ad87-11ef-a35e-005056b28600,CÔNG TY TNHH THƯƠNG MẠI VÀ DỊCH VỤ MIRA GROUP
b8468f8e-8ef4-11f1-9b18-005056b2a5de,03__BLA__HSW__DAU__36,HURA Swissroll Bánh Trứng Cuộn Kem Dâu 36g,Hộp,Tổng,14.0,,0.0,,3.0,,11.0,,681,1,49880b41-109e-4ea8-8b4b-5c28aa6a0589,,1,True,b988fdb5-8ef4-11f1-9b18-005056b2a5de,03__BLA__HSW__DAU__36,HURA Swissroll Bánh Trứng Cuộn Kem Dâu 36g,Bánh Bông Lan,HURA Swissroll,,,a38f9189-ad87-11ef-a35e-005056b28600,
b8468f8e-8ef4-11f1-9b18-005056b2a5de,03__BLA__HSW__DAU__36,Kho Kệ,Hộp,Kho Kệ,14.0,,0.0,,3.0,,11.0,,682,0,49880b41-109e-4ea8-8b4b-5c28aa6a0589,49880b41-109e-4ea8-8b4b-5c28aa6a0589,2,False,b988fe7d-8ef4-11f1-9b18-005056b2a5de,03__BLA__HSW__DAU__36,HURA Swissroll Bánh Trứng Cuộn Kem Dâu 36g,Bánh Bông Lan,HURA Swissroll,,aca0e3b9-1e75-496e-84ff-e96c9084f53f,a38f9189-ad87-11ef-a35e-005056b28600,CÔNG TY TNHH THƯƠNG MẠI VÀ DỊCH VỤ MIRA GROUP
b8468f8e-8ef4-11f1-9b18-005056b2a5de,03__BLA__HSW__SUA__36,HURA Swissroll Bánh Trứng Cuộn Kem Hương Bơ Sữa 36g,Hộp,Tổng,14.0,,0.0,,10.0,,4.0,,683,1,0591e389-1773-4405-b55b-e6dd778b6d06,,1,True,b989002e-8ef4-11f1-9b18-005056b2a5de,03__BLA__HSW__SUA__36,HURA Swissroll Bánh Trứng Cuộn Kem Hương Bơ Sữa 36g,Bánh Bông Lan,HURA Swissroll,,,a38f9189-ad87-11ef-a35e-005056b28600,
b8468f8e-8ef4-11f1-9b18-005056b2a5de,03__BLA__HSW__SUA__36,Kho Kệ,Hộp,Kho Kệ,14.0,,0.0,,10.0,,4.0,,684,0,0591e389-1773-4405-b55b-e6dd778b6d06,0591e389-1773-4405-b55b-e6dd778b6d06,2,False,b989010f-8ef4-11f1-9b18-005056b2a5de,03__BLA__HSW__SUA__36,HURA Swissroll Bánh Trứng Cuộn Kem Hương Bơ Sữa 36g,Bánh Bông Lan,HURA Swissroll,,aca0e3b9-1e75-496e-84ff-e96c9084f53f,a38f9189-ad87-11ef-a35e-005056b28600,CÔNG TY TNHH THƯƠNG MẠI VÀ DỊCH VỤ MIRA GROUP
b8468f8e-8ef4-11f1-9b18-005056b2a5de,03__BLA__LOT__BOU__324,LOTTE Chocolat Bánh Bouchee Vị Socola,Hộp,Tổng,47.0,,0.0,,11.0,,36.0,,685,1,a09739ac-d08c-49c5-8249-73050d275463,,1,True,b9890396-8ef4-11f1-9b18-005056b2a5de,03__BLA__LOT__BOU__324,LOTTE Chocolat Bánh Bouchee Vị Socola,Bánh Bông Lan,LOTTE Chocolat,,,a38f9189-ad87-11ef-a35e-005056b28600,
b8468f8e-8ef4-11f1-9b18-005056b2a5de,03__BLA__LOT__BOU__324,Kho Kệ,Hộp,Kho Kệ,47.0,,0.0,,11.0,,36.0,,686,0,a09739ac-d08c-49c5-8249-73050d275463,a09739ac-d08c-49c5-8249-73050d275463,2,False,b989046f-8ef4-11f1-9b18-005056b2a5de,03__BLA__LOT__BOU__324,LOTTE Chocolat Bánh Bouchee Vị Socola,Bánh Bông Lan,LOTTE Chocolat,,aca0e3b9-1e75-496e-84ff-e96c9084f53f,a38f9189-ad87-11ef-a35e-005056b28600,CÔNG TY TNHH THƯƠNG MẠI VÀ DỊCH VỤ MIRA GROUP
b8468f8e-8ef4-11f1-9b18-005056b2a5de,03__BLA__LOT__SOC__169,LOTTE Chocolat Bánh Socola,Hộp,Tổng,1.0,,0.0,,0.0,,1.0,,687,1,a9399f1b-08c1-431d-b1c3-6150b6df99ea,,1,True,b9890540-8ef4-11f1-9b18-005056b2a5de,03__BLA__LOT__SOC__169,LOTTE Chocolat Bánh Socola,Bánh Bông Lan,LOTTE Chocolat,,,a38f9189-ad87-11ef-a35e-005056b28600,
b8468f8e-8ef4-11f1-9b18-005056b2a5de,03__BLA__LOT__SOC__169,Kho Kệ,Hộp,Kho Kệ,1.0,,0.0,,0.0,,1.0,,688,0,a9399f1b-08c1-431d-b1c3-6150b6df99ea,a9399f1b-08c1-431d-b1c3-6150b6df99ea,2,False,b989060d-8ef4-11f1-9b18-005056b2a5de,03__BLA__LOT__SOC__169,LOTTE Chocolat Bánh Socola,Bánh Bông Lan,LOTTE Chocolat,,aca0e3b9-1e75-496e-84ff-e96c9084f53f,a38f9189-ad87-11ef-a35e-005056b28600,CÔNG TY TNHH THƯƠNG MẠI VÀ DỊCH VỤ MIRA GROUP
b8468f8e-8ef4-11f1-9b18-005056b2a5de,03__BLA__LOT__SOC__340,LOTTE Chocolat Bánh Socola Pie,Hộp,Tổng,47.0,,0.0,,9.0,,38.0,,689,1,96ee8428-419b-4e3a-a949-c75afd07a994,,1,True,b98906f3-8ef4-11f1-9b18-005056b2a5de,03__BLA__LOT__SOC__340,LOTTE Chocolat Bánh Socola Pie,Bánh Bông Lan,LOTTE Chocolat,,,a38f9189-ad87-11ef-a35e-005056b28600,
b8468f8e-8ef4-11f1-9b18-005056b2a5de,03__BLA__LOT__SOC__340,Kho Kệ,Hộp,Kho Kệ,47.0,,0.0,,9.0,,38.0,,690,0,96ee8428-419b-4e3a-a949-c75afd07a994,96ee8428-419b-4e3a-a949-c75afd07a994,2,False,b98907fb-8ef4-11f1-9b18-005056b2a5de,03__BLA__LOT__SOC__340,LOTTE Chocolat Bánh Socola Pie,Bánh Bông Lan,LOTTE Chocolat,,aca0e3b9-1e75-496e-84ff-e96c9084f53f,a38f9189-ad87-11ef-a35e-005056b28600,CÔNG TY TNHH THƯƠNG MẠI VÀ DỊCH VỤ MIRA GROUP
b8468f8e-8ef4-11f1-9b18-005056b2a5de,03__BLA__LOT__TXH__169,LOTTE Chocolat Bánh Trà Xanh,Hộp,Tổng,1.0,,0.0,,0.0,,1.0,,691,1,e6248444-1ad9-4a2c-9336-16342b953831,,1,True,b98908d1-8ef4-11f1-9b18-005056b2a5de,03__BLA__LOT__TXH__169,LOTTE Chocolat Bánh Trà Xanh,Bánh Bông Lan,LOTTE Chocolat,,,a38f9189-ad87-11ef-a35e-005056b28600,
b8468f8e-8ef4-11f1-9b18-005056b2a5de,03__BLA__LOT__TXH__169,Kho Kệ,Hộp,Kho Kệ,1.0,,0.0,,0.0,,1.0,,692,0,e6248444-1ad9-4a2c-9336-16342b953831,e6248444-1ad9-4a2c-9336-16342b953831,2,False,b989099b-8ef4-11f1-9b18-005056b2a5de,03__BLA__LOT__TXH__169,LOTTE Chocolat Bánh Trà Xanh,Bánh Bông Lan,LOTTE Chocolat,,aca0e3b9-1e75-496e-84ff-e96c9084f53f,a38f9189-ad87-11ef-a35e-005056b28600,CÔNG TY TNHH THƯƠNG MẠI VÀ DỊCH VỤ MIRA GROUP
b8468f8e-8ef4-11f1-9b18-005056b2a5de,03__BLA__LOT__TXH__340,LOTTE Chocolate Vị Trà Xanh,Hộp,Tổng,49.0,,0.0,,36.0,,13.0,,693,1,61b4af60-fb64-4c80-87a7-e6c162ee6726,,1,True,b9890a61-8ef4-11f1-9b18-005056b2a5de,03__BLA__LOT__TXH__340,LOTTE Chocolate Vị Trà Xanh,Bánh Bông Lan,LOTTE Chocolat,,,a38f9189-ad87-11ef-a35e-005056b28600,
b8468f8e-8ef4-11f1-9b18-005056b2a5de,03__BLA__LOT__TXH__340,Kho Kệ,Hộp,Kho Kệ,49.0,,0.0,,36.0,,13.0,,694,0,61b4af60-fb64-4c80-87a7-e6c162ee6726,61b4af60-fb64-4c80-87a7-e6c162ee6726,2,False,b9890b69-8ef4-11f1-9b18-005056b2a5de,03__BLA__LOT__TXH__340,LOTTE Chocolate Vị Trà Xanh,Bánh Bông Lan,LOTTE Chocolat,,aca0e3b9-1e75-496e-84ff-e96c9084f53f,a38f9189-ad87-11ef-a35e-005056b28600,CÔNG TY TNHH THƯƠNG MẠI VÀ DỊCH VỤ MIRA GROUP
b8468f8e-8ef4-11f1-9b18-005056b2a5de,03__BLA__OCC__PK2__73,ORION Chocopie 72.6g (2 gói),Hộp,Tổng,1.0,,0.0,,0.0,,1.0,,695,1,289c1db3-bc0b-4f05-82ea-2a3f18c06b5d,,1,True,b9890d95-8ef4-11f1-9b18-005056b2a5de,03__BLA__OCC__PK2__73,ORION Chocopie 72.6g (2 gói),Bánh Bông Lan,ORION Chocopie,,,a38f9189-ad87-11ef-a35e-005056b28600,
b8468f8e-8ef4-11f1-9b18-005056b2a5de,03__BLA__OCC__PK2__73,Kho Kệ,Hộp,Kho Kệ,1.0,,0.0,,0.0,,1.0,,696,0,289c1db3-bc0b-4f05-82ea-2a3f18c06b5d,289c1db3-bc0b-4f05-82ea-2a3f18c06b5d,2,False,b9890ecd-8ef4-11f1-9b18-005056b2a5de,03__BLA__OCC__PK2__73,ORION Chocopie 72.6g (2 gói),Bánh Bông Lan,ORION Chocopie,,aca0e3b9-1e75-496e-84ff-e96c9084f53f,a38f9189-ad87-11ef-a35e-005056b28600,CÔNG TY TNHH THƯƠNG MẠI VÀ DỊCH VỤ MIRA GROUP
b8468f8e-8ef4-11f1-9b18-005056b2a5de,03__BLA__OCC__PK6__218,ORION Chocopie,Hộp,Tổng,28.0,,102.0,,26.0,,104.0,,697,1,0cde41c2-c1ce-4c30-a3a5-43f68729bffb,,1,True,b9890ff8-8ef4-11f1-9b18-005056b2a5de,03__BLA__OCC__PK6__218,ORION Chocopie,Bánh Bông Lan,ORION Chocopie,,,a38f9189-ad87-11ef-a35e-005056b28600,
b8468f8e-8ef4-11f1-9b18-005056b2a5de,03__BLA__OCC__PK6__218,Kho Kệ,Hộp,Kho Kệ,28.0,,102.0,,26.0,,104.0,,698,0,0cde41c2-c1ce-4c30-a3a5-43f68729bffb,0cde41c2-c1ce-4c30-a3a5-43f68729bffb,2,False,b9891136-8ef4-11f1-9b18-005056b2a5de,03__BLA__OCC__PK6__218,ORION Chocopie,Bánh Bông Lan,ORION Chocopie,,aca0e3b9-1e75-496e-84ff-e96c9084f53f,a38f9189-ad87-11ef-a35e-005056b28600,CÔNG TY TNHH THƯƠNG MẠI VÀ DỊCH VỤ MIRA GROUP
b8468f8e-8ef4-11f1-9b18-005056b2a5de,03__BLA__OCT__PK6__141,ORION Custas Nhân Kem Gói Nhỏ,Hộp,Tổng,40.0,,0.0,,7.0,,33.0,,699,1,a0720f5c-adb7-4aa6-9e23-b92ba8c8a853,,1,True,b989127d-8ef4-11f1-9b18-005056b2a5de,03__BLA__OCT__PK6__141,ORION Custas Nhân Kem Gói Nhỏ,Bánh Bông Lan,ORION Custas,,,a38f9189-ad87-11ef-a35e-005056b28600,
b8468f8e-8ef4-11f1-9b18-005056b2a5de,03__BLA__OCT__PK6__141,Kho Kệ,Hộp,Kho Kệ,40.0,,0.0,,7.0,,33.0,,700,0,a0720f5c-adb7-4aa6-9e23-b92ba8c8a853,a0720f5c-adb7-4aa6-9e23-b92ba8c8a853,2,False,b98913bd-8ef4-11f1-9b18-005056b2a5de,03__BLA__OCT__PK6__141,ORION Custas Nhân Kem Gói Nhỏ,Bánh Bông Lan,ORION Custas,,aca0e3b9-1e75-496e-84ff-e96c9084f53f,a38f9189-ad87-11ef-a35e-005056b28600,CÔNG TY TNHH THƯƠNG MẠI VÀ DỊCH VỤ MIRA GROUP
b8468f8e-8ef4-11f1-9b18-005056b2a5de,03__BMI__KDY__BBQ__30,KIDO Dora-yaki Bánh Xốt BBQ Bịch 30g,Bịch,Tổng,35.0,,35.0,,33.0,,37.0,,701,1,98158487-b992-4075-9480-26b418c5a0ef,,1,True,b9891516-8ef4-11f1-9b18-005056b2a5de,03__BMI__KDY__BBQ__30,KIDO Dora-yaki Bánh Xốt BBQ Bịch 30g,Bánh Mì Mềm,KIDO Dora-yaki,,,a38f9189-ad87-11ef-a35e-005056b28600,
b8468f8e-8ef4-11f1-9b18-005056b2a5de,03__BMI__KDY__BBQ__30,Kho Kệ,Bịch,Kho Kệ,35.0,,35.0,,33.0,,37.0,,702,0,98158487-b992-4075-9480-26b418c5a0ef,98158487-b992-4075-9480-26b418c5a0ef,2,False,b9891653-8ef4-11f1-9b18-005056b2a5de,03__BMI__KDY__BBQ__30,KIDO Dora-yaki Bánh Xốt BBQ Bịch 30g,Bánh Mì Mềm,KIDO Dora-yaki,,aca0e3b9-1e75-496e-84ff-e96c9084f53f,a38f9189-ad87-11ef-a35e-005056b28600,CÔNG TY TNHH THƯƠNG MẠI VÀ DỊCH VỤ MIRA GROUP
b8468f8e-8ef4-11f1-9b18-005056b2a5de,03__BMI__KDY__DDO__30,KIDO Dora-yaki Bánh Đậu Đỏ,Bịch,Tổng,25.0,,35.0,,40.0,,20.0,,703,1,87f218fb-764c-4b2a-9389-d0d38c02228d,,1,True,b98917cd-8ef4-11f1-9b18-005056b2a5de,03__BMI__KDY__DDO__30,KIDO Dora-yaki Bánh Đậu Đỏ,Bánh Mì Mềm,KIDO Dora-yaki,,,a38f9189-ad87-11ef-a35e-005056b28600,
b8468f8e-8ef4-11f1-9b18-005056b2a5de,03__BMI__KDY__DDO__30,Kho Kệ,Bịch,Kho Kệ,25.0,,35.0,,40.0,,20.0,,704,0,87f218fb-764c-4b2a-9389-d0d38c02228d,87f218fb-764c-4b2a-9389-d0d38c02228d,2,False,b98918fb-8ef4-11f1-9b18-005056b2a5de,03__BMI__KDY__DDO__30,KIDO Dora-yaki Bánh Đậu Đỏ,Bánh Mì Mềm,KIDO Dora-yaki,,aca0e3b9-1e75-496e-84ff-e96c9084f53f,a38f9189-ad87-11ef-a35e-005056b28600,CÔNG TY TNHH THƯƠNG MẠI VÀ DỊCH VỤ MIRA GROUP
b8468f8e-8ef4-11f1-9b18-005056b2a5de,03__BMI__KDY__PMI__30,KIDO Dora-yaki Bánh Chà Bông Xốt Phô Mai Bịch 30g,Bịch,Tổng,44.0,,35.0,,53.0,,26.0,,705,1,01392e5a-9636-4c15-b75a-01a9d5c1548d,,1,True,b9891a16-8ef4-11f1-9b18-005056b2a5de,03__BMI__KDY__PMI__30,KIDO Dora-yaki Bánh Chà Bông Xốt Phô Mai Bịch 30g,Bánh Mì Mềm,KIDO Dora-yaki,,,a38f9189-ad87-11ef-a35e-005056b28600,
b8468f8e-8ef4-11f1-9b18-005056b2a5de,03__BMI__KDY__PMI__30,Kho Kệ,Bịch,Kho Kệ,19.0,,35.0,,53.0,,1.0,,706,0,01392e5a-9636-4c15-b75a-01a9d5c1548d,01392e5a-9636-4c15-b75a-01a9d5c1548d,2,False,b9891b45-8ef4-11f1-9b18-005056b2a5de,03__BMI__KDY__PMI__30,KIDO Dora-yaki Bánh Chà Bông Xốt Phô Mai Bịch 30g,Bánh Mì Mềm,KIDO Dora-yaki,,aca0e3b9-1e75-496e-84ff-e96c9084f53f,a38f9189-ad87-11ef-a35e-005056b28600,CÔNG TY TNHH THƯƠNG MẠI VÀ DỊCH VỤ MIRA GROUP
b8468f8e-8ef4-11f1-9b18-005056b2a5de,03__BMI__KDY__PMI__30,Kho MIRA,Bịch,Kho MIRA,25.0,,0.0,,0.0,,25.0,,707,0,01392e5a-9636-4c15-b75a-01a9d5c1548d,01392e5a-9636-4c15-b75a-01a9d5c1548d,2,False,b9891c29-8ef4-11f1-9b18-005056b2a5de,03__BMI__KDY__PMI__30,KIDO Dora-yaki Bánh Chà Bông Xốt Phô Mai Bịch 30g,Bánh Mì Mềm,KIDO Dora-yaki,,485b5d06-306c-11f0-b467-005056b34af7,a38f9189-ad87-11ef-a35e-005056b28600,CÔNG TY TNHH THƯƠNG MẠI VÀ DỊCH VỤ MIRA GROUP
b8468f8e-8ef4-11f1-9b18-005056b2a5de,03__BMI__KDY__SOC__30,KIDO Dora-yaki Bánh Vị Socola,Bịch,Tổng,42.0,,70.0,,62.0,,50.0,,708,1,6783a387-2e7d-4068-a9b9-0ddc67304322,,1,True,b9891e20-8ef4-11f1-9b18-005056b2a5de,03__BMI__KDY__SOC__30,KIDO Dora-yaki Bánh Vị Socola,Bánh Mì Mềm,KIDO Dora-yaki,,,a38f9189-ad87-11ef-a35e-005056b28600,
b8468f8e-8ef4-11f1-9b18-005056b2a5de,03__BMI__KDY__SOC__30,Kho Kệ,Bịch,Kho Kệ,22.0,,70.0,,62.0,,30.0,,709,0,6783a387-2e7d-4068-a9b9-0ddc67304322,6783a387-2e7d-4068-a9b9-0ddc67304322,2,False,b9891f3e-8ef4-11f1-9b18-005056b2a5de,03__BMI__KDY__SOC__30,KIDO Dora-yaki Bánh Vị Socola,Bánh Mì Mềm,KIDO Dora-yaki,,aca0e3b9-1e75-496e-84ff-e96c9084f53f,a38f9189-ad87-11ef-a35e-005056b28600,CÔNG TY TNHH THƯƠNG MẠI VÀ DỊCH VỤ MIRA GROUP
b8468f8e-8ef4-11f1-9b18-005056b2a5de,03__BMI__KDY__SOC__30,Kho MIRA,Bịch,Kho MIRA,20.0,,0.0,,0.0,,20.0,,710,0,6783a387-2e7d-4068-a9b9-0ddc67304322,6783a387-2e7d-4068-a9b9-0ddc67304322,2,False,b9892046-8ef4-11f1-9b18-005056b2a5de,03__BMI__KDY__SOC__30,KIDO Dora-yaki Bánh Vị Socola,Bánh Mì Mềm,KIDO Dora-yaki,,485b5d06-306c-11f0-b467-005056b34af7,a38f9189-ad87-11ef-a35e-005056b28600,CÔNG TY TNHH THƯƠNG MẠI VÀ DỊCH VỤ MIRA GROUP
b8468f8e-8ef4-11f1-9b18-005056b2a5de,03__BMI__KDY__TMI__30,KIDO Dora-yaki Bánh Chà Bông Xốt Trứng Muối Bịch 30g,Bịch,Tổng,13.0,,35.0,,26.0,,22.0,,711,1,52ca55bc-51e5-4925-a5b6-d73f29badfdd,,1,True,b989217e-8ef4-11f1-9b18-005056b2a5de,03__BMI__KDY__TMI__30,KIDO Dora-yaki Bánh Chà Bông Xốt Trứng Muối Bịch 30g,Bánh Mì Mềm,KIDO Dora-yaki,,,a38f9189-ad87-11ef-a35e-005056b28600,
b8468f8e-8ef4-11f1-9b18-005056b2a5de,03__BMI__KDY__TMI__30,Kho Kệ,Bịch,Kho Kệ,13.0,,35.0,,26.0,,22.0,,712,0,52ca55bc-51e5-4925-a5b6-d73f29badfdd,52ca55bc-51e5-4925-a5b6-d73f29badfdd,2,False,b9892272-8ef4-11f1-9b18-005056b2a5de,03__BMI__KDY__TMI__30,KIDO Dora-yaki Bánh Chà Bông Xốt Trứng Muối Bịch 30g,Bánh Mì Mềm,KIDO Dora-yaki,,aca0e3b9-1e75-496e-84ff-e96c9084f53f,a38f9189-ad87-11ef-a35e-005056b28600,CÔNG TY TNHH THƯƠNG MẠI VÀ DỊCH VỤ MIRA GROUP
b8468f8e-8ef4-11f1-9b18-005056b2a5de,03__BMI__KDY__XBO__150,KIDO Dora-yaki Bánh Chà Bông Xốt Bơ 150g,Bịch,Tổng,48.0,,35.0,,30.0,,53.0,,713,1,9f04550c-3924-4e2a-923f-b36d53ee4c55,,1,True,b9892344-8ef4-11f1-9b18-005056b2a5de,03__BMI__KDY__XBO__150,KIDO Dora-yaki Bánh Chà Bông Xốt Bơ 150g,Bánh Mì Mềm,KIDO Dora-yaki,,,a38f9189-ad87-11ef-a35e-005056b28600,
b8468f8e-8ef4-11f1-9b18-005056b2a5de,03__BMI__KDY__XBO__150,Kho Kệ,Bịch,Kho Kệ,28.0,,35.0,,30.0,,33.0,,714,0,9f04550c-3924-4e2a-923f-b36d53ee4c55,9f04550c-3924-4e2a-923f-b36d53ee4c55,2,False,b9892408-8ef4-11f1-9b18-005056b2a5de,03__BMI__KDY__XBO__150,KIDO Dora-yaki Bánh Chà Bông Xốt Bơ 150g,Bánh Mì Mềm,KIDO Dora-yaki,,aca0e3b9-1e75-496e-84ff-e96c9084f53f,a38f9189-ad87-11ef-a35e-005056b28600,CÔNG TY TNHH THƯƠNG MẠI VÀ DỊCH VỤ MIRA GROUP
b8468f8e-8ef4-11f1-9b18-005056b2a5de,03__BMI__KDY__XBO__150,Kho MIRA,Bịch,Kho MIRA,20.0,,0.0,,0.0,,20.0,,715,0,9f04550c-3924-4e2a-923f-b36d53ee4c55,9f04550c-3924-4e2a-923f-b36d53ee4c55,2,False,b98924cc-8ef4-11f1-9b18-005056b2a5de,03__BMI__KDY__XBO__150,KIDO Dora-yaki Bánh Chà Bông Xốt Bơ 150g,Bánh Mì Mềm,KIDO Dora-yaki,,485b5d06-306c-11f0-b467-005056b34af7,a38f9189-ad87-11ef-a35e-005056b28600,CÔNG TY TNHH THƯƠNG MẠI VÀ DỊCH VỤ MIRA GROUP
b8468f8e-8ef4-11f1-9b18-005056b2a5de,03__BMI__KID__CUC__80,KIDO Bánh Mì Hoa Cúc 80g,Bịch,Tổng,0.0,,10.0,,7.0,,3.0,,716,1,feb1ef9f-3223-44ce-86ed-443656b39259,,1,True,b9892595-8ef4-11f1-9b18-005056b2a5de,03__BMI__KID__CUC__80,KIDO Bánh Mì Hoa Cúc 80g,Bánh Mì Mềm,KIDO,,,a38f9189-ad87-11ef-a35e-005056b28600,
b8468f8e-8ef4-11f1-9b18-005056b2a5de,03__BMI__KID__CUC__80,Kho Kệ,Bịch,Kho Kệ,0.0,,10.0,,7.0,,3.0,,717,0,feb1ef9f-3223-44ce-86ed-443656b39259,feb1ef9f-3223-44ce-86ed-443656b39259,2,False,b9892662-8ef4-11f1-9b18-005056b2a5de,03__BMI__KID__CUC__80,KIDO Bánh Mì Hoa Cúc 80g,Bánh Mì Mềm,KIDO,,aca0e3b9-1e75-496e-84ff-e96c9084f53f,a38f9189-ad87-11ef-a35e-005056b28600,CÔNG TY TNHH THƯƠNG MẠI VÀ DỊCH VỤ MIRA GROUP
b8468f8e-8ef4-11f1-9b18-005056b2a5de,03__BMI__KID__DLO__40,KIDO Bánh Phô Mai Castella Hương Vị Đài Loan 40g,Bịch,Tổng,22.0,,20.0,,32.0,,10.0,,718,1,bdaeebf2-3361-47d1-82ae-c0ed5caf3436,,1,True,b9892732-8ef4-11f1-9b18-005056b2a5de,03__BMI__KID__DLO__40,KIDO Bánh Phô Mai Castella Hương Vị Đài Loan 40g,,KIDO Dora-yaki,,,a38f9189-ad87-11ef-a35e-005056b28600,
b8468f8e-8ef4-11f1-9b18-005056b2a5de,03__BMI__KID__DLO__40,Kho Kệ,Bịch,Kho Kệ,22.0,,20.0,,32.0,,10.0,,719,0,bdaeebf2-3361-47d1-82ae-c0ed5caf3436,bdaeebf2-3361-47d1-82ae-c0ed5caf3436,2,False,b98927fc-8ef4-11f1-9b18-005056b2a5de,03__BMI__KID__DLO__40,KIDO Bánh Phô Mai Castella Hương Vị Đài Loan 40g,,KIDO Dora-yaki,,aca0e3b9-1e75-496e-84ff-e96c9084f53f,a38f9189-ad87-11ef-a35e-005056b28600,CÔNG TY TNHH THƯƠNG MẠI VÀ DỊCH VỤ MIRA GROUP
b8468f8e-8ef4-11f1-9b18-005056b2a5de,03__BMI__KID__HKK__55,KIDO Bánh Gà Nướng Xốt Hồng Kong 55g,Bịch,Tổng,24.0,,5.0,,24.0,,5.0,,720,1,f9d5aef6-9d2b-4618-b308-ee3d78e55d67,,1,True,b98928ea-8ef4-11f1-9b18-005056b2a5de,03__BMI__KID__HKK__55,KIDO Bánh Gà Nướng Xốt Hồng Kong 55g,Bánh Mì Mềm,KIDO,,,a38f9189-ad87-11ef-a35e-005056b28600,
b8468f8e-8ef4-11f1-9b18-005056b2a5de,03__BMI__KID__HKK__55,Kho Kệ,Bịch,Kho Kệ,24.0,,5.0,,24.0,,5.0,,721,0,f9d5aef6-9d2b-4618-b308-ee3d78e55d67,f9d5aef6-9d2b-4618-b308-ee3d78e55d67,2,False,b98929a7-8ef4-11f1-9b18-005056b2a5de,03__BMI__KID__HKK__55,KIDO Bánh Gà Nướng Xốt Hồng Kong 55g,Bánh Mì Mềm,KIDO,,aca0e3b9-1e75-496e-84ff-e96c9084f53f,a38f9189-ad87-11ef-a35e-005056b28600,CÔNG TY TNHH THƯƠNG MẠI VÀ DỊCH VỤ MIRA GROUP
b8468f8e-8ef4-11f1-9b18-005056b2a5de,03__BMI__KID__SGP__55,KIDO Bánh Chà Bông Xốt Sigapore 55g,Bịch,Tổng,17.0,,30.0,,38.0,,9.0,,722,1,9dc12ba5-b66f-41e1-9228-9f2d4247546b,,1,True,b9892a6c-8ef4-11f1-9b18-005056b2a5de,03__BMI__KID__SGP__55,KIDO Bánh Chà Bông Xốt Sigapore 55g,Bánh Mì Mềm,KIDO,,,a38f9189-ad87-11ef-a35e-005056b28600,
b8468f8e-8ef4-11f1-9b18-005056b2a5de,03__BMI__KID__SGP__55,Kho Kệ,Bịch,Kho Kệ,17.0,,30.0,,38.0,,9.0,,723,0,9dc12ba5-b66f-41e1-9228-9f2d4247546b,9dc12ba5-b66f-41e1-9228-9f2d4247546b,2,False,b9892b35-8ef4-11f1-9b18-005056b2a5de,03__BMI__KID__SGP__55,KIDO Bánh Chà Bông Xốt Sigapore 55g,Bánh Mì Mềm,KIDO,,aca0e3b9-1e75-496e-84ff-e96c9084f53f,a38f9189-ad87-11ef-a35e-005056b28600,CÔNG TY TNHH THƯƠNG MẠI VÀ DỊCH VỤ MIRA GROUP
b8468f8e-8ef4-11f1-9b18-005056b2a5de,03__BMI__KID__SOC__55,KIDO Bánh Mì Vị Socola 55g,Bịch,Tổng,13.0,,30.0,,39.0,,4.0,,724,1,34a2b17e-2e5f-4cfb-90a0-ff59a7427327,,1,True,b9892bfc-8ef4-11f1-9b18-005056b2a5de,03__BMI__KID__SOC__55,KIDO Bánh Mì Vị Socola 55g,Bánh Mì Mềm,KIDO,,,a38f9189-ad87-11ef-a35e-005056b28600,
b8468f8e-8ef4-11f1-9b18-005056b2a5de,03__BMI__KID__SOC__55,Kho Kệ,Bịch,Kho Kệ,13.0,,30.0,,39.0,,4.0,,725,0,34a2b17e-2e5f-4cfb-90a0-ff59a7427327,34a2b17e-2e5f-4cfb-90a0-ff59a7427327,2,False,b9892cbf-8ef4-11f1-9b18-005056b2a5de,03__BMI__KID__SOC__55,KIDO Bánh Mì Vị Socola 55g,Bánh Mì Mềm,KIDO,,aca0e3b9-1e75-496e-84ff-e96c9084f53f,a38f9189-ad87-11ef-a35e-005056b28600,CÔNG TY TNHH THƯƠNG MẠI VÀ DỊCH VỤ MIRA GROUP
b8468f8e-8ef4-11f1-9b18-005056b2a5de,03__BMI__KID__SUA__55,KIDO Bánh Mì Vị Bơ Sữa 55g,Bịch,Tổng,0.0,,20.0,,18.0,,2.0,,726,1,a9b82a10-d3e8-4e19-b568-24a4779baf7f,,1,True,b9892d84-8ef4-11f1-9b18-005056b2a5de,03__BMI__KID__SUA__55,KIDO Bánh Mì Vị Bơ Sữa 55g,Bánh Mì Mềm,KIDO,,,a38f9189-ad87-11ef-a35e-005056b28600,
b8468f8e-8ef4-11f1-9b18-005056b2a5de,03__BMI__KID__SUA__55,Kho Kệ,Bịch,Kho Kệ,0.0,,20.0,,18.0,,2.0,,727,0,a9b82a10-d3e8-4e19-b568-24a4779baf7f,a9b82a10-d3e8-4e19-b568-24a4779baf7f,2,False,b9892e7e-8ef4-11f1-9b18-005056b2a5de,03__BMI__KID__SUA__55,KIDO Bánh Mì Vị Bơ Sữa 55g,Bánh Mì Mềm,KIDO,,aca0e3b9-1e75-496e-84ff-e96c9084f53f,a38f9189-ad87-11ef-a35e-005056b28600,CÔNG TY TNHH THƯƠNG MẠI VÀ DỊCH VỤ MIRA GROUP
b8468f8e-8ef4-11f1-9b18-005056b2a5de,03__BMI__KID__SUA__80,KIDO Bánh Mì 6 Múi Vị Bơ Sữa 80g,Bịch,Tổng,0.0,,10.0,,6.0,,4.0,,728,1,f78ba506-a6cb-43da-86d4-010afa5afd1d,,1,True,b9892f83-8ef4-11f1-9b18-005056b2a5de,03__BMI__KID__SUA__80,KIDO Bánh Mì 6 Múi Vị Bơ Sữa 80g,Bánh Mì Mềm,KIDO,,,a38f9189-ad87-11ef-a35e-005056b28600,
b8468f8e-8ef4-11f1-9b18-005056b2a5de,03__BMI__KID__SUA__80,Kho Kệ,Bịch,Kho Kệ,0.0,,10.0,,6.0,,4.0,,729,0,f78ba506-a6cb-43da-86d4-010afa5afd1d,f78ba506-a6cb-43da-86d4-010afa5afd1d,2,False,b9893111-8ef4-11f1-9b18-005056b2a5de,03__BMI__KID__SUA__80,KIDO Bánh Mì 6 Múi Vị Bơ Sữa 80g,Bánh Mì Mềm,KIDO,,aca0e3b9-1e75-496e-84ff-e96c9084f53f,a38f9189-ad87-11ef-a35e-005056b28600,CÔNG TY TNHH THƯƠNG MẠI VÀ DỊCH VỤ MIRA GROUP
b8468f8e-8ef4-11f1-9b18-005056b2a5de,03__BMI__OCB__BAG__36,ORION C'Est Bon Bánh Baguette Bịch 36g,Bịch,Tổng,-2.0,,15.0,,3.0,,10.0,,730,1,aba8ad40-0c3b-4e23-9f23-be63015d44e8,,1,True,b98931e4-8ef4-11f1-9b18-005056b2a5de,03__BMI__OCB__BAG__36,ORION C'Est Bon Bánh Baguette Bịch 36g,Bánh Mì Mềm,ORION C'Est Bon,,,a38f9189-ad87-11ef-a35e-005056b28600,
b8468f8e-8ef4-11f1-9b18-005056b2a5de,03__BMI__OCB__BAG__36,Kho Kệ,Bịch,Kho Kệ,-2.0,,15.0,,3.0,,10.0,,731,0,aba8ad40-0c3b-4e23-9f23-be63015d44e8,aba8ad40-0c3b-4e23-9f23-be63015d44e8,2,False,b98932a6-8ef4-11f1-9b18-005056b2a5de,03__BMI__OCB__BAG__36,ORION C'Est Bon Bánh Baguette Bịch 36g,Bánh Mì Mềm,ORION C'Est Bon,,aca0e3b9-1e75-496e-84ff-e96c9084f53f,a38f9189-ad87-11ef-a35e-005056b28600,CÔNG TY TNHH THƯƠNG MẠI VÀ DỊCH VỤ MIRA GROUP
b8468f8e-8ef4-11f1-9b18-005056b2a5de,03__BMI__OCB__KPM__101,ORION C'Est Bon Bánh Kem Phô Mai,Bịch,Tổng,46.0,,50.0,,40.0,,56.0,,732,1,4865397a-370d-452a-b572-64d174f600f6,,1,True,b9893378-8ef4-11f1-9b18-005056b2a5de,03__BMI__OCB__KPM__101,ORION C'Est Bon Bánh Kem Phô Mai,Bánh Mì Mềm,ORION C'Est Bon,,,a38f9189-ad87-11ef-a35e-005056b28600,
b8468f8e-8ef4-11f1-9b18-005056b2a5de,03__BMI__OCB__KPM__101,Kho Kệ,Bịch,Kho Kệ,46.0,,50.0,,40.0,,56.0,,733,0,4865397a-370d-452a-b572-64d174f600f6,4865397a-370d-452a-b572-64d174f600f6,2,False,b9893444-8ef4-11f1-9b18-005056b2a5de,03__BMI__OCB__KPM__101,ORION C'Est Bon Bánh Kem Phô Mai,Bánh Mì Mềm,ORION C'Est Bon,,aca0e3b9-1e75-496e-84ff-e96c9084f53f,a38f9189-ad87-11ef-a35e-005056b28600,CÔNG TY TNHH THƯƠNG MẠI VÀ DỊCH VỤ MIRA GROUP
b8468f8e-8ef4-11f1-9b18-005056b2a5de,03__BMI__OCB__MOC__1,ORION C'Est Bon Bánh Mochi Cốm Dừa,Cái,Tổng,24.0,,30.0,,19.0,,35.0,,734,1,87abce21-6cb2-4594-8667-5ec0e2e6634e,,1,True,b989350e-8ef4-11f1-9b18-005056b2a5de,03__BMI__OCB__MOC__1,ORION C'Est Bon Bánh Mochi Cốm Dừa,Bánh Mì Mềm,ORION C'Est Bon,,,a38f9189-ad87-11ef-a35e-005056b28600,
b8468f8e-8ef4-11f1-9b18-005056b2a5de,03__BMI__OCB__MOC__1,Kho Kệ,Cái,Kho Kệ,24.0,,30.0,,19.0,,35.0,,735,0,87abce21-6cb2-4594-8667-5ec0e2e6634e,87abce21-6cb2-4594-8667-5ec0e2e6634e,2,False,b98935db-8ef4-11f1-9b18-005056b2a5de,03__BMI__OCB__MOC__1,ORION C'Est Bon Bánh Mochi Cốm Dừa,Bánh Mì Mềm,ORION C'Est Bon,,aca0e3b9-1e75-496e-84ff-e96c9084f53f,a38f9189-ad87-11ef-a35e-005056b28600,CÔNG TY TNHH THƯƠNG MẠI VÀ DỊCH VỤ MIRA GROUP
b8468f8e-8ef4-11f1-9b18-005056b2a5de,03__BMI__OCB__PMC__147,ORION C'Est Bon Bánh Sandwich,Bịch,Tổng,53.0,,0.0,,37.0,,16.0,,736,1,a08fa467-5fcb-47f1-b943-911a1d1a942d,,1,True,b98936aa-8ef4-11f1-9b18-005056b2a5de,03__BMI__OCB__PMC__147,ORION C'Est Bon Bánh Sandwich,Bánh Mì Mềm,ORION C'Est Bon,,,a38f9189-ad87-11ef-a35e-005056b28600,
b8468f8e-8ef4-11f1-9b18-005056b2a5de,03__BMI__OCB__PMC__147,Kho Kệ,Bịch,Kho Kệ,53.0,,0.0,,37.0,,16.0,,737,0,a08fa467-5fcb-47f1-b943-911a1d1a942d,a08fa467-5fcb-47f1-b943-911a1d1a942d,2,False,b9893764-8ef4-11f1-9b18-005056b2a5de,03__BMI__OCB__PMC__147,ORION C'Est Bon Bánh Sandwich,Bánh Mì Mềm,ORION C'Est Bon,,aca0e3b9-1e75-496e-84ff-e96c9084f53f,a38f9189-ad87-11ef-a35e-005056b28600,CÔNG TY TNHH THƯƠNG MẠI VÀ DỊCH VỤ MIRA GROUP
b8468f8e-8ef4-11f1-9b18-005056b2a5de,03__BMI__OCB__TGA__85,ORION C'Est Bon Bánh Sợi Thịt Gà 85g,Bịch,Tổng,39.0,,5.0,,26.0,,18.0,,738,1,d1ef4875-46cb-4967-999e-160e0a417a79,,1,True,b989384e-8ef4-11f1-9b18-005056b2a5de,03__BMI__OCB__TGA__85,ORION C'Est Bon Bánh Sợi Thịt Gà 85g,Bánh Mì Mềm,ORION C'Est Bon,,,a38f9189-ad87-11ef-a35e-005056b28600,
b8468f8e-8ef4-11f1-9b18-005056b2a5de,03__BMI__OCB__TGA__85,Kho Kệ,Bịch,Kho Kệ,39.0,,5.0,,26.0,,18.0,,739,0,d1ef4875-46cb-4967-999e-160e0a417a79,d1ef4875-46cb-4967-999e-160e0a417a79,2,False,b989390d-8ef4-11f1-9b18-005056b2a5de,03__BMI__OCB__TGA__85,ORION C'Est Bon Bánh Sợi Thịt Gà 85g,Bánh Mì Mềm,ORION C'Est Bon,,aca0e3b9-1e75-496e-84ff-e96c9084f53f,a38f9189-ad87-11ef-a35e-005056b28600,CÔNG TY TNHH THƯƠNG MẠI VÀ DỊCH VỤ MIRA GROUP
b8468f8e-8ef4-11f1-9b18-005056b2a5de,03__BMI__RKA__PMC__192,RICHY KARO Bánh Phô Mai Chà Bông 192g (8 gói),Bịch,Tổng,9.0,,0.0,,0.0,,9.0,,740,1,5d59be7f-1053-42b6-82f3-aa536d912ce5,,1,True,b98939e1-8ef4-11f1-9b18-005056b2a5de,03__BMI__RKA__PMC__192,RICHY KARO Bánh Phô Mai Chà Bông 192g (8 gói),Bánh Mì Mềm,RICHY KARO,,,a38f9189-ad87-11ef-a35e-005056b28600,
b8468f8e-8ef4-11f1-9b18-005056b2a5de,03__BMI__RKA__PMC__192,Kho Kệ,Bịch,Kho Kệ,9.0,,0.0,,0.0,,9.0,,741,0,5d59be7f-1053-42b6-82f3-aa536d912ce5,5d59be7f-1053-42b6-82f3-aa536d912ce5,2,False,b9893aa3-8ef4-11f1-9b18-005056b2a5de,03__BMI__RKA__PMC__192,RICHY KARO Bánh Phô Mai Chà Bông 192g (8 gói),Bánh Mì Mềm,RICHY KARO,,aca0e3b9-1e75-496e-84ff-e96c9084f53f,a38f9189-ad87-11ef-a35e-005056b28600,CÔNG TY TNHH THƯƠNG MẠI VÀ DỊCH VỤ MIRA GROUP
b8468f8e-8ef4-11f1-9b18-005056b2a5de,03__BMI__RKA__TCB__156,RICHY KARO Bánh Trứng Tươi Chà Bông 156g (6 gói),Bịch,Tổng,4.0,,0.0,,0.0,,4.0,,742,1,ef942313-a667-44e9-88b0-39b7c65b8996,,1,True,b9893b77-8ef4-11f1-9b18-005056b2a5de,03__BMI__RKA__TCB__156,RICHY KARO Bánh Trứng Tươi Chà Bông 156g (6 gói),Bánh Mì Mềm,RICHY KARO,,,a38f9189-ad87-11ef-a35e-005056b28600,
b8468f8e-8ef4-11f1-9b18-005056b2a5de,03__BMI__RKA__TCB__156,Kho Kệ,Bịch,Kho Kệ,4.0,,0.0,,0.0,,4.0,,743,0,ef942313-a667-44e9-88b0-39b7c65b8996,ef942313-a667-44e9-88b0-39b7c65b8996,2,False,b9893c3a-8ef4-11f1-9b18-005056b2a5de,03__BMI__RKA__TCB__156,RICHY KARO Bánh Trứng Tươi Chà Bông 156g (6 gói),Bánh Mì Mềm,RICHY KARO,,aca0e3b9-1e75-496e-84ff-e96c9084f53f,a38f9189-ad87-11ef-a35e-005056b28600,CÔNG TY TNHH THƯƠNG MẠI VÀ DỊCH VỤ MIRA GROUP
b8468f8e-8ef4-11f1-9b18-005056b2a5de,03__BQU__AFC__LMI__1,KINHDO AFC Bánh Quy Vị Lúa Mì,Hộp,Tổng,1.0,,0.0,,1.0,,0.0,,744,1,70e0b507-017e-4a26-a725-cb15767d53ea,,1,True,b9893d00-8ef4-11f1-9b18-005056b2a5de,03__BQU__AFC__LMI__1,KINHDO AFC Bánh Quy Vị Lúa Mì,Bánh Quy,Kinh Đô,,,a38f9189-ad87-11ef-a35e-005056b28600,
b8468f8e-8ef4-11f1-9b18-005056b2a5de,03__BQU__AFC__LMI__1,Kho Kệ,Hộp,Kho Kệ,1.0,,0.0,,1.0,,0.0,,745,0,70e0b507-017e-4a26-a725-cb15767d53ea,70e0b507-017e-4a26-a725-cb15767d53ea,2,False,b9893db9-8ef4-11f1-9b18-005056b2a5de,03__BQU__AFC__LMI__1,KINHDO AFC Bánh Quy Vị Lúa Mì,Bánh Quy,Kinh Đô,,aca0e3b9-1e75-496e-84ff-e96c9084f53f,a38f9189-ad87-11ef-a35e-005056b28600,CÔNG TY TNHH THƯƠNG MẠI VÀ DỊCH VỤ MIRA GROUP
b8468f8e-8ef4-11f1-9b18-005056b2a5de,03__BQU__AFC__TAO__1,KINHDO AFC Bánh Quy Vị Tảo Biển,Hộp,Tổng,2.0,,0.0,,2.0,,0.0,,746,1,d3cab05b-eed8-4518-a4d4-13b2aa5d850c,,1,True,b9893f86-8ef4-11f1-9b18-005056b2a5de,03__BQU__AFC__TAO__1,KINHDO AFC Bánh Quy Vị Tảo Biển,Bánh Quy,Kinh Đô,,,a38f9189-ad87-11ef-a35e-005056b28600,
b8468f8e-8ef4-11f1-9b18-005056b2a5de,03__BQU__AFC__TAO__1,Kho Kệ,Hộp,Kho Kệ,2.0,,0.0,,2.0,,0.0,,747,0,d3cab05b-eed8-4518-a4d4-13b2aa5d850c,d3cab05b-eed8-4518-a4d4-13b2aa5d850c,2,False,b98940da-8ef4-11f1-9b18-005056b2a5de,03__BQU__AFC__TAO__1,KINHDO AFC Bánh Quy Vị Tảo Biển,Bánh Quy,Kinh Đô,,aca0e3b9-1e75-496e-84ff-e96c9084f53f,a38f9189-ad87-11ef-a35e-005056b28600,CÔNG TY TNHH THƯƠNG MẠI VÀ DỊCH VỤ MIRA GROUP
b8468f8e-8ef4-11f1-9b18-005056b2a5de,03__BQU__GER__PMI__180,GERY Cheese Crackers Bánh Quy Phô Mai Hộp 180g,Hộp,Tổng,2.0,,0.0,,1.0,,1.0,,748,1,b9611c24-29cb-45d1-adf5-15e14c27d053,,1,True,b9894229-8ef4-11f1-9b18-005056b2a5de,03__BQU__GER__PMI__180,GERY Cheese Crackers Bánh Quy Phô Mai Hộp 180g,Bánh Quy,GERY,,,a38f9189-ad87-11ef-a35e-005056b28600,
b8468f8e-8ef4-11f1-9b18-005056b2a5de,03__BQU__GER__PMI__180,Kho Kệ,Hộp,Kho Kệ,2.0,,0.0,,1.0,,1.0,,749,0,b9611c24-29cb-45d1-adf5-15e14c27d053,b9611c24-29cb-45d1-adf5-15e14c27d053,2,False,b989435b-8ef4-11f1-9b18-005056b2a5de,03__BQU__GER__PMI__180,GERY Cheese Crackers Bánh Quy Phô Mai Hộp 180g,Bánh Quy,GERY,,aca0e3b9-1e75-496e-84ff-e96c9084f53f,a38f9189-ad87-11ef-a35e-005056b28600,CÔNG TY TNHH THƯƠNG MẠI VÀ DỊCH VỤ MIRA GROUP
b8468f8e-8ef4-11f1-9b18-005056b2a5de,03__BQU__HCO__GLT__250,HAPPY COOKIES Bánh Quy Ăn Kiêng Vị Gạo Lứt Hộp 250g,Hộp,Tổng,4.0,,0.0,,0.0,,4.0,,750,1,b958591f-10b7-423f-866a-7524ddf2b069,,1,True,b9894494-8ef4-11f1-9b18-005056b2a5de,03__BQU__HCO__GLT__250,HAPPY COOKIES Bánh Quy Ăn Kiêng Vị Gạo Lứt Hộp 250g,Bánh Quy,HAPPY COOKIES,,,a38f9189-ad87-11ef-a35e-005056b28600,
b8468f8e-8ef4-11f1-9b18-005056b2a5de,03__BQU__HCO__GLT__250,Kho Kệ,Hộp,Kho Kệ,4.0,,0.0,,0.0,,4.0,,751,0,b958591f-10b7-423f-866a-7524ddf2b069,b958591f-10b7-423f-866a-7524ddf2b069,2,False,b9894690-8ef4-11f1-9b18-005056b2a5de,03__BQU__HCO__GLT__250,HAPPY COOKIES Bánh Quy Ăn Kiêng Vị Gạo Lứt Hộp 250g,Bánh Quy,HAPPY COOKIES,,aca0e3b9-1e75-496e-84ff-e96c9084f53f,a38f9189-ad87-11ef-a35e-005056b28600,CÔNG TY TNHH THƯƠNG MẠI VÀ DỊCH VỤ MIRA GROUP
b8468f8e-8ef4-11f1-9b18-005056b2a5de,03__BQU__HCO__YMH__250,HAPPY COOKIES Bánh Quy Ăn Kiêng Vị Yến Mạch Hộp 250g,Hộp,Tổng,1.0,,0.0,,1.0,,0.0,,752,1,e5c0a84c-bae5-4c88-b5f1-cefc66b14070,,1,True,b98947cd-8ef4-11f1-9b18-005056b2a5de,03__BQU__HCO__YMH__250,HAPPY COOKIES Bánh Quy Ăn Kiêng Vị Yến Mạch Hộp 250g,Bánh Quy,HAPPY COOKIES,,,a38f9189-ad87-11ef-a35e-005056b28600,
b8468f8e-8ef4-11f1-9b18-005056b2a5de,03__BQU__HCO__YMH__250,Kho Kệ,Hộp,Kho Kệ,1.0,,0.0,,1.0,,0.0,,753,0,e5c0a84c-bae5-4c88-b5f1-cefc66b14070,e5c0a84c-bae5-4c88-b5f1-cefc66b14070,2,False,b9894909-8ef4-11f1-9b18-005056b2a5de,03__BQU__HCO__YMH__250,HAPPY COOKIES Bánh Quy Ăn Kiêng Vị Yến Mạch Hộp 250g,Bánh Quy,HAPPY COOKIES,,aca0e3b9-1e75-496e-84ff-e96c9084f53f,a38f9189-ad87-11ef-a35e-005056b28600,CÔNG TY TNHH THƯƠNG MẠI VÀ DỊCH VỤ MIRA GROUP
b8468f8e-8ef4-11f1-9b18-005056b2a5de,03__BQU__LU__VER__200,LU Bánh Quy Veritable 200g,Gói,Tổng,9.0,,0.0,,2.0,,7.0,,754,1,2fc0c064-5901-4a00-8412-0f45be1b2920,,1,True,b9894a23-8ef4-11f1-9b18-005056b2a5de,03__BQU__LU__VER__200,LU Bánh Quy Veritable 200g,Bánh Quy,LU,,,a38f9189-ad87-11ef-a35e-005056b28600,
b8468f8e-8ef4-11f1-9b18-005056b2a5de,03__BQU__LU__VER__200,Kho Kệ,Gói,Kho Kệ,9.0,,0.0,,2.0,,7.0,,755,0,2fc0c064-5901-4a00-8412-0f45be1b2920,2fc0c064-5901-4a00-8412-0f45be1b2920,2,False,b9894b50-8ef4-11f1-9b18-005056b2a5de,03__BQU__LU__VER__200,LU Bánh Quy Veritable 200g,Bánh Quy,LU,,aca0e3b9-1e75-496e-84ff-e96c9084f53f,a38f9189-ad87-11ef-a35e-005056b28600,CÔNG TY TNHH THƯƠNG MẠI VÀ DỊCH VỤ MIRA GROUP
b8468f8e-8ef4-11f1-9b18-005056b2a5de,03__BQU__ORE__SOC__20,OREO Bánh Quy Hương Socola 20g,Bịch,Tổng,99.0,,0.0,,12.0,,87.0,,756,1,3731e54d-ea7e-4726-b4f4-f44f10e72125,,1,True,b9894ccf-8ef4-11f1-9b18-005056b2a5de,03__BQU__ORE__SOC__20,OREO Bánh Quy Hương Socola 20g,Bánh Quy,OREO,,,a38f9189-ad87-11ef-a35e-005056b28600,
b8468f8e-8ef4-11f1-9b18-005056b2a5de,03__BQU__ORE__SOC__20,Kho Kệ,Bịch,Kho Kệ,39.0,,0.0,,12.0,,27.0,,757,0,3731e54d-ea7e-4726-b4f4-f44f10e72125,3731e54d-ea7e-4726-b4f4-f44f10e72125,2,False,b9894df4-8ef4-11f1-9b18-005056b2a5de,03__BQU__ORE__SOC__20,OREO Bánh Quy Hương Socola 20g,Bánh Quy,OREO,,aca0e3b9-1e75-496e-84ff-e96c9084f53f,a38f9189-ad87-11ef-a35e-005056b28600,CÔNG TY TNHH THƯƠNG MẠI VÀ DỊCH VỤ MIRA GROUP
b8468f8e-8ef4-11f1-9b18-005056b2a5de,03__BQU__ORE__SOC__20,Kho MIRA,Bịch,Kho MIRA,60.0,,0.0,,0.0,,60.0,,758,0,3731e54d-ea7e-4726-b4f4-f44f10e72125,3731e54d-ea7e-4726-b4f4-f44f10e72125,2,False,b9894f29-8ef4-11f1-9b18-005056b2a5de,03__BQU__ORE__SOC__20,OREO Bánh Quy Hương Socola 20g,Bánh Quy,OREO,,485b5d06-306c-11f0-b467-005056b34af7,a38f9189-ad87-11ef-a35e-005056b28600,CÔNG TY TNHH THƯƠNG MẠI VÀ DỊCH VỤ MIRA GROUP
b8468f8e-8ef4-11f1-9b18-005056b2a5de,03__BQU__ORE__SOC__64,OREO Bánh Quy Hương Socola Lớn 64g,Bịch,Tổng,29.0,,24.0,,40.0,,13.0,,759,1,03b2d81d-08c0-4922-aaa5-24e8a29e287a,,1,True,b9895063-8ef4-11f1-9b18-005056b2a5de,03__BQU__ORE__SOC__64,OREO Bánh Quy Hương Socola Lớn 64g,Bánh Quy,OREO,,,a38f9189-ad87-11ef-a35e-005056b28600,
b8468f8e-8ef4-11f1-9b18-005056b2a5de,03__BQU__ORE__SOC__64,Kho Kệ,Bịch,Kho Kệ,29.0,,24.0,,40.0,,13.0,,760,0,03b2d81d-08c0-4922-aaa5-24e8a29e287a,03b2d81d-08c0-4922-aaa5-24e8a29e287a,2,False,b989518a-8ef4-11f1-9b18-005056b2a5de,03__BQU__ORE__SOC__64,OREO Bánh Quy Hương Socola Lớn 64g,Bánh Quy,OREO,,aca0e3b9-1e75-496e-84ff-e96c9084f53f,a38f9189-ad87-11ef-a35e-005056b28600,CÔNG TY TNHH THƯƠNG MẠI VÀ DỊCH VỤ MIRA GROUP
b8468f8e-8ef4-11f1-9b18-005056b2a5de,03__BQU__ORE__VAN__20,OREO Bánh Quy Hương Vani 20g,Bịch,Tổng,85.0,,0.0,,45.0,,40.0,,761,1,acd33e82-2807-4051-a076-a79f818078a2,,1,True,b98952b3-8ef4-11f1-9b18-005056b2a5de,03__BQU__ORE__VAN__20,OREO Bánh Quy Hương Vani 20g,Bánh Quy,OREO,,,a38f9189-ad87-11ef-a35e-005056b28600,
b8468f8e-8ef4-11f1-9b18-005056b2a5de,03__BQU__ORE__VAN__20,Kho Kệ,Bịch,Kho Kệ,25.0,,0.0,,45.0,,-20.0,,762,0,acd33e82-2807-4051-a076-a79f818078a2,acd33e82-2807-4051-a076-a79f818078a2,2,False,b98953ed-8ef4-11f1-9b18-005056b2a5de,03__BQU__ORE__VAN__20,OREO Bánh Quy Hương Vani 20g,Bánh Quy,OREO,,aca0e3b9-1e75-496e-84ff-e96c9084f53f,a38f9189-ad87-11ef-a35e-005056b28600,CÔNG TY TNHH THƯƠNG MẠI VÀ DỊCH VỤ MIRA GROUP
b8468f8e-8ef4-11f1-9b18-005056b2a5de,03__BQU__ORE__VAN__20,Kho MIRA,Bịch,Kho MIRA,60.0,,0.0,,0.0,,60.0,,763,0,acd33e82-2807-4051-a076-a79f818078a2,acd33e82-2807-4051-a076-a79f818078a2,2,False,b989564b-8ef4-11f1-9b18-005056b2a5de,03__BQU__ORE__VAN__20,OREO Bánh Quy Hương Vani 20g,Bánh Quy,OREO,,485b5d06-306c-11f0-b467-005056b34af7,a38f9189-ad87-11ef-a35e-005056b28600,CÔNG TY TNHH THƯƠNG MẠI VÀ DỊCH VỤ MIRA GROUP
b8468f8e-8ef4-11f1-9b18-005056b2a5de,03__BQU__ORE__VAN__64,OREO Bánh Quy Hương Vani Lớn 64g,Bịch,Tổng,15.0,,24.0,,23.0,,16.0,,764,1,88d5b5d4-4509-43a8-aeb1-aca85c12132a,,1,True,b9895791-8ef4-11f1-9b18-005056b2a5de,03__BQU__ORE__VAN__64,OREO Bánh Quy Hương Vani Lớn 64g,Bánh Quy,OREO,,,a38f9189-ad87-11ef-a35e-005056b28600,
b8468f8e-8ef4-11f1-9b18-005056b2a5de,03__BQU__ORE__VAN__64,Kho Kệ,Bịch,Kho Kệ,15.0,,24.0,,23.0,,16.0,,765,0,88d5b5d4-4509-43a8-aeb1-aca85c12132a,88d5b5d4-4509-43a8-aeb1-aca85c12132a,2,False,b9895918-8ef4-11f1-9b18-005056b2a5de,03__BQU__ORE__VAN__64,OREO Bánh Quy Hương Vani Lớn 64g,Bánh Quy,OREO,,aca0e3b9-1e75-496e-84ff-e96c9084f53f,a38f9189-ad87-11ef-a35e-005056b28600,CÔNG TY TNHH THƯƠNG MẠI VÀ DỊCH VỤ MIRA GROUP
b8468f8e-8ef4-11f1-9b18-005056b2a5de,03__BQU__ORO__SOC__54,ORION Miz Bánh Quy Socola 54g,Bịch,Tổng,3.0,,0.0,,3.0,,0.0,,766,1,4573c09d-0985-4871-9709-700623b3a3ac,,1,True,b9895a51-8ef4-11f1-9b18-005056b2a5de,03__BQU__ORO__SOC__54,ORION Miz Bánh Quy Socola 54g,Bánh Quy,ORION Miz,,,a38f9189-ad87-11ef-a35e-005056b28600,
b8468f8e-8ef4-11f1-9b18-005056b2a5de,03__BQU__ORO__SOC__54,Kho Kệ,Bịch,Kho Kệ,3.0,,0.0,,3.0,,0.0,,767,0,4573c09d-0985-4871-9709-700623b3a3ac,4573c09d-0985-4871-9709-700623b3a3ac,2,False,b9895b8d-8ef4-11f1-9b18-005056b2a5de,03__BQU__ORO__SOC__54,ORION Miz Bánh Quy Socola 54g,Bánh Quy,ORION Miz,,aca0e3b9-1e75-496e-84ff-e96c9084f53f,a38f9189-ad87-11ef-a35e-005056b28600,CÔNG TY TNHH THƯƠNG MẠI VÀ DỊCH VỤ MIRA GROUP
b8468f8e-8ef4-11f1-9b18-005056b2a5de,03__BQU__RIT__PMI__106,RITZ Bánh Quy Kem Phô Mai Hộp 106g,Hộp,Tổng,1.0,,0.0,,1.0,,0.0,,768,1,909821c9-cb03-42d3-94a8-92a3bbd9b3f4,,1,True,b9895cc8-8ef4-11f1-9b18-005056b2a5de,03__BQU__RIT__PMI__106,RITZ Bánh Quy Kem Phô Mai Hộp 106g,Bánh Quy,RITZ,,,a38f9189-ad87-11ef-a35e-005056b28600,
b8468f8e-8ef4-11f1-9b18-005056b2a5de,03__BQU__RIT__PMI__106,Kho Kệ,Hộp,Kho Kệ,1.0,,0.0,,1.0,,0.0,,769,0,909821c9-cb03-42d3-94a8-92a3bbd9b3f4,909821c9-cb03-42d3-94a8-92a3bbd9b3f4,2,False,b9895dfc-8ef4-11f1-9b18-005056b2a5de,03__BQU__RIT__PMI__106,RITZ Bánh Quy Kem Phô Mai Hộp 106g,Bánh Quy,RITZ,,aca0e3b9-1e75-496e-84ff-e96c9084f53f,a38f9189-ad87-11ef-a35e-005056b28600,CÔNG TY TNHH THƯƠNG MẠI VÀ DỊCH VỤ MIRA GROUP
b8468f8e-8ef4-11f1-9b18-005056b2a5de,03__BQU__RIT__SAN__1,RITZ Crackers Sandwich Cheese 118g,Gói,Tổng,22.0,,0.0,,12.0,,10.0,,770,1,b4835ed4-2ca9-41e6-8731-f1afa465dba7,,1,True,b98964bf-8ef4-11f1-9b18-005056b2a5de,03__BQU__RIT__SAN__1,RITZ Crackers Sandwich Cheese 118g,Bánh Quy,Kinh Đô,,,a38f9189-ad87-11ef-a35e-005056b28600,
b8468f8e-8ef4-11f1-9b18-005056b2a5de,03__BQU__RIT__SAN__1,Kho Kệ,Gói,Kho Kệ,22.0,,0.0,,12.0,,10.0,,771,0,b4835ed4-2ca9-41e6-8731-f1afa465dba7,b4835ed4-2ca9-41e6-8731-f1afa465dba7,2,False,b9896646-8ef4-11f1-9b18-005056b2a5de,03__BQU__RIT__SAN__1,RITZ Crackers Sandwich Cheese 118g,Bánh Quy,Kinh Đô,,aca0e3b9-1e75-496e-84ff-e96c9084f53f,a38f9189-ad87-11ef-a35e-005056b28600,CÔNG TY TNHH THƯƠNG MẠI VÀ DỊCH VỤ MIRA GROUP
b8468f8e-8ef4-11f1-9b18-005056b2a5de,03__BQU__RKE__NOU__186,RICHY KENJU Bánh Kem Dẻo Nougat 186g,Bịch,Tổng,8.0,,0.0,,0.0,,8.0,,772,1,d25d3c58-ee5a-4dc4-a180-54f3748ceddb,,1,True,b989678e-8ef4-11f1-9b18-005056b2a5de,03__BQU__RKE__NOU__186,RICHY KENJU Bánh Kem Dẻo Nougat 186g,Bánh Quy,RICHY KENJU,,,a38f9189-ad87-11ef-a35e-005056b28600,
b8468f8e-8ef4-11f1-9b18-005056b2a5de,03__BQU__RKE__NOU__186,Kho Kệ,Bịch,Kho Kệ,8.0,,0.0,,0.0,,8.0,,773,0,d25d3c58-ee5a-4dc4-a180-54f3748ceddb,d25d3c58-ee5a-4dc4-a180-54f3748ceddb,2,False,b989694b-8ef4-11f1-9b18-005056b2a5de,03__BQU__RKE__NOU__186,RICHY KENJU Bánh Kem Dẻo Nougat 186g,Bánh Quy,RICHY KENJU,,aca0e3b9-1e75-496e-84ff-e96c9084f53f,a38f9189-ad87-11ef-a35e-005056b28600,CÔNG TY TNHH THƯƠNG MẠI VÀ DỊCH VỤ MIRA GROUP
b8468f8e-8ef4-11f1-9b18-005056b2a5de,03__BQU__RKE__RCU__192,RICHY KENJU Bánh Quy Rau Củ 192g,Bịch,Tổng,4.0,,0.0,,3.0,,1.0,,774,1,4e32b5db-8cf5-4b04-aa3c-db785aa9dbbf,,1,True,b9896a74-8ef4-11f1-9b18-005056b2a5de,03__BQU__RKE__RCU__192,RICHY KENJU Bánh Quy Rau Củ 192g,Bánh Quy,RICHY KENJU,,,a38f9189-ad87-11ef-a35e-005056b28600,
b8468f8e-8ef4-11f1-9b18-005056b2a5de,03__BQU__RKE__RCU__192,Kho Kệ,Bịch,Kho Kệ,4.0,,0.0,,3.0,,1.0,,775,0,4e32b5db-8cf5-4b04-aa3c-db785aa9dbbf,4e32b5db-8cf5-4b04-aa3c-db785aa9dbbf,2,False,b9896dc0-8ef4-11f1-9b18-005056b2a5de,03__BQU__RKE__RCU__192,RICHY KENJU Bánh Quy Rau Củ 192g,Bánh Quy,RICHY KENJU,,aca0e3b9-1e75-496e-84ff-e96c9084f53f,a38f9189-ad87-11ef-a35e-005056b28600,CÔNG TY TNHH THƯƠNG MẠI VÀ DỊCH VỤ MIRA GROUP
b8468f8e-8ef4-11f1-9b18-005056b2a5de,03__BQU__RKE__RCU__288,RICHY KENJU Bánh Quy Rau Củ Hộp 288g (24 gói),Bịch,Tổng,9.0,,0.0,,1.0,,8.0,,776,1,f74742fc-5b9e-416f-b61b-003cea36001b,,1,True,b9896ef2-8ef4-11f1-9b18-005056b2a5de,03__BQU__RKE__RCU__288,RICHY KENJU Bánh Quy Rau Củ Hộp 288g (24 gói),Bánh Quy,RICHY KENJU,,,a38f9189-ad87-11ef-a35e-005056b28600,
b8468f8e-8ef4-11f1-9b18-005056b2a5de,03__BQU__RKE__RCU__288,Kho Kệ,Bịch,Kho Kệ,9.0,,0.0,,1.0,,8.0,,777,0,f74742fc-5b9e-416f-b61b-003cea36001b,f74742fc-5b9e-416f-b61b-003cea36001b,2,False,b9896fc3-8ef4-11f1-9b18-005056b2a5de,03__BQU__RKE__RCU__288,RICHY KENJU Bánh Quy Rau Củ Hộp 288g (24 gói),Bánh Quy,RICHY KENJU,,aca0e3b9-1e75-496e-84ff-e96c9084f53f,a38f9189-ad87-11ef-a35e-005056b28600,CÔNG TY TNHH THƯƠNG MẠI VÀ DỊCH VỤ MIRA GROUP
b8468f8e-8ef4-11f1-9b18-005056b2a5de,03__BXO__BUN__SOC__43,KINDER BUNENO Bánh Socola 43g,Cái,Tổng,74.0,,0.0,,28.0,,46.0,,778,1,a3a14b99-d869-4841-9535-8030dcf6b055,,1,True,b98970a5-8ef4-11f1-9b18-005056b2a5de,03__BXO__BUN__SOC__43,KINDER BUNENO Bánh Socola 43g,Bánh Xốp,KINDER BUNENO,,,a38f9189-ad87-11ef-a35e-005056b28600,
b8468f8e-8ef4-11f1-9b18-005056b2a5de,03__BXO__BUN__SOC__43,Kho Kệ,Cái,Kho Kệ,8.0,,0.0,,28.0,,-20.0,,779,0,a3a14b99-d869-4841-9535-8030dcf6b055,a3a14b99-d869-4841-9535-8030dcf6b055,2,False,b9897182-8ef4-11f1-9b18-005056b2a5de,03__BXO__BUN__SOC__43,KINDER BUNENO Bánh Socola 43g,Bánh Xốp,KINDER BUNENO,,aca0e3b9-1e75-496e-84ff-e96c9084f53f,a38f9189-ad87-11ef-a35e-005056b28600,CÔNG TY TNHH THƯƠNG MẠI VÀ DỊCH VỤ MIRA GROUP
b8468f8e-8ef4-11f1-9b18-005056b2a5de,03__BXO__BUN__SOC__43,Kho MIRA,Cái,Kho MIRA,66.0,,0.0,,0.0,,66.0,,780,0,a3a14b99-d869-4841-9535-8030dcf6b055,a3a14b99-d869-4841-9535-8030dcf6b055,2,False,b9897250-8ef4-11f1-9b18-005056b2a5de,03__BXO__BUN__SOC__43,KINDER BUNENO Bánh Socola 43g,Bánh Xốp,KINDER BUNENO,,485b5d06-306c-11f0-b467-005056b34af7,a38f9189-ad87-11ef-a35e-005056b28600,CÔNG TY TNHH THƯƠNG MẠI VÀ DỊCH VỤ MIRA GROUP
b8468f8e-8ef4-11f1-9b18-005056b2a5de,03__BXO__KAL__SDU__24,KALPA Bánh Xốp Kem Phủ Socola Dừa 24g,Bịch,Tổng,8.0,,0.0,,6.0,,2.0,,781,1,89d426c7-5074-441f-9686-a41760a4829a,,1,True,b9897315-8ef4-11f1-9b18-005056b2a5de,03__BXO__KAL__SDU__24,KALPA Bánh Xốp Kem Phủ Socola Dừa 24g,Bánh Xốp,Kalpa,,,a38f9189-ad87-11ef-a35e-005056b28600,
b8468f8e-8ef4-11f1-9b18-005056b2a5de,03__BXO__KAL__SDU__24,Kho Kệ,Bịch,Kho Kệ,8.0,,0.0,,6.0,,2.0,,782,0,89d426c7-5074-441f-9686-a41760a4829a,89d426c7-5074-441f-9686-a41760a4829a,2,False,b98973d4-8ef4-11f1-9b18-005056b2a5de,03__BXO__KAL__SDU__24,KALPA Bánh Xốp Kem Phủ Socola Dừa 24g,Bánh Xốp,Kalpa,,aca0e3b9-1e75-496e-84ff-e96c9084f53f,a38f9189-ad87-11ef-a35e-005056b28600,CÔNG TY TNHH THƯƠNG MẠI VÀ DỊCH VỤ MIRA GROUP
b8468f8e-8ef4-11f1-9b18-005056b2a5de,03__BXO__KCH__PMI__1,KIDO Chocolatos Bánh Xốp Cuộn Vị Phô Mai,Bịch,Tổng,53.0,,192.0,,123.0,,122.0,,783,1,812ec377-7c57-4c3e-ada6-33f538e570e7,,1,True,b98974a2-8ef4-11f1-9b18-005056b2a5de,03__BXO__KCH__PMI__1,KIDO Chocolatos Bánh Xốp Cuộn Vị Phô Mai,Bánh Xốp,KIDO Chocolatos,,,a38f9189-ad87-11ef-a35e-005056b28600,
b8468f8e-8ef4-11f1-9b18-005056b2a5de,03__BXO__KCH__PMI__1,Kho Kệ,Bịch,Kho Kệ,53.0,,192.0,,123.0,,122.0,,784,0,812ec377-7c57-4c3e-ada6-33f538e570e7,812ec377-7c57-4c3e-ada6-33f538e570e7,2,False,b9897562-8ef4-11f1-9b18-005056b2a5de,03__BXO__KCH__PMI__1,KIDO Chocolatos Bánh Xốp Cuộn Vị Phô Mai,Bánh Xốp,KIDO Chocolatos,,aca0e3b9-1e75-496e-84ff-e96c9084f53f,a38f9189-ad87-11ef-a35e-005056b28600,CÔNG TY TNHH THƯƠNG MẠI VÀ DỊCH VỤ MIRA GROUP
b8468f8e-8ef4-11f1-9b18-005056b2a5de,03__BXO__KCH__SOC__1,KIDO Chocolatos Bánh Xốp Cuộn Vị Socola,Cái,Tổng,10.0,,192.0,,70.0,,132.0,,785,1,5df3f1b9-dbbb-439e-8d20-f824f10dfa45,,1,True,b989762c-8ef4-11f1-9b18-005056b2a5de,03__BXO__KCH__SOC__1,KIDO Chocolatos Bánh Xốp Cuộn Vị Socola,Bánh Xốp,KIDO Chocolatos,,,a38f9189-ad87-11ef-a35e-005056b28600,
b8468f8e-8ef4-11f1-9b18-005056b2a5de,03__BXO__KCH__SOC__1,Kho Kệ,Cái,Kho Kệ,10.0,,192.0,,70.0,,132.0,,786,0,5df3f1b9-dbbb-439e-8d20-f824f10dfa45,5df3f1b9-dbbb-439e-8d20-f824f10dfa45,2,False,b98976eb-8ef4-11f1-9b18-005056b2a5de,03__BXO__KCH__SOC__1,KIDO Chocolatos Bánh Xốp Cuộn Vị Socola,Bánh Xốp,KIDO Chocolatos,,aca0e3b9-1e75-496e-84ff-e96c9084f53f,a38f9189-ad87-11ef-a35e-005056b28600,CÔNG TY TNHH THƯƠNG MẠI VÀ DỊCH VỤ MIRA GROUP
b8468f8e-8ef4-11f1-9b18-005056b2a5de,03__BXO__KCH__SOD__1,KIDO Chocolatos Bánh Xốp Cuộn Vị Socola Đen,Cái,Tổng,170.0,,192.0,,274.0,,88.0,,787,1,208ba11f-14d3-41ef-af54-116b27c536c6,,1,True,b98977be-8ef4-11f1-9b18-005056b2a5de,03__BXO__KCH__SOD__1,KIDO Chocolatos Bánh Xốp Cuộn Vị Socola Đen,Bánh Xốp,KIDO Chocolatos,,,a38f9189-ad87-11ef-a35e-005056b28600,
b8468f8e-8ef4-11f1-9b18-005056b2a5de,03__BXO__KCH__SOD__1,Kho Kệ,Cái,Kho Kệ,170.0,,192.0,,274.0,,88.0,,788,0,208ba11f-14d3-41ef-af54-116b27c536c6,208ba11f-14d3-41ef-af54-116b27c536c6,2,False,b9897880-8ef4-11f1-9b18-005056b2a5de,03__BXO__KCH__SOD__1,KIDO Chocolatos Bánh Xốp Cuộn Vị Socola Đen,Bánh Xốp,KIDO Chocolatos,,aca0e3b9-1e75-496e-84ff-e96c9084f53f,a38f9189-ad87-11ef-a35e-005056b28600,CÔNG TY TNHH THƯƠNG MẠI VÀ DỊCH VỤ MIRA GROUP
b8468f8e-8ef4-11f1-9b18-005056b2a5de,03__BXO__KCH__VAN__1,KIDO Chocolatos Bánh Xốp Cuộn Hương Vani,Cái,Tổng,48.0,,192.0,,96.0,,144.0,,789,1,436a7603-d1f0-47d7-b4da-1e20189738ef,,1,True,b9897941-8ef4-11f1-9b18-005056b2a5de,03__BXO__KCH__VAN__1,KIDO Chocolatos Bánh Xốp Cuộn Hương Vani,Bánh Xốp,KIDO Chocolatos,,,a38f9189-ad87-11ef-a35e-005056b28600,
b8468f8e-8ef4-11f1-9b18-005056b2a5de,03__BXO__KCH__VAN__1,Kho Kệ,Cái,Kho Kệ,48.0,,192.0,,96.0,,144.0,,790,0,436a7603-d1f0-47d7-b4da-1e20189738ef,436a7603-d1f0-47d7-b4da-1e20189738ef,2,False,b98979f8-8ef4-11f1-9b18-005056b2a5de,03__BXO__KCH__VAN__1,KIDO Chocolatos Bánh Xốp Cuộn Hương Vani,Bánh Xốp,KIDO Chocolatos,,aca0e3b9-1e75-496e-84ff-e96c9084f53f,a38f9189-ad87-11ef-a35e-005056b28600,CÔNG TY TNHH THƯƠNG MẠI VÀ DỊCH VỤ MIRA GROUP
b8468f8e-8ef4-11f1-9b18-005056b2a5de,03__BXO__KID__SDN__336,KIDO Chocolatos Bánh Xốp Cuộn Vị Socola Đen 336g,Hộp,Tổng,5.0,,0.0,,0.0,,5.0,,791,1,f2cf11a7-ad73-46f8-8239-73f888687cb4,,1,True,b9897b21-8ef4-11f1-9b18-005056b2a5de,03__BXO__KID__SDN__336,KIDO Chocolatos Bánh Xốp Cuộn Vị Socola Đen 336g,Bánh Xốp,KIDO Chocolatos,,,a38f9189-ad87-11ef-a35e-005056b28600,
b8468f8e-8ef4-11f1-9b18-005056b2a5de,03__BXO__KID__SDN__336,Kho Kệ,Hộp,Kho Kệ,5.0,,0.0,,0.0,,5.0,,792,0,f2cf11a7-ad73-46f8-8239-73f888687cb4,f2cf11a7-ad73-46f8-8239-73f888687cb4,2,False,b9897c4d-8ef4-11f1-9b18-005056b2a5de,03__BXO__KID__SDN__336,KIDO Chocolatos Bánh Xốp Cuộn Vị Socola Đen 336g,Bánh Xốp,KIDO Chocolatos,,aca0e3b9-1e75-496e-84ff-e96c9084f53f,a38f9189-ad87-11ef-a35e-005056b28600,CÔNG TY TNHH THƯƠNG MẠI VÀ DỊCH VỤ MIRA GROUP
b8468f8e-8ef4-11f1-9b18-005056b2a5de,03__BXO__KID__SOC__336,KIDO Chocolatos Bánh Xốp Cuộn Vị Socola 336g,Hộp,Tổng,4.0,,0.0,,0.0,,4.0,,793,1,bf07900e-15b7-4ee4-b666-49fd9863804c,,1,True,b9897d4e-8ef4-11f1-9b18-005056b2a5de,03__BXO__KID__SOC__336,KIDO Chocolatos Bánh Xốp Cuộn Vị Socola 336g,Bánh Xốp,KIDO Chocolatos,,,a38f9189-ad87-11ef-a35e-005056b28600,
b8468f8e-8ef4-11f1-9b18-005056b2a5de,03__BXO__KID__SOC__336,Kho Kệ,Hộp,Kho Kệ,4.0,,0.0,,0.0,,4.0,,794,0,bf07900e-15b7-4ee4-b666-49fd9863804c,bf07900e-15b7-4ee4-b666-49fd9863804c,2,False,b9897e11-8ef4-11f1-9b18-005056b2a5de,03__BXO__KID__SOC__336,KIDO Chocolatos Bánh Xốp Cuộn Vị Socola 336g,Bánh Xốp,KIDO Chocolatos,,aca0e3b9-1e75-496e-84ff-e96c9084f53f,a38f9189-ad87-11ef-a35e-005056b28600,CÔNG TY TNHH THƯƠNG MẠI VÀ DỊCH VỤ MIRA GROUP
b8468f8e-8ef4-11f1-9b18-005056b2a5de,03__BXO__KID__VAN__288,KIDO Chocolatos Bánh Xốp Cuộn Hương Vani 288g,Hộp,Tổng,7.0,,0.0,,0.0,,7.0,,795,1,d04fbcd2-b50f-4fc0-93c0-9c4fed0bb947,,1,True,b9897edc-8ef4-11f1-9b18-005056b2a5de,03__BXO__KID__VAN__288,KIDO Chocolatos Bánh Xốp Cuộn Hương Vani 288g,Bánh Xốp,KIDO Chocolatos,,,a38f9189-ad87-11ef-a35e-005056b28600,
b8468f8e-8ef4-11f1-9b18-005056b2a5de,03__BXO__KID__VAN__288,Kho Kệ,Hộp,Kho Kệ,7.0,,0.0,,0.0,,7.0,,796,0,d04fbcd2-b50f-4fc0-93c0-9c4fed0bb947,d04fbcd2-b50f-4fc0-93c0-9c4fed0bb947,2,False,b9897f9a-8ef4-11f1-9b18-005056b2a5de,03__BXO__KID__VAN__288,KIDO Chocolatos Bánh Xốp Cuộn Hương Vani 288g,Bánh Xốp,KIDO Chocolatos,,aca0e3b9-1e75-496e-84ff-e96c9084f53f,a38f9189-ad87-11ef-a35e-005056b28600,CÔNG TY TNHH THƯƠNG MẠI VÀ DỊCH VỤ MIRA GROUP
b8468f8e-8ef4-11f1-9b18-005056b2a5de,03__BXO__KIT__MLO__16,KITKAT Bánh Xốp Milo Gói 16g,Cái,Tổng,19.0,,120.0,,15.0,,124.0,,797,1,dc27945b-decc-43a3-ac6f-77bc4e0c44ee,,1,True,b989813d-8ef4-11f1-9b18-005056b2a5de,03__BXO__KIT__MLO__16,KITKAT Bánh Xốp Milo Gói 16g,Bánh Xốp,KITKAT,,,a38f9189-ad87-11ef-a35e-005056b28600,
b8468f8e-8ef4-11f1-9b18-005056b2a5de,03__BXO__KIT__MLO__16,Kho Kệ,Cái,Kho Kệ,19.0,,0.0,,15.0,,4.0,,798,0,dc27945b-decc-43a3-ac6f-77bc4e0c44ee,dc27945b-decc-43a3-ac6f-77bc4e0c44ee,2,False,b9898209-8ef4-11f1-9b18-005056b2a5de,03__BXO__KIT__MLO__16,KITKAT Bánh Xốp Milo Gói 16g,Bánh Xốp,KITKAT,,aca0e3b9-1e75-496e-84ff-e96c9084f53f,a38f9189-ad87-11ef-a35e-005056b28600,CÔNG TY TNHH THƯƠNG MẠI VÀ DỊCH VỤ MIRA GROUP
b8468f8e-8ef4-11f1-9b18-005056b2a5de,03__BXO__KIT__MLO__16,Kho MIRA,Cái,Kho MIRA,0.0,,120.0,,0.0,,120.0,,799,0,dc27945b-decc-43a3-ac6f-77bc4e0c44ee,dc27945b-decc-43a3-ac6f-77bc4e0c44ee,2,False,b98982d3-8ef4-11f1-9b18-005056b2a5de,03__BXO__KIT__MLO__16,KITKAT Bánh Xốp Milo Gói 16g,Bánh Xốp,KITKAT,,485b5d06-306c-11f0-b467-005056b34af7,a38f9189-ad87-11ef-a35e-005056b28600,CÔNG TY TNHH THƯƠNG MẠI VÀ DỊCH VỤ MIRA GROUP
b8468f8e-8ef4-11f1-9b18-005056b2a5de,03__BXO__KIT__SCS__15,KITKAT Bánh Xốp Socola Sữa Gói 15g,Cái,Tổng,1.0,,0.0,,0.0,,1.0,,800,1,1c2decf8-bd88-4c5f-a6f7-e4737365c632,,1,True,b989839c-8ef4-11f1-9b18-005056b2a5de,03__BXO__KIT__SCS__15,KITKAT Bánh Xốp Socola Sữa Gói 15g,Bánh Xốp,KITKAT,,,a38f9189-ad87-11ef-a35e-005056b28600,
b8468f8e-8ef4-11f1-9b18-005056b2a5de,03__BXO__KIT__SCS__15,Kho Kệ,Cái,Kho Kệ,-29.0,,0.0,,0.0,,-29.0,,801,0,1c2decf8-bd88-4c5f-a6f7-e4737365c632,1c2decf8-bd88-4c5f-a6f7-e4737365c632,2,False,b989845b-8ef4-11f1-9b18-005056b2a5de,03__BXO__KIT__SCS__15,KITKAT Bánh Xốp Socola Sữa Gói 15g,Bánh Xốp,KITKAT,,aca0e3b9-1e75-496e-84ff-e96c9084f53f,a38f9189-ad87-11ef-a35e-005056b28600,CÔNG TY TNHH THƯƠNG MẠI VÀ DỊCH VỤ MIRA GROUP
b8468f8e-8ef4-11f1-9b18-005056b2a5de,03__BXO__KIT__SCS__15,Kho MIRA,Cái,Kho MIRA,30.0,,0.0,,0.0,,30.0,,802,0,1c2decf8-bd88-4c5f-a6f7-e4737365c632,1c2decf8-bd88-4c5f-a6f7-e4737365c632,2,False,b9898534-8ef4-11f1-9b18-005056b2a5de,03__BXO__KIT__SCS__15,KITKAT Bánh Xốp Socola Sữa Gói 15g,Bánh Xốp,KITKAT,,485b5d06-306c-11f0-b467-005056b34af7,a38f9189-ad87-11ef-a35e-005056b28600,CÔNG TY TNHH THƯƠNG MẠI VÀ DỊCH VỤ MIRA GROUP
b8468f8e-8ef4-11f1-9b18-005056b2a5de,03__BXO__KIT__TXH__17,KITKAT Bánh Xốp Trà Xanh Gói 17g,Cái,Tổng,39.0,,120.0,,31.0,,128.0,,803,1,4c9dde93-79ac-4125-93d9-8251a3b968a7,,1,True,b98985f8-8ef4-11f1-9b18-005056b2a5de,03__BXO__KIT__TXH__17,KITKAT Bánh Xốp Trà Xanh Gói 17g,Bánh Xốp,KITKAT,,,a38f9189-ad87-11ef-a35e-005056b28600,
b8468f8e-8ef4-11f1-9b18-005056b2a5de,03__BXO__KIT__TXH__17,Kho Kệ,Cái,Kho Kệ,-25.0,,0.0,,31.0,,-56.0,,804,0,4c9dde93-79ac-4125-93d9-8251a3b968a7,4c9dde93-79ac-4125-93d9-8251a3b968a7,2,False,b98986bf-8ef4-11f1-9b18-005056b2a5de,03__BXO__KIT__TXH__17,KITKAT Bánh Xốp Trà Xanh Gói 17g,Bánh Xốp,KITKAT,,aca0e3b9-1e75-496e-84ff-e96c9084f53f,a38f9189-ad87-11ef-a35e-005056b28600,CÔNG TY TNHH THƯƠNG MẠI VÀ DỊCH VỤ MIRA GROUP
b8468f8e-8ef4-11f1-9b18-005056b2a5de,03__BXO__KIT__TXH__17,Kho MIRA,Cái,Kho MIRA,64.0,,120.0,,0.0,,184.0,,805,0,4c9dde93-79ac-4125-93d9-8251a3b968a7,4c9dde93-79ac-4125-93d9-8251a3b968a7,2,False,b9898782-8ef4-11f1-9b18-005056b2a5de,03__BXO__KIT__TXH__17,KITKAT Bánh Xốp Trà Xanh Gói 17g,Bánh Xốp,KITKAT,,485b5d06-306c-11f0-b467-005056b34af7,a38f9189-ad87-11ef-a35e-005056b28600,CÔNG TY TNHH THƯƠNG MẠI VÀ DỊCH VỤ MIRA GROUP
b8468f8e-8ef4-11f1-9b18-005056b2a5de,03__CCY__ROP__CBO__80,ROP Cơm Cháy Chà Bông Túi 80g,Túi,Tổng,2.0,,0.0,,0.0,,2.0,,806,1,0785f19a-a240-49ba-9cd4-7c6962afbf70,,1,True,b989884c-8ef4-11f1-9b18-005056b2a5de,03__CCY__ROP__CBO__80,ROP Cơm Cháy Chà Bông Túi 80g,Cơm Cháy,ROP,,,a38f9189-ad87-11ef-a35e-005056b28600,
b8468f8e-8ef4-11f1-9b18-005056b2a5de,03__CCY__ROP__CBO__80,Kho Kệ,Túi,Kho Kệ,2.0,,0.0,,0.0,,2.0,,807,0,0785f19a-a240-49ba-9cd4-7c6962afbf70,0785f19a-a240-49ba-9cd4-7c6962afbf70,2,False,b9898909-8ef4-11f1-9b18-005056b2a5de,03__CCY__ROP__CBO__80,ROP Cơm Cháy Chà Bông Túi 80g,Cơm Cháy,ROP,,aca0e3b9-1e75-496e-84ff-e96c9084f53f,a38f9189-ad87-11ef-a35e-005056b28600,CÔNG TY TNHH THƯƠNG MẠI VÀ DỊCH VỤ MIRA GROUP
b8468f8e-8ef4-11f1-9b18-005056b2a5de,03__CCY__ROP__PMT__80,ROP Cơm Cháy Phôi Mai Trứng Muối Túi 80g,Túi,Tổng,2.0,,0.0,,0.0,,2.0,,808,1,da59048b-7927-4d8f-832e-d33c166f66ee,,1,True,b98989d8-8ef4-11f1-9b18-005056b2a5de,03__CCY__ROP__PMT__80,ROP Cơm Cháy Phôi Mai Trứng Muối Túi 80g,Cơm Cháy,ROP,,,a38f9189-ad87-11ef-a35e-005056b28600,
b8468f8e-8ef4-11f1-9b18-005056b2a5de,03__CCY__ROP__PMT__80,Kho Kệ,Túi,Kho Kệ,2.0,,0.0,,0.0,,2.0,,809,0,da59048b-7927-4d8f-832e-d33c166f66ee,da59048b-7927-4d8f-832e-d33c166f66ee,2,False,b9898a97-8ef4-11f1-9b18-005056b2a5de,03__CCY__ROP__PMT__80,ROP Cơm Cháy Phôi Mai Trứng Muối Túi 80g,Cơm Cháy,ROP,,aca0e3b9-1e75-496e-84ff-e96c9084f53f,a38f9189-ad87-11ef-a35e-005056b28600,CÔNG TY TNHH THƯƠNG MẠI VÀ DỊCH VỤ MIRA GROUP
b8468f8e-8ef4-11f1-9b18-005056b2a5de,03__CFG__NES__DDO__288,NESCAFE 3in1 Đỏ Vị Nguyên Bản Hộp 288g,Hộp,Tổng,4.0,,0.0,,1.0,,3.0,,810,1,1eef0917-e16e-4920-a2b8-b2e91f49e893,,1,True,b9898b5c-8ef4-11f1-9b18-005056b2a5de,03__CFG__NES__DDO__288,NESCAFE 3in1 Đỏ Vị Nguyên Bản Hộp 288g,Cà Phê Gói,NESCAFE,,,a38f9189-ad87-11ef-a35e-005056b28600,
b8468f8e-8ef4-11f1-9b18-005056b2a5de,03__CFG__NES__DDO__288,Kho Kệ,Hộp,Kho Kệ,4.0,,0.0,,1.0,,3.0,,811,0,1eef0917-e16e-4920-a2b8-b2e91f49e893,1eef0917-e16e-4920-a2b8-b2e91f49e893,2,False,b9898c2e-8ef4-11f1-9b18-005056b2a5de,03__CFG__NES__DDO__288,NESCAFE 3in1 Đỏ Vị Nguyên Bản Hộp 288g,Cà Phê Gói,NESCAFE,,aca0e3b9-1e75-496e-84ff-e96c9084f53f,a38f9189-ad87-11ef-a35e-005056b28600,CÔNG TY TNHH THƯƠNG MẠI VÀ DỊCH VỤ MIRA GROUP
b8468f8e-8ef4-11f1-9b18-005056b2a5de,03__CFG__NES__DEN__240,NESCAFE Việt Đen Đá Hộp 240g (15 gói),Hộp,Tổng,3.0,,0.0,,0.0,,3.0,,812,1,209b1d6b-1e41-4b72-9ad5-99ff02e90849,,1,True,b9898cf5-8ef4-11f1-9b18-005056b2a5de,03__CFG__NES__DEN__240,NESCAFE Việt Đen Đá Hộp 240g (15 gói),Cà Phê Gói,NESCAFE,,,a38f9189-ad87-11ef-a35e-005056b28600,
b8468f8e-8ef4-11f1-9b18-005056b2a5de,03__CFG__NES__DEN__240,Kho Kệ,Hộp,Kho Kệ,3.0,,0.0,,0.0,,3.0,,813,0,209b1d6b-1e41-4b72-9ad5-99ff02e90849,209b1d6b-1e41-4b72-9ad5-99ff02e90849,2,False,b9898dc0-8ef4-11f1-9b18-005056b2a5de,03__CFG__NES__DEN__240,NESCAFE Việt Đen Đá Hộp 240g (15 gói),Cà Phê Gói,NESCAFE,,aca0e3b9-1e75-496e-84ff-e96c9084f53f,a38f9189-ad87-11ef-a35e-005056b28600,CÔNG TY TNHH THƯƠNG MẠI VÀ DỊCH VỤ MIRA GROUP
b8468f8e-8ef4-11f1-9b18-005056b2a5de,03__CFG__NES__KEM__288,NESCAFE 3in1 Vị Kem Sữa Hộp 288g,Hộp,Tổng,3.0,,0.0,,0.0,,3.0,,814,1,28131e21-1d3a-4816-948c-ded31c5da348,,1,True,b9898e83-8ef4-11f1-9b18-005056b2a5de,03__CFG__NES__KEM__288,NESCAFE 3in1 Vị Kem Sữa Hộp 288g,Cà Phê Gói,NESCAFE,,,a38f9189-ad87-11ef-a35e-005056b28600,
b8468f8e-8ef4-11f1-9b18-005056b2a5de,03__CFG__NES__KEM__288,Kho Kệ,Hộp,Kho Kệ,3.0,,0.0,,0.0,,3.0,,815,0,28131e21-1d3a-4816-948c-ded31c5da348,28131e21-1d3a-4816-948c-ded31c5da348,2,False,b9898f49-8ef4-11f1-9b18-005056b2a5de,03__CFG__NES__KEM__288,NESCAFE 3in1 Vị Kem Sữa Hộp 288g,Cà Phê Gói,NESCAFE,,aca0e3b9-1e75-496e-84ff-e96c9084f53f,a38f9189-ad87-11ef-a35e-005056b28600,CÔNG TY TNHH THƯƠNG MẠI VÀ DỊCH VỤ MIRA GROUP
b8468f8e-8ef4-11f1-9b18-005056b2a5de,03__CFG__NES__XAH__288,NESCAFE 3in1 Xanh Vị Rang Đậm,Hộp,Tổng,-17.0,,0.0,,14.0,,-31.0,,816,1,d32f3196-464a-4baf-ba09-65aa1383832a,,1,True,b989900d-8ef4-11f1-9b18-005056b2a5de,03__CFG__NES__XAH__288,NESCAFE 3in1 Xanh Vị Rang Đậm,Cà Phê Gói,NESCAFE,,,a38f9189-ad87-11ef-a35e-005056b28600,
b8468f8e-8ef4-11f1-9b18-005056b2a5de,03__CFG__NES__XAH__288,Kho Kệ,Hộp,Kho Kệ,-17.0,,0.0,,14.0,,-31.0,,817,0,d32f3196-464a-4baf-ba09-65aa1383832a,d32f3196-464a-4baf-ba09-65aa1383832a,2,False,b98990d0-8ef4-11f1-9b18-005056b2a5de,03__CFG__NES__XAH__288,NESCAFE 3in1 Xanh Vị Rang Đậm,Cà Phê Gói,NESCAFE,,aca0e3b9-1e75-496e-84ff-e96c9084f53f,a38f9189-ad87-11ef-a35e-005056b28600,CÔNG TY TNHH THƯƠNG MẠI VÀ DỊCH VỤ MIRA GROUP
b8468f8e-8ef4-11f1-9b18-005056b2a5de,03__CFG__VNC__ORI__20,VINACAFE Gold Original Gói 20g,Gói,Tổng,12.0,,0.0,,0.0,,12.0,,818,1,10849591-c3ce-4741-b0fb-c026cd20099f,,1,True,b9899194-8ef4-11f1-9b18-005056b2a5de,03__CFG__VNC__ORI__20,VINACAFE Gold Original Gói 20g,Cà Phê Gói,VINACAFE,,,a38f9189-ad87-11ef-a35e-005056b28600,
b8468f8e-8ef4-11f1-9b18-005056b2a5de,03__CFG__VNC__ORI__20,Kho Kệ,Gói,Kho Kệ,12.0,,0.0,,0.0,,12.0,,819,0,10849591-c3ce-4741-b0fb-c026cd20099f,10849591-c3ce-4741-b0fb-c026cd20099f,2,False,b9899253-8ef4-11f1-9b18-005056b2a5de,03__CFG__VNC__ORI__20,VINACAFE Gold Original Gói 20g,Cà Phê Gói,VINACAFE,,aca0e3b9-1e75-496e-84ff-e96c9084f53f,a38f9189-ad87-11ef-a35e-005056b28600,CÔNG TY TNHH THƯƠNG MẠI VÀ DỊCH VỤ MIRA GROUP
b8468f8e-8ef4-11f1-9b18-005056b2a5de,03__CFH__TNN__CLA__204,TRUNG NGUYÊN Legend Classic Cà Phê Hòa Tan 204g,Hộp,Tổng,2.0,,0.0,,0.0,,2.0,,820,1,a08f8a92-609d-42d6-89cd-0db71bbcb835,,1,True,b989931b-8ef4-11f1-9b18-005056b2a5de,03__CFH__TNN__CLA__204,TRUNG NGUYÊN Legend Classic Cà Phê Hòa Tan 204g,Cà Phê Hộp,TRUNG NGUYÊN,,,a38f9189-ad87-11ef-a35e-005056b28600,
b8468f8e-8ef4-11f1-9b18-005056b2a5de,03__CFH__TNN__CLA__204,Kho Kệ,Hộp,Kho Kệ,2.0,,0.0,,0.0,,2.0,,821,0,a08f8a92-609d-42d6-89cd-0db71bbcb835,a08f8a92-609d-42d6-89cd-0db71bbcb835,2,False,b98993d6-8ef4-11f1-9b18-005056b2a5de,03__CFH__TNN__CLA__204,TRUNG NGUYÊN Legend Classic Cà Phê Hòa Tan 204g,Cà Phê Hộp,TRUNG NGUYÊN,,aca0e3b9-1e75-496e-84ff-e96c9084f53f,a38f9189-ad87-11ef-a35e-005056b28600,CÔNG TY TNHH THƯƠNG MẠI VÀ DỊCH VỤ MIRA GROUP
b8468f8e-8ef4-11f1-9b18-005056b2a5de,03__CFH__TNN__GOU__500,TRUNG NGUYÊN Gourmet Blend Cà Phê Rang Xay 500g,Hộp,Tổng,11.0,,0.0,,0.0,,11.0,,822,1,a664ff9a-80a8-49f6-bd20-e446aa256fac,,1,True,b989949e-8ef4-11f1-9b18-005056b2a5de,03__CFH__TNN__GOU__500,TRUNG NGUYÊN Gourmet Blend Cà Phê Rang Xay 500g,Cà Phê Hộp,TRUNG NGUYÊN,,,a38f9189-ad87-11ef-a35e-005056b28600,
b8468f8e-8ef4-11f1-9b18-005056b2a5de,03__CFH__TNN__GOU__500,Kho Kệ,Hộp,Kho Kệ,11.0,,0.0,,0.0,,11.0,,823,0,a664ff9a-80a8-49f6-bd20-e446aa256fac,a664ff9a-80a8-49f6-bd20-e446aa256fac,2,False,b9899559-8ef4-11f1-9b18-005056b2a5de,03__CFH__TNN__GOU__500,TRUNG NGUYÊN Gourmet Blend Cà Phê Rang Xay 500g,Cà Phê Hộp,TRUNG NGUYÊN,,aca0e3b9-1e75-496e-84ff-e96c9084f53f,a38f9189-ad87-11ef-a35e-005056b28600,CÔNG TY TNHH THƯƠNG MẠI VÀ DỊCH VỤ MIRA GROUP
b8468f8e-8ef4-11f1-9b18-005056b2a5de,03__CFH__TNN__PAS__224,TRUNG NGUYÊN Legend Passiona Cà Phê Hòa Tan 224g,Hộp,Tổng,7.0,,0.0,,0.0,,7.0,,824,1,15d5e764-ca19-4e4c-86d8-a59e2fd5b7c5,,1,True,b989961e-8ef4-11f1-9b18-005056b2a5de,03__CFH__TNN__PAS__224,TRUNG NGUYÊN Legend Passiona Cà Phê Hòa Tan 224g,Cà Phê Hộp,TRUNG NGUYÊN,,,a38f9189-ad87-11ef-a35e-005056b28600,
b8468f8e-8ef4-11f1-9b18-005056b2a5de,03__CFH__TNN__PAS__224,Kho Kệ,Hộp,Kho Kệ,7.0,,0.0,,0.0,,7.0,,825,0,15d5e764-ca19-4e4c-86d8-a59e2fd5b7c5,15d5e764-ca19-4e4c-86d8-a59e2fd5b7c5,2,False,b98996d2-8ef4-11f1-9b18-005056b2a5de,03__CFH__TNN__PAS__224,TRUNG NGUYÊN Legend Passiona Cà Phê Hòa Tan 224g,Cà Phê Hộp,TRUNG NGUYÊN,,aca0e3b9-1e75-496e-84ff-e96c9084f53f,a38f9189-ad87-11ef-a35e-005056b28600,CÔNG TY TNHH THƯƠNG MẠI VÀ DỊCH VỤ MIRA GROUP
b8468f8e-8ef4-11f1-9b18-005056b2a5de,03__CFH__TNN__STO__340,TRUNG NGUYÊN Sáng Tạo 1 Cà Phê Rang Xay 340g,Hộp,Tổng,4.0,,0.0,,0.0,,4.0,,826,1,899f1709-540c-4e96-8bbe-2679e2b36893,,1,True,b9899797-8ef4-11f1-9b18-005056b2a5de,03__CFH__TNN__STO__340,TRUNG NGUYÊN Sáng Tạo 1 Cà Phê Rang Xay 340g,Cà Phê Hộp,TRUNG NGUYÊN,,,a38f9189-ad87-11ef-a35e-005056b28600,
b8468f8e-8ef4-11f1-9b18-005056b2a5de,03__CFH__TNN__STO__340,Kho Kệ,Hộp,Kho Kệ,4.0,,0.0,,0.0,,4.0,,827,0,899f1709-540c-4e96-8bbe-2679e2b36893,899f1709-540c-4e96-8bbe-2679e2b36893,2,False,b9899859-8ef4-11f1-9b18-005056b2a5de,03__CFH__TNN__STO__340,TRUNG NGUYÊN Sáng Tạo 1 Cà Phê Rang Xay 340g,Cà Phê Hộp,TRUNG NGUYÊN,,aca0e3b9-1e75-496e-84ff-e96c9084f53f,a38f9189-ad87-11ef-a35e-005056b28600,CÔNG TY TNHH THƯƠNG MẠI VÀ DỊCH VỤ MIRA GROUP
b8468f8e-8ef4-11f1-9b18-005056b2a5de,03__CGA__ALA__CNG__26,ALACO Chân Gà Rút Xương Vị Cay Ngọt 26g,Cái,Tổng,200.0,,200.0,,252.0,,148.0,,828,1,a1b7093f-87d3-469c-806e-4a20921805f4,,1,True,b9899920-8ef4-11f1-9b18-005056b2a5de,03__CGA__ALA__CNG__26,ALACO Chân Gà Rút Xương Vị Cay Ngọt 26g,Chân Gà,ALACO,,,a38f9189-ad87-11ef-a35e-005056b28600,
b8468f8e-8ef4-11f1-9b18-005056b2a5de,03__CGA__ALA__CNG__26,Kho Kệ,Cái,Kho Kệ,3860.0,,200.0,,252.0,,3808.0,,829,0,a1b7093f-87d3-469c-806e-4a20921805f4,a1b7093f-87d3-469c-806e-4a20921805f4,2,False,b98999f0-8ef4-11f1-9b18-005056b2a5de,03__CGA__ALA__CNG__26,ALACO Chân Gà Rút Xương Vị Cay Ngọt 26g,Chân Gà,ALACO,,aca0e3b9-1e75-496e-84ff-e96c9084f53f,a38f9189-ad87-11ef-a35e-005056b28600,CÔNG TY TNHH THƯƠNG MẠI VÀ DỊCH VỤ MIRA GROUP
b8468f8e-8ef4-11f1-9b18-005056b2a5de,03__CGA__ALA__CNG__26,Kho MIRA,Cái,Kho MIRA,-3660.0,,0.0,,0.0,,-3660.0,,830,0,a1b7093f-87d3-469c-806e-4a20921805f4,a1b7093f-87d3-469c-806e-4a20921805f4,2,False,b9899abc-8ef4-11f1-9b18-005056b2a5de,03__CGA__ALA__CNG__26,ALACO Chân Gà Rút Xương Vị Cay Ngọt 26g,Chân Gà,ALACO,,485b5d06-306c-11f0-b467-005056b34af7,a38f9189-ad87-11ef-a35e-005056b28600,CÔNG TY TNHH THƯƠNG MẠI VÀ DỊCH VỤ MIRA GROUP
b8468f8e-8ef4-11f1-9b18-005056b2a5de,03__CGA__ALA__ORI__26,ALACO Chân Gà R.X Truyền Thống 26g,Cái,Tổng,74.0,,400.0,,125.0,,349.0,,831,1,cdfb3e78-caa9-469b-a3f3-8ca45ac64bdc,,1,True,b9899c12-8ef4-11f1-9b18-005056b2a5de,03__CGA__ALA__ORI__26,ALACO Chân Gà R.X Truyền Thống 26g,Chân Gà,ALACO,,,a38f9189-ad87-11ef-a35e-005056b28600,
b8468f8e-8ef4-11f1-9b18-005056b2a5de,03__CGA__ALA__ORI__26,Kho Kệ,Cái,Kho Kệ,-46.0,,400.0,,125.0,,229.0,,832,0,cdfb3e78-caa9-469b-a3f3-8ca45ac64bdc,cdfb3e78-caa9-469b-a3f3-8ca45ac64bdc,2,False,b9899cd6-8ef4-11f1-9b18-005056b2a5de,03__CGA__ALA__ORI__26,ALACO Chân Gà R.X Truyền Thống 26g,Chân Gà,ALACO,,aca0e3b9-1e75-496e-84ff-e96c9084f53f,a38f9189-ad87-11ef-a35e-005056b28600,CÔNG TY TNHH THƯƠNG MẠI VÀ DỊCH VỤ MIRA GROUP
b8468f8e-8ef4-11f1-9b18-005056b2a5de,03__CGA__ALA__ORI__26,Kho MIRA,Cái,Kho MIRA,120.0,,0.0,,0.0,,120.0,,833,0,cdfb3e78-caa9-469b-a3f3-8ca45ac64bdc,cdfb3e78-caa9-469b-a3f3-8ca45ac64bdc,2,False,b9899d9b-8ef4-11f1-9b18-005056b2a5de,03__CGA__ALA__ORI__26,ALACO Chân Gà R.X Truyền Thống 26g,Chân Gà,ALACO,,485b5d06-306c-11f0-b467-005056b34af7,a38f9189-ad87-11ef-a35e-005056b28600,CÔNG TY TNHH THƯƠNG MẠI VÀ DỊCH VỤ MIRA GROUP
b8468f8e-8ef4-11f1-9b18-005056b2a5de,03__DPG__TAN__MIX__200,TÂN TÂN Đậu Phộng Mix Hộp 200g,Hộp,Tổng,3.0,,24.0,,5.0,,22.0,,834,1,d5840b67-59e4-4647-8b47-0ca754e9d630,,1,True,b9899e95-8ef4-11f1-9b18-005056b2a5de,03__DPG__TAN__MIX__200,TÂN TÂN Đậu Phộng Mix Hộp 200g,Đậu Phộng,TÂN TÂN,,,a38f9189-ad87-11ef-a35e-005056b28600,
b8468f8e-8ef4-11f1-9b18-005056b2a5de,03__DPG__TAN__MIX__200,Kho Kệ,Hộp,Kho Kệ,3.0,,24.0,,5.0,,22.0,,835,0,d5840b67-59e4-4647-8b47-0ca754e9d630,d5840b67-59e4-4647-8b47-0ca754e9d630,2,False,b9899fbd-8ef4-11f1-9b18-005056b2a5de,03__DPG__TAN__MIX__200,TÂN TÂN Đậu Phộng Mix Hộp 200g,Đậu Phộng,TÂN TÂN,,aca0e3b9-1e75-496e-84ff-e96c9084f53f,a38f9189-ad87-11ef-a35e-005056b28600,CÔNG TY TNHH THƯƠNG MẠI VÀ DỊCH VỤ MIRA GROUP
b8468f8e-8ef4-11f1-9b18-005056b2a5de,03__DPG__TAN__TCY__28,TÂN TÂN Đậu Phộng Vị Tôm Gói 28g,Gói,Tổng,60.0,,0.0,,25.0,,35.0,,836,1,5d1f1335-be20-4eb3-9acb-4c58eca6c2af,,1,True,b989a0ea-8ef4-11f1-9b18-005056b2a5de,03__DPG__TAN__TCY__28,TÂN TÂN Đậu Phộng Vị Tôm Gói 28g,Đậu Phộng,TÂN TÂN,,,a38f9189-ad87-11ef-a35e-005056b28600,
b8468f8e-8ef4-11f1-9b18-005056b2a5de,03__DPG__TAN__TCY__28,Kho Kệ,Gói,Kho Kệ,10.0,,0.0,,25.0,,-15.0,,837,0,5d1f1335-be20-4eb3-9acb-4c58eca6c2af,5d1f1335-be20-4eb3-9acb-4c58eca6c2af,2,False,b989a20a-8ef4-11f1-9b18-005056b2a5de,03__DPG__TAN__TCY__28,TÂN TÂN Đậu Phộng Vị Tôm Gói 28g,Đậu Phộng,TÂN TÂN,,aca0e3b9-1e75-496e-84ff-e96c9084f53f,a38f9189-ad87-11ef-a35e-005056b28600,CÔNG TY TNHH THƯƠNG MẠI VÀ DỊCH VỤ MIRA GROUP
b8468f8e-8ef4-11f1-9b18-005056b2a5de,03__DPG__TAN__TCY__28,Kho MIRA,Gói,Kho MIRA,50.0,,0.0,,0.0,,50.0,,838,0,5d1f1335-be20-4eb3-9acb-4c58eca6c2af,5d1f1335-be20-4eb3-9acb-4c58eca6c2af,2,False,b989a33e-8ef4-11f1-9b18-005056b2a5de,03__DPG__TAN__TCY__28,TÂN TÂN Đậu Phộng Vị Tôm Gói 28g,Đậu Phộng,TÂN TÂN,,485b5d06-306c-11f0-b467-005056b34af7,a38f9189-ad87-11ef-a35e-005056b28600,CÔNG TY TNHH THƯƠNG MẠI VÀ DỊCH VỤ MIRA GROUP
b8468f8e-8ef4-11f1-9b18-005056b2a5de,03__DPG__TAN__TOT__200,TÂN TÂN Đậu Phộng Tỏi Ớt Hộp 200g,Hộp,Tổng,4.0,,24.0,,11.0,,17.0,,839,1,ab03a635-8665-4037-b8fe-82312381d4d6,,1,True,b989a465-8ef4-11f1-9b18-005056b2a5de,03__DPG__TAN__TOT__200,TÂN TÂN Đậu Phộng Tỏi Ớt Hộp 200g,Đậu Phộng,TÂN TÂN,,,a38f9189-ad87-11ef-a35e-005056b28600,
b8468f8e-8ef4-11f1-9b18-005056b2a5de,03__DPG__TAN__TOT__200,Kho Kệ,Hộp,Kho Kệ,4.0,,24.0,,11.0,,17.0,,840,0,ab03a635-8665-4037-b8fe-82312381d4d6,ab03a635-8665-4037-b8fe-82312381d4d6,2,False,b989a578-8ef4-11f1-9b18-005056b2a5de,03__DPG__TAN__TOT__200,TÂN TÂN Đậu Phộng Tỏi Ớt Hộp 200g,Đậu Phộng,TÂN TÂN,,aca0e3b9-1e75-496e-84ff-e96c9084f53f,a38f9189-ad87-11ef-a35e-005056b28600,CÔNG TY TNHH THƯƠNG MẠI VÀ DỊCH VỤ MIRA GROUP
b8468f8e-8ef4-11f1-9b18-005056b2a5de,03__DPG__TAN__TOT__28,TÂN TÂN Đậu Phộng Nước Cốt Dừa 28g,Gói,Tổng,49.0,,0.0,,36.0,,13.0,,841,1,284a3c20-e934-45e8-83a0-9698f91894f5,,1,True,b989a6a0-8ef4-11f1-9b18-005056b2a5de,03__DPG__TAN__TOT__28,TÂN TÂN Đậu Phộng Nước Cốt Dừa 28g,Đậu Phộng,TÂN TÂN,,,a38f9189-ad87-11ef-a35e-005056b28600,
b8468f8e-8ef4-11f1-9b18-005056b2a5de,03__DPG__TAN__TOT__28,Kho Kệ,Gói,Kho Kệ,-1.0,,0.0,,36.0,,-37.0,,842,0,284a3c20-e934-45e8-83a0-9698f91894f5,284a3c20-e934-45e8-83a0-9698f91894f5,2,False,b989a7b7-8ef4-11f1-9b18-005056b2a5de,03__DPG__TAN__TOT__28,TÂN TÂN Đậu Phộng Nước Cốt Dừa 28g,Đậu Phộng,TÂN TÂN,,aca0e3b9-1e75-496e-84ff-e96c9084f53f,a38f9189-ad87-11ef-a35e-005056b28600,CÔNG TY TNHH THƯƠNG MẠI VÀ DỊCH VỤ MIRA GROUP
b8468f8e-8ef4-11f1-9b18-005056b2a5de,03__DPG__TAN__TOT__28,Kho MIRA,Gói,Kho MIRA,50.0,,0.0,,0.0,,50.0,,843,0,284a3c20-e934-45e8-83a0-9698f91894f5,284a3c20-e934-45e8-83a0-9698f91894f5,2,False,b989a8f8-8ef4-11f1-9b18-005056b2a5de,03__DPG__TAN__TOT__28,TÂN TÂN Đậu Phộng Nước Cốt Dừa 28g,Đậu Phộng,TÂN TÂN,,485b5d06-306c-11f0-b467-005056b34af7,a38f9189-ad87-11ef-a35e-005056b28600,CÔNG TY TNHH THƯƠNG MẠI VÀ DỊCH VỤ MIRA GROUP
b8468f8e-8ef4-11f1-9b18-005056b2a5de,03__HBI__TDT__MUO__50,TRƯỜNG ĐẠT Hạt Bí Rang Củi Vị Muối Truyền Thống 50g,Bịch,Tổng,20.0,,0.0,,6.0,,14.0,,844,1,d6aba3a4-6216-491b-88bf-197f4670dcc2,,1,True,b989aa3f-8ef4-11f1-9b18-005056b2a5de,03__HBI__TDT__MUO__50,TRƯỜNG ĐẠT Hạt Bí Rang Củi Vị Muối Truyền Thống 50g,Hạt Bí,TRƯỜNG ĐẠT,,,a38f9189-ad87-11ef-a35e-005056b28600,
b8468f8e-8ef4-11f1-9b18-005056b2a5de,03__HBI__TDT__MUO__50,Kho Kệ,Bịch,Kho Kệ,20.0,,0.0,,6.0,,14.0,,845,0,d6aba3a4-6216-491b-88bf-197f4670dcc2,d6aba3a4-6216-491b-88bf-197f4670dcc2,2,False,b989ab62-8ef4-11f1-9b18-005056b2a5de,03__HBI__TDT__MUO__50,TRƯỜNG ĐẠT Hạt Bí Rang Củi Vị Muối Truyền Thống 50g,Hạt Bí,TRƯỜNG ĐẠT,,aca0e3b9-1e75-496e-84ff-e96c9084f53f,a38f9189-ad87-11ef-a35e-005056b28600,CÔNG TY TNHH THƯƠNG MẠI VÀ DỊCH VỤ MIRA GROUP
b8468f8e-8ef4-11f1-9b18-005056b2a5de,03__HDA__TDT__CUI__40,TRƯỜNG ĐẠT Hạt Dưa Rang Củi 40g,Bịch,Tổng,163.0,,0.0,,16.0,,147.0,,846,1,cb0c5437-09a5-4a1d-97a3-d991ff8d6b22,,1,True,b989acd6-8ef4-11f1-9b18-005056b2a5de,03__HDA__TDT__CUI__40,TRƯỜNG ĐẠT Hạt Dưa Rang Củi 40g,Hạt Dưa,TRƯỜNG ĐẠT,,,a38f9189-ad87-11ef-a35e-005056b28600,
b8468f8e-8ef4-11f1-9b18-005056b2a5de,03__HDA__TDT__CUI__40,Kho Kệ,Bịch,Kho Kệ,2.0,,0.0,,16.0,,-14.0,,847,0,cb0c5437-09a5-4a1d-97a3-d991ff8d6b22,cb0c5437-09a5-4a1d-97a3-d991ff8d6b22,2,False,b989b00a-8ef4-11f1-9b18-005056b2a5de,03__HDA__TDT__CUI__40,TRƯỜNG ĐẠT Hạt Dưa Rang Củi 40g,Hạt Dưa,TRƯỜNG ĐẠT,,aca0e3b9-1e75-496e-84ff-e96c9084f53f,a38f9189-ad87-11ef-a35e-005056b28600,CÔNG TY TNHH THƯƠNG MẠI VÀ DỊCH VỤ MIRA GROUP
b8468f8e-8ef4-11f1-9b18-005056b2a5de,03__HDA__TDT__CUI__40,Kho MIRA,Bịch,Kho MIRA,161.0,,0.0,,0.0,,161.0,,848,0,cb0c5437-09a5-4a1d-97a3-d991ff8d6b22,cb0c5437-09a5-4a1d-97a3-d991ff8d6b22,2,False,b989b183-8ef4-11f1-9b18-005056b2a5de,03__HDA__TDT__CUI__40,TRƯỜNG ĐẠT Hạt Dưa Rang Củi 40g,Hạt Dưa,TRƯỜNG ĐẠT,,485b5d06-306c-11f0-b467-005056b34af7,a38f9189-ad87-11ef-a35e-005056b28600,CÔNG TY TNHH THƯƠNG MẠI VÀ DỊCH VỤ MIRA GROUP
b8468f8e-8ef4-11f1-9b18-005056b2a5de,03__HDA__TDT__CUI__500,TRƯỜNG ĐẠT Hạt Dưa Rang Củi 500g,Bịch,Tổng,5.0,,0.0,,2.0,,3.0,,849,1,34097d14-cfd5-4c17-a770-62d57f60c544,,1,True,b989b2c2-8ef4-11f1-9b18-005056b2a5de,03__HDA__TDT__CUI__500,TRƯỜNG ĐẠT Hạt Dưa Rang Củi 500g,Hạt Dưa,TRƯỜNG ĐẠT,,,a38f9189-ad87-11ef-a35e-005056b28600,
b8468f8e-8ef4-11f1-9b18-005056b2a5de,03__HDA__TDT__CUI__500,Kho Kệ,Bịch,Kho Kệ,5.0,,0.0,,2.0,,3.0,,850,0,34097d14-cfd5-4c17-a770-62d57f60c544,34097d14-cfd5-4c17-a770-62d57f60c544,2,False,b989b3f4-8ef4-11f1-9b18-005056b2a5de,03__HDA__TDT__CUI__500,TRƯỜNG ĐẠT Hạt Dưa Rang Củi 500g,Hạt Dưa,TRƯỜNG ĐẠT,,aca0e3b9-1e75-496e-84ff-e96c9084f53f,a38f9189-ad87-11ef-a35e-005056b28600,CÔNG TY TNHH THƯƠNG MẠI VÀ DỊCH VỤ MIRA GROUP
b8468f8e-8ef4-11f1-9b18-005056b2a5de,03__HDG__CHA__BIH__130,CHACHEER Hạt Hướng Dương Dừa 130g,Bịch,Tổng,46.0,,0.0,,35.0,,11.0,,851,1,1166326d-f085-442a-9252-5abaf245c1e0,,1,True,b989b548-8ef4-11f1-9b18-005056b2a5de,03__HDG__CHA__BIH__130,CHACHEER Hạt Hướng Dương Dừa 130g,Hạt Hướng Dương,Chacheer,,,a38f9189-ad87-11ef-a35e-005056b28600,
b8468f8e-8ef4-11f1-9b18-005056b2a5de,03__HDG__CHA__BIH__130,Kho Kệ,Bịch,Kho Kệ,46.0,,0.0,,35.0,,11.0,,852,0,1166326d-f085-442a-9252-5abaf245c1e0,1166326d-f085-442a-9252-5abaf245c1e0,2,False,b989b693-8ef4-11f1-9b18-005056b2a5de,03__HDG__CHA__BIH__130,CHACHEER Hạt Hướng Dương Dừa 130g,Hạt Hướng Dương,Chacheer,,aca0e3b9-1e75-496e-84ff-e96c9084f53f,a38f9189-ad87-11ef-a35e-005056b28600,CÔNG TY TNHH THƯƠNG MẠI VÀ DỊCH VỤ MIRA GROUP
b8468f8e-8ef4-11f1-9b18-005056b2a5de,03__HDG__TDT__DUA__40,TRƯỜNG ĐẠT Hạt Hướng Dương Vị Dừa 40g,Bịch,Tổng,63.0,,0.0,,17.0,,46.0,,853,1,eb990db2-07c3-4379-8c8a-684eb1fbf713,,1,True,b989b7d3-8ef4-11f1-9b18-005056b2a5de,03__HDG__TDT__DUA__40,TRƯỜNG ĐẠT Hạt Hướng Dương Vị Dừa 40g,Hạt Hướng Dương,TRƯỜNG ĐẠT,,,a38f9189-ad87-11ef-a35e-005056b28600,
b8468f8e-8ef4-11f1-9b18-005056b2a5de,03__HDG__TDT__DUA__40,Kho Kệ,Bịch,Kho Kệ,3.0,,0.0,,17.0,,-14.0,,854,0,eb990db2-07c3-4379-8c8a-684eb1fbf713,eb990db2-07c3-4379-8c8a-684eb1fbf713,2,False,b989b91c-8ef4-11f1-9b18-005056b2a5de,03__HDG__TDT__DUA__40,TRƯỜNG ĐẠT Hạt Hướng Dương Vị Dừa 40g,Hạt Hướng Dương,TRƯỜNG ĐẠT,,aca0e3b9-1e75-496e-84ff-e96c9084f53f,a38f9189-ad87-11ef-a35e-005056b28600,CÔNG TY TNHH THƯƠNG MẠI VÀ DỊCH VỤ MIRA GROUP
b8468f8e-8ef4-11f1-9b18-005056b2a5de,03__HDG__TDT__DUA__40,Kho MIRA,Bịch,Kho MIRA,60.0,,0.0,,0.0,,60.0,,855,0,eb990db2-07c3-4379-8c8a-684eb1fbf713,eb990db2-07c3-4379-8c8a-684eb1fbf713,2,False,b989ba4e-8ef4-11f1-9b18-005056b2a5de,03__HDG__TDT__DUA__40,TRƯỜNG ĐẠT Hạt Hướng Dương Vị Dừa 40g,Hạt Hướng Dương,TRƯỜNG ĐẠT,,485b5d06-306c-11f0-b467-005056b34af7,a38f9189-ad87-11ef-a35e-005056b28600,CÔNG TY TNHH THƯƠNG MẠI VÀ DỊCH VỤ MIRA GROUP
b8468f8e-8ef4-11f1-9b18-005056b2a5de,03__KCU__BIB__HME__70,BIBICA Migita Kẹo Hương Me 70g,Bịch,Tổng,1.0,,0.0,,0.0,,1.0,,856,1,f6ef52a6-97de-4304-be35-f2fa308a70be,,1,True,b989bb3e-8ef4-11f1-9b18-005056b2a5de,03__KCU__BIB__HME__70,BIBICA Migita Kẹo Hương Me 70g,Kẹo Cứng,BIBICA,,,a38f9189-ad87-11ef-a35e-005056b28600,
b8468f8e-8ef4-11f1-9b18-005056b2a5de,03__KCU__BIB__HME__70,Kho Kệ,Bịch,Kho Kệ,1.0,,0.0,,0.0,,1.0,,857,0,f6ef52a6-97de-4304-be35-f2fa308a70be,f6ef52a6-97de-4304-be35-f2fa308a70be,2,False,b989bd36-8ef4-11f1-9b18-005056b2a5de,03__KCU__BIB__HME__70,BIBICA Migita Kẹo Hương Me 70g,Kẹo Cứng,BIBICA,,aca0e3b9-1e75-496e-84ff-e96c9084f53f,a38f9189-ad87-11ef-a35e-005056b28600,CÔNG TY TNHH THƯƠNG MẠI VÀ DỊCH VỤ MIRA GROUP
b8468f8e-8ef4-11f1-9b18-005056b2a5de,03__KCU__DYN__OHG__96,DYNAMITE Kẹo Ổi Hồng Muối Ớt 96g,Bịch,Tổng,1.0,,0.0,,1.0,,0.0,,858,1,b80eec97-4f95-4c92-97b5-4ef9e94ee717,,1,True,b989be4c-8ef4-11f1-9b18-005056b2a5de,03__KCU__DYN__OHG__96,DYNAMITE Kẹo Ổi Hồng Muối Ớt 96g,Kẹo Cứng,Dynamite,,,a38f9189-ad87-11ef-a35e-005056b28600,
b8468f8e-8ef4-11f1-9b18-005056b2a5de,03__KCU__DYN__OHG__96,Kho Kệ,Bịch,Kho Kệ,1.0,,0.0,,1.0,,0.0,,859,0,b80eec97-4f95-4c92-97b5-4ef9e94ee717,b80eec97-4f95-4c92-97b5-4ef9e94ee717,2,False,b989bf10-8ef4-11f1-9b18-005056b2a5de,03__KCU__DYN__OHG__96,DYNAMITE Kẹo Ổi Hồng Muối Ớt 96g,Kẹo Cứng,Dynamite,,aca0e3b9-1e75-496e-84ff-e96c9084f53f,a38f9189-ad87-11ef-a35e-005056b28600,CÔNG TY TNHH THƯƠNG MẠI VÀ DỊCH VỤ MIRA GROUP
b8468f8e-8ef4-11f1-9b18-005056b2a5de,03__KCU__ESP__CAP__150,ESPREZZO Kẹo Cà Phê Nhân Cà Phê 150g,Bịch,Tổng,1.0,,0.0,,0.0,,1.0,,860,1,9d5a9f1a-51bf-4276-b6a4-d6a31754b9b9,,1,True,b989c032-8ef4-11f1-9b18-005056b2a5de,03__KCU__ESP__CAP__150,ESPREZZO Kẹo Cà Phê Nhân Cà Phê 150g,Kẹo Cứng,ESPREZZO,,,a38f9189-ad87-11ef-a35e-005056b28600,
b8468f8e-8ef4-11f1-9b18-005056b2a5de,03__KCU__ESP__CAP__150,Kho Kệ,Bịch,Kho Kệ,1.0,,0.0,,0.0,,1.0,,861,0,9d5a9f1a-51bf-4276-b6a4-d6a31754b9b9,9d5a9f1a-51bf-4276-b6a4-d6a31754b9b9,2,False,b989c13e-8ef4-11f1-9b18-005056b2a5de,03__KCU__ESP__CAP__150,ESPREZZO Kẹo Cà Phê Nhân Cà Phê 150g,Kẹo Cứng,ESPREZZO,,aca0e3b9-1e75-496e-84ff-e96c9084f53f,a38f9189-ad87-11ef-a35e-005056b28600,CÔNG TY TNHH THƯƠNG MẠI VÀ DỊCH VỤ MIRA GROUP
b8468f8e-8ef4-11f1-9b18-005056b2a5de,03__KCU__ESP__MOC__150,ESPREZZO Kẹo Cà Phê Nhân Mocha 150g,Bịch,Tổng,1.0,,0.0,,0.0,,1.0,,862,1,b903ab19-2069-4cf7-8a59-50fe273d8cc5,,1,True,b989c20f-8ef4-11f1-9b18-005056b2a5de,03__KCU__ESP__MOC__150,ESPREZZO Kẹo Cà Phê Nhân Mocha 150g,Kẹo Cứng,ESPREZZO,,,a38f9189-ad87-11ef-a35e-005056b28600,
b8468f8e-8ef4-11f1-9b18-005056b2a5de,03__KCU__ESP__MOC__150,Kho Kệ,Bịch,Kho Kệ,1.0,,0.0,,0.0,,1.0,,863,0,b903ab19-2069-4cf7-8a59-50fe273d8cc5,b903ab19-2069-4cf7-8a59-50fe273d8cc5,2,False,b989c2d4-8ef4-11f1-9b18-005056b2a5de,03__KCU__ESP__MOC__150,ESPREZZO Kẹo Cà Phê Nhân Mocha 150g,Kẹo Cứng,ESPREZZO,,aca0e3b9-1e75-496e-84ff-e96c9084f53f,a38f9189-ad87-11ef-a35e-005056b28600,CÔNG TY TNHH THƯƠNG MẠI VÀ DỊCH VỤ MIRA GROUP
b8468f8e-8ef4-11f1-9b18-005056b2a5de,03__KCU__FIS__BHA__25,FISHERMAN's FRIEND Kẹo Cay Con Tàu Hương Bạc Hà 25g,Bịch,Tổng,1.0,,0.0,,0.0,,1.0,,864,1,66a5fcd3-d2e4-48ba-b81e-be1def0d7a01,,1,True,b989c4ce-8ef4-11f1-9b18-005056b2a5de,03__KCU__FIS__BHA__25,FISHERMAN's FRIEND Kẹo Cay Con Tàu Hương Bạc Hà 25g,Kẹo Cứng,FISHERMAN's FRIEND,,,a38f9189-ad87-11ef-a35e-005056b28600,
b8468f8e-8ef4-11f1-9b18-005056b2a5de,03__KCU__FIS__BHA__25,Kho Kệ,Bịch,Kho Kệ,1.0,,0.0,,0.0,,1.0,,865,0,66a5fcd3-d2e4-48ba-b81e-be1def0d7a01,66a5fcd3-d2e4-48ba-b81e-be1def0d7a01,2,False,b989c5da-8ef4-11f1-9b18-005056b2a5de,03__KCU__FIS__BHA__25,FISHERMAN's FRIEND Kẹo Cay Con Tàu Hương Bạc Hà 25g,Kẹo Cứng,FISHERMAN's FRIEND,,aca0e3b9-1e75-496e-84ff-e96c9084f53f,a38f9189-ad87-11ef-a35e-005056b28600,CÔNG TY TNHH THƯƠNG MẠI VÀ DỊCH VỤ MIRA GROUP
b8468f8e-8ef4-11f1-9b18-005056b2a5de,03__KCU__FIS__QUT__25,FISHERMAN'S FRIEND Kẹo Cay Con Tàu Hương Quýt 25g,Bịch,Tổng,1.0,,0.0,,1.0,,0.0,,866,1,5975a344-39dd-47f4-82e5-6d48f7141397,,1,True,b989c819-8ef4-11f1-9b18-005056b2a5de,03__KCU__FIS__QUT__25,FISHERMAN'S FRIEND Kẹo Cay Con Tàu Hương Quýt 25g,Kẹo Cứng,FISHERMAN's FRIEND,,,a38f9189-ad87-11ef-a35e-005056b28600,
b8468f8e-8ef4-11f1-9b18-005056b2a5de,03__KCU__FIS__QUT__25,Kho Kệ,Bịch,Kho Kệ,1.0,,0.0,,1.0,,0.0,,867,0,5975a344-39dd-47f4-82e5-6d48f7141397,5975a344-39dd-47f4-82e5-6d48f7141397,2,False,b989c956-8ef4-11f1-9b18-005056b2a5de,03__KCU__FIS__QUT__25,FISHERMAN'S FRIEND Kẹo Cay Con Tàu Hương Quýt 25g,Kẹo Cứng,FISHERMAN's FRIEND,,aca0e3b9-1e75-496e-84ff-e96c9084f53f,a38f9189-ad87-11ef-a35e-005056b28600,CÔNG TY TNHH THƯƠNG MẠI VÀ DỊCH VỤ MIRA GROUP
b8468f8e-8ef4-11f1-9b18-005056b2a5de,03__KCU__FIS__SPE__25,FISHERMAN'S FRIEND Kẹo Cay Con Tàu Hương Spearmint 25g,Bịch,Tổng,1.0,,0.0,,0.0,,1.0,,868,1,5fd9ed36-9248-4c35-aa02-837898490f7c,,1,True,b989cadb-8ef4-11f1-9b18-005056b2a5de,03__KCU__FIS__SPE__25,FISHERMAN'S FRIEND Kẹo Cay Con Tàu Hương Spearmint 25g,Kẹo Cứng,FISHERMAN's FRIEND,,,a38f9189-ad87-11ef-a35e-005056b28600,
b8468f8e-8ef4-11f1-9b18-005056b2a5de,03__KCU__FIS__SPE__25,Kho Kệ,Bịch,Kho Kệ,1.0,,0.0,,0.0,,1.0,,869,0,5fd9ed36-9248-4c35-aa02-837898490f7c,5fd9ed36-9248-4c35-aa02-837898490f7c,2,False,b989cc04-8ef4-11f1-9b18-005056b2a5de,03__KCU__FIS__SPE__25,FISHERMAN'S FRIEND Kẹo Cay Con Tàu Hương Spearmint 25g,Kẹo Cứng,FISHERMAN's FRIEND,,aca0e3b9-1e75-496e-84ff-e96c9084f53f,a38f9189-ad87-11ef-a35e-005056b28600,CÔNG TY TNHH THƯƠNG MẠI VÀ DỊCH VỤ MIRA GROUP
b8468f8e-8ef4-11f1-9b18-005056b2a5de,03__KCU__FRE__APP__150,FRES Kẹo Apple Peach Bịch 150g,Bịch,Tổng,4.0,,0.0,,4.0,,0.0,,870,1,83dc65d5-d68e-449f-96e9-24523dc7448d,,1,True,b989cccf-8ef4-11f1-9b18-005056b2a5de,03__KCU__FRE__APP__150,FRES Kẹo Apple Peach Bịch 150g,Kẹo Cứng,Fres,,,a38f9189-ad87-11ef-a35e-005056b28600,
b8468f8e-8ef4-11f1-9b18-005056b2a5de,03__KCU__FRE__APP__150,Kho Kệ,Bịch,Kho Kệ,4.0,,0.0,,4.0,,0.0,,871,0,83dc65d5-d68e-449f-96e9-24523dc7448d,83dc65d5-d68e-449f-96e9-24523dc7448d,2,False,b989ce25-8ef4-11f1-9b18-005056b2a5de,03__KCU__FRE__APP__150,FRES Kẹo Apple Peach Bịch 150g,Kẹo Cứng,Fres,,aca0e3b9-1e75-496e-84ff-e96c9084f53f,a38f9189-ad87-11ef-a35e-005056b28600,CÔNG TY TNHH THƯƠNG MẠI VÀ DỊCH VỤ MIRA GROUP
b8468f8e-8ef4-11f1-9b18-005056b2a5de,03__KCU__FRE__GOI__150,FRES Kẹo The Bịch 150g,Bịch,Tổng,4.0,,0.0,,3.0,,1.0,,872,1,8010c8d8-1bb5-47c8-a9c6-c703da2c82a3,,1,True,b989cf64-8ef4-11f1-9b18-005056b2a5de,03__KCU__FRE__GOI__150,FRES Kẹo The Bịch 150g,Kẹo Cứng,Fres,,,a38f9189-ad87-11ef-a35e-005056b28600,
b8468f8e-8ef4-11f1-9b18-005056b2a5de,03__KCU__FRE__GOI__150,Kho Kệ,Bịch,Kho Kệ,4.0,,0.0,,3.0,,1.0,,873,0,8010c8d8-1bb5-47c8-a9c6-c703da2c82a3,8010c8d8-1bb5-47c8-a9c6-c703da2c82a3,2,False,b989d08d-8ef4-11f1-9b18-005056b2a5de,03__KCU__FRE__GOI__150,FRES Kẹo The Bịch 150g,Kẹo Cứng,Fres,,aca0e3b9-1e75-496e-84ff-e96c9084f53f,a38f9189-ad87-11ef-a35e-005056b28600,CÔNG TY TNHH THƯƠNG MẠI VÀ DỊCH VỤ MIRA GROUP
b8468f8e-8ef4-11f1-9b18-005056b2a5de,03__KCU__GIN__GUG__125,GINGERBON Kẹo Gừng Chanh Mật Ong Vàng 125g,Bịch,Tổng,2.0,,0.0,,2.0,,0.0,,874,1,17816cf9-5130-4abb-b179-b013f59a784d,,1,True,b989d1c4-8ef4-11f1-9b18-005056b2a5de,03__KCU__GIN__GUG__125,GINGERBON Kẹo Gừng Chanh Mật Ong Vàng 125g,Kẹo Cứng,Gingerbon,,,a38f9189-ad87-11ef-a35e-005056b28600,
b8468f8e-8ef4-11f1-9b18-005056b2a5de,03__KCU__GIN__GUG__125,Kho Kệ,Bịch,Kho Kệ,2.0,,0.0,,2.0,,0.0,,875,0,17816cf9-5130-4abb-b179-b013f59a784d,17816cf9-5130-4abb-b179-b013f59a784d,2,False,b989d2f4-8ef4-11f1-9b18-005056b2a5de,03__KCU__GIN__GUG__125,GINGERBON Kẹo Gừng Chanh Mật Ong Vàng 125g,Kẹo Cứng,Gingerbon,,aca0e3b9-1e75-496e-84ff-e96c9084f53f,a38f9189-ad87-11ef-a35e-005056b28600,CÔNG TY TNHH THƯƠNG MẠI VÀ DỊCH VỤ MIRA GROUP
b8468f8e-8ef4-11f1-9b18-005056b2a5de,03__KCU__GIN__HOG__125,GINGERBON Kẹo Gừng Hồng Bịch 125g,Bịch,Tổng,1.0,,0.0,,0.0,,1.0,,876,1,aa6bfc06-ba0d-4f3a-b32b-6dc76c2d211d,,1,True,b989d425-8ef4-11f1-9b18-005056b2a5de,03__KCU__GIN__HOG__125,GINGERBON Kẹo Gừng Hồng Bịch 125g,Kẹo Cứng,Gingerbon,,,a38f9189-ad87-11ef-a35e-005056b28600,
b8468f8e-8ef4-11f1-9b18-005056b2a5de,03__KCU__GIN__HOG__125,Kho Kệ,Bịch,Kho Kệ,1.0,,0.0,,0.0,,1.0,,877,0,aa6bfc06-ba0d-4f3a-b32b-6dc76c2d211d,aa6bfc06-ba0d-4f3a-b32b-6dc76c2d211d,2,False,b989d558-8ef4-11f1-9b18-005056b2a5de,03__KCU__GIN__HOG__125,GINGERBON Kẹo Gừng Hồng Bịch 125g,Kẹo Cứng,Gingerbon,,aca0e3b9-1e75-496e-84ff-e96c9084f53f,a38f9189-ad87-11ef-a35e-005056b28600,CÔNG TY TNHH THƯƠNG MẠI VÀ DỊCH VỤ MIRA GROUP
b8468f8e-8ef4-11f1-9b18-005056b2a5de,03__KCU__GOL__ACT__109,GOLIA ACTIVE+ Kẹo 108.9g,Bịch,Tổng,7.0,,0.0,,1.0,,6.0,,878,1,c6750fbe-c443-4173-8065-09c5065ccc99,,1,True,b989d67f-8ef4-11f1-9b18-005056b2a5de,03__KCU__GOL__ACT__109,GOLIA ACTIVE+ Kẹo 108.9g,Kẹo Cứng,Golia,,,a38f9189-ad87-11ef-a35e-005056b28600,
b8468f8e-8ef4-11f1-9b18-005056b2a5de,03__KCU__GOL__ACT__109,Kho Kệ,Bịch,Kho Kệ,7.0,,0.0,,1.0,,6.0,,879,0,c6750fbe-c443-4173-8065-09c5065ccc99,c6750fbe-c443-4173-8065-09c5065ccc99,2,False,b989d753-8ef4-11f1-9b18-005056b2a5de,03__KCU__GOL__ACT__109,GOLIA ACTIVE+ Kẹo 108.9g,Kẹo Cứng,Golia,,aca0e3b9-1e75-496e-84ff-e96c9084f53f,a38f9189-ad87-11ef-a35e-005056b28600,CÔNG TY TNHH THƯƠNG MẠI VÀ DỊCH VỤ MIRA GROUP
b8468f8e-8ef4-11f1-9b18-005056b2a5de,03__KCU__MTS__QMO__1,MENTOS Kẹo Nhai Hương Quả Mọng,Bịch,Tổng,17.0,,0.0,,7.0,,10.0,,880,1,4640dc76-a9cf-496f-a42e-6d17b63ded61,,1,True,b989d822-8ef4-11f1-9b18-005056b2a5de,03__KCU__MTS__QMO__1,MENTOS Kẹo Nhai Hương Quả Mọng,Kẹo Cứng,MENTOS,,,a38f9189-ad87-11ef-a35e-005056b28600,
b8468f8e-8ef4-11f1-9b18-005056b2a5de,03__KCU__MTS__QMO__1,Kho Kệ,Bịch,Kho Kệ,17.0,,0.0,,7.0,,10.0,,881,0,4640dc76-a9cf-496f-a42e-6d17b63ded61,4640dc76-a9cf-496f-a42e-6d17b63ded61,2,False,b989d8ef-8ef4-11f1-9b18-005056b2a5de,03__KCU__MTS__QMO__1,MENTOS Kẹo Nhai Hương Quả Mọng,Kẹo Cứng,MENTOS,,aca0e3b9-1e75-496e-84ff-e96c9084f53f,a38f9189-ad87-11ef-a35e-005056b28600,CÔNG TY TNHH THƯƠNG MẠI VÀ DỊCH VỤ MIRA GROUP
b8468f8e-8ef4-11f1-9b18-005056b2a5de,03__KCU__ORO__BHA__84,ORION Kẹo Cứng Họng Bạc Hà Thảo Mộc 84g,Bịch,Tổng,5.0,,10.0,,5.0,,10.0,,882,1,5019a4a9-08d2-4cee-b3b9-b27f3a9126f7,,1,True,b989d9c1-8ef4-11f1-9b18-005056b2a5de,03__KCU__ORO__BHA__84,ORION Kẹo Cứng Họng Bạc Hà Thảo Mộc 84g,Kẹo Cứng,ORION,,,a38f9189-ad87-11ef-a35e-005056b28600,
b8468f8e-8ef4-11f1-9b18-005056b2a5de,03__KCU__ORO__BHA__84,Kho Kệ,Bịch,Kho Kệ,5.0,,10.0,,5.0,,10.0,,883,0,5019a4a9-08d2-4cee-b3b9-b27f3a9126f7,5019a4a9-08d2-4cee-b3b9-b27f3a9126f7,2,False,b989db07-8ef4-11f1-9b18-005056b2a5de,03__KCU__ORO__BHA__84,ORION Kẹo Cứng Họng Bạc Hà Thảo Mộc 84g,Kẹo Cứng,ORION,,aca0e3b9-1e75-496e-84ff-e96c9084f53f,a38f9189-ad87-11ef-a35e-005056b28600,CÔNG TY TNHH THƯƠNG MẠI VÀ DỊCH VỤ MIRA GROUP
b8468f8e-8ef4-11f1-9b18-005056b2a5de,03__KCU__ORO__QMO__84,ORION Kẹo Cứng Họng Quất Mật Ong 84g,Bịch,Tổng,4.0,,10.0,,5.0,,9.0,,884,1,ddb8504c-813e-4ed9-adad-83678cc2a2a8,,1,True,b989dc0f-8ef4-11f1-9b18-005056b2a5de,03__KCU__ORO__QMO__84,ORION Kẹo Cứng Họng Quất Mật Ong 84g,Kẹo Cứng,ORION,,,a38f9189-ad87-11ef-a35e-005056b28600,
b8468f8e-8ef4-11f1-9b18-005056b2a5de,03__KCU__ORO__QMO__84,Kho Kệ,Bịch,Kho Kệ,4.0,,10.0,,5.0,,9.0,,885,0,ddb8504c-813e-4ed9-adad-83678cc2a2a8,ddb8504c-813e-4ed9-adad-83678cc2a2a8,2,False,b989dd3a-8ef4-11f1-9b18-005056b2a5de,03__KCU__ORO__QMO__84,ORION Kẹo Cứng Họng Quất Mật Ong 84g,Kẹo Cứng,ORION,,aca0e3b9-1e75-496e-84ff-e96c9084f53f,a38f9189-ad87-11ef-a35e-005056b28600,CÔNG TY TNHH THƯƠNG MẠI VÀ DỊCH VỤ MIRA GROUP
b8468f8e-8ef4-11f1-9b18-005056b2a5de,03__KCU__PLA__COL__22,PLAYMORE Kẹo The Cool 22g,Hũ,Tổng,8.0,,0.0,,8.0,,0.0,,886,1,0e111024-6e14-49e1-9314-80bcc30f43d6,,1,True,b989de19-8ef4-11f1-9b18-005056b2a5de,03__KCU__PLA__COL__22,PLAYMORE Kẹo The Cool 22g,Kẹo Cứng,Playmore,,,a38f9189-ad87-11ef-a35e-005056b28600,
b8468f8e-8ef4-11f1-9b18-005056b2a5de,03__KCU__PLA__COL__22,Kho Kệ,Hũ,Kho Kệ,8.0,,0.0,,8.0,,0.0,,887,0,0e111024-6e14-49e1-9314-80bcc30f43d6,0e111024-6e14-49e1-9314-80bcc30f43d6,2,False,b989dee4-8ef4-11f1-9b18-005056b2a5de,03__KCU__PLA__COL__22,PLAYMORE Kẹo The Cool 22g,Kẹo Cứng,Playmore,,aca0e3b9-1e75-496e-84ff-e96c9084f53f,a38f9189-ad87-11ef-a35e-005056b28600,CÔNG TY TNHH THƯƠNG MẠI VÀ DỊCH VỤ MIRA GROUP
b8468f8e-8ef4-11f1-9b18-005056b2a5de,03__KCU__PLA__DHU__22,PLAYMORE Kẹo Dưa Hấu 22g,Hũ,Tổng,17.0,,0.0,,16.0,,1.0,,888,1,411baaef-7dec-4744-b56b-284178af05ed,,1,True,b989e015-8ef4-11f1-9b18-005056b2a5de,03__KCU__PLA__DHU__22,PLAYMORE Kẹo Dưa Hấu 22g,Kẹo Cứng,Playmore,,,a38f9189-ad87-11ef-a35e-005056b28600,
b8468f8e-8ef4-11f1-9b18-005056b2a5de,03__KCU__PLA__DHU__22,Kho Kệ,Hũ,Kho Kệ,-1.0,,0.0,,16.0,,-17.0,,889,0,411baaef-7dec-4744-b56b-284178af05ed,411baaef-7dec-4744-b56b-284178af05ed,2,False,b989e0e7-8ef4-11f1-9b18-005056b2a5de,03__KCU__PLA__DHU__22,PLAYMORE Kẹo Dưa Hấu 22g,Kẹo Cứng,Playmore,,aca0e3b9-1e75-496e-84ff-e96c9084f53f,a38f9189-ad87-11ef-a35e-005056b28600,CÔNG TY TNHH THƯƠNG MẠI VÀ DỊCH VỤ MIRA GROUP
b8468f8e-8ef4-11f1-9b18-005056b2a5de,03__KCU__PLA__DHU__22,Kho MIRA,Hũ,Kho MIRA,18.0,,0.0,,0.0,,18.0,,890,0,411baaef-7dec-4744-b56b-284178af05ed,411baaef-7dec-4744-b56b-284178af05ed,2,False,b989e1bb-8ef4-11f1-9b18-005056b2a5de,03__KCU__PLA__DHU__22,PLAYMORE Kẹo Dưa Hấu 22g,Kẹo Cứng,Playmore,,485b5d06-306c-11f0-b467-005056b34af7,a38f9189-ad87-11ef-a35e-005056b28600,CÔNG TY TNHH THƯƠNG MẠI VÀ DỊCH VỤ MIRA GROUP
b8468f8e-8ef4-11f1-9b18-005056b2a5de,03__KCU__PLA__TXH__22,PLAYMORE Kẹo The Táo Xanh 22g,Hũ,Tổng,6.0,,0.0,,6.0,,0.0,,891,1,5b89d713-4ab5-45dd-a2d8-6d8fc16217e0,,1,True,b989e2e5-8ef4-11f1-9b18-005056b2a5de,03__KCU__PLA__TXH__22,PLAYMORE Kẹo The Táo Xanh 22g,Kẹo Cứng,Playmore,,,a38f9189-ad87-11ef-a35e-005056b28600,
b8468f8e-8ef4-11f1-9b18-005056b2a5de,03__KCU__PLA__TXH__22,Kho Kệ,Hũ,Kho Kệ,0.0,,0.0,,6.0,,-6.0,,892,0,5b89d713-4ab5-45dd-a2d8-6d8fc16217e0,5b89d713-4ab5-45dd-a2d8-6d8fc16217e0,2,False,b989e3bb-8ef4-11f1-9b18-005056b2a5de,03__KCU__PLA__TXH__22,PLAYMORE Kẹo The Táo Xanh 22g,Kẹo Cứng,Playmore,,aca0e3b9-1e75-496e-84ff-e96c9084f53f,a38f9189-ad87-11ef-a35e-005056b28600,CÔNG TY TNHH THƯƠNG MẠI VÀ DỊCH VỤ MIRA GROUP
b8468f8e-8ef4-11f1-9b18-005056b2a5de,03__KCU__PLA__TXH__22,Kho MIRA,Hũ,Kho MIRA,6.0,,0.0,,0.0,,6.0,,893,0,5b89d713-4ab5-45dd-a2d8-6d8fc16217e0,5b89d713-4ab5-45dd-a2d8-6d8fc16217e0,2,False,b989e486-8ef4-11f1-9b18-005056b2a5de,03__KCU__PLA__TXH__22,PLAYMORE Kẹo The Táo Xanh 22g,Kẹo Cứng,Playmore,,485b5d06-306c-11f0-b467-005056b34af7,a38f9189-ad87-11ef-a35e-005056b28600,CÔNG TY TNHH THƯƠNG MẠI VÀ DỊCH VỤ MIRA GROUP
b8468f8e-8ef4-11f1-9b18-005056b2a5de,03__KCU__SKI__CHU__40,SKITTLES Kẹo Trái Cây Vị Chua 40g,Bịch,Tổng,9.0,,20.0,,9.0,,20.0,,894,1,4fe07b6a-6500-4acc-aa83-4b919256e9be,,1,True,b989e59e-8ef4-11f1-9b18-005056b2a5de,03__KCU__SKI__CHU__40,SKITTLES Kẹo Trái Cây Vị Chua 40g,Kẹo Cứng,SKITTLES,,,a38f9189-ad87-11ef-a35e-005056b28600,
b8468f8e-8ef4-11f1-9b18-005056b2a5de,03__KCU__SKI__CHU__40,Kho Kệ,Bịch,Kho Kệ,9.0,,20.0,,9.0,,20.0,,895,0,4fe07b6a-6500-4acc-aa83-4b919256e9be,4fe07b6a-6500-4acc-aa83-4b919256e9be,2,False,b989e691-8ef4-11f1-9b18-005056b2a5de,03__KCU__SKI__CHU__40,SKITTLES Kẹo Trái Cây Vị Chua 40g,Kẹo Cứng,SKITTLES,,aca0e3b9-1e75-496e-84ff-e96c9084f53f,a38f9189-ad87-11ef-a35e-005056b28600,CÔNG TY TNHH THƯƠNG MẠI VÀ DỊCH VỤ MIRA GROUP
b8468f8e-8ef4-11f1-9b18-005056b2a5de,03__KCU__SKI__ORI__45,SKITTLES Kẹo Trái Cây Vị Truyền Thống 45g,Bịch,Tổng,24.0,,0.0,,0.0,,24.0,,896,1,adeb3fd6-b267-4fb3-9703-169eab6dcd41,,1,True,b989e75e-8ef4-11f1-9b18-005056b2a5de,03__KCU__SKI__ORI__45,SKITTLES Kẹo Trái Cây Vị Truyền Thống 45g,Kẹo Cứng,SKITTLES,,,a38f9189-ad87-11ef-a35e-005056b28600,
b8468f8e-8ef4-11f1-9b18-005056b2a5de,03__KCU__SKI__ORI__45,Kho Kệ,Bịch,Kho Kệ,24.0,,0.0,,0.0,,24.0,,897,0,adeb3fd6-b267-4fb3-9703-169eab6dcd41,adeb3fd6-b267-4fb3-9703-169eab6dcd41,2,False,b989e839-8ef4-11f1-9b18-005056b2a5de,03__KCU__SKI__ORI__45,SKITTLES Kẹo Trái Cây Vị Truyền Thống 45g,Kẹo Cứng,SKITTLES,,aca0e3b9-1e75-496e-84ff-e96c9084f53f,a38f9189-ad87-11ef-a35e-005056b28600,CÔNG TY TNHH THƯƠNG MẠI VÀ DỊCH VỤ MIRA GROUP
b8468f8e-8ef4-11f1-9b18-005056b2a5de,03__KCU__SKI__SCA__40,SKITTLES Kẹo Trái Cây Vị Sữa Chua 40g,Bịch,Tổng,11.0,,20.0,,4.0,,27.0,,898,1,828f95c1-dbad-466d-a92f-a00030a0d50a,,1,True,b989ea30-8ef4-11f1-9b18-005056b2a5de,03__KCU__SKI__SCA__40,SKITTLES Kẹo Trái Cây Vị Sữa Chua 40g,Kẹo Cứng,SKITTLES,,,a38f9189-ad87-11ef-a35e-005056b28600,
b8468f8e-8ef4-11f1-9b18-005056b2a5de,03__KCU__SKI__SCA__40,Kho Kệ,Bịch,Kho Kệ,11.0,,20.0,,4.0,,27.0,,899,0,828f95c1-dbad-466d-a92f-a00030a0d50a,828f95c1-dbad-466d-a92f-a00030a0d50a,2,False,b989eb09-8ef4-11f1-9b18-005056b2a5de,03__KCU__SKI__SCA__40,SKITTLES Kẹo Trái Cây Vị Sữa Chua 40g,Kẹo Cứng,SKITTLES,,aca0e3b9-1e75-496e-84ff-e96c9084f53f,a38f9189-ad87-11ef-a35e-005056b28600,CÔNG TY TNHH THƯƠNG MẠI VÀ DỊCH VỤ MIRA GROUP
b8468f8e-8ef4-11f1-9b18-005056b2a5de,03__KCU__THA__VIC__120,THÁI LAN Kẹo Chanh Muối Vitamin C 120g,Bịch,Tổng,5.0,,0.0,,0.0,,5.0,,900,1,d1eb7968-85f6-4672-a3e1-3ae795b8cf3f,,1,True,b989ec30-8ef4-11f1-9b18-005056b2a5de,03__KCU__THA__VIC__120,THÁI LAN Kẹo Chanh Muối Vitamin C 120g,Kẹo Cứng,THÁI LAN,,,a38f9189-ad87-11ef-a35e-005056b28600,
b8468f8e-8ef4-11f1-9b18-005056b2a5de,03__KCU__THA__VIC__120,Kho Kệ,Bịch,Kho Kệ,5.0,,0.0,,0.0,,5.0,,901,0,d1eb7968-85f6-4672-a3e1-3ae795b8cf3f,d1eb7968-85f6-4672-a3e1-3ae795b8cf3f,2,False,b989eda1-8ef4-11f1-9b18-005056b2a5de,03__KCU__THA__VIC__120,THÁI LAN Kẹo Chanh Muối Vitamin C 120g,Kẹo Cứng,THÁI LAN,,aca0e3b9-1e75-496e-84ff-e96c9084f53f,a38f9189-ad87-11ef-a35e-005056b28600,CÔNG TY TNHH THƯƠNG MẠI VÀ DỊCH VỤ MIRA GROUP
b8468f8e-8ef4-11f1-9b18-005056b2a5de,03__KCU__XYL__BLU__60,LOTTE Kẹo Bluemarine Không Đường 60g,Bịch,Tổng,6.0,,0.0,,0.0,,6.0,,902,1,fe792dd8-0d9d-4332-b8ee-3dbf151c88b7,,1,True,b989ef18-8ef4-11f1-9b18-005056b2a5de,03__KCU__XYL__BLU__60,LOTTE Kẹo Bluemarine Không Đường 60g,Kẹo Cứng,LOTTE XYLITOL,,,a38f9189-ad87-11ef-a35e-005056b28600,
b8468f8e-8ef4-11f1-9b18-005056b2a5de,03__KCU__XYL__BLU__60,Kho Kệ,Bịch,Kho Kệ,6.0,,0.0,,0.0,,6.0,,903,0,fe792dd8-0d9d-4332-b8ee-3dbf151c88b7,fe792dd8-0d9d-4332-b8ee-3dbf151c88b7,2,False,b989f04c-8ef4-11f1-9b18-005056b2a5de,03__KCU__XYL__BLU__60,LOTTE Kẹo Bluemarine Không Đường 60g,Kẹo Cứng,LOTTE XYLITOL,,aca0e3b9-1e75-496e-84ff-e96c9084f53f,a38f9189-ad87-11ef-a35e-005056b28600,CÔNG TY TNHH THƯƠNG MẠI VÀ DỊCH VỤ MIRA GROUP
b8468f8e-8ef4-11f1-9b18-005056b2a5de,03__KCU__XYL__CHH__74,LOTTE Kẹo Hương Chanh Không Đường 74g,Bịch,Tổng,9.0,,0.0,,6.0,,3.0,,904,1,b997f289-dfb5-4aee-9295-9f83dc0594db,,1,True,b989f13a-8ef4-11f1-9b18-005056b2a5de,03__KCU__XYL__CHH__74,LOTTE Kẹo Hương Chanh Không Đường 74g,Kẹo Cứng,LOTTE XYLITOL,,,a38f9189-ad87-11ef-a35e-005056b28600,
b8468f8e-8ef4-11f1-9b18-005056b2a5de,03__KCU__XYL__CHH__74,Kho Kệ,Bịch,Kho Kệ,9.0,,0.0,,6.0,,3.0,,905,0,b997f289-dfb5-4aee-9295-9f83dc0594db,b997f289-dfb5-4aee-9295-9f83dc0594db,2,False,b989f26f-8ef4-11f1-9b18-005056b2a5de,03__KCU__XYL__CHH__74,LOTTE Kẹo Hương Chanh Không Đường 74g,Kẹo Cứng,LOTTE XYLITOL,,aca0e3b9-1e75-496e-84ff-e96c9084f53f,a38f9189-ad87-11ef-a35e-005056b28600,CÔNG TY TNHH THƯƠNG MẠI VÀ DỊCH VỤ MIRA GROUP
b8468f8e-8ef4-11f1-9b18-005056b2a5de,03__KDE__CHU__BEL__50,CHUPA CHUPS Kẹo Dẻo Sugar BELT 1M*50g,Bịch,Tổng,68.0,,0.0,,31.0,,37.0,,906,1,948594b1-8d4f-41fa-8d9c-594a7338e9dd,,1,True,b989f350-8ef4-11f1-9b18-005056b2a5de,03__KDE__CHU__BEL__50,CHUPA CHUPS Kẹo Dẻo Sugar BELT 1M*50g,Kẹo Dẻo,Chupa chups,,,a38f9189-ad87-11ef-a35e-005056b28600,
b8468f8e-8ef4-11f1-9b18-005056b2a5de,03__KDE__CHU__BEL__50,Kho Kệ,Bịch,Kho Kệ,212.0,,0.0,,31.0,,181.0,,907,0,948594b1-8d4f-41fa-8d9c-594a7338e9dd,948594b1-8d4f-41fa-8d9c-594a7338e9dd,2,False,b989f4a5-8ef4-11f1-9b18-005056b2a5de,03__KDE__CHU__BEL__50,CHUPA CHUPS Kẹo Dẻo Sugar BELT 1M*50g,Kẹo Dẻo,Chupa chups,,aca0e3b9-1e75-496e-84ff-e96c9084f53f,a38f9189-ad87-11ef-a35e-005056b28600,CÔNG TY TNHH THƯƠNG MẠI VÀ DỊCH VỤ MIRA GROUP
b8468f8e-8ef4-11f1-9b18-005056b2a5de,03__KDE__CHU__BEL__50,Kho MIRA,Bịch,Kho MIRA,-144.0,,0.0,,0.0,,-144.0,,908,0,948594b1-8d4f-41fa-8d9c-594a7338e9dd,948594b1-8d4f-41fa-8d9c-594a7338e9dd,2,False,b989f57d-8ef4-11f1-9b18-005056b2a5de,03__KDE__CHU__BEL__50,CHUPA CHUPS Kẹo Dẻo Sugar BELT 1M*50g,Kẹo Dẻo,Chupa chups,,485b5d06-306c-11f0-b467-005056b34af7,a38f9189-ad87-11ef-a35e-005056b28600,CÔNG TY TNHH THƯƠNG MẠI VÀ DỊCH VỤ MIRA GROUP
b8468f8e-8ef4-11f1-9b18-005056b2a5de,03__KDE__CHU__DAU__105,CHUPA CHUPS Kẹo Mút Hương Dâu,Bịch,Tổng,15.0,,0.0,,8.0,,7.0,,909,1,e986cb52-c76e-4a7f-b12b-7c122c14d26c,,1,True,b989f647-8ef4-11f1-9b18-005056b2a5de,03__KDE__CHU__DAU__105,CHUPA CHUPS Kẹo Mút Hương Dâu,Kẹo Cứng,Chupa chups,,,a38f9189-ad87-11ef-a35e-005056b28600,
b8468f8e-8ef4-11f1-9b18-005056b2a5de,03__KDE__CHU__DAU__105,Kho Kệ,Bịch,Kho Kệ,15.0,,0.0,,8.0,,7.0,,910,0,e986cb52-c76e-4a7f-b12b-7c122c14d26c,e986cb52-c76e-4a7f-b12b-7c122c14d26c,2,False,b989f711-8ef4-11f1-9b18-005056b2a5de,03__KDE__CHU__DAU__105,CHUPA CHUPS Kẹo Mút Hương Dâu,Kẹo Cứng,Chupa chups,,aca0e3b9-1e75-496e-84ff-e96c9084f53f,a38f9189-ad87-11ef-a35e-005056b28600,CÔNG TY TNHH THƯƠNG MẠI VÀ DỊCH VỤ MIRA GROUP
b8468f8e-8ef4-11f1-9b18-005056b2a5de,03__KDE__CHU__MUT__7,CHUPA CHUPS Kẹo Mút Hương Tổng Hợp,Cái,Tổng,230.0,,0.0,,129.0,,101.0,,911,1,1f218227-5da6-4b17-861e-e2fff3ffde63,,1,True,b989f7da-8ef4-11f1-9b18-005056b2a5de,03__KDE__CHU__MUT__7,CHUPA CHUPS Kẹo Mút Hương Tổng Hợp,Kẹo Cứng,Chupa chups,,,a38f9189-ad87-11ef-a35e-005056b28600,
b8468f8e-8ef4-11f1-9b18-005056b2a5de,03__KDE__CHU__MUT__7,Kho Kệ,Cái,Kho Kệ,-10.0,,0.0,,129.0,,-139.0,,912,0,1f218227-5da6-4b17-861e-e2fff3ffde63,1f218227-5da6-4b17-861e-e2fff3ffde63,2,False,b989f894-8ef4-11f1-9b18-005056b2a5de,03__KDE__CHU__MUT__7,CHUPA CHUPS Kẹo Mút Hương Tổng Hợp,Kẹo Cứng,Chupa chups,,aca0e3b9-1e75-496e-84ff-e96c9084f53f,a38f9189-ad87-11ef-a35e-005056b28600,CÔNG TY TNHH THƯƠNG MẠI VÀ DỊCH VỤ MIRA GROUP
b8468f8e-8ef4-11f1-9b18-005056b2a5de,03__KDE__CHU__MUT__7,Kho MIRA,Cái,Kho MIRA,240.0,,0.0,,0.0,,240.0,,913,0,1f218227-5da6-4b17-861e-e2fff3ffde63,1f218227-5da6-4b17-861e-e2fff3ffde63,2,False,b989f964-8ef4-11f1-9b18-005056b2a5de,03__KDE__CHU__MUT__7,CHUPA CHUPS Kẹo Mút Hương Tổng Hợp,Kẹo Cứng,Chupa chups,,485b5d06-306c-11f0-b467-005056b34af7,a38f9189-ad87-11ef-a35e-005056b28600,CÔNG TY TNHH THƯƠNG MẠI VÀ DỊCH VỤ MIRA GROUP
b8468f8e-8ef4-11f1-9b18-005056b2a5de,03__KDE__HAR__BDO__80,HARIBO HAPPYCOLA Kẹo Dẻo Bịch Đỏ 80g,Bịch,Tổng,9.0,,0.0,,4.0,,5.0,,914,1,b098ba4e-d635-4113-ba0b-d7d5d5258efa,,1,True,b989fa35-8ef4-11f1-9b18-005056b2a5de,03__KDE__HAR__BDO__80,HARIBO HAPPYCOLA Kẹo Dẻo Bịch Đỏ 80g,Kẹo Dẻo,HARIBO,,,a38f9189-ad87-11ef-a35e-005056b28600,
b8468f8e-8ef4-11f1-9b18-005056b2a5de,03__KDE__HAR__BDO__80,Kho Kệ,Bịch,Kho Kệ,3.0,,0.0,,4.0,,-1.0,,915,0,b098ba4e-d635-4113-ba0b-d7d5d5258efa,b098ba4e-d635-4113-ba0b-d7d5d5258efa,2,False,b989faf3-8ef4-11f1-9b18-005056b2a5de,03__KDE__HAR__BDO__80,HARIBO HAPPYCOLA Kẹo Dẻo Bịch Đỏ 80g,Kẹo Dẻo,HARIBO,,aca0e3b9-1e75-496e-84ff-e96c9084f53f,a38f9189-ad87-11ef-a35e-005056b28600,CÔNG TY TNHH THƯƠNG MẠI VÀ DỊCH VỤ MIRA GROUP
b8468f8e-8ef4-11f1-9b18-005056b2a5de,03__KDE__HAR__BDO__80,Kho MIRA,Bịch,Kho MIRA,6.0,,0.0,,0.0,,6.0,,916,0,b098ba4e-d635-4113-ba0b-d7d5d5258efa,b098ba4e-d635-4113-ba0b-d7d5d5258efa,2,False,b989fbbf-8ef4-11f1-9b18-005056b2a5de,03__KDE__HAR__BDO__80,HARIBO HAPPYCOLA Kẹo Dẻo Bịch Đỏ 80g,Kẹo Dẻo,HARIBO,,485b5d06-306c-11f0-b467-005056b34af7,a38f9189-ad87-11ef-a35e-005056b28600,CÔNG TY TNHH THƯƠNG MẠI VÀ DỊCH VỤ MIRA GROUP
b8468f8e-8ef4-11f1-9b18-005056b2a5de,03__KDE__HAR__VAG__80,HARIBO GOLDBEARS Kẹo Dẻo Bịch Vàng 80g,Bịch,Tổng,17.0,,0.0,,7.0,,10.0,,917,1,baffac4e-f459-4ffe-8567-3d3b3029543c,,1,True,b989fc82-8ef4-11f1-9b18-005056b2a5de,03__KDE__HAR__VAG__80,HARIBO GOLDBEARS Kẹo Dẻo Bịch Vàng 80g,Kẹo Dẻo,HARIBO,,,a38f9189-ad87-11ef-a35e-005056b28600,
b8468f8e-8ef4-11f1-9b18-005056b2a5de,03__KDE__HAR__VAG__80,Kho Kệ,Bịch,Kho Kệ,3.0,,0.0,,7.0,,-4.0,,918,0,baffac4e-f459-4ffe-8567-3d3b3029543c,baffac4e-f459-4ffe-8567-3d3b3029543c,2,False,b989fd44-8ef4-11f1-9b18-005056b2a5de,03__KDE__HAR__VAG__80,HARIBO GOLDBEARS Kẹo Dẻo Bịch Vàng 80g,Kẹo Dẻo,HARIBO,,aca0e3b9-1e75-496e-84ff-e96c9084f53f,a38f9189-ad87-11ef-a35e-005056b28600,CÔNG TY TNHH THƯƠNG MẠI VÀ DỊCH VỤ MIRA GROUP
b8468f8e-8ef4-11f1-9b18-005056b2a5de,03__KDE__HAR__VAG__80,Kho MIRA,Bịch,Kho MIRA,14.0,,0.0,,0.0,,14.0,,919,0,baffac4e-f459-4ffe-8567-3d3b3029543c,baffac4e-f459-4ffe-8567-3d3b3029543c,2,False,b989ff71-8ef4-11f1-9b18-005056b2a5de,03__KDE__HAR__VAG__80,HARIBO GOLDBEARS Kẹo Dẻo Bịch Vàng 80g,Kẹo Dẻo,HARIBO,,485b5d06-306c-11f0-b467-005056b34af7,a38f9189-ad87-11ef-a35e-005056b28600,CÔNG TY TNHH THƯƠNG MẠI VÀ DỊCH VỤ MIRA GROUP
b8468f8e-8ef4-11f1-9b18-005056b2a5de,03__KDE__HAR__XAH__80,HARIBO GOLDBEARS Kẹo Dẻo Starmix Xanh 80g,Bịch,Tổng,10.0,,0.0,,6.0,,4.0,,920,1,14744dda-5794-4562-8176-53bcbebe480e,,1,True,b98a0051-8ef4-11f1-9b18-005056b2a5de,03__KDE__HAR__XAH__80,HARIBO GOLDBEARS Kẹo Dẻo Starmix Xanh 80g,Kẹo Dẻo,HARIBO,,,a38f9189-ad87-11ef-a35e-005056b28600,
b8468f8e-8ef4-11f1-9b18-005056b2a5de,03__KDE__HAR__XAH__80,Kho Kệ,Bịch,Kho Kệ,4.0,,0.0,,6.0,,-2.0,,921,0,14744dda-5794-4562-8176-53bcbebe480e,14744dda-5794-4562-8176-53bcbebe480e,2,False,b98a010f-8ef4-11f1-9b18-005056b2a5de,03__KDE__HAR__XAH__80,HARIBO GOLDBEARS Kẹo Dẻo Starmix Xanh 80g,Kẹo Dẻo,HARIBO,,aca0e3b9-1e75-496e-84ff-e96c9084f53f,a38f9189-ad87-11ef-a35e-005056b28600,CÔNG TY TNHH THƯƠNG MẠI VÀ DỊCH VỤ MIRA GROUP
b8468f8e-8ef4-11f1-9b18-005056b2a5de,03__KDE__HAR__XAH__80,Kho MIRA,Bịch,Kho MIRA,6.0,,0.0,,0.0,,6.0,,922,0,14744dda-5794-4562-8176-53bcbebe480e,14744dda-5794-4562-8176-53bcbebe480e,2,False,b98a01d6-8ef4-11f1-9b18-005056b2a5de,03__KDE__HAR__XAH__80,HARIBO GOLDBEARS Kẹo Dẻo Starmix Xanh 80g,Kẹo Dẻo,HARIBO,,485b5d06-306c-11f0-b467-005056b34af7,a38f9189-ad87-11ef-a35e-005056b28600,CÔNG TY TNHH THƯƠNG MẠI VÀ DỊCH VỤ MIRA GROUP
b8468f8e-8ef4-11f1-9b18-005056b2a5de,03__KDE__HAR__XLC__80,HARIBO WORMS Kẹo Dẻo Bịch Xanh Lá Cây 80g,Bịch,Tổng,14.0,,0.0,,5.0,,9.0,,923,1,5ae13f42-cc4d-487e-9988-f54e2a9a82e9,,1,True,b98a029a-8ef4-11f1-9b18-005056b2a5de,03__KDE__HAR__XLC__80,HARIBO WORMS Kẹo Dẻo Bịch Xanh Lá Cây 80g,Kẹo Dẻo,HARIBO,,,a38f9189-ad87-11ef-a35e-005056b28600,
b8468f8e-8ef4-11f1-9b18-005056b2a5de,03__KDE__HAR__XLC__80,Kho Kệ,Bịch,Kho Kệ,0.0,,0.0,,5.0,,-5.0,,924,0,5ae13f42-cc4d-487e-9988-f54e2a9a82e9,5ae13f42-cc4d-487e-9988-f54e2a9a82e9,2,False,b98a0355-8ef4-11f1-9b18-005056b2a5de,03__KDE__HAR__XLC__80,HARIBO WORMS Kẹo Dẻo Bịch Xanh Lá Cây 80g,Kẹo Dẻo,HARIBO,,aca0e3b9-1e75-496e-84ff-e96c9084f53f,a38f9189-ad87-11ef-a35e-005056b28600,CÔNG TY TNHH THƯƠNG MẠI VÀ DỊCH VỤ MIRA GROUP
b8468f8e-8ef4-11f1-9b18-005056b2a5de,03__KDE__HAR__XLC__80,Kho MIRA,Bịch,Kho MIRA,14.0,,0.0,,0.0,,14.0,,925,0,5ae13f42-cc4d-487e-9988-f54e2a9a82e9,5ae13f42-cc4d-487e-9988-f54e2a9a82e9,2,False,b98a041c-8ef4-11f1-9b18-005056b2a5de,03__KDE__HAR__XLC__80,HARIBO WORMS Kẹo Dẻo Bịch Xanh Lá Cây 80g,Kẹo Dẻo,HARIBO,,485b5d06-306c-11f0-b467-005056b34af7,a38f9189-ad87-11ef-a35e-005056b28600,CÔNG TY TNHH THƯƠNG MẠI VÀ DỊCH VỤ MIRA GROUP
b8468f8e-8ef4-11f1-9b18-005056b2a5de,03__KDE__ORO__CDY__24,ORION Kẹo Dẻo Boom Chanh Dây 24g,Bịch,Tổng,8.0,,0.0,,8.0,,0.0,,926,1,3adcdafc-8979-43ee-b094-be89fb71a509,,1,True,b98a055d-8ef4-11f1-9b18-005056b2a5de,03__KDE__ORO__CDY__24,ORION Kẹo Dẻo Boom Chanh Dây 24g,Kẹo Dẻo,ORION,,,a38f9189-ad87-11ef-a35e-005056b28600,
b8468f8e-8ef4-11f1-9b18-005056b2a5de,03__KDE__ORO__CDY__24,Kho Kệ,Bịch,Kho Kệ,8.0,,0.0,,8.0,,0.0,,927,0,3adcdafc-8979-43ee-b094-be89fb71a509,3adcdafc-8979-43ee-b094-be89fb71a509,2,False,b98a061e-8ef4-11f1-9b18-005056b2a5de,03__KDE__ORO__CDY__24,ORION Kẹo Dẻo Boom Chanh Dây 24g,Kẹo Dẻo,ORION,,aca0e3b9-1e75-496e-84ff-e96c9084f53f,a38f9189-ad87-11ef-a35e-005056b28600,CÔNG TY TNHH THƯƠNG MẠI VÀ DỊCH VỤ MIRA GROUP
b8468f8e-8ef4-11f1-9b18-005056b2a5de,03__KDE__ORO__CHN__25,ORION Kẹo Dẻo King Chun 25g,Bịch,Tổng,1.0,,0.0,,0.0,,1.0,,928,1,0074e7fb-a5f8-4029-a8cb-69d1beb29bbc,,1,True,b98a06e4-8ef4-11f1-9b18-005056b2a5de,03__KDE__ORO__CHN__25,ORION Kẹo Dẻo King Chun 25g,Kẹo Dẻo,ORION,,,a38f9189-ad87-11ef-a35e-005056b28600,
b8468f8e-8ef4-11f1-9b18-005056b2a5de,03__KDE__ORO__CHN__25,Kho Kệ,Bịch,Kho Kệ,1.0,,0.0,,0.0,,1.0,,929,0,0074e7fb-a5f8-4029-a8cb-69d1beb29bbc,0074e7fb-a5f8-4029-a8cb-69d1beb29bbc,2,False,b98a07b1-8ef4-11f1-9b18-005056b2a5de,03__KDE__ORO__CHN__25,ORION Kẹo Dẻo King Chun 25g,Kẹo Dẻo,ORION,,aca0e3b9-1e75-496e-84ff-e96c9084f53f,a38f9189-ad87-11ef-a35e-005056b28600,CÔNG TY TNHH THƯƠNG MẠI VÀ DỊCH VỤ MIRA GROUP
b8468f8e-8ef4-11f1-9b18-005056b2a5de,03__KDE__ORO__DAO__25,ORION Kẹo Dẻo Boom Đào 25g,Bịch,Tổng,27.0,,0.0,,16.0,,11.0,,930,1,d5138fd4-0b9a-4e89-a291-f465d62e52c7,,1,True,b98a087a-8ef4-11f1-9b18-005056b2a5de,03__KDE__ORO__DAO__25,ORION Kẹo Dẻo Boom Đào 25g,Kẹo Dẻo,ORION,,,a38f9189-ad87-11ef-a35e-005056b28600,
b8468f8e-8ef4-11f1-9b18-005056b2a5de,03__KDE__ORO__DAO__25,Kho Kệ,Bịch,Kho Kệ,17.0,,0.0,,16.0,,1.0,,931,0,d5138fd4-0b9a-4e89-a291-f465d62e52c7,d5138fd4-0b9a-4e89-a291-f465d62e52c7,2,False,b98a093b-8ef4-11f1-9b18-005056b2a5de,03__KDE__ORO__DAO__25,ORION Kẹo Dẻo Boom Đào 25g,Kẹo Dẻo,ORION,,aca0e3b9-1e75-496e-84ff-e96c9084f53f,a38f9189-ad87-11ef-a35e-005056b28600,CÔNG TY TNHH THƯƠNG MẠI VÀ DỊCH VỤ MIRA GROUP
b8468f8e-8ef4-11f1-9b18-005056b2a5de,03__KDE__ORO__DAO__25,Kho MIRA,Bịch,Kho MIRA,10.0,,0.0,,0.0,,10.0,,932,0,d5138fd4-0b9a-4e89-a291-f465d62e52c7,d5138fd4-0b9a-4e89-a291-f465d62e52c7,2,False,b98a0adc-8ef4-11f1-9b18-005056b2a5de,03__KDE__ORO__DAO__25,ORION Kẹo Dẻo Boom Đào 25g,Kẹo Dẻo,ORION,,485b5d06-306c-11f0-b467-005056b34af7,a38f9189-ad87-11ef-a35e-005056b28600,CÔNG TY TNHH THƯƠNG MẠI VÀ DỊCH VỤ MIRA GROUP
b8468f8e-8ef4-11f1-9b18-005056b2a5de,03__KDE__ORO__DAU__25,ORION Kẹo Dẻo Boom Dâu 25g,Bịch,Tổng,21.0,,20.0,,12.0,,29.0,,933,1,a80fdadd-8b14-4e81-b54d-f66db5555b2b,,1,True,b98a0ba4-8ef4-11f1-9b18-005056b2a5de,03__KDE__ORO__DAU__25,ORION Kẹo Dẻo Boom Dâu 25g,Kẹo Dẻo,ORION,,,a38f9189-ad87-11ef-a35e-005056b28600,
b8468f8e-8ef4-11f1-9b18-005056b2a5de,03__KDE__ORO__DAU__25,Kho Kệ,Bịch,Kho Kệ,1.0,,20.0,,12.0,,9.0,,934,0,a80fdadd-8b14-4e81-b54d-f66db5555b2b,a80fdadd-8b14-4e81-b54d-f66db5555b2b,2,False,b98a0c64-8ef4-11f1-9b18-005056b2a5de,03__KDE__ORO__DAU__25,ORION Kẹo Dẻo Boom Dâu 25g,Kẹo Dẻo,ORION,,aca0e3b9-1e75-496e-84ff-e96c9084f53f,a38f9189-ad87-11ef-a35e-005056b28600,CÔNG TY TNHH THƯƠNG MẠI VÀ DỊCH VỤ MIRA GROUP
b8468f8e-8ef4-11f1-9b18-005056b2a5de,03__KDE__ORO__DAU__25,Kho MIRA,Bịch,Kho MIRA,20.0,,0.0,,0.0,,20.0,,935,0,a80fdadd-8b14-4e81-b54d-f66db5555b2b,a80fdadd-8b14-4e81-b54d-f66db5555b2b,2,False,b98a0d77-8ef4-11f1-9b18-005056b2a5de,03__KDE__ORO__DAU__25,ORION Kẹo Dẻo Boom Dâu 25g,Kẹo Dẻo,ORION,,485b5d06-306c-11f0-b467-005056b34af7,a38f9189-ad87-11ef-a35e-005056b28600,CÔNG TY TNHH THƯƠNG MẠI VÀ DỊCH VỤ MIRA GROUP
b8468f8e-8ef4-11f1-9b18-005056b2a5de,03__KDE__ORO__HTC__29,ORION Kẹo Dẻo King HảI Tặc 28.5g,Bịch,Tổng,2.0,,0.0,,0.0,,2.0,,936,1,ca641e45-da12-4f21-9978-778bf0b92cdb,,1,True,b98a0e5e-8ef4-11f1-9b18-005056b2a5de,03__KDE__ORO__HTC__29,ORION Kẹo Dẻo King HảI Tặc 28.5g,Kẹo Dẻo,ORION,,,a38f9189-ad87-11ef-a35e-005056b28600,
b8468f8e-8ef4-11f1-9b18-005056b2a5de,03__KDE__ORO__HTC__29,Kho Kệ,Bịch,Kho Kệ,2.0,,0.0,,0.0,,2.0,,937,0,ca641e45-da12-4f21-9978-778bf0b92cdb,ca641e45-da12-4f21-9978-778bf0b92cdb,2,False,b98a0f3f-8ef4-11f1-9b18-005056b2a5de,03__KDE__ORO__HTC__29,ORION Kẹo Dẻo King HảI Tặc 28.5g,Kẹo Dẻo,ORION,,aca0e3b9-1e75-496e-84ff-e96c9084f53f,a38f9189-ad87-11ef-a35e-005056b28600,CÔNG TY TNHH THƯƠNG MẠI VÀ DỊCH VỤ MIRA GROUP
b8468f8e-8ef4-11f1-9b18-005056b2a5de,03__KDE__ORO__NHO__25,ORION Kẹo Dẻo Boom Nho 25g,Bịch,Tổng,27.0,,20.0,,21.0,,26.0,,938,1,b01d3902-1a54-4206-956e-3445c725d962,,1,True,b98a1007-8ef4-11f1-9b18-005056b2a5de,03__KDE__ORO__NHO__25,ORION Kẹo Dẻo Boom Nho 25g,Kẹo Dẻo,ORION,,,a38f9189-ad87-11ef-a35e-005056b28600,
b8468f8e-8ef4-11f1-9b18-005056b2a5de,03__KDE__ORO__NHO__25,Kho Kệ,Bịch,Kho Kệ,7.0,,20.0,,21.0,,6.0,,939,0,b01d3902-1a54-4206-956e-3445c725d962,b01d3902-1a54-4206-956e-3445c725d962,2,False,b98a10cb-8ef4-11f1-9b18-005056b2a5de,03__KDE__ORO__NHO__25,ORION Kẹo Dẻo Boom Nho 25g,Kẹo Dẻo,ORION,,aca0e3b9-1e75-496e-84ff-e96c9084f53f,a38f9189-ad87-11ef-a35e-005056b28600,CÔNG TY TNHH THƯƠNG MẠI VÀ DỊCH VỤ MIRA GROUP
b8468f8e-8ef4-11f1-9b18-005056b2a5de,03__KDE__ORO__NHO__25,Kho MIRA,Bịch,Kho MIRA,20.0,,0.0,,0.0,,20.0,,940,0,b01d3902-1a54-4206-956e-3445c725d962,b01d3902-1a54-4206-956e-3445c725d962,2,False,b98a118b-8ef4-11f1-9b18-005056b2a5de,03__KDE__ORO__NHO__25,ORION Kẹo Dẻo Boom Nho 25g,Kẹo Dẻo,ORION,,485b5d06-306c-11f0-b467-005056b34af7,a38f9189-ad87-11ef-a35e-005056b28600,CÔNG TY TNHH THƯƠNG MẠI VÀ DỊCH VỤ MIRA GROUP
b8468f8e-8ef4-11f1-9b18-005056b2a5de,03__KDE__ORO__XLM__24,ORION Kẹo Dẻo Boom Xoài Lắc MuốI Ớt 23.5g,Bịch,Tổng,16.0,,20.0,,13.0,,23.0,,941,1,4d2fd55b-8733-4798-aded-7e56b4f7197e,,1,True,b98a125a-8ef4-11f1-9b18-005056b2a5de,03__KDE__ORO__XLM__24,ORION Kẹo Dẻo Boom Xoài Lắc MuốI Ớt 23.5g,Kẹo Dẻo,ORION,,,a38f9189-ad87-11ef-a35e-005056b28600,
b8468f8e-8ef4-11f1-9b18-005056b2a5de,03__KDE__ORO__XLM__24,Kho Kệ,Bịch,Kho Kệ,-4.0,,20.0,,13.0,,3.0,,942,0,4d2fd55b-8733-4798-aded-7e56b4f7197e,4d2fd55b-8733-4798-aded-7e56b4f7197e,2,False,b98a1311-8ef4-11f1-9b18-005056b2a5de,03__KDE__ORO__XLM__24,ORION Kẹo Dẻo Boom Xoài Lắc MuốI Ớt 23.5g,Kẹo Dẻo,ORION,,aca0e3b9-1e75-496e-84ff-e96c9084f53f,a38f9189-ad87-11ef-a35e-005056b28600,CÔNG TY TNHH THƯƠNG MẠI VÀ DỊCH VỤ MIRA GROUP
b8468f8e-8ef4-11f1-9b18-005056b2a5de,03__KDE__ORO__XLM__24,Kho MIRA,Bịch,Kho MIRA,20.0,,0.0,,0.0,,20.0,,943,0,4d2fd55b-8733-4798-aded-7e56b4f7197e,4d2fd55b-8733-4798-aded-7e56b4f7197e,2,False,b98a13d1-8ef4-11f1-9b18-005056b2a5de,03__KDE__ORO__XLM__24,ORION Kẹo Dẻo Boom Xoài Lắc MuốI Ớt 23.5g,Kẹo Dẻo,ORION,,485b5d06-306c-11f0-b467-005056b34af7,a38f9189-ad87-11ef-a35e-005056b28600,CÔNG TY TNHH THƯƠNG MẠI VÀ DỊCH VỤ MIRA GROUP
b8468f8e-8ef4-11f1-9b18-005056b2a5de,03__KDE__PLA__XHH__64,PLAYMORE Kẹo Dẻo Xếp Hình 64g,Hộp,Tổng,5.0,,0.0,,0.0,,5.0,,944,1,12274d2c-73a9-4128-aaae-f9a01eee648f,,1,True,b98a1498-8ef4-11f1-9b18-005056b2a5de,03__KDE__PLA__XHH__64,PLAYMORE Kẹo Dẻo Xếp Hình 64g,Kẹo Dẻo,Playmore,,,a38f9189-ad87-11ef-a35e-005056b28600,
b8468f8e-8ef4-11f1-9b18-005056b2a5de,03__KDE__PLA__XHH__64,Kho Kệ,Hộp,Kho Kệ,5.0,,0.0,,0.0,,5.0,,945,0,12274d2c-73a9-4128-aaae-f9a01eee648f,12274d2c-73a9-4128-aaae-f9a01eee648f,2,False,b98a155f-8ef4-11f1-9b18-005056b2a5de,03__KDE__PLA__XHH__64,PLAYMORE Kẹo Dẻo Xếp Hình 64g,Kẹo Dẻo,Playmore,,aca0e3b9-1e75-496e-84ff-e96c9084f53f,a38f9189-ad87-11ef-a35e-005056b28600,CÔNG TY TNHH THƯƠNG MẠI VÀ DỊCH VỤ MIRA GROUP
b8468f8e-8ef4-11f1-9b18-005056b2a5de,03__KDE__SKI__SCA__43,SKITTLES Kẹo Dẻo Vị Sữa Chua Trái Cây 42.5g,Bịch,Tổng,14.0,,12.0,,11.0,,15.0,,946,1,6d1a4ae6-6523-4fb4-a30d-81c50f401b21,,1,True,b98a162d-8ef4-11f1-9b18-005056b2a5de,03__KDE__SKI__SCA__43,SKITTLES Kẹo Dẻo Vị Sữa Chua Trái Cây 42.5g,Kẹo Dẻo,SKITTLES,,,a38f9189-ad87-11ef-a35e-005056b28600,
b8468f8e-8ef4-11f1-9b18-005056b2a5de,03__KDE__SKI__SCA__43,Kho Kệ,Bịch,Kho Kệ,14.0,,12.0,,11.0,,15.0,,947,0,6d1a4ae6-6523-4fb4-a30d-81c50f401b21,6d1a4ae6-6523-4fb4-a30d-81c50f401b21,2,False,b98a1735-8ef4-11f1-9b18-005056b2a5de,03__KDE__SKI__SCA__43,SKITTLES Kẹo Dẻo Vị Sữa Chua Trái Cây 42.5g,Kẹo Dẻo,SKITTLES,,aca0e3b9-1e75-496e-84ff-e96c9084f53f,a38f9189-ad87-11ef-a35e-005056b28600,CÔNG TY TNHH THƯƠNG MẠI VÀ DỊCH VỤ MIRA GROUP
b8468f8e-8ef4-11f1-9b18-005056b2a5de,03__KDE__VNT__DAO__30,VIETNUTRI Kẹo Thạch Zummy KID Jelly Đào 30g,Cái,Tổng,41.0,,0.0,,5.0,,36.0,,948,1,64b32f93-2bec-4f0e-99c5-fdc9ed2c4eee,,1,True,b98a184d-8ef4-11f1-9b18-005056b2a5de,03__KDE__VNT__DAO__30,VIETNUTRI Kẹo Thạch Zummy KID Jelly Đào 30g,Kẹo Dẻo,VIETNUTRI,,,a38f9189-ad87-11ef-a35e-005056b28600,
b8468f8e-8ef4-11f1-9b18-005056b2a5de,03__KDE__VNT__DAO__30,Kho Kệ,Cái,Kho Kệ,-4.0,,0.0,,5.0,,-9.0,,949,0,64b32f93-2bec-4f0e-99c5-fdc9ed2c4eee,64b32f93-2bec-4f0e-99c5-fdc9ed2c4eee,2,False,b98a191c-8ef4-11f1-9b18-005056b2a5de,03__KDE__VNT__DAO__30,VIETNUTRI Kẹo Thạch Zummy KID Jelly Đào 30g,Kẹo Dẻo,VIETNUTRI,,aca0e3b9-1e75-496e-84ff-e96c9084f53f,a38f9189-ad87-11ef-a35e-005056b28600,CÔNG TY TNHH THƯƠNG MẠI VÀ DỊCH VỤ MIRA GROUP
b8468f8e-8ef4-11f1-9b18-005056b2a5de,03__KDE__VNT__DAO__30,Kho MIRA,Cái,Kho MIRA,45.0,,0.0,,0.0,,45.0,,950,0,64b32f93-2bec-4f0e-99c5-fdc9ed2c4eee,64b32f93-2bec-4f0e-99c5-fdc9ed2c4eee,2,False,b98a19e6-8ef4-11f1-9b18-005056b2a5de,03__KDE__VNT__DAO__30,VIETNUTRI Kẹo Thạch Zummy KID Jelly Đào 30g,Kẹo Dẻo,VIETNUTRI,,485b5d06-306c-11f0-b467-005056b34af7,a38f9189-ad87-11ef-a35e-005056b28600,CÔNG TY TNHH THƯƠNG MẠI VÀ DỊCH VỤ MIRA GROUP
b8468f8e-8ef4-11f1-9b18-005056b2a5de,03__KDE__VNT__DAU__30,VIETNUTRI Kẹo Thạch Zummy KID Jelly Dâu 30g,Cái,Tổng,45.0,,0.0,,10.0,,35.0,,951,1,b8f07964-2f48-4aa6-b533-ed80202913d4,,1,True,b98a1aa7-8ef4-11f1-9b18-005056b2a5de,03__KDE__VNT__DAU__30,VIETNUTRI Kẹo Thạch Zummy KID Jelly Dâu 30g,Kẹo Dẻo,VIETNUTRI,,,a38f9189-ad87-11ef-a35e-005056b28600,
b8468f8e-8ef4-11f1-9b18-005056b2a5de,03__KDE__VNT__DAU__30,Kho Kệ,Cái,Kho Kệ,0.0,,0.0,,10.0,,-10.0,,952,0,b8f07964-2f48-4aa6-b533-ed80202913d4,b8f07964-2f48-4aa6-b533-ed80202913d4,2,False,b98a1b61-8ef4-11f1-9b18-005056b2a5de,03__KDE__VNT__DAU__30,VIETNUTRI Kẹo Thạch Zummy KID Jelly Dâu 30g,Kẹo Dẻo,VIETNUTRI,,aca0e3b9-1e75-496e-84ff-e96c9084f53f,a38f9189-ad87-11ef-a35e-005056b28600,CÔNG TY TNHH THƯƠNG MẠI VÀ DỊCH VỤ MIRA GROUP
b8468f8e-8ef4-11f1-9b18-005056b2a5de,03__KDE__VNT__DAU__30,Kho MIRA,Cái,Kho MIRA,45.0,,0.0,,0.0,,45.0,,953,0,b8f07964-2f48-4aa6-b533-ed80202913d4,b8f07964-2f48-4aa6-b533-ed80202913d4,2,False,b98a1c1e-8ef4-11f1-9b18-005056b2a5de,03__KDE__VNT__DAU__30,VIETNUTRI Kẹo Thạch Zummy KID Jelly Dâu 30g,Kẹo Dẻo,VIETNUTRI,,485b5d06-306c-11f0-b467-005056b34af7,a38f9189-ad87-11ef-a35e-005056b28600,CÔNG TY TNHH THƯƠNG MẠI VÀ DỊCH VỤ MIRA GROUP
b8468f8e-8ef4-11f1-9b18-005056b2a5de,03__KDE__VNT__XOA__30,VIETNUTRI Kẹo Thạch Zummy KID Jelly Xoài 30g,Cái,Tổng,48.0,,0.0,,12.0,,36.0,,954,1,eae3146f-97c9-4f3f-ad23-677ee0f7d312,,1,True,b98a1ce6-8ef4-11f1-9b18-005056b2a5de,03__KDE__VNT__XOA__30,VIETNUTRI Kẹo Thạch Zummy KID Jelly Xoài 30g,Kẹo Dẻo,VIETNUTRI,,,a38f9189-ad87-11ef-a35e-005056b28600,
b8468f8e-8ef4-11f1-9b18-005056b2a5de,03__KDE__VNT__XOA__30,Kho Kệ,Cái,Kho Kệ,3.0,,0.0,,12.0,,-9.0,,955,0,eae3146f-97c9-4f3f-ad23-677ee0f7d312,eae3146f-97c9-4f3f-ad23-677ee0f7d312,2,False,b98a1db4-8ef4-11f1-9b18-005056b2a5de,03__KDE__VNT__XOA__30,VIETNUTRI Kẹo Thạch Zummy KID Jelly Xoài 30g,Kẹo Dẻo,VIETNUTRI,,aca0e3b9-1e75-496e-84ff-e96c9084f53f,a38f9189-ad87-11ef-a35e-005056b28600,CÔNG TY TNHH THƯƠNG MẠI VÀ DỊCH VỤ MIRA GROUP
b8468f8e-8ef4-11f1-9b18-005056b2a5de,03__KDE__VNT__XOA__30,Kho MIRA,Cái,Kho MIRA,45.0,,0.0,,0.0,,45.0,,956,0,eae3146f-97c9-4f3f-ad23-677ee0f7d312,eae3146f-97c9-4f3f-ad23-677ee0f7d312,2,False,b98a1e74-8ef4-11f1-9b18-005056b2a5de,03__KDE__VNT__XOA__30,VIETNUTRI Kẹo Thạch Zummy KID Jelly Xoài 30g,Kẹo Dẻo,VIETNUTRI,,485b5d06-306c-11f0-b467-005056b34af7,a38f9189-ad87-11ef-a35e-005056b28600,CÔNG TY TNHH THƯƠNG MẠI VÀ DỊCH VỤ MIRA GROUP
b8468f8e-8ef4-11f1-9b18-005056b2a5de,03__KGU__COL__BHA__40,Kho Kệ,Hũ,Kho Kệ,6.0,,0.0,,0.0,,6.0,,957,0,5db4d81a-d1d6-4d6d-a815-6a70bd8ccc07,5db4d81a-d1d6-4d6d-a815-6a70bd8ccc07,2,False,b98a1f46-8ef4-11f1-9b18-005056b2a5de,03__KGU__COL__BHA__40,COOLAIR Kẹo Gum Hương Bạc Hà 40g,Kẹo Gum,COOLAIR,,aca0e3b9-1e75-496e-84ff-e96c9084f53f,a38f9189-ad87-11ef-a35e-005056b28600,CÔNG TY TNHH THƯƠNG MẠI VÀ DỊCH VỤ MIRA GROUP
b8468f8e-8ef4-11f1-9b18-005056b2a5de,03__KGU__COL__BHA__40,Kho MIRA,Hũ,Kho MIRA,-6.0,,0.0,,0.0,,-6.0,,958,0,5db4d81a-d1d6-4d6d-a815-6a70bd8ccc07,5db4d81a-d1d6-4d6d-a815-6a70bd8ccc07,2,False,b98a200a-8ef4-11f1-9b18-005056b2a5de,03__KGU__COL__BHA__40,COOLAIR Kẹo Gum Hương Bạc Hà 40g,Kẹo Gum,COOLAIR,,485b5d06-306c-11f0-b467-005056b34af7,a38f9189-ad87-11ef-a35e-005056b28600,CÔNG TY TNHH THƯƠNG MẠI VÀ DỊCH VỤ MIRA GROUP
b8468f8e-8ef4-11f1-9b18-005056b2a5de,03__KGU__COL__MOG__40,Kho Kệ,Hũ,Kho Kệ,-6.0,,0.0,,0.0,,-6.0,,959,0,f3ef839f-65f1-4d32-90ea-3dc4e685f9ec,f3ef839f-65f1-4d32-90ea-3dc4e685f9ec,2,False,b98a20e0-8ef4-11f1-9b18-005056b2a5de,03__KGU__COL__MOG__40,COOLAIR Kẹo Gum Hương Quả Mọng 40g,Kẹo Gum,COOLAIR,,aca0e3b9-1e75-496e-84ff-e96c9084f53f,a38f9189-ad87-11ef-a35e-005056b28600,CÔNG TY TNHH THƯƠNG MẠI VÀ DỊCH VỤ MIRA GROUP
b8468f8e-8ef4-11f1-9b18-005056b2a5de,03__KGU__COL__MOG__40,Kho MIRA,Hũ,Kho MIRA,6.0,,0.0,,0.0,,6.0,,960,0,f3ef839f-65f1-4d32-90ea-3dc4e685f9ec,f3ef839f-65f1-4d32-90ea-3dc4e685f9ec,2,False,b98a21aa-8ef4-11f1-9b18-005056b2a5de,03__KGU__COL__MOG__40,COOLAIR Kẹo Gum Hương Quả Mọng 40g,Kẹo Gum,COOLAIR,,485b5d06-306c-11f0-b467-005056b34af7,a38f9189-ad87-11ef-a35e-005056b28600,CÔNG TY TNHH THƯƠNG MẠI VÀ DỊCH VỤ MIRA GROUP
b8468f8e-8ef4-11f1-9b18-005056b2a5de,03__KGU__COL__XDG__55,COOLAIR Kẹo Gum Khuynh Diệp Hũ Xanh Dương 55.4g,Hũ,Tổng,17.0,,12.0,,14.0,,15.0,,961,1,71325bae-61ea-490b-9e3f-f991d9851049,,1,True,b98a2273-8ef4-11f1-9b18-005056b2a5de,03__KGU__COL__XDG__55,COOLAIR Kẹo Gum Khuynh Diệp Hũ Xanh Dương 55.4g,Kẹo Gum,COOLAIR,,,a38f9189-ad87-11ef-a35e-005056b28600,
b8468f8e-8ef4-11f1-9b18-005056b2a5de,03__KGU__COL__XDG__55,Kho Kệ,Hũ,Kho Kệ,5.0,,12.0,,14.0,,3.0,,962,0,71325bae-61ea-490b-9e3f-f991d9851049,71325bae-61ea-490b-9e3f-f991d9851049,2,False,b98a2335-8ef4-11f1-9b18-005056b2a5de,03__KGU__COL__XDG__55,COOLAIR Kẹo Gum Khuynh Diệp Hũ Xanh Dương 55.4g,Kẹo Gum,COOLAIR,,aca0e3b9-1e75-496e-84ff-e96c9084f53f,a38f9189-ad87-11ef-a35e-005056b28600,CÔNG TY TNHH THƯƠNG MẠI VÀ DỊCH VỤ MIRA GROUP
b8468f8e-8ef4-11f1-9b18-005056b2a5de,03__KGU__COL__XDG__55,Kho MIRA,Hũ,Kho MIRA,12.0,,0.0,,0.0,,12.0,,963,0,71325bae-61ea-490b-9e3f-f991d9851049,71325bae-61ea-490b-9e3f-f991d9851049,2,False,b98a2401-8ef4-11f1-9b18-005056b2a5de,03__KGU__COL__XDG__55,COOLAIR Kẹo Gum Khuynh Diệp Hũ Xanh Dương 55.4g,Kẹo Gum,COOLAIR,,485b5d06-306c-11f0-b467-005056b34af7,a38f9189-ad87-11ef-a35e-005056b28600,CÔNG TY TNHH THƯƠNG MẠI VÀ DỊCH VỤ MIRA GROUP
b8468f8e-8ef4-11f1-9b18-005056b2a5de,03__KGU__DOU__BHA__24,DOUBLEMINT Tuýp Ngậm Bạc Hà 23.8g,Hũ,Tổng,0.0,,23.0,,3.0,,20.0,,964,1,429e2668-7d6b-4b98-bdc8-34d97d42cab5,,1,True,b98a24c8-8ef4-11f1-9b18-005056b2a5de,03__KGU__DOU__BHA__24,DOUBLEMINT Tuýp Ngậm Bạc Hà 23.8g,Kẹo Gum,DOUBLEMINT,,,a38f9189-ad87-11ef-a35e-005056b28600,
b8468f8e-8ef4-11f1-9b18-005056b2a5de,03__KGU__DOU__BHA__24,Kho Kệ,Hũ,Kho Kệ,0.0,,23.0,,3.0,,20.0,,965,0,429e2668-7d6b-4b98-bdc8-34d97d42cab5,429e2668-7d6b-4b98-bdc8-34d97d42cab5,2,False,b98a264d-8ef4-11f1-9b18-005056b2a5de,03__KGU__DOU__BHA__24,DOUBLEMINT Tuýp Ngậm Bạc Hà 23.8g,Kẹo Gum,DOUBLEMINT,,aca0e3b9-1e75-496e-84ff-e96c9084f53f,a38f9189-ad87-11ef-a35e-005056b28600,CÔNG TY TNHH THƯƠNG MẠI VÀ DỊCH VỤ MIRA GROUP
b8468f8e-8ef4-11f1-9b18-005056b2a5de,03__KGU__DOU__BHA__58,DOUBLEMINT Kẹo Gum Bạc Hà 58.4g,Hũ,Tổng,13.0,,12.0,,14.0,,11.0,,966,1,9b40c645-13a4-4341-920b-736efe2ff01a,,1,True,b98a271d-8ef4-11f1-9b18-005056b2a5de,03__KGU__DOU__BHA__58,DOUBLEMINT Kẹo Gum Bạc Hà 58.4g,Kẹo Gum,DOUBLEMINT,,,a38f9189-ad87-11ef-a35e-005056b28600,
b8468f8e-8ef4-11f1-9b18-005056b2a5de,03__KGU__DOU__BHA__58,Kho Kệ,Hũ,Kho Kệ,7.0,,12.0,,14.0,,5.0,,967,0,9b40c645-13a4-4341-920b-736efe2ff01a,9b40c645-13a4-4341-920b-736efe2ff01a,2,False,b98a27de-8ef4-11f1-9b18-005056b2a5de,03__KGU__DOU__BHA__58,DOUBLEMINT Kẹo Gum Bạc Hà 58.4g,Kẹo Gum,DOUBLEMINT,,aca0e3b9-1e75-496e-84ff-e96c9084f53f,a38f9189-ad87-11ef-a35e-005056b28600,CÔNG TY TNHH THƯƠNG MẠI VÀ DỊCH VỤ MIRA GROUP
b8468f8e-8ef4-11f1-9b18-005056b2a5de,03__KGU__DOU__BHA__58,Kho MIRA,Hũ,Kho MIRA,6.0,,0.0,,0.0,,6.0,,968,0,9b40c645-13a4-4341-920b-736efe2ff01a,9b40c645-13a4-4341-920b-736efe2ff01a,2,False,b98a28a9-8ef4-11f1-9b18-005056b2a5de,03__KGU__DOU__BHA__58,DOUBLEMINT Kẹo Gum Bạc Hà 58.4g,Kẹo Gum,DOUBLEMINT,,485b5d06-306c-11f0-b467-005056b34af7,a38f9189-ad87-11ef-a35e-005056b28600,CÔNG TY TNHH THƯƠNG MẠI VÀ DỊCH VỤ MIRA GROUP
b8468f8e-8ef4-11f1-9b18-005056b2a5de,03__KGU__DOU__CAM__24,DOUBLEMINT Tuýp Ngậm Hương Cam 23.8g,Tuýp,Tổng,0.0,,14.0,,1.0,,13.0,,969,1,1b5d4288-c974-4508-adf7-36f0cac46565,,1,True,b98a297d-8ef4-11f1-9b18-005056b2a5de,03__KGU__DOU__CAM__24,DOUBLEMINT Tuýp Ngậm Hương Cam 23.8g,Kẹo Gum,DOUBLEMINT,,,a38f9189-ad87-11ef-a35e-005056b28600,
b8468f8e-8ef4-11f1-9b18-005056b2a5de,03__KGU__DOU__CAM__24,Kho Kệ,Tuýp,Kho Kệ,0.0,,14.0,,1.0,,13.0,,970,0,1b5d4288-c974-4508-adf7-36f0cac46565,1b5d4288-c974-4508-adf7-36f0cac46565,2,False,b98a2a4e-8ef4-11f1-9b18-005056b2a5de,03__KGU__DOU__CAM__24,DOUBLEMINT Tuýp Ngậm Hương Cam 23.8g,Kẹo Gum,DOUBLEMINT,,aca0e3b9-1e75-496e-84ff-e96c9084f53f,a38f9189-ad87-11ef-a35e-005056b28600,CÔNG TY TNHH THƯƠNG MẠI VÀ DỊCH VỤ MIRA GROUP
b8468f8e-8ef4-11f1-9b18-005056b2a5de,03__KGU__DOU__PK5__14,DOUBLEMINT Kẹo Gum 5Sticks 13.5g,Cái,Tổng,2.0,,0.0,,0.0,,2.0,,971,1,285073fb-e891-40e6-83a6-7636f43a7fbf,,1,True,b98a2b17-8ef4-11f1-9b18-005056b2a5de,03__KGU__DOU__PK5__14,DOUBLEMINT Kẹo Gum 5Sticks 13.5g,Kẹo Gum,DOUBLEMINT,,,a38f9189-ad87-11ef-a35e-005056b28600,
b8468f8e-8ef4-11f1-9b18-005056b2a5de,03__KGU__DOU__PK5__14,Kho Kệ,Cái,Kho Kệ,2.0,,0.0,,0.0,,2.0,,972,0,285073fb-e891-40e6-83a6-7636f43a7fbf,285073fb-e891-40e6-83a6-7636f43a7fbf,2,False,b98a2bd6-8ef4-11f1-9b18-005056b2a5de,03__KGU__DOU__PK5__14,DOUBLEMINT Kẹo Gum 5Sticks 13.5g,Kẹo Gum,DOUBLEMINT,,aca0e3b9-1e75-496e-84ff-e96c9084f53f,a38f9189-ad87-11ef-a35e-005056b28600,CÔNG TY TNHH THƯƠNG MẠI VÀ DỊCH VỤ MIRA GROUP
b8468f8e-8ef4-11f1-9b18-005056b2a5de,03__KGU__LOT__CAM__13,"LOTTE Kẹo Gum Fusen Nomi Cam 13,8g",Hộp,Tổng,1.0,,0.0,,0.0,,1.0,,973,1,d6ef4963-180f-492c-a8d3-5618c2541827,,1,True,b98a2cb1-8ef4-11f1-9b18-005056b2a5de,03__KGU__LOT__CAM__13,"LOTTE Kẹo Gum Fusen Nomi Cam 13,8g",Kẹo Gum,LOTTE Fusen Nomi,,,a38f9189-ad87-11ef-a35e-005056b28600,
b8468f8e-8ef4-11f1-9b18-005056b2a5de,03__KGU__LOT__CAM__13,Kho Kệ,Hộp,Kho Kệ,1.0,,0.0,,0.0,,1.0,,974,0,d6ef4963-180f-492c-a8d3-5618c2541827,d6ef4963-180f-492c-a8d3-5618c2541827,2,False,b98a2d78-8ef4-11f1-9b18-005056b2a5de,03__KGU__LOT__CAM__13,"LOTTE Kẹo Gum Fusen Nomi Cam 13,8g",Kẹo Gum,LOTTE Fusen Nomi,,aca0e3b9-1e75-496e-84ff-e96c9084f53f,a38f9189-ad87-11ef-a35e-005056b28600,CÔNG TY TNHH THƯƠNG MẠI VÀ DỊCH VỤ MIRA GROUP
b8468f8e-8ef4-11f1-9b18-005056b2a5de,03__KGU__MTS__BHA__35,MENTOS Kẹo Ngậm Không Đường Hương Bạc Hà Hũ 35g,Hũ,Tổng,1.0,,24.0,,2.0,,23.0,,975,1,285bf2c1-363e-407f-aa76-48f879238a4c,,1,True,b98a2e9e-8ef4-11f1-9b18-005056b2a5de,03__KGU__MTS__BHA__35,MENTOS Kẹo Ngậm Không Đường Hương Bạc Hà Hũ 35g,Kẹo Gum,MENTOS,,,a38f9189-ad87-11ef-a35e-005056b28600,
b8468f8e-8ef4-11f1-9b18-005056b2a5de,03__KGU__MTS__BHA__35,Kho Kệ,Hũ,Kho Kệ,1.0,,24.0,,2.0,,23.0,,976,0,285bf2c1-363e-407f-aa76-48f879238a4c,285bf2c1-363e-407f-aa76-48f879238a4c,2,False,b98a2f6e-8ef4-11f1-9b18-005056b2a5de,03__KGU__MTS__BHA__35,MENTOS Kẹo Ngậm Không Đường Hương Bạc Hà Hũ 35g,Kẹo Gum,MENTOS,,aca0e3b9-1e75-496e-84ff-e96c9084f53f,a38f9189-ad87-11ef-a35e-005056b28600,CÔNG TY TNHH THƯƠNG MẠI VÀ DỊCH VỤ MIRA GROUP
b8468f8e-8ef4-11f1-9b18-005056b2a5de,03__KGU__TIC__BHA__15,TICTAC Kẹo Bạc Hà Lục 14.5g,Hộp,Tổng,1.0,,0.0,,0.0,,1.0,,977,1,0f53e4aa-4fa7-4d7b-b7f0-a245ed90e30c,,1,True,b98a3038-8ef4-11f1-9b18-005056b2a5de,03__KGU__TIC__BHA__15,TICTAC Kẹo Bạc Hà Lục 14.5g,Kẹo Gum,Tictac,,,a38f9189-ad87-11ef-a35e-005056b28600,
b8468f8e-8ef4-11f1-9b18-005056b2a5de,03__KGU__TIC__BHA__15,Kho Kệ,Hộp,Kho Kệ,1.0,,0.0,,0.0,,1.0,,978,0,0f53e4aa-4fa7-4d7b-b7f0-a245ed90e30c,0f53e4aa-4fa7-4d7b-b7f0-a245ed90e30c,2,False,b98a30fa-8ef4-11f1-9b18-005056b2a5de,03__KGU__TIC__BHA__15,TICTAC Kẹo Bạc Hà Lục 14.5g,Kẹo Gum,Tictac,,aca0e3b9-1e75-496e-84ff-e96c9084f53f,a38f9189-ad87-11ef-a35e-005056b28600,CÔNG TY TNHH THƯƠNG MẠI VÀ DỊCH VỤ MIRA GROUP
b8468f8e-8ef4-11f1-9b18-005056b2a5de,03__KGU__XYL__XDG__130,LOTTE XYLITOL Kẹo Gum Cool Hũ Xanh Dương 130.5g,Hũ,Tổng,6.0,,0.0,,6.0,,0.0,,979,1,007d7412-f40e-4609-b10c-68a9c168454b,,1,True,b98a31cb-8ef4-11f1-9b18-005056b2a5de,03__KGU__XYL__XDG__130,LOTTE XYLITOL Kẹo Gum Cool Hũ Xanh Dương 130.5g,Kẹo Gum,LOTTE XYLITOL,,,a38f9189-ad87-11ef-a35e-005056b28600,
b8468f8e-8ef4-11f1-9b18-005056b2a5de,03__KGU__XYL__XDG__130,Kho Kệ,Hũ,Kho Kệ,6.0,,0.0,,6.0,,0.0,,980,0,007d7412-f40e-4609-b10c-68a9c168454b,007d7412-f40e-4609-b10c-68a9c168454b,2,False,b98a328b-8ef4-11f1-9b18-005056b2a5de,03__KGU__XYL__XDG__130,LOTTE XYLITOL Kẹo Gum Cool Hũ Xanh Dương 130.5g,Kẹo Gum,LOTTE XYLITOL,,aca0e3b9-1e75-496e-84ff-e96c9084f53f,a38f9189-ad87-11ef-a35e-005056b28600,CÔNG TY TNHH THƯƠNG MẠI VÀ DỊCH VỤ MIRA GROUP
b8468f8e-8ef4-11f1-9b18-005056b2a5de,03__KGU__XYL__XDG__55,LOTTE XYLITOL Kẹo Gum Cool Hũ Xanh Dương 55.1g,Hũ,Tổng,7.0,,24.0,,6.0,,25.0,,981,1,495de5ac-e3a8-4d7a-adf2-32cc941a0293,,1,True,b98a3354-8ef4-11f1-9b18-005056b2a5de,03__KGU__XYL__XDG__55,LOTTE XYLITOL Kẹo Gum Cool Hũ Xanh Dương 55.1g,Kẹo Gum,LOTTE XYLITOL,,,a38f9189-ad87-11ef-a35e-005056b28600,
b8468f8e-8ef4-11f1-9b18-005056b2a5de,03__KGU__XYL__XDG__55,Kho Kệ,Hũ,Kho Kệ,1.0,,0.0,,6.0,,-5.0,,982,0,495de5ac-e3a8-4d7a-adf2-32cc941a0293,495de5ac-e3a8-4d7a-adf2-32cc941a0293,2,False,b98a3419-8ef4-11f1-9b18-005056b2a5de,03__KGU__XYL__XDG__55,LOTTE XYLITOL Kẹo Gum Cool Hũ Xanh Dương 55.1g,Kẹo Gum,LOTTE XYLITOL,,aca0e3b9-1e75-496e-84ff-e96c9084f53f,a38f9189-ad87-11ef-a35e-005056b28600,CÔNG TY TNHH THƯƠNG MẠI VÀ DỊCH VỤ MIRA GROUP
b8468f8e-8ef4-11f1-9b18-005056b2a5de,03__KGU__XYL__XDG__55,Kho MIRA,Hũ,Kho MIRA,6.0,,24.0,,0.0,,30.0,,983,0,495de5ac-e3a8-4d7a-adf2-32cc941a0293,495de5ac-e3a8-4d7a-adf2-32cc941a0293,2,False,b98a34e5-8ef4-11f1-9b18-005056b2a5de,03__KGU__XYL__XDG__55,LOTTE XYLITOL Kẹo Gum Cool Hũ Xanh Dương 55.1g,Kẹo Gum,LOTTE XYLITOL,,485b5d06-306c-11f0-b467-005056b34af7,a38f9189-ad87-11ef-a35e-005056b28600,CÔNG TY TNHH THƯƠNG MẠI VÀ DỊCH VỤ MIRA GROUP
b8468f8e-8ef4-11f1-9b18-005056b2a5de,03__KGU__XYL__XLA__130,LOTTE XYLITOL Kẹo Gum Cool Hũ Xanh Lá 130.5g,Hũ,Tổng,7.0,,24.0,,3.0,,28.0,,984,1,abcef88e-78b3-4b61-88f6-4efcf03968c8,,1,True,b98a35ab-8ef4-11f1-9b18-005056b2a5de,03__KGU__XYL__XLA__130,LOTTE XYLITOL Kẹo Gum Cool Hũ Xanh Lá 130.5g,Kẹo Gum,LOTTE XYLITOL,,,a38f9189-ad87-11ef-a35e-005056b28600,
b8468f8e-8ef4-11f1-9b18-005056b2a5de,03__KGU__XYL__XLA__130,Kho Kệ,Hũ,Kho Kệ,7.0,,0.0,,3.0,,4.0,,985,0,abcef88e-78b3-4b61-88f6-4efcf03968c8,abcef88e-78b3-4b61-88f6-4efcf03968c8,2,False,b98a3672-8ef4-11f1-9b18-005056b2a5de,03__KGU__XYL__XLA__130,LOTTE XYLITOL Kẹo Gum Cool Hũ Xanh Lá 130.5g,Kẹo Gum,LOTTE XYLITOL,,aca0e3b9-1e75-496e-84ff-e96c9084f53f,a38f9189-ad87-11ef-a35e-005056b28600,CÔNG TY TNHH THƯƠNG MẠI VÀ DỊCH VỤ MIRA GROUP
b8468f8e-8ef4-11f1-9b18-005056b2a5de,03__KGU__XYL__XLA__130,Kho MIRA,Hũ,Kho MIRA,0.0,,24.0,,0.0,,24.0,,986,0,abcef88e-78b3-4b61-88f6-4efcf03968c8,abcef88e-78b3-4b61-88f6-4efcf03968c8,2,False,b98a373e-8ef4-11f1-9b18-005056b2a5de,03__KGU__XYL__XLA__130,LOTTE XYLITOL Kẹo Gum Cool Hũ Xanh Lá 130.5g,Kẹo Gum,LOTTE XYLITOL,,485b5d06-306c-11f0-b467-005056b34af7,a38f9189-ad87-11ef-a35e-005056b28600,CÔNG TY TNHH THƯƠNG MẠI VÀ DỊCH VỤ MIRA GROUP
b8468f8e-8ef4-11f1-9b18-005056b2a5de,03__KGU__XYL__XLA__55,LOTTE XYLITOL Kẹo Gum Lime Mint Hũ Xanh Lá 55.1g,Hũ,Tổng,5.0,,24.0,,5.0,,24.0,,987,1,c6ba5aa6-1cce-4183-afa3-3a4d4bd74a18,,1,True,b98a3810-8ef4-11f1-9b18-005056b2a5de,03__KGU__XYL__XLA__55,LOTTE XYLITOL Kẹo Gum Lime Mint Hũ Xanh Lá 55.1g,Kẹo Gum,LOTTE XYLITOL,,,a38f9189-ad87-11ef-a35e-005056b28600,
b8468f8e-8ef4-11f1-9b18-005056b2a5de,03__KGU__XYL__XLA__55,Kho Kệ,Hũ,Kho Kệ,5.0,,0.0,,5.0,,0.0,,988,0,c6ba5aa6-1cce-4183-afa3-3a4d4bd74a18,c6ba5aa6-1cce-4183-afa3-3a4d4bd74a18,2,False,b98a38d2-8ef4-11f1-9b18-005056b2a5de,03__KGU__XYL__XLA__55,LOTTE XYLITOL Kẹo Gum Lime Mint Hũ Xanh Lá 55.1g,Kẹo Gum,LOTTE XYLITOL,,aca0e3b9-1e75-496e-84ff-e96c9084f53f,a38f9189-ad87-11ef-a35e-005056b28600,CÔNG TY TNHH THƯƠNG MẠI VÀ DỊCH VỤ MIRA GROUP
b8468f8e-8ef4-11f1-9b18-005056b2a5de,03__KGU__XYL__XLA__55,Kho MIRA,Hũ,Kho MIRA,0.0,,24.0,,0.0,,24.0,,989,0,c6ba5aa6-1cce-4183-afa3-3a4d4bd74a18,c6ba5aa6-1cce-4183-afa3-3a4d4bd74a18,2,False,b98a399d-8ef4-11f1-9b18-005056b2a5de,03__KGU__XYL__XLA__55,LOTTE XYLITOL Kẹo Gum Lime Mint Hũ Xanh Lá 55.1g,Kẹo Gum,LOTTE XYLITOL,,485b5d06-306c-11f0-b467-005056b34af7,a38f9189-ad87-11ef-a35e-005056b28600,CÔNG TY TNHH THƯƠNG MẠI VÀ DỊCH VỤ MIRA GROUP
b8468f8e-8ef4-11f1-9b18-005056b2a5de,03__KNO__POP__COL__10,POPZA Kẹo Nổ Thái Lan Hương Cola 10g,Bịch,Tổng,3.0,,0.0,,0.0,,3.0,,990,1,0a22e92f-7ee2-43a0-b808-f22adeee509c,,1,True,b98a3a60-8ef4-11f1-9b18-005056b2a5de,03__KNO__POP__COL__10,POPZA Kẹo Nổ Thái Lan Hương Cola 10g,Kẹo Nổ,POPZA,,,a38f9189-ad87-11ef-a35e-005056b28600,
b8468f8e-8ef4-11f1-9b18-005056b2a5de,03__KNO__POP__COL__10,Kho Kệ,Bịch,Kho Kệ,3.0,,0.0,,0.0,,3.0,,991,0,0a22e92f-7ee2-43a0-b808-f22adeee509c,0a22e92f-7ee2-43a0-b808-f22adeee509c,2,False,b98a3c8e-8ef4-11f1-9b18-005056b2a5de,03__KNO__POP__COL__10,POPZA Kẹo Nổ Thái Lan Hương Cola 10g,Kẹo Nổ,POPZA,,aca0e3b9-1e75-496e-84ff-e96c9084f53f,a38f9189-ad87-11ef-a35e-005056b28600,CÔNG TY TNHH THƯƠNG MẠI VÀ DỊCH VỤ MIRA GROUP
b8468f8e-8ef4-11f1-9b18-005056b2a5de,03__KSO__KIN__HOG__20,KINDER JOY Kẹo Socola Hồng 20g,Cái,Tổng,1.0,,0.0,,0.0,,1.0,,992,1,7ca3f176-a8bb-4d8d-82b5-1e94b87734ba,,1,True,b98a3d73-8ef4-11f1-9b18-005056b2a5de,03__KSO__KIN__HOG__20,KINDER JOY Kẹo Socola Hồng 20g,Kẹo Socola,KINDER JOY,,,a38f9189-ad87-11ef-a35e-005056b28600,
b8468f8e-8ef4-11f1-9b18-005056b2a5de,03__KSO__KIN__HOG__20,Kho Kệ,Cái,Kho Kệ,1.0,,0.0,,0.0,,1.0,,993,0,7ca3f176-a8bb-4d8d-82b5-1e94b87734ba,7ca3f176-a8bb-4d8d-82b5-1e94b87734ba,2,False,b98a3e31-8ef4-11f1-9b18-005056b2a5de,03__KSO__KIN__HOG__20,KINDER JOY Kẹo Socola Hồng 20g,Kẹo Socola,KINDER JOY,,aca0e3b9-1e75-496e-84ff-e96c9084f53f,a38f9189-ad87-11ef-a35e-005056b28600,CÔNG TY TNHH THƯƠNG MẠI VÀ DỊCH VỤ MIRA GROUP
b8468f8e-8ef4-11f1-9b18-005056b2a5de,03__KSO__MNM__SUA__37,M&M's Kẹo Socola Sữa 37g,Bịch,Tổng,3.0,,24.0,,4.0,,23.0,,994,1,a3c13716-97aa-4fba-bdbc-261ecf4586d5,,1,True,b98a3f00-8ef4-11f1-9b18-005056b2a5de,03__KSO__MNM__SUA__37,M&M's Kẹo Socola Sữa 37g,Kẹo Socola,M&M's,,,a38f9189-ad87-11ef-a35e-005056b28600,
b8468f8e-8ef4-11f1-9b18-005056b2a5de,03__KSO__MNM__SUA__37,Kho Kệ,Bịch,Kho Kệ,3.0,,24.0,,4.0,,23.0,,995,0,a3c13716-97aa-4fba-bdbc-261ecf4586d5,a3c13716-97aa-4fba-bdbc-261ecf4586d5,2,False,b98a3fca-8ef4-11f1-9b18-005056b2a5de,03__KSO__MNM__SUA__37,M&M's Kẹo Socola Sữa 37g,Kẹo Socola,M&M's,,aca0e3b9-1e75-496e-84ff-e96c9084f53f,a38f9189-ad87-11ef-a35e-005056b28600,CÔNG TY TNHH THƯƠNG MẠI VÀ DỊCH VỤ MIRA GROUP
b8468f8e-8ef4-11f1-9b18-005056b2a5de,03__KSO__NES__MLO__25,Kho Kệ,Bịch,Kho Kệ,-10.0,,0.0,,0.0,,-10.0,,996,0,f912206c-f5d1-48b7-8e29-dd1973a2daa4,f912206c-f5d1-48b7-8e29-dd1973a2daa4,2,False,b98a4090-8ef4-11f1-9b18-005056b2a5de,03__KSO__NES__MLO__25,NESTLE Socola Viên Milo Gói 25g,Kẹo Socola,Nestle,,aca0e3b9-1e75-496e-84ff-e96c9084f53f,a38f9189-ad87-11ef-a35e-005056b28600,CÔNG TY TNHH THƯƠNG MẠI VÀ DỊCH VỤ MIRA GROUP
b8468f8e-8ef4-11f1-9b18-005056b2a5de,03__KSO__NES__MLO__25,Kho MIRA,Bịch,Kho MIRA,10.0,,0.0,,0.0,,10.0,,997,0,f912206c-f5d1-48b7-8e29-dd1973a2daa4,f912206c-f5d1-48b7-8e29-dd1973a2daa4,2,False,b98a4150-8ef4-11f1-9b18-005056b2a5de,03__KSO__NES__MLO__25,NESTLE Socola Viên Milo Gói 25g,Kẹo Socola,Nestle,,485b5d06-306c-11f0-b467-005056b34af7,a38f9189-ad87-11ef-a35e-005056b28600,CÔNG TY TNHH THƯƠNG MẠI VÀ DỊCH VỤ MIRA GROUP
b8468f8e-8ef4-11f1-9b18-005056b2a5de,03__KSO__SNI__DPG__35,SNICKERS Socola Nhân Đậu Phộng 35g,Bịch,Tổng,90.0,,0.0,,16.0,,74.0,,998,1,a0b6a1e3-3aa6-4450-8e0c-7fe1d2e46573,,1,True,b98a4212-8ef4-11f1-9b18-005056b2a5de,03__KSO__SNI__DPG__35,SNICKERS Socola Nhân Đậu Phộng 35g,Kẹo Socola,SNICKERS,,,a38f9189-ad87-11ef-a35e-005056b28600,
b8468f8e-8ef4-11f1-9b18-005056b2a5de,03__KSO__SNI__DPG__35,Kho Kệ,Bịch,Kho Kệ,-6.0,,0.0,,16.0,,-22.0,,999,0,a0b6a1e3-3aa6-4450-8e0c-7fe1d2e46573,a0b6a1e3-3aa6-4450-8e0c-7fe1d2e46573,2,False,b98a437f-8ef4-11f1-9b18-005056b2a5de,03__KSO__SNI__DPG__35,SNICKERS Socola Nhân Đậu Phộng 35g,Kẹo Socola,SNICKERS,,aca0e3b9-1e75-496e-84ff-e96c9084f53f,a38f9189-ad87-11ef-a35e-005056b28600,CÔNG TY TNHH THƯƠNG MẠI VÀ DỊCH VỤ MIRA GROUP
b8468f8e-8ef4-11f1-9b18-005056b2a5de,03__KSO__SNI__DPG__35,Kho MIRA,Bịch,Kho MIRA,96.0,,0.0,,0.0,,96.0,,1000,0,a0b6a1e3-3aa6-4450-8e0c-7fe1d2e46573,a0b6a1e3-3aa6-4450-8e0c-7fe1d2e46573,2,False,b98a4454-8ef4-11f1-9b18-005056b2a5de,03__KSO__SNI__DPG__35,SNICKERS Socola Nhân Đậu Phộng 35g,Kẹo Socola,SNICKERS,,485b5d06-306c-11f0-b467-005056b34af7,a38f9189-ad87-11ef-a35e-005056b28600,CÔNG TY TNHH THƯƠNG MẠI VÀ DỊCH VỤ MIRA GROUP
b8468f8e-8ef4-11f1-9b18-005056b2a5de,03__SBN__OIS__BCH__68,OISHI Snack Bắp Ngọt 68g,Bịch,Tổng,5.0,,30.0,,32.0,,3.0,,1001,1,dd07c28d-ce4e-450f-902e-717e3acc2ccd,,1,True,b98a451c-8ef4-11f1-9b18-005056b2a5de,03__SBN__OIS__BCH__68,OISHI Snack Bắp Ngọt 68g,Snack Bắp,OISHI,,,a38f9189-ad87-11ef-a35e-005056b28600,
b8468f8e-8ef4-11f1-9b18-005056b2a5de,03__SBN__OIS__BCH__68,Kho Kệ,Bịch,Kho Kệ,5.0,,30.0,,32.0,,3.0,,1002,0,dd07c28d-ce4e-450f-902e-717e3acc2ccd,dd07c28d-ce4e-450f-902e-717e3acc2ccd,2,False,b98a45ec-8ef4-11f1-9b18-005056b2a5de,03__SBN__OIS__BCH__68,OISHI Snack Bắp Ngọt 68g,Snack Bắp,OISHI,,aca0e3b9-1e75-496e-84ff-e96c9084f53f,a38f9189-ad87-11ef-a35e-005056b28600,CÔNG TY TNHH THƯƠNG MẠI VÀ DỊCH VỤ MIRA GROUP
b8468f8e-8ef4-11f1-9b18-005056b2a5de,03__SBN__OIS__BNB__68,OISHI Snack Bắp 4 Lớp Vị Bắp Nướng Bơ 68g,Bịch,Tổng,33.0,,0.0,,0.0,,33.0,,1003,1,43ddc705-829d-46ee-959e-50afd49729a7,,1,True,b98a46b7-8ef4-11f1-9b18-005056b2a5de,03__SBN__OIS__BNB__68,OISHI Snack Bắp 4 Lớp Vị Bắp Nướng Bơ 68g,Snack Bắp,OISHI,,,a38f9189-ad87-11ef-a35e-005056b28600,
b8468f8e-8ef4-11f1-9b18-005056b2a5de,03__SBN__OIS__BNB__68,Kho Kệ,Bịch,Kho Kệ,33.0,,0.0,,0.0,,33.0,,1004,0,43ddc705-829d-46ee-959e-50afd49729a7,43ddc705-829d-46ee-959e-50afd49729a7,2,False,b98a4789-8ef4-11f1-9b18-005056b2a5de,03__SBN__OIS__BNB__68,OISHI Snack Bắp 4 Lớp Vị Bắp Nướng Bơ 68g,Snack Bắp,OISHI,,aca0e3b9-1e75-496e-84ff-e96c9084f53f,a38f9189-ad87-11ef-a35e-005056b28600,CÔNG TY TNHH THƯƠNG MẠI VÀ DỊCH VỤ MIRA GROUP
b8468f8e-8ef4-11f1-9b18-005056b2a5de,03__SBN__OIS__BPM__1,OISHI Snack Bắp Vị Phô Mai,Bịch,Tổng,27.0,,20.0,,44.0,,3.0,,1005,1,2baefa17-8766-4731-b3dc-5804518504ca,,1,True,b98a484b-8ef4-11f1-9b18-005056b2a5de,03__SBN__OIS__BPM__1,OISHI Snack Bắp Vị Phô Mai,Snack Bắp,OISHI,,,a38f9189-ad87-11ef-a35e-005056b28600,
b8468f8e-8ef4-11f1-9b18-005056b2a5de,03__SBN__OIS__BPM__1,Kho Kệ,Bịch,Kho Kệ,27.0,,20.0,,44.0,,3.0,,1006,0,2baefa17-8766-4731-b3dc-5804518504ca,2baefa17-8766-4731-b3dc-5804518504ca,2,False,b98a490b-8ef4-11f1-9b18-005056b2a5de,03__SBN__OIS__BPM__1,OISHI Snack Bắp Vị Phô Mai,Snack Bắp,OISHI,,aca0e3b9-1e75-496e-84ff-e96c9084f53f,a38f9189-ad87-11ef-a35e-005056b28600,CÔNG TY TNHH THƯƠNG MẠI VÀ DỊCH VỤ MIRA GROUP
b8468f8e-8ef4-11f1-9b18-005056b2a5de,03__SBN__OIS__CAY__68,OISHI Snack Bắp 4 Lớp Vị Sriracha Vị Cay 68g,Bịch,Tổng,24.0,,30.0,,48.0,,6.0,,1007,1,116ffb44-c709-46a7-a059-f01ed6955282,,1,True,b98a49d0-8ef4-11f1-9b18-005056b2a5de,03__SBN__OIS__CAY__68,OISHI Snack Bắp 4 Lớp Vị Sriracha Vị Cay 68g,Snack Bắp,OISHI,,,a38f9189-ad87-11ef-a35e-005056b28600,
b8468f8e-8ef4-11f1-9b18-005056b2a5de,03__SBN__OIS__CAY__68,Kho Kệ,Bịch,Kho Kệ,14.0,,30.0,,48.0,,-4.0,,1008,0,116ffb44-c709-46a7-a059-f01ed6955282,116ffb44-c709-46a7-a059-f01ed6955282,2,False,b98a4a8d-8ef4-11f1-9b18-005056b2a5de,03__SBN__OIS__CAY__68,OISHI Snack Bắp 4 Lớp Vị Sriracha Vị Cay 68g,Snack Bắp,OISHI,,aca0e3b9-1e75-496e-84ff-e96c9084f53f,a38f9189-ad87-11ef-a35e-005056b28600,CÔNG TY TNHH THƯƠNG MẠI VÀ DỊCH VỤ MIRA GROUP
b8468f8e-8ef4-11f1-9b18-005056b2a5de,03__SBN__OIS__CAY__68,Kho MIRA,Bịch,Kho MIRA,10.0,,0.0,,0.0,,10.0,,1009,0,116ffb44-c709-46a7-a059-f01ed6955282,116ffb44-c709-46a7-a059-f01ed6955282,2,False,b98a4b6c-8ef4-11f1-9b18-005056b2a5de,03__SBN__OIS__CAY__68,OISHI Snack Bắp 4 Lớp Vị Sriracha Vị Cay 68g,Snack Bắp,OISHI,,485b5d06-306c-11f0-b467-005056b34af7,a38f9189-ad87-11ef-a35e-005056b28600,CÔNG TY TNHH THƯƠNG MẠI VÀ DỊCH VỤ MIRA GROUP
b8468f8e-8ef4-11f1-9b18-005056b2a5de,03__SBN__OIS__PMI__68,OISHI Snack Bắp 4 Lớp Vị Phô Mai 68g,Chiếc,Tổng,-3.0,,0.0,,25.0,,-28.0,,1010,1,f8d0c6de-0a16-4823-b609-155d930f2659,,1,True,b98a4c49-8ef4-11f1-9b18-005056b2a5de,03__SBN__OIS__PMI__68,OISHI Snack Bắp 4 Lớp Vị Phô Mai 68g,Snack Bắp,OISHI,,,a38f9189-ad87-11ef-a35e-005056b28600,
b8468f8e-8ef4-11f1-9b18-005056b2a5de,03__SBN__OIS__PMI__68,Kho Kệ,Chiếc,Kho Kệ,-3.0,,0.0,,25.0,,-28.0,,1011,0,f8d0c6de-0a16-4823-b609-155d930f2659,f8d0c6de-0a16-4823-b609-155d930f2659,2,False,b98a4d0a-8ef4-11f1-9b18-005056b2a5de,03__SBN__OIS__PMI__68,OISHI Snack Bắp 4 Lớp Vị Phô Mai 68g,Snack Bắp,OISHI,,aca0e3b9-1e75-496e-84ff-e96c9084f53f,a38f9189-ad87-11ef-a35e-005056b28600,CÔNG TY TNHH THƯƠNG MẠI VÀ DỊCH VỤ MIRA GROUP
b8468f8e-8ef4-11f1-9b18-005056b2a5de,03__SBN__ORO__BAP__70,ORION Snack Corn Chip Vị Bắp Nướng Bơ 70g,Bịch,Tổng,18.0,,0.0,,0.0,,18.0,,1012,1,9f8b4169-179b-40bb-af08-8373d5622fd7,,1,True,b98a4dd5-8ef4-11f1-9b18-005056b2a5de,03__SBN__ORO__BAP__70,ORION Snack Corn Chip Vị Bắp Nướng Bơ 70g,Snack Bắp,ORION,,,a38f9189-ad87-11ef-a35e-005056b28600,
b8468f8e-8ef4-11f1-9b18-005056b2a5de,03__SBN__ORO__BAP__70,Kho Kệ,Bịch,Kho Kệ,18.0,,0.0,,0.0,,18.0,,1013,0,9f8b4169-179b-40bb-af08-8373d5622fd7,9f8b4169-179b-40bb-af08-8373d5622fd7,2,False,b98a4e97-8ef4-11f1-9b18-005056b2a5de,03__SBN__ORO__BAP__70,ORION Snack Corn Chip Vị Bắp Nướng Bơ 70g,Snack Bắp,ORION,,aca0e3b9-1e75-496e-84ff-e96c9084f53f,a38f9189-ad87-11ef-a35e-005056b28600,CÔNG TY TNHH THƯƠNG MẠI VÀ DỊCH VỤ MIRA GROUP
b8468f8e-8ef4-11f1-9b18-005056b2a5de,03__SBN__ORO__NBO__35,ORION Snack Corn Chip Vị Bắp Nướng Bơ 35g,Bịch,Tổng,3.0,,3.0,,0.0,,6.0,,1014,1,416d455e-d2ea-47b5-b72b-1f658d687a31,,1,True,b98a4f5e-8ef4-11f1-9b18-005056b2a5de,03__SBN__ORO__NBO__35,ORION Snack Corn Chip Vị Bắp Nướng Bơ 35g,Snack Bắp,ORION,,,a38f9189-ad87-11ef-a35e-005056b28600,
b8468f8e-8ef4-11f1-9b18-005056b2a5de,03__SBN__ORO__NBO__35,Kho Kệ,Bịch,Kho Kệ,0.0,,3.0,,0.0,,3.0,,1015,0,416d455e-d2ea-47b5-b72b-1f658d687a31,416d455e-d2ea-47b5-b72b-1f658d687a31,2,False,b98a501b-8ef4-11f1-9b18-005056b2a5de,03__SBN__ORO__NBO__35,ORION Snack Corn Chip Vị Bắp Nướng Bơ 35g,Snack Bắp,ORION,,aca0e3b9-1e75-496e-84ff-e96c9084f53f,a38f9189-ad87-11ef-a35e-005056b28600,CÔNG TY TNHH THƯƠNG MẠI VÀ DỊCH VỤ MIRA GROUP
b8468f8e-8ef4-11f1-9b18-005056b2a5de,03__SBN__ORO__NBO__35,Kho MIRA,Bịch,Kho MIRA,3.0,,0.0,,0.0,,3.0,,1016,0,416d455e-d2ea-47b5-b72b-1f658d687a31,416d455e-d2ea-47b5-b72b-1f658d687a31,2,False,b98a50e9-8ef4-11f1-9b18-005056b2a5de,03__SBN__ORO__NBO__35,ORION Snack Corn Chip Vị Bắp Nướng Bơ 35g,Snack Bắp,ORION,,485b5d06-306c-11f0-b467-005056b34af7,a38f9189-ad87-11ef-a35e-005056b28600,CÔNG TY TNHH THƯƠNG MẠI VÀ DỊCH VỤ MIRA GROUP
b8468f8e-8ef4-11f1-9b18-005056b2a5de,03__SKH__BAF__BOO__30,BATRAFOOD BT Trộn Sa Tế Bò 25g,Bịch,Tổng,56.0,,0.0,,27.0,,29.0,,1017,1,49ea87fb-2c57-483e-a96a-0ba8a26cfe72,,1,True,b98a5255-8ef4-11f1-9b18-005056b2a5de,03__SKH__BAF__BOO__30,BATRAFOOD BT Trộn Sa Tế Bò 25g,Snack Khác,BATRAFOOD,,,a38f9189-ad87-11ef-a35e-005056b28600,
b8468f8e-8ef4-11f1-9b18-005056b2a5de,03__SKH__BAF__BOO__30,Kho Kệ,Bịch,Kho Kệ,56.0,,0.0,,27.0,,29.0,,1018,0,49ea87fb-2c57-483e-a96a-0ba8a26cfe72,49ea87fb-2c57-483e-a96a-0ba8a26cfe72,2,False,b98a531e-8ef4-11f1-9b18-005056b2a5de,03__SKH__BAF__BOO__30,BATRAFOOD BT Trộn Sa Tế Bò 25g,Snack Khác,BATRAFOOD,,aca0e3b9-1e75-496e-84ff-e96c9084f53f,a38f9189-ad87-11ef-a35e-005056b28600,CÔNG TY TNHH THƯƠNG MẠI VÀ DỊCH VỤ MIRA GROUP
b8468f8e-8ef4-11f1-9b18-005056b2a5de,03__SKH__BAF__CAN__45,BATRAFOOD BT Khô Cá Nướng Fishi 45g,Bịch,Tổng,5.0,,0.0,,3.0,,2.0,,1019,1,26334272-5951-443f-b8c3-f49b5cd000d9,,1,True,b98a5456-8ef4-11f1-9b18-005056b2a5de,03__SKH__BAF__CAN__45,BATRAFOOD BT Khô Cá Nướng Fishi 45g,Snack Khác,BATRAFOOD,,,a38f9189-ad87-11ef-a35e-005056b28600,
b8468f8e-8ef4-11f1-9b18-005056b2a5de,03__SKH__BAF__CAN__45,Kho Kệ,Bịch,Kho Kệ,5.0,,0.0,,3.0,,2.0,,1020,0,26334272-5951-443f-b8c3-f49b5cd000d9,26334272-5951-443f-b8c3-f49b5cd000d9,2,False,b98a557a-8ef4-11f1-9b18-005056b2a5de,03__SKH__BAF__CAN__45,BATRAFOOD BT Khô Cá Nướng Fishi 45g,Snack Khác,BATRAFOOD,,aca0e3b9-1e75-496e-84ff-e96c9084f53f,a38f9189-ad87-11ef-a35e-005056b28600,CÔNG TY TNHH THƯƠNG MẠI VÀ DỊCH VỤ MIRA GROUP
b8468f8e-8ef4-11f1-9b18-005056b2a5de,03__SKH__BAF__GCY__45,BATRAFOOD BT Nướng Phủ Gà Cay Chycky 45g,Bịch,Tổng,1.0,,0.0,,0.0,,1.0,,1021,1,019e96de-6c3a-47d9-a1a3-2a195e84b8b4,,1,True,b98a5692-8ef4-11f1-9b18-005056b2a5de,03__SKH__BAF__GCY__45,BATRAFOOD BT Nướng Phủ Gà Cay Chycky 45g,Snack Khác,BATRAFOOD,,,a38f9189-ad87-11ef-a35e-005056b28600,
b8468f8e-8ef4-11f1-9b18-005056b2a5de,03__SKH__BAF__GCY__45,Kho Kệ,Bịch,Kho Kệ,1.0,,0.0,,0.0,,1.0,,1022,0,019e96de-6c3a-47d9-a1a3-2a195e84b8b4,019e96de-6c3a-47d9-a1a3-2a195e84b8b4,2,False,b98a579c-8ef4-11f1-9b18-005056b2a5de,03__SKH__BAF__GCY__45,BATRAFOOD BT Nướng Phủ Gà Cay Chycky 45g,Snack Khác,BATRAFOOD,,aca0e3b9-1e75-496e-84ff-e96c9084f53f,a38f9189-ad87-11ef-a35e-005056b28600,CÔNG TY TNHH THƯƠNG MẠI VÀ DỊCH VỤ MIRA GROUP
b8468f8e-8ef4-11f1-9b18-005056b2a5de,03__SKH__BAF__PMI__30,BATRAFOOD BT Trộn Phô Mai,Bịch,Tổng,45.0,,0.0,,10.0,,35.0,,1023,1,fea3d1d0-4a2e-44b2-aed6-4ef48a5936f0,,1,True,b98a58af-8ef4-11f1-9b18-005056b2a5de,03__SKH__BAF__PMI__30,BATRAFOOD BT Trộn Phô Mai,Snack Khác,BATRAFOOD,,,a38f9189-ad87-11ef-a35e-005056b28600,
b8468f8e-8ef4-11f1-9b18-005056b2a5de,03__SKH__BAF__PMI__30,Kho Kệ,Bịch,Kho Kệ,45.0,,0.0,,10.0,,35.0,,1024,0,fea3d1d0-4a2e-44b2-aed6-4ef48a5936f0,fea3d1d0-4a2e-44b2-aed6-4ef48a5936f0,2,False,b98a5b98-8ef4-11f1-9b18-005056b2a5de,03__SKH__BAF__PMI__30,BATRAFOOD BT Trộn Phô Mai,Snack Khác,BATRAFOOD,,aca0e3b9-1e75-496e-84ff-e96c9084f53f,a38f9189-ad87-11ef-a35e-005056b28600,CÔNG TY TNHH THƯƠNG MẠI VÀ DỊCH VỤ MIRA GROUP
b8468f8e-8ef4-11f1-9b18-005056b2a5de,03__SKH__BAF__RGB__30,BATRAFOOD BT Trộn Rong Biển Gà Cay 30g,Bịch,Tổng,54.0,,0.0,,9.0,,45.0,,1025,1,905b8ebe-b744-4502-918d-fee684b32d1a,,1,True,b98a5d73-8ef4-11f1-9b18-005056b2a5de,03__SKH__BAF__RGB__30,BATRAFOOD BT Trộn Rong Biển Gà Cay 30g,Snack Khác,BATRAFOOD,,,a38f9189-ad87-11ef-a35e-005056b28600,
b8468f8e-8ef4-11f1-9b18-005056b2a5de,03__SKH__BAF__RGB__30,Kho Kệ,Bịch,Kho Kệ,54.0,,0.0,,9.0,,45.0,,1026,0,905b8ebe-b744-4502-918d-fee684b32d1a,905b8ebe-b744-4502-918d-fee684b32d1a,2,False,b98a5ea0-8ef4-11f1-9b18-005056b2a5de,03__SKH__BAF__RGB__30,BATRAFOOD BT Trộn Rong Biển Gà Cay 30g,Snack Khác,BATRAFOOD,,aca0e3b9-1e75-496e-84ff-e96c9084f53f,a38f9189-ad87-11ef-a35e-005056b28600,CÔNG TY TNHH THƯƠNG MẠI VÀ DỊCH VỤ MIRA GROUP
b8468f8e-8ef4-11f1-9b18-005056b2a5de,03__SKH__BAF__TMHK__30,BATRAFOOD BT Trộn Trứng Muối Hoàng Kim,Bịch,Tổng,52.0,,0.0,,10.0,,42.0,,1027,1,e9bbbab7-e414-4be4-aa3a-fb9058e82b09,,1,True,b98a5feb-8ef4-11f1-9b18-005056b2a5de,03__SKH__BAF__TMHK__30,BATRAFOOD BT Trộn Trứng Muối Hoàng Kim,Snack Khác,BATRAFOOD,,,a38f9189-ad87-11ef-a35e-005056b28600,
b8468f8e-8ef4-11f1-9b18-005056b2a5de,03__SKH__BAF__TMHK__30,Kho Kệ,Bịch,Kho Kệ,52.0,,0.0,,10.0,,42.0,,1028,0,e9bbbab7-e414-4be4-aa3a-fb9058e82b09,e9bbbab7-e414-4be4-aa3a-fb9058e82b09,2,False,b98a60b6-8ef4-11f1-9b18-005056b2a5de,03__SKH__BAF__TMHK__30,BATRAFOOD BT Trộn Trứng Muối Hoàng Kim,Snack Khác,BATRAFOOD,,aca0e3b9-1e75-496e-84ff-e96c9084f53f,a38f9189-ad87-11ef-a35e-005056b28600,CÔNG TY TNHH THƯƠNG MẠI VÀ DỊCH VỤ MIRA GROUP
b8468f8e-8ef4-11f1-9b18-005056b2a5de,03__SKH__BAF__TOI__45,BATRAFOOD BT Nướng Mắm Tỏi Ori 45g,Bịch,Tổng,1.0,,0.0,,0.0,,1.0,,1029,1,b3edf433-0406-49cd-9c51-0ff0f5234e9f,,1,True,b98a6186-8ef4-11f1-9b18-005056b2a5de,03__SKH__BAF__TOI__45,BATRAFOOD BT Nướng Mắm Tỏi Ori 45g,Snack Khác,BATRAFOOD,,,a38f9189-ad87-11ef-a35e-005056b28600,
b8468f8e-8ef4-11f1-9b18-005056b2a5de,03__SKH__BAF__TOI__45,Kho Kệ,Bịch,Kho Kệ,1.0,,0.0,,0.0,,1.0,,1030,0,b3edf433-0406-49cd-9c51-0ff0f5234e9f,b3edf433-0406-49cd-9c51-0ff0f5234e9f,2,False,b98a624e-8ef4-11f1-9b18-005056b2a5de,03__SKH__BAF__TOI__45,BATRAFOOD BT Nướng Mắm Tỏi Ori 45g,Snack Khác,BATRAFOOD,,aca0e3b9-1e75-496e-84ff-e96c9084f53f,a38f9189-ad87-11ef-a35e-005056b28600,CÔNG TY TNHH THƯƠNG MẠI VÀ DỊCH VỤ MIRA GROUP
b8468f8e-8ef4-11f1-9b18-005056b2a5de,03__SKH__BAF__XAH__30,BATRAFOOD BT Trộn Xoài Xanh Muối Ớt 30g,Bịch,Tổng,2.0,,0.0,,1.0,,1.0,,1031,1,946bed0b-8944-45cf-90e1-e6b10ec44d5f,,1,True,b98a631a-8ef4-11f1-9b18-005056b2a5de,03__SKH__BAF__XAH__30,BATRAFOOD BT Trộn Xoài Xanh Muối Ớt 30g,Snack Khác,BATRAFOOD,,,a38f9189-ad87-11ef-a35e-005056b28600,
b8468f8e-8ef4-11f1-9b18-005056b2a5de,03__SKH__BAF__XAH__30,Kho Kệ,Bịch,Kho Kệ,2.0,,0.0,,1.0,,1.0,,1032,0,946bed0b-8944-45cf-90e1-e6b10ec44d5f,946bed0b-8944-45cf-90e1-e6b10ec44d5f,2,False,b98a63e0-8ef4-11f1-9b18-005056b2a5de,03__SKH__BAF__XAH__30,BATRAFOOD BT Trộn Xoài Xanh Muối Ớt 30g,Snack Khác,BATRAFOOD,,aca0e3b9-1e75-496e-84ff-e96c9084f53f,a38f9189-ad87-11ef-a35e-005056b28600,CÔNG TY TNHH THƯƠNG MẠI VÀ DỊCH VỤ MIRA GROUP
b8468f8e-8ef4-11f1-9b18-005056b2a5de,03__SKH__BEN__CDO__22,BENTO Max Extreme Snack Hải Sản Cay Ngọt Đỏ 22g,Bịch,Tổng,83.0,,39.0,,80.0,,42.0,,1033,1,b85caea4-78e1-47eb-8bbf-1cdb117f50f4,,1,True,b98a6578-8ef4-11f1-9b18-005056b2a5de,03__SKH__BEN__CDO__22,BENTO Max Extreme Snack Hải Sản Cay Ngọt Đỏ 22g,Snack Khác,Bento,,,a38f9189-ad87-11ef-a35e-005056b28600,
b8468f8e-8ef4-11f1-9b18-005056b2a5de,03__SKH__BEN__CDO__22,Kho Kệ,Bịch,Kho Kệ,-21.0,,39.0,,80.0,,-62.0,,1034,0,b85caea4-78e1-47eb-8bbf-1cdb117f50f4,b85caea4-78e1-47eb-8bbf-1cdb117f50f4,2,False,b98a6649-8ef4-11f1-9b18-005056b2a5de,03__SKH__BEN__CDO__22,BENTO Max Extreme Snack Hải Sản Cay Ngọt Đỏ 22g,Snack Khác,Bento,,aca0e3b9-1e75-496e-84ff-e96c9084f53f,a38f9189-ad87-11ef-a35e-005056b28600,CÔNG TY TNHH THƯƠNG MẠI VÀ DỊCH VỤ MIRA GROUP
b8468f8e-8ef4-11f1-9b18-005056b2a5de,03__SKH__BEN__CDO__22,Kho MIRA,Bịch,Kho MIRA,104.0,,0.0,,0.0,,104.0,,1035,0,b85caea4-78e1-47eb-8bbf-1cdb117f50f4,b85caea4-78e1-47eb-8bbf-1cdb117f50f4,2,False,b98a6717-8ef4-11f1-9b18-005056b2a5de,03__SKH__BEN__CDO__22,BENTO Max Extreme Snack Hải Sản Cay Ngọt Đỏ 22g,Snack Khác,Bento,,485b5d06-306c-11f0-b467-005056b34af7,a38f9189-ad87-11ef-a35e-005056b28600,CÔNG TY TNHH THƯƠNG MẠI VÀ DỊCH VỤ MIRA GROUP
b8468f8e-8ef4-11f1-9b18-005056b2a5de,03__SKH__BEN__DEN__18,BENTO Snack Hải Sản Vị Ớt Cực Cay Đen 18g,Bịch,Tổng,25.0,,0.0,,23.0,,2.0,,1036,1,c4ba4f0b-f5de-47d6-8c88-67ba62f91f35,,1,True,b98a67e4-8ef4-11f1-9b18-005056b2a5de,03__SKH__BEN__DEN__18,BENTO Snack Hải Sản Vị Ớt Cực Cay Đen 18g,Snack Khác,Bento,,,a38f9189-ad87-11ef-a35e-005056b28600,
b8468f8e-8ef4-11f1-9b18-005056b2a5de,03__SKH__BEN__DEN__18,Kho Kệ,Bịch,Kho Kệ,-11.0,,0.0,,23.0,,-34.0,,1037,0,c4ba4f0b-f5de-47d6-8c88-67ba62f91f35,c4ba4f0b-f5de-47d6-8c88-67ba62f91f35,2,False,b98a68a4-8ef4-11f1-9b18-005056b2a5de,03__SKH__BEN__DEN__18,BENTO Snack Hải Sản Vị Ớt Cực Cay Đen 18g,Snack Khác,Bento,,aca0e3b9-1e75-496e-84ff-e96c9084f53f,a38f9189-ad87-11ef-a35e-005056b28600,CÔNG TY TNHH THƯƠNG MẠI VÀ DỊCH VỤ MIRA GROUP
b8468f8e-8ef4-11f1-9b18-005056b2a5de,03__SKH__BEN__DEN__18,Kho MIRA,Bịch,Kho MIRA,36.0,,0.0,,0.0,,36.0,,1038,0,c4ba4f0b-f5de-47d6-8c88-67ba62f91f35,c4ba4f0b-f5de-47d6-8c88-67ba62f91f35,2,False,b98a69af-8ef4-11f1-9b18-005056b2a5de,03__SKH__BEN__DEN__18,BENTO Snack Hải Sản Vị Ớt Cực Cay Đen 18g,Snack Khác,Bento,,485b5d06-306c-11f0-b467-005056b34af7,a38f9189-ad87-11ef-a35e-005056b28600,CÔNG TY TNHH THƯƠNG MẠI VÀ DỊCH VỤ MIRA GROUP
b8468f8e-8ef4-11f1-9b18-005056b2a5de,03__SKH__BEN__XAH__22,BENTO Max Extreme Snack Hải Sản Cay Nồng Xanh Dương 22g,Bịch,Tổng,71.0,,0.0,,44.0,,27.0,,1039,1,7009b15d-379b-4d65-894c-44ae04f1e94f,,1,True,b98a6a7e-8ef4-11f1-9b18-005056b2a5de,03__SKH__BEN__XAH__22,BENTO Max Extreme Snack Hải Sản Cay Nồng Xanh Dương 22g,Snack Khác,Bento,,,a38f9189-ad87-11ef-a35e-005056b28600,
b8468f8e-8ef4-11f1-9b18-005056b2a5de,03__SKH__BEN__XAH__22,Kho Kệ,Bịch,Kho Kệ,-7.0,,0.0,,44.0,,-51.0,,1040,0,7009b15d-379b-4d65-894c-44ae04f1e94f,7009b15d-379b-4d65-894c-44ae04f1e94f,2,False,b98a6b39-8ef4-11f1-9b18-005056b2a5de,03__SKH__BEN__XAH__22,BENTO Max Extreme Snack Hải Sản Cay Nồng Xanh Dương 22g,Snack Khác,Bento,,aca0e3b9-1e75-496e-84ff-e96c9084f53f,a38f9189-ad87-11ef-a35e-005056b28600,CÔNG TY TNHH THƯƠNG MẠI VÀ DỊCH VỤ MIRA GROUP
b8468f8e-8ef4-11f1-9b18-005056b2a5de,03__SKH__BEN__XAH__22,Kho MIRA,Bịch,Kho MIRA,78.0,,0.0,,0.0,,78.0,,1041,0,7009b15d-379b-4d65-894c-44ae04f1e94f,7009b15d-379b-4d65-894c-44ae04f1e94f,2,False,b98a6c34-8ef4-11f1-9b18-005056b2a5de,03__SKH__BEN__XAH__22,BENTO Max Extreme Snack Hải Sản Cay Nồng Xanh Dương 22g,Snack Khác,Bento,,485b5d06-306c-11f0-b467-005056b34af7,a38f9189-ad87-11ef-a35e-005056b28600,CÔNG TY TNHH THƯƠNG MẠI VÀ DỊCH VỤ MIRA GROUP
b8468f8e-8ef4-11f1-9b18-005056b2a5de,03__SKH__DOR__CAM__20,DORKBUA Snack Que Cam Thịt Heo Xông Khói 20g,Bịch,Tổng,0.0,,156.0,,1.0,,155.0,,1042,1,95cf64c9-fd0a-4e9d-bdaa-679f9fb2a83d,,1,True,b98a6d38-8ef4-11f1-9b18-005056b2a5de,03__SKH__DOR__CAM__20,DORKBUA Snack Que Cam Thịt Heo Xông Khói 20g,Snack Khác,DORKBUA,,,a38f9189-ad87-11ef-a35e-005056b28600,
b8468f8e-8ef4-11f1-9b18-005056b2a5de,03__SKH__DOR__CAM__20,Kho Kệ,Bịch,Kho Kệ,0.0,,156.0,,1.0,,155.0,,1043,0,95cf64c9-fd0a-4e9d-bdaa-679f9fb2a83d,95cf64c9-fd0a-4e9d-bdaa-679f9fb2a83d,2,False,b98a6df9-8ef4-11f1-9b18-005056b2a5de,03__SKH__DOR__CAM__20,DORKBUA Snack Que Cam Thịt Heo Xông Khói 20g,Snack Khác,DORKBUA,,aca0e3b9-1e75-496e-84ff-e96c9084f53f,a38f9189-ad87-11ef-a35e-005056b28600,CÔNG TY TNHH THƯƠNG MẠI VÀ DỊCH VỤ MIRA GROUP
b8468f8e-8ef4-11f1-9b18-005056b2a5de,03__SKH__DOR__CAM__50,DORKBUA Snack Que Cam Thịt Heo Xông Khói 50g,Bịch,Tổng,46.0,,48.0,,28.0,,66.0,,1044,1,62f05d94-08aa-4b0f-b814-ac25650d720f,,1,True,b98a6eda-8ef4-11f1-9b18-005056b2a5de,03__SKH__DOR__CAM__50,DORKBUA Snack Que Cam Thịt Heo Xông Khói 50g,Snack Khác,DORKBUA,,,a38f9189-ad87-11ef-a35e-005056b28600,
b8468f8e-8ef4-11f1-9b18-005056b2a5de,03__SKH__DOR__CAM__50,Kho Kệ,Bịch,Kho Kệ,-15.0,,48.0,,28.0,,5.0,,1045,0,62f05d94-08aa-4b0f-b814-ac25650d720f,62f05d94-08aa-4b0f-b814-ac25650d720f,2,False,b98a6f97-8ef4-11f1-9b18-005056b2a5de,03__SKH__DOR__CAM__50,DORKBUA Snack Que Cam Thịt Heo Xông Khói 50g,Snack Khác,DORKBUA,,aca0e3b9-1e75-496e-84ff-e96c9084f53f,a38f9189-ad87-11ef-a35e-005056b28600,CÔNG TY TNHH THƯƠNG MẠI VÀ DỊCH VỤ MIRA GROUP
b8468f8e-8ef4-11f1-9b18-005056b2a5de,03__SKH__DOR__CAM__50,Kho MIRA,Bịch,Kho MIRA,61.0,,0.0,,0.0,,61.0,,1046,0,62f05d94-08aa-4b0f-b814-ac25650d720f,62f05d94-08aa-4b0f-b814-ac25650d720f,2,False,b98a7060-8ef4-11f1-9b18-005056b2a5de,03__SKH__DOR__CAM__50,DORKBUA Snack Que Cam Thịt Heo Xông Khói 50g,Snack Khác,DORKBUA,,485b5d06-306c-11f0-b467-005056b34af7,a38f9189-ad87-11ef-a35e-005056b28600,CÔNG TY TNHH THƯƠNG MẠI VÀ DỊCH VỤ MIRA GROUP
b8468f8e-8ef4-11f1-9b18-005056b2a5de,03__SKH__DOR__DDO__20,DORKBUA Snack Que Đỏ Thịt Heo Xông Khói 20g,Bịch,Tổng,32.0,,164.0,,32.0,,164.0,,1047,1,b830c974-fc26-41aa-a09f-319d80e3b279,,1,True,b98a7123-8ef4-11f1-9b18-005056b2a5de,03__SKH__DOR__DDO__20,DORKBUA Snack Que Đỏ Thịt Heo Xông Khói 20g,Snack Khác,DORKBUA,,,a38f9189-ad87-11ef-a35e-005056b28600,
b8468f8e-8ef4-11f1-9b18-005056b2a5de,03__SKH__DOR__DDO__20,Kho Kệ,Bịch,Kho Kệ,-21.0,,164.0,,32.0,,111.0,,1048,0,b830c974-fc26-41aa-a09f-319d80e3b279,b830c974-fc26-41aa-a09f-319d80e3b279,2,False,b98a71e8-8ef4-11f1-9b18-005056b2a5de,03__SKH__DOR__DDO__20,DORKBUA Snack Que Đỏ Thịt Heo Xông Khói 20g,Snack Khác,DORKBUA,,aca0e3b9-1e75-496e-84ff-e96c9084f53f,a38f9189-ad87-11ef-a35e-005056b28600,CÔNG TY TNHH THƯƠNG MẠI VÀ DỊCH VỤ MIRA GROUP
b8468f8e-8ef4-11f1-9b18-005056b2a5de,03__SKH__DOR__DDO__20,Kho MIRA,Bịch,Kho MIRA,53.0,,0.0,,0.0,,53.0,,1049,0,b830c974-fc26-41aa-a09f-319d80e3b279,b830c974-fc26-41aa-a09f-319d80e3b279,2,False,b98a72aa-8ef4-11f1-9b18-005056b2a5de,03__SKH__DOR__DDO__20,DORKBUA Snack Que Đỏ Thịt Heo Xông Khói 20g,Snack Khác,DORKBUA,,485b5d06-306c-11f0-b467-005056b34af7,a38f9189-ad87-11ef-a35e-005056b28600,CÔNG TY TNHH THƯƠNG MẠI VÀ DỊCH VỤ MIRA GROUP
b8468f8e-8ef4-11f1-9b18-005056b2a5de,03__SKH__DOR__DDO__55,DORKBUA Snack Que Đỏ Thịt Heo Xông Khói 55g,Bịch,Tổng,2.0,,48.0,,11.0,,39.0,,1050,1,91ba733e-b0f0-4284-9fb1-818a90ff693f,,1,True,b98a736d-8ef4-11f1-9b18-005056b2a5de,03__SKH__DOR__DDO__55,DORKBUA Snack Que Đỏ Thịt Heo Xông Khói 55g,Snack Khác,DORKBUA,,,a38f9189-ad87-11ef-a35e-005056b28600,
b8468f8e-8ef4-11f1-9b18-005056b2a5de,03__SKH__DOR__DDO__55,Kho Kệ,Bịch,Kho Kệ,2.0,,48.0,,11.0,,39.0,,1051,0,91ba733e-b0f0-4284-9fb1-818a90ff693f,91ba733e-b0f0-4284-9fb1-818a90ff693f,2,False,b98a742c-8ef4-11f1-9b18-005056b2a5de,03__SKH__DOR__DDO__55,DORKBUA Snack Que Đỏ Thịt Heo Xông Khói 55g,Snack Khác,DORKBUA,,aca0e3b9-1e75-496e-84ff-e96c9084f53f,a38f9189-ad87-11ef-a35e-005056b28600,CÔNG TY TNHH THƯƠNG MẠI VÀ DỊCH VỤ MIRA GROUP
b8468f8e-8ef4-11f1-9b18-005056b2a5de,03__SKH__ENA__HGA__30,GEMEZ ENAAK Snack Mì Hương Gà 30g,Gói,Tổng,116.0,,0.0,,74.0,,42.0,,1052,1,a1293eac-c58e-4ea3-b0c5-0df17a90c548,,1,True,b98a74eb-8ef4-11f1-9b18-005056b2a5de,03__SKH__ENA__HGA__30,GEMEZ ENAAK Snack Mì Hương Gà 30g,Snack Khác,GEMEZ ENAAK,,,a38f9189-ad87-11ef-a35e-005056b28600,
b8468f8e-8ef4-11f1-9b18-005056b2a5de,03__SKH__ENA__HGA__30,Kho Kệ,Gói,Kho Kệ,-52.0,,0.0,,74.0,,-126.0,,1053,0,a1293eac-c58e-4ea3-b0c5-0df17a90c548,a1293eac-c58e-4ea3-b0c5-0df17a90c548,2,False,b98a75a4-8ef4-11f1-9b18-005056b2a5de,03__SKH__ENA__HGA__30,GEMEZ ENAAK Snack Mì Hương Gà 30g,Snack Khác,GEMEZ ENAAK,,aca0e3b9-1e75-496e-84ff-e96c9084f53f,a38f9189-ad87-11ef-a35e-005056b28600,CÔNG TY TNHH THƯƠNG MẠI VÀ DỊCH VỤ MIRA GROUP
b8468f8e-8ef4-11f1-9b18-005056b2a5de,03__SKH__ENA__HGA__30,Kho MIRA,Gói,Kho MIRA,168.0,,0.0,,0.0,,168.0,,1054,0,a1293eac-c58e-4ea3-b0c5-0df17a90c548,a1293eac-c58e-4ea3-b0c5-0df17a90c548,2,False,b98a766d-8ef4-11f1-9b18-005056b2a5de,03__SKH__ENA__HGA__30,GEMEZ ENAAK Snack Mì Hương Gà 30g,Snack Khác,GEMEZ ENAAK,,485b5d06-306c-11f0-b467-005056b34af7,a38f9189-ad87-11ef-a35e-005056b28600,CÔNG TY TNHH THƯƠNG MẠI VÀ DỊCH VỤ MIRA GROUP
b8468f8e-8ef4-11f1-9b18-005056b2a5de,03__SKH__ENA__HOT__28,GEMEZ ENAAK Snack Mì Hương Ớt 28g,Gói,Tổng,130.0,,0.0,,102.0,,28.0,,1055,1,fcad80e7-d965-41ec-b4b6-5a9d45b05db9,,1,True,b98a772c-8ef4-11f1-9b18-005056b2a5de,03__SKH__ENA__HOT__28,GEMEZ ENAAK Snack Mì Hương Ớt 28g,Snack Khác,GEMEZ ENAAK,,,a38f9189-ad87-11ef-a35e-005056b28600,
b8468f8e-8ef4-11f1-9b18-005056b2a5de,03__SKH__ENA__HOT__28,Kho Kệ,Gói,Kho Kệ,10.0,,0.0,,102.0,,-92.0,,1056,0,fcad80e7-d965-41ec-b4b6-5a9d45b05db9,fcad80e7-d965-41ec-b4b6-5a9d45b05db9,2,False,b98a77e6-8ef4-11f1-9b18-005056b2a5de,03__SKH__ENA__HOT__28,GEMEZ ENAAK Snack Mì Hương Ớt 28g,Snack Khác,GEMEZ ENAAK,,aca0e3b9-1e75-496e-84ff-e96c9084f53f,a38f9189-ad87-11ef-a35e-005056b28600,CÔNG TY TNHH THƯƠNG MẠI VÀ DỊCH VỤ MIRA GROUP
b8468f8e-8ef4-11f1-9b18-005056b2a5de,03__SKH__ENA__HOT__28,Kho MIRA,Gói,Kho MIRA,120.0,,0.0,,0.0,,120.0,,1057,0,fcad80e7-d965-41ec-b4b6-5a9d45b05db9,fcad80e7-d965-41ec-b4b6-5a9d45b05db9,2,False,b98a78ad-8ef4-11f1-9b18-005056b2a5de,03__SKH__ENA__HOT__28,GEMEZ ENAAK Snack Mì Hương Ớt 28g,Snack Khác,GEMEZ ENAAK,,485b5d06-306c-11f0-b467-005056b34af7,a38f9189-ad87-11ef-a35e-005056b28600,CÔNG TY TNHH THƯƠNG MẠI VÀ DỊCH VỤ MIRA GROUP
b8468f8e-8ef4-11f1-9b18-005056b2a5de,03__SKH__GLO__2CO__39,GLICO Pocky Double Chocolate Hộp 39g,Hộp,Tổng,32.0,,0.0,,13.0,,19.0,,1058,1,cde37446-cccc-4004-9e27-99e95f73dd63,,1,True,b98a7975-8ef4-11f1-9b18-005056b2a5de,03__SKH__GLO__2CO__39,GLICO Pocky Double Chocolate Hộp 39g,Snack Khác,GLICO POCKY,,,a38f9189-ad87-11ef-a35e-005056b28600,
b8468f8e-8ef4-11f1-9b18-005056b2a5de,03__SKH__GLO__2CO__39,Kho Kệ,Hộp,Kho Kệ,32.0,,0.0,,13.0,,19.0,,1059,0,cde37446-cccc-4004-9e27-99e95f73dd63,cde37446-cccc-4004-9e27-99e95f73dd63,2,False,b98a7a2f-8ef4-11f1-9b18-005056b2a5de,03__SKH__GLO__2CO__39,GLICO Pocky Double Chocolate Hộp 39g,Snack Khác,GLICO POCKY,,aca0e3b9-1e75-496e-84ff-e96c9084f53f,a38f9189-ad87-11ef-a35e-005056b28600,CÔNG TY TNHH THƯƠNG MẠI VÀ DỊCH VỤ MIRA GROUP
b8468f8e-8ef4-11f1-9b18-005056b2a5de,03__SKH__GLO__CRM__40,GLICO Pocky Cookies & Cream Hộp 40g,Hộp,Tổng,2.0,,0.0,,2.0,,0.0,,1060,1,53db35d7-5088-44f3-bea7-1780e0109864,,1,True,b98a7af5-8ef4-11f1-9b18-005056b2a5de,03__SKH__GLO__CRM__40,GLICO Pocky Cookies & Cream Hộp 40g,Snack Khác,GLICO POCKY,,,a38f9189-ad87-11ef-a35e-005056b28600,
b8468f8e-8ef4-11f1-9b18-005056b2a5de,03__SKH__GLO__CRM__40,Kho Kệ,Hộp,Kho Kệ,2.0,,0.0,,2.0,,0.0,,1061,0,53db35d7-5088-44f3-bea7-1780e0109864,53db35d7-5088-44f3-bea7-1780e0109864,2,False,b98a7bb2-8ef4-11f1-9b18-005056b2a5de,03__SKH__GLO__CRM__40,GLICO Pocky Cookies & Cream Hộp 40g,Snack Khác,GLICO POCKY,,aca0e3b9-1e75-496e-84ff-e96c9084f53f,a38f9189-ad87-11ef-a35e-005056b28600,CÔNG TY TNHH THƯƠNG MẠI VÀ DỊCH VỤ MIRA GROUP
b8468f8e-8ef4-11f1-9b18-005056b2a5de,03__SKH__GLO__MAT__35,GLICO Pocky Milky Matcha Hộp 35g,Hộp,Tổng,6.0,,0.0,,5.0,,1.0,,1062,1,7d7d54b6-d018-4461-947e-35855d9569ed,,1,True,b98a7c85-8ef4-11f1-9b18-005056b2a5de,03__SKH__GLO__MAT__35,GLICO Pocky Milky Matcha Hộp 35g,Snack Khác,GLICO POCKY,,,a38f9189-ad87-11ef-a35e-005056b28600,
b8468f8e-8ef4-11f1-9b18-005056b2a5de,03__SKH__GLO__MAT__35,Kho Kệ,Hộp,Kho Kệ,6.0,,0.0,,5.0,,1.0,,1063,0,7d7d54b6-d018-4461-947e-35855d9569ed,7d7d54b6-d018-4461-947e-35855d9569ed,2,False,b98a7d3d-8ef4-11f1-9b18-005056b2a5de,03__SKH__GLO__MAT__35,GLICO Pocky Milky Matcha Hộp 35g,Snack Khác,GLICO POCKY,,aca0e3b9-1e75-496e-84ff-e96c9084f53f,a38f9189-ad87-11ef-a35e-005056b28600,CÔNG TY TNHH THƯƠNG MẠI VÀ DỊCH VỤ MIRA GROUP
b8468f8e-8ef4-11f1-9b18-005056b2a5de,03__SKH__KRI__MOC__50,KIDO KRIZZI Bánh Snack Mocha 50g,Bịch,Tổng,19.0,,0.0,,4.0,,15.0,,1064,1,d7e6409b-78f2-4250-a736-ed2bc6033c0a,,1,True,b98a7e00-8ef4-11f1-9b18-005056b2a5de,03__SKH__KRI__MOC__50,KIDO KRIZZI Bánh Snack Mocha 50g,Snack Khác,KIDO KRIZZI,,,a38f9189-ad87-11ef-a35e-005056b28600,
b8468f8e-8ef4-11f1-9b18-005056b2a5de,03__SKH__KRI__MOC__50,Kho Kệ,Bịch,Kho Kệ,19.0,,0.0,,4.0,,15.0,,1065,0,d7e6409b-78f2-4250-a736-ed2bc6033c0a,d7e6409b-78f2-4250-a736-ed2bc6033c0a,2,False,b98a7eb7-8ef4-11f1-9b18-005056b2a5de,03__SKH__KRI__MOC__50,KIDO KRIZZI Bánh Snack Mocha 50g,Snack Khác,KIDO KRIZZI,,aca0e3b9-1e75-496e-84ff-e96c9084f53f,a38f9189-ad87-11ef-a35e-005056b28600,CÔNG TY TNHH THƯƠNG MẠI VÀ DỊCH VỤ MIRA GROUP
b8468f8e-8ef4-11f1-9b18-005056b2a5de,03__SKH__KRI__SOC__50,KIDO KRIZZI Bánh Snack Vị Socola 50g,Bịch,Tổng,13.0,,0.0,,10.0,,3.0,,1066,1,eb82db6b-b840-49cd-a9a7-df9ca6f713c7,,1,True,b98a8088-8ef4-11f1-9b18-005056b2a5de,03__SKH__KRI__SOC__50,KIDO KRIZZI Bánh Snack Vị Socola 50g,Snack Khác,KIDO KRIZZI,,,a38f9189-ad87-11ef-a35e-005056b28600,
b8468f8e-8ef4-11f1-9b18-005056b2a5de,03__SKH__KRI__SOC__50,Kho Kệ,Bịch,Kho Kệ,-7.0,,0.0,,10.0,,-17.0,,1067,0,eb82db6b-b840-49cd-a9a7-df9ca6f713c7,eb82db6b-b840-49cd-a9a7-df9ca6f713c7,2,False,b98a8155-8ef4-11f1-9b18-005056b2a5de,03__SKH__KRI__SOC__50,KIDO KRIZZI Bánh Snack Vị Socola 50g,Snack Khác,KIDO KRIZZI,,aca0e3b9-1e75-496e-84ff-e96c9084f53f,a38f9189-ad87-11ef-a35e-005056b28600,CÔNG TY TNHH THƯƠNG MẠI VÀ DỊCH VỤ MIRA GROUP
b8468f8e-8ef4-11f1-9b18-005056b2a5de,03__SKH__KRI__SOC__50,Kho MIRA,Bịch,Kho MIRA,20.0,,0.0,,0.0,,20.0,,1068,0,eb82db6b-b840-49cd-a9a7-df9ca6f713c7,eb82db6b-b840-49cd-a9a7-df9ca6f713c7,2,False,b98a821a-8ef4-11f1-9b18-005056b2a5de,03__SKH__KRI__SOC__50,KIDO KRIZZI Bánh Snack Vị Socola 50g,Snack Khác,KIDO KRIZZI,,485b5d06-306c-11f0-b467-005056b34af7,a38f9189-ad87-11ef-a35e-005056b28600,CÔNG TY TNHH THƯƠNG MẠI VÀ DỊCH VỤ MIRA GROUP
b8468f8e-8ef4-11f1-9b18-005056b2a5de,03__SKH__LOT__CAC__40,LOTTE Toppo Bánh Que Nhân Socola Hương Cacao 40g,Hộp,Tổng,3.0,,0.0,,3.0,,0.0,,1069,1,31590bc4-fd7b-40b2-b178-e20bc95c59cc,,1,True,b98a82dc-8ef4-11f1-9b18-005056b2a5de,03__SKH__LOT__CAC__40,LOTTE Toppo Bánh Que Nhân Socola Hương Cacao 40g,Snack Khác,LOTTE Toppo,,,a38f9189-ad87-11ef-a35e-005056b28600,
b8468f8e-8ef4-11f1-9b18-005056b2a5de,03__SKH__LOT__CAC__40,Kho Kệ,Hộp,Kho Kệ,3.0,,0.0,,3.0,,0.0,,1070,0,31590bc4-fd7b-40b2-b178-e20bc95c59cc,31590bc4-fd7b-40b2-b178-e20bc95c59cc,2,False,b98a839d-8ef4-11f1-9b18-005056b2a5de,03__SKH__LOT__CAC__40,LOTTE Toppo Bánh Que Nhân Socola Hương Cacao 40g,Snack Khác,LOTTE Toppo,,aca0e3b9-1e75-496e-84ff-e96c9084f53f,a38f9189-ad87-11ef-a35e-005056b28600,CÔNG TY TNHH THƯƠNG MẠI VÀ DỊCH VỤ MIRA GROUP
b8468f8e-8ef4-11f1-9b18-005056b2a5de,03__SKH__LOT__DAU__40,LOTTE Toppo Bánh Que Nhân Kem Dâu 40g,Hộp,Tổng,14.0,,0.0,,7.0,,7.0,,1071,1,86bce623-ea9f-4efb-91b7-d3bae96c6124,,1,True,b98a8464-8ef4-11f1-9b18-005056b2a5de,03__SKH__LOT__DAU__40,LOTTE Toppo Bánh Que Nhân Kem Dâu 40g,Snack Khác,LOTTE Toppo,,,a38f9189-ad87-11ef-a35e-005056b28600,
b8468f8e-8ef4-11f1-9b18-005056b2a5de,03__SKH__LOT__DAU__40,Kho Kệ,Hộp,Kho Kệ,14.0,,0.0,,7.0,,7.0,,1072,0,86bce623-ea9f-4efb-91b7-d3bae96c6124,86bce623-ea9f-4efb-91b7-d3bae96c6124,2,False,b98a8528-8ef4-11f1-9b18-005056b2a5de,03__SKH__LOT__DAU__40,LOTTE Toppo Bánh Que Nhân Kem Dâu 40g,Snack Khác,LOTTE Toppo,,aca0e3b9-1e75-496e-84ff-e96c9084f53f,a38f9189-ad87-11ef-a35e-005056b28600,CÔNG TY TNHH THƯƠNG MẠI VÀ DỊCH VỤ MIRA GROUP
b8468f8e-8ef4-11f1-9b18-005056b2a5de,03__SKH__LOT__DEN__37,LOTTE Bánh Gấu KOALA's Vỏ Và Nhân Socola Đen 37g,Hộp,Tổng,11.0,,12.0,,9.0,,14.0,,1073,1,63c45577-8060-42bf-b129-8a9042832865,,1,True,b98a85eb-8ef4-11f1-9b18-005056b2a5de,03__SKH__LOT__DEN__37,LOTTE Bánh Gấu KOALA's Vỏ Và Nhân Socola Đen 37g,Snack Khác,Lotte,,,a38f9189-ad87-11ef-a35e-005056b28600,
b8468f8e-8ef4-11f1-9b18-005056b2a5de,03__SKH__LOT__DEN__37,Kho Kệ,Hộp,Kho Kệ,11.0,,12.0,,9.0,,14.0,,1074,0,63c45577-8060-42bf-b129-8a9042832865,63c45577-8060-42bf-b129-8a9042832865,2,False,b98a86b3-8ef4-11f1-9b18-005056b2a5de,03__SKH__LOT__DEN__37,LOTTE Bánh Gấu KOALA's Vỏ Và Nhân Socola Đen 37g,Snack Khác,Lotte,,aca0e3b9-1e75-496e-84ff-e96c9084f53f,a38f9189-ad87-11ef-a35e-005056b28600,CÔNG TY TNHH THƯƠNG MẠI VÀ DỊCH VỤ MIRA GROUP
b8468f8e-8ef4-11f1-9b18-005056b2a5de,03__SKH__LOT__HOG__37,LOTTE Bánh Gấu KOALA's Nhân Kem Dâu 37g,Hộp,Tổng,8.0,,12.0,,6.0,,14.0,,1075,1,bb1558bf-2e7c-4f89-aae0-8ea0b3a496c0,,1,True,b98a8774-8ef4-11f1-9b18-005056b2a5de,03__SKH__LOT__HOG__37,LOTTE Bánh Gấu KOALA's Nhân Kem Dâu 37g,Snack Khác,Lotte,,,a38f9189-ad87-11ef-a35e-005056b28600,
b8468f8e-8ef4-11f1-9b18-005056b2a5de,03__SKH__LOT__HOG__37,Kho Kệ,Hộp,Kho Kệ,8.0,,12.0,,6.0,,14.0,,1076,0,bb1558bf-2e7c-4f89-aae0-8ea0b3a496c0,bb1558bf-2e7c-4f89-aae0-8ea0b3a496c0,2,False,b98a882f-8ef4-11f1-9b18-005056b2a5de,03__SKH__LOT__HOG__37,LOTTE Bánh Gấu KOALA's Nhân Kem Dâu 37g,Snack Khác,Lotte,,aca0e3b9-1e75-496e-84ff-e96c9084f53f,a38f9189-ad87-11ef-a35e-005056b28600,CÔNG TY TNHH THƯƠNG MẠI VÀ DỊCH VỤ MIRA GROUP
b8468f8e-8ef4-11f1-9b18-005056b2a5de,03__SKH__LOT__TRA__37,LOTTE Bánh Gấu KOALA's Nhân Socola Trắng 37g,Hộp,Tổng,16.0,,12.0,,2.0,,26.0,,1077,1,80e804c4-5aec-4fcf-81d7-1fff81da3f85,,1,True,b98a88f1-8ef4-11f1-9b18-005056b2a5de,03__SKH__LOT__TRA__37,LOTTE Bánh Gấu KOALA's Nhân Socola Trắng 37g,Snack Khác,Lotte,,,a38f9189-ad87-11ef-a35e-005056b28600,
b8468f8e-8ef4-11f1-9b18-005056b2a5de,03__SKH__LOT__TRA__37,Kho Kệ,Hộp,Kho Kệ,16.0,,12.0,,2.0,,26.0,,1078,0,80e804c4-5aec-4fcf-81d7-1fff81da3f85,80e804c4-5aec-4fcf-81d7-1fff81da3f85,2,False,b98a89b4-8ef4-11f1-9b18-005056b2a5de,03__SKH__LOT__TRA__37,LOTTE Bánh Gấu KOALA's Nhân Socola Trắng 37g,Snack Khác,Lotte,,aca0e3b9-1e75-496e-84ff-e96c9084f53f,a38f9189-ad87-11ef-a35e-005056b28600,CÔNG TY TNHH THƯƠNG MẠI VÀ DỊCH VỤ MIRA GROUP
b8468f8e-8ef4-11f1-9b18-005056b2a5de,03__SKH__LOT__VAN__40,LOTTE Toppo Bánh Que Nhân Socola Vani 40g,Hộp,Tổng,12.0,,0.0,,10.0,,2.0,,1079,1,24c6c102-acf6-4fe8-a99b-347896982fee,,1,True,b98a8a77-8ef4-11f1-9b18-005056b2a5de,03__SKH__LOT__VAN__40,LOTTE Toppo Bánh Que Nhân Socola Vani 40g,Snack Khác,LOTTE Toppo,,,a38f9189-ad87-11ef-a35e-005056b28600,
b8468f8e-8ef4-11f1-9b18-005056b2a5de,03__SKH__LOT__VAN__40,Kho Kệ,Hộp,Kho Kệ,12.0,,0.0,,10.0,,2.0,,1080,0,24c6c102-acf6-4fe8-a99b-347896982fee,24c6c102-acf6-4fe8-a99b-347896982fee,2,False,b98a8cd6-8ef4-11f1-9b18-005056b2a5de,03__SKH__LOT__VAN__40,LOTTE Toppo Bánh Que Nhân Socola Vani 40g,Snack Khác,LOTTE Toppo,,aca0e3b9-1e75-496e-84ff-e96c9084f53f,a38f9189-ad87-11ef-a35e-005056b28600,CÔNG TY TNHH THƯƠNG MẠI VÀ DỊCH VỤ MIRA GROUP
b8468f8e-8ef4-11f1-9b18-005056b2a5de,03__SKH__LOT__XLA__37,LOTTE Bánh Gấu KOALA's Nhân Socola Xanh Lá 37g,Hộp,Tổng,14.0,,12.0,,9.0,,17.0,,1081,1,e3a42dfa-6f06-4da3-84db-79052cca95ca,,1,True,b98a8db9-8ef4-11f1-9b18-005056b2a5de,03__SKH__LOT__XLA__37,LOTTE Bánh Gấu KOALA's Nhân Socola Xanh Lá 37g,Snack Khác,Lotte,,,a38f9189-ad87-11ef-a35e-005056b28600,
b8468f8e-8ef4-11f1-9b18-005056b2a5de,03__SKH__LOT__XLA__37,Kho Kệ,Hộp,Kho Kệ,14.0,,12.0,,9.0,,17.0,,1082,0,e3a42dfa-6f06-4da3-84db-79052cca95ca,e3a42dfa-6f06-4da3-84db-79052cca95ca,2,False,b98a8e81-8ef4-11f1-9b18-005056b2a5de,03__SKH__LOT__XLA__37,LOTTE Bánh Gấu KOALA's Nhân Socola Xanh Lá 37g,Snack Khác,Lotte,,aca0e3b9-1e75-496e-84ff-e96c9084f53f,a38f9189-ad87-11ef-a35e-005056b28600,CÔNG TY TNHH THƯƠNG MẠI VÀ DỊCH VỤ MIRA GROUP
b8468f8e-8ef4-11f1-9b18-005056b2a5de,03__SKH__MEI__SOC__40,MEIJI HELLO PANDA Bánh Gấu Socola 40g,Hộp,Tổng,9.0,,0.0,,8.0,,1.0,,1083,1,bc25a0bd-a523-4061-a442-adcc5a7ea051,,1,True,b98a8f84-8ef4-11f1-9b18-005056b2a5de,03__SKH__MEI__SOC__40,MEIJI HELLO PANDA Bánh Gấu Socola 40g,Snack Khác,MEIJI HELLO PANDA,,,a38f9189-ad87-11ef-a35e-005056b28600,
b8468f8e-8ef4-11f1-9b18-005056b2a5de,03__SKH__MEI__SOC__40,Kho Kệ,Hộp,Kho Kệ,9.0,,0.0,,8.0,,1.0,,1084,0,bc25a0bd-a523-4061-a442-adcc5a7ea051,bc25a0bd-a523-4061-a442-adcc5a7ea051,2,False,b98a908c-8ef4-11f1-9b18-005056b2a5de,03__SKH__MEI__SOC__40,MEIJI HELLO PANDA Bánh Gấu Socola 40g,Snack Khác,MEIJI HELLO PANDA,,aca0e3b9-1e75-496e-84ff-e96c9084f53f,a38f9189-ad87-11ef-a35e-005056b28600,CÔNG TY TNHH THƯƠNG MẠI VÀ DỊCH VỤ MIRA GROUP
b8468f8e-8ef4-11f1-9b18-005056b2a5de,03__SKH__MIX__GCY__150,MIX Bánh Que Vị Gà Cay Hũ 150g,Hũ,Tổng,2.0,,0.0,,2.0,,0.0,,1085,1,d06abbbb-7424-4fe3-9e7c-20b6f4d35ca6,,1,True,b98a91bb-8ef4-11f1-9b18-005056b2a5de,03__SKH__MIX__GCY__150,MIX Bánh Que Vị Gà Cay Hũ 150g,Snack Khác,Mix,,,a38f9189-ad87-11ef-a35e-005056b28600,
b8468f8e-8ef4-11f1-9b18-005056b2a5de,03__SKH__MIX__GCY__150,Kho Kệ,Hũ,Kho Kệ,2.0,,0.0,,2.0,,0.0,,1086,0,d06abbbb-7424-4fe3-9e7c-20b6f4d35ca6,d06abbbb-7424-4fe3-9e7c-20b6f4d35ca6,2,False,b98a92ea-8ef4-11f1-9b18-005056b2a5de,03__SKH__MIX__GCY__150,MIX Bánh Que Vị Gà Cay Hũ 150g,Snack Khác,Mix,,aca0e3b9-1e75-496e-84ff-e96c9084f53f,a38f9189-ad87-11ef-a35e-005056b28600,CÔNG TY TNHH THƯƠNG MẠI VÀ DỊCH VỤ MIRA GROUP
b8468f8e-8ef4-11f1-9b18-005056b2a5de,03__SKH__MIX__GCY__50,MIX Bánh Que Vị Gà Cay 50g,Bịch,Tổng,2.0,,0.0,,0.0,,2.0,,1087,1,3d8aa384-0c4c-468c-bf3b-f7d5fc03a5f3,,1,True,b98a9435-8ef4-11f1-9b18-005056b2a5de,03__SKH__MIX__GCY__50,MIX Bánh Que Vị Gà Cay 50g,Snack Khác,Mix,,,a38f9189-ad87-11ef-a35e-005056b28600,
b8468f8e-8ef4-11f1-9b18-005056b2a5de,03__SKH__MIX__GCY__50,Kho Kệ,Bịch,Kho Kệ,2.0,,0.0,,0.0,,2.0,,1088,0,3d8aa384-0c4c-468c-bf3b-f7d5fc03a5f3,3d8aa384-0c4c-468c-bf3b-f7d5fc03a5f3,2,False,b98a9529-8ef4-11f1-9b18-005056b2a5de,03__SKH__MIX__GCY__50,MIX Bánh Que Vị Gà Cay 50g,Snack Khác,Mix,,aca0e3b9-1e75-496e-84ff-e96c9084f53f,a38f9189-ad87-11ef-a35e-005056b28600,CÔNG TY TNHH THƯƠNG MẠI VÀ DỊCH VỤ MIRA GROUP
b8468f8e-8ef4-11f1-9b18-005056b2a5de,03__SKH__MIX__OCY__50,MIX Bánh Que Vị Ớt Cay 50g,Bịch,Tổng,-1.0,,0.0,,0.0,,-1.0,,1089,1,33a0aa0d-4651-4def-ae12-e5910f1eccfe,,1,True,b98a95f9-8ef4-11f1-9b18-005056b2a5de,03__SKH__MIX__OCY__50,MIX Bánh Que Vị Ớt Cay 50g,Snack Khác,Mix,,,a38f9189-ad87-11ef-a35e-005056b28600,
b8468f8e-8ef4-11f1-9b18-005056b2a5de,03__SKH__MIX__OCY__50,Kho Kệ,Bịch,Kho Kệ,-1.0,,0.0,,0.0,,-1.0,,1090,0,33a0aa0d-4651-4def-ae12-e5910f1eccfe,33a0aa0d-4651-4def-ae12-e5910f1eccfe,2,False,b98a99cb-8ef4-11f1-9b18-005056b2a5de,03__SKH__MIX__OCY__50,MIX Bánh Que Vị Ớt Cay 50g,Snack Khác,Mix,,aca0e3b9-1e75-496e-84ff-e96c9084f53f,a38f9189-ad87-11ef-a35e-005056b28600,CÔNG TY TNHH THƯƠNG MẠI VÀ DỊCH VỤ MIRA GROUP
b8468f8e-8ef4-11f1-9b18-005056b2a5de,03__SKH__MIX__TXK__50,MIX Bánh Que Vị Thịt Xông Khói 50g,Bịch,Tổng,1.0,,0.0,,0.0,,1.0,,1091,1,8947c35b-2cb2-4aef-b15e-2f257e5356f7,,1,True,b98a9ac9-8ef4-11f1-9b18-005056b2a5de,03__SKH__MIX__TXK__50,MIX Bánh Que Vị Thịt Xông Khói 50g,Snack Khác,Mix,,,a38f9189-ad87-11ef-a35e-005056b28600,
b8468f8e-8ef4-11f1-9b18-005056b2a5de,03__SKH__MIX__TXK__50,Kho Kệ,Bịch,Kho Kệ,1.0,,0.0,,0.0,,1.0,,1092,0,8947c35b-2cb2-4aef-b15e-2f257e5356f7,8947c35b-2cb2-4aef-b15e-2f257e5356f7,2,False,b98a9b96-8ef4-11f1-9b18-005056b2a5de,03__SKH__MIX__TXK__50,MIX Bánh Que Vị Thịt Xông Khói 50g,Snack Khác,Mix,,aca0e3b9-1e75-496e-84ff-e96c9084f53f,a38f9189-ad87-11ef-a35e-005056b28600,CÔNG TY TNHH THƯƠNG MẠI VÀ DỊCH VỤ MIRA GROUP
b8468f8e-8ef4-11f1-9b18-005056b2a5de,03__SKH__OIS__BDO__68,OISHI Snack Bí Đỏ 68g,Bịch,Tổng,12.0,,0.0,,11.0,,1.0,,1093,1,443f2e50-e184-4aba-aa96-6a452161f2de,,1,True,b98a9c5f-8ef4-11f1-9b18-005056b2a5de,03__SKH__OIS__BDO__68,OISHI Snack Bí Đỏ 68g,Snack Khác,OISHI,,,a38f9189-ad87-11ef-a35e-005056b28600,
b8468f8e-8ef4-11f1-9b18-005056b2a5de,03__SKH__OIS__BDO__68,Kho Kệ,Bịch,Kho Kệ,12.0,,0.0,,11.0,,1.0,,1094,0,443f2e50-e184-4aba-aa96-6a452161f2de,443f2e50-e184-4aba-aa96-6a452161f2de,2,False,b98a9d27-8ef4-11f1-9b18-005056b2a5de,03__SKH__OIS__BDO__68,OISHI Snack Bí Đỏ 68g,Snack Khác,OISHI,,aca0e3b9-1e75-496e-84ff-e96c9084f53f,a38f9189-ad87-11ef-a35e-005056b28600,CÔNG TY TNHH THƯƠNG MẠI VÀ DỊCH VỤ MIRA GROUP
b8468f8e-8ef4-11f1-9b18-005056b2a5de,03__SKH__OIS__CUA__68,OISHI Snack Cua Vị Xốt Chua Ngọt 68g,Bịch,Tổng,-12.0,,0.0,,0.0,,-12.0,,1095,1,76604878-6041-4d6e-9513-2acd90ef7e09,,1,True,b98a9dee-8ef4-11f1-9b18-005056b2a5de,03__SKH__OIS__CUA__68,OISHI Snack Cua Vị Xốt Chua Ngọt 68g,Snack Khác,OISHI,,,a38f9189-ad87-11ef-a35e-005056b28600,
b8468f8e-8ef4-11f1-9b18-005056b2a5de,03__SKH__OIS__CUA__68,Kho Kệ,Bịch,Kho Kệ,-12.0,,0.0,,0.0,,-12.0,,1096,0,76604878-6041-4d6e-9513-2acd90ef7e09,76604878-6041-4d6e-9513-2acd90ef7e09,2,False,b98a9eab-8ef4-11f1-9b18-005056b2a5de,03__SKH__OIS__CUA__68,OISHI Snack Cua Vị Xốt Chua Ngọt 68g,Snack Khác,OISHI,,aca0e3b9-1e75-496e-84ff-e96c9084f53f,a38f9189-ad87-11ef-a35e-005056b28600,CÔNG TY TNHH THƯƠNG MẠI VÀ DỊCH VỤ MIRA GROUP
b8468f8e-8ef4-11f1-9b18-005056b2a5de,03__SKH__OIS__DBT__68,OISHI Snack Tôm Cay Đặc Biệt 68g,Bịch,Tổng,30.0,,20.0,,20.0,,30.0,,1097,1,71e54049-a026-4e51-87c1-ef12c61a956b,,1,True,b98a9f70-8ef4-11f1-9b18-005056b2a5de,03__SKH__OIS__DBT__68,OISHI Snack Tôm Cay Đặc Biệt 68g,Snack Khác,OISHI,,,a38f9189-ad87-11ef-a35e-005056b28600,
b8468f8e-8ef4-11f1-9b18-005056b2a5de,03__SKH__OIS__DBT__68,Kho Kệ,Bịch,Kho Kệ,0.0,,20.0,,20.0,,0.0,,1098,0,71e54049-a026-4e51-87c1-ef12c61a956b,71e54049-a026-4e51-87c1-ef12c61a956b,2,False,b98aa031-8ef4-11f1-9b18-005056b2a5de,03__SKH__OIS__DBT__68,OISHI Snack Tôm Cay Đặc Biệt 68g,Snack Khác,OISHI,,aca0e3b9-1e75-496e-84ff-e96c9084f53f,a38f9189-ad87-11ef-a35e-005056b28600,CÔNG TY TNHH THƯƠNG MẠI VÀ DỊCH VỤ MIRA GROUP
b8468f8e-8ef4-11f1-9b18-005056b2a5de,03__SKH__OIS__DBT__68,Kho MIRA,Bịch,Kho MIRA,30.0,,0.0,,0.0,,30.0,,1099,0,71e54049-a026-4e51-87c1-ef12c61a956b,71e54049-a026-4e51-87c1-ef12c61a956b,2,False,b98aa184-8ef4-11f1-9b18-005056b2a5de,03__SKH__OIS__DBT__68,OISHI Snack Tôm Cay Đặc Biệt 68g,Snack Khác,OISHI,,485b5d06-306c-11f0-b467-005056b34af7,a38f9189-ad87-11ef-a35e-005056b28600,CÔNG TY TNHH THƯƠNG MẠI VÀ DỊCH VỤ MIRA GROUP
b8468f8e-8ef4-11f1-9b18-005056b2a5de,03__SKH__OIS__MUC__68,OISHI Snack Tôm Vị Mực Nướng Muối Ớt 68g,Bịch,Tổng,3.0,,0.0,,0.0,,3.0,,1100,1,2a8a70f1-94f4-45ab-979f-0dd78d73b767,,1,True,b98aa24e-8ef4-11f1-9b18-005056b2a5de,03__SKH__OIS__MUC__68,OISHI Snack Tôm Vị Mực Nướng Muối Ớt 68g,Snack Khác,OISHI,,,a38f9189-ad87-11ef-a35e-005056b28600,
b8468f8e-8ef4-11f1-9b18-005056b2a5de,03__SKH__OIS__MUC__68,Kho Kệ,Bịch,Kho Kệ,3.0,,0.0,,0.0,,3.0,,1101,0,2a8a70f1-94f4-45ab-979f-0dd78d73b767,2a8a70f1-94f4-45ab-979f-0dd78d73b767,2,False,b98aa434-8ef4-11f1-9b18-005056b2a5de,03__SKH__OIS__MUC__68,OISHI Snack Tôm Vị Mực Nướng Muối Ớt 68g,Snack Khác,OISHI,,aca0e3b9-1e75-496e-84ff-e96c9084f53f,a38f9189-ad87-11ef-a35e-005056b28600,CÔNG TY TNHH THƯƠNG MẠI VÀ DỊCH VỤ MIRA GROUP
b8468f8e-8ef4-11f1-9b18-005056b2a5de,03__SKH__OIS__MUC_68,OISHI Snack Mực Indo 68g,Bịch,Tổng,20.0,,45.0,,40.0,,25.0,,1102,1,07156cfd-e8ba-4bb0-83fb-f4f5146ad26a,,1,True,b98aa50a-8ef4-11f1-9b18-005056b2a5de,03__SKH__OIS__MUC_68,OISHI Snack Mực Indo 68g,Snack Khác,OISHI,,,a38f9189-ad87-11ef-a35e-005056b28600,
b8468f8e-8ef4-11f1-9b18-005056b2a5de,03__SKH__OIS__MUC_68,Kho Kệ,Bịch,Kho Kệ,20.0,,45.0,,40.0,,25.0,,1103,0,07156cfd-e8ba-4bb0-83fb-f4f5146ad26a,07156cfd-e8ba-4bb0-83fb-f4f5146ad26a,2,False,b98aa5cd-8ef4-11f1-9b18-005056b2a5de,03__SKH__OIS__MUC_68,OISHI Snack Mực Indo 68g,Snack Khác,OISHI,,aca0e3b9-1e75-496e-84ff-e96c9084f53f,a38f9189-ad87-11ef-a35e-005056b28600,CÔNG TY TNHH THƯƠNG MẠI VÀ DỊCH VỤ MIRA GROUP
b8468f8e-8ef4-11f1-9b18-005056b2a5de,03__SKH__OIS__PMI__68,OISHI Snack Phô Mai Miếng 68g,Bịch,Tổng,10.0,,30.0,,36.0,,4.0,,1104,1,9110e59d-158f-42d2-b980-b7e8fb8ea308,,1,True,b98aa69a-8ef4-11f1-9b18-005056b2a5de,03__SKH__OIS__PMI__68,OISHI Snack Phô Mai Miếng 68g,Snack Khác,OISHI,,,a38f9189-ad87-11ef-a35e-005056b28600,
b8468f8e-8ef4-11f1-9b18-005056b2a5de,03__SKH__OIS__PMI__68,Kho Kệ,Bịch,Kho Kệ,20.0,,30.0,,36.0,,14.0,,1105,0,9110e59d-158f-42d2-b980-b7e8fb8ea308,9110e59d-158f-42d2-b980-b7e8fb8ea308,2,False,b98aa766-8ef4-11f1-9b18-005056b2a5de,03__SKH__OIS__PMI__68,OISHI Snack Phô Mai Miếng 68g,Snack Khác,OISHI,,aca0e3b9-1e75-496e-84ff-e96c9084f53f,a38f9189-ad87-11ef-a35e-005056b28600,CÔNG TY TNHH THƯƠNG MẠI VÀ DỊCH VỤ MIRA GROUP
b8468f8e-8ef4-11f1-9b18-005056b2a5de,03__SKH__OIS__PMI__68,Kho MIRA,Bịch,Kho MIRA,-10.0,,0.0,,0.0,,-10.0,,1106,0,9110e59d-158f-42d2-b980-b7e8fb8ea308,9110e59d-158f-42d2-b980-b7e8fb8ea308,2,False,b98aa834-8ef4-11f1-9b18-005056b2a5de,03__SKH__OIS__PMI__68,OISHI Snack Phô Mai Miếng 68g,Snack Khác,OISHI,,485b5d06-306c-11f0-b467-005056b34af7,a38f9189-ad87-11ef-a35e-005056b28600,CÔNG TY TNHH THƯƠNG MẠI VÀ DỊCH VỤ MIRA GROUP
b8468f8e-8ef4-11f1-9b18-005056b2a5de,03__SKH__OIS__TCY__68,OISHI Snack Tôm Cay 68g,Bịch,Tổng,15.0,,40.0,,55.0,,0.0,,1107,1,04c51890-696f-4601-a550-015702630fff,,1,True,b98aa8f7-8ef4-11f1-9b18-005056b2a5de,03__SKH__OIS__TCY__68,OISHI Snack Tôm Cay 68g,Snack Khác,OISHI,,,a38f9189-ad87-11ef-a35e-005056b28600,
b8468f8e-8ef4-11f1-9b18-005056b2a5de,03__SKH__OIS__TCY__68,Kho Kệ,Bịch,Kho Kệ,15.0,,40.0,,55.0,,0.0,,1108,0,04c51890-696f-4601-a550-015702630fff,04c51890-696f-4601-a550-015702630fff,2,False,b98aa9c6-8ef4-11f1-9b18-005056b2a5de,03__SKH__OIS__TCY__68,OISHI Snack Tôm Cay 68g,Snack Khác,OISHI,,aca0e3b9-1e75-496e-84ff-e96c9084f53f,a38f9189-ad87-11ef-a35e-005056b28600,CÔNG TY TNHH THƯƠNG MẠI VÀ DỊCH VỤ MIRA GROUP
b8468f8e-8ef4-11f1-9b18-005056b2a5de,03__SKH__OIS__VMC__68,OISHI Snack Viên Vị Mực Cay 68g,Bịch,Tổng,26.0,,30.0,,37.0,,19.0,,1109,1,ec04bcb6-29f4-4b76-9b7c-cf1731225ab7,,1,True,b98aaa91-8ef4-11f1-9b18-005056b2a5de,03__SKH__OIS__VMC__68,OISHI Snack Viên Vị Mực Cay 68g,Snack Khác,OISHI,,,a38f9189-ad87-11ef-a35e-005056b28600,
b8468f8e-8ef4-11f1-9b18-005056b2a5de,03__SKH__OIS__VMC__68,Kho Kệ,Bịch,Kho Kệ,27.0,,30.0,,37.0,,20.0,,1110,0,ec04bcb6-29f4-4b76-9b7c-cf1731225ab7,ec04bcb6-29f4-4b76-9b7c-cf1731225ab7,2,False,b98aab55-8ef4-11f1-9b18-005056b2a5de,03__SKH__OIS__VMC__68,OISHI Snack Viên Vị Mực Cay 68g,Snack Khác,OISHI,,aca0e3b9-1e75-496e-84ff-e96c9084f53f,a38f9189-ad87-11ef-a35e-005056b28600,CÔNG TY TNHH THƯƠNG MẠI VÀ DỊCH VỤ MIRA GROUP
b8468f8e-8ef4-11f1-9b18-005056b2a5de,03__SKH__OIS__VMC__68,Kho MIRA,Bịch,Kho MIRA,-1.0,,0.0,,0.0,,-1.0,,1111,0,ec04bcb6-29f4-4b76-9b7c-cf1731225ab7,ec04bcb6-29f4-4b76-9b7c-cf1731225ab7,2,False,b98aac1f-8ef4-11f1-9b18-005056b2a5de,03__SKH__OIS__VMC__68,OISHI Snack Viên Vị Mực Cay 68g,Snack Khác,OISHI,,485b5d06-306c-11f0-b467-005056b34af7,a38f9189-ad87-11ef-a35e-005056b28600,CÔNG TY TNHH THƯƠNG MẠI VÀ DỊCH VỤ MIRA GROUP
b8468f8e-8ef4-11f1-9b18-005056b2a5de,03__SKH__OIS__VTA__68,OISHI Snack Viên Vị Takoyaki Nhật Bản 68g,Bịch,Tổng,30.0,,30.0,,45.0,,15.0,,1112,1,fd18a464-f530-4323-9a0e-1053da87c106,,1,True,b98aace5-8ef4-11f1-9b18-005056b2a5de,03__SKH__OIS__VTA__68,OISHI Snack Viên Vị Takoyaki Nhật Bản 68g,Snack Khác,OISHI,,,a38f9189-ad87-11ef-a35e-005056b28600,
b8468f8e-8ef4-11f1-9b18-005056b2a5de,03__SKH__OIS__VTA__68,Kho Kệ,Bịch,Kho Kệ,31.0,,30.0,,45.0,,16.0,,1113,0,fd18a464-f530-4323-9a0e-1053da87c106,fd18a464-f530-4323-9a0e-1053da87c106,2,False,b98aada4-8ef4-11f1-9b18-005056b2a5de,03__SKH__OIS__VTA__68,OISHI Snack Viên Vị Takoyaki Nhật Bản 68g,Snack Khác,OISHI,,aca0e3b9-1e75-496e-84ff-e96c9084f53f,a38f9189-ad87-11ef-a35e-005056b28600,CÔNG TY TNHH THƯƠNG MẠI VÀ DỊCH VỤ MIRA GROUP
b8468f8e-8ef4-11f1-9b18-005056b2a5de,03__SKH__OIS__VTA__68,Kho MIRA,Bịch,Kho MIRA,-1.0,,0.0,,0.0,,-1.0,,1114,0,fd18a464-f530-4323-9a0e-1053da87c106,fd18a464-f530-4323-9a0e-1053da87c106,2,False,b98aae6a-8ef4-11f1-9b18-005056b2a5de,03__SKH__OIS__VTA__68,OISHI Snack Viên Vị Takoyaki Nhật Bản 68g,Snack Khác,OISHI,,485b5d06-306c-11f0-b467-005056b34af7,a38f9189-ad87-11ef-a35e-005056b28600,CÔNG TY TNHH THƯƠNG MẠI VÀ DỊCH VỤ MIRA GROUP
b8468f8e-8ef4-11f1-9b18-005056b2a5de,03__SKH__OIS__ZCV__80,OISHI Snack Pillows Nhân Socola Vị Cookies và Vani Túi Zip 80g,Bịch,Tổng,20.0,,40.0,,42.0,,18.0,,1115,1,9480a41c-ad89-4027-a3ec-e43150eeaf49,,1,True,b98aaf2d-8ef4-11f1-9b18-005056b2a5de,03__SKH__OIS__ZCV__80,OISHI Snack Pillows Nhân Socola Vị Cookies và Vani Túi Zip 80g,Snack Khác,OISHI,,,a38f9189-ad87-11ef-a35e-005056b28600,
b8468f8e-8ef4-11f1-9b18-005056b2a5de,03__SKH__OIS__ZCV__80,Kho Kệ,Bịch,Kho Kệ,18.0,,40.0,,42.0,,16.0,,1116,0,9480a41c-ad89-4027-a3ec-e43150eeaf49,9480a41c-ad89-4027-a3ec-e43150eeaf49,2,False,b98aafeb-8ef4-11f1-9b18-005056b2a5de,03__SKH__OIS__ZCV__80,OISHI Snack Pillows Nhân Socola Vị Cookies và Vani Túi Zip 80g,Snack Khác,OISHI,,aca0e3b9-1e75-496e-84ff-e96c9084f53f,a38f9189-ad87-11ef-a35e-005056b28600,CÔNG TY TNHH THƯƠNG MẠI VÀ DỊCH VỤ MIRA GROUP
b8468f8e-8ef4-11f1-9b18-005056b2a5de,03__SKH__OIS__ZCV__80,Kho MIRA,Bịch,Kho MIRA,2.0,,0.0,,0.0,,2.0,,1117,0,9480a41c-ad89-4027-a3ec-e43150eeaf49,9480a41c-ad89-4027-a3ec-e43150eeaf49,2,False,b98ab0c7-8ef4-11f1-9b18-005056b2a5de,03__SKH__OIS__ZCV__80,OISHI Snack Pillows Nhân Socola Vị Cookies và Vani Túi Zip 80g,Snack Khác,OISHI,,485b5d06-306c-11f0-b467-005056b34af7,a38f9189-ad87-11ef-a35e-005056b28600,CÔNG TY TNHH THƯƠNG MẠI VÀ DỊCH VỤ MIRA GROUP
b8468f8e-8ef4-11f1-9b18-005056b2a5de,03__SKH__OIS__ZHA__80,OISHI Snack Pillows Nhân Socola Vị Hazelnut Túi Zip 80g,Bịch,Tổng,13.0,,40.0,,32.0,,21.0,,1118,1,94865658-ab4c-4deb-9fb7-e19b4c85a3c2,,1,True,b98ab18e-8ef4-11f1-9b18-005056b2a5de,03__SKH__OIS__ZHA__80,OISHI Snack Pillows Nhân Socola Vị Hazelnut Túi Zip 80g,Snack Khác,OISHI,,,a38f9189-ad87-11ef-a35e-005056b28600,
b8468f8e-8ef4-11f1-9b18-005056b2a5de,03__SKH__OIS__ZHA__80,Kho Kệ,Bịch,Kho Kệ,8.0,,40.0,,32.0,,16.0,,1119,0,94865658-ab4c-4deb-9fb7-e19b4c85a3c2,94865658-ab4c-4deb-9fb7-e19b4c85a3c2,2,False,b98ab252-8ef4-11f1-9b18-005056b2a5de,03__SKH__OIS__ZHA__80,OISHI Snack Pillows Nhân Socola Vị Hazelnut Túi Zip 80g,Snack Khác,OISHI,,aca0e3b9-1e75-496e-84ff-e96c9084f53f,a38f9189-ad87-11ef-a35e-005056b28600,CÔNG TY TNHH THƯƠNG MẠI VÀ DỊCH VỤ MIRA GROUP
b8468f8e-8ef4-11f1-9b18-005056b2a5de,03__SKH__OIS__ZHA__80,Kho MIRA,Bịch,Kho MIRA,5.0,,0.0,,0.0,,5.0,,1120,0,94865658-ab4c-4deb-9fb7-e19b4c85a3c2,94865658-ab4c-4deb-9fb7-e19b4c85a3c2,2,False,b98ab359-8ef4-11f1-9b18-005056b2a5de,03__SKH__OIS__ZHA__80,OISHI Snack Pillows Nhân Socola Vị Hazelnut Túi Zip 80g,Snack Khác,OISHI,,485b5d06-306c-11f0-b467-005056b34af7,a38f9189-ad87-11ef-a35e-005056b28600,CÔNG TY TNHH THƯƠNG MẠI VÀ DỊCH VỤ MIRA GROUP
b8468f8e-8ef4-11f1-9b18-005056b2a5de,03__SKH__OIS__ZKM__80,OISHI Snack Pillows Nhân Socola Vị Khoai Môn Túi Zip 80g,Bịch,Tổng,26.0,,40.0,,34.0,,32.0,,1121,1,174a28f6-3444-4aee-8ce9-da1abae8566d,,1,True,b98ab48f-8ef4-11f1-9b18-005056b2a5de,03__SKH__OIS__ZKM__80,OISHI Snack Pillows Nhân Socola Vị Khoai Môn Túi Zip 80g,Snack Khác,OISHI,,,a38f9189-ad87-11ef-a35e-005056b28600,
b8468f8e-8ef4-11f1-9b18-005056b2a5de,03__SKH__OIS__ZKM__80,Kho Kệ,Bịch,Kho Kệ,24.0,,40.0,,34.0,,30.0,,1122,0,174a28f6-3444-4aee-8ce9-da1abae8566d,174a28f6-3444-4aee-8ce9-da1abae8566d,2,False,b98ab5a7-8ef4-11f1-9b18-005056b2a5de,03__SKH__OIS__ZKM__80,OISHI Snack Pillows Nhân Socola Vị Khoai Môn Túi Zip 80g,Snack Khác,OISHI,,aca0e3b9-1e75-496e-84ff-e96c9084f53f,a38f9189-ad87-11ef-a35e-005056b28600,CÔNG TY TNHH THƯƠNG MẠI VÀ DỊCH VỤ MIRA GROUP
b8468f8e-8ef4-11f1-9b18-005056b2a5de,03__SKH__OIS__ZKM__80,Kho MIRA,Bịch,Kho MIRA,2.0,,0.0,,0.0,,2.0,,1123,0,174a28f6-3444-4aee-8ce9-da1abae8566d,174a28f6-3444-4aee-8ce9-da1abae8566d,2,False,b98ab679-8ef4-11f1-9b18-005056b2a5de,03__SKH__OIS__ZKM__80,OISHI Snack Pillows Nhân Socola Vị Khoai Môn Túi Zip 80g,Snack Khác,OISHI,,485b5d06-306c-11f0-b467-005056b34af7,a38f9189-ad87-11ef-a35e-005056b28600,CÔNG TY TNHH THƯƠNG MẠI VÀ DỊCH VỤ MIRA GROUP
b8468f8e-8ef4-11f1-9b18-005056b2a5de,03__SKH__OIS__ZMA__75,OISHI Snack Nhúng Matcha Túi Zip 75g,Bịch,Tổng,31.0,,24.0,,37.0,,18.0,,1124,1,4b648c80-325d-4080-b67c-86ac9d4382ce,,1,True,b98ab748-8ef4-11f1-9b18-005056b2a5de,03__SKH__OIS__ZMA__75,OISHI Snack Nhúng Matcha Túi Zip 75g,Snack Khác,OISHI,,,a38f9189-ad87-11ef-a35e-005056b28600,
b8468f8e-8ef4-11f1-9b18-005056b2a5de,03__SKH__OIS__ZMA__75,Kho Kệ,Bịch,Kho Kệ,31.0,,24.0,,37.0,,18.0,,1125,0,4b648c80-325d-4080-b67c-86ac9d4382ce,4b648c80-325d-4080-b67c-86ac9d4382ce,2,False,b98ab805-8ef4-11f1-9b18-005056b2a5de,03__SKH__OIS__ZMA__75,OISHI Snack Nhúng Matcha Túi Zip 75g,Snack Khác,OISHI,,aca0e3b9-1e75-496e-84ff-e96c9084f53f,a38f9189-ad87-11ef-a35e-005056b28600,CÔNG TY TNHH THƯƠNG MẠI VÀ DỊCH VỤ MIRA GROUP
b8468f8e-8ef4-11f1-9b18-005056b2a5de,03__SKH__OIS__ZMO__70,OISHI Snack Tôm Xốt Tương Mật Ong Túi Zip 70g,Bịch,Tổng,10.0,,40.0,,41.0,,9.0,,1126,1,0d20a05d-ee1c-4db7-824a-e424f5c96adc,,1,True,b98ab8cc-8ef4-11f1-9b18-005056b2a5de,03__SKH__OIS__ZMO__70,OISHI Snack Tôm Xốt Tương Mật Ong Túi Zip 70g,Snack Khác,OISHI,,,a38f9189-ad87-11ef-a35e-005056b28600,
b8468f8e-8ef4-11f1-9b18-005056b2a5de,03__SKH__OIS__ZMO__70,Kho Kệ,Bịch,Kho Kệ,20.0,,40.0,,41.0,,19.0,,1127,0,0d20a05d-ee1c-4db7-824a-e424f5c96adc,0d20a05d-ee1c-4db7-824a-e424f5c96adc,2,False,b98ab98e-8ef4-11f1-9b18-005056b2a5de,03__SKH__OIS__ZMO__70,OISHI Snack Tôm Xốt Tương Mật Ong Túi Zip 70g,Snack Khác,OISHI,,aca0e3b9-1e75-496e-84ff-e96c9084f53f,a38f9189-ad87-11ef-a35e-005056b28600,CÔNG TY TNHH THƯƠNG MẠI VÀ DỊCH VỤ MIRA GROUP
b8468f8e-8ef4-11f1-9b18-005056b2a5de,03__SKH__OIS__ZMO__70,Kho MIRA,Bịch,Kho MIRA,-10.0,,0.0,,0.0,,-10.0,,1128,0,0d20a05d-ee1c-4db7-824a-e424f5c96adc,0d20a05d-ee1c-4db7-824a-e424f5c96adc,2,False,b98aba52-8ef4-11f1-9b18-005056b2a5de,03__SKH__OIS__ZMO__70,OISHI Snack Tôm Xốt Tương Mật Ong Túi Zip 70g,Snack Khác,OISHI,,485b5d06-306c-11f0-b467-005056b34af7,a38f9189-ad87-11ef-a35e-005056b28600,CÔNG TY TNHH THƯƠNG MẠI VÀ DỊCH VỤ MIRA GROUP
b8468f8e-8ef4-11f1-9b18-005056b2a5de,03__SKH__OIS__ZSD__80,OISHI Snack Pillows Nhân Socola Vị Sữa Dừa Túi Zip 80g,Bịch,Tổng,10.0,,40.0,,31.0,,19.0,,1129,1,da897518-fae0-42f6-956a-52bf26667b78,,1,True,b98abb10-8ef4-11f1-9b18-005056b2a5de,03__SKH__OIS__ZSD__80,OISHI Snack Pillows Nhân Socola Vị Sữa Dừa Túi Zip 80g,Snack Khác,OISHI,,,a38f9189-ad87-11ef-a35e-005056b28600,
b8468f8e-8ef4-11f1-9b18-005056b2a5de,03__SKH__OIS__ZSD__80,Kho Kệ,Bịch,Kho Kệ,10.0,,40.0,,31.0,,19.0,,1130,0,da897518-fae0-42f6-956a-52bf26667b78,da897518-fae0-42f6-956a-52bf26667b78,2,False,b98abbca-8ef4-11f1-9b18-005056b2a5de,03__SKH__OIS__ZSD__80,OISHI Snack Pillows Nhân Socola Vị Sữa Dừa Túi Zip 80g,Snack Khác,OISHI,,aca0e3b9-1e75-496e-84ff-e96c9084f53f,a38f9189-ad87-11ef-a35e-005056b28600,CÔNG TY TNHH THƯƠNG MẠI VÀ DỊCH VỤ MIRA GROUP
b8468f8e-8ef4-11f1-9b18-005056b2a5de,03__SKH__OIS__ZSO__75,OISHI Snack Nhúng Socola Túi Zip 75g,Bịch,Tổng,24.0,,20.0,,28.0,,16.0,,1131,1,1cdf8027-a80a-440b-9a7f-9210819c3d49,,1,True,b98abc96-8ef4-11f1-9b18-005056b2a5de,03__SKH__OIS__ZSO__75,OISHI Snack Nhúng Socola Túi Zip 75g,Snack Khác,OISHI,,,a38f9189-ad87-11ef-a35e-005056b28600,
b8468f8e-8ef4-11f1-9b18-005056b2a5de,03__SKH__OIS__ZSO__75,Kho Kệ,Bịch,Kho Kệ,17.0,,20.0,,28.0,,9.0,,1132,0,1cdf8027-a80a-440b-9a7f-9210819c3d49,1cdf8027-a80a-440b-9a7f-9210819c3d49,2,False,b98abd5a-8ef4-11f1-9b18-005056b2a5de,03__SKH__OIS__ZSO__75,OISHI Snack Nhúng Socola Túi Zip 75g,Snack Khác,OISHI,,aca0e3b9-1e75-496e-84ff-e96c9084f53f,a38f9189-ad87-11ef-a35e-005056b28600,CÔNG TY TNHH THƯƠNG MẠI VÀ DỊCH VỤ MIRA GROUP
b8468f8e-8ef4-11f1-9b18-005056b2a5de,03__SKH__OIS__ZSO__75,Kho MIRA,Bịch,Kho MIRA,7.0,,0.0,,0.0,,7.0,,1133,0,1cdf8027-a80a-440b-9a7f-9210819c3d49,1cdf8027-a80a-440b-9a7f-9210819c3d49,2,False,b98abe22-8ef4-11f1-9b18-005056b2a5de,03__SKH__OIS__ZSO__75,OISHI Snack Nhúng Socola Túi Zip 75g,Snack Khác,OISHI,,485b5d06-306c-11f0-b467-005056b34af7,a38f9189-ad87-11ef-a35e-005056b28600,CÔNG TY TNHH THƯƠNG MẠI VÀ DỊCH VỤ MIRA GROUP
b8468f8e-8ef4-11f1-9b18-005056b2a5de,03__SKH__OIS__ZSO__80,OISHI Snack Pillows Nhân Socola Túi Zip 80g,Bịch,Tổng,18.0,,40.0,,46.0,,12.0,,1134,1,2298425c-e686-464b-8258-5745aa141f11,,1,True,b98ac061-8ef4-11f1-9b18-005056b2a5de,03__SKH__OIS__ZSO__80,OISHI Snack Pillows Nhân Socola Túi Zip 80g,Snack Khác,OISHI,,,a38f9189-ad87-11ef-a35e-005056b28600,
b8468f8e-8ef4-11f1-9b18-005056b2a5de,03__SKH__OIS__ZSO__80,Kho Kệ,Bịch,Kho Kệ,-2.0,,40.0,,46.0,,-8.0,,1135,0,2298425c-e686-464b-8258-5745aa141f11,2298425c-e686-464b-8258-5745aa141f11,2,False,b98ac139-8ef4-11f1-9b18-005056b2a5de,03__SKH__OIS__ZSO__80,OISHI Snack Pillows Nhân Socola Túi Zip 80g,Snack Khác,OISHI,,aca0e3b9-1e75-496e-84ff-e96c9084f53f,a38f9189-ad87-11ef-a35e-005056b28600,CÔNG TY TNHH THƯƠNG MẠI VÀ DỊCH VỤ MIRA GROUP
b8468f8e-8ef4-11f1-9b18-005056b2a5de,03__SKH__OIS__ZSO__80,Kho MIRA,Bịch,Kho MIRA,20.0,,0.0,,0.0,,20.0,,1136,0,2298425c-e686-464b-8258-5745aa141f11,2298425c-e686-464b-8258-5745aa141f11,2,False,b98ac1fe-8ef4-11f1-9b18-005056b2a5de,03__SKH__OIS__ZSO__80,OISHI Snack Pillows Nhân Socola Túi Zip 80g,Snack Khác,OISHI,,485b5d06-306c-11f0-b467-005056b34af7,a38f9189-ad87-11ef-a35e-005056b28600,CÔNG TY TNHH THƯƠNG MẠI VÀ DỊCH VỤ MIRA GROUP
b8468f8e-8ef4-11f1-9b18-005056b2a5de,03__SKH__OIS__ZTC__65,OISHI Snack Tôm Cay Nồng Túi Zip 65g,Bịch,Tổng,11.0,,48.0,,58.0,,1.0,,1137,1,0c1173d1-e75c-4e9a-b8ab-8007fbbb71c2,,1,True,b98ac2c4-8ef4-11f1-9b18-005056b2a5de,03__SKH__OIS__ZTC__65,OISHI Snack Tôm Cay Nồng Túi Zip 65g,Snack Khác,OISHI,,,a38f9189-ad87-11ef-a35e-005056b28600,
b8468f8e-8ef4-11f1-9b18-005056b2a5de,03__SKH__OIS__ZTC__65,Kho Kệ,Bịch,Kho Kệ,11.0,,48.0,,58.0,,1.0,,1138,0,0c1173d1-e75c-4e9a-b8ab-8007fbbb71c2,0c1173d1-e75c-4e9a-b8ab-8007fbbb71c2,2,False,b98ac388-8ef4-11f1-9b18-005056b2a5de,03__SKH__OIS__ZTC__65,OISHI Snack Tôm Cay Nồng Túi Zip 65g,Snack Khác,OISHI,,aca0e3b9-1e75-496e-84ff-e96c9084f53f,a38f9189-ad87-11ef-a35e-005056b28600,CÔNG TY TNHH THƯƠNG MẠI VÀ DỊCH VỤ MIRA GROUP
b8468f8e-8ef4-11f1-9b18-005056b2a5de,03__SKH__OIS__ZTM__65,OISHI Snack Xoắn Vị Xốt Trứng Muối Túi Zip 65g,Bịch,Tổng,27.0,,0.0,,18.0,,9.0,,1139,1,c9d2fd2e-552d-4d09-9faf-501e60a02229,,1,True,b98ac452-8ef4-11f1-9b18-005056b2a5de,03__SKH__OIS__ZTM__65,OISHI Snack Xoắn Vị Xốt Trứng Muối Túi Zip 65g,Snack Khác,OISHI,,,a38f9189-ad87-11ef-a35e-005056b28600,
b8468f8e-8ef4-11f1-9b18-005056b2a5de,03__SKH__OIS__ZTM__65,Kho Kệ,Bịch,Kho Kệ,27.0,,0.0,,18.0,,9.0,,1140,0,c9d2fd2e-552d-4d09-9faf-501e60a02229,c9d2fd2e-552d-4d09-9faf-501e60a02229,2,False,b98ac515-8ef4-11f1-9b18-005056b2a5de,03__SKH__OIS__ZTM__65,OISHI Snack Xoắn Vị Xốt Trứng Muối Túi Zip 65g,Snack Khác,OISHI,,aca0e3b9-1e75-496e-84ff-e96c9084f53f,a38f9189-ad87-11ef-a35e-005056b28600,CÔNG TY TNHH THƯƠNG MẠI VÀ DỊCH VỤ MIRA GROUP
b8468f8e-8ef4-11f1-9b18-005056b2a5de,03__SKH__OJB__BBT__35,ORION Jungle Boy Snack Bò Bít Tết 35g,Hộp,Tổng,10.0,,0.0,,5.0,,5.0,,1141,1,f03ba0a9-cccf-4721-8a16-205d5b0ccca1,,1,True,b98ac5dc-8ef4-11f1-9b18-005056b2a5de,03__SKH__OJB__BBT__35,ORION Jungle Boy Snack Bò Bít Tết 35g,Snack Khác,ORION Jungle Boy,,,a38f9189-ad87-11ef-a35e-005056b28600,
b8468f8e-8ef4-11f1-9b18-005056b2a5de,03__SKH__OJB__BBT__35,Kho Kệ,Hộp,Kho Kệ,10.0,,0.0,,5.0,,5.0,,1142,0,f03ba0a9-cccf-4721-8a16-205d5b0ccca1,f03ba0a9-cccf-4721-8a16-205d5b0ccca1,2,False,b98ac69d-8ef4-11f1-9b18-005056b2a5de,03__SKH__OJB__BBT__35,ORION Jungle Boy Snack Bò Bít Tết 35g,Snack Khác,ORION Jungle Boy,,aca0e3b9-1e75-496e-84ff-e96c9084f53f,a38f9189-ad87-11ef-a35e-005056b28600,CÔNG TY TNHH THƯƠNG MẠI VÀ DỊCH VỤ MIRA GROUP
b8468f8e-8ef4-11f1-9b18-005056b2a5de,03__SKH__OJB__PML__35,ORION Jungle Boy Snack Phô Mai LắK 35g,Hộp,Tổng,11.0,,0.0,,4.0,,7.0,,1143,1,96ccdbab-8d0a-4de1-b9bd-4a2cfcb2dd10,,1,True,b98ac764-8ef4-11f1-9b18-005056b2a5de,03__SKH__OJB__PML__35,ORION Jungle Boy Snack Phô Mai LắK 35g,Snack Khác,ORION Jungle Boy,,,a38f9189-ad87-11ef-a35e-005056b28600,
b8468f8e-8ef4-11f1-9b18-005056b2a5de,03__SKH__OJB__PML__35,Kho Kệ,Hộp,Kho Kệ,11.0,,0.0,,4.0,,7.0,,1144,0,96ccdbab-8d0a-4de1-b9bd-4a2cfcb2dd10,96ccdbab-8d0a-4de1-b9bd-4a2cfcb2dd10,2,False,b98ac82b-8ef4-11f1-9b18-005056b2a5de,03__SKH__OJB__PML__35,ORION Jungle Boy Snack Phô Mai LắK 35g,Snack Khác,ORION Jungle Boy,,aca0e3b9-1e75-496e-84ff-e96c9084f53f,a38f9189-ad87-11ef-a35e-005056b28600,CÔNG TY TNHH THƯƠNG MẠI VÀ DỊCH VỤ MIRA GROUP
b8468f8e-8ef4-11f1-9b18-005056b2a5de,03__SKH__OMB__GSB__35,ORION Marine Boy Snack Vị Gà Sốt Bơ Tỏi 35g,Hộp,Tổng,10.0,,0.0,,3.0,,7.0,,1145,1,05b80e52-921f-47bf-85cd-3cc1967b9498,,1,True,b98ac8f1-8ef4-11f1-9b18-005056b2a5de,03__SKH__OMB__GSB__35,ORION Marine Boy Snack Vị Gà Sốt Bơ Tỏi 35g,Snack Khác,ORION Marine Boy,,,a38f9189-ad87-11ef-a35e-005056b28600,
b8468f8e-8ef4-11f1-9b18-005056b2a5de,03__SKH__OMB__GSB__35,Kho Kệ,Hộp,Kho Kệ,10.0,,0.0,,3.0,,7.0,,1146,0,05b80e52-921f-47bf-85cd-3cc1967b9498,05b80e52-921f-47bf-85cd-3cc1967b9498,2,False,b98ac9ac-8ef4-11f1-9b18-005056b2a5de,03__SKH__OMB__GSB__35,ORION Marine Boy Snack Vị Gà Sốt Bơ Tỏi 35g,Snack Khác,ORION Marine Boy,,aca0e3b9-1e75-496e-84ff-e96c9084f53f,a38f9189-ad87-11ef-a35e-005056b28600,CÔNG TY TNHH THƯƠNG MẠI VÀ DỊCH VỤ MIRA GROUP
b8468f8e-8ef4-11f1-9b18-005056b2a5de,03__SKH__OMB__RBN__35,ORION Marine Boy Snack Vị Rong Biển Tuyết Xanh 35g,Hộp,Tổng,19.0,,0.0,,18.0,,1.0,,1147,1,3c3905cc-279f-481e-8e0e-e181a25ccd4a,,1,True,b98aca74-8ef4-11f1-9b18-005056b2a5de,03__SKH__OMB__RBN__35,ORION Marine Boy Snack Vị Rong Biển Tuyết Xanh 35g,Snack Khác,ORION Marine Boy,,,a38f9189-ad87-11ef-a35e-005056b28600,
b8468f8e-8ef4-11f1-9b18-005056b2a5de,03__SKH__OMB__RBN__35,Kho Kệ,Hộp,Kho Kệ,19.0,,0.0,,18.0,,1.0,,1148,0,3c3905cc-279f-481e-8e0e-e181a25ccd4a,3c3905cc-279f-481e-8e0e-e181a25ccd4a,2,False,b98acb40-8ef4-11f1-9b18-005056b2a5de,03__SKH__OMB__RBN__35,ORION Marine Boy Snack Vị Rong Biển Tuyết Xanh 35g,Snack Khác,ORION Marine Boy,,aca0e3b9-1e75-496e-84ff-e96c9084f53f,a38f9189-ad87-11ef-a35e-005056b28600,CÔNG TY TNHH THƯƠNG MẠI VÀ DỊCH VỤ MIRA GROUP
b8468f8e-8ef4-11f1-9b18-005056b2a5de,03__SKH__OMB__TNG__35,ORION Marine Boy Snack Vị Tôm Nướng Môi Đỏ 35g,Hộp,Tổng,18.0,,1.0,,14.0,,5.0,,1149,1,8be4bc84-8a22-4d86-9594-19b3023ca33e,,1,True,b98acc09-8ef4-11f1-9b18-005056b2a5de,03__SKH__OMB__TNG__35,ORION Marine Boy Snack Vị Tôm Nướng Môi Đỏ 35g,Snack Khác,ORION Marine Boy,,,a38f9189-ad87-11ef-a35e-005056b28600,
b8468f8e-8ef4-11f1-9b18-005056b2a5de,03__SKH__OMB__TNG__35,Kho Kệ,Hộp,Kho Kệ,18.0,,1.0,,14.0,,5.0,,1150,0,8be4bc84-8a22-4d86-9594-19b3023ca33e,8be4bc84-8a22-4d86-9594-19b3023ca33e,2,False,b98acccb-8ef4-11f1-9b18-005056b2a5de,03__SKH__OMB__TNG__35,ORION Marine Boy Snack Vị Tôm Nướng Môi Đỏ 35g,Snack Khác,ORION Marine Boy,,aca0e3b9-1e75-496e-84ff-e96c9084f53f,a38f9189-ad87-11ef-a35e-005056b28600,CÔNG TY TNHH THƯƠNG MẠI VÀ DỊCH VỤ MIRA GROUP
b8468f8e-8ef4-11f1-9b18-005056b2a5de,03__SKH__ORO__CXH__145,ORION Bánh Con Cá Bống Bang Mochi Cốm Xanh 145g,Bịch,Tổng,9.0,,6.0,,1.0,,14.0,,1151,1,da887dab-3dea-4672-8f7b-f1473d0899c1,,1,True,b98acd96-8ef4-11f1-9b18-005056b2a5de,03__SKH__ORO__CXH__145,ORION Bánh Con Cá Bống Bang Mochi Cốm Xanh 145g,Snack Khác,ORION,,,a38f9189-ad87-11ef-a35e-005056b28600,
b8468f8e-8ef4-11f1-9b18-005056b2a5de,03__SKH__ORO__CXH__145,Kho Kệ,Bịch,Kho Kệ,9.0,,6.0,,1.0,,14.0,,1152,0,da887dab-3dea-4672-8f7b-f1473d0899c1,da887dab-3dea-4672-8f7b-f1473d0899c1,2,False,b98acfb6-8ef4-11f1-9b18-005056b2a5de,03__SKH__ORO__CXH__145,ORION Bánh Con Cá Bống Bang Mochi Cốm Xanh 145g,Snack Khác,ORION,,aca0e3b9-1e75-496e-84ff-e96c9084f53f,a38f9189-ad87-11ef-a35e-005056b28600,CÔNG TY TNHH THƯƠNG MẠI VÀ DỊCH VỤ MIRA GROUP
b8468f8e-8ef4-11f1-9b18-005056b2a5de,03__SKH__ORO__RUA__60,ORION Snack Mai Rùa Masita Vị Bắp Bơ 60g,Bịch,Tổng,13.0,,0.0,,0.0,,13.0,,1153,1,90a61bb3-4961-4a88-835d-1788386173f9,,1,True,b98ad094-8ef4-11f1-9b18-005056b2a5de,03__SKH__ORO__RUA__60,ORION Snack Mai Rùa Masita Vị Bắp Bơ 60g,Snack Khác,ORION,,,a38f9189-ad87-11ef-a35e-005056b28600,
b8468f8e-8ef4-11f1-9b18-005056b2a5de,03__SKH__ORO__RUA__60,Kho Kệ,Bịch,Kho Kệ,13.0,,0.0,,0.0,,13.0,,1154,0,90a61bb3-4961-4a88-835d-1788386173f9,90a61bb3-4961-4a88-835d-1788386173f9,2,False,b98ad155-8ef4-11f1-9b18-005056b2a5de,03__SKH__ORO__RUA__60,ORION Snack Mai Rùa Masita Vị Bắp Bơ 60g,Snack Khác,ORION,,aca0e3b9-1e75-496e-84ff-e96c9084f53f,a38f9189-ad87-11ef-a35e-005056b28600,CÔNG TY TNHH THƯƠNG MẠI VÀ DỊCH VỤ MIRA GROUP
b8468f8e-8ef4-11f1-9b18-005056b2a5de,03__SKH__ORO__SDD__145,ORION Bánh Con Cá Bống Bang Mochi Socola Đậu Đỏ 145g,Bịch,Tổng,6.0,,6.0,,1.0,,11.0,,1155,1,78f29ee6-b939-406e-a69a-477272c485f6,,1,True,b98ad223-8ef4-11f1-9b18-005056b2a5de,03__SKH__ORO__SDD__145,ORION Bánh Con Cá Bống Bang Mochi Socola Đậu Đỏ 145g,Snack Khác,ORION,,,a38f9189-ad87-11ef-a35e-005056b28600,
b8468f8e-8ef4-11f1-9b18-005056b2a5de,03__SKH__ORO__SDD__145,Kho Kệ,Bịch,Kho Kệ,6.0,,6.0,,1.0,,11.0,,1156,0,78f29ee6-b939-406e-a69a-477272c485f6,78f29ee6-b939-406e-a69a-477272c485f6,2,False,b98ad2f1-8ef4-11f1-9b18-005056b2a5de,03__SKH__ORO__SDD__145,ORION Bánh Con Cá Bống Bang Mochi Socola Đậu Đỏ 145g,Snack Khác,ORION,,aca0e3b9-1e75-496e-84ff-e96c9084f53f,a38f9189-ad87-11ef-a35e-005056b28600,CÔNG TY TNHH THƯƠNG MẠI VÀ DỊCH VỤ MIRA GROUP
b8468f8e-8ef4-11f1-9b18-005056b2a5de,03__SKH__ORT__PMI__32,ORION Toonies Snack Phô Mai Bùng Nổ 32g,Bịch,Tổng,0.0,,3.0,,3.0,,0.0,,1157,1,782306da-f7e5-4252-97d9-cbfeb58973a0,,1,True,b98ad3b7-8ef4-11f1-9b18-005056b2a5de,03__SKH__ORT__PMI__32,ORION Toonies Snack Phô Mai Bùng Nổ 32g,Snack Khác,ORION Toonies,,,a38f9189-ad87-11ef-a35e-005056b28600,
b8468f8e-8ef4-11f1-9b18-005056b2a5de,03__SKH__ORT__PMI__32,Kho Kệ,Bịch,Kho Kệ,0.0,,3.0,,3.0,,0.0,,1158,0,782306da-f7e5-4252-97d9-cbfeb58973a0,782306da-f7e5-4252-97d9-cbfeb58973a0,2,False,b98ad476-8ef4-11f1-9b18-005056b2a5de,03__SKH__ORT__PMI__32,ORION Toonies Snack Phô Mai Bùng Nổ 32g,Snack Khác,ORION Toonies,,aca0e3b9-1e75-496e-84ff-e96c9084f53f,a38f9189-ad87-11ef-a35e-005056b28600,CÔNG TY TNHH THƯƠNG MẠI VÀ DỊCH VỤ MIRA GROUP
b8468f8e-8ef4-11f1-9b18-005056b2a5de,03__SKH__ORT__PMI__60,ORION Toonies Snack Phô Mai Bùng Nổ 60g,Bịch,Tổng,0.0,,24.0,,21.0,,3.0,,1159,1,bb964480-8d6a-4230-849a-87cc068bfccb,,1,True,b98ad53b-8ef4-11f1-9b18-005056b2a5de,03__SKH__ORT__PMI__60,ORION Toonies Snack Phô Mai Bùng Nổ 60g,Snack Khác,ORION Toonies,,,a38f9189-ad87-11ef-a35e-005056b28600,
b8468f8e-8ef4-11f1-9b18-005056b2a5de,03__SKH__ORT__PMI__60,Kho Kệ,Bịch,Kho Kệ,-8.0,,24.0,,21.0,,-5.0,,1160,0,bb964480-8d6a-4230-849a-87cc068bfccb,bb964480-8d6a-4230-849a-87cc068bfccb,2,False,b98ad600-8ef4-11f1-9b18-005056b2a5de,03__SKH__ORT__PMI__60,ORION Toonies Snack Phô Mai Bùng Nổ 60g,Snack Khác,ORION Toonies,,aca0e3b9-1e75-496e-84ff-e96c9084f53f,a38f9189-ad87-11ef-a35e-005056b28600,CÔNG TY TNHH THƯƠNG MẠI VÀ DỊCH VỤ MIRA GROUP
b8468f8e-8ef4-11f1-9b18-005056b2a5de,03__SKH__ORT__PMI__60,Kho MIRA,Bịch,Kho MIRA,8.0,,0.0,,0.0,,8.0,,1161,0,bb964480-8d6a-4230-849a-87cc068bfccb,bb964480-8d6a-4230-849a-87cc068bfccb,2,False,b98ad6cd-8ef4-11f1-9b18-005056b2a5de,03__SKH__ORT__PMI__60,ORION Toonies Snack Phô Mai Bùng Nổ 60g,Snack Khác,ORION Toonies,,485b5d06-306c-11f0-b467-005056b34af7,a38f9189-ad87-11ef-a35e-005056b28600,CÔNG TY TNHH THƯƠNG MẠI VÀ DỊCH VỤ MIRA GROUP
b8468f8e-8ef4-11f1-9b18-005056b2a5de,03__SKH__ORT__SOC__60,ORION Toonies Snack Socola 60g,Bịch,Tổng,6.0,,12.0,,6.0,,12.0,,1162,1,207ce9d4-c1cd-4ede-a640-7b3913727c23,,1,True,b98ad79a-8ef4-11f1-9b18-005056b2a5de,03__SKH__ORT__SOC__60,ORION Toonies Snack Socola 60g,Snack Khác,ORION Toonies,,,a38f9189-ad87-11ef-a35e-005056b28600,
b8468f8e-8ef4-11f1-9b18-005056b2a5de,03__SKH__ORT__SOC__60,Kho Kệ,Bịch,Kho Kệ,6.0,,12.0,,6.0,,12.0,,1163,0,207ce9d4-c1cd-4ede-a640-7b3913727c23,207ce9d4-c1cd-4ede-a640-7b3913727c23,2,False,b98ad861-8ef4-11f1-9b18-005056b2a5de,03__SKH__ORT__SOC__60,ORION Toonies Snack Socola 60g,Snack Khác,ORION Toonies,,aca0e3b9-1e75-496e-84ff-e96c9084f53f,a38f9189-ad87-11ef-a35e-005056b28600,CÔNG TY TNHH THƯƠNG MẠI VÀ DỊCH VỤ MIRA GROUP
b8468f8e-8ef4-11f1-9b18-005056b2a5de,03__SKH__POC__BBQ__60,POCA Snack Que Giòn Sườn Nướng BBQ 60g,Bịch,Tổng,2.0,,0.0,,0.0,,2.0,,1164,1,ef9f5a32-da0f-4191-bef3-2ed441241f21,,1,True,b98ad926-8ef4-11f1-9b18-005056b2a5de,03__SKH__POC__BBQ__60,POCA Snack Que Giòn Sườn Nướng BBQ 60g,Snack Khác,POCA,,,a38f9189-ad87-11ef-a35e-005056b28600,
b8468f8e-8ef4-11f1-9b18-005056b2a5de,03__SKH__POC__BBQ__60,Kho Kệ,Bịch,Kho Kệ,2.0,,0.0,,0.0,,2.0,,1165,0,ef9f5a32-da0f-4191-bef3-2ed441241f21,ef9f5a32-da0f-4191-bef3-2ed441241f21,2,False,b98ad9e6-8ef4-11f1-9b18-005056b2a5de,03__SKH__POC__BBQ__60,POCA Snack Que Giòn Sườn Nướng BBQ 60g,Snack Khác,POCA,,aca0e3b9-1e75-496e-84ff-e96c9084f53f,a38f9189-ad87-11ef-a35e-005056b28600,CÔNG TY TNHH THƯƠNG MẠI VÀ DỊCH VỤ MIRA GROUP
b8468f8e-8ef4-11f1-9b18-005056b2a5de,03__SKH__POC__GAQ__60,POCA Snack Gà Quay Da Giòn 60g,Bịch,Tổng,-10.0,,0.0,,0.0,,-10.0,,1166,1,e5486ff3-0721-4b6b-8073-25ab68b4a39a,,1,True,b98adaac-8ef4-11f1-9b18-005056b2a5de,03__SKH__POC__GAQ__60,POCA Snack Gà Quay Da Giòn 60g,Snack Khác,POCA,,,a38f9189-ad87-11ef-a35e-005056b28600,
b8468f8e-8ef4-11f1-9b18-005056b2a5de,03__SKH__POC__GAQ__60,Kho Kệ,Bịch,Kho Kệ,-10.0,,0.0,,0.0,,-10.0,,1167,0,e5486ff3-0721-4b6b-8073-25ab68b4a39a,e5486ff3-0721-4b6b-8073-25ab68b4a39a,2,False,b98adb6c-8ef4-11f1-9b18-005056b2a5de,03__SKH__POC__GAQ__60,POCA Snack Gà Quay Da Giòn 60g,Snack Khác,POCA,,aca0e3b9-1e75-496e-84ff-e96c9084f53f,a38f9189-ad87-11ef-a35e-005056b28600,CÔNG TY TNHH THƯƠNG MẠI VÀ DỊCH VỤ MIRA GROUP
b8468f8e-8ef4-11f1-9b18-005056b2a5de,03__SKH__POC__TAO__60,POCA Snack Cua Vị Tảo Biển 60g,Bịch,Tổng,4.0,,0.0,,0.0,,4.0,,1168,1,e70f642d-ac63-44c2-8e5a-5ff273db1b18,,1,True,b98adce1-8ef4-11f1-9b18-005056b2a5de,03__SKH__POC__TAO__60,POCA Snack Cua Vị Tảo Biển 60g,Snack Khác,POCA,,,a38f9189-ad87-11ef-a35e-005056b28600,
b8468f8e-8ef4-11f1-9b18-005056b2a5de,03__SKH__POC__TAO__60,Kho Kệ,Bịch,Kho Kệ,4.0,,0.0,,0.0,,4.0,,1169,0,e70f642d-ac63-44c2-8e5a-5ff273db1b18,e70f642d-ac63-44c2-8e5a-5ff273db1b18,2,False,b98adda6-8ef4-11f1-9b18-005056b2a5de,03__SKH__POC__TAO__60,POCA Snack Cua Vị Tảo Biển 60g,Snack Khác,POCA,,aca0e3b9-1e75-496e-84ff-e96c9084f53f,a38f9189-ad87-11ef-a35e-005056b28600,CÔNG TY TNHH THƯƠNG MẠI VÀ DỊCH VỤ MIRA GROUP
b8468f8e-8ef4-11f1-9b18-005056b2a5de,03__SKH__SBT__GLT__285,SBT Lương Khô Ăn Kiêng Gạo Lứt 285g,Bịch,Tổng,3.0,,10.0,,3.0,,10.0,,1170,1,8a7929ea-d873-493c-a9be-5047bcf9d7c0,,1,True,b98ade7f-8ef4-11f1-9b18-005056b2a5de,03__SKH__SBT__GLT__285,SBT Lương Khô Ăn Kiêng Gạo Lứt 285g,Snack Khác,SBT,,,a38f9189-ad87-11ef-a35e-005056b28600,
b8468f8e-8ef4-11f1-9b18-005056b2a5de,03__SKH__SBT__GLT__285,Kho Kệ,Bịch,Kho Kệ,3.0,,10.0,,3.0,,10.0,,1171,0,8a7929ea-d873-493c-a9be-5047bcf9d7c0,8a7929ea-d873-493c-a9be-5047bcf9d7c0,2,False,b98adf3d-8ef4-11f1-9b18-005056b2a5de,03__SKH__SBT__GLT__285,SBT Lương Khô Ăn Kiêng Gạo Lứt 285g,Snack Khác,SBT,,aca0e3b9-1e75-496e-84ff-e96c9084f53f,a38f9189-ad87-11ef-a35e-005056b28600,CÔNG TY TNHH THƯƠNG MẠI VÀ DỊCH VỤ MIRA GROUP
b8468f8e-8ef4-11f1-9b18-005056b2a5de,03__SKH__SBT__HDU__285,SBT Lương Khô Hạt Điều 285g,Bịch,Tổng,7.0,,12.0,,4.0,,15.0,,1172,1,8ebdefaa-9d9e-46e7-ade9-06d9893ce2c1,,1,True,b98ae00d-8ef4-11f1-9b18-005056b2a5de,03__SKH__SBT__HDU__285,SBT Lương Khô Hạt Điều 285g,Snack Khác,SBT,,,a38f9189-ad87-11ef-a35e-005056b28600,
b8468f8e-8ef4-11f1-9b18-005056b2a5de,03__SKH__SBT__HDU__285,Kho Kệ,Bịch,Kho Kệ,7.0,,12.0,,4.0,,15.0,,1173,0,8ebdefaa-9d9e-46e7-ade9-06d9893ce2c1,8ebdefaa-9d9e-46e7-ade9-06d9893ce2c1,2,False,b98ae0ca-8ef4-11f1-9b18-005056b2a5de,03__SKH__SBT__HDU__285,SBT Lương Khô Hạt Điều 285g,Snack Khác,SBT,,aca0e3b9-1e75-496e-84ff-e96c9084f53f,a38f9189-ad87-11ef-a35e-005056b28600,CÔNG TY TNHH THƯƠNG MẠI VÀ DỊCH VỤ MIRA GROUP
b8468f8e-8ef4-11f1-9b18-005056b2a5de,03__SKH__SBT__OCH__285,SBT Lương Khô Óc Chó 285g,Bịch,Tổng,7.0,,10.0,,4.0,,13.0,,1174,1,b3f98591-dd6d-4695-add5-0f06f53f9021,,1,True,b98ae18f-8ef4-11f1-9b18-005056b2a5de,03__SKH__SBT__OCH__285,SBT Lương Khô Óc Chó 285g,Snack Khác,SBT,,,a38f9189-ad87-11ef-a35e-005056b28600,
b8468f8e-8ef4-11f1-9b18-005056b2a5de,03__SKH__SBT__OCH__285,Kho Kệ,Bịch,Kho Kệ,7.0,,10.0,,4.0,,13.0,,1175,0,b3f98591-dd6d-4695-add5-0f06f53f9021,b3f98591-dd6d-4695-add5-0f06f53f9021,2,False,b98ae247-8ef4-11f1-9b18-005056b2a5de,03__SKH__SBT__OCH__285,SBT Lương Khô Óc Chó 285g,Snack Khác,SBT,,aca0e3b9-1e75-496e-84ff-e96c9084f53f,a38f9189-ad87-11ef-a35e-005056b28600,CÔNG TY TNHH THƯƠNG MẠI VÀ DỊCH VỤ MIRA GROUP
b8468f8e-8ef4-11f1-9b18-005056b2a5de,03__SKH__SBT__SOC__285,SBT Lương Khô Socola Chip 285g,Bịch,Tổng,7.0,,10.0,,3.0,,14.0,,1176,1,b67abbe2-916f-49be-b560-5af2afc0eb9d,,1,True,b98ae309-8ef4-11f1-9b18-005056b2a5de,03__SKH__SBT__SOC__285,SBT Lương Khô Socola Chip 285g,Snack Khác,SBT,,,a38f9189-ad87-11ef-a35e-005056b28600,
b8468f8e-8ef4-11f1-9b18-005056b2a5de,03__SKH__SBT__SOC__285,Kho Kệ,Bịch,Kho Kệ,7.0,,10.0,,3.0,,14.0,,1177,0,b67abbe2-916f-49be-b560-5af2afc0eb9d,b67abbe2-916f-49be-b560-5af2afc0eb9d,2,False,b98ae3d6-8ef4-11f1-9b18-005056b2a5de,03__SKH__SBT__SOC__285,SBT Lương Khô Socola Chip 285g,Snack Khác,SBT,,aca0e3b9-1e75-496e-84ff-e96c9084f53f,a38f9189-ad87-11ef-a35e-005056b28600,CÔNG TY TNHH THƯƠNG MẠI VÀ DỊCH VỤ MIRA GROUP
b8468f8e-8ef4-11f1-9b18-005056b2a5de,03__SKT__LAY__BBQ__53,LAYS Snack Vị Sườn Nướng BBQ Brazil Bịch 53g,Bịch,Tổng,12.0,,20.0,,11.0,,21.0,,1178,1,75d560ab-6537-4c4c-a866-e89764acc83f,,1,True,b98ae4a3-8ef4-11f1-9b18-005056b2a5de,03__SKT__LAY__BBQ__53,LAYS Snack Vị Sườn Nướng BBQ Brazil Bịch 53g,Snack Khoai Tây,LAYS,,,a38f9189-ad87-11ef-a35e-005056b28600,
b8468f8e-8ef4-11f1-9b18-005056b2a5de,03__SKT__LAY__BBQ__53,Kho Kệ,Bịch,Kho Kệ,2.0,,20.0,,11.0,,11.0,,1179,0,75d560ab-6537-4c4c-a866-e89764acc83f,75d560ab-6537-4c4c-a866-e89764acc83f,2,False,b98ae563-8ef4-11f1-9b18-005056b2a5de,03__SKT__LAY__BBQ__53,LAYS Snack Vị Sườn Nướng BBQ Brazil Bịch 53g,Snack Khoai Tây,LAYS,,aca0e3b9-1e75-496e-84ff-e96c9084f53f,a38f9189-ad87-11ef-a35e-005056b28600,CÔNG TY TNHH THƯƠNG MẠI VÀ DỊCH VỤ MIRA GROUP
b8468f8e-8ef4-11f1-9b18-005056b2a5de,03__SKT__LAY__BBQ__53,Kho MIRA,Bịch,Kho MIRA,10.0,,0.0,,0.0,,10.0,,1180,0,75d560ab-6537-4c4c-a866-e89764acc83f,75d560ab-6537-4c4c-a866-e89764acc83f,2,False,b98ae62e-8ef4-11f1-9b18-005056b2a5de,03__SKT__LAY__BBQ__53,LAYS Snack Vị Sườn Nướng BBQ Brazil Bịch 53g,Snack Khoai Tây,LAYS,,485b5d06-306c-11f0-b467-005056b34af7,a38f9189-ad87-11ef-a35e-005056b28600,CÔNG TY TNHH THƯƠNG MẠI VÀ DỊCH VỤ MIRA GROUP
b8468f8e-8ef4-11f1-9b18-005056b2a5de,03__SKT__LAY__BBQ__90,LAYS Snack Vị Sườn Nướng BBQ Brazil Bịch 90g,Bịch,Tổng,21.0,,0.0,,6.0,,15.0,,1181,1,151de13f-105b-4a55-9aec-b85e7589e12f,,1,True,b98ae6f5-8ef4-11f1-9b18-005056b2a5de,03__SKT__LAY__BBQ__90,LAYS Snack Vị Sườn Nướng BBQ Brazil Bịch 90g,Snack Khoai Tây,LAYS,,,a38f9189-ad87-11ef-a35e-005056b28600,
b8468f8e-8ef4-11f1-9b18-005056b2a5de,03__SKT__LAY__BBQ__90,Kho Kệ,Bịch,Kho Kệ,1.0,,0.0,,6.0,,-5.0,,1182,0,151de13f-105b-4a55-9aec-b85e7589e12f,151de13f-105b-4a55-9aec-b85e7589e12f,2,False,b98ae8b9-8ef4-11f1-9b18-005056b2a5de,03__SKT__LAY__BBQ__90,LAYS Snack Vị Sườn Nướng BBQ Brazil Bịch 90g,Snack Khoai Tây,LAYS,,aca0e3b9-1e75-496e-84ff-e96c9084f53f,a38f9189-ad87-11ef-a35e-005056b28600,CÔNG TY TNHH THƯƠNG MẠI VÀ DỊCH VỤ MIRA GROUP
b8468f8e-8ef4-11f1-9b18-005056b2a5de,03__SKT__LAY__BBQ__90,Kho MIRA,Bịch,Kho MIRA,20.0,,0.0,,0.0,,20.0,,1183,0,151de13f-105b-4a55-9aec-b85e7589e12f,151de13f-105b-4a55-9aec-b85e7589e12f,2,False,b98aea36-8ef4-11f1-9b18-005056b2a5de,03__SKT__LAY__BBQ__90,LAYS Snack Vị Sườn Nướng BBQ Brazil Bịch 90g,Snack Khoai Tây,LAYS,,485b5d06-306c-11f0-b467-005056b34af7,a38f9189-ad87-11ef-a35e-005056b28600,CÔNG TY TNHH THƯƠNG MẠI VÀ DỊCH VỤ MIRA GROUP
b8468f8e-8ef4-11f1-9b18-005056b2a5de,03__SKT__LAY__BOW__100,LAYS STAX Khoai Tây Miếng Vị Bò Wagyu Xốt Nấm Truffle Lon 100g,Lon,Tổng,0.0,,12.0,,4.0,,8.0,,1184,1,e4ff48cb-c2ab-4268-b411-78f207bfc51f,,1,True,b98aeb5d-8ef4-11f1-9b18-005056b2a5de,03__SKT__LAY__BOW__100,LAYS STAX Khoai Tây Miếng Vị Bò Wagyu Xốt Nấm Truffle Lon 100g,Snack Khoai Tây,LAYS STAX,,,a38f9189-ad87-11ef-a35e-005056b28600,
b8468f8e-8ef4-11f1-9b18-005056b2a5de,03__SKT__LAY__BOW__100,Kho Kệ,Lon,Kho Kệ,0.0,,12.0,,4.0,,8.0,,1185,0,e4ff48cb-c2ab-4268-b411-78f207bfc51f,e4ff48cb-c2ab-4268-b411-78f207bfc51f,2,False,b98aec7f-8ef4-11f1-9b18-005056b2a5de,03__SKT__LAY__BOW__100,LAYS STAX Khoai Tây Miếng Vị Bò Wagyu Xốt Nấm Truffle Lon 100g,Snack Khoai Tây,LAYS STAX,,aca0e3b9-1e75-496e-84ff-e96c9084f53f,a38f9189-ad87-11ef-a35e-005056b28600,CÔNG TY TNHH THƯƠNG MẠI VÀ DỊCH VỤ MIRA GROUP
b8468f8e-8ef4-11f1-9b18-005056b2a5de,03__SKT__LAY__LON__42,LAYS STAX Khoai Tây Miếng Vị Tôm Hùm Nướng Lon 42g,Lon,Tổng,45.0,,0.0,,1.0,,44.0,,1186,1,487398f4-8149-4ce0-a757-5795f2c84659,,1,True,b98aed55-8ef4-11f1-9b18-005056b2a5de,03__SKT__LAY__LON__42,LAYS STAX Khoai Tây Miếng Vị Tôm Hùm Nướng Lon 42g,Snack Khoai Tây,LAYS STAX,,,a38f9189-ad87-11ef-a35e-005056b28600,
b8468f8e-8ef4-11f1-9b18-005056b2a5de,03__SKT__LAY__LON__42,Kho Kệ,Lon,Kho Kệ,45.0,,0.0,,1.0,,44.0,,1187,0,487398f4-8149-4ce0-a757-5795f2c84659,487398f4-8149-4ce0-a757-5795f2c84659,2,False,b98aee23-8ef4-11f1-9b18-005056b2a5de,03__SKT__LAY__LON__42,LAYS STAX Khoai Tây Miếng Vị Tôm Hùm Nướng Lon 42g,Snack Khoai Tây,LAYS STAX,,aca0e3b9-1e75-496e-84ff-e96c9084f53f,a38f9189-ad87-11ef-a35e-005056b28600,CÔNG TY TNHH THƯƠNG MẠI VÀ DỊCH VỤ MIRA GROUP
b8468f8e-8ef4-11f1-9b18-005056b2a5de,03__SKT__LAY__MUC__100,LAYS STAX Vị Mực Xốt Cay Lon 100g,Lon,Tổng,4.0,,14.0,,5.0,,13.0,,1188,1,d57c127d-d310-4b8f-890f-bdd52f7bf623,,1,True,b98aeefb-8ef4-11f1-9b18-005056b2a5de,03__SKT__LAY__MUC__100,LAYS STAX Vị Mực Xốt Cay Lon 100g,Snack Khoai Tây,LAYS STAX,,,a38f9189-ad87-11ef-a35e-005056b28600,
b8468f8e-8ef4-11f1-9b18-005056b2a5de,03__SKT__LAY__MUC__100,Kho Kệ,Lon,Kho Kệ,4.0,,14.0,,5.0,,13.0,,1189,0,d57c127d-d310-4b8f-890f-bdd52f7bf623,d57c127d-d310-4b8f-890f-bdd52f7bf623,2,False,b98aefb8-8ef4-11f1-9b18-005056b2a5de,03__SKT__LAY__MUC__100,LAYS STAX Vị Mực Xốt Cay Lon 100g,Snack Khoai Tây,LAYS STAX,,aca0e3b9-1e75-496e-84ff-e96c9084f53f,a38f9189-ad87-11ef-a35e-005056b28600,CÔNG TY TNHH THƯƠNG MẠI VÀ DỊCH VỤ MIRA GROUP
b8468f8e-8ef4-11f1-9b18-005056b2a5de,03__SKT__LAY__PAQ__42,LAYS STAX Khoai Tây Miếng Vị Phô Mai Anh Quốc Lon 42g,Lon,Tổng,24.0,,0.0,,2.0,,22.0,,1190,1,0fe5b0ee-d7af-42f5-8b63-f405c51d18ea,,1,True,b98af083-8ef4-11f1-9b18-005056b2a5de,03__SKT__LAY__PAQ__42,LAYS STAX Khoai Tây Miếng Vị Phô Mai Anh Quốc Lon 42g,Snack Khoai Tây,LAYS STAX,,,a38f9189-ad87-11ef-a35e-005056b28600,
b8468f8e-8ef4-11f1-9b18-005056b2a5de,03__SKT__LAY__PAQ__42,Kho Kệ,Lon,Kho Kệ,24.0,,0.0,,2.0,,22.0,,1191,0,0fe5b0ee-d7af-42f5-8b63-f405c51d18ea,0fe5b0ee-d7af-42f5-8b63-f405c51d18ea,2,False,b98af13c-8ef4-11f1-9b18-005056b2a5de,03__SKT__LAY__PAQ__42,LAYS STAX Khoai Tây Miếng Vị Phô Mai Anh Quốc Lon 42g,Snack Khoai Tây,LAYS STAX,,aca0e3b9-1e75-496e-84ff-e96c9084f53f,a38f9189-ad87-11ef-a35e-005056b28600,CÔNG TY TNHH THƯƠNG MẠI VÀ DỊCH VỤ MIRA GROUP
b8468f8e-8ef4-11f1-9b18-005056b2a5de,03__SKT__LAY__PAQ__90,LAYS STAX Khoai Tây Miếng Vị Phô Mai Anh Quốc Lon 90g,Lon,Tổng,26.0,,0.0,,2.0,,24.0,,1192,1,ab6203ea-620a-49c1-b315-8d778370019d,,1,True,b98af1fc-8ef4-11f1-9b18-005056b2a5de,03__SKT__LAY__PAQ__90,LAYS STAX Khoai Tây Miếng Vị Phô Mai Anh Quốc Lon 90g,Snack Khoai Tây,LAYS STAX,,,a38f9189-ad87-11ef-a35e-005056b28600,
b8468f8e-8ef4-11f1-9b18-005056b2a5de,03__SKT__LAY__PAQ__90,Kho Kệ,Lon,Kho Kệ,26.0,,0.0,,2.0,,24.0,,1193,0,ab6203ea-620a-49c1-b315-8d778370019d,ab6203ea-620a-49c1-b315-8d778370019d,2,False,b98af2f8-8ef4-11f1-9b18-005056b2a5de,03__SKT__LAY__PAQ__90,LAYS STAX Khoai Tây Miếng Vị Phô Mai Anh Quốc Lon 90g,Snack Khoai Tây,LAYS STAX,,aca0e3b9-1e75-496e-84ff-e96c9084f53f,a38f9189-ad87-11ef-a35e-005056b28600,CÔNG TY TNHH THƯƠNG MẠI VÀ DỊCH VỤ MIRA GROUP
b8468f8e-8ef4-11f1-9b18-005056b2a5de,03__SKT__LAY__PMI__100,LAYS STAX Khoai Tây Miếng Vị Phô Mai Lon 100g,Lon,Tổng,1.0,,0.0,,0.0,,1.0,,1194,1,99e39752-9389-462b-bdbc-88a1c01f40e0,,1,True,b98af410-8ef4-11f1-9b18-005056b2a5de,03__SKT__LAY__PMI__100,LAYS STAX Khoai Tây Miếng Vị Phô Mai Lon 100g,Snack Khoai Tây,LAYS STAX,,,a38f9189-ad87-11ef-a35e-005056b28600,
b8468f8e-8ef4-11f1-9b18-005056b2a5de,03__SKT__LAY__PMI__100,Kho Kệ,Lon,Kho Kệ,1.0,,0.0,,0.0,,1.0,,1195,0,99e39752-9389-462b-bdbc-88a1c01f40e0,99e39752-9389-462b-bdbc-88a1c01f40e0,2,False,b98af52e-8ef4-11f1-9b18-005056b2a5de,03__SKT__LAY__PMI__100,LAYS STAX Khoai Tây Miếng Vị Phô Mai Lon 100g,Snack Khoai Tây,LAYS STAX,,aca0e3b9-1e75-496e-84ff-e96c9084f53f,a38f9189-ad87-11ef-a35e-005056b28600,CÔNG TY TNHH THƯƠNG MẠI VÀ DỊCH VỤ MIRA GROUP
b8468f8e-8ef4-11f1-9b18-005056b2a5de,03__SKT__LAY__PMI__42,LAYS STAX Khoai Tây Miếng Vị Phô Mai Lon 42g,Lon,Tổng,10.0,,0.0,,0.0,,10.0,,1196,1,ccc6aff8-c587-4778-81fa-9bb630a28d86,,1,True,b98af66a-8ef4-11f1-9b18-005056b2a5de,03__SKT__LAY__PMI__42,LAYS STAX Khoai Tây Miếng Vị Phô Mai Lon 42g,Snack Khoai Tây,LAYS STAX,,,a38f9189-ad87-11ef-a35e-005056b28600,
b8468f8e-8ef4-11f1-9b18-005056b2a5de,03__SKT__LAY__PMI__42,Kho Kệ,Lon,Kho Kệ,10.0,,0.0,,0.0,,10.0,,1197,0,ccc6aff8-c587-4778-81fa-9bb630a28d86,ccc6aff8-c587-4778-81fa-9bb630a28d86,2,False,b98af78c-8ef4-11f1-9b18-005056b2a5de,03__SKT__LAY__PMI__42,LAYS STAX Khoai Tây Miếng Vị Phô Mai Lon 42g,Snack Khoai Tây,LAYS STAX,,aca0e3b9-1e75-496e-84ff-e96c9084f53f,a38f9189-ad87-11ef-a35e-005056b28600,CÔNG TY TNHH THƯƠNG MẠI VÀ DỊCH VỤ MIRA GROUP
b8468f8e-8ef4-11f1-9b18-005056b2a5de,03__SKT__LAY__PMI__53,LAYS Snack Vị Phô Mai Cheddar Bịch 53g,Bịch,Tổng,25.0,,0.0,,5.0,,20.0,,1198,1,48bf359b-08b8-41b4-8059-64e7be28c037,,1,True,b98af857-8ef4-11f1-9b18-005056b2a5de,03__SKT__LAY__PMI__53,LAYS Snack Vị Phô Mai Cheddar Bịch 53g,Snack Khoai Tây,LAYS,,,a38f9189-ad87-11ef-a35e-005056b28600,
b8468f8e-8ef4-11f1-9b18-005056b2a5de,03__SKT__LAY__PMI__53,Kho Kệ,Bịch,Kho Kệ,5.0,,0.0,,5.0,,0.0,,1199,0,48bf359b-08b8-41b4-8059-64e7be28c037,48bf359b-08b8-41b4-8059-64e7be28c037,2,False,b98af91c-8ef4-11f1-9b18-005056b2a5de,03__SKT__LAY__PMI__53,LAYS Snack Vị Phô Mai Cheddar Bịch 53g,Snack Khoai Tây,LAYS,,aca0e3b9-1e75-496e-84ff-e96c9084f53f,a38f9189-ad87-11ef-a35e-005056b28600,CÔNG TY TNHH THƯƠNG MẠI VÀ DỊCH VỤ MIRA GROUP
b8468f8e-8ef4-11f1-9b18-005056b2a5de,03__SKT__LAY__PMI__53,Kho MIRA,Bịch,Kho MIRA,20.0,,0.0,,0.0,,20.0,,1200,0,48bf359b-08b8-41b4-8059-64e7be28c037,48bf359b-08b8-41b4-8059-64e7be28c037,2,False,b98af9eb-8ef4-11f1-9b18-005056b2a5de,03__SKT__LAY__PMI__53,LAYS Snack Vị Phô Mai Cheddar Bịch 53g,Snack Khoai Tây,LAYS,,485b5d06-306c-11f0-b467-005056b34af7,a38f9189-ad87-11ef-a35e-005056b28600,CÔNG TY TNHH THƯƠNG MẠI VÀ DỊCH VỤ MIRA GROUP
b8468f8e-8ef4-11f1-9b18-005056b2a5de,03__SKT__LAY__PMI_53,LAYS Snack Vị Tôm Càng Đút Lò Phô Mai Tan Chảy 53g,Bịch,Tổng,17.0,,0.0,,12.0,,5.0,,1201,1,ca01e233-f7fc-4fa6-8515-4f5f209bc3cf,,1,True,b98afb8d-8ef4-11f1-9b18-005056b2a5de,03__SKT__LAY__PMI_53,LAYS Snack Vị Tôm Càng Đút Lò Phô Mai Tan Chảy 53g,Snack Khoai Tây,LAYS,,,a38f9189-ad87-11ef-a35e-005056b28600,
b8468f8e-8ef4-11f1-9b18-005056b2a5de,03__SKT__LAY__PMI_53,Kho Kệ,Bịch,Kho Kệ,-3.0,,0.0,,12.0,,-15.0,,1202,0,ca01e233-f7fc-4fa6-8515-4f5f209bc3cf,ca01e233-f7fc-4fa6-8515-4f5f209bc3cf,2,False,b98afc5a-8ef4-11f1-9b18-005056b2a5de,03__SKT__LAY__PMI_53,LAYS Snack Vị Tôm Càng Đút Lò Phô Mai Tan Chảy 53g,Snack Khoai Tây,LAYS,,aca0e3b9-1e75-496e-84ff-e96c9084f53f,a38f9189-ad87-11ef-a35e-005056b28600,CÔNG TY TNHH THƯƠNG MẠI VÀ DỊCH VỤ MIRA GROUP
b8468f8e-8ef4-11f1-9b18-005056b2a5de,03__SKT__LAY__PMI_53,Kho MIRA,Bịch,Kho MIRA,20.0,,0.0,,0.0,,20.0,,1203,0,ca01e233-f7fc-4fa6-8515-4f5f209bc3cf,ca01e233-f7fc-4fa6-8515-4f5f209bc3cf,2,False,b98afd25-8ef4-11f1-9b18-005056b2a5de,03__SKT__LAY__PMI_53,LAYS Snack Vị Tôm Càng Đút Lò Phô Mai Tan Chảy 53g,Snack Khoai Tây,LAYS,,485b5d06-306c-11f0-b467-005056b34af7,a38f9189-ad87-11ef-a35e-005056b28600,CÔNG TY TNHH THƯƠNG MẠI VÀ DỊCH VỤ MIRA GROUP
b8468f8e-8ef4-11f1-9b18-005056b2a5de,03__SKT__LAY__TAO__53,LAYS Snack Vị Tảo Biển Nori Bịch 53g,Bịch,Tổng,24.0,,20.0,,32.0,,12.0,,1204,1,cc473853-ad60-4c01-b99e-fd5be65e3ee8,,1,True,b98afde8-8ef4-11f1-9b18-005056b2a5de,03__SKT__LAY__TAO__53,LAYS Snack Vị Tảo Biển Nori Bịch 53g,Snack Khoai Tây,LAYS,,,a38f9189-ad87-11ef-a35e-005056b28600,
b8468f8e-8ef4-11f1-9b18-005056b2a5de,03__SKT__LAY__TAO__53,Kho Kệ,Bịch,Kho Kệ,0.0,,20.0,,32.0,,-12.0,,1205,0,cc473853-ad60-4c01-b99e-fd5be65e3ee8,cc473853-ad60-4c01-b99e-fd5be65e3ee8,2,False,b98afed4-8ef4-11f1-9b18-005056b2a5de,03__SKT__LAY__TAO__53,LAYS Snack Vị Tảo Biển Nori Bịch 53g,Snack Khoai Tây,LAYS,,aca0e3b9-1e75-496e-84ff-e96c9084f53f,a38f9189-ad87-11ef-a35e-005056b28600,CÔNG TY TNHH THƯƠNG MẠI VÀ DỊCH VỤ MIRA GROUP
b8468f8e-8ef4-11f1-9b18-005056b2a5de,03__SKT__LAY__TAO__53,Kho MIRA,Bịch,Kho MIRA,24.0,,0.0,,0.0,,24.0,,1206,0,cc473853-ad60-4c01-b99e-fd5be65e3ee8,cc473853-ad60-4c01-b99e-fd5be65e3ee8,2,False,b98affa3-8ef4-11f1-9b18-005056b2a5de,03__SKT__LAY__TAO__53,LAYS Snack Vị Tảo Biển Nori Bịch 53g,Snack Khoai Tây,LAYS,,485b5d06-306c-11f0-b467-005056b34af7,a38f9189-ad87-11ef-a35e-005056b28600,CÔNG TY TNHH THƯƠNG MẠI VÀ DỊCH VỤ MIRA GROUP
b8468f8e-8ef4-11f1-9b18-005056b2a5de,03__SKT__LAY__TEX__53,LAYS Snack Vị Thăn Bò Nướng Texas 53g,Bịch,Tổng,31.0,,34.0,,33.0,,32.0,,1207,1,ab47cafc-13d6-4b9c-88fc-5a5ace295d5c,,1,True,b98b006e-8ef4-11f1-9b18-005056b2a5de,03__SKT__LAY__TEX__53,LAYS Snack Vị Thăn Bò Nướng Texas 53g,Snack Khoai Tây,LAYS,,,a38f9189-ad87-11ef-a35e-005056b28600,
b8468f8e-8ef4-11f1-9b18-005056b2a5de,03__SKT__LAY__TEX__53,Kho Kệ,Bịch,Kho Kệ,2.0,,34.0,,33.0,,3.0,,1208,0,ab47cafc-13d6-4b9c-88fc-5a5ace295d5c,ab47cafc-13d6-4b9c-88fc-5a5ace295d5c,2,False,b98b0133-8ef4-11f1-9b18-005056b2a5de,03__SKT__LAY__TEX__53,LAYS Snack Vị Thăn Bò Nướng Texas 53g,Snack Khoai Tây,LAYS,,aca0e3b9-1e75-496e-84ff-e96c9084f53f,a38f9189-ad87-11ef-a35e-005056b28600,CÔNG TY TNHH THƯƠNG MẠI VÀ DỊCH VỤ MIRA GROUP
b8468f8e-8ef4-11f1-9b18-005056b2a5de,03__SKT__LAY__TEX__53,Kho MIRA,Bịch,Kho MIRA,29.0,,0.0,,0.0,,29.0,,1209,0,ab47cafc-13d6-4b9c-88fc-5a5ace295d5c,ab47cafc-13d6-4b9c-88fc-5a5ace295d5c,2,False,b98b0201-8ef4-11f1-9b18-005056b2a5de,03__SKT__LAY__TEX__53,LAYS Snack Vị Thăn Bò Nướng Texas 53g,Snack Khoai Tây,LAYS,,485b5d06-306c-11f0-b467-005056b34af7,a38f9189-ad87-11ef-a35e-005056b28600,CÔNG TY TNHH THƯƠNG MẠI VÀ DỊCH VỤ MIRA GROUP
b8468f8e-8ef4-11f1-9b18-005056b2a5de,03__SKT__LAY__TEX__90,LAYS Snack Vị Thăn Bò Nướng Texas 90g,Bịch,Tổng,36.0,,10.0,,23.0,,23.0,,1210,1,661713c2-1f8c-43ff-8413-d5fdfa96edaa,,1,True,b98b02c8-8ef4-11f1-9b18-005056b2a5de,03__SKT__LAY__TEX__90,LAYS Snack Vị Thăn Bò Nướng Texas 90g,Snack Khoai Tây,LAYS,,,a38f9189-ad87-11ef-a35e-005056b28600,
b8468f8e-8ef4-11f1-9b18-005056b2a5de,03__SKT__LAY__TEX__90,Kho Kệ,Bịch,Kho Kệ,-4.0,,10.0,,23.0,,-17.0,,1211,0,661713c2-1f8c-43ff-8413-d5fdfa96edaa,661713c2-1f8c-43ff-8413-d5fdfa96edaa,2,False,b98b0387-8ef4-11f1-9b18-005056b2a5de,03__SKT__LAY__TEX__90,LAYS Snack Vị Thăn Bò Nướng Texas 90g,Snack Khoai Tây,LAYS,,aca0e3b9-1e75-496e-84ff-e96c9084f53f,a38f9189-ad87-11ef-a35e-005056b28600,CÔNG TY TNHH THƯƠNG MẠI VÀ DỊCH VỤ MIRA GROUP
b8468f8e-8ef4-11f1-9b18-005056b2a5de,03__SKT__LAY__TEX__90,Kho MIRA,Bịch,Kho MIRA,40.0,,0.0,,0.0,,40.0,,1212,0,661713c2-1f8c-43ff-8413-d5fdfa96edaa,661713c2-1f8c-43ff-8413-d5fdfa96edaa,2,False,b98b044d-8ef4-11f1-9b18-005056b2a5de,03__SKT__LAY__TEX__90,LAYS Snack Vị Thăn Bò Nướng Texas 90g,Snack Khoai Tây,LAYS,,485b5d06-306c-11f0-b467-005056b34af7,a38f9189-ad87-11ef-a35e-005056b28600,CÔNG TY TNHH THƯƠNG MẠI VÀ DỊCH VỤ MIRA GROUP
b8468f8e-8ef4-11f1-9b18-005056b2a5de,03__SKT__LAY__THM__100,LAYS STAX Vị Tôm Hùm Nướng Lon 100g,Lon,Tổng,1.0,,14.0,,9.0,,6.0,,1213,1,1f2d7b8e-8a5f-4a15-bc9c-aa0bfb1403e9,,1,True,b98b0519-8ef4-11f1-9b18-005056b2a5de,03__SKT__LAY__THM__100,LAYS STAX Vị Tôm Hùm Nướng Lon 100g,Snack Khoai Tây,LAYS STAX,,,a38f9189-ad87-11ef-a35e-005056b28600,
b8468f8e-8ef4-11f1-9b18-005056b2a5de,03__SKT__LAY__THM__100,Kho Kệ,Lon,Kho Kệ,1.0,,14.0,,9.0,,6.0,,1214,0,1f2d7b8e-8a5f-4a15-bc9c-aa0bfb1403e9,1f2d7b8e-8a5f-4a15-bc9c-aa0bfb1403e9,2,False,b98b05db-8ef4-11f1-9b18-005056b2a5de,03__SKT__LAY__THM__100,LAYS STAX Vị Tôm Hùm Nướng Lon 100g,Snack Khoai Tây,LAYS STAX,,aca0e3b9-1e75-496e-84ff-e96c9084f53f,a38f9189-ad87-11ef-a35e-005056b28600,CÔNG TY TNHH THƯƠNG MẠI VÀ DỊCH VỤ MIRA GROUP
b8468f8e-8ef4-11f1-9b18-005056b2a5de,03__SKT__LAY__THM__42,LAYS STAX Khoai Tây Miếng Vị Tôm Hùm Nướng Lon 42g,Lon,Tổng,-1.0,,0.0,,0.0,,-1.0,,1215,1,49a2d400-f678-43f1-9413-4f4c09014cd9,,1,True,b98b06a6-8ef4-11f1-9b18-005056b2a5de,03__SKT__LAY__THM__42,LAYS STAX Khoai Tây Miếng Vị Tôm Hùm Nướng Lon 42g,Snack Khoai Tây,LAYS STAX,,,a38f9189-ad87-11ef-a35e-005056b28600,
b8468f8e-8ef4-11f1-9b18-005056b2a5de,03__SKT__LAY__THM__42,Kho Kệ,Lon,Kho Kệ,-1.0,,0.0,,0.0,,-1.0,,1216,0,49a2d400-f678-43f1-9413-4f4c09014cd9,49a2d400-f678-43f1-9413-4f4c09014cd9,2,False,b98b076f-8ef4-11f1-9b18-005056b2a5de,03__SKT__LAY__THM__42,LAYS STAX Khoai Tây Miếng Vị Tôm Hùm Nướng Lon 42g,Snack Khoai Tây,LAYS STAX,,aca0e3b9-1e75-496e-84ff-e96c9084f53f,a38f9189-ad87-11ef-a35e-005056b28600,CÔNG TY TNHH THƯƠNG MẠI VÀ DỊCH VỤ MIRA GROUP
b8468f8e-8ef4-11f1-9b18-005056b2a5de,03__SKT__LAY__TNN__100,LAYS STAX Vị Tự Nhiên Lon 100g,Lon,Tổng,1.0,,14.0,,3.0,,12.0,,1217,1,9f6e477f-7c7f-4308-982e-a32d59722bf6,,1,True,b98b0839-8ef4-11f1-9b18-005056b2a5de,03__SKT__LAY__TNN__100,LAYS STAX Vị Tự Nhiên Lon 100g,Snack Khoai Tây,LAYS STAX,,,a38f9189-ad87-11ef-a35e-005056b28600,
b8468f8e-8ef4-11f1-9b18-005056b2a5de,03__SKT__LAY__TNN__100,Kho Kệ,Lon,Kho Kệ,1.0,,14.0,,3.0,,12.0,,1218,0,9f6e477f-7c7f-4308-982e-a32d59722bf6,9f6e477f-7c7f-4308-982e-a32d59722bf6,2,False,b98b08f1-8ef4-11f1-9b18-005056b2a5de,03__SKT__LAY__TNN__100,LAYS STAX Vị Tự Nhiên Lon 100g,Snack Khoai Tây,LAYS STAX,,aca0e3b9-1e75-496e-84ff-e96c9084f53f,a38f9189-ad87-11ef-a35e-005056b28600,CÔNG TY TNHH THƯƠNG MẠI VÀ DỊCH VỤ MIRA GROUP
b8468f8e-8ef4-11f1-9b18-005056b2a5de,03__SKT__LAY__TNN__42,LAYS STAX Khoai Tây Miếng Vị Tự Nhiên Lon 42g,Lon,Tổng,24.0,,0.0,,1.0,,23.0,,1219,1,907e1889-4fdd-49a3-8b8f-dbd6ec4356fa,,1,True,b98b0a09-8ef4-11f1-9b18-005056b2a5de,03__SKT__LAY__TNN__42,LAYS STAX Khoai Tây Miếng Vị Tự Nhiên Lon 42g,Snack Khoai Tây,LAYS STAX,,,a38f9189-ad87-11ef-a35e-005056b28600,
b8468f8e-8ef4-11f1-9b18-005056b2a5de,03__SKT__LAY__TNN__42,Kho Kệ,Lon,Kho Kệ,24.0,,0.0,,1.0,,23.0,,1220,0,907e1889-4fdd-49a3-8b8f-dbd6ec4356fa,907e1889-4fdd-49a3-8b8f-dbd6ec4356fa,2,False,b98b0ad2-8ef4-11f1-9b18-005056b2a5de,03__SKT__LAY__TNN__42,LAYS STAX Khoai Tây Miếng Vị Tự Nhiên Lon 42g,Snack Khoai Tây,LAYS STAX,,aca0e3b9-1e75-496e-84ff-e96c9084f53f,a38f9189-ad87-11ef-a35e-005056b28600,CÔNG TY TNHH THƯƠNG MẠI VÀ DỊCH VỤ MIRA GROUP
b8468f8e-8ef4-11f1-9b18-005056b2a5de,03__SKT__LAY__TNN__53,LAYS Snack Vị Khoai Tây Tự Nhiên Bịch 53g,Bịch,Tổng,10.0,,31.0,,22.0,,19.0,,1221,1,b8cd6bfd-fee7-4cb0-a544-24a7fe302e0e,,1,True,b98b0ba1-8ef4-11f1-9b18-005056b2a5de,03__SKT__LAY__TNN__53,LAYS Snack Vị Khoai Tây Tự Nhiên Bịch 53g,Snack Khoai Tây,LAYS,,,a38f9189-ad87-11ef-a35e-005056b28600,
b8468f8e-8ef4-11f1-9b18-005056b2a5de,03__SKT__LAY__TNN__53,Kho Kệ,Bịch,Kho Kệ,3.0,,31.0,,22.0,,12.0,,1222,0,b8cd6bfd-fee7-4cb0-a544-24a7fe302e0e,b8cd6bfd-fee7-4cb0-a544-24a7fe302e0e,2,False,b98b0c5f-8ef4-11f1-9b18-005056b2a5de,03__SKT__LAY__TNN__53,LAYS Snack Vị Khoai Tây Tự Nhiên Bịch 53g,Snack Khoai Tây,LAYS,,aca0e3b9-1e75-496e-84ff-e96c9084f53f,a38f9189-ad87-11ef-a35e-005056b28600,CÔNG TY TNHH THƯƠNG MẠI VÀ DỊCH VỤ MIRA GROUP
b8468f8e-8ef4-11f1-9b18-005056b2a5de,03__SKT__LAY__TNN__53,Kho MIRA,Bịch,Kho MIRA,7.0,,0.0,,0.0,,7.0,,1223,0,b8cd6bfd-fee7-4cb0-a544-24a7fe302e0e,b8cd6bfd-fee7-4cb0-a544-24a7fe302e0e,2,False,b98b0ea6-8ef4-11f1-9b18-005056b2a5de,03__SKT__LAY__TNN__53,LAYS Snack Vị Khoai Tây Tự Nhiên Bịch 53g,Snack Khoai Tây,LAYS,,485b5d06-306c-11f0-b467-005056b34af7,a38f9189-ad87-11ef-a35e-005056b28600,CÔNG TY TNHH THƯƠNG MẠI VÀ DỊCH VỤ MIRA GROUP
b8468f8e-8ef4-11f1-9b18-005056b2a5de,03__SKT__LAY__TNN__90,LAYS Snack Vị Khoai Tây Tự Nhiên Bịch 90g,Bịch,Tổng,18.0,,10.0,,7.0,,21.0,,1224,1,b51fa6ee-c59e-4249-b748-e59be4acc534,,1,True,b98b0f7e-8ef4-11f1-9b18-005056b2a5de,03__SKT__LAY__TNN__90,LAYS Snack Vị Khoai Tây Tự Nhiên Bịch 90g,Snack Khoai Tây,LAYS,,,a38f9189-ad87-11ef-a35e-005056b28600,
b8468f8e-8ef4-11f1-9b18-005056b2a5de,03__SKT__LAY__TNN__90,Kho Kệ,Bịch,Kho Kệ,-2.0,,10.0,,7.0,,1.0,,1225,0,b51fa6ee-c59e-4249-b748-e59be4acc534,b51fa6ee-c59e-4249-b748-e59be4acc534,2,False,b98b103e-8ef4-11f1-9b18-005056b2a5de,03__SKT__LAY__TNN__90,LAYS Snack Vị Khoai Tây Tự Nhiên Bịch 90g,Snack Khoai Tây,LAYS,,aca0e3b9-1e75-496e-84ff-e96c9084f53f,a38f9189-ad87-11ef-a35e-005056b28600,CÔNG TY TNHH THƯƠNG MẠI VÀ DỊCH VỤ MIRA GROUP
b8468f8e-8ef4-11f1-9b18-005056b2a5de,03__SKT__LAY__TNN__90,Kho MIRA,Bịch,Kho MIRA,20.0,,0.0,,0.0,,20.0,,1226,0,b51fa6ee-c59e-4249-b748-e59be4acc534,b51fa6ee-c59e-4249-b748-e59be4acc534,2,False,b98b1110-8ef4-11f1-9b18-005056b2a5de,03__SKT__LAY__TNN__90,LAYS Snack Vị Khoai Tây Tự Nhiên Bịch 90g,Snack Khoai Tây,LAYS,,485b5d06-306c-11f0-b467-005056b34af7,a38f9189-ad87-11ef-a35e-005056b28600,CÔNG TY TNHH THƯƠNG MẠI VÀ DỊCH VỤ MIRA GROUP
b8468f8e-8ef4-11f1-9b18-005056b2a5de,03__SKT__OOS__BMO__52,ORION Ostar Snack Bơ Mật Ong Bịch 52g,Bịch,Tổng,22.0,,0.0,,2.0,,20.0,,1227,1,b3f4702e-10ab-4666-8af9-689680e01dfd,,1,True,b98b11db-8ef4-11f1-9b18-005056b2a5de,03__SKT__OOS__BMO__52,ORION Ostar Snack Bơ Mật Ong Bịch 52g,Snack Khoai Tây,ORION Ostar,,,a38f9189-ad87-11ef-a35e-005056b28600,
b8468f8e-8ef4-11f1-9b18-005056b2a5de,03__SKT__OOS__BMO__52,Kho Kệ,Bịch,Kho Kệ,2.0,,0.0,,2.0,,0.0,,1228,0,b3f4702e-10ab-4666-8af9-689680e01dfd,b3f4702e-10ab-4666-8af9-689680e01dfd,2,False,b98b129e-8ef4-11f1-9b18-005056b2a5de,03__SKT__OOS__BMO__52,ORION Ostar Snack Bơ Mật Ong Bịch 52g,Snack Khoai Tây,ORION Ostar,,aca0e3b9-1e75-496e-84ff-e96c9084f53f,a38f9189-ad87-11ef-a35e-005056b28600,CÔNG TY TNHH THƯƠNG MẠI VÀ DỊCH VỤ MIRA GROUP
b8468f8e-8ef4-11f1-9b18-005056b2a5de,03__SKT__OOS__BMO__52,Kho MIRA,Bịch,Kho MIRA,20.0,,0.0,,0.0,,20.0,,1229,0,b3f4702e-10ab-4666-8af9-689680e01dfd,b3f4702e-10ab-4666-8af9-689680e01dfd,2,False,b98b1366-8ef4-11f1-9b18-005056b2a5de,03__SKT__OOS__BMO__52,ORION Ostar Snack Bơ Mật Ong Bịch 52g,Snack Khoai Tây,ORION Ostar,,485b5d06-306c-11f0-b467-005056b34af7,a38f9189-ad87-11ef-a35e-005056b28600,CÔNG TY TNHH THƯƠNG MẠI VÀ DỊCH VỤ MIRA GROUP
b8468f8e-8ef4-11f1-9b18-005056b2a5de,03__SKT__OOS__KCI__55,ORION Ostar Snack Kim Chi Hàn Quốc Bịch 55g,Bịch,Tổng,3.0,,63.0,,39.0,,27.0,,1230,1,548930a9-5cab-4f12-b70e-6bf05b3ebc89,,1,True,b98b142a-8ef4-11f1-9b18-005056b2a5de,03__SKT__OOS__KCI__55,ORION Ostar Snack Kim Chi Hàn Quốc Bịch 55g,Snack Khoai Tây,ORION Ostar,,,a38f9189-ad87-11ef-a35e-005056b28600,
b8468f8e-8ef4-11f1-9b18-005056b2a5de,03__SKT__OOS__KCI__55,Kho Kệ,Bịch,Kho Kệ,3.0,,63.0,,39.0,,27.0,,1231,0,548930a9-5cab-4f12-b70e-6bf05b3ebc89,548930a9-5cab-4f12-b70e-6bf05b3ebc89,2,False,b98b14f8-8ef4-11f1-9b18-005056b2a5de,03__SKT__OOS__KCI__55,ORION Ostar Snack Kim Chi Hàn Quốc Bịch 55g,Snack Khoai Tây,ORION Ostar,,aca0e3b9-1e75-496e-84ff-e96c9084f53f,a38f9189-ad87-11ef-a35e-005056b28600,CÔNG TY TNHH THƯƠNG MẠI VÀ DỊCH VỤ MIRA GROUP
b8468f8e-8ef4-11f1-9b18-005056b2a5de,03__SKT__OOS__PMI__56,ORION Ostar Snack Phô Mai Trứng Muối Bịch 56g,Bịch,Tổng,27.0,,10.0,,24.0,,13.0,,1232,1,262063bf-d888-435f-88f5-f1e8c99aeac1,,1,True,b98b15b8-8ef4-11f1-9b18-005056b2a5de,03__SKT__OOS__PMI__56,ORION Ostar Snack Phô Mai Trứng Muối Bịch 56g,Snack Khoai Tây,ORION Ostar,,,a38f9189-ad87-11ef-a35e-005056b28600,
b8468f8e-8ef4-11f1-9b18-005056b2a5de,03__SKT__OOS__PMI__56,Kho Kệ,Bịch,Kho Kệ,7.0,,10.0,,24.0,,-7.0,,1233,0,262063bf-d888-435f-88f5-f1e8c99aeac1,262063bf-d888-435f-88f5-f1e8c99aeac1,2,False,b98b1675-8ef4-11f1-9b18-005056b2a5de,03__SKT__OOS__PMI__56,ORION Ostar Snack Phô Mai Trứng Muối Bịch 56g,Snack Khoai Tây,ORION Ostar,,aca0e3b9-1e75-496e-84ff-e96c9084f53f,a38f9189-ad87-11ef-a35e-005056b28600,CÔNG TY TNHH THƯƠNG MẠI VÀ DỊCH VỤ MIRA GROUP
b8468f8e-8ef4-11f1-9b18-005056b2a5de,03__SKT__OOS__PMI__56,Kho MIRA,Bịch,Kho MIRA,20.0,,0.0,,0.0,,20.0,,1234,0,262063bf-d888-435f-88f5-f1e8c99aeac1,262063bf-d888-435f-88f5-f1e8c99aeac1,2,False,b98b1806-8ef4-11f1-9b18-005056b2a5de,03__SKT__OOS__PMI__56,ORION Ostar Snack Phô Mai Trứng Muối Bịch 56g,Snack Khoai Tây,ORION Ostar,,485b5d06-306c-11f0-b467-005056b34af7,a38f9189-ad87-11ef-a35e-005056b28600,CÔNG TY TNHH THƯƠNG MẠI VÀ DỊCH VỤ MIRA GROUP
b8468f8e-8ef4-11f1-9b18-005056b2a5de,03__SKT__OOS__TAO__31,ORION Ostar Snack Tảo Biển Bịch 31g,Bịch,Tổng,7.0,,3.0,,2.0,,8.0,,1235,1,25ec8e11-1640-4a4f-ab9e-459c6cd8de64,,1,True,b98b18d9-8ef4-11f1-9b18-005056b2a5de,03__SKT__OOS__TAO__31,ORION Ostar Snack Tảo Biển Bịch 31g,Snack Khoai Tây,ORION Ostar,,,a38f9189-ad87-11ef-a35e-005056b28600,
b8468f8e-8ef4-11f1-9b18-005056b2a5de,03__SKT__OOS__TAO__31,Kho Kệ,Bịch,Kho Kệ,7.0,,3.0,,2.0,,8.0,,1236,0,25ec8e11-1640-4a4f-ab9e-459c6cd8de64,25ec8e11-1640-4a4f-ab9e-459c6cd8de64,2,False,b98b19a1-8ef4-11f1-9b18-005056b2a5de,03__SKT__OOS__TAO__31,ORION Ostar Snack Tảo Biển Bịch 31g,Snack Khoai Tây,ORION Ostar,,aca0e3b9-1e75-496e-84ff-e96c9084f53f,a38f9189-ad87-11ef-a35e-005056b28600,CÔNG TY TNHH THƯƠNG MẠI VÀ DỊCH VỤ MIRA GROUP
b8468f8e-8ef4-11f1-9b18-005056b2a5de,03__SKT__OOS__TAO__55,ORION Ostar Snack Vị Tảo Biển Tết,Bịch,Tổng,0.0,,0.0,,1.0,,-1.0,,1237,1,06fd0843-4c19-4c60-bd11-713690f5c95f,,1,True,b98b1a69-8ef4-11f1-9b18-005056b2a5de,03__SKT__OOS__TAO__55,ORION Ostar Snack Vị Tảo Biển Tết,Snack Khoai Tây,ORION Ostar,,,a38f9189-ad87-11ef-a35e-005056b28600,
b8468f8e-8ef4-11f1-9b18-005056b2a5de,03__SKT__OOS__TAO__55,Kho Kệ,Bịch,Kho Kệ,0.0,,0.0,,1.0,,-1.0,,1238,0,06fd0843-4c19-4c60-bd11-713690f5c95f,06fd0843-4c19-4c60-bd11-713690f5c95f,2,False,b98b1b2a-8ef4-11f1-9b18-005056b2a5de,03__SKT__OOS__TAO__55,ORION Ostar Snack Vị Tảo Biển Tết,Snack Khoai Tây,ORION Ostar,,aca0e3b9-1e75-496e-84ff-e96c9084f53f,a38f9189-ad87-11ef-a35e-005056b28600,CÔNG TY TNHH THƯƠNG MẠI VÀ DỊCH VỤ MIRA GROUP
b8468f8e-8ef4-11f1-9b18-005056b2a5de,03__SKT__OOS__TBN__55,ORION Ostar Snack Tảo Biển Bịch 55g,Bịch,Tổng,27.0,,14.0,,26.0,,15.0,,1239,1,a5e53c28-1e01-4da6-8082-0497f93addbd,,1,True,b98b1bee-8ef4-11f1-9b18-005056b2a5de,03__SKT__OOS__TBN__55,ORION Ostar Snack Tảo Biển Bịch 55g,Snack Khoai Tây,ORION Ostar,,,a38f9189-ad87-11ef-a35e-005056b28600,
b8468f8e-8ef4-11f1-9b18-005056b2a5de,03__SKT__OOS__TBN__55,Kho Kệ,Bịch,Kho Kệ,22.0,,14.0,,26.0,,10.0,,1240,0,a5e53c28-1e01-4da6-8082-0497f93addbd,a5e53c28-1e01-4da6-8082-0497f93addbd,2,False,b98b1cc2-8ef4-11f1-9b18-005056b2a5de,03__SKT__OOS__TBN__55,ORION Ostar Snack Tảo Biển Bịch 55g,Snack Khoai Tây,ORION Ostar,,aca0e3b9-1e75-496e-84ff-e96c9084f53f,a38f9189-ad87-11ef-a35e-005056b28600,CÔNG TY TNHH THƯƠNG MẠI VÀ DỊCH VỤ MIRA GROUP
b8468f8e-8ef4-11f1-9b18-005056b2a5de,03__SKT__OOS__TBN__55,Kho MIRA,Bịch,Kho MIRA,5.0,,0.0,,0.0,,5.0,,1241,0,a5e53c28-1e01-4da6-8082-0497f93addbd,a5e53c28-1e01-4da6-8082-0497f93addbd,2,False,b98b1d8d-8ef4-11f1-9b18-005056b2a5de,03__SKT__OOS__TBN__55,ORION Ostar Snack Tảo Biển Bịch 55g,Snack Khoai Tây,ORION Ostar,,485b5d06-306c-11f0-b467-005056b34af7,a38f9189-ad87-11ef-a35e-005056b28600,CÔNG TY TNHH THƯƠNG MẠI VÀ DỊCH VỤ MIRA GROUP
b8468f8e-8ef4-11f1-9b18-005056b2a5de,03__SKT__OOS__TDD__55,ORION Ostar Snack Tảo Đậm Đặc Biệt Bịch 55g,Bịch,Tổng,11.0,,0.0,,14.0,,-3.0,,1242,1,6aa81e9f-f365-48d4-a4c3-45d82a4a582c,,1,True,b98b1e53-8ef4-11f1-9b18-005056b2a5de,03__SKT__OOS__TDD__55,ORION Ostar Snack Tảo Đậm Đặc Biệt Bịch 55g,Snack Khoai Tây,ORION Ostar,,,a38f9189-ad87-11ef-a35e-005056b28600,
b8468f8e-8ef4-11f1-9b18-005056b2a5de,03__SKT__OOS__TDD__55,Kho Kệ,Bịch,Kho Kệ,11.0,,0.0,,14.0,,-3.0,,1243,0,6aa81e9f-f365-48d4-a4c3-45d82a4a582c,6aa81e9f-f365-48d4-a4c3-45d82a4a582c,2,False,b98b1f23-8ef4-11f1-9b18-005056b2a5de,03__SKT__OOS__TDD__55,ORION Ostar Snack Tảo Đậm Đặc Biệt Bịch 55g,Snack Khoai Tây,ORION Ostar,,aca0e3b9-1e75-496e-84ff-e96c9084f53f,a38f9189-ad87-11ef-a35e-005056b28600,CÔNG TY TNHH THƯƠNG MẠI VÀ DỊCH VỤ MIRA GROUP
b8468f8e-8ef4-11f1-9b18-005056b2a5de,03__SKT__OOS__TNN__55,ORION Ostar Snack Khoai Tây Tự Nhiên Bịch 55g,Bịch,Tổng,23.0,,0.0,,2.0,,21.0,,1244,1,f24ed500-d2b3-43eb-9def-9c07bee0fb8c,,1,True,b98b1ff0-8ef4-11f1-9b18-005056b2a5de,03__SKT__OOS__TNN__55,ORION Ostar Snack Khoai Tây Tự Nhiên Bịch 55g,Snack Khoai Tây,ORION Ostar,,,a38f9189-ad87-11ef-a35e-005056b28600,
b8468f8e-8ef4-11f1-9b18-005056b2a5de,03__SKT__OOS__TNN__55,Kho Kệ,Bịch,Kho Kệ,3.0,,0.0,,2.0,,1.0,,1245,0,f24ed500-d2b3-43eb-9def-9c07bee0fb8c,f24ed500-d2b3-43eb-9def-9c07bee0fb8c,2,False,b98b20b0-8ef4-11f1-9b18-005056b2a5de,03__SKT__OOS__TNN__55,ORION Ostar Snack Khoai Tây Tự Nhiên Bịch 55g,Snack Khoai Tây,ORION Ostar,,aca0e3b9-1e75-496e-84ff-e96c9084f53f,a38f9189-ad87-11ef-a35e-005056b28600,CÔNG TY TNHH THƯƠNG MẠI VÀ DỊCH VỤ MIRA GROUP
b8468f8e-8ef4-11f1-9b18-005056b2a5de,03__SKT__OOS__TNN__55,Kho MIRA,Bịch,Kho MIRA,20.0,,0.0,,0.0,,20.0,,1246,0,f24ed500-d2b3-43eb-9def-9c07bee0fb8c,f24ed500-d2b3-43eb-9def-9c07bee0fb8c,2,False,b98b2184-8ef4-11f1-9b18-005056b2a5de,03__SKT__OOS__TNN__55,ORION Ostar Snack Khoai Tây Tự Nhiên Bịch 55g,Snack Khoai Tây,ORION Ostar,,485b5d06-306c-11f0-b467-005056b34af7,a38f9189-ad87-11ef-a35e-005056b28600,CÔNG TY TNHH THƯƠNG MẠI VÀ DỊCH VỤ MIRA GROUP
b8468f8e-8ef4-11f1-9b18-005056b2a5de,03__SKT__ORO__TAO__28,ORION Snack Khoai Tây Tayo Vị Tảo Ngọt Bịch 28g,Bịch,Tổng,0.0,,0.0,,3.0,,-3.0,,1247,1,3d0fa8d7-c797-4f0d-b645-f09782f7e00d,,1,True,b98b224f-8ef4-11f1-9b18-005056b2a5de,03__SKT__ORO__TAO__28,ORION Snack Khoai Tây Tayo Vị Tảo Ngọt Bịch 28g,Snack Khoai Tây,ORION,,,a38f9189-ad87-11ef-a35e-005056b28600,
b8468f8e-8ef4-11f1-9b18-005056b2a5de,03__SKT__ORO__TAO__28,Kho Kệ,Bịch,Kho Kệ,-2.0,,0.0,,3.0,,-5.0,,1248,0,3d0fa8d7-c797-4f0d-b645-f09782f7e00d,3d0fa8d7-c797-4f0d-b645-f09782f7e00d,2,False,b98b231c-8ef4-11f1-9b18-005056b2a5de,03__SKT__ORO__TAO__28,ORION Snack Khoai Tây Tayo Vị Tảo Ngọt Bịch 28g,Snack Khoai Tây,ORION,,aca0e3b9-1e75-496e-84ff-e96c9084f53f,a38f9189-ad87-11ef-a35e-005056b28600,CÔNG TY TNHH THƯƠNG MẠI VÀ DỊCH VỤ MIRA GROUP
b8468f8e-8ef4-11f1-9b18-005056b2a5de,03__SKT__ORO__TAO__28,Kho MIRA,Bịch,Kho MIRA,2.0,,0.0,,0.0,,2.0,,1249,0,3d0fa8d7-c797-4f0d-b645-f09782f7e00d,3d0fa8d7-c797-4f0d-b645-f09782f7e00d,2,False,b98b23e9-8ef4-11f1-9b18-005056b2a5de,03__SKT__ORO__TAO__28,ORION Snack Khoai Tây Tayo Vị Tảo Ngọt Bịch 28g,Snack Khoai Tây,ORION,,485b5d06-306c-11f0-b467-005056b34af7,a38f9189-ad87-11ef-a35e-005056b28600,CÔNG TY TNHH THƯƠNG MẠI VÀ DỊCH VỤ MIRA GROUP
b8468f8e-8ef4-11f1-9b18-005056b2a5de,03__SKT__ORO__TAY__45,ORION Snack Khoai Tây Tayo Xốt Chấm 45g,Bịch,Tổng,1.0,,0.0,,0.0,,1.0,,1250,1,19cf06d5-6e94-4f1b-9e38-bacee8359065,,1,True,b98b24b8-8ef4-11f1-9b18-005056b2a5de,03__SKT__ORO__TAY__45,ORION Snack Khoai Tây Tayo Xốt Chấm 45g,Snack Khoai Tây,ORION Swing,,,a38f9189-ad87-11ef-a35e-005056b28600,
b8468f8e-8ef4-11f1-9b18-005056b2a5de,03__SKT__ORO__TAY__45,Kho Kệ,Bịch,Kho Kệ,1.0,,0.0,,0.0,,1.0,,1251,0,19cf06d5-6e94-4f1b-9e38-bacee8359065,19cf06d5-6e94-4f1b-9e38-bacee8359065,2,False,b98b257d-8ef4-11f1-9b18-005056b2a5de,03__SKT__ORO__TAY__45,ORION Snack Khoai Tây Tayo Xốt Chấm 45g,Snack Khoai Tây,ORION Swing,,aca0e3b9-1e75-496e-84ff-e96c9084f53f,a38f9189-ad87-11ef-a35e-005056b28600,CÔNG TY TNHH THƯƠNG MẠI VÀ DỊCH VỤ MIRA GROUP
b8468f8e-8ef4-11f1-9b18-005056b2a5de,03__SKT__ORO__TAY__60,ORION Snack Khoai Tây Tayo Vị Tảo Ngọt Bịch 60g,Bịch,Tổng,22.0,,10.0,,0.0,,32.0,,1252,1,ddc1a326-9829-45dd-964b-dc0ab8949df2,,1,True,b98b263f-8ef4-11f1-9b18-005056b2a5de,03__SKT__ORO__TAY__60,ORION Snack Khoai Tây Tayo Vị Tảo Ngọt Bịch 60g,Snack Khoai Tây,ORION,,,a38f9189-ad87-11ef-a35e-005056b28600,
b8468f8e-8ef4-11f1-9b18-005056b2a5de,03__SKT__ORO__TAY__60,Kho Kệ,Bịch,Kho Kệ,2.0,,10.0,,0.0,,12.0,,1253,0,ddc1a326-9829-45dd-964b-dc0ab8949df2,ddc1a326-9829-45dd-964b-dc0ab8949df2,2,False,b98b2746-8ef4-11f1-9b18-005056b2a5de,03__SKT__ORO__TAY__60,ORION Snack Khoai Tây Tayo Vị Tảo Ngọt Bịch 60g,Snack Khoai Tây,ORION,,aca0e3b9-1e75-496e-84ff-e96c9084f53f,a38f9189-ad87-11ef-a35e-005056b28600,CÔNG TY TNHH THƯƠNG MẠI VÀ DỊCH VỤ MIRA GROUP
b8468f8e-8ef4-11f1-9b18-005056b2a5de,03__SKT__ORO__TAY__60,Kho MIRA,Bịch,Kho MIRA,20.0,,0.0,,0.0,,20.0,,1254,0,ddc1a326-9829-45dd-964b-dc0ab8949df2,ddc1a326-9829-45dd-964b-dc0ab8949df2,2,False,b98b2861-8ef4-11f1-9b18-005056b2a5de,03__SKT__ORO__TAY__60,ORION Snack Khoai Tây Tayo Vị Tảo Ngọt Bịch 60g,Snack Khoai Tây,ORION,,485b5d06-306c-11f0-b467-005056b34af7,a38f9189-ad87-11ef-a35e-005056b28600,CÔNG TY TNHH THƯƠNG MẠI VÀ DỊCH VỤ MIRA GROUP
b8468f8e-8ef4-11f1-9b18-005056b2a5de,03__SKT__ORS__BBT__55,ORION Swing Snack Vị Bò Bít Tết Newyork Bịch 55g,Bịch,Tổng,20.0,,20.0,,34.0,,6.0,,1255,1,c407ec90-619a-4e4d-b82e-9f8154b9e3b2,,1,True,b98b29aa-8ef4-11f1-9b18-005056b2a5de,03__SKT__ORS__BBT__55,ORION Swing Snack Vị Bò Bít Tết Newyork Bịch 55g,Snack Khoai Tây,ORION Swing,,,a38f9189-ad87-11ef-a35e-005056b28600,
b8468f8e-8ef4-11f1-9b18-005056b2a5de,03__SKT__ORS__BBT__55,Kho Kệ,Bịch,Kho Kệ,-2.0,,20.0,,34.0,,-16.0,,1256,0,c407ec90-619a-4e4d-b82e-9f8154b9e3b2,c407ec90-619a-4e4d-b82e-9f8154b9e3b2,2,False,b98b2aae-8ef4-11f1-9b18-005056b2a5de,03__SKT__ORS__BBT__55,ORION Swing Snack Vị Bò Bít Tết Newyork Bịch 55g,Snack Khoai Tây,ORION Swing,,aca0e3b9-1e75-496e-84ff-e96c9084f53f,a38f9189-ad87-11ef-a35e-005056b28600,CÔNG TY TNHH THƯƠNG MẠI VÀ DỊCH VỤ MIRA GROUP
b8468f8e-8ef4-11f1-9b18-005056b2a5de,03__SKT__ORS__BBT__55,Kho MIRA,Bịch,Kho MIRA,22.0,,0.0,,0.0,,22.0,,1257,0,c407ec90-619a-4e4d-b82e-9f8154b9e3b2,c407ec90-619a-4e4d-b82e-9f8154b9e3b2,2,False,b98b2bf0-8ef4-11f1-9b18-005056b2a5de,03__SKT__ORS__BBT__55,ORION Swing Snack Vị Bò Bít Tết Newyork Bịch 55g,Snack Khoai Tây,ORION Swing,,485b5d06-306c-11f0-b467-005056b34af7,a38f9189-ad87-11ef-a35e-005056b28600,CÔNG TY TNHH THƯƠNG MẠI VÀ DỊCH VỤ MIRA GROUP
b8468f8e-8ef4-11f1-9b18-005056b2a5de,03__SKT__ORS__GAT__55,ORION Swing Snack Vị Gà Teriyaki Bịch 55g,Bịch,Tổng,0.0,,30.0,,16.0,,14.0,,1258,1,f8b09eba-9cf4-4dc8-b01c-577cf441a5bd,,1,True,b98b2dc8-8ef4-11f1-9b18-005056b2a5de,03__SKT__ORS__GAT__55,ORION Swing Snack Vị Gà Teriyaki Bịch 55g,Snack Khoai Tây,ORION Swing,,,a38f9189-ad87-11ef-a35e-005056b28600,
b8468f8e-8ef4-11f1-9b18-005056b2a5de,03__SKT__ORS__GAT__55,Kho Kệ,Bịch,Kho Kệ,0.0,,30.0,,16.0,,14.0,,1259,0,f8b09eba-9cf4-4dc8-b01c-577cf441a5bd,f8b09eba-9cf4-4dc8-b01c-577cf441a5bd,2,False,b98b2ef5-8ef4-11f1-9b18-005056b2a5de,03__SKT__ORS__GAT__55,ORION Swing Snack Vị Gà Teriyaki Bịch 55g,Snack Khoai Tây,ORION Swing,,aca0e3b9-1e75-496e-84ff-e96c9084f53f,a38f9189-ad87-11ef-a35e-005056b28600,CÔNG TY TNHH THƯƠNG MẠI VÀ DỊCH VỤ MIRA GROUP
b8468f8e-8ef4-11f1-9b18-005056b2a5de,03__SKT__ORS__MOB__52,ORION Swing Snack Vị Mật Ong Bơ Tỏi 52g,Bịch,Tổng,4.0,,0.0,,4.0,,0.0,,1260,1,6132a1f8-2d41-4ca1-a8c0-80dc62216e65,,1,True,b98b3025-8ef4-11f1-9b18-005056b2a5de,03__SKT__ORS__MOB__52,ORION Swing Snack Vị Mật Ong Bơ Tỏi 52g,Snack Khoai Tây,ORION Swing,,,a38f9189-ad87-11ef-a35e-005056b28600,
b8468f8e-8ef4-11f1-9b18-005056b2a5de,03__SKT__ORS__MOB__52,Kho Kệ,Bịch,Kho Kệ,4.0,,0.0,,4.0,,0.0,,1261,0,6132a1f8-2d41-4ca1-a8c0-80dc62216e65,6132a1f8-2d41-4ca1-a8c0-80dc62216e65,2,False,b98b3153-8ef4-11f1-9b18-005056b2a5de,03__SKT__ORS__MOB__52,ORION Swing Snack Vị Mật Ong Bơ Tỏi 52g,Snack Khoai Tây,ORION Swing,,aca0e3b9-1e75-496e-84ff-e96c9084f53f,a38f9189-ad87-11ef-a35e-005056b28600,CÔNG TY TNHH THƯƠNG MẠI VÀ DỊCH VỤ MIRA GROUP
b8468f8e-8ef4-11f1-9b18-005056b2a5de,03__SKT__ORS__TAO__50,ORION Swing Snack Vị Tảo Hàn Quốc Bịch 50g,Bịch,Tổng,3.0,,0.0,,0.0,,3.0,,1262,1,749f5e57-6441-4657-9c18-84377a5fa5dc,,1,True,b98b3227-8ef4-11f1-9b18-005056b2a5de,03__SKT__ORS__TAO__50,ORION Swing Snack Vị Tảo Hàn Quốc Bịch 50g,Snack Khoai Tây,ORION Swing,,,a38f9189-ad87-11ef-a35e-005056b28600,
b8468f8e-8ef4-11f1-9b18-005056b2a5de,03__SKT__ORS__TAO__50,Kho Kệ,Bịch,Kho Kệ,3.0,,0.0,,0.0,,3.0,,1263,0,749f5e57-6441-4657-9c18-84377a5fa5dc,749f5e57-6441-4657-9c18-84377a5fa5dc,2,False,b98b32f4-8ef4-11f1-9b18-005056b2a5de,03__SKT__ORS__TAO__50,ORION Swing Snack Vị Tảo Hàn Quốc Bịch 50g,Snack Khoai Tây,ORION Swing,,aca0e3b9-1e75-496e-84ff-e96c9084f53f,a38f9189-ad87-11ef-a35e-005056b28600,CÔNG TY TNHH THƯƠNG MẠI VÀ DỊCH VỤ MIRA GROUP
b8468f8e-8ef4-11f1-9b18-005056b2a5de,03__SKT__OSM__BNT__52,ORION Swing Maxx Snack Vị Bò Nướng Tiêu Đen Bịch 52g,Bịch,Tổng,11.0,,20.0,,14.0,,17.0,,1264,1,15ea2d97-248d-491b-bbec-6dce23e6e7b3,,1,True,b98b33c1-8ef4-11f1-9b18-005056b2a5de,03__SKT__OSM__BNT__52,ORION Swing Maxx Snack Vị Bò Nướng Tiêu Đen Bịch 52g,Snack Khoai Tây,ORION Swing,,,a38f9189-ad87-11ef-a35e-005056b28600,
b8468f8e-8ef4-11f1-9b18-005056b2a5de,03__SKT__OSM__BNT__52,Kho Kệ,Bịch,Kho Kệ,31.0,,20.0,,14.0,,37.0,,1265,0,15ea2d97-248d-491b-bbec-6dce23e6e7b3,15ea2d97-248d-491b-bbec-6dce23e6e7b3,2,False,b98b348c-8ef4-11f1-9b18-005056b2a5de,03__SKT__OSM__BNT__52,ORION Swing Maxx Snack Vị Bò Nướng Tiêu Đen Bịch 52g,Snack Khoai Tây,ORION Swing,,aca0e3b9-1e75-496e-84ff-e96c9084f53f,a38f9189-ad87-11ef-a35e-005056b28600,CÔNG TY TNHH THƯƠNG MẠI VÀ DỊCH VỤ MIRA GROUP
b8468f8e-8ef4-11f1-9b18-005056b2a5de,03__SKT__OSM__BNT__52,Kho MIRA,Bịch,Kho MIRA,-20.0,,0.0,,0.0,,-20.0,,1266,0,15ea2d97-248d-491b-bbec-6dce23e6e7b3,15ea2d97-248d-491b-bbec-6dce23e6e7b3,2,False,b98b363f-8ef4-11f1-9b18-005056b2a5de,03__SKT__OSM__BNT__52,ORION Swing Maxx Snack Vị Bò Nướng Tiêu Đen Bịch 52g,Snack Khoai Tây,ORION Swing,,485b5d06-306c-11f0-b467-005056b34af7,a38f9189-ad87-11ef-a35e-005056b28600,CÔNG TY TNHH THƯƠNG MẠI VÀ DỊCH VỤ MIRA GROUP
b8468f8e-8ef4-11f1-9b18-005056b2a5de,03__SKT__SLI__BBQ__60,SLIDE Snack Khoai Tây Vị Thịt Nướng Lon 60g,Lon,Tổng,20.0,,0.0,,9.0,,11.0,,1267,1,a5a4171c-df88-47b9-8004-94779271a3bf,,1,True,b98b3713-8ef4-11f1-9b18-005056b2a5de,03__SKT__SLI__BBQ__60,SLIDE Snack Khoai Tây Vị Thịt Nướng Lon 60g,Snack Khoai Tây,SLIDE,,,a38f9189-ad87-11ef-a35e-005056b28600,
b8468f8e-8ef4-11f1-9b18-005056b2a5de,03__SKT__SLI__BBQ__60,Kho Kệ,Lon,Kho Kệ,20.0,,0.0,,9.0,,11.0,,1268,0,a5a4171c-df88-47b9-8004-94779271a3bf,a5a4171c-df88-47b9-8004-94779271a3bf,2,False,b98b37dc-8ef4-11f1-9b18-005056b2a5de,03__SKT__SLI__BBQ__60,SLIDE Snack Khoai Tây Vị Thịt Nướng Lon 60g,Snack Khoai Tây,SLIDE,,aca0e3b9-1e75-496e-84ff-e96c9084f53f,a38f9189-ad87-11ef-a35e-005056b28600,CÔNG TY TNHH THƯƠNG MẠI VÀ DỊCH VỤ MIRA GROUP
b8468f8e-8ef4-11f1-9b18-005056b2a5de,03__SKT__SLI__CAY__60,SLIDE Snack Khoai Tây Vị Cay Lon 60g,Lon,Tổng,14.0,,0.0,,7.0,,7.0,,1269,1,7cd0ce01-1a82-4827-b0b3-beea1b576d13,,1,True,b98b38ab-8ef4-11f1-9b18-005056b2a5de,03__SKT__SLI__CAY__60,SLIDE Snack Khoai Tây Vị Cay Lon 60g,Snack Khoai Tây,SLIDE,,,a38f9189-ad87-11ef-a35e-005056b28600,
b8468f8e-8ef4-11f1-9b18-005056b2a5de,03__SKT__SLI__CAY__60,Kho Kệ,Lon,Kho Kệ,14.0,,0.0,,7.0,,7.0,,1270,0,7cd0ce01-1a82-4827-b0b3-beea1b576d13,7cd0ce01-1a82-4827-b0b3-beea1b576d13,2,False,b98b396e-8ef4-11f1-9b18-005056b2a5de,03__SKT__SLI__CAY__60,SLIDE Snack Khoai Tây Vị Cay Lon 60g,Snack Khoai Tây,SLIDE,,aca0e3b9-1e75-496e-84ff-e96c9084f53f,a38f9189-ad87-11ef-a35e-005056b28600,CÔNG TY TNHH THƯƠNG MẠI VÀ DỊCH VỤ MIRA GROUP
b8468f8e-8ef4-11f1-9b18-005056b2a5de,03__SKT__SLI__CLA__60,SLIDE Snack Khoai Tây Vị Nguyên Bản Lon 60g,Lon,Tổng,17.0,,0.0,,2.0,,15.0,,1271,1,88fb26bd-478c-4a0b-a41f-d9f60615995b,,1,True,b98b3a34-8ef4-11f1-9b18-005056b2a5de,03__SKT__SLI__CLA__60,SLIDE Snack Khoai Tây Vị Nguyên Bản Lon 60g,Snack Khoai Tây,SLIDE,,,a38f9189-ad87-11ef-a35e-005056b28600,
b8468f8e-8ef4-11f1-9b18-005056b2a5de,03__SKT__SLI__CLA__60,Kho Kệ,Lon,Kho Kệ,17.0,,0.0,,2.0,,15.0,,1272,0,88fb26bd-478c-4a0b-a41f-d9f60615995b,88fb26bd-478c-4a0b-a41f-d9f60615995b,2,False,b98b3aeb-8ef4-11f1-9b18-005056b2a5de,03__SKT__SLI__CLA__60,SLIDE Snack Khoai Tây Vị Nguyên Bản Lon 60g,Snack Khoai Tây,SLIDE,,aca0e3b9-1e75-496e-84ff-e96c9084f53f,a38f9189-ad87-11ef-a35e-005056b28600,CÔNG TY TNHH THƯƠNG MẠI VÀ DỊCH VỤ MIRA GROUP
b8468f8e-8ef4-11f1-9b18-005056b2a5de,03__SKT__SLI__HAH__145,SLIDE Snack Khoai Tây Vị Hành Lon 145g,Lon,Tổng,10.0,,0.0,,6.0,,4.0,,1273,1,f28cb891-38ca-4fd3-b568-b6def76890fb,,1,True,b98b3bb9-8ef4-11f1-9b18-005056b2a5de,03__SKT__SLI__HAH__145,SLIDE Snack Khoai Tây Vị Hành Lon 145g,Snack Khoai Tây,SLIDE,,,a38f9189-ad87-11ef-a35e-005056b28600,
b8468f8e-8ef4-11f1-9b18-005056b2a5de,03__SKT__SLI__HAH__145,Kho Kệ,Lon,Kho Kệ,10.0,,0.0,,6.0,,4.0,,1274,0,f28cb891-38ca-4fd3-b568-b6def76890fb,f28cb891-38ca-4fd3-b568-b6def76890fb,2,False,b98b3ca2-8ef4-11f1-9b18-005056b2a5de,03__SKT__SLI__HAH__145,SLIDE Snack Khoai Tây Vị Hành Lon 145g,Snack Khoai Tây,SLIDE,,aca0e3b9-1e75-496e-84ff-e96c9084f53f,a38f9189-ad87-11ef-a35e-005056b28600,CÔNG TY TNHH THƯƠNG MẠI VÀ DỊCH VỤ MIRA GROUP
b8468f8e-8ef4-11f1-9b18-005056b2a5de,03__SKT__SLI__HAH__60,SLIDE Snack Khoai Tây Vị Hành Lon 60g,Lon,Tổng,15.0,,0.0,,4.0,,11.0,,1275,1,77af7eac-581b-41f0-962b-ac4923e8aefa,,1,True,b98b3e00-8ef4-11f1-9b18-005056b2a5de,03__SKT__SLI__HAH__60,SLIDE Snack Khoai Tây Vị Hành Lon 60g,Snack Khoai Tây,SLIDE,,,a38f9189-ad87-11ef-a35e-005056b28600,
b8468f8e-8ef4-11f1-9b18-005056b2a5de,03__SKT__SLI__HAH__60,Kho Kệ,Lon,Kho Kệ,15.0,,0.0,,4.0,,11.0,,1276,0,77af7eac-581b-41f0-962b-ac4923e8aefa,77af7eac-581b-41f0-962b-ac4923e8aefa,2,False,b98b3ec7-8ef4-11f1-9b18-005056b2a5de,03__SKT__SLI__HAH__60,SLIDE Snack Khoai Tây Vị Hành Lon 60g,Snack Khoai Tây,SLIDE,,aca0e3b9-1e75-496e-84ff-e96c9084f53f,a38f9189-ad87-11ef-a35e-005056b28600,CÔNG TY TNHH THƯƠNG MẠI VÀ DỊCH VỤ MIRA GROUP
b8468f8e-8ef4-11f1-9b18-005056b2a5de,03__SKT__SLI__ORI__145,SLIDE KT Vị Nguyên Bản Lon 145g,Lon,Tổng,-8.0,,0.0,,5.0,,-13.0,,1277,1,04eabcdd-a5bb-4bc7-84d9-417841b19f8e,,1,True,b98b3f8c-8ef4-11f1-9b18-005056b2a5de,03__SKT__SLI__ORI__145,SLIDE KT Vị Nguyên Bản Lon 145g,Snack Khoai Tây,SLIDE,,,a38f9189-ad87-11ef-a35e-005056b28600,
b8468f8e-8ef4-11f1-9b18-005056b2a5de,03__SKT__SLI__ORI__145,Kho Kệ,Lon,Kho Kệ,-8.0,,0.0,,5.0,,-13.0,,1278,0,04eabcdd-a5bb-4bc7-84d9-417841b19f8e,04eabcdd-a5bb-4bc7-84d9-417841b19f8e,2,False,b98b4050-8ef4-11f1-9b18-005056b2a5de,03__SKT__SLI__ORI__145,SLIDE KT Vị Nguyên Bản Lon 145g,Snack Khoai Tây,SLIDE,,aca0e3b9-1e75-496e-84ff-e96c9084f53f,a38f9189-ad87-11ef-a35e-005056b28600,CÔNG TY TNHH THƯƠNG MẠI VÀ DỊCH VỤ MIRA GROUP
b8468f8e-8ef4-11f1-9b18-005056b2a5de,03__SKT__SLI__PMI__145,SLIDE Snack Khoai Tây Vị Phô Mai Lon 145g,Lon,Tổng,10.0,,0.0,,8.0,,2.0,,1279,1,d843f9ab-7f7e-40ce-814e-62fff82aeff7,,1,True,b98b411e-8ef4-11f1-9b18-005056b2a5de,03__SKT__SLI__PMI__145,SLIDE Snack Khoai Tây Vị Phô Mai Lon 145g,Snack Khoai Tây,SLIDE,,,a38f9189-ad87-11ef-a35e-005056b28600,
b8468f8e-8ef4-11f1-9b18-005056b2a5de,03__SKT__SLI__PMI__145,Kho Kệ,Lon,Kho Kệ,10.0,,0.0,,8.0,,2.0,,1280,0,d843f9ab-7f7e-40ce-814e-62fff82aeff7,d843f9ab-7f7e-40ce-814e-62fff82aeff7,2,False,b98b41db-8ef4-11f1-9b18-005056b2a5de,03__SKT__SLI__PMI__145,SLIDE Snack Khoai Tây Vị Phô Mai Lon 145g,Snack Khoai Tây,SLIDE,,aca0e3b9-1e75-496e-84ff-e96c9084f53f,a38f9189-ad87-11ef-a35e-005056b28600,CÔNG TY TNHH THƯƠNG MẠI VÀ DỊCH VỤ MIRA GROUP
b8468f8e-8ef4-11f1-9b18-005056b2a5de,03__SKT__SLI__PMI__60,SLIDE Snack Khoai Tây Vị Phô Mai Lon 60g,Lon,Tổng,13.0,,0.0,,10.0,,3.0,,1281,1,a8df62fe-b41d-449b-b11b-60725b2dfb6e,,1,True,b98b42a9-8ef4-11f1-9b18-005056b2a5de,03__SKT__SLI__PMI__60,SLIDE Snack Khoai Tây Vị Phô Mai Lon 60g,Snack Khoai Tây,SLIDE,,,a38f9189-ad87-11ef-a35e-005056b28600,
b8468f8e-8ef4-11f1-9b18-005056b2a5de,03__SKT__SLI__PMI__60,Kho Kệ,Lon,Kho Kệ,13.0,,0.0,,10.0,,3.0,,1282,0,a8df62fe-b41d-449b-b11b-60725b2dfb6e,a8df62fe-b41d-449b-b11b-60725b2dfb6e,2,False,b98b436f-8ef4-11f1-9b18-005056b2a5de,03__SKT__SLI__PMI__60,SLIDE Snack Khoai Tây Vị Phô Mai Lon 60g,Snack Khoai Tây,SLIDE,,aca0e3b9-1e75-496e-84ff-e96c9084f53f,a38f9189-ad87-11ef-a35e-005056b28600,CÔNG TY TNHH THƯƠNG MẠI VÀ DỊCH VỤ MIRA GROUP
b8468f8e-8ef4-11f1-9b18-005056b2a5de,03__SKT__SLI__TNG__145,SLIDE Khoai Tây Vị Thịt Nướng Lon 145g,Lon,Tổng,7.0,,14.0,,7.0,,14.0,,1283,1,35786227-0632-423b-850c-ac6abad140d6,,1,True,b98b443c-8ef4-11f1-9b18-005056b2a5de,03__SKT__SLI__TNG__145,SLIDE Khoai Tây Vị Thịt Nướng Lon 145g,Snack Khoai Tây,SLIDE,,,a38f9189-ad87-11ef-a35e-005056b28600,
b8468f8e-8ef4-11f1-9b18-005056b2a5de,03__SKT__SLI__TNG__145,Kho Kệ,Lon,Kho Kệ,7.0,,14.0,,7.0,,14.0,,1284,0,35786227-0632-423b-850c-ac6abad140d6,35786227-0632-423b-850c-ac6abad140d6,2,False,b98b44fe-8ef4-11f1-9b18-005056b2a5de,03__SKT__SLI__TNG__145,SLIDE Khoai Tây Vị Thịt Nướng Lon 145g,Snack Khoai Tây,SLIDE,,aca0e3b9-1e75-496e-84ff-e96c9084f53f,a38f9189-ad87-11ef-a35e-005056b28600,CÔNG TY TNHH THƯƠNG MẠI VÀ DỊCH VỤ MIRA GROUP
b8468f8e-8ef4-11f1-9b18-005056b2a5de,03__SOT__MEI__DEN__50,MEIJI Socola Đen 50g,Thanh,Tổng,8.0,,0.0,,2.0,,6.0,,1285,1,c7b40d0d-bfc3-4086-905c-dc1a86d33717,,1,True,b98b45d1-8ef4-11f1-9b18-005056b2a5de,03__SOT__MEI__DEN__50,MEIJI Socola Đen 50g,Socola Thanh,Meiji,,,a38f9189-ad87-11ef-a35e-005056b28600,
b8468f8e-8ef4-11f1-9b18-005056b2a5de,03__SOT__MEI__DEN__50,Kho Kệ,Thanh,Kho Kệ,8.0,,0.0,,2.0,,6.0,,1286,0,c7b40d0d-bfc3-4086-905c-dc1a86d33717,c7b40d0d-bfc3-4086-905c-dc1a86d33717,2,False,b98b469d-8ef4-11f1-9b18-005056b2a5de,03__SOT__MEI__DEN__50,MEIJI Socola Đen 50g,Socola Thanh,Meiji,,aca0e3b9-1e75-496e-84ff-e96c9084f53f,a38f9189-ad87-11ef-a35e-005056b28600,CÔNG TY TNHH THƯƠNG MẠI VÀ DỊCH VỤ MIRA GROUP
b8468f8e-8ef4-11f1-9b18-005056b2a5de,03__SOT__MEI__SUA__50,MEIJI Socola Sữa 50g,Thanh,Tổng,7.0,,0.0,,6.0,,1.0,,1287,1,bf4392f7-45ce-4947-8bd4-504f77bce875,,1,True,b98b476a-8ef4-11f1-9b18-005056b2a5de,03__SOT__MEI__SUA__50,MEIJI Socola Sữa 50g,Socola Thanh,Meiji,,,a38f9189-ad87-11ef-a35e-005056b28600,
b8468f8e-8ef4-11f1-9b18-005056b2a5de,03__SOT__MEI__SUA__50,Kho Kệ,Thanh,Kho Kệ,7.0,,0.0,,6.0,,1.0,,1288,0,bf4392f7-45ce-4947-8bd4-504f77bce875,bf4392f7-45ce-4947-8bd4-504f77bce875,2,False,b98b4830-8ef4-11f1-9b18-005056b2a5de,03__SOT__MEI__SUA__50,MEIJI Socola Sữa 50g,Socola Thanh,Meiji,,aca0e3b9-1e75-496e-84ff-e96c9084f53f,a38f9189-ad87-11ef-a35e-005056b28600,CÔNG TY TNHH THƯƠNG MẠI VÀ DỊCH VỤ MIRA GROUP
b8468f8e-8ef4-11f1-9b18-005056b2a5de,03__SRO__OFO__BBQ__5,OFOOD Lá Kim Vị BBQ 5g,Gói,Tổng,32.0,,36.0,,20.0,,48.0,,1289,1,93228b04-35c4-43cf-847d-7b62c74a7f5b,,1,True,b98b48fb-8ef4-11f1-9b18-005056b2a5de,03__SRO__OFO__BBQ__5,OFOOD Lá Kim Vị BBQ 5g,Snack Rong Biển,OFOOD,,,a38f9189-ad87-11ef-a35e-005056b28600,
b8468f8e-8ef4-11f1-9b18-005056b2a5de,03__SRO__OFO__BBQ__5,Kho Kệ,Gói,Kho Kệ,23.0,,36.0,,20.0,,39.0,,1290,0,93228b04-35c4-43cf-847d-7b62c74a7f5b,93228b04-35c4-43cf-847d-7b62c74a7f5b,2,False,b98b49c2-8ef4-11f1-9b18-005056b2a5de,03__SRO__OFO__BBQ__5,OFOOD Lá Kim Vị BBQ 5g,Snack Rong Biển,OFOOD,,aca0e3b9-1e75-496e-84ff-e96c9084f53f,a38f9189-ad87-11ef-a35e-005056b28600,CÔNG TY TNHH THƯƠNG MẠI VÀ DỊCH VỤ MIRA GROUP
b8468f8e-8ef4-11f1-9b18-005056b2a5de,03__SRO__OFO__BBQ__5,Kho MIRA,Gói,Kho MIRA,9.0,,0.0,,0.0,,9.0,,1291,0,93228b04-35c4-43cf-847d-7b62c74a7f5b,93228b04-35c4-43cf-847d-7b62c74a7f5b,2,False,b98b4a97-8ef4-11f1-9b18-005056b2a5de,03__SRO__OFO__BBQ__5,OFOOD Lá Kim Vị BBQ 5g,Snack Rong Biển,OFOOD,,485b5d06-306c-11f0-b467-005056b34af7,a38f9189-ad87-11ef-a35e-005056b28600,CÔNG TY TNHH THƯƠNG MẠI VÀ DỊCH VỤ MIRA GROUP
b8468f8e-8ef4-11f1-9b18-005056b2a5de,03__SRO__OFO__CAY__5,OFOOD Lá Kim Vị BBQ Cay 5g,Gói,Tổng,4.0,,72.0,,2.0,,74.0,,1292,1,8e971ae8-cb20-48f5-81fe-2d293960b306,,1,True,b98b4b5d-8ef4-11f1-9b18-005056b2a5de,03__SRO__OFO__CAY__5,OFOOD Lá Kim Vị BBQ Cay 5g,Snack Rong Biển,OFOOD,,,a38f9189-ad87-11ef-a35e-005056b28600,
b8468f8e-8ef4-11f1-9b18-005056b2a5de,03__SRO__OFO__CAY__5,Kho Kệ,Gói,Kho Kệ,-5.0,,72.0,,2.0,,65.0,,1293,0,8e971ae8-cb20-48f5-81fe-2d293960b306,8e971ae8-cb20-48f5-81fe-2d293960b306,2,False,b98b4d62-8ef4-11f1-9b18-005056b2a5de,03__SRO__OFO__CAY__5,OFOOD Lá Kim Vị BBQ Cay 5g,Snack Rong Biển,OFOOD,,aca0e3b9-1e75-496e-84ff-e96c9084f53f,a38f9189-ad87-11ef-a35e-005056b28600,CÔNG TY TNHH THƯƠNG MẠI VÀ DỊCH VỤ MIRA GROUP
b8468f8e-8ef4-11f1-9b18-005056b2a5de,03__SRO__OFO__CAY__5,Kho MIRA,Gói,Kho MIRA,9.0,,0.0,,0.0,,9.0,,1294,0,8e971ae8-cb20-48f5-81fe-2d293960b306,8e971ae8-cb20-48f5-81fe-2d293960b306,2,False,b98b4e3d-8ef4-11f1-9b18-005056b2a5de,03__SRO__OFO__CAY__5,OFOOD Lá Kim Vị BBQ Cay 5g,Snack Rong Biển,OFOOD,,485b5d06-306c-11f0-b467-005056b34af7,a38f9189-ad87-11ef-a35e-005056b28600,CÔNG TY TNHH THƯƠNG MẠI VÀ DỊCH VỤ MIRA GROUP
b8468f8e-8ef4-11f1-9b18-005056b2a5de,03__SRO__OFO__GIO__40,OFOOD Rong Biển Giòn Trộn Gia Vị Gói 40g,Gói,Tổng,4.0,,20.0,,10.0,,14.0,,1295,1,ed84d8f2-1b89-49d0-8c73-54a3c2a6fa79,,1,True,b98b4f74-8ef4-11f1-9b18-005056b2a5de,03__SRO__OFO__GIO__40,OFOOD Rong Biển Giòn Trộn Gia Vị Gói 40g,Snack Rong Biển,OFOOD,,,a38f9189-ad87-11ef-a35e-005056b28600,
b8468f8e-8ef4-11f1-9b18-005056b2a5de,03__SRO__OFO__GIO__40,Kho Kệ,Gói,Kho Kệ,4.0,,20.0,,10.0,,14.0,,1296,0,ed84d8f2-1b89-49d0-8c73-54a3c2a6fa79,ed84d8f2-1b89-49d0-8c73-54a3c2a6fa79,2,False,b98b50a4-8ef4-11f1-9b18-005056b2a5de,03__SRO__OFO__GIO__40,OFOOD Rong Biển Giòn Trộn Gia Vị Gói 40g,Snack Rong Biển,OFOOD,,aca0e3b9-1e75-496e-84ff-e96c9084f53f,a38f9189-ad87-11ef-a35e-005056b28600,CÔNG TY TNHH THƯƠNG MẠI VÀ DỊCH VỤ MIRA GROUP
b8468f8e-8ef4-11f1-9b18-005056b2a5de,03__SRO__OFO__KGA__40,OFOOD Rong Biển Giòn Trộn Khô Gà Gói 40g,Gói,Tổng,10.0,,20.0,,12.0,,18.0,,1297,1,69796506-85f4-4b9b-aeb0-5b9d3e382ab1,,1,True,b98b5184-8ef4-11f1-9b18-005056b2a5de,03__SRO__OFO__KGA__40,OFOOD Rong Biển Giòn Trộn Khô Gà Gói 40g,Snack Rong Biển,OFOOD,,,a38f9189-ad87-11ef-a35e-005056b28600,
b8468f8e-8ef4-11f1-9b18-005056b2a5de,03__SRO__OFO__KGA__40,Kho Kệ,Gói,Kho Kệ,10.0,,20.0,,12.0,,18.0,,1298,0,69796506-85f4-4b9b-aeb0-5b9d3e382ab1,69796506-85f4-4b9b-aeb0-5b9d3e382ab1,2,False,b98b524c-8ef4-11f1-9b18-005056b2a5de,03__SRO__OFO__KGA__40,OFOOD Rong Biển Giòn Trộn Khô Gà Gói 40g,Snack Rong Biển,OFOOD,,aca0e3b9-1e75-496e-84ff-e96c9084f53f,a38f9189-ad87-11ef-a35e-005056b28600,CÔNG TY TNHH THƯƠNG MẠI VÀ DỊCH VỤ MIRA GROUP
b8468f8e-8ef4-11f1-9b18-005056b2a5de,03__SRO__OFO__OLI__12,OFOOD Rong Biển Lá Kim Tẩm Dầu Ô Liu 4g,Gói,Tổng,56.0,,0.0,,42.0,,14.0,,1299,1,dc3bb962-d1fc-4109-8d32-5bf575bf269c,,1,True,b98b5313-8ef4-11f1-9b18-005056b2a5de,03__SRO__OFO__OLI__12,OFOOD Rong Biển Lá Kim Tẩm Dầu Ô Liu 4g,Snack Rong Biển,OFOOD,,,a38f9189-ad87-11ef-a35e-005056b28600,
b8468f8e-8ef4-11f1-9b18-005056b2a5de,03__SRO__OFO__OLI__12,Kho Kệ,Gói,Kho Kệ,-16.0,,0.0,,42.0,,-58.0,,1300,0,dc3bb962-d1fc-4109-8d32-5bf575bf269c,dc3bb962-d1fc-4109-8d32-5bf575bf269c,2,False,b98b53d3-8ef4-11f1-9b18-005056b2a5de,03__SRO__OFO__OLI__12,OFOOD Rong Biển Lá Kim Tẩm Dầu Ô Liu 4g,Snack Rong Biển,OFOOD,,aca0e3b9-1e75-496e-84ff-e96c9084f53f,a38f9189-ad87-11ef-a35e-005056b28600,CÔNG TY TNHH THƯƠNG MẠI VÀ DỊCH VỤ MIRA GROUP
b8468f8e-8ef4-11f1-9b18-005056b2a5de,03__SRO__OFO__OLI__12,Kho MIRA,Gói,Kho MIRA,72.0,,0.0,,0.0,,72.0,,1301,0,dc3bb962-d1fc-4109-8d32-5bf575bf269c,dc3bb962-d1fc-4109-8d32-5bf575bf269c,2,False,b98b5575-8ef4-11f1-9b18-005056b2a5de,03__SRO__OFO__OLI__12,OFOOD Rong Biển Lá Kim Tẩm Dầu Ô Liu 4g,Snack Rong Biển,OFOOD,,485b5d06-306c-11f0-b467-005056b34af7,a38f9189-ad87-11ef-a35e-005056b28600,CÔNG TY TNHH THƯƠNG MẠI VÀ DỊCH VỤ MIRA GROUP
b8468f8e-8ef4-11f1-9b18-005056b2a5de,03__SRO__OFO__PMI__5,OFOOD Lá Kim Vị Phô Mai 5g,Gói,Tổng,34.0,,36.0,,22.0,,48.0,,1302,1,75bfb663-00a0-4d17-aa3c-437140edad8d,,1,True,b98b5643-8ef4-11f1-9b18-005056b2a5de,03__SRO__OFO__PMI__5,OFOOD Lá Kim Vị Phô Mai 5g,Snack Rong Biển,OFOOD,,,a38f9189-ad87-11ef-a35e-005056b28600,
b8468f8e-8ef4-11f1-9b18-005056b2a5de,03__SRO__OFO__PMI__5,Kho Kệ,Gói,Kho Kệ,28.0,,36.0,,22.0,,42.0,,1303,0,75bfb663-00a0-4d17-aa3c-437140edad8d,75bfb663-00a0-4d17-aa3c-437140edad8d,2,False,b98b5706-8ef4-11f1-9b18-005056b2a5de,03__SRO__OFO__PMI__5,OFOOD Lá Kim Vị Phô Mai 5g,Snack Rong Biển,OFOOD,,aca0e3b9-1e75-496e-84ff-e96c9084f53f,a38f9189-ad87-11ef-a35e-005056b28600,CÔNG TY TNHH THƯƠNG MẠI VÀ DỊCH VỤ MIRA GROUP
b8468f8e-8ef4-11f1-9b18-005056b2a5de,03__SRO__OFO__PMI__5,Kho MIRA,Gói,Kho MIRA,6.0,,0.0,,0.0,,6.0,,1304,0,75bfb663-00a0-4d17-aa3c-437140edad8d,75bfb663-00a0-4d17-aa3c-437140edad8d,2,False,b98b57c9-8ef4-11f1-9b18-005056b2a5de,03__SRO__OFO__PMI__5,OFOOD Lá Kim Vị Phô Mai 5g,Snack Rong Biển,OFOOD,,485b5d06-306c-11f0-b467-005056b34af7,a38f9189-ad87-11ef-a35e-005056b28600,CÔNG TY TNHH THƯƠNG MẠI VÀ DỊCH VỤ MIRA GROUP
b8468f8e-8ef4-11f1-9b18-005056b2a5de,03__SRO__OFO__PMI__6,OFOOD Snack Rong Biển Cuộn Nướng Vị Phô Mai Gói 6g,Gói,Tổng,59.0,,0.0,,15.0,,44.0,,1305,1,ca547973-e8ba-4028-9368-5e9a243bfd5e,,1,True,b98b5893-8ef4-11f1-9b18-005056b2a5de,03__SRO__OFO__PMI__6,OFOOD Snack Rong Biển Cuộn Nướng Vị Phô Mai Gói 6g,Snack Rong Biển,OFOOD,,,a38f9189-ad87-11ef-a35e-005056b28600,
b8468f8e-8ef4-11f1-9b18-005056b2a5de,03__SRO__OFO__PMI__6,Kho Kệ,Gói,Kho Kệ,59.0,,0.0,,15.0,,44.0,,1306,0,ca547973-e8ba-4028-9368-5e9a243bfd5e,ca547973-e8ba-4028-9368-5e9a243bfd5e,2,False,b98b5958-8ef4-11f1-9b18-005056b2a5de,03__SRO__OFO__PMI__6,OFOOD Snack Rong Biển Cuộn Nướng Vị Phô Mai Gói 6g,Snack Rong Biển,OFOOD,,aca0e3b9-1e75-496e-84ff-e96c9084f53f,a38f9189-ad87-11ef-a35e-005056b28600,CÔNG TY TNHH THƯƠNG MẠI VÀ DỊCH VỤ MIRA GROUP
b8468f8e-8ef4-11f1-9b18-005056b2a5de,03__SRO__OFO__TEM__15,OFOOD Rong Biển Lá Kim Trẻ Em,Gói,Tổng,1.0,,0.0,,0.0,,1.0,,1307,1,d562d599-a852-4b9f-8eac-97ef6588db6b,,1,True,b98b5a18-8ef4-11f1-9b18-005056b2a5de,03__SRO__OFO__TEM__15,OFOOD Rong Biển Lá Kim Trẻ Em,Snack Rong Biển,OFOOD,,,a38f9189-ad87-11ef-a35e-005056b28600,
b8468f8e-8ef4-11f1-9b18-005056b2a5de,03__SRO__OFO__TEM__15,Kho Kệ,Gói,Kho Kệ,1.0,,0.0,,0.0,,1.0,,1308,0,d562d599-a852-4b9f-8eac-97ef6588db6b,d562d599-a852-4b9f-8eac-97ef6588db6b,2,False,b98b5adc-8ef4-11f1-9b18-005056b2a5de,03__SRO__OFO__TEM__15,OFOOD Rong Biển Lá Kim Trẻ Em,Snack Rong Biển,OFOOD,,aca0e3b9-1e75-496e-84ff-e96c9084f53f,a38f9189-ad87-11ef-a35e-005056b28600,CÔNG TY TNHH THƯƠNG MẠI VÀ DỊCH VỤ MIRA GROUP
b8468f8e-8ef4-11f1-9b18-005056b2a5de,03__SRO__OFO__TTG__6,OFOOD Snack Rong Biển Cuộn Nướng Vị Truyền Thống 6g,Gói,Tổng,46.0,,30.0,,26.0,,50.0,,1309,1,8b9cce75-1ee8-426a-8706-9f9b8c03edc2,,1,True,b98b5b9d-8ef4-11f1-9b18-005056b2a5de,03__SRO__OFO__TTG__6,OFOOD Snack Rong Biển Cuộn Nướng Vị Truyền Thống 6g,Snack Rong Biển,OFOOD,,,a38f9189-ad87-11ef-a35e-005056b28600,
b8468f8e-8ef4-11f1-9b18-005056b2a5de,03__SRO__OFO__TTG__6,Kho Kệ,Gói,Kho Kệ,46.0,,30.0,,26.0,,50.0,,1310,0,8b9cce75-1ee8-426a-8706-9f9b8c03edc2,8b9cce75-1ee8-426a-8706-9f9b8c03edc2,2,False,b98b5c57-8ef4-11f1-9b18-005056b2a5de,03__SRO__OFO__TTG__6,OFOOD Snack Rong Biển Cuộn Nướng Vị Truyền Thống 6g,Snack Rong Biển,OFOOD,,aca0e3b9-1e75-496e-84ff-e96c9084f53f,a38f9189-ad87-11ef-a35e-005056b28600,CÔNG TY TNHH THƯƠNG MẠI VÀ DỊCH VỤ MIRA GROUP
b8468f8e-8ef4-11f1-9b18-005056b2a5de,03__SRO__TBB__CLA__6,TAOKENOI BIG BANG Snack Rong Biển Vị Truyền Thống 6g,Bịch,Tổng,66.0,,0.0,,12.0,,54.0,,1311,1,0c2b50b3-e7d0-410a-9854-fc63417a3b10,,1,True,b98b5d3c-8ef4-11f1-9b18-005056b2a5de,03__SRO__TBB__CLA__6,TAOKENOI BIG BANG Snack Rong Biển Vị Truyền Thống 6g,Snack Rong Biển,TAOKENOI BIG BANG,,,a38f9189-ad87-11ef-a35e-005056b28600,
b8468f8e-8ef4-11f1-9b18-005056b2a5de,03__SRO__TBB__CLA__6,Kho Kệ,Bịch,Kho Kệ,66.0,,0.0,,12.0,,54.0,,1312,0,0c2b50b3-e7d0-410a-9854-fc63417a3b10,0c2b50b3-e7d0-410a-9854-fc63417a3b10,2,False,b98b5e00-8ef4-11f1-9b18-005056b2a5de,03__SRO__TBB__CLA__6,TAOKENOI BIG BANG Snack Rong Biển Vị Truyền Thống 6g,Snack Rong Biển,TAOKENOI BIG BANG,,aca0e3b9-1e75-496e-84ff-e96c9084f53f,a38f9189-ad87-11ef-a35e-005056b28600,CÔNG TY TNHH THƯƠNG MẠI VÀ DỊCH VỤ MIRA GROUP
b8468f8e-8ef4-11f1-9b18-005056b2a5de,03__SRO__TBB__MUC__6,TAOKENOI BIG BANG Snack Rong Biển Vị Mực 6g,Bịch,Tổng,76.0,,0.0,,5.0,,71.0,,1313,1,b8a3ed1c-a5c2-4073-9ae1-c499a34a241e,,1,True,b98b5ec7-8ef4-11f1-9b18-005056b2a5de,03__SRO__TBB__MUC__6,TAOKENOI BIG BANG Snack Rong Biển Vị Mực 6g,Snack Rong Biển,TAOKENOI BIG BANG,,,a38f9189-ad87-11ef-a35e-005056b28600,
b8468f8e-8ef4-11f1-9b18-005056b2a5de,03__SRO__TBB__MUC__6,Kho Kệ,Bịch,Kho Kệ,76.0,,0.0,,5.0,,71.0,,1314,0,b8a3ed1c-a5c2-4073-9ae1-c499a34a241e,b8a3ed1c-a5c2-4073-9ae1-c499a34a241e,2,False,b98b5f88-8ef4-11f1-9b18-005056b2a5de,03__SRO__TBB__MUC__6,TAOKENOI BIG BANG Snack Rong Biển Vị Mực 6g,Snack Rong Biển,TAOKENOI BIG BANG,,aca0e3b9-1e75-496e-84ff-e96c9084f53f,a38f9189-ad87-11ef-a35e-005056b28600,CÔNG TY TNHH THƯƠNG MẠI VÀ DỊCH VỤ MIRA GROUP
b8468f8e-8ef4-11f1-9b18-005056b2a5de,03__SRO__TBR__CAY__3,TAOKENOI BIG ROLL Snack Rong Biển Vị Cay,Bịch,Tổng,24.0,,72.0,,14.0,,82.0,,1315,1,745d6e8d-7a20-4252-9fa3-c2619a14c983,,1,True,b98b6054-8ef4-11f1-9b18-005056b2a5de,03__SRO__TBR__CAY__3,TAOKENOI BIG ROLL Snack Rong Biển Vị Cay,Snack Rong Biển,TAOKENOI BIG ROLL,,,a38f9189-ad87-11ef-a35e-005056b28600,
b8468f8e-8ef4-11f1-9b18-005056b2a5de,03__SRO__TBR__CAY__3,Kho Kệ,Bịch,Kho Kệ,24.0,,72.0,,14.0,,82.0,,1316,0,745d6e8d-7a20-4252-9fa3-c2619a14c983,745d6e8d-7a20-4252-9fa3-c2619a14c983,2,False,b98b610c-8ef4-11f1-9b18-005056b2a5de,03__SRO__TBR__CAY__3,TAOKENOI BIG ROLL Snack Rong Biển Vị Cay,Snack Rong Biển,TAOKENOI BIG ROLL,,aca0e3b9-1e75-496e-84ff-e96c9084f53f,a38f9189-ad87-11ef-a35e-005056b28600,CÔNG TY TNHH THƯƠNG MẠI VÀ DỊCH VỤ MIRA GROUP
b8468f8e-8ef4-11f1-9b18-005056b2a5de,03__SRO__TBR__CLA__3,TAOKENOI BIG ROLL Snack Rong Biển Classic 3g,Bịch,Tổng,43.0,,72.0,,23.0,,92.0,,1317,1,ff801f4f-0bda-4835-b9d6-641ac7228c41,,1,True,b98b61d3-8ef4-11f1-9b18-005056b2a5de,03__SRO__TBR__CLA__3,TAOKENOI BIG ROLL Snack Rong Biển Classic 3g,Snack Rong Biển,TAOKENOI BIG ROLL,,,a38f9189-ad87-11ef-a35e-005056b28600,
b8468f8e-8ef4-11f1-9b18-005056b2a5de,03__SRO__TBR__CLA__3,Kho Kệ,Bịch,Kho Kệ,43.0,,72.0,,23.0,,92.0,,1318,0,ff801f4f-0bda-4835-b9d6-641ac7228c41,ff801f4f-0bda-4835-b9d6-641ac7228c41,2,False,b98b628f-8ef4-11f1-9b18-005056b2a5de,03__SRO__TBR__CLA__3,TAOKENOI BIG ROLL Snack Rong Biển Classic 3g,Snack Rong Biển,TAOKENOI BIG ROLL,,aca0e3b9-1e75-496e-84ff-e96c9084f53f,a38f9189-ad87-11ef-a35e-005056b28600,CÔNG TY TNHH THƯƠNG MẠI VÀ DỊCH VỤ MIRA GROUP
b8468f8e-8ef4-11f1-9b18-005056b2a5de,03__SRO__TBR__PK6__18,TAOKENOI BIG ROLL Snack Rong Biển Classic 18g (6 gói),Bịch,Tổng,5.0,,0.0,,0.0,,5.0,,1319,1,e7d0fe9a-7fa4-4a54-91c6-4950300a493b,,1,True,b98b6352-8ef4-11f1-9b18-005056b2a5de,03__SRO__TBR__PK6__18,TAOKENOI BIG ROLL Snack Rong Biển Classic 18g (6 gói),Snack Rong Biển,TAOKENOI BIG ROLL,,,a38f9189-ad87-11ef-a35e-005056b28600,
b8468f8e-8ef4-11f1-9b18-005056b2a5de,03__SRO__TBR__PK6__18,Kho Kệ,Bịch,Kho Kệ,5.0,,0.0,,0.0,,5.0,,1320,0,e7d0fe9a-7fa4-4a54-91c6-4950300a493b,e7d0fe9a-7fa4-4a54-91c6-4950300a493b,2,False,b98b6418-8ef4-11f1-9b18-005056b2a5de,03__SRO__TBR__PK6__18,TAOKENOI BIG ROLL Snack Rong Biển Classic 18g (6 gói),Snack Rong Biển,TAOKENOI BIG ROLL,,aca0e3b9-1e75-496e-84ff-e96c9084f53f,a38f9189-ad87-11ef-a35e-005056b28600,CÔNG TY TNHH THƯƠNG MẠI VÀ DỊCH VỤ MIRA GROUP
b8468f8e-8ef4-11f1-9b18-005056b2a5de,03__TKB__FAN__VBO__1,FANSIPAN Thịt Sấy Vị Bò Sợi,Bịch,Tổng,1.0,,0.0,,1.0,,0.0,,1321,1,89125279-5d54-41fa-bdbc-810afb1ebdb0,,1,True,b98b64d8-8ef4-11f1-9b18-005056b2a5de,03__TKB__FAN__VBO__1,FANSIPAN Thịt Sấy Vị Bò Sợi,Khô Bò,FANSIPAN,,,a38f9189-ad87-11ef-a35e-005056b28600,
b8468f8e-8ef4-11f1-9b18-005056b2a5de,03__TKB__FAN__VBO__1,Kho Kệ,Bịch,Kho Kệ,1.0,,0.0,,1.0,,0.0,,1322,0,89125279-5d54-41fa-bdbc-810afb1ebdb0,89125279-5d54-41fa-bdbc-810afb1ebdb0,2,False,b98b65a4-8ef4-11f1-9b18-005056b2a5de,03__TKB__FAN__VBO__1,FANSIPAN Thịt Sấy Vị Bò Sợi,Khô Bò,FANSIPAN,,aca0e3b9-1e75-496e-84ff-e96c9084f53f,a38f9189-ad87-11ef-a35e-005056b28600,CÔNG TY TNHH THƯƠNG MẠI VÀ DỊCH VỤ MIRA GROUP
b8468f8e-8ef4-11f1-9b18-005056b2a5de,03__TKB__FAN__VGA__1,FANSIPAN Khô Gà Cay,Bịch,Tổng,39.0,,0.0,,35.0,,4.0,,1323,1,6c7e0ae1-c0ea-41c7-acd7-87e6623cdc4e,,1,True,b98b666d-8ef4-11f1-9b18-005056b2a5de,03__TKB__FAN__VGA__1,FANSIPAN Khô Gà Cay,Khô Gà,FANSIPAN,,,a38f9189-ad87-11ef-a35e-005056b28600,
b8468f8e-8ef4-11f1-9b18-005056b2a5de,03__TKB__FAN__VGA__1,Kho Kệ,Bịch,Kho Kệ,-8.0,,0.0,,35.0,,-43.0,,1324,0,6c7e0ae1-c0ea-41c7-acd7-87e6623cdc4e,6c7e0ae1-c0ea-41c7-acd7-87e6623cdc4e,2,False,b98b6728-8ef4-11f1-9b18-005056b2a5de,03__TKB__FAN__VGA__1,FANSIPAN Khô Gà Cay,Khô Gà,FANSIPAN,,aca0e3b9-1e75-496e-84ff-e96c9084f53f,a38f9189-ad87-11ef-a35e-005056b28600,CÔNG TY TNHH THƯƠNG MẠI VÀ DỊCH VỤ MIRA GROUP
b8468f8e-8ef4-11f1-9b18-005056b2a5de,03__TKB__FAN__VGA__1,Kho MIRA,Bịch,Kho MIRA,47.0,,0.0,,0.0,,47.0,,1325,0,6c7e0ae1-c0ea-41c7-acd7-87e6623cdc4e,6c7e0ae1-c0ea-41c7-acd7-87e6623cdc4e,2,False,b98b67ed-8ef4-11f1-9b18-005056b2a5de,03__TKB__FAN__VGA__1,FANSIPAN Khô Gà Cay,Khô Gà,FANSIPAN,,485b5d06-306c-11f0-b467-005056b34af7,a38f9189-ad87-11ef-a35e-005056b28600,CÔNG TY TNHH THƯƠNG MẠI VÀ DỊCH VỤ MIRA GROUP
b8468f8e-8ef4-11f1-9b18-005056b2a5de,03__TKB__FAN__VHO__1,FANSIPAN Thịt Sấy Vị Heo Cháy Tỏi,Bịch,Tổng,16.0,,0.0,,13.0,,3.0,,1326,1,15c6e989-b5eb-4d8f-bfc0-4c7aa330450a,,1,True,b98b68ad-8ef4-11f1-9b18-005056b2a5de,03__TKB__FAN__VHO__1,FANSIPAN Thịt Sấy Vị Heo Cháy Tỏi,Khô Heo,FANSIPAN,,,a38f9189-ad87-11ef-a35e-005056b28600,
b8468f8e-8ef4-11f1-9b18-005056b2a5de,03__TKB__FAN__VHO__1,Kho Kệ,Bịch,Kho Kệ,0.0,,0.0,,13.0,,-13.0,,1327,0,15c6e989-b5eb-4d8f-bfc0-4c7aa330450a,15c6e989-b5eb-4d8f-bfc0-4c7aa330450a,2,False,b98b6968-8ef4-11f1-9b18-005056b2a5de,03__TKB__FAN__VHO__1,FANSIPAN Thịt Sấy Vị Heo Cháy Tỏi,Khô Heo,FANSIPAN,,aca0e3b9-1e75-496e-84ff-e96c9084f53f,a38f9189-ad87-11ef-a35e-005056b28600,CÔNG TY TNHH THƯƠNG MẠI VÀ DỊCH VỤ MIRA GROUP
b8468f8e-8ef4-11f1-9b18-005056b2a5de,03__TKB__FAN__VHO__1,Kho MIRA,Bịch,Kho MIRA,16.0,,0.0,,0.0,,16.0,,1328,0,15c6e989-b5eb-4d8f-bfc0-4c7aa330450a,15c6e989-b5eb-4d8f-bfc0-4c7aa330450a,2,False,b98b6a2d-8ef4-11f1-9b18-005056b2a5de,03__TKB__FAN__VHO__1,FANSIPAN Thịt Sấy Vị Heo Cháy Tỏi,Khô Heo,FANSIPAN,,485b5d06-306c-11f0-b467-005056b34af7,a38f9189-ad87-11ef-a35e-005056b28600,CÔNG TY TNHH THƯƠNG MẠI VÀ DỊCH VỤ MIRA GROUP
b8468f8e-8ef4-11f1-9b18-005056b2a5de,03__TRH__COZ__ATI__50,COZY Trà Atiso 365 Hộp 50g,Hộp,Tổng,4.0,,0.0,,1.0,,3.0,,1329,1,5af7253e-8934-4339-8bf7-83c3734017e9,,1,True,b98b6b17-8ef4-11f1-9b18-005056b2a5de,03__TRH__COZ__ATI__50,COZY Trà Atiso 365 Hộp 50g,Trà Hộp,Cozy,,,a38f9189-ad87-11ef-a35e-005056b28600,
b8468f8e-8ef4-11f1-9b18-005056b2a5de,03__TRH__COZ__ATI__50,Kho Kệ,Hộp,Kho Kệ,4.0,,0.0,,1.0,,3.0,,1330,0,5af7253e-8934-4339-8bf7-83c3734017e9,5af7253e-8934-4339-8bf7-83c3734017e9,2,False,b98b6be5-8ef4-11f1-9b18-005056b2a5de,03__TRH__COZ__ATI__50,COZY Trà Atiso 365 Hộp 50g,Trà Hộp,Cozy,,aca0e3b9-1e75-496e-84ff-e96c9084f53f,a38f9189-ad87-11ef-a35e-005056b28600,CÔNG TY TNHH THƯƠNG MẠI VÀ DỊCH VỤ MIRA GROUP
b8468f8e-8ef4-11f1-9b18-005056b2a5de,03__TRH__COZ__NHA__50,COZY Hương Nhài Hộp 50g,Hộp,Tổng,5.0,,0.0,,0.0,,5.0,,1331,1,ffd3c7cb-5c49-4e33-938c-12a237ef765e,,1,True,b98b6cab-8ef4-11f1-9b18-005056b2a5de,03__TRH__COZ__NHA__50,COZY Hương Nhài Hộp 50g,Trà Hộp,Cozy,,,a38f9189-ad87-11ef-a35e-005056b28600,
b8468f8e-8ef4-11f1-9b18-005056b2a5de,03__TRH__COZ__NHA__50,Kho Kệ,Hộp,Kho Kệ,5.0,,0.0,,0.0,,5.0,,1332,0,ffd3c7cb-5c49-4e33-938c-12a237ef765e,ffd3c7cb-5c49-4e33-938c-12a237ef765e,2,False,b98b6d6e-8ef4-11f1-9b18-005056b2a5de,03__TRH__COZ__NHA__50,COZY Hương Nhài Hộp 50g,Trà Hộp,Cozy,,aca0e3b9-1e75-496e-84ff-e96c9084f53f,a38f9189-ad87-11ef-a35e-005056b28600,CÔNG TY TNHH THƯƠNG MẠI VÀ DỊCH VỤ MIRA GROUP
b8468f8e-8ef4-11f1-9b18-005056b2a5de,03__TRH__COZ__TNN__50,COZY Trà Xanh Thái Nguyên Hộp 50g,Hộp,Tổng,5.0,,0.0,,0.0,,5.0,,1333,1,00a4296e-6f13-4b34-b55c-8bfc7bab3e88,,1,True,b98b6e3a-8ef4-11f1-9b18-005056b2a5de,03__TRH__COZ__TNN__50,COZY Trà Xanh Thái Nguyên Hộp 50g,Trà Hộp,Cozy,,,a38f9189-ad87-11ef-a35e-005056b28600,
b8468f8e-8ef4-11f1-9b18-005056b2a5de,03__TRH__COZ__TNN__50,Kho Kệ,Hộp,Kho Kệ,5.0,,0.0,,0.0,,5.0,,1334,0,00a4296e-6f13-4b34-b55c-8bfc7bab3e88,00a4296e-6f13-4b34-b55c-8bfc7bab3e88,2,False,b98b6f00-8ef4-11f1-9b18-005056b2a5de,03__TRH__COZ__TNN__50,COZY Trà Xanh Thái Nguyên Hộp 50g,Trà Hộp,Cozy,,aca0e3b9-1e75-496e-84ff-e96c9084f53f,a38f9189-ad87-11ef-a35e-005056b28600,CÔNG TY TNHH THƯƠNG MẠI VÀ DỊCH VỤ MIRA GROUP
b8468f8e-8ef4-11f1-9b18-005056b2a5de,03BLAOREDDO60,OREO Bánh Socola Pie Đỏ,Bịch,Tổng,81.0,,0.0,,3.0,,78.0,,1335,1,61cddc69-293d-4cc3-b50b-cad1eace3ef5,,1,True,b98b70a6-8ef4-11f1-9b18-005056b2a5de,03BLAOREDDO60,OREO Bánh Socola Pie Đỏ,Bánh Bông Lan,OREO,,,a38f9189-ad87-11ef-a35e-005056b28600,
b8468f8e-8ef4-11f1-9b18-005056b2a5de,03BLAOREDDO60,Kho Kệ,Bịch,Kho Kệ,81.0,,0.0,,3.0,,78.0,,1336,0,61cddc69-293d-4cc3-b50b-cad1eace3ef5,61cddc69-293d-4cc3-b50b-cad1eace3ef5,2,False,b98b71c3-8ef4-11f1-9b18-005056b2a5de,03BLAOREDDO60,OREO Bánh Socola Pie Đỏ,Bánh Bông Lan,OREO,,aca0e3b9-1e75-496e-84ff-e96c9084f53f,a38f9189-ad87-11ef-a35e-005056b28600,CÔNG TY TNHH THƯƠNG MẠI VÀ DỊCH VỤ MIRA GROUP
b8468f8e-8ef4-11f1-9b18-005056b2a5de,03BLAOREXAH60,OREO Bánh Socola Pie Xanh,Bịch,Tổng,61.0,,0.0,,3.0,,58.0,,1337,1,50bee061-c1c5-450e-b79b-2b77fe27a828,,1,True,b98b72e7-8ef4-11f1-9b18-005056b2a5de,03BLAOREXAH60,OREO Bánh Socola Pie Xanh,Bánh Bông Lan,OREO,,,a38f9189-ad87-11ef-a35e-005056b28600,
b8468f8e-8ef4-11f1-9b18-005056b2a5de,03BLAOREXAH60,Kho Kệ,Bịch,Kho Kệ,61.0,,0.0,,3.0,,58.0,,1338,0,50bee061-c1c5-450e-b79b-2b77fe27a828,50bee061-c1c5-450e-b79b-2b77fe27a828,2,False,b98b73f1-8ef4-11f1-9b18-005056b2a5de,03BLAOREXAH60,OREO Bánh Socola Pie Xanh,Bánh Bông Lan,OREO,,aca0e3b9-1e75-496e-84ff-e96c9084f53f,a38f9189-ad87-11ef-a35e-005056b28600,CÔNG TY TNHH THƯƠNG MẠI VÀ DỊCH VỤ MIRA GROUP
b8468f8e-8ef4-11f1-9b18-005056b2a5de,03DPGPOCDUA70,POCA Đậu Phộng Rắc Rắc Vị Nước Cốt Dừa 70g,Bịch,Tổng,53.0,,48.0,,44.0,,57.0,,1339,1,fac0e80d-24fc-4154-8d54-6c9b2ea1e04c,,1,True,b98b750c-8ef4-11f1-9b18-005056b2a5de,03DPGPOCDUA70,POCA Đậu Phộng Rắc Rắc Vị Nước Cốt Dừa 70g,Đậu Phộng,POCA,,,a38f9189-ad87-11ef-a35e-005056b28600,
b8468f8e-8ef4-11f1-9b18-005056b2a5de,03DPGPOCDUA70,Kho Kệ,Bịch,Kho Kệ,53.0,,48.0,,44.0,,57.0,,1340,0,fac0e80d-24fc-4154-8d54-6c9b2ea1e04c,fac0e80d-24fc-4154-8d54-6c9b2ea1e04c,2,False,b98b762a-8ef4-11f1-9b18-005056b2a5de,03DPGPOCDUA70,POCA Đậu Phộng Rắc Rắc Vị Nước Cốt Dừa 70g,Đậu Phộng,POCA,,aca0e3b9-1e75-496e-84ff-e96c9084f53f,a38f9189-ad87-11ef-a35e-005056b28600,CÔNG TY TNHH THƯƠNG MẠI VÀ DỊCH VỤ MIRA GROUP
b8468f8e-8ef4-11f1-9b18-005056b2a5de,03DPGPOCMUC70,POCA Đậu Phộng Rắc Rắc Vị Mực Cay 70g,Bịch,Tổng,0.0,,40.0,,7.0,,33.0,,1341,1,3d9689dc-3fa4-4c3e-a53d-d0d9c676ee06,,1,True,b98b790f-8ef4-11f1-9b18-005056b2a5de,03DPGPOCMUC70,POCA Đậu Phộng Rắc Rắc Vị Mực Cay 70g,Đậu Phộng,POCA,,,a38f9189-ad87-11ef-a35e-005056b28600,
b8468f8e-8ef4-11f1-9b18-005056b2a5de,03DPGPOCMUC70,Kho Kệ,Bịch,Kho Kệ,0.0,,40.0,,7.0,,33.0,,1342,0,3d9689dc-3fa4-4c3e-a53d-d0d9c676ee06,3d9689dc-3fa4-4c3e-a53d-d0d9c676ee06,2,False,b98b7b90-8ef4-11f1-9b18-005056b2a5de,03DPGPOCMUC70,POCA Đậu Phộng Rắc Rắc Vị Mực Cay 70g,Đậu Phộng,POCA,,aca0e3b9-1e75-496e-84ff-e96c9084f53f,a38f9189-ad87-11ef-a35e-005056b28600,CÔNG TY TNHH THƯƠNG MẠI VÀ DỊCH VỤ MIRA GROUP
b8468f8e-8ef4-11f1-9b18-005056b2a5de,04__PMM__CBC__DAU__78,CONBOCUOI Phô Mai Vuông Vị Dâu 78g,Bịch,Tổng,0.0,,0.0,,2.0,,-2.0,,1343,1,fca7d0ee-768d-4754-99c9-03ee72a1eebd,,1,True,b98b7cc2-8ef4-11f1-9b18-005056b2a5de,04__PMM__CBC__DAU__78,CONBOCUOI Phô Mai Vuông Vị Dâu 78g,Phô Mai,CONBOCUOI,CÔNG TY TNHH ANH PHƯƠNG NINH THUẬN,,a38f9189-ad87-11ef-a35e-005056b28600,
b8468f8e-8ef4-11f1-9b18-005056b2a5de,04__PMM__CBC__DAU__78,Kho Kệ,Bịch,Kho Kệ,0.0,,0.0,,2.0,,-2.0,,1344,0,fca7d0ee-768d-4754-99c9-03ee72a1eebd,fca7d0ee-768d-4754-99c9-03ee72a1eebd,2,False,b98b7def-8ef4-11f1-9b18-005056b2a5de,04__PMM__CBC__DAU__78,CONBOCUOI Phô Mai Vuông Vị Dâu 78g,Phô Mai,CONBOCUOI,CÔNG TY TNHH ANH PHƯƠNG NINH THUẬN,aca0e3b9-1e75-496e-84ff-e96c9084f53f,a38f9189-ad87-11ef-a35e-005056b28600,CÔNG TY TNHH THƯƠNG MẠI VÀ DỊCH VỤ MIRA GROUP
b8468f8e-8ef4-11f1-9b18-005056b2a5de,04__PMM__CBC__TTG__112,CONBOCUOI Phô Mai Vị Truyền Thống Hộp 8 Miếng 112g,Hộp,Tổng,7.0,,0.0,,7.0,,0.0,,1345,1,319e6969-fbd7-490b-9267-09b921bba286,,1,True,b98b7ed7-8ef4-11f1-9b18-005056b2a5de,04__PMM__CBC__TTG__112,CONBOCUOI Phô Mai Vị Truyền Thống Hộp 8 Miếng 112g,Phô Mai,CONBOCUOI,CÔNG TY TNHH ANH PHƯƠNG NINH THUẬN,,a38f9189-ad87-11ef-a35e-005056b28600,
b8468f8e-8ef4-11f1-9b18-005056b2a5de,04__PMM__CBC__TTG__112,Kho Kệ,Hộp,Kho Kệ,7.0,,0.0,,7.0,,0.0,,1346,0,319e6969-fbd7-490b-9267-09b921bba286,319e6969-fbd7-490b-9267-09b921bba286,2,False,b98b7fae-8ef4-11f1-9b18-005056b2a5de,04__PMM__CBC__TTG__112,CONBOCUOI Phô Mai Vị Truyền Thống Hộp 8 Miếng 112g,Phô Mai,CONBOCUOI,CÔNG TY TNHH ANH PHƯƠNG NINH THUẬN,aca0e3b9-1e75-496e-84ff-e96c9084f53f,a38f9189-ad87-11ef-a35e-005056b28600,CÔNG TY TNHH THƯƠNG MẠI VÀ DỊCH VỤ MIRA GROUP
b8468f8e-8ef4-11f1-9b18-005056b2a5de,04__PMM__CBC__TTG__78,CONBOCUOI Phô Mai Vuông Vị Truyền Thống 78g,Bịch,Tổng,0.0,,0.0,,5.0,,-5.0,,1347,1,208a0e25-2335-45a2-b676-ca132a32d598,,1,True,b98b80a6-8ef4-11f1-9b18-005056b2a5de,04__PMM__CBC__TTG__78,CONBOCUOI Phô Mai Vuông Vị Truyền Thống 78g,Phô Mai,CONBOCUOI,CÔNG TY TNHH ANH PHƯƠNG NINH THUẬN,,a38f9189-ad87-11ef-a35e-005056b28600,
b8468f8e-8ef4-11f1-9b18-005056b2a5de,04__PMM__CBC__TTG__78,Kho Kệ,Bịch,Kho Kệ,0.0,,0.0,,5.0,,-5.0,,1348,0,208a0e25-2335-45a2-b676-ca132a32d598,208a0e25-2335-45a2-b676-ca132a32d598,2,False,b98b816a-8ef4-11f1-9b18-005056b2a5de,04__PMM__CBC__TTG__78,CONBOCUOI Phô Mai Vuông Vị Truyền Thống 78g,Phô Mai,CONBOCUOI,CÔNG TY TNHH ANH PHƯƠNG NINH THUẬN,aca0e3b9-1e75-496e-84ff-e96c9084f53f,a38f9189-ad87-11ef-a35e-005056b28600,CÔNG TY TNHH THƯƠNG MẠI VÀ DỊCH VỤ MIRA GROUP
b8468f8e-8ef4-11f1-9b18-005056b2a5de,04__PMM__CBC__VQT__78,CONBOCUOI Phô Mai Vuông Vị Việt Quất 78g,Bịch,Tổng,6.0,,0.0,,5.0,,1.0,,1349,1,5a85a85b-18c7-4cde-9672-98372226e00d,,1,True,b98b8236-8ef4-11f1-9b18-005056b2a5de,04__PMM__CBC__VQT__78,CONBOCUOI Phô Mai Vuông Vị Việt Quất 78g,Phô Mai,CONBOCUOI,CÔNG TY TNHH ANH PHƯƠNG NINH THUẬN,,a38f9189-ad87-11ef-a35e-005056b28600,
b8468f8e-8ef4-11f1-9b18-005056b2a5de,04__PMM__CBC__VQT__78,Kho Kệ,Bịch,Kho Kệ,6.0,,0.0,,5.0,,1.0,,1350,0,5a85a85b-18c7-4cde-9672-98372226e00d,5a85a85b-18c7-4cde-9672-98372226e00d,2,False,b98b82f6-8ef4-11f1-9b18-005056b2a5de,04__PMM__CBC__VQT__78,CONBOCUOI Phô Mai Vuông Vị Việt Quất 78g,Phô Mai,CONBOCUOI,CÔNG TY TNHH ANH PHƯƠNG NINH THUẬN,aca0e3b9-1e75-496e-84ff-e96c9084f53f,a38f9189-ad87-11ef-a35e-005056b28600,CÔNG TY TNHH THƯƠNG MẠI VÀ DỊCH VỤ MIRA GROUP
b8468f8e-8ef4-11f1-9b18-005056b2a5de,04__PMM__QBB__DLI__90,QBB Phô Mai Vị Dưa LướI 90g,Hộp,Tổng,11.0,,0.0,,5.0,,6.0,,1351,1,520f255f-ccbe-4a3e-9f9b-1f6cfcd2fc9c,,1,True,b98b83c3-8ef4-11f1-9b18-005056b2a5de,04__PMM__QBB__DLI__90,QBB Phô Mai Vị Dưa LướI 90g,Phô Mai,QBB,,,a38f9189-ad87-11ef-a35e-005056b28600,
b8468f8e-8ef4-11f1-9b18-005056b2a5de,04__PMM__QBB__DLI__90,Kho Kệ,Hộp,Kho Kệ,11.0,,0.0,,5.0,,6.0,,1352,0,520f255f-ccbe-4a3e-9f9b-1f6cfcd2fc9c,520f255f-ccbe-4a3e-9f9b-1f6cfcd2fc9c,2,False,b98b8484-8ef4-11f1-9b18-005056b2a5de,04__PMM__QBB__DLI__90,QBB Phô Mai Vị Dưa LướI 90g,Phô Mai,QBB,,aca0e3b9-1e75-496e-84ff-e96c9084f53f,a38f9189-ad87-11ef-a35e-005056b28600,CÔNG TY TNHH THƯƠNG MẠI VÀ DỊCH VỤ MIRA GROUP
b8468f8e-8ef4-11f1-9b18-005056b2a5de,04__PMM__QBB__HAT__90,QBB Phô Mai Các Loại Hạt Dinh Dưỡng 90g,Hộp,Tổng,9.0,,0.0,,1.0,,8.0,,1353,1,1cf7177f-7c8c-46ee-a201-2ab4366744e6,,1,True,b98b8551-8ef4-11f1-9b18-005056b2a5de,04__PMM__QBB__HAT__90,QBB Phô Mai Các Loại Hạt Dinh Dưỡng 90g,Phô Mai,QBB,,,a38f9189-ad87-11ef-a35e-005056b28600,
b8468f8e-8ef4-11f1-9b18-005056b2a5de,04__PMM__QBB__HAT__90,Kho Kệ,Hộp,Kho Kệ,9.0,,0.0,,1.0,,8.0,,1354,0,1cf7177f-7c8c-46ee-a201-2ab4366744e6,1cf7177f-7c8c-46ee-a201-2ab4366744e6,2,False,b98b8612-8ef4-11f1-9b18-005056b2a5de,04__PMM__QBB__HAT__90,QBB Phô Mai Các Loại Hạt Dinh Dưỡng 90g,Phô Mai,QBB,,aca0e3b9-1e75-496e-84ff-e96c9084f53f,a38f9189-ad87-11ef-a35e-005056b28600,CÔNG TY TNHH THƯƠNG MẠI VÀ DỊCH VỤ MIRA GROUP
b8468f8e-8ef4-11f1-9b18-005056b2a5de,04__PMM__QBB__NHO__90,QBB Phô Mai Vị Nho 90g,Hộp,Tổng,5.0,,0.0,,4.0,,1.0,,1355,1,17aa4dec-d078-4060-a829-526ba5305745,,1,True,b98b86dd-8ef4-11f1-9b18-005056b2a5de,04__PMM__QBB__NHO__90,QBB Phô Mai Vị Nho 90g,Phô Mai,QBB,,,a38f9189-ad87-11ef-a35e-005056b28600,
b8468f8e-8ef4-11f1-9b18-005056b2a5de,04__PMM__QBB__NHO__90,Kho Kệ,Hộp,Kho Kệ,5.0,,0.0,,4.0,,1.0,,1356,0,17aa4dec-d078-4060-a829-526ba5305745,17aa4dec-d078-4060-a829-526ba5305745,2,False,b98b885a-8ef4-11f1-9b18-005056b2a5de,04__PMM__QBB__NHO__90,QBB Phô Mai Vị Nho 90g,Phô Mai,QBB,,aca0e3b9-1e75-496e-84ff-e96c9084f53f,a38f9189-ad87-11ef-a35e-005056b28600,CÔNG TY TNHH THƯƠNG MẠI VÀ DỊCH VỤ MIRA GROUP
b8468f8e-8ef4-11f1-9b18-005056b2a5de,04__SAN__BVI__CDG__100,BA VÌ Sữa Chua Có Đường Hộp 100g,Hộp,Tổng,35.0,,0.0,,0.0,,35.0,,1357,1,2d69dc02-ac07-493c-8ad3-66feebbe9583,,1,True,b98b8927-8ef4-11f1-9b18-005056b2a5de,04__SAN__BVI__CDG__100,BA VÌ Sữa Chua Có Đường Hộp 100g,Sữa Chua Ăn,BA VÌ,,,a38f9189-ad87-11ef-a35e-005056b28600,
b8468f8e-8ef4-11f1-9b18-005056b2a5de,04__SAN__BVI__CDG__100,Kho Kệ,Hộp,Kho Kệ,35.0,,0.0,,0.0,,35.0,,1358,0,2d69dc02-ac07-493c-8ad3-66feebbe9583,2d69dc02-ac07-493c-8ad3-66feebbe9583,2,False,b98b89e6-8ef4-11f1-9b18-005056b2a5de,04__SAN__BVI__CDG__100,BA VÌ Sữa Chua Có Đường Hộp 100g,Sữa Chua Ăn,BA VÌ,,aca0e3b9-1e75-496e-84ff-e96c9084f53f,a38f9189-ad87-11ef-a35e-005056b28600,CÔNG TY TNHH THƯƠNG MẠI VÀ DỊCH VỤ MIRA GROUP
b8468f8e-8ef4-11f1-9b18-005056b2a5de,04__SAN__BVI__KDG__100,BA VÌ Sữa Chua Không Đường 100g,Hộp,Tổng,48.0,,0.0,,0.0,,48.0,,1359,1,3eafb481-6115-41d8-9b2a-b431dc329475,,1,True,b98b8ab8-8ef4-11f1-9b18-005056b2a5de,04__SAN__BVI__KDG__100,BA VÌ Sữa Chua Không Đường 100g,Sữa Chua Ăn,BA VÌ,,,a38f9189-ad87-11ef-a35e-005056b28600,
b8468f8e-8ef4-11f1-9b18-005056b2a5de,04__SAN__BVI__KDG__100,Kho Kệ,Hộp,Kho Kệ,48.0,,0.0,,0.0,,48.0,,1360,0,3eafb481-6115-41d8-9b2a-b431dc329475,3eafb481-6115-41d8-9b2a-b431dc329475,2,False,b98b8b81-8ef4-11f1-9b18-005056b2a5de,04__SAN__BVI__KDG__100,BA VÌ Sữa Chua Không Đường 100g,Sữa Chua Ăn,BA VÌ,,aca0e3b9-1e75-496e-84ff-e96c9084f53f,a38f9189-ad87-11ef-a35e-005056b28600,CÔNG TY TNHH THƯƠNG MẠI VÀ DỊCH VỤ MIRA GROUP
b8468f8e-8ef4-11f1-9b18-005056b2a5de,04__SAN__BVI__NDM__100,BA VÌ Sữa Chua Nha Đam 100g,Hộp,Tổng,18.0,,0.0,,0.0,,18.0,,1361,1,45b21ab4-14d8-41e9-892a-07f96b70aad5,,1,True,b98b8c4c-8ef4-11f1-9b18-005056b2a5de,04__SAN__BVI__NDM__100,BA VÌ Sữa Chua Nha Đam 100g,Sữa Chua Ăn,BA VÌ,,,a38f9189-ad87-11ef-a35e-005056b28600,
b8468f8e-8ef4-11f1-9b18-005056b2a5de,04__SAN__BVI__NDM__100,Kho Kệ,Hộp,Kho Kệ,18.0,,0.0,,0.0,,18.0,,1362,0,45b21ab4-14d8-41e9-892a-07f96b70aad5,45b21ab4-14d8-41e9-892a-07f96b70aad5,2,False,b98b8d13-8ef4-11f1-9b18-005056b2a5de,04__SAN__BVI__NDM__100,BA VÌ Sữa Chua Nha Đam 100g,Sữa Chua Ăn,BA VÌ,,aca0e3b9-1e75-496e-84ff-e96c9084f53f,a38f9189-ad87-11ef-a35e-005056b28600,CÔNG TY TNHH THƯƠNG MẠI VÀ DỊCH VỤ MIRA GROUP
b8468f8e-8ef4-11f1-9b18-005056b2a5de,04__SAN__BVI__PMI__100,BA VÌ Sữa Chua Phô Mai Hộp 70g,Hộp,Tổng,49.0,,0.0,,0.0,,49.0,,1363,1,cd1ee2ea-095b-4a16-8238-1192fdd8413e,,1,True,b98b8dd5-8ef4-11f1-9b18-005056b2a5de,04__SAN__BVI__PMI__100,BA VÌ Sữa Chua Phô Mai Hộp 70g,Sữa Chua Ăn,BA VÌ,,,a38f9189-ad87-11ef-a35e-005056b28600,
b8468f8e-8ef4-11f1-9b18-005056b2a5de,04__SAN__BVI__PMI__100,Kho Kệ,Hộp,Kho Kệ,49.0,,0.0,,0.0,,49.0,,1364,0,cd1ee2ea-095b-4a16-8238-1192fdd8413e,cd1ee2ea-095b-4a16-8238-1192fdd8413e,2,False,b98b8e93-8ef4-11f1-9b18-005056b2a5de,04__SAN__BVI__PMI__100,BA VÌ Sữa Chua Phô Mai Hộp 70g,Sữa Chua Ăn,BA VÌ,,aca0e3b9-1e75-496e-84ff-e96c9084f53f,a38f9189-ad87-11ef-a35e-005056b28600,CÔNG TY TNHH THƯƠNG MẠI VÀ DỊCH VỤ MIRA GROUP
b8468f8e-8ef4-11f1-9b18-005056b2a5de,04__SAN__THY__CDG__100,TH True Sữa Chua Có Đường 100g,Hộp,Tổng,58.0,,3.0,,37.0,,24.0,,1365,1,99b2a6ea-5485-4ac4-b9d2-e3b96e40a21f,,1,True,b98b8f72-8ef4-11f1-9b18-005056b2a5de,04__SAN__THY__CDG__100,TH True Sữa Chua Có Đường 100g,Sữa Chua Ăn,,,,a38f9189-ad87-11ef-a35e-005056b28600,
b8468f8e-8ef4-11f1-9b18-005056b2a5de,04__SAN__THY__CDG__100,Kho Kệ,Hộp,Kho Kệ,58.0,,3.0,,37.0,,24.0,,1366,0,99b2a6ea-5485-4ac4-b9d2-e3b96e40a21f,99b2a6ea-5485-4ac4-b9d2-e3b96e40a21f,2,False,b98b9039-8ef4-11f1-9b18-005056b2a5de,04__SAN__THY__CDG__100,TH True Sữa Chua Có Đường 100g,Sữa Chua Ăn,,,aca0e3b9-1e75-496e-84ff-e96c9084f53f,a38f9189-ad87-11ef-a35e-005056b28600,CÔNG TY TNHH THƯƠNG MẠI VÀ DỊCH VỤ MIRA GROUP
b8468f8e-8ef4-11f1-9b18-005056b2a5de,04__SAN__THY__IDT__100,TH True Sữa Chua Ít Đường 100g,Hộp,Tổng,46.0,,49.0,,44.0,,51.0,,1367,1,46b769b0-4194-4801-9064-c6d47ddad972,,1,True,b98b9105-8ef4-11f1-9b18-005056b2a5de,04__SAN__THY__IDT__100,TH True Sữa Chua Ít Đường 100g,Sữa Chua Ăn,TH True Yogurt,,,a38f9189-ad87-11ef-a35e-005056b28600,
b8468f8e-8ef4-11f1-9b18-005056b2a5de,04__SAN__THY__IDT__100,Kho Kệ,Hộp,Kho Kệ,46.0,,49.0,,44.0,,51.0,,1368,0,46b769b0-4194-4801-9064-c6d47ddad972,46b769b0-4194-4801-9064-c6d47ddad972,2,False,b98b91ca-8ef4-11f1-9b18-005056b2a5de,04__SAN__THY__IDT__100,TH True Sữa Chua Ít Đường 100g,Sữa Chua Ăn,TH True Yogurt,,aca0e3b9-1e75-496e-84ff-e96c9084f53f,a38f9189-ad87-11ef-a35e-005056b28600,CÔNG TY TNHH THƯƠNG MẠI VÀ DỊCH VỤ MIRA GROUP
b8468f8e-8ef4-11f1-9b18-005056b2a5de,04__SAN__THY__NDM__100,TH True Sữa Chua Nha Đam 100g,Hộp,Tổng,12.0,,54.0,,42.0,,24.0,,1369,1,1363a849-145d-4a60-bc7c-959a6b96319b,,1,True,b98b94b4-8ef4-11f1-9b18-005056b2a5de,04__SAN__THY__NDM__100,TH True Sữa Chua Nha Đam 100g,Sữa Chua Ăn,TH True Yogurt,,,a38f9189-ad87-11ef-a35e-005056b28600,
b8468f8e-8ef4-11f1-9b18-005056b2a5de,04__SAN__THY__NDM__100,Kho Kệ,Hộp,Kho Kệ,12.0,,54.0,,42.0,,24.0,,1370,0,1363a849-145d-4a60-bc7c-959a6b96319b,1363a849-145d-4a60-bc7c-959a6b96319b,2,False,b98b95b2-8ef4-11f1-9b18-005056b2a5de,04__SAN__THY__NDM__100,TH True Sữa Chua Nha Đam 100g,Sữa Chua Ăn,TH True Yogurt,,aca0e3b9-1e75-496e-84ff-e96c9084f53f,a38f9189-ad87-11ef-a35e-005056b28600,CÔNG TY TNHH THƯƠNG MẠI VÀ DỊCH VỤ MIRA GROUP
b8468f8e-8ef4-11f1-9b18-005056b2a5de,04__SBO__MLO__HOP__285,MILO Sữa Bột Hộp 285g,Hộp,Tổng,21.0,,0.0,,0.0,,21.0,,1371,1,218b779a-bf57-4cdb-90a4-9c5273ede519,,1,True,b98b9677-8ef4-11f1-9b18-005056b2a5de,04__SBO__MLO__HOP__285,MILO Sữa Bột Hộp 285g,Sữa Bột,MILO,,,a38f9189-ad87-11ef-a35e-005056b28600,
b8468f8e-8ef4-11f1-9b18-005056b2a5de,04__SBO__MLO__HOP__285,Kho Kệ,Hộp,Kho Kệ,21.0,,0.0,,0.0,,21.0,,1372,0,218b779a-bf57-4cdb-90a4-9c5273ede519,218b779a-bf57-4cdb-90a4-9c5273ede519,2,False,b98b973a-8ef4-11f1-9b18-005056b2a5de,04__SBO__MLO__HOP__285,MILO Sữa Bột Hộp 285g,Sữa Bột,MILO,,aca0e3b9-1e75-496e-84ff-e96c9084f53f,a38f9189-ad87-11ef-a35e-005056b28600,CÔNG TY TNHH THƯƠNG MẠI VÀ DỊCH VỤ MIRA GROUP
b8468f8e-8ef4-11f1-9b18-005056b2a5de,04__SDA__VNM__CAP__165,VINAMILK Creamer Đặc Ông Thọ Cà Phê Tuýp Nâu 165g,Tuýp,Tổng,5.0,,0.0,,0.0,,5.0,,1373,1,500694b5-ef07-4253-9713-02294478d5d7,,1,True,b98b980f-8ef4-11f1-9b18-005056b2a5de,04__SDA__VNM__CAP__165,VINAMILK Creamer Đặc Ông Thọ Cà Phê Tuýp Nâu 165g,Sữa Đặc,VINAMILK,,,a38f9189-ad87-11ef-a35e-005056b28600,
b8468f8e-8ef4-11f1-9b18-005056b2a5de,04__SDA__VNM__CAP__165,Kho Kệ,Tuýp,Kho Kệ,5.0,,0.0,,0.0,,5.0,,1374,0,500694b5-ef07-4253-9713-02294478d5d7,500694b5-ef07-4253-9713-02294478d5d7,2,False,b98b98e0-8ef4-11f1-9b18-005056b2a5de,04__SDA__VNM__CAP__165,VINAMILK Creamer Đặc Ông Thọ Cà Phê Tuýp Nâu 165g,Sữa Đặc,VINAMILK,,aca0e3b9-1e75-496e-84ff-e96c9084f53f,a38f9189-ad87-11ef-a35e-005056b28600,CÔNG TY TNHH THƯƠNG MẠI VÀ DỊCH VỤ MIRA GROUP
b8468f8e-8ef4-11f1-9b18-005056b2a5de,04__SDA__VNM__DDO__380,VINAMILK Sữa Đặc Ông Thọ Lon Đỏ 380g,Hộp,Tổng,1.0,,0.0,,0.0,,1.0,,1375,1,c58665f8-8792-494f-a24a-ab26c8c2c65b,,1,True,b98b99a6-8ef4-11f1-9b18-005056b2a5de,04__SDA__VNM__DDO__380,VINAMILK Sữa Đặc Ông Thọ Lon Đỏ 380g,Sữa Đặc,VINAMILK,,,a38f9189-ad87-11ef-a35e-005056b28600,
b8468f8e-8ef4-11f1-9b18-005056b2a5de,04__SDA__VNM__DDO__380,Kho Kệ,Hộp,Kho Kệ,1.0,,0.0,,0.0,,1.0,,1376,0,c58665f8-8792-494f-a24a-ab26c8c2c65b,c58665f8-8792-494f-a24a-ab26c8c2c65b,2,False,b98b9a68-8ef4-11f1-9b18-005056b2a5de,04__SDA__VNM__DDO__380,VINAMILK Sữa Đặc Ông Thọ Lon Đỏ 380g,Sữa Đặc,VINAMILK,,aca0e3b9-1e75-496e-84ff-e96c9084f53f,a38f9189-ad87-11ef-a35e-005056b28600,CÔNG TY TNHH THƯƠNG MẠI VÀ DỊCH VỤ MIRA GROUP
b8468f8e-8ef4-11f1-9b18-005056b2a5de,04__SHG__BIN__CHU__200,BINGGRAE Sữa Chuối Hộp 200ml,Hộp,Tổng,45.0,,0.0,,40.0,,5.0,,1377,1,47807abb-3249-438d-abb5-312f98caf291,,1,True,b98b9b30-8ef4-11f1-9b18-005056b2a5de,04__SHG__BIN__CHU__200,BINGGRAE Sữa Chuối Hộp 200ml,Sữa Hộp Giấy,BINGGRAE,,,a38f9189-ad87-11ef-a35e-005056b28600,
b8468f8e-8ef4-11f1-9b18-005056b2a5de,04__SHG__BIN__CHU__200,Kho Kệ,Hộp,Kho Kệ,45.0,,0.0,,40.0,,5.0,,1378,0,47807abb-3249-438d-abb5-312f98caf291,47807abb-3249-438d-abb5-312f98caf291,2,False,b98b9bf1-8ef4-11f1-9b18-005056b2a5de,04__SHG__BIN__CHU__200,BINGGRAE Sữa Chuối Hộp 200ml,Sữa Hộp Giấy,BINGGRAE,,aca0e3b9-1e75-496e-84ff-e96c9084f53f,a38f9189-ad87-11ef-a35e-005056b28600,CÔNG TY TNHH THƯƠNG MẠI VÀ DỊCH VỤ MIRA GROUP
b8468f8e-8ef4-11f1-9b18-005056b2a5de,04__SHG__BIN__DLI__200,BINGGRAE Sữa Dưa Lưới Hộp 200ml,Hộp,Tổng,44.0,,0.0,,26.0,,18.0,,1379,1,7720427f-a87a-4604-9acd-0d46ae429922,,1,True,b98b9cb9-8ef4-11f1-9b18-005056b2a5de,04__SHG__BIN__DLI__200,BINGGRAE Sữa Dưa Lưới Hộp 200ml,Sữa Hộp Giấy,BINGGRAE,,,a38f9189-ad87-11ef-a35e-005056b28600,
b8468f8e-8ef4-11f1-9b18-005056b2a5de,04__SHG__BIN__DLI__200,Kho Kệ,Hộp,Kho Kệ,-4.0,,0.0,,26.0,,-30.0,,1380,0,7720427f-a87a-4604-9acd-0d46ae429922,7720427f-a87a-4604-9acd-0d46ae429922,2,False,b98b9d7a-8ef4-11f1-9b18-005056b2a5de,04__SHG__BIN__DLI__200,BINGGRAE Sữa Dưa Lưới Hộp 200ml,Sữa Hộp Giấy,BINGGRAE,,aca0e3b9-1e75-496e-84ff-e96c9084f53f,a38f9189-ad87-11ef-a35e-005056b28600,CÔNG TY TNHH THƯƠNG MẠI VÀ DỊCH VỤ MIRA GROUP
b8468f8e-8ef4-11f1-9b18-005056b2a5de,04__SHG__BIN__DLI__200,Kho MIRA,Hộp,Kho MIRA,48.0,,0.0,,0.0,,48.0,,1381,0,7720427f-a87a-4604-9acd-0d46ae429922,7720427f-a87a-4604-9acd-0d46ae429922,2,False,b98b9e44-8ef4-11f1-9b18-005056b2a5de,04__SHG__BIN__DLI__200,BINGGRAE Sữa Dưa Lưới Hộp 200ml,Sữa Hộp Giấy,BINGGRAE,,485b5d06-306c-11f0-b467-005056b34af7,a38f9189-ad87-11ef-a35e-005056b28600,CÔNG TY TNHH THƯƠNG MẠI VÀ DỊCH VỤ MIRA GROUP
b8468f8e-8ef4-11f1-9b18-005056b2a5de,04__SHG__BIN__HDE__200,BINGGRAE Sữa Hạt Dẻ Hộp 200ml,Hộp,Tổng,40.0,,0.0,,8.0,,32.0,,1382,1,6385f5af-f735-436d-b91a-4d62b1aa8e43,,1,True,b98b9f0c-8ef4-11f1-9b18-005056b2a5de,04__SHG__BIN__HDE__200,BINGGRAE Sữa Hạt Dẻ Hộp 200ml,Sữa Hộp Giấy,BINGGRAE,,,a38f9189-ad87-11ef-a35e-005056b28600,
b8468f8e-8ef4-11f1-9b18-005056b2a5de,04__SHG__BIN__HDE__200,Kho Kệ,Hộp,Kho Kệ,40.0,,0.0,,8.0,,32.0,,1383,0,6385f5af-f735-436d-b91a-4d62b1aa8e43,6385f5af-f735-436d-b91a-4d62b1aa8e43,2,False,b98ba19e-8ef4-11f1-9b18-005056b2a5de,04__SHG__BIN__HDE__200,BINGGRAE Sữa Hạt Dẻ Hộp 200ml,Sữa Hộp Giấy,BINGGRAE,,aca0e3b9-1e75-496e-84ff-e96c9084f53f,a38f9189-ad87-11ef-a35e-005056b28600,CÔNG TY TNHH THƯƠNG MẠI VÀ DỊCH VỤ MIRA GROUP
b8468f8e-8ef4-11f1-9b18-005056b2a5de,04__SHG__BIN__KMN__200,BINGGRAE Sữa Khoai Môn Hộp 200ml,Hộp,Tổng,40.0,,0.0,,6.0,,34.0,,1384,1,418cd687-43ef-4756-ba2d-7a746db6a96a,,1,True,b98ba27f-8ef4-11f1-9b18-005056b2a5de,04__SHG__BIN__KMN__200,BINGGRAE Sữa Khoai Môn Hộp 200ml,Sữa Hộp Giấy,BINGGRAE,,,a38f9189-ad87-11ef-a35e-005056b28600,
b8468f8e-8ef4-11f1-9b18-005056b2a5de,04__SHG__BIN__KMN__200,Kho Kệ,Hộp,Kho Kệ,40.0,,0.0,,6.0,,34.0,,1385,0,418cd687-43ef-4756-ba2d-7a746db6a96a,418cd687-43ef-4756-ba2d-7a746db6a96a,2,False,b98ba341-8ef4-11f1-9b18-005056b2a5de,04__SHG__BIN__KMN__200,BINGGRAE Sữa Khoai Môn Hộp 200ml,Sữa Hộp Giấy,BINGGRAE,,aca0e3b9-1e75-496e-84ff-e96c9084f53f,a38f9189-ad87-11ef-a35e-005056b28600,CÔNG TY TNHH THƯƠNG MẠI VÀ DỊCH VỤ MIRA GROUP
b8468f8e-8ef4-11f1-9b18-005056b2a5de,04__SHG__BVI__CAM__110,BA VÌ KAKA Sữa Tiệt Trùng Cam 110ml,Hộp,Tổng,38.0,,0.0,,0.0,,38.0,,1386,1,bc134c1a-aa43-4a4e-bc81-5677c5ee2ad8,,1,True,b98ba415-8ef4-11f1-9b18-005056b2a5de,04__SHG__BVI__CAM__110,BA VÌ KAKA Sữa Tiệt Trùng Cam 110ml,Sữa Hộp Giấy,BA VÌ KAKA,,,a38f9189-ad87-11ef-a35e-005056b28600,
b8468f8e-8ef4-11f1-9b18-005056b2a5de,04__SHG__BVI__CAM__110,Kho Kệ,Hộp,Kho Kệ,38.0,,0.0,,0.0,,38.0,,1387,0,bc134c1a-aa43-4a4e-bc81-5677c5ee2ad8,bc134c1a-aa43-4a4e-bc81-5677c5ee2ad8,2,False,b98ba4df-8ef4-11f1-9b18-005056b2a5de,04__SHG__BVI__CAM__110,BA VÌ KAKA Sữa Tiệt Trùng Cam 110ml,Sữa Hộp Giấy,BA VÌ KAKA,,aca0e3b9-1e75-496e-84ff-e96c9084f53f,a38f9189-ad87-11ef-a35e-005056b28600,CÔNG TY TNHH THƯƠNG MẠI VÀ DỊCH VỤ MIRA GROUP
b8468f8e-8ef4-11f1-9b18-005056b2a5de,04__SHG__BVI__CAM__170,BA VÌ KAKA Sữa Tiệt Trùng Cam 170ml,Hộp,Tổng,10.0,,0.0,,0.0,,10.0,,1388,1,5f81201d-5e73-4c36-ae81-5458525dd23d,,1,True,b98ba5ac-8ef4-11f1-9b18-005056b2a5de,04__SHG__BVI__CAM__170,BA VÌ KAKA Sữa Tiệt Trùng Cam 170ml,Sữa Hộp Giấy,BA VÌ KAKA,,,a38f9189-ad87-11ef-a35e-005056b28600,
b8468f8e-8ef4-11f1-9b18-005056b2a5de,04__SHG__BVI__CAM__170,Kho Kệ,Hộp,Kho Kệ,10.0,,0.0,,0.0,,10.0,,1389,0,5f81201d-5e73-4c36-ae81-5458525dd23d,5f81201d-5e73-4c36-ae81-5458525dd23d,2,False,b98ba66f-8ef4-11f1-9b18-005056b2a5de,04__SHG__BVI__CAM__170,BA VÌ KAKA Sữa Tiệt Trùng Cam 170ml,Sữa Hộp Giấy,BA VÌ KAKA,,aca0e3b9-1e75-496e-84ff-e96c9084f53f,a38f9189-ad87-11ef-a35e-005056b28600,CÔNG TY TNHH THƯƠNG MẠI VÀ DỊCH VỤ MIRA GROUP
b8468f8e-8ef4-11f1-9b18-005056b2a5de,04__SHG__HER__BQY__235,HERSHEY's Soyfresh Vị Bánh Quy Hàn Quốc 235ml,Hộp,Tổng,3.0,,0.0,,0.0,,3.0,,1390,1,25b04c64-0c80-4d0b-9453-ef1b32f3cca7,,1,True,b98ba738-8ef4-11f1-9b18-005056b2a5de,04__SHG__HER__BQY__235,HERSHEY's Soyfresh Vị Bánh Quy Hàn Quốc 235ml,Sữa Hộp Giấy,HERSHEY's,,,a38f9189-ad87-11ef-a35e-005056b28600,
b8468f8e-8ef4-11f1-9b18-005056b2a5de,04__SHG__HER__BQY__235,Kho Kệ,Hộp,Kho Kệ,3.0,,0.0,,0.0,,3.0,,1391,0,25b04c64-0c80-4d0b-9453-ef1b32f3cca7,25b04c64-0c80-4d0b-9453-ef1b32f3cca7,2,False,b98ba7fb-8ef4-11f1-9b18-005056b2a5de,04__SHG__HER__BQY__235,HERSHEY's Soyfresh Vị Bánh Quy Hàn Quốc 235ml,Sữa Hộp Giấy,HERSHEY's,,aca0e3b9-1e75-496e-84ff-e96c9084f53f,a38f9189-ad87-11ef-a35e-005056b28600,CÔNG TY TNHH THƯƠNG MẠI VÀ DỊCH VỤ MIRA GROUP
b8468f8e-8ef4-11f1-9b18-005056b2a5de,04__SHG__HER__CAC__235,HERSHEY's Soyfresh Sữa Cookies & Creame 235ml,Hộp,Tổng,1.0,,0.0,,0.0,,1.0,,1392,1,04b636d4-9350-4f62-a66d-fcad71a54e24,,1,True,b98ba8c8-8ef4-11f1-9b18-005056b2a5de,04__SHG__HER__CAC__235,HERSHEY's Soyfresh Sữa Cookies & Creame 235ml,Sữa Hộp Giấy,HERSHEY's,,,a38f9189-ad87-11ef-a35e-005056b28600,
b8468f8e-8ef4-11f1-9b18-005056b2a5de,04__SHG__HER__CAC__235,Kho Kệ,Hộp,Kho Kệ,1.0,,0.0,,0.0,,1.0,,1393,0,04b636d4-9350-4f62-a66d-fcad71a54e24,04b636d4-9350-4f62-a66d-fcad71a54e24,2,False,b98ba996-8ef4-11f1-9b18-005056b2a5de,04__SHG__HER__CAC__235,HERSHEY's Soyfresh Sữa Cookies & Creame 235ml,Sữa Hộp Giấy,HERSHEY's,,aca0e3b9-1e75-496e-84ff-e96c9084f53f,a38f9189-ad87-11ef-a35e-005056b28600,CÔNG TY TNHH THƯƠNG MẠI VÀ DỊCH VỤ MIRA GROUP
b8468f8e-8ef4-11f1-9b18-005056b2a5de,04__SHG__HER__SOC__236,HERSHEY's Soyfresh Sữa Socola 236ml,Hộp,Tổng,27.0,,0.0,,15.0,,12.0,,1394,1,0623216e-664d-4731-b2e6-79326188002c,,1,True,b98baa5d-8ef4-11f1-9b18-005056b2a5de,04__SHG__HER__SOC__236,HERSHEY's Soyfresh Sữa Socola 236ml,Sữa Hộp Giấy,HERSHEY's,,,a38f9189-ad87-11ef-a35e-005056b28600,
b8468f8e-8ef4-11f1-9b18-005056b2a5de,04__SHG__HER__SOC__236,Kho Kệ,Hộp,Kho Kệ,3.0,,0.0,,15.0,,-12.0,,1395,0,0623216e-664d-4731-b2e6-79326188002c,0623216e-664d-4731-b2e6-79326188002c,2,False,b98bab43-8ef4-11f1-9b18-005056b2a5de,04__SHG__HER__SOC__236,HERSHEY's Soyfresh Sữa Socola 236ml,Sữa Hộp Giấy,HERSHEY's,,aca0e3b9-1e75-496e-84ff-e96c9084f53f,a38f9189-ad87-11ef-a35e-005056b28600,CÔNG TY TNHH THƯƠNG MẠI VÀ DỊCH VỤ MIRA GROUP
b8468f8e-8ef4-11f1-9b18-005056b2a5de,04__SHG__HER__SOC__236,Kho MIRA,Hộp,Kho MIRA,24.0,,0.0,,0.0,,24.0,,1396,0,0623216e-664d-4731-b2e6-79326188002c,0623216e-664d-4731-b2e6-79326188002c,2,False,b98bac7e-8ef4-11f1-9b18-005056b2a5de,04__SHG__HER__SOC__236,HERSHEY's Soyfresh Sữa Socola 236ml,Sữa Hộp Giấy,HERSHEY's,,485b5d06-306c-11f0-b467-005056b34af7,a38f9189-ad87-11ef-a35e-005056b28600,CÔNG TY TNHH THƯƠNG MẠI VÀ DỊCH VỤ MIRA GROUP
b8468f8e-8ef4-11f1-9b18-005056b2a5de,04__SHG__MLO__HOP__180,MILO Sữa Hộp 180ml,Hộp,Tổng,53.0,,96.0,,85.0,,64.0,,1397,1,48d35cd8-09c7-46a8-b89a-ed010580015d,,1,True,b98bada0-8ef4-11f1-9b18-005056b2a5de,04__SHG__MLO__HOP__180,MILO Sữa Hộp 180ml,Sữa Hộp Giấy,MILO,,,a38f9189-ad87-11ef-a35e-005056b28600,
b8468f8e-8ef4-11f1-9b18-005056b2a5de,04__SHG__MLO__HOP__180,Kho Kệ,Hộp,Kho Kệ,-43.0,,0.0,,85.0,,-128.0,,1398,0,48d35cd8-09c7-46a8-b89a-ed010580015d,48d35cd8-09c7-46a8-b89a-ed010580015d,2,False,b98baed7-8ef4-11f1-9b18-005056b2a5de,04__SHG__MLO__HOP__180,MILO Sữa Hộp 180ml,Sữa Hộp Giấy,MILO,,aca0e3b9-1e75-496e-84ff-e96c9084f53f,a38f9189-ad87-11ef-a35e-005056b28600,CÔNG TY TNHH THƯƠNG MẠI VÀ DỊCH VỤ MIRA GROUP
b8468f8e-8ef4-11f1-9b18-005056b2a5de,04__SHG__MLO__HOP__180,Kho MIRA,Hộp,Kho MIRA,96.0,,96.0,,0.0,,192.0,,1399,0,48d35cd8-09c7-46a8-b89a-ed010580015d,48d35cd8-09c7-46a8-b89a-ed010580015d,2,False,b98bafbc-8ef4-11f1-9b18-005056b2a5de,04__SHG__MLO__HOP__180,MILO Sữa Hộp 180ml,Sữa Hộp Giấy,MILO,,485b5d06-306c-11f0-b467-005056b34af7,a38f9189-ad87-11ef-a35e-005056b28600,CÔNG TY TNHH THƯƠNG MẠI VÀ DỊCH VỤ MIRA GROUP
b8468f8e-8ef4-11f1-9b18-005056b2a5de,04__SHG__OVA__SOC__180,OVALTINE Sữa Lúa Mạch Socola 180ml,Hộp,Tổng,78.0,,0.0,,31.0,,47.0,,1400,1,a9bbd257-c3ac-4a72-8097-b399b08cd310,,1,True,b98bb094-8ef4-11f1-9b18-005056b2a5de,04__SHG__OVA__SOC__180,OVALTINE Sữa Lúa Mạch Socola 180ml,Sữa Hộp Giấy,OVALTINE,,,a38f9189-ad87-11ef-a35e-005056b28600,
b8468f8e-8ef4-11f1-9b18-005056b2a5de,04__SHG__OVA__SOC__180,Kho Kệ,Hộp,Kho Kệ,6.0,,0.0,,31.0,,-25.0,,1401,0,a9bbd257-c3ac-4a72-8097-b399b08cd310,a9bbd257-c3ac-4a72-8097-b399b08cd310,2,False,b98bb175-8ef4-11f1-9b18-005056b2a5de,04__SHG__OVA__SOC__180,OVALTINE Sữa Lúa Mạch Socola 180ml,Sữa Hộp Giấy,OVALTINE,,aca0e3b9-1e75-496e-84ff-e96c9084f53f,a38f9189-ad87-11ef-a35e-005056b28600,CÔNG TY TNHH THƯƠNG MẠI VÀ DỊCH VỤ MIRA GROUP
b8468f8e-8ef4-11f1-9b18-005056b2a5de,04__SHG__OVA__SOC__180,Kho MIRA,Hộp,Kho MIRA,72.0,,0.0,,0.0,,72.0,,1402,0,a9bbd257-c3ac-4a72-8097-b399b08cd310,a9bbd257-c3ac-4a72-8097-b399b08cd310,2,False,b98bb245-8ef4-11f1-9b18-005056b2a5de,04__SHG__OVA__SOC__180,OVALTINE Sữa Lúa Mạch Socola 180ml,Sữa Hộp Giấy,OVALTINE,,485b5d06-306c-11f0-b467-005056b34af7,a38f9189-ad87-11ef-a35e-005056b28600,CÔNG TY TNHH THƯƠNG MẠI VÀ DỊCH VỤ MIRA GROUP
b8468f8e-8ef4-11f1-9b18-005056b2a5de,04__SHG__THM__IDG__180,TH Truemilk Sữa Tươi TT Ít Đường 180ml,Hộp,Tổng,59.0,,98.0,,129.0,,28.0,,1403,1,33cea9f1-8dd5-4886-b3f6-3192bede0c26,,1,True,b98bb3f1-8ef4-11f1-9b18-005056b2a5de,04__SHG__THM__IDG__180,TH Truemilk Sữa Tươi TT Ít Đường 180ml,Sữa Hộp Giấy,THTruemilk,,,a38f9189-ad87-11ef-a35e-005056b28600,
b8468f8e-8ef4-11f1-9b18-005056b2a5de,04__SHG__THM__IDG__180,Kho Kệ,Hộp,Kho Kệ,-61.0,,98.0,,129.0,,-92.0,,1404,0,33cea9f1-8dd5-4886-b3f6-3192bede0c26,33cea9f1-8dd5-4886-b3f6-3192bede0c26,2,False,b98bb4c1-8ef4-11f1-9b18-005056b2a5de,04__SHG__THM__IDG__180,TH Truemilk Sữa Tươi TT Ít Đường 180ml,Sữa Hộp Giấy,THTruemilk,,aca0e3b9-1e75-496e-84ff-e96c9084f53f,a38f9189-ad87-11ef-a35e-005056b28600,CÔNG TY TNHH THƯƠNG MẠI VÀ DỊCH VỤ MIRA GROUP
b8468f8e-8ef4-11f1-9b18-005056b2a5de,04__SHG__THM__IDG__180,Kho MIRA,Hộp,Kho MIRA,120.0,,0.0,,0.0,,120.0,,1405,0,33cea9f1-8dd5-4886-b3f6-3192bede0c26,33cea9f1-8dd5-4886-b3f6-3192bede0c26,2,False,b98bb595-8ef4-11f1-9b18-005056b2a5de,04__SHG__THM__IDG__180,TH Truemilk Sữa Tươi TT Ít Đường 180ml,Sữa Hộp Giấy,THTruemilk,,485b5d06-306c-11f0-b467-005056b34af7,a38f9189-ad87-11ef-a35e-005056b28600,CÔNG TY TNHH THƯƠNG MẠI VÀ DỊCH VỤ MIRA GROUP
b8468f8e-8ef4-11f1-9b18-005056b2a5de,04__SHG__THM__ORG__180,TH Truemilk Sữa Tươi TT Nguyên Chất 180ml,Hộp,Tổng,24.0,,48.0,,72.0,,0.0,,1406,1,0efaa2c6-cbed-4ae7-8d57-1914b04334e3,,1,True,b98bb660-8ef4-11f1-9b18-005056b2a5de,04__SHG__THM__ORG__180,TH Truemilk Sữa Tươi TT Nguyên Chất 180ml,Sữa Hộp Giấy,THTruemilk,,,a38f9189-ad87-11ef-a35e-005056b28600,
b8468f8e-8ef4-11f1-9b18-005056b2a5de,04__SHG__THM__ORG__180,Kho Kệ,Hộp,Kho Kệ,-48.0,,48.0,,72.0,,-72.0,,1407,0,0efaa2c6-cbed-4ae7-8d57-1914b04334e3,0efaa2c6-cbed-4ae7-8d57-1914b04334e3,2,False,b98bb721-8ef4-11f1-9b18-005056b2a5de,04__SHG__THM__ORG__180,TH Truemilk Sữa Tươi TT Nguyên Chất 180ml,Sữa Hộp Giấy,THTruemilk,,aca0e3b9-1e75-496e-84ff-e96c9084f53f,a38f9189-ad87-11ef-a35e-005056b28600,CÔNG TY TNHH THƯƠNG MẠI VÀ DỊCH VỤ MIRA GROUP
b8468f8e-8ef4-11f1-9b18-005056b2a5de,04__SHG__THM__ORG__180,Kho MIRA,Hộp,Kho MIRA,72.0,,0.0,,0.0,,72.0,,1408,0,0efaa2c6-cbed-4ae7-8d57-1914b04334e3,0efaa2c6-cbed-4ae7-8d57-1914b04334e3,2,False,b98bb839-8ef4-11f1-9b18-005056b2a5de,04__SHG__THM__ORG__180,TH Truemilk Sữa Tươi TT Nguyên Chất 180ml,Sữa Hộp Giấy,THTruemilk,,485b5d06-306c-11f0-b467-005056b34af7,a38f9189-ad87-11ef-a35e-005056b28600,CÔNG TY TNHH THƯƠNG MẠI VÀ DỊCH VỤ MIRA GROUP
b8468f8e-8ef4-11f1-9b18-005056b2a5de,04__SHG__THM__VAN__180,THTruemilk Topkid Sữa Tươi TT Vani Organic 180ml,Hộp,Tổng,1.0,,0.0,,0.0,,1.0,,1409,1,d8700e6b-6336-46e7-849f-20ee2cd16005,,1,True,b98bb915-8ef4-11f1-9b18-005056b2a5de,04__SHG__THM__VAN__180,THTruemilk Topkid Sữa Tươi TT Vani Organic 180ml,Sữa Hộp Giấy,THTruemilk Topkid,,,a38f9189-ad87-11ef-a35e-005056b28600,
b8468f8e-8ef4-11f1-9b18-005056b2a5de,04__SHG__THM__VAN__180,Kho Kệ,Hộp,Kho Kệ,1.0,,0.0,,0.0,,1.0,,1410,0,d8700e6b-6336-46e7-849f-20ee2cd16005,d8700e6b-6336-46e7-849f-20ee2cd16005,2,False,b98bb9d8-8ef4-11f1-9b18-005056b2a5de,04__SHG__THM__VAN__180,THTruemilk Topkid Sữa Tươi TT Vani Organic 180ml,Sữa Hộp Giấy,THTruemilk Topkid,,aca0e3b9-1e75-496e-84ff-e96c9084f53f,a38f9189-ad87-11ef-a35e-005056b28600,CÔNG TY TNHH THƯƠNG MẠI VÀ DỊCH VỤ MIRA GROUP
b8468f8e-8ef4-11f1-9b18-005056b2a5de,04__SHG__VNM__IDG__180,VINAMILK Sữa Tươi TT Ít Đường 180ml,Hộp,Tổng,48.0,,0.0,,0.0,,48.0,,1411,1,f4f852fc-bad9-4c50-9a11-fc30dd6a30fa,,1,True,b98bbb11-8ef4-11f1-9b18-005056b2a5de,04__SHG__VNM__IDG__180,VINAMILK Sữa Tươi TT Ít Đường 180ml,Sữa Hộp Giấy,VINAMILK,,,a38f9189-ad87-11ef-a35e-005056b28600,
b8468f8e-8ef4-11f1-9b18-005056b2a5de,04__SHG__VNM__IDG__180,Kho MIRA,Hộp,Kho MIRA,48.0,,0.0,,0.0,,48.0,,1412,0,f4f852fc-bad9-4c50-9a11-fc30dd6a30fa,f4f852fc-bad9-4c50-9a11-fc30dd6a30fa,2,False,b98bbbf3-8ef4-11f1-9b18-005056b2a5de,04__SHG__VNM__IDG__180,VINAMILK Sữa Tươi TT Ít Đường 180ml,Sữa Hộp Giấy,VINAMILK,,485b5d06-306c-11f0-b467-005056b34af7,a38f9189-ad87-11ef-a35e-005056b28600,CÔNG TY TNHH THƯƠNG MẠI VÀ DỊCH VỤ MIRA GROUP
b8468f8e-8ef4-11f1-9b18-005056b2a5de,04__SUO__BEN__CAM__300,BETAGEN Sữa Chua Uống Hương Cam 300ml,Chai,Tổng,18.0,,57.0,,63.0,,12.0,,1413,1,1fe8d91a-1f42-47f8-8828-2d17299c49d2,,1,True,b98bbcbf-8ef4-11f1-9b18-005056b2a5de,04__SUO__BEN__CAM__300,BETAGEN Sữa Chua Uống Hương Cam 300ml,Sữa Chua Uống,BETAGEN,,,a38f9189-ad87-11ef-a35e-005056b28600,
b8468f8e-8ef4-11f1-9b18-005056b2a5de,04__SUO__BEN__CAM__300,Kho Kệ,Chai,Kho Kệ,18.0,,57.0,,63.0,,12.0,,1414,0,1fe8d91a-1f42-47f8-8828-2d17299c49d2,1fe8d91a-1f42-47f8-8828-2d17299c49d2,2,False,b98bbd8a-8ef4-11f1-9b18-005056b2a5de,04__SUO__BEN__CAM__300,BETAGEN Sữa Chua Uống Hương Cam 300ml,Sữa Chua Uống,BETAGEN,,aca0e3b9-1e75-496e-84ff-e96c9084f53f,a38f9189-ad87-11ef-a35e-005056b28600,CÔNG TY TNHH THƯƠNG MẠI VÀ DỊCH VỤ MIRA GROUP
b8468f8e-8ef4-11f1-9b18-005056b2a5de,04__SUO__BEN__DAU__300,BETAGEN Sữa Chua Uống Hương Dâu 300ml,Chai,Tổng,13.0,,48.0,,42.0,,19.0,,1415,1,1c33c6e2-cf52-4b21-9138-f77f86eca992,,1,True,b98bbe5a-8ef4-11f1-9b18-005056b2a5de,04__SUO__BEN__DAU__300,BETAGEN Sữa Chua Uống Hương Dâu 300ml,Sữa Chua Uống,BETAGEN,,,a38f9189-ad87-11ef-a35e-005056b28600,
b8468f8e-8ef4-11f1-9b18-005056b2a5de,04__SUO__BEN__DAU__300,Kho Kệ,Chai,Kho Kệ,13.0,,48.0,,42.0,,19.0,,1416,0,1c33c6e2-cf52-4b21-9138-f77f86eca992,1c33c6e2-cf52-4b21-9138-f77f86eca992,2,False,b98bbf21-8ef4-11f1-9b18-005056b2a5de,04__SUO__BEN__DAU__300,BETAGEN Sữa Chua Uống Hương Dâu 300ml,Sữa Chua Uống,BETAGEN,,aca0e3b9-1e75-496e-84ff-e96c9084f53f,a38f9189-ad87-11ef-a35e-005056b28600,CÔNG TY TNHH THƯƠNG MẠI VÀ DỊCH VỤ MIRA GROUP
b8468f8e-8ef4-11f1-9b18-005056b2a5de,04__SUO__BEN__DUA__300,BETAGEN Sữa Chua Uống Hương Dứa 300ml,Chai,Tổng,1.0,,48.0,,35.0,,14.0,,1417,1,26c60b00-78bd-4ecc-b2f1-94e14b3970ce,,1,True,b98bbfec-8ef4-11f1-9b18-005056b2a5de,04__SUO__BEN__DUA__300,BETAGEN Sữa Chua Uống Hương Dứa 300ml,Sữa Chua Uống,BETAGEN,,,a38f9189-ad87-11ef-a35e-005056b28600,
b8468f8e-8ef4-11f1-9b18-005056b2a5de,04__SUO__BEN__DUA__300,Kho Kệ,Chai,Kho Kệ,1.0,,48.0,,35.0,,14.0,,1418,0,26c60b00-78bd-4ecc-b2f1-94e14b3970ce,26c60b00-78bd-4ecc-b2f1-94e14b3970ce,2,False,b98bc0b8-8ef4-11f1-9b18-005056b2a5de,04__SUO__BEN__DUA__300,BETAGEN Sữa Chua Uống Hương Dứa 300ml,Sữa Chua Uống,BETAGEN,,aca0e3b9-1e75-496e-84ff-e96c9084f53f,a38f9189-ad87-11ef-a35e-005056b28600,CÔNG TY TNHH THƯƠNG MẠI VÀ DỊCH VỤ MIRA GROUP
b8468f8e-8ef4-11f1-9b18-005056b2a5de,04__SUO__BEN__IDG__300,BETAGEN Sữa Chua Uống Ít Đường 300ml,Chai,Tổng,22.0,,48.0,,64.0,,6.0,,1419,1,349ee124-26bd-4e49-bd97-cdd3a59266ec,,1,True,b98bc195-8ef4-11f1-9b18-005056b2a5de,04__SUO__BEN__IDG__300,BETAGEN Sữa Chua Uống Ít Đường 300ml,Sữa Chua Uống,BETAGEN,,,a38f9189-ad87-11ef-a35e-005056b28600,
b8468f8e-8ef4-11f1-9b18-005056b2a5de,04__SUO__BEN__IDG__300,Kho Kệ,Chai,Kho Kệ,22.0,,48.0,,64.0,,6.0,,1420,0,349ee124-26bd-4e49-bd97-cdd3a59266ec,349ee124-26bd-4e49-bd97-cdd3a59266ec,2,False,b98bc252-8ef4-11f1-9b18-005056b2a5de,04__SUO__BEN__IDG__300,BETAGEN Sữa Chua Uống Ít Đường 300ml,Sữa Chua Uống,BETAGEN,,aca0e3b9-1e75-496e-84ff-e96c9084f53f,a38f9189-ad87-11ef-a35e-005056b28600,CÔNG TY TNHH THƯƠNG MẠI VÀ DỊCH VỤ MIRA GROUP
b8468f8e-8ef4-11f1-9b18-005056b2a5de,05__GBG__MEI__BIC__150,MEIZAN Bột Chiên Giòn 150g,Bịch,Tổng,3.0,,0.0,,0.0,,3.0,,1421,1,115346a1-21f9-4b37-be17-22dfe854c3ad,,1,True,b98bc321-8ef4-11f1-9b18-005056b2a5de,05__GBG__MEI__BIC__150,MEIZAN Bột Chiên Giòn 150g,Gia Vị Nhà Bếp,MEIZAN,,,a38f9189-ad87-11ef-a35e-005056b28600,
b8468f8e-8ef4-11f1-9b18-005056b2a5de,05__GBG__MEI__BIC__150,Kho Kệ,Bịch,Kho Kệ,3.0,,0.0,,0.0,,3.0,,1422,0,115346a1-21f9-4b37-be17-22dfe854c3ad,115346a1-21f9-4b37-be17-22dfe854c3ad,2,False,b98bc3e3-8ef4-11f1-9b18-005056b2a5de,05__GBG__MEI__BIC__150,MEIZAN Bột Chiên Giòn 150g,Gia Vị Nhà Bếp,MEIZAN,,aca0e3b9-1e75-496e-84ff-e96c9084f53f,a38f9189-ad87-11ef-a35e-005056b28600,CÔNG TY TNHH THƯƠNG MẠI VÀ DỊCH VỤ MIRA GROUP
b8468f8e-8ef4-11f1-9b18-005056b2a5de,05__GBM__MEI__BIC__500,MEIZAN Bột Mì Đa Dụng Cao Cấp 500g,Bịch,Tổng,16.0,,0.0,,0.0,,16.0,,1423,1,6b2b8a59-1f61-405f-b040-89f594b0ccb3,,1,True,b98bc4ba-8ef4-11f1-9b18-005056b2a5de,05__GBM__MEI__BIC__500,MEIZAN Bột Mì Đa Dụng Cao Cấp 500g,Gia Vị Nhà Bếp,MEIZAN,,,a38f9189-ad87-11ef-a35e-005056b28600,
b8468f8e-8ef4-11f1-9b18-005056b2a5de,05__GBM__MEI__BIC__500,Kho Kệ,Bịch,Kho Kệ,16.0,,0.0,,0.0,,16.0,,1424,0,6b2b8a59-1f61-405f-b040-89f594b0ccb3,6b2b8a59-1f61-405f-b040-89f594b0ccb3,2,False,b98bc57f-8ef4-11f1-9b18-005056b2a5de,05__GBM__MEI__BIC__500,MEIZAN Bột Mì Đa Dụng Cao Cấp 500g,Gia Vị Nhà Bếp,MEIZAN,,aca0e3b9-1e75-496e-84ff-e96c9084f53f,a38f9189-ad87-11ef-a35e-005056b28600,CÔNG TY TNHH THƯƠNG MẠI VÀ DỊCH VỤ MIRA GROUP
b8468f8e-8ef4-11f1-9b18-005056b2a5de,05__GBP__MEI__BIC__150,MEIZAN Bột Bắp 150g,Bịch,Tổng,6.0,,0.0,,6.0,,0.0,,1425,1,db21a570-12eb-4622-9676-259d159ce885,,1,True,b98bc64d-8ef4-11f1-9b18-005056b2a5de,05__GBP__MEI__BIC__150,MEIZAN Bột Bắp 150g,Gia Vị Nhà Bếp,MEIZAN,,,a38f9189-ad87-11ef-a35e-005056b28600,
b8468f8e-8ef4-11f1-9b18-005056b2a5de,05__GBP__MEI__BIC__150,Kho Kệ,Bịch,Kho Kệ,6.0,,0.0,,6.0,,0.0,,1426,0,db21a570-12eb-4622-9676-259d159ce885,db21a570-12eb-4622-9676-259d159ce885,2,False,b98bc70f-8ef4-11f1-9b18-005056b2a5de,05__GBP__MEI__BIC__150,MEIZAN Bột Bắp 150g,Gia Vị Nhà Bếp,MEIZAN,,aca0e3b9-1e75-496e-84ff-e96c9084f53f,a38f9189-ad87-11ef-a35e-005056b28600,CÔNG TY TNHH THƯƠNG MẠI VÀ DỊCH VỤ MIRA GROUP
b8468f8e-8ef4-11f1-9b18-005056b2a5de,05__GBV__TAN__MGR__80,TƯỜNG AN Bơ Thực Vật Margarine Vị Nguyên Bản 80g,Hũ,Tổng,3.0,,0.0,,0.0,,3.0,,1427,1,7c95d3cc-9703-47f1-8d47-2909ad1bf80b,,1,True,b98bc7d7-8ef4-11f1-9b18-005056b2a5de,05__GBV__TAN__MGR__80,TƯỜNG AN Bơ Thực Vật Margarine Vị Nguyên Bản 80g,Gia Vị Nhà Bếp,TƯỜNG AN,,,a38f9189-ad87-11ef-a35e-005056b28600,
b8468f8e-8ef4-11f1-9b18-005056b2a5de,05__GBV__TAN__MGR__80,Kho Kệ,Hũ,Kho Kệ,3.0,,0.0,,0.0,,3.0,,1428,0,7c95d3cc-9703-47f1-8d47-2909ad1bf80b,7c95d3cc-9703-47f1-8d47-2909ad1bf80b,2,False,b98bc8a3-8ef4-11f1-9b18-005056b2a5de,05__GBV__TAN__MGR__80,TƯỜNG AN Bơ Thực Vật Margarine Vị Nguyên Bản 80g,Gia Vị Nhà Bếp,TƯỜNG AN,,aca0e3b9-1e75-496e-84ff-e96c9084f53f,a38f9189-ad87-11ef-a35e-005056b28600,CÔNG TY TNHH THƯƠNG MẠI VÀ DỊCH VỤ MIRA GROUP
b8468f8e-8ef4-11f1-9b18-005056b2a5de,05__GBX__MEI__BIC__400,MEIZAN Bột Bánh Xèo 400g,Bịch,Tổng,3.0,,0.0,,0.0,,3.0,,1429,1,a7bd2f7e-aaa8-45e6-bc94-1899e4e18e21,,1,True,b98bc97b-8ef4-11f1-9b18-005056b2a5de,05__GBX__MEI__BIC__400,MEIZAN Bột Bánh Xèo 400g,Gia Vị Nhà Bếp,MEIZAN,,,a38f9189-ad87-11ef-a35e-005056b28600,
b8468f8e-8ef4-11f1-9b18-005056b2a5de,05__GBX__MEI__BIC__400,Kho Kệ,Bịch,Kho Kệ,3.0,,0.0,,0.0,,3.0,,1430,0,a7bd2f7e-aaa8-45e6-bc94-1899e4e18e21,a7bd2f7e-aaa8-45e6-bc94-1899e4e18e21,2,False,b98bca3e-8ef4-11f1-9b18-005056b2a5de,05__GBX__MEI__BIC__400,MEIZAN Bột Bánh Xèo 400g,Gia Vị Nhà Bếp,MEIZAN,,aca0e3b9-1e75-496e-84ff-e96c9084f53f,a38f9189-ad87-11ef-a35e-005056b28600,CÔNG TY TNHH THƯƠNG MẠI VÀ DỊCH VỤ MIRA GROUP
b8468f8e-8ef4-11f1-9b18-005056b2a5de,05__GDA__KID__VIR__250,KIDO Dầu Ăn Olive Oil Extra Virgin 250ml,Chai,Tổng,12.0,,0.0,,0.0,,12.0,,1431,1,7460357d-6e52-4179-91fb-2562120741ea,,1,True,b98bcb0a-8ef4-11f1-9b18-005056b2a5de,05__GDA__KID__VIR__250,KIDO Dầu Ăn Olive Oil Extra Virgin 250ml,Gia Vị Nhà Bếp,KIDO,,,a38f9189-ad87-11ef-a35e-005056b28600,
b8468f8e-8ef4-11f1-9b18-005056b2a5de,05__GDA__KID__VIR__250,Kho Kệ,Chai,Kho Kệ,12.0,,0.0,,0.0,,12.0,,1432,0,7460357d-6e52-4179-91fb-2562120741ea,7460357d-6e52-4179-91fb-2562120741ea,2,False,b98bcbca-8ef4-11f1-9b18-005056b2a5de,05__GDA__KID__VIR__250,KIDO Dầu Ăn Olive Oil Extra Virgin 250ml,Gia Vị Nhà Bếp,KIDO,,aca0e3b9-1e75-496e-84ff-e96c9084f53f,a38f9189-ad87-11ef-a35e-005056b28600,CÔNG TY TNHH THƯƠNG MẠI VÀ DỊCH VỤ MIRA GROUP
b8468f8e-8ef4-11f1-9b18-005056b2a5de,05__GDA__MEI__MET__100,MEIZAN Dầu Mè Thơm 100ml,Chai,Tổng,28.0,,0.0,,0.0,,28.0,,1433,1,176ca205-3624-41ed-8c79-92f6a82595c4,,1,True,b98bcc97-8ef4-11f1-9b18-005056b2a5de,05__GDA__MEI__MET__100,MEIZAN Dầu Mè Thơm 100ml,Gia Vị Nhà Bếp,MEIZAN,,,a38f9189-ad87-11ef-a35e-005056b28600,
b8468f8e-8ef4-11f1-9b18-005056b2a5de,05__GDA__MEI__MET__100,Kho Kệ,Chai,Kho Kệ,28.0,,0.0,,0.0,,28.0,,1434,0,176ca205-3624-41ed-8c79-92f6a82595c4,176ca205-3624-41ed-8c79-92f6a82595c4,2,False,b98bcd5a-8ef4-11f1-9b18-005056b2a5de,05__GDA__MEI__MET__100,MEIZAN Dầu Mè Thơm 100ml,Gia Vị Nhà Bếp,MEIZAN,,aca0e3b9-1e75-496e-84ff-e96c9084f53f,a38f9189-ad87-11ef-a35e-005056b28600,CÔNG TY TNHH THƯƠNG MẠI VÀ DỊCH VỤ MIRA GROUP
b8468f8e-8ef4-11f1-9b18-005056b2a5de,05__GDA__MEI__VAG__1000,MEIZAN GOLD Dầu Ăn Cao Cấp 1L,Chai,Tổng,16.0,,0.0,,0.0,,16.0,,1435,1,6f525fb5-4aaf-431a-825d-24f7095b3b13,,1,True,b98bce21-8ef4-11f1-9b18-005056b2a5de,05__GDA__MEI__VAG__1000,MEIZAN GOLD Dầu Ăn Cao Cấp 1L,Gia Vị Nhà Bếp,MEIZAN,,,a38f9189-ad87-11ef-a35e-005056b28600,
b8468f8e-8ef4-11f1-9b18-005056b2a5de,05__GDA__MEI__VAG__1000,Kho Kệ,Chai,Kho Kệ,16.0,,0.0,,0.0,,16.0,,1436,0,6f525fb5-4aaf-431a-825d-24f7095b3b13,6f525fb5-4aaf-431a-825d-24f7095b3b13,2,False,b98bcedd-8ef4-11f1-9b18-005056b2a5de,05__GDA__MEI__VAG__1000,MEIZAN GOLD Dầu Ăn Cao Cấp 1L,Gia Vị Nhà Bếp,MEIZAN,,aca0e3b9-1e75-496e-84ff-e96c9084f53f,a38f9189-ad87-11ef-a35e-005056b28600,CÔNG TY TNHH THƯƠNG MẠI VÀ DỊCH VỤ MIRA GROUP
b8468f8e-8ef4-11f1-9b18-005056b2a5de,05__GDA__OLI__LIU__250,OLIVOILA Dầu Oliu Extra Virgin 250ml,Chai,Tổng,8.0,,0.0,,1.0,,7.0,,1437,1,63fe9ce5-db90-43bd-abd3-61c3ba63a61d,,1,True,b98bd082-8ef4-11f1-9b18-005056b2a5de,05__GDA__OLI__LIU__250,OLIVOILA Dầu Oliu Extra Virgin 250ml,Gia Vị Nhà Bếp,OLIVOILA,,,a38f9189-ad87-11ef-a35e-005056b28600,
b8468f8e-8ef4-11f1-9b18-005056b2a5de,05__GDA__OLI__LIU__250,Kho Kệ,Chai,Kho Kệ,8.0,,0.0,,1.0,,7.0,,1438,0,63fe9ce5-db90-43bd-abd3-61c3ba63a61d,63fe9ce5-db90-43bd-abd3-61c3ba63a61d,2,False,b98bd14d-8ef4-11f1-9b18-005056b2a5de,05__GDA__OLI__LIU__250,OLIVOILA Dầu Oliu Extra Virgin 250ml,Gia Vị Nhà Bếp,OLIVOILA,,aca0e3b9-1e75-496e-84ff-e96c9084f53f,a38f9189-ad87-11ef-a35e-005056b28600,CÔNG TY TNHH THƯƠNG MẠI VÀ DỊCH VỤ MIRA GROUP
b8468f8e-8ef4-11f1-9b18-005056b2a5de,05__GDA__SIM__DNH__1000,SIMPLY Dầu Đậu Nành 1L,Chai,Tổng,24.0,,0.0,,0.0,,24.0,,1439,1,7c0a75ea-a9bb-4fc2-970b-37a195a64c8c,,1,True,b98bd216-8ef4-11f1-9b18-005056b2a5de,05__GDA__SIM__DNH__1000,SIMPLY Dầu Đậu Nành 1L,Gia Vị Nhà Bếp,SIMPLY,,,a38f9189-ad87-11ef-a35e-005056b28600,
b8468f8e-8ef4-11f1-9b18-005056b2a5de,05__GDA__SIM__DNH__1000,Kho Kệ,Chai,Kho Kệ,24.0,,0.0,,0.0,,24.0,,1440,0,7c0a75ea-a9bb-4fc2-970b-37a195a64c8c,7c0a75ea-a9bb-4fc2-970b-37a195a64c8c,2,False,b98bd2e8-8ef4-11f1-9b18-005056b2a5de,05__GDA__SIM__DNH__1000,SIMPLY Dầu Đậu Nành 1L,Gia Vị Nhà Bếp,SIMPLY,,aca0e3b9-1e75-496e-84ff-e96c9084f53f,a38f9189-ad87-11ef-a35e-005056b28600,CÔNG TY TNHH THƯƠNG MẠI VÀ DỊCH VỤ MIRA GROUP
b8468f8e-8ef4-11f1-9b18-005056b2a5de,05__GDA__TAN__DAU__1000,TƯỜNG AN Dầu Đậu Nành 1L,Chai,Tổng,7.0,,0.0,,0.0,,7.0,,1441,1,d903cb5a-8b2e-450b-88f4-2730058931c0,,1,True,b98bd3b3-8ef4-11f1-9b18-005056b2a5de,05__GDA__TAN__DAU__1000,TƯỜNG AN Dầu Đậu Nành 1L,Gia Vị Nhà Bếp,TƯỜNG AN,,,a38f9189-ad87-11ef-a35e-005056b28600,
b8468f8e-8ef4-11f1-9b18-005056b2a5de,05__GDA__TAN__DAU__1000,Kho Kệ,Chai,Kho Kệ,7.0,,0.0,,0.0,,7.0,,1442,0,d903cb5a-8b2e-450b-88f4-2730058931c0,d903cb5a-8b2e-450b-88f4-2730058931c0,2,False,b98bd47a-8ef4-11f1-9b18-005056b2a5de,05__GDA__TAN__DAU__1000,TƯỜNG AN Dầu Đậu Nành 1L,Gia Vị Nhà Bếp,TƯỜNG AN,,aca0e3b9-1e75-496e-84ff-e96c9084f53f,a38f9189-ad87-11ef-a35e-005056b28600,CÔNG TY TNHH THƯƠNG MẠI VÀ DỊCH VỤ MIRA GROUP
b8468f8e-8ef4-11f1-9b18-005056b2a5de,05__GDA__TAN__DAU__400,TƯỜNG AN Dầu Đậu Nành 400ml,Chai,Tổng,18.0,,0.0,,0.0,,18.0,,1443,1,9e5856a0-bb09-42b9-b6b1-24d3c8183e2e,,1,True,b98bd542-8ef4-11f1-9b18-005056b2a5de,05__GDA__TAN__DAU__400,TƯỜNG AN Dầu Đậu Nành 400ml,Gia Vị Nhà Bếp,TƯỜNG AN,,,a38f9189-ad87-11ef-a35e-005056b28600,
b8468f8e-8ef4-11f1-9b18-005056b2a5de,05__GDA__TAN__DAU__400,Kho Kệ,Chai,Kho Kệ,18.0,,0.0,,0.0,,18.0,,1444,0,9e5856a0-bb09-42b9-b6b1-24d3c8183e2e,9e5856a0-bb09-42b9-b6b1-24d3c8183e2e,2,False,b98bd60a-8ef4-11f1-9b18-005056b2a5de,05__GDA__TAN__DAU__400,TƯỜNG AN Dầu Đậu Nành 400ml,Gia Vị Nhà Bếp,TƯỜNG AN,,aca0e3b9-1e75-496e-84ff-e96c9084f53f,a38f9189-ad87-11ef-a35e-005056b28600,CÔNG TY TNHH THƯƠNG MẠI VÀ DỊCH VỤ MIRA GROUP
b8468f8e-8ef4-11f1-9b18-005056b2a5de,05__GDG__CLM__TRN__270,CHOLIMEX Dầu Dấm Trộn Salad 270g,Chai,Tổng,9.0,,0.0,,0.0,,9.0,,1445,1,430c656c-09df-4b2b-b029-87625766f3e2,,1,True,b98bd6d0-8ef4-11f1-9b18-005056b2a5de,05__GDG__CLM__TRN__270,CHOLIMEX Dầu Dấm Trộn Salad 270g,Gia Vị Nhà Bếp,CHOLIMEX,,,a38f9189-ad87-11ef-a35e-005056b28600,
b8468f8e-8ef4-11f1-9b18-005056b2a5de,05__GDG__CLM__TRN__270,Kho Kệ,Chai,Kho Kệ,9.0,,0.0,,0.0,,9.0,,1446,0,430c656c-09df-4b2b-b029-87625766f3e2,430c656c-09df-4b2b-b029-87625766f3e2,2,False,b98bd7af-8ef4-11f1-9b18-005056b2a5de,05__GDG__CLM__TRN__270,CHOLIMEX Dầu Dấm Trộn Salad 270g,Gia Vị Nhà Bếp,CHOLIMEX,,aca0e3b9-1e75-496e-84ff-e96c9084f53f,a38f9189-ad87-11ef-a35e-005056b28600,CÔNG TY TNHH THƯƠNG MẠI VÀ DỊCH VỤ MIRA GROUP
b8468f8e-8ef4-11f1-9b18-005056b2a5de,05__GDH__CSU__SOD__150,CHINSU Dầu Hào Sò Điệp 150g,Chai,Tổng,8.0,,0.0,,0.0,,8.0,,1447,1,e3097e83-e20b-418a-9488-80e509d33ffd,,1,True,b98bd8bf-8ef4-11f1-9b18-005056b2a5de,05__GDH__CSU__SOD__150,CHINSU Dầu Hào Sò Điệp 150g,Gia Vị Nhà Bếp,CHINSU,,,a38f9189-ad87-11ef-a35e-005056b28600,
b8468f8e-8ef4-11f1-9b18-005056b2a5de,05__GDH__CSU__SOD__150,Kho Kệ,Chai,Kho Kệ,8.0,,0.0,,0.0,,8.0,,1448,0,e3097e83-e20b-418a-9488-80e509d33ffd,e3097e83-e20b-418a-9488-80e509d33ffd,2,False,b98bda76-8ef4-11f1-9b18-005056b2a5de,05__GDH__CSU__SOD__150,CHINSU Dầu Hào Sò Điệp 150g,Gia Vị Nhà Bếp,CHINSU,,aca0e3b9-1e75-496e-84ff-e96c9084f53f,a38f9189-ad87-11ef-a35e-005056b28600,CÔNG TY TNHH THƯƠNG MẠI VÀ DỊCH VỤ MIRA GROUP
b8468f8e-8ef4-11f1-9b18-005056b2a5de,05__GDH__MAG__BNU__350,MAGGI Dầu Hào Bào Ngư 350g,Chai,Tổng,8.0,,0.0,,0.0,,8.0,,1449,1,9a356bc0-1ebb-4dc7-9134-49145201b276,,1,True,b98bdb4c-8ef4-11f1-9b18-005056b2a5de,05__GDH__MAG__BNU__350,MAGGI Dầu Hào Bào Ngư 350g,Gia Vị Nhà Bếp,MAGGI,,,a38f9189-ad87-11ef-a35e-005056b28600,
b8468f8e-8ef4-11f1-9b18-005056b2a5de,05__GDH__MAG__BNU__350,Kho Kệ,Chai,Kho Kệ,8.0,,0.0,,0.0,,8.0,,1450,0,9a356bc0-1ebb-4dc7-9134-49145201b276,9a356bc0-1ebb-4dc7-9134-49145201b276,2,False,b98bdc08-8ef4-11f1-9b18-005056b2a5de,05__GDH__MAG__BNU__350,MAGGI Dầu Hào Bào Ngư 350g,Gia Vị Nhà Bếp,MAGGI,,aca0e3b9-1e75-496e-84ff-e96c9084f53f,a38f9189-ad87-11ef-a35e-005056b28600,CÔNG TY TNHH THƯƠNG MẠI VÀ DỊCH VỤ MIRA GROUP
b8468f8e-8ef4-11f1-9b18-005056b2a5de,05__GDH__MAG__NAM__350,MAGGI Dầu Hào Nấm Hương 350g,Chai,Tổng,9.0,,0.0,,0.0,,9.0,,1451,1,ae584d3a-88c0-4567-a40e-2567949df003,,1,True,b98bdcd8-8ef4-11f1-9b18-005056b2a5de,05__GDH__MAG__NAM__350,MAGGI Dầu Hào Nấm Hương 350g,Gia Vị Nhà Bếp,MAGGI,,,a38f9189-ad87-11ef-a35e-005056b28600,
b8468f8e-8ef4-11f1-9b18-005056b2a5de,05__GDH__MAG__NAM__350,Kho Kệ,Chai,Kho Kệ,9.0,,0.0,,0.0,,9.0,,1452,0,ae584d3a-88c0-4567-a40e-2567949df003,ae584d3a-88c0-4567-a40e-2567949df003,2,False,b98bdd96-8ef4-11f1-9b18-005056b2a5de,05__GDH__MAG__NAM__350,MAGGI Dầu Hào Nấm Hương 350g,Gia Vị Nhà Bếp,MAGGI,,aca0e3b9-1e75-496e-84ff-e96c9084f53f,a38f9189-ad87-11ef-a35e-005056b28600,CÔNG TY TNHH THƯƠNG MẠI VÀ DỊCH VỤ MIRA GROUP
b8468f8e-8ef4-11f1-9b18-005056b2a5de,05__GHN__CSU__NTH__400,CHINSU Hạt Nêm Ngọt Thanh 400g,Bịch,Tổng,2.0,,0.0,,0.0,,2.0,,1453,1,a10c5832-f549-403e-9f89-0c08a33634eb,,1,True,b98bde5c-8ef4-11f1-9b18-005056b2a5de,05__GHN__CSU__NTH__400,CHINSU Hạt Nêm Ngọt Thanh 400g,Gia Vị Nhà Bếp,CHINSU,,,a38f9189-ad87-11ef-a35e-005056b28600,
b8468f8e-8ef4-11f1-9b18-005056b2a5de,05__GHN__CSU__NTH__400,Kho Kệ,Bịch,Kho Kệ,2.0,,0.0,,0.0,,2.0,,1454,0,a10c5832-f549-403e-9f89-0c08a33634eb,a10c5832-f549-403e-9f89-0c08a33634eb,2,False,b98bdf18-8ef4-11f1-9b18-005056b2a5de,05__GHN__CSU__NTH__400,CHINSU Hạt Nêm Ngọt Thanh 400g,Gia Vị Nhà Bếp,CHINSU,,aca0e3b9-1e75-496e-84ff-e96c9084f53f,a38f9189-ad87-11ef-a35e-005056b28600,CÔNG TY TNHH THƯƠNG MẠI VÀ DỊCH VỤ MIRA GROUP
b8468f8e-8ef4-11f1-9b18-005056b2a5de,05__GHN__KNO__ONG__170,KNOR Hạt Nêm Thịt Thăn Xương Ống Và Tủy 170g,Bịch,Tổng,14.0,,0.0,,1.0,,13.0,,1455,1,4f13a1b7-e537-4340-9471-61532d08fa88,,1,True,b98be141-8ef4-11f1-9b18-005056b2a5de,05__GHN__KNO__ONG__170,KNOR Hạt Nêm Thịt Thăn Xương Ống Và Tủy 170g,Gia Vị Nhà Bếp,KNOR,,,a38f9189-ad87-11ef-a35e-005056b28600,
b8468f8e-8ef4-11f1-9b18-005056b2a5de,05__GHN__KNO__ONG__170,Kho Kệ,Bịch,Kho Kệ,14.0,,0.0,,1.0,,13.0,,1456,0,4f13a1b7-e537-4340-9471-61532d08fa88,4f13a1b7-e537-4340-9471-61532d08fa88,2,False,b98be215-8ef4-11f1-9b18-005056b2a5de,05__GHN__KNO__ONG__170,KNOR Hạt Nêm Thịt Thăn Xương Ống Và Tủy 170g,Gia Vị Nhà Bếp,KNOR,,aca0e3b9-1e75-496e-84ff-e96c9084f53f,a38f9189-ad87-11ef-a35e-005056b28600,CÔNG TY TNHH THƯƠNG MẠI VÀ DỊCH VỤ MIRA GROUP
b8468f8e-8ef4-11f1-9b18-005056b2a5de,05__GHN__KNO__ORG__170,KNOR Hạt Nêm Nấm Hương Organic 170g,Bịch,Tổng,9.0,,0.0,,0.0,,9.0,,1457,1,ace63551-dbd8-448f-b642-3154c972bcd2,,1,True,b98be2e2-8ef4-11f1-9b18-005056b2a5de,05__GHN__KNO__ORG__170,KNOR Hạt Nêm Nấm Hương Organic 170g,Gia Vị Nhà Bếp,KNOR,,,a38f9189-ad87-11ef-a35e-005056b28600,
b8468f8e-8ef4-11f1-9b18-005056b2a5de,05__GHN__KNO__ORG__170,Kho Kệ,Bịch,Kho Kệ,9.0,,0.0,,0.0,,9.0,,1458,0,ace63551-dbd8-448f-b642-3154c972bcd2,ace63551-dbd8-448f-b642-3154c972bcd2,2,False,b98be39e-8ef4-11f1-9b18-005056b2a5de,05__GHN__KNO__ORG__170,KNOR Hạt Nêm Nấm Hương Organic 170g,Gia Vị Nhà Bếp,KNOR,,aca0e3b9-1e75-496e-84ff-e96c9084f53f,a38f9189-ad87-11ef-a35e-005056b28600,CÔNG TY TNHH THƯƠNG MẠI VÀ DỊCH VỤ MIRA GROUP
b8468f8e-8ef4-11f1-9b18-005056b2a5de,05__GHN__MAG__NAM__200,MAGGI Hạt Nêm Nấm Hương 200g,Bịch,Tổng,7.0,,0.0,,0.0,,7.0,,1459,1,648c0739-ae07-4aee-9a32-91ccbc858007,,1,True,b98be467-8ef4-11f1-9b18-005056b2a5de,05__GHN__MAG__NAM__200,MAGGI Hạt Nêm Nấm Hương 200g,Gia Vị Nhà Bếp,MAGGI,,,a38f9189-ad87-11ef-a35e-005056b28600,
b8468f8e-8ef4-11f1-9b18-005056b2a5de,05__GHN__MAG__NAM__200,Kho Kệ,Bịch,Kho Kệ,7.0,,0.0,,0.0,,7.0,,1460,0,648c0739-ae07-4aee-9a32-91ccbc858007,648c0739-ae07-4aee-9a32-91ccbc858007,2,False,b98be52b-8ef4-11f1-9b18-005056b2a5de,05__GHN__MAG__NAM__200,MAGGI Hạt Nêm Nấm Hương 200g,Gia Vị Nhà Bếp,MAGGI,,aca0e3b9-1e75-496e-84ff-e96c9084f53f,a38f9189-ad87-11ef-a35e-005056b28600,CÔNG TY TNHH THƯƠNG MẠI VÀ DỊCH VỤ MIRA GROUP
b8468f8e-8ef4-11f1-9b18-005056b2a5de,05__GMN__CSU__CHI__250,CHINSU Xốt Mayonnaise Nguyên Bản 250g,Chai,Tổng,1.0,,0.0,,0.0,,1.0,,1461,1,c1fe978b-afff-4631-9c58-da508cd14997,,1,True,b98be5f4-8ef4-11f1-9b18-005056b2a5de,05__GMN__CSU__CHI__250,CHINSU Xốt Mayonnaise Nguyên Bản 250g,Gia Vị Nhà Bếp,CHINSU,,,a38f9189-ad87-11ef-a35e-005056b28600,
b8468f8e-8ef4-11f1-9b18-005056b2a5de,05__GMN__CSU__CHI__250,Kho Kệ,Chai,Kho Kệ,1.0,,0.0,,0.0,,1.0,,1462,0,c1fe978b-afff-4631-9c58-da508cd14997,c1fe978b-afff-4631-9c58-da508cd14997,2,False,b98be6b4-8ef4-11f1-9b18-005056b2a5de,05__GMN__CSU__CHI__250,CHINSU Xốt Mayonnaise Nguyên Bản 250g,Gia Vị Nhà Bếp,CHINSU,,aca0e3b9-1e75-496e-84ff-e96c9084f53f,a38f9189-ad87-11ef-a35e-005056b28600,CÔNG TY TNHH THƯƠNG MẠI VÀ DỊCH VỤ MIRA GROUP
b8468f8e-8ef4-11f1-9b18-005056b2a5de,05__GMT__DHF__TNH__60,DH FOOD Muối Tôm Tây Ninh Hũ 60g,Chai,Tổng,1.0,,0.0,,0.0,,1.0,,1463,1,60057ca3-ab0c-4bda-b1ee-7998389e0ca7,,1,True,b98be780-8ef4-11f1-9b18-005056b2a5de,05__GMT__DHF__TNH__60,DH FOOD Muối Tôm Tây Ninh Hũ 60g,Gia Vị Nhà Bếp,DH FOOD,,,a38f9189-ad87-11ef-a35e-005056b28600,
b8468f8e-8ef4-11f1-9b18-005056b2a5de,05__GMT__DHF__TNH__60,Kho Kệ,Chai,Kho Kệ,1.0,,0.0,,0.0,,1.0,,1464,0,60057ca3-ab0c-4bda-b1ee-7998389e0ca7,60057ca3-ab0c-4bda-b1ee-7998389e0ca7,2,False,b98be84e-8ef4-11f1-9b18-005056b2a5de,05__GMT__DHF__TNH__60,DH FOOD Muối Tôm Tây Ninh Hũ 60g,Gia Vị Nhà Bếp,DH FOOD,,aca0e3b9-1e75-496e-84ff-e96c9084f53f,a38f9189-ad87-11ef-a35e-005056b28600,CÔNG TY TNHH THƯƠNG MẠI VÀ DỊCH VỤ MIRA GROUP
b8468f8e-8ef4-11f1-9b18-005056b2a5de,05__GNA__MEI__DDU__400,MEIZAN Bột Năng Đa Dụng Cao Cấp 400g,Chai,Tổng,11.0,,0.0,,0.0,,11.0,,1465,1,8504bc7e-5076-4e51-a6ce-133c0b526488,,1,True,b98be918-8ef4-11f1-9b18-005056b2a5de,05__GNA__MEI__DDU__400,MEIZAN Bột Năng Đa Dụng Cao Cấp 400g,Gia Vị Nhà Bếp,MEIZAN,,,a38f9189-ad87-11ef-a35e-005056b28600,
b8468f8e-8ef4-11f1-9b18-005056b2a5de,05__GNA__MEI__DDU__400,Kho Kệ,Chai,Kho Kệ,11.0,,0.0,,0.0,,11.0,,1466,0,8504bc7e-5076-4e51-a6ce-133c0b526488,8504bc7e-5076-4e51-a6ce-133c0b526488,2,False,b98be9d8-8ef4-11f1-9b18-005056b2a5de,05__GNA__MEI__DDU__400,MEIZAN Bột Năng Đa Dụng Cao Cấp 400g,Gia Vị Nhà Bếp,MEIZAN,,aca0e3b9-1e75-496e-84ff-e96c9084f53f,a38f9189-ad87-11ef-a35e-005056b28600,CÔNG TY TNHH THƯƠNG MẠI VÀ DỊCH VỤ MIRA GROUP
b8468f8e-8ef4-11f1-9b18-005056b2a5de,05__GNM__CLM__CHY__245,CHOLIMEX Nước Mắm Chay 245ml,Chai,Tổng,12.0,,0.0,,1.0,,11.0,,1467,1,f6b606ae-8bf4-4b61-88c1-5c6a18665a14,,1,True,b98beaa5-8ef4-11f1-9b18-005056b2a5de,05__GNM__CLM__CHY__245,CHOLIMEX Nước Mắm Chay 245ml,Gia Vị Nhà Bếp,CHOLIMEX,,,a38f9189-ad87-11ef-a35e-005056b28600,
b8468f8e-8ef4-11f1-9b18-005056b2a5de,05__GNM__CLM__CHY__245,Kho Kệ,Chai,Kho Kệ,12.0,,0.0,,1.0,,11.0,,1468,0,f6b606ae-8bf4-4b61-88c1-5c6a18665a14,f6b606ae-8bf4-4b61-88c1-5c6a18665a14,2,False,b98beb82-8ef4-11f1-9b18-005056b2a5de,05__GNM__CLM__CHY__245,CHOLIMEX Nước Mắm Chay 245ml,Gia Vị Nhà Bếp,CHOLIMEX,,aca0e3b9-1e75-496e-84ff-e96c9084f53f,a38f9189-ad87-11ef-a35e-005056b28600,CÔNG TY TNHH THƯƠNG MẠI VÀ DỊCH VỤ MIRA GROUP
b8468f8e-8ef4-11f1-9b18-005056b2a5de,05__GNM__CSU__CCM__720,CHINSU Nước Mắm Cá Cơm Biển Đông 720ml,Chai,Tổng,8.0,,0.0,,0.0,,8.0,,1469,1,13ded023-696c-4be2-b4da-2feb868352fa,,1,True,b98bec76-8ef4-11f1-9b18-005056b2a5de,05__GNM__CSU__CCM__720,CHINSU Nước Mắm Cá Cơm Biển Đông 720ml,Gia Vị Nhà Bếp,CHINSU,,,a38f9189-ad87-11ef-a35e-005056b28600,
b8468f8e-8ef4-11f1-9b18-005056b2a5de,05__GNM__CSU__CCM__720,Kho Kệ,Chai,Kho Kệ,8.0,,0.0,,0.0,,8.0,,1470,0,13ded023-696c-4be2-b4da-2feb868352fa,13ded023-696c-4be2-b4da-2feb868352fa,2,False,b98bed36-8ef4-11f1-9b18-005056b2a5de,05__GNM__CSU__CCM__720,CHINSU Nước Mắm Cá Cơm Biển Đông 720ml,Gia Vị Nhà Bếp,CHINSU,,aca0e3b9-1e75-496e-84ff-e96c9084f53f,a38f9189-ad87-11ef-a35e-005056b28600,CÔNG TY TNHH THƯƠNG MẠI VÀ DỊCH VỤ MIRA GROUP
b8468f8e-8ef4-11f1-9b18-005056b2a5de,05__GST__CLM__TOM__90,CHOLIMEX Sa Tế Tôm 90g,Chai,Tổng,21.0,,0.0,,1.0,,20.0,,1471,1,a4351ebc-1505-4739-b003-1314432ad64c,,1,True,b98bef61-8ef4-11f1-9b18-005056b2a5de,05__GST__CLM__TOM__90,CHOLIMEX Sa Tế Tôm 90g,Gia Vị Nhà Bếp,CHOLIMEX,,,a38f9189-ad87-11ef-a35e-005056b28600,
b8468f8e-8ef4-11f1-9b18-005056b2a5de,05__GST__CLM__TOM__90,Kho Kệ,Chai,Kho Kệ,21.0,,0.0,,1.0,,20.0,,1472,0,a4351ebc-1505-4739-b003-1314432ad64c,a4351ebc-1505-4739-b003-1314432ad64c,2,False,b98bf033-8ef4-11f1-9b18-005056b2a5de,05__GST__CLM__TOM__90,CHOLIMEX Sa Tế Tôm 90g,Gia Vị Nhà Bếp,CHOLIMEX,,aca0e3b9-1e75-496e-84ff-e96c9084f53f,a38f9189-ad87-11ef-a35e-005056b28600,CÔNG TY TNHH THƯƠNG MẠI VÀ DỊCH VỤ MIRA GROUP
b8468f8e-8ef4-11f1-9b18-005056b2a5de,05__GST__CSU__TOS__90,CHINSU Sa Tế Tôm Ớt Sả Tươi Chai 90g,Chai,Tổng,15.0,,0.0,,0.0,,15.0,,1473,1,3860103f-922c-4c3c-a688-70a884a73b4e,,1,True,b98bf119-8ef4-11f1-9b18-005056b2a5de,05__GST__CSU__TOS__90,CHINSU Sa Tế Tôm Ớt Sả Tươi Chai 90g,Gia Vị Nhà Bếp,CHOLIMEX,,,a38f9189-ad87-11ef-a35e-005056b28600,
b8468f8e-8ef4-11f1-9b18-005056b2a5de,05__GST__CSU__TOS__90,Kho Kệ,Chai,Kho Kệ,15.0,,0.0,,0.0,,15.0,,1474,0,3860103f-922c-4c3c-a688-70a884a73b4e,3860103f-922c-4c3c-a688-70a884a73b4e,2,False,b98bf1dd-8ef4-11f1-9b18-005056b2a5de,05__GST__CSU__TOS__90,CHINSU Sa Tế Tôm Ớt Sả Tươi Chai 90g,Gia Vị Nhà Bếp,CHOLIMEX,,aca0e3b9-1e75-496e-84ff-e96c9084f53f,a38f9189-ad87-11ef-a35e-005056b28600,CÔNG TY TNHH THƯƠNG MẠI VÀ DỊCH VỤ MIRA GROUP
b8468f8e-8ef4-11f1-9b18-005056b2a5de,05__GTC__CLM__CHI__270,CHOLIMEX Tương Cà Chai 270g,Chai,Tổng,14.0,,0.0,,0.0,,14.0,,1475,1,72a629c9-9b85-480e-81c8-fa39ed3bbdd3,,1,True,b98bf2a7-8ef4-11f1-9b18-005056b2a5de,05__GTC__CLM__CHI__270,CHOLIMEX Tương Cà Chai 270g,Gia Vị Nhà Bếp,CHOLIMEX,,,a38f9189-ad87-11ef-a35e-005056b28600,
b8468f8e-8ef4-11f1-9b18-005056b2a5de,05__GTC__CLM__CHI__270,Kho Kệ,Chai,Kho Kệ,14.0,,0.0,,0.0,,14.0,,1476,0,72a629c9-9b85-480e-81c8-fa39ed3bbdd3,72a629c9-9b85-480e-81c8-fa39ed3bbdd3,2,False,b98bf369-8ef4-11f1-9b18-005056b2a5de,05__GTC__CLM__CHI__270,CHOLIMEX Tương Cà Chai 270g,Gia Vị Nhà Bếp,CHOLIMEX,,aca0e3b9-1e75-496e-84ff-e96c9084f53f,a38f9189-ad87-11ef-a35e-005056b28600,CÔNG TY TNHH THƯƠNG MẠI VÀ DỊCH VỤ MIRA GROUP
b8468f8e-8ef4-11f1-9b18-005056b2a5de,05__GTC__CLM__GOI__10,CHOLIMEX Tương Cà Gói 10g,Gói,Tổng,354.0,,0.0,,1.0,,353.0,,1477,1,d91f5988-7d67-4d0e-abd5-e1e4b1b9bb4c,,1,True,b98bf434-8ef4-11f1-9b18-005056b2a5de,05__GTC__CLM__GOI__10,CHOLIMEX Tương Cà Gói 10g,Gia Vị Nhà Bếp,CHOLIMEX,,,a38f9189-ad87-11ef-a35e-005056b28600,
b8468f8e-8ef4-11f1-9b18-005056b2a5de,05__GTC__CLM__GOI__10,Kho Kệ,Gói,Kho Kệ,4.0,,0.0,,1.0,,3.0,,1478,0,d91f5988-7d67-4d0e-abd5-e1e4b1b9bb4c,d91f5988-7d67-4d0e-abd5-e1e4b1b9bb4c,2,False,b98bf507-8ef4-11f1-9b18-005056b2a5de,05__GTC__CLM__GOI__10,CHOLIMEX Tương Cà Gói 10g,Gia Vị Nhà Bếp,CHOLIMEX,,aca0e3b9-1e75-496e-84ff-e96c9084f53f,a38f9189-ad87-11ef-a35e-005056b28600,CÔNG TY TNHH THƯƠNG MẠI VÀ DỊCH VỤ MIRA GROUP
b8468f8e-8ef4-11f1-9b18-005056b2a5de,05__GTC__CLM__GOI__10,Kho MIRA,Gói,Kho MIRA,350.0,,0.0,,0.0,,350.0,,1479,0,d91f5988-7d67-4d0e-abd5-e1e4b1b9bb4c,d91f5988-7d67-4d0e-abd5-e1e4b1b9bb4c,2,False,b98bf5d6-8ef4-11f1-9b18-005056b2a5de,05__GTC__CLM__GOI__10,CHOLIMEX Tương Cà Gói 10g,Gia Vị Nhà Bếp,CHOLIMEX,,485b5d06-306c-11f0-b467-005056b34af7,a38f9189-ad87-11ef-a35e-005056b28600,CÔNG TY TNHH THƯƠNG MẠI VÀ DỊCH VỤ MIRA GROUP
b8468f8e-8ef4-11f1-9b18-005056b2a5de,05__GTD__CLM__CHI__230,CHOLIMEX Tương Đen Chai 230g,Chai,Tổng,6.0,,0.0,,0.0,,6.0,,1480,1,91e0f3ac-287b-4103-842a-3095925c9868,,1,True,b98bf69c-8ef4-11f1-9b18-005056b2a5de,05__GTD__CLM__CHI__230,CHOLIMEX Tương Đen Chai 230g,Gia Vị Nhà Bếp,CHOLIMEX,,,a38f9189-ad87-11ef-a35e-005056b28600,
b8468f8e-8ef4-11f1-9b18-005056b2a5de,05__GTD__CLM__CHI__230,Kho Kệ,Chai,Kho Kệ,6.0,,0.0,,0.0,,6.0,,1481,0,91e0f3ac-287b-4103-842a-3095925c9868,91e0f3ac-287b-4103-842a-3095925c9868,2,False,b98bf75a-8ef4-11f1-9b18-005056b2a5de,05__GTD__CLM__CHI__230,CHOLIMEX Tương Đen Chai 230g,Gia Vị Nhà Bếp,CHOLIMEX,,aca0e3b9-1e75-496e-84ff-e96c9084f53f,a38f9189-ad87-11ef-a35e-005056b28600,CÔNG TY TNHH THƯƠNG MẠI VÀ DỊCH VỤ MIRA GROUP
b8468f8e-8ef4-11f1-9b18-005056b2a5de,05__GTH__CLM__CHI__250,CHOLIMEX Tương Hột Chai 250g,Chai,Tổng,9.0,,0.0,,0.0,,9.0,,1482,1,afb92a6f-45ea-4bd5-a000-7e8bb12d2ec9,,1,True,b98bf820-8ef4-11f1-9b18-005056b2a5de,05__GTH__CLM__CHI__250,CHOLIMEX Tương Hột Chai 250g,Gia Vị Nhà Bếp,CHOLIMEX,,,a38f9189-ad87-11ef-a35e-005056b28600,
b8468f8e-8ef4-11f1-9b18-005056b2a5de,05__GTH__CLM__CHI__250,Kho Kệ,Chai,Kho Kệ,9.0,,0.0,,0.0,,9.0,,1483,0,afb92a6f-45ea-4bd5-a000-7e8bb12d2ec9,afb92a6f-45ea-4bd5-a000-7e8bb12d2ec9,2,False,b98bf8e2-8ef4-11f1-9b18-005056b2a5de,05__GTH__CLM__CHI__250,CHOLIMEX Tương Hột Chai 250g,Gia Vị Nhà Bếp,CHOLIMEX,,aca0e3b9-1e75-496e-84ff-e96c9084f53f,a38f9189-ad87-11ef-a35e-005056b28600,CÔNG TY TNHH THƯƠNG MẠI VÀ DỊCH VỤ MIRA GROUP
b8468f8e-8ef4-11f1-9b18-005056b2a5de,05__GTO__CLM__CHI__270,CHOLIMEX Tương Ớt Chai 270g,Chai,Tổng,6.0,,0.0,,0.0,,6.0,,1484,1,f9cf80b7-8355-47c9-8f23-ac5c299068ac,,1,True,b98bf9ac-8ef4-11f1-9b18-005056b2a5de,05__GTO__CLM__CHI__270,CHOLIMEX Tương Ớt Chai 270g,Gia Vị Nhà Bếp,CHOLIMEX,,,a38f9189-ad87-11ef-a35e-005056b28600,
b8468f8e-8ef4-11f1-9b18-005056b2a5de,05__GTO__CLM__CHI__270,Kho Kệ,Chai,Kho Kệ,6.0,,0.0,,0.0,,6.0,,1485,0,f9cf80b7-8355-47c9-8f23-ac5c299068ac,f9cf80b7-8355-47c9-8f23-ac5c299068ac,2,False,b98bfa6a-8ef4-11f1-9b18-005056b2a5de,05__GTO__CLM__CHI__270,CHOLIMEX Tương Ớt Chai 270g,Gia Vị Nhà Bếp,CHOLIMEX,,aca0e3b9-1e75-496e-84ff-e96c9084f53f,a38f9189-ad87-11ef-a35e-005056b28600,CÔNG TY TNHH THƯƠNG MẠI VÀ DỊCH VỤ MIRA GROUP
b8468f8e-8ef4-11f1-9b18-005056b2a5de,05__GTO__CLM__CNT__270,CHOLIMEX Tương Ớt Chua Ngọt Chai 270g,Chai,Tổng,1.0,,0.0,,0.0,,1.0,,1486,1,c4c1f961-55bc-4837-a478-ea8524eb035f,,1,True,b98bfb2a-8ef4-11f1-9b18-005056b2a5de,05__GTO__CLM__CNT__270,CHOLIMEX Tương Ớt Chua Ngọt Chai 270g,Gia Vị Nhà Bếp,CHOLIMEX,,,a38f9189-ad87-11ef-a35e-005056b28600,
b8468f8e-8ef4-11f1-9b18-005056b2a5de,05__GTO__CLM__CNT__270,Kho Kệ,Chai,Kho Kệ,1.0,,0.0,,0.0,,1.0,,1487,0,c4c1f961-55bc-4837-a478-ea8524eb035f,c4c1f961-55bc-4837-a478-ea8524eb035f,2,False,b98bfbe4-8ef4-11f1-9b18-005056b2a5de,05__GTO__CLM__CNT__270,CHOLIMEX Tương Ớt Chua Ngọt Chai 270g,Gia Vị Nhà Bếp,CHOLIMEX,,aca0e3b9-1e75-496e-84ff-e96c9084f53f,a38f9189-ad87-11ef-a35e-005056b28600,CÔNG TY TNHH THƯƠNG MẠI VÀ DỊCH VỤ MIRA GROUP
b8468f8e-8ef4-11f1-9b18-005056b2a5de,05__GTO__CLM__GOI__10,CHOLIMEX Tương Ớt Gói 10g,Gói,Tổng,46.0,,0.0,,0.0,,46.0,,1488,1,0e322206-1799-4101-9d4a-1f8364dd0fde,,1,True,b98bfcb2-8ef4-11f1-9b18-005056b2a5de,05__GTO__CLM__GOI__10,CHOLIMEX Tương Ớt Gói 10g,Gia Vị Nhà Bếp,CHOLIMEX,,,a38f9189-ad87-11ef-a35e-005056b28600,
b8468f8e-8ef4-11f1-9b18-005056b2a5de,05__GTO__CLM__GOI__10,Kho Kệ,Gói,Kho Kệ,96.0,,0.0,,0.0,,96.0,,1489,0,0e322206-1799-4101-9d4a-1f8364dd0fde,0e322206-1799-4101-9d4a-1f8364dd0fde,2,False,b98bfd75-8ef4-11f1-9b18-005056b2a5de,05__GTO__CLM__GOI__10,CHOLIMEX Tương Ớt Gói 10g,Gia Vị Nhà Bếp,CHOLIMEX,,aca0e3b9-1e75-496e-84ff-e96c9084f53f,a38f9189-ad87-11ef-a35e-005056b28600,CÔNG TY TNHH THƯƠNG MẠI VÀ DỊCH VỤ MIRA GROUP
b8468f8e-8ef4-11f1-9b18-005056b2a5de,05__GTO__CLM__GOI__10,Kho MIRA,Gói,Kho MIRA,-50.0,,0.0,,0.0,,-50.0,,1490,0,0e322206-1799-4101-9d4a-1f8364dd0fde,0e322206-1799-4101-9d4a-1f8364dd0fde,2,False,b98bfe4e-8ef4-11f1-9b18-005056b2a5de,05__GTO__CLM__GOI__10,CHOLIMEX Tương Ớt Gói 10g,Gia Vị Nhà Bếp,CHOLIMEX,,485b5d06-306c-11f0-b467-005056b34af7,a38f9189-ad87-11ef-a35e-005056b28600,CÔNG TY TNHH THƯƠNG MẠI VÀ DỊCH VỤ MIRA GROUP
b8468f8e-8ef4-11f1-9b18-005056b2a5de,05__GTO__CSU__CHI__250,CHINSU Tương Ớt Chai 250g,Chai,Tổng,23.0,,0.0,,10.0,,13.0,,1491,1,83a8d45e-485a-47b6-83cc-05df9aee7678,,1,True,b98bff29-8ef4-11f1-9b18-005056b2a5de,05__GTO__CSU__CHI__250,CHINSU Tương Ớt Chai 250g,Gia Vị Nhà Bếp,CHINSU,,,a38f9189-ad87-11ef-a35e-005056b28600,
b8468f8e-8ef4-11f1-9b18-005056b2a5de,05__GTO__CSU__CHI__250,Kho Kệ,Chai,Kho Kệ,23.0,,0.0,,10.0,,13.0,,1492,0,83a8d45e-485a-47b6-83cc-05df9aee7678,83a8d45e-485a-47b6-83cc-05df9aee7678,2,False,b98bfff4-8ef4-11f1-9b18-005056b2a5de,05__GTO__CSU__CHI__250,CHINSU Tương Ớt Chai 250g,Gia Vị Nhà Bếp,CHINSU,,aca0e3b9-1e75-496e-84ff-e96c9084f53f,a38f9189-ad87-11ef-a35e-005056b28600,CÔNG TY TNHH THƯƠNG MẠI VÀ DỊCH VỤ MIRA GROUP
b8468f8e-8ef4-11f1-9b18-005056b2a5de,05__GXD__CLM__GMN__150,CHOLIMEX Nước Tương Đậu Nành Giảm Mặn 150ml,Chai,Tổng,12.0,,0.0,,0.0,,12.0,,1493,1,38ddb06a-010c-4909-bd1e-63a79903cd5b,,1,True,b98c00e1-8ef4-11f1-9b18-005056b2a5de,05__GXD__CLM__GMN__150,CHOLIMEX Nước Tương Đậu Nành Giảm Mặn 150ml,Gia Vị Nhà Bếp,CHOLIMEX,,,a38f9189-ad87-11ef-a35e-005056b28600,
b8468f8e-8ef4-11f1-9b18-005056b2a5de,05__GXD__CLM__GMN__150,Kho Kệ,Chai,Kho Kệ,12.0,,0.0,,0.0,,12.0,,1494,0,38ddb06a-010c-4909-bd1e-63a79903cd5b,38ddb06a-010c-4909-bd1e-63a79903cd5b,2,False,b98c01fb-8ef4-11f1-9b18-005056b2a5de,05__GXD__CLM__GMN__150,CHOLIMEX Nước Tương Đậu Nành Giảm Mặn 150ml,Gia Vị Nhà Bếp,CHOLIMEX,,aca0e3b9-1e75-496e-84ff-e96c9084f53f,a38f9189-ad87-11ef-a35e-005056b28600,CÔNG TY TNHH THƯƠNG MẠI VÀ DỊCH VỤ MIRA GROUP
b8468f8e-8ef4-11f1-9b18-005056b2a5de,05__GXD__CSU__NAM__330,CHINSU Nước Tương Nấm Shiitake 330ml,Chai,Tổng,21.0,,0.0,,0.0,,21.0,,1495,1,6599afaa-9589-4cc3-b9fd-86b130188702,,1,True,b98c033a-8ef4-11f1-9b18-005056b2a5de,05__GXD__CSU__NAM__330,CHINSU Nước Tương Nấm Shiitake 330ml,Gia Vị Nhà Bếp,CHINSU,,,a38f9189-ad87-11ef-a35e-005056b28600,
b8468f8e-8ef4-11f1-9b18-005056b2a5de,05__GXD__CSU__NAM__330,Kho Kệ,Chai,Kho Kệ,21.0,,0.0,,0.0,,21.0,,1496,0,6599afaa-9589-4cc3-b9fd-86b130188702,6599afaa-9589-4cc3-b9fd-86b130188702,2,False,b98c0438-8ef4-11f1-9b18-005056b2a5de,05__GXD__CSU__NAM__330,CHINSU Nước Tương Nấm Shiitake 330ml,Gia Vị Nhà Bếp,CHINSU,,aca0e3b9-1e75-496e-84ff-e96c9084f53f,a38f9189-ad87-11ef-a35e-005056b28600,CÔNG TY TNHH THƯƠNG MẠI VÀ DỊCH VỤ MIRA GROUP
b8468f8e-8ef4-11f1-9b18-005056b2a5de,05__GXD__CSU__TOI__330,CHINSU Nước Tương Tỏi Ớt Tươi 330ml,Chai,Tổng,19.0,,0.0,,0.0,,19.0,,1497,1,eb50d74c-ec7c-45a1-99ea-08a8ec4200a5,,1,True,b98c0507-8ef4-11f1-9b18-005056b2a5de,05__GXD__CSU__TOI__330,CHINSU Nước Tương Tỏi Ớt Tươi 330ml,Gia Vị Nhà Bếp,CHINSU,,,a38f9189-ad87-11ef-a35e-005056b28600,
b8468f8e-8ef4-11f1-9b18-005056b2a5de,05__GXD__CSU__TOI__330,Kho Kệ,Chai,Kho Kệ,19.0,,0.0,,0.0,,19.0,,1498,0,eb50d74c-ec7c-45a1-99ea-08a8ec4200a5,eb50d74c-ec7c-45a1-99ea-08a8ec4200a5,2,False,b98c0709-8ef4-11f1-9b18-005056b2a5de,05__GXD__CSU__TOI__330,CHINSU Nước Tương Tỏi Ớt Tươi 330ml,Gia Vị Nhà Bếp,CHINSU,,aca0e3b9-1e75-496e-84ff-e96c9084f53f,a38f9189-ad87-11ef-a35e-005056b28600,CÔNG TY TNHH THƯƠNG MẠI VÀ DỊCH VỤ MIRA GROUP
b8468f8e-8ef4-11f1-9b18-005056b2a5de,05__GXD__CSU__TTT__500,CHINSU Tam Thái Tử Nước Tương Nhất Ca 500ml,Chai,Tổng,15.0,,0.0,,1.0,,14.0,,1499,1,adc08f8b-84be-478c-be3c-de0a52bd37a6,,1,True,b98c0844-8ef4-11f1-9b18-005056b2a5de,05__GXD__CSU__TTT__500,CHINSU Tam Thái Tử Nước Tương Nhất Ca 500ml,Gia Vị Nhà Bếp,CHINSU,,,a38f9189-ad87-11ef-a35e-005056b28600,
b8468f8e-8ef4-11f1-9b18-005056b2a5de,05__GXD__CSU__TTT__500,Kho Kệ,Chai,Kho Kệ,15.0,,0.0,,1.0,,14.0,,1500,0,adc08f8b-84be-478c-be3c-de0a52bd37a6,adc08f8b-84be-478c-be3c-de0a52bd37a6,2,False,b98c0961-8ef4-11f1-9b18-005056b2a5de,05__GXD__CSU__TTT__500,CHINSU Tam Thái Tử Nước Tương Nhất Ca 500ml,Gia Vị Nhà Bếp,CHINSU,,aca0e3b9-1e75-496e-84ff-e96c9084f53f,a38f9189-ad87-11ef-a35e-005056b28600,CÔNG TY TNHH THƯƠNG MẠI VÀ DỊCH VỤ MIRA GROUP
b8468f8e-8ef4-11f1-9b18-005056b2a5de,05__GXD__MAG__DDO__300,MAGGI Xì Dầu Đậm Đặc Chai Đỏ 300ml,Chai,Tổng,11.0,,0.0,,1.0,,10.0,,1501,1,c7516920-f6bc-4af1-9fa5-28c17f29aba4,,1,True,b98c0a8c-8ef4-11f1-9b18-005056b2a5de,05__GXD__MAG__DDO__300,MAGGI Xì Dầu Đậm Đặc Chai Đỏ 300ml,Gia Vị Nhà Bếp,MAGGI,,,a38f9189-ad87-11ef-a35e-005056b28600,
b8468f8e-8ef4-11f1-9b18-005056b2a5de,05__GXD__MAG__DDO__300,Kho Kệ,Chai,Kho Kệ,11.0,,0.0,,1.0,,10.0,,1502,0,c7516920-f6bc-4af1-9fa5-28c17f29aba4,c7516920-f6bc-4af1-9fa5-28c17f29aba4,2,False,b98c0b54-8ef4-11f1-9b18-005056b2a5de,05__GXD__MAG__DDO__300,MAGGI Xì Dầu Đậm Đặc Chai Đỏ 300ml,Gia Vị Nhà Bếp,MAGGI,,aca0e3b9-1e75-496e-84ff-e96c9084f53f,a38f9189-ad87-11ef-a35e-005056b28600,CÔNG TY TNHH THƯƠNG MẠI VÀ DỊCH VỤ MIRA GROUP
b8468f8e-8ef4-11f1-9b18-005056b2a5de,05__GXD__MAG__DDO__700,MAGGI Xì Dầu Đậm Đặc Chai Đỏ 700ml,Chai,Tổng,8.0,,0.0,,0.0,,8.0,,1503,1,139ea9fe-1a71-4d47-8c1f-15dda8b44c18,,1,True,b98c0c20-8ef4-11f1-9b18-005056b2a5de,05__GXD__MAG__DDO__700,MAGGI Xì Dầu Đậm Đặc Chai Đỏ 700ml,Gia Vị Nhà Bếp,MAGGI,,,a38f9189-ad87-11ef-a35e-005056b28600,
b8468f8e-8ef4-11f1-9b18-005056b2a5de,05__GXD__MAG__DDO__700,Kho Kệ,Chai,Kho Kệ,8.0,,0.0,,0.0,,8.0,,1504,0,139ea9fe-1a71-4d47-8c1f-15dda8b44c18,139ea9fe-1a71-4d47-8c1f-15dda8b44c18,2,False,b98c0ce4-8ef4-11f1-9b18-005056b2a5de,05__GXD__MAG__DDO__700,MAGGI Xì Dầu Đậm Đặc Chai Đỏ 700ml,Gia Vị Nhà Bếp,MAGGI,,aca0e3b9-1e75-496e-84ff-e96c9084f53f,a38f9189-ad87-11ef-a35e-005056b28600,CÔNG TY TNHH THƯƠNG MẠI VÀ DỊCH VỤ MIRA GROUP
b8468f8e-8ef4-11f1-9b18-005056b2a5de,05__GXD__MAG__VAG__300,MAGGI Xì Dầu Đậu Nành Chai Vàng 300ml,Chai,Tổng,8.0,,0.0,,0.0,,8.0,,1505,1,a012dec0-f28b-4c7e-8d00-99d7f6bd5b7e,,1,True,b98c0e5f-8ef4-11f1-9b18-005056b2a5de,05__GXD__MAG__VAG__300,MAGGI Xì Dầu Đậu Nành Chai Vàng 300ml,Gia Vị Nhà Bếp,MAGGI,,,a38f9189-ad87-11ef-a35e-005056b28600,
b8468f8e-8ef4-11f1-9b18-005056b2a5de,05__GXD__MAG__VAG__300,Kho Kệ,Chai,Kho Kệ,8.0,,0.0,,0.0,,8.0,,1506,0,a012dec0-f28b-4c7e-8d00-99d7f6bd5b7e,a012dec0-f28b-4c7e-8d00-99d7f6bd5b7e,2,False,b98c0f70-8ef4-11f1-9b18-005056b2a5de,05__GXD__MAG__VAG__300,MAGGI Xì Dầu Đậu Nành Chai Vàng 300ml,Gia Vị Nhà Bếp,MAGGI,,aca0e3b9-1e75-496e-84ff-e96c9084f53f,a38f9189-ad87-11ef-a35e-005056b28600,CÔNG TY TNHH THƯƠNG MẠI VÀ DỊCH VỤ MIRA GROUP
b8468f8e-8ef4-11f1-9b18-005056b2a5de,05__GXD__MAG__VAG__700,MAGGI Xì Dầu Đậu Nành Chai Vàng 700ml,Chai,Tổng,9.0,,0.0,,1.0,,8.0,,1507,1,3352daa3-b9e4-4097-b6b0-e8f4472426c9,,1,True,b98c108f-8ef4-11f1-9b18-005056b2a5de,05__GXD__MAG__VAG__700,MAGGI Xì Dầu Đậu Nành Chai Vàng 700ml,Gia Vị Nhà Bếp,MAGGI,,,a38f9189-ad87-11ef-a35e-005056b28600,
b8468f8e-8ef4-11f1-9b18-005056b2a5de,05__GXD__MAG__VAG__700,Kho Kệ,Chai,Kho Kệ,9.0,,0.0,,1.0,,8.0,,1508,0,3352daa3-b9e4-4097-b6b0-e8f4472426c9,3352daa3-b9e4-4097-b6b0-e8f4472426c9,2,False,b98c118e-8ef4-11f1-9b18-005056b2a5de,05__GXD__MAG__VAG__700,MAGGI Xì Dầu Đậu Nành Chai Vàng 700ml,Gia Vị Nhà Bếp,MAGGI,,aca0e3b9-1e75-496e-84ff-e96c9084f53f,a38f9189-ad87-11ef-a35e-005056b28600,CÔNG TY TNHH THƯƠNG MẠI VÀ DỊCH VỤ MIRA GROUP
b8468f8e-8ef4-11f1-9b18-005056b2a5de,05__GXT__CLM__GCM__90,CHOLIMEX Xốt Gà Chiên Nước Mắm Gói 90g,Gói,Tổng,6.0,,0.0,,0.0,,6.0,,1509,1,5d7f0dd2-2522-435f-abdc-85a7612b96ae,,1,True,b98c127b-8ef4-11f1-9b18-005056b2a5de,05__GXT__CLM__GCM__90,CHOLIMEX Xốt Gà Chiên Nước Mắm Gói 90g,Gia Vị Nhà Bếp,CHOLIMEX,,,a38f9189-ad87-11ef-a35e-005056b28600,
b8468f8e-8ef4-11f1-9b18-005056b2a5de,05__GXT__CLM__GCM__90,Kho Kệ,Gói,Kho Kệ,6.0,,0.0,,0.0,,6.0,,1510,0,5d7f0dd2-2522-435f-abdc-85a7612b96ae,5d7f0dd2-2522-435f-abdc-85a7612b96ae,2,False,b98c1343-8ef4-11f1-9b18-005056b2a5de,05__GXT__CLM__GCM__90,CHOLIMEX Xốt Gà Chiên Nước Mắm Gói 90g,Gia Vị Nhà Bếp,CHOLIMEX,,aca0e3b9-1e75-496e-84ff-e96c9084f53f,a38f9189-ad87-11ef-a35e-005056b28600,CÔNG TY TNHH THƯƠNG MẠI VÀ DỊCH VỤ MIRA GROUP
b8468f8e-8ef4-11f1-9b18-005056b2a5de,05__GXT__CLM__LTI__280,CHOLIMEX Lẩu Thái Chai 280g,Chai,Tổng,10.0,,0.0,,0.0,,10.0,,1511,1,fa93dc4b-af2b-4433-970c-2c1ced57a7aa,,1,True,b98c140a-8ef4-11f1-9b18-005056b2a5de,05__GXT__CLM__LTI__280,CHOLIMEX Lẩu Thái Chai 280g,Gia Vị Nhà Bếp,CHOLIMEX,,,a38f9189-ad87-11ef-a35e-005056b28600,
b8468f8e-8ef4-11f1-9b18-005056b2a5de,05__GXT__CLM__LTI__280,Kho Kệ,Chai,Kho Kệ,10.0,,0.0,,0.0,,10.0,,1512,0,fa93dc4b-af2b-4433-970c-2c1ced57a7aa,fa93dc4b-af2b-4433-970c-2c1ced57a7aa,2,False,b98c14cd-8ef4-11f1-9b18-005056b2a5de,05__GXT__CLM__LTI__280,CHOLIMEX Lẩu Thái Chai 280g,Gia Vị Nhà Bếp,CHOLIMEX,,aca0e3b9-1e75-496e-84ff-e96c9084f53f,a38f9189-ad87-11ef-a35e-005056b28600,CÔNG TY TNHH THƯƠNG MẠI VÀ DỊCH VỤ MIRA GROUP
b8468f8e-8ef4-11f1-9b18-005056b2a5de,05__GXT__CLM__SXC__90,CHOLIMEX Gói Xốt Sườn Xào Chua Ngọt 90g,Gói,Tổng,9.0,,0.0,,0.0,,9.0,,1513,1,66ec167a-170a-411c-aa97-ce1865235919,,1,True,b98c1596-8ef4-11f1-9b18-005056b2a5de,05__GXT__CLM__SXC__90,CHOLIMEX Gói Xốt Sườn Xào Chua Ngọt 90g,Gia Vị Nhà Bếp,CHOLIMEX,,,a38f9189-ad87-11ef-a35e-005056b28600,
b8468f8e-8ef4-11f1-9b18-005056b2a5de,05__GXT__CLM__SXC__90,Kho Kệ,Gói,Kho Kệ,9.0,,0.0,,0.0,,9.0,,1514,0,66ec167a-170a-411c-aa97-ce1865235919,66ec167a-170a-411c-aa97-ce1865235919,2,False,b98c1655-8ef4-11f1-9b18-005056b2a5de,05__GXT__CLM__SXC__90,CHOLIMEX Gói Xốt Sườn Xào Chua Ngọt 90g,Gia Vị Nhà Bếp,CHOLIMEX,,aca0e3b9-1e75-496e-84ff-e96c9084f53f,a38f9189-ad87-11ef-a35e-005056b28600,CÔNG TY TNHH THƯƠNG MẠI VÀ DỊCH VỤ MIRA GROUP
b8468f8e-8ef4-11f1-9b18-005056b2a5de,05__GXT__CLM__TKT__50,CHOLIMEX Gói Gia Vị Kho Thịt 50g,Gói,Tổng,18.0,,0.0,,0.0,,18.0,,1515,1,37428553-aef1-4d12-a015-2da530ab2992,,1,True,b98c1719-8ef4-11f1-9b18-005056b2a5de,05__GXT__CLM__TKT__50,CHOLIMEX Gói Gia Vị Kho Thịt 50g,Gia Vị Nhà Bếp,CHOLIMEX,,,a38f9189-ad87-11ef-a35e-005056b28600,
b8468f8e-8ef4-11f1-9b18-005056b2a5de,05__GXT__CLM__TKT__50,Kho Kệ,Gói,Kho Kệ,18.0,,0.0,,0.0,,18.0,,1516,0,37428553-aef1-4d12-a015-2da530ab2992,37428553-aef1-4d12-a015-2da530ab2992,2,False,b98c17d2-8ef4-11f1-9b18-005056b2a5de,05__GXT__CLM__TKT__50,CHOLIMEX Gói Gia Vị Kho Thịt 50g,Gia Vị Nhà Bếp,CHOLIMEX,,aca0e3b9-1e75-496e-84ff-e96c9084f53f,a38f9189-ad87-11ef-a35e-005056b28600,CÔNG TY TNHH THƯƠNG MẠI VÀ DỊCH VỤ MIRA GROUP
b8468f8e-8ef4-11f1-9b18-005056b2a5de,05__GXT__CLM__XAX__70,CHOLIMEX Gói Xốt Ướp Xá Xíu 70g,Gói,Tổng,18.0,,0.0,,1.0,,17.0,,1517,1,c9e066a4-a9ab-4ae4-9d8e-7976de8b3ef5,,1,True,b98c189b-8ef4-11f1-9b18-005056b2a5de,05__GXT__CLM__XAX__70,CHOLIMEX Gói Xốt Ướp Xá Xíu 70g,Gia Vị Nhà Bếp,CHOLIMEX,,,a38f9189-ad87-11ef-a35e-005056b28600,
b8468f8e-8ef4-11f1-9b18-005056b2a5de,05__GXT__CLM__XAX__70,Kho Kệ,Gói,Kho Kệ,18.0,,0.0,,1.0,,17.0,,1518,0,c9e066a4-a9ab-4ae4-9d8e-7976de8b3ef5,c9e066a4-a9ab-4ae4-9d8e-7976de8b3ef5,2,False,b98c195e-8ef4-11f1-9b18-005056b2a5de,05__GXT__CLM__XAX__70,CHOLIMEX Gói Xốt Ướp Xá Xíu 70g,Gia Vị Nhà Bếp,CHOLIMEX,,aca0e3b9-1e75-496e-84ff-e96c9084f53f,a38f9189-ad87-11ef-a35e-005056b28600,CÔNG TY TNHH THƯƠNG MẠI VÀ DỊCH VỤ MIRA GROUP
b8468f8e-8ef4-11f1-9b18-005056b2a5de,05__GXT__CSU__GCM__70,CHINSU Gói Xốt Gà Chiên Nước Mắm 70g,Gói,Tổng,7.0,,0.0,,0.0,,7.0,,1519,1,810e0b42-c514-44de-9f4a-ede71b46eeec,,1,True,b98c1a21-8ef4-11f1-9b18-005056b2a5de,05__GXT__CSU__GCM__70,CHINSU Gói Xốt Gà Chiên Nước Mắm 70g,Gia Vị Nhà Bếp,CHINSU,,,a38f9189-ad87-11ef-a35e-005056b28600,
b8468f8e-8ef4-11f1-9b18-005056b2a5de,05__GXT__CSU__GCM__70,Kho Kệ,Gói,Kho Kệ,7.0,,0.0,,0.0,,7.0,,1520,0,810e0b42-c514-44de-9f4a-ede71b46eeec,810e0b42-c514-44de-9f4a-ede71b46eeec,2,False,b98c1ae1-8ef4-11f1-9b18-005056b2a5de,05__GXT__CSU__GCM__70,CHINSU Gói Xốt Gà Chiên Nước Mắm 70g,Gia Vị Nhà Bếp,CHINSU,,aca0e3b9-1e75-496e-84ff-e96c9084f53f,a38f9189-ad87-11ef-a35e-005056b28600,CÔNG TY TNHH THƯƠNG MẠI VÀ DỊCH VỤ MIRA GROUP
b8468f8e-8ef4-11f1-9b18-005056b2a5de,05__GXT__CSU__TKO__70,CHINSU Gói Xốt Thịt Kho 70g,Gói,Tổng,9.0,,0.0,,0.0,,9.0,,1521,1,40d2fa11-a5e7-47a5-8788-9fe3a5dc20b8,,1,True,b98c1bb2-8ef4-11f1-9b18-005056b2a5de,05__GXT__CSU__TKO__70,CHINSU Gói Xốt Thịt Kho 70g,Gia Vị Nhà Bếp,CHINSU,,,a38f9189-ad87-11ef-a35e-005056b28600,
b8468f8e-8ef4-11f1-9b18-005056b2a5de,05__GXT__CSU__TKO__70,Kho Kệ,Gói,Kho Kệ,9.0,,0.0,,0.0,,9.0,,1522,0,40d2fa11-a5e7-47a5-8788-9fe3a5dc20b8,40d2fa11-a5e7-47a5-8788-9fe3a5dc20b8,2,False,b98c1c6d-8ef4-11f1-9b18-005056b2a5de,05__GXT__CSU__TKO__70,CHINSU Gói Xốt Thịt Kho 70g,Gia Vị Nhà Bếp,CHINSU,,aca0e3b9-1e75-496e-84ff-e96c9084f53f,a38f9189-ad87-11ef-a35e-005056b28600,CÔNG TY TNHH THƯƠNG MẠI VÀ DỊCH VỤ MIRA GROUP
b8468f8e-8ef4-11f1-9b18-005056b2a5de,05__GXT__CSU__TNG__80,CHINSU Gói Xốt Thịt Nướng 80g,Gói,Tổng,12.0,,0.0,,0.0,,12.0,,1523,1,3b97ae03-0d68-4ab7-b2c9-8cf6bb6a6cec,,1,True,b98c1d37-8ef4-11f1-9b18-005056b2a5de,05__GXT__CSU__TNG__80,CHINSU Gói Xốt Thịt Nướng 80g,Gia Vị Nhà Bếp,CHINSU,,,a38f9189-ad87-11ef-a35e-005056b28600,
b8468f8e-8ef4-11f1-9b18-005056b2a5de,05__GXT__CSU__TNG__80,Kho Kệ,Gói,Kho Kệ,12.0,,0.0,,0.0,,12.0,,1524,0,3b97ae03-0d68-4ab7-b2c9-8cf6bb6a6cec,3b97ae03-0d68-4ab7-b2c9-8cf6bb6a6cec,2,False,b98c1df8-8ef4-11f1-9b18-005056b2a5de,05__GXT__CSU__TNG__80,CHINSU Gói Xốt Thịt Nướng 80g,Gia Vị Nhà Bếp,CHINSU,,aca0e3b9-1e75-496e-84ff-e96c9084f53f,a38f9189-ad87-11ef-a35e-005056b28600,CÔNG TY TNHH THƯƠNG MẠI VÀ DỊCH VỤ MIRA GROUP
b8468f8e-8ef4-11f1-9b18-005056b2a5de,05__GXT__KNO__CCA__28,KNOR Gói Gia Vị Canh Chua 28g,Gói,Tổng,6.0,,0.0,,1.0,,5.0,,1525,1,f3803b56-ce8a-4671-8316-66c5c37cb3a4,,1,True,b98c1ebc-8ef4-11f1-9b18-005056b2a5de,05__GXT__KNO__CCA__28,KNOR Gói Gia Vị Canh Chua 28g,Gia Vị Nhà Bếp,KNOR,,,a38f9189-ad87-11ef-a35e-005056b28600,
b8468f8e-8ef4-11f1-9b18-005056b2a5de,05__GXT__KNO__CCA__28,Kho Kệ,Gói,Kho Kệ,6.0,,0.0,,1.0,,5.0,,1526,0,f3803b56-ce8a-4671-8316-66c5c37cb3a4,f3803b56-ce8a-4671-8316-66c5c37cb3a4,2,False,b98c1fb8-8ef4-11f1-9b18-005056b2a5de,05__GXT__KNO__CCA__28,KNOR Gói Gia Vị Canh Chua 28g,Gia Vị Nhà Bếp,KNOR,,aca0e3b9-1e75-496e-84ff-e96c9084f53f,a38f9189-ad87-11ef-a35e-005056b28600,CÔNG TY TNHH THƯƠNG MẠI VÀ DỊCH VỤ MIRA GROUP
b8468f8e-8ef4-11f1-9b18-005056b2a5de,05__GXT__KNO__CKO__28,KNOR Gói Gia Vị Cá Kho 28g,Gói,Tổng,5.0,,0.0,,0.0,,5.0,,1527,1,1ca5b3f8-4339-4a02-86d5-7468758582b5,,1,True,b98c22bb-8ef4-11f1-9b18-005056b2a5de,05__GXT__KNO__CKO__28,KNOR Gói Gia Vị Cá Kho 28g,Gia Vị Nhà Bếp,KNOR,,,a38f9189-ad87-11ef-a35e-005056b28600,
b8468f8e-8ef4-11f1-9b18-005056b2a5de,05__GXT__KNO__CKO__28,Kho Kệ,Gói,Kho Kệ,5.0,,0.0,,0.0,,5.0,,1528,0,1ca5b3f8-4339-4a02-86d5-7468758582b5,1ca5b3f8-4339-4a02-86d5-7468758582b5,2,False,b98c2429-8ef4-11f1-9b18-005056b2a5de,05__GXT__KNO__CKO__28,KNOR Gói Gia Vị Cá Kho 28g,Gia Vị Nhà Bếp,KNOR,,aca0e3b9-1e75-496e-84ff-e96c9084f53f,a38f9189-ad87-11ef-a35e-005056b28600,CÔNG TY TNHH THƯƠNG MẠI VÀ DỊCH VỤ MIRA GROUP
b8468f8e-8ef4-11f1-9b18-005056b2a5de,05__GXT__KNO__TKO__28,KNOR Gói Gia Vị Thịt Kho 28g,Gói,Tổng,5.0,,0.0,,0.0,,5.0,,1529,1,5d14ce10-56f4-4cc7-8c56-81e1a7c5026a,,1,True,b98c2503-8ef4-11f1-9b18-005056b2a5de,05__GXT__KNO__TKO__28,KNOR Gói Gia Vị Thịt Kho 28g,Gia Vị Nhà Bếp,KNOR,,,a38f9189-ad87-11ef-a35e-005056b28600,
b8468f8e-8ef4-11f1-9b18-005056b2a5de,05__GXT__KNO__TKO__28,Kho Kệ,Gói,Kho Kệ,5.0,,0.0,,0.0,,5.0,,1530,0,5d14ce10-56f4-4cc7-8c56-81e1a7c5026a,5d14ce10-56f4-4cc7-8c56-81e1a7c5026a,2,False,b98c25c3-8ef4-11f1-9b18-005056b2a5de,05__GXT__KNO__TKO__28,KNOR Gói Gia Vị Thịt Kho 28g,Gia Vị Nhà Bếp,KNOR,,aca0e3b9-1e75-496e-84ff-e96c9084f53f,a38f9189-ad87-11ef-a35e-005056b28600,CÔNG TY TNHH THƯƠNG MẠI VÀ DỊCH VỤ MIRA GROUP
b8468f8e-8ef4-11f1-9b18-005056b2a5de,05__GXT__OFO__CAH__50,OFOOD Rong Biển Hàn Quốc Nấu Canh Gói 50g,Gói,Tổng,9.0,,0.0,,0.0,,9.0,,1531,1,c118c805-b03d-4d0b-9fec-9ca6bb198712,,1,True,b98c268b-8ef4-11f1-9b18-005056b2a5de,05__GXT__OFO__CAH__50,OFOOD Rong Biển Hàn Quốc Nấu Canh Gói 50g,Gia Vị Nhà Bếp,OFOOD,,,a38f9189-ad87-11ef-a35e-005056b28600,
b8468f8e-8ef4-11f1-9b18-005056b2a5de,05__GXT__OFO__CAH__50,Kho Kệ,Gói,Kho Kệ,9.0,,0.0,,0.0,,9.0,,1532,0,c118c805-b03d-4d0b-9fec-9ca6bb198712,c118c805-b03d-4d0b-9fec-9ca6bb198712,2,False,b98c274c-8ef4-11f1-9b18-005056b2a5de,05__GXT__OFO__CAH__50,OFOOD Rong Biển Hàn Quốc Nấu Canh Gói 50g,Gia Vị Nhà Bếp,OFOOD,,aca0e3b9-1e75-496e-84ff-e96c9084f53f,a38f9189-ad87-11ef-a35e-005056b28600,CÔNG TY TNHH THƯƠNG MẠI VÀ DỊCH VỤ MIRA GROUP
b8468f8e-8ef4-11f1-9b18-005056b2a5de,06__DBC__GIL__CHH__50,GILLETTE Bọt Cạo Hương Chanh 50g,Chai,Tổng,4.0,,3.0,,4.0,,3.0,,1533,1,4f1a737d-2f73-4433-adb8-484f284bf998,,1,True,b98c281a-8ef4-11f1-9b18-005056b2a5de,06__DBC__GIL__CHH__50,GILLETTE Bọt Cạo Hương Chanh 50g,Chăm Sóc Da & Cơ Thể,GILLETTE,,,a38f9189-ad87-11ef-a35e-005056b28600,
b8468f8e-8ef4-11f1-9b18-005056b2a5de,06__DBC__GIL__CHH__50,Kho Kệ,Chai,Kho Kệ,4.0,,3.0,,4.0,,3.0,,1534,0,4f1a737d-2f73-4433-adb8-484f284bf998,4f1a737d-2f73-4433-adb8-484f284bf998,2,False,b98c28e7-8ef4-11f1-9b18-005056b2a5de,06__DBC__GIL__CHH__50,GILLETTE Bọt Cạo Hương Chanh 50g,Chăm Sóc Da & Cơ Thể,GILLETTE,,aca0e3b9-1e75-496e-84ff-e96c9084f53f,a38f9189-ad87-11ef-a35e-005056b28600,CÔNG TY TNHH THƯƠNG MẠI VÀ DỊCH VỤ MIRA GROUP
b8468f8e-8ef4-11f1-9b18-005056b2a5de,06__DCN__NVA__AUR__30,NIVEA Kem Chống Nắng Aura 30ml,Tuýp,Tổng,6.0,,0.0,,2.0,,4.0,,1535,1,90afda76-ff34-4046-b4a5-8b303b2c914b,,1,True,b98c29b1-8ef4-11f1-9b18-005056b2a5de,06__DCN__NVA__AUR__30,NIVEA Kem Chống Nắng Aura 30ml,Chăm Sóc Da & Cơ Thể,NIVEA,,,a38f9189-ad87-11ef-a35e-005056b28600,
b8468f8e-8ef4-11f1-9b18-005056b2a5de,06__DCN__NVA__AUR__30,Kho Kệ,Tuýp,Kho Kệ,6.0,,0.0,,2.0,,4.0,,1536,0,90afda76-ff34-4046-b4a5-8b303b2c914b,90afda76-ff34-4046-b4a5-8b303b2c914b,2,False,b98c2a74-8ef4-11f1-9b18-005056b2a5de,06__DCN__NVA__AUR__30,NIVEA Kem Chống Nắng Aura 30ml,Chăm Sóc Da & Cơ Thể,NIVEA,,aca0e3b9-1e75-496e-84ff-e96c9084f53f,a38f9189-ad87-11ef-a35e-005056b28600,CÔNG TY TNHH THƯƠNG MẠI VÀ DỊCH VỤ MIRA GROUP
b8468f8e-8ef4-11f1-9b18-005056b2a5de,06__DCN__NVA__CAE__30,NIVEA Kem Chống Nắng C&E 30ml,Tuýp,Tổng,8.0,,0.0,,2.0,,6.0,,1537,1,3fe70ff9-2f22-447d-831d-c4f3bfd1c9ef,,1,True,b98c2b49-8ef4-11f1-9b18-005056b2a5de,06__DCN__NVA__CAE__30,NIVEA Kem Chống Nắng C&E 30ml,Chăm Sóc Da & Cơ Thể,NIVEA,,,a38f9189-ad87-11ef-a35e-005056b28600,
b8468f8e-8ef4-11f1-9b18-005056b2a5de,06__DCN__NVA__CAE__30,Kho Kệ,Tuýp,Kho Kệ,8.0,,0.0,,2.0,,6.0,,1538,0,3fe70ff9-2f22-447d-831d-c4f3bfd1c9ef,3fe70ff9-2f22-447d-831d-c4f3bfd1c9ef,2,False,b98c2c5b-8ef4-11f1-9b18-005056b2a5de,06__DCN__NVA__CAE__30,NIVEA Kem Chống Nắng C&E 30ml,Chăm Sóc Da & Cơ Thể,NIVEA,,aca0e3b9-1e75-496e-84ff-e96c9084f53f,a38f9189-ad87-11ef-a35e-005056b28600,CÔNG TY TNHH THƯƠNG MẠI VÀ DỊCH VỤ MIRA GROUP
b8468f8e-8ef4-11f1-9b18-005056b2a5de,06__DCN__VAS__BRI__200,VASELINE Brightening Defense Lotion 200ml,Chai,Tổng,8.0,,0.0,,0.0,,8.0,,1539,1,502427fa-696f-40e7-8434-90efa3f1e537,,1,True,b98c2e0e-8ef4-11f1-9b18-005056b2a5de,06__DCN__VAS__BRI__200,VASELINE Brightening Defense Lotion 200ml,Chăm Sóc Da & Cơ Thể,VASELINE,,,a38f9189-ad87-11ef-a35e-005056b28600,
b8468f8e-8ef4-11f1-9b18-005056b2a5de,06__DCN__VAS__BRI__200,Kho Kệ,Chai,Kho Kệ,8.0,,0.0,,0.0,,8.0,,1540,0,502427fa-696f-40e7-8434-90efa3f1e537,502427fa-696f-40e7-8434-90efa3f1e537,2,False,b98c2eeb-8ef4-11f1-9b18-005056b2a5de,06__DCN__VAS__BRI__200,VASELINE Brightening Defense Lotion 200ml,Chăm Sóc Da & Cơ Thể,VASELINE,,aca0e3b9-1e75-496e-84ff-e96c9084f53f,a38f9189-ad87-11ef-a35e-005056b28600,CÔNG TY TNHH THƯƠNG MẠI VÀ DỊCH VỤ MIRA GROUP
b8468f8e-8ef4-11f1-9b18-005056b2a5de,06__DCN__VAS__PER__200,VASELINE Perfect Youth Pro-Age Lotion 200ml,Chai,Tổng,10.0,,0.0,,1.0,,9.0,,1541,1,4e546b4b-5835-4483-9def-b3f6dee6a040,,1,True,b98c2fb9-8ef4-11f1-9b18-005056b2a5de,06__DCN__VAS__PER__200,VASELINE Perfect Youth Pro-Age Lotion 200ml,Chăm Sóc Da & Cơ Thể,VASELINE,,,a38f9189-ad87-11ef-a35e-005056b28600,
b8468f8e-8ef4-11f1-9b18-005056b2a5de,06__DCN__VAS__PER__200,Kho Kệ,Chai,Kho Kệ,10.0,,0.0,,1.0,,9.0,,1542,0,4e546b4b-5835-4483-9def-b3f6dee6a040,4e546b4b-5835-4483-9def-b3f6dee6a040,2,False,b98c3084-8ef4-11f1-9b18-005056b2a5de,06__DCN__VAS__PER__200,VASELINE Perfect Youth Pro-Age Lotion 200ml,Chăm Sóc Da & Cơ Thể,VASELINE,,aca0e3b9-1e75-496e-84ff-e96c9084f53f,a38f9189-ad87-11ef-a35e-005056b28600,CÔNG TY TNHH THƯƠNG MẠI VÀ DỊCH VỤ MIRA GROUP
b8468f8e-8ef4-11f1-9b18-005056b2a5de,06__DCN__VAS__S50__300,VASELINE Serum Chống Nắng Spf 50+ 300ml,Chai,Tổng,5.0,,0.0,,2.0,,3.0,,1543,1,351f5dfa-9bbd-4388-825b-58bad21d956b,,1,True,b98c3161-8ef4-11f1-9b18-005056b2a5de,06__DCN__VAS__S50__300,VASELINE Serum Chống Nắng Spf 50+ 300ml,Chăm Sóc Da & Cơ Thể,VASELINE,,,a38f9189-ad87-11ef-a35e-005056b28600,
b8468f8e-8ef4-11f1-9b18-005056b2a5de,06__DCN__VAS__S50__300,Kho Kệ,Chai,Kho Kệ,5.0,,0.0,,2.0,,3.0,,1544,0,351f5dfa-9bbd-4388-825b-58bad21d956b,351f5dfa-9bbd-4388-825b-58bad21d956b,2,False,b98c3272-8ef4-11f1-9b18-005056b2a5de,06__DCN__VAS__S50__300,VASELINE Serum Chống Nắng Spf 50+ 300ml,Chăm Sóc Da & Cơ Thể,VASELINE,,aca0e3b9-1e75-496e-84ff-e96c9084f53f,a38f9189-ad87-11ef-a35e-005056b28600,CÔNG TY TNHH THƯƠNG MẠI VÀ DỊCH VỤ MIRA GROUP
b8468f8e-8ef4-11f1-9b18-005056b2a5de,06__DCR__GIL__2,GILLETTE Dao Cạo Râu 2 Lưỡi,Cái,Tổng,18.0,,96.0,,45.0,,69.0,,1545,1,1bf84443-e035-4f0d-b9a4-4137addc00ec,,1,True,b98c3417-8ef4-11f1-9b18-005056b2a5de,06__DCR__GIL__2,GILLETTE Dao Cạo Râu 2 Lưỡi,Chăm Sóc Da & Cơ Thể,GILLETTE,,,a38f9189-ad87-11ef-a35e-005056b28600,
b8468f8e-8ef4-11f1-9b18-005056b2a5de,06__DCR__GIL__2,Kho Kệ,Cái,Kho Kệ,-6.0,,96.0,,45.0,,45.0,,1546,0,1bf84443-e035-4f0d-b9a4-4137addc00ec,1bf84443-e035-4f0d-b9a4-4137addc00ec,2,False,b98c34fa-8ef4-11f1-9b18-005056b2a5de,06__DCR__GIL__2,GILLETTE Dao Cạo Râu 2 Lưỡi,Chăm Sóc Da & Cơ Thể,GILLETTE,,aca0e3b9-1e75-496e-84ff-e96c9084f53f,a38f9189-ad87-11ef-a35e-005056b28600,CÔNG TY TNHH THƯƠNG MẠI VÀ DỊCH VỤ MIRA GROUP
b8468f8e-8ef4-11f1-9b18-005056b2a5de,06__DCR__GIL__2,Kho MIRA,Cái,Kho MIRA,24.0,,0.0,,0.0,,24.0,,1547,0,1bf84443-e035-4f0d-b9a4-4137addc00ec,1bf84443-e035-4f0d-b9a4-4137addc00ec,2,False,b98c35cc-8ef4-11f1-9b18-005056b2a5de,06__DCR__GIL__2,GILLETTE Dao Cạo Râu 2 Lưỡi,Chăm Sóc Da & Cơ Thể,GILLETTE,,485b5d06-306c-11f0-b467-005056b34af7,a38f9189-ad87-11ef-a35e-005056b28600,CÔNG TY TNHH THƯƠNG MẠI VÀ DỊCH VỤ MIRA GROUP
b8468f8e-8ef4-11f1-9b18-005056b2a5de,06__DDM__NVA__CNG__200,NIVEA Sữa Dưỡng Thể Sáng Da Phục Hồi & Chống Nắng 200ml,Chai,Tổng,12.0,,0.0,,0.0,,12.0,,1548,1,effc228d-9cb1-4b06-bffd-e9f2ae92feb9,,1,True,b98c3694-8ef4-11f1-9b18-005056b2a5de,06__DDM__NVA__CNG__200,NIVEA Sữa Dưỡng Thể Sáng Da Phục Hồi & Chống Nắng 200ml,Chăm Sóc Da & Cơ Thể,NIVEA,,,a38f9189-ad87-11ef-a35e-005056b28600,
b8468f8e-8ef4-11f1-9b18-005056b2a5de,06__DDM__NVA__CNG__200,Kho Kệ,Chai,Kho Kệ,12.0,,0.0,,0.0,,12.0,,1549,0,effc228d-9cb1-4b06-bffd-e9f2ae92feb9,effc228d-9cb1-4b06-bffd-e9f2ae92feb9,2,False,b98c3766-8ef4-11f1-9b18-005056b2a5de,06__DDM__NVA__CNG__200,NIVEA Sữa Dưỡng Thể Sáng Da Phục Hồi & Chống Nắng 200ml,Chăm Sóc Da & Cơ Thể,NIVEA,,aca0e3b9-1e75-496e-84ff-e96c9084f53f,a38f9189-ad87-11ef-a35e-005056b28600,CÔNG TY TNHH THƯƠNG MẠI VÀ DỊCH VỤ MIRA GROUP
b8468f8e-8ef4-11f1-9b18-005056b2a5de,06__DDM__NVA__SBD__200,NIVEA Sữa Dưỡng Thể Dưỡng Sáng Ban Đêm 200ml,Chai,Tổng,5.0,,0.0,,0.0,,5.0,,1550,1,d823d1a0-f474-4d52-b715-13370e9574df,,1,True,b98c3838-8ef4-11f1-9b18-005056b2a5de,06__DDM__NVA__SBD__200,NIVEA Sữa Dưỡng Thể Dưỡng Sáng Ban Đêm 200ml,Chăm Sóc Da & Cơ Thể,NIVEA,,,a38f9189-ad87-11ef-a35e-005056b28600,
b8468f8e-8ef4-11f1-9b18-005056b2a5de,06__DDM__NVA__SBD__200,Kho Kệ,Chai,Kho Kệ,5.0,,0.0,,0.0,,5.0,,1551,0,d823d1a0-f474-4d52-b715-13370e9574df,d823d1a0-f474-4d52-b715-13370e9574df,2,False,b98c38fd-8ef4-11f1-9b18-005056b2a5de,06__DDM__NVA__SBD__200,NIVEA Sữa Dưỡng Thể Dưỡng Sáng Ban Đêm 200ml,Chăm Sóc Da & Cơ Thể,NIVEA,,aca0e3b9-1e75-496e-84ff-e96c9084f53f,a38f9189-ad87-11ef-a35e-005056b28600,CÔNG TY TNHH THƯƠNG MẠI VÀ DỊCH VỤ MIRA GROUP
b8468f8e-8ef4-11f1-9b18-005056b2a5de,06__DDM__VAS__SDA__300,VASELINE Gluta-Hya Dưỡng Sáng Da Không Lo 300ml,Chai,Tổng,6.0,,0.0,,0.0,,6.0,,1552,1,70bc227a-808a-4b27-b15c-a44df007b2b4,,1,True,b98c39c5-8ef4-11f1-9b18-005056b2a5de,06__DDM__VAS__SDA__300,VASELINE Gluta-Hya Dưỡng Sáng Da Không Lo 300ml,Chăm Sóc Da & Cơ Thể,VASELINE,,,a38f9189-ad87-11ef-a35e-005056b28600,
b8468f8e-8ef4-11f1-9b18-005056b2a5de,06__DDM__VAS__SDA__300,Kho Kệ,Chai,Kho Kệ,6.0,,0.0,,0.0,,6.0,,1553,0,70bc227a-808a-4b27-b15c-a44df007b2b4,70bc227a-808a-4b27-b15c-a44df007b2b4,2,False,b98c3a93-8ef4-11f1-9b18-005056b2a5de,06__DDM__VAS__SDA__300,VASELINE Gluta-Hya Dưỡng Sáng Da Không Lo 300ml,Chăm Sóc Da & Cơ Thể,VASELINE,,aca0e3b9-1e75-496e-84ff-e96c9084f53f,a38f9189-ad87-11ef-a35e-005056b28600,CÔNG TY TNHH THƯƠNG MẠI VÀ DỊCH VỤ MIRA GROUP
b8468f8e-8ef4-11f1-9b18-005056b2a5de,06__DKM__DOV__COL__45,DOVE Lăn Khử Mùi Tinh Chất Sáng Da Collagen 45ml,Chai,Tổng,5.0,,0.0,,2.0,,3.0,,1554,1,bf19d147-4b2c-4920-a28a-e52aac3f607c,,1,True,b98c3b5b-8ef4-11f1-9b18-005056b2a5de,06__DKM__DOV__COL__45,DOVE Lăn Khử Mùi Tinh Chất Sáng Da Collagen 45ml,Chăm Sóc Da & Cơ Thể,DOVE,,,a38f9189-ad87-11ef-a35e-005056b28600,
b8468f8e-8ef4-11f1-9b18-005056b2a5de,06__DKM__DOV__COL__45,Kho Kệ,Chai,Kho Kệ,5.0,,0.0,,2.0,,3.0,,1555,0,bf19d147-4b2c-4920-a28a-e52aac3f607c,bf19d147-4b2c-4920-a28a-e52aac3f607c,2,False,b98c3c19-8ef4-11f1-9b18-005056b2a5de,06__DKM__DOV__COL__45,DOVE Lăn Khử Mùi Tinh Chất Sáng Da Collagen 45ml,Chăm Sóc Da & Cơ Thể,DOVE,,aca0e3b9-1e75-496e-84ff-e96c9084f53f,a38f9189-ad87-11ef-a35e-005056b28600,CÔNG TY TNHH THƯƠNG MẠI VÀ DỊCH VỤ MIRA GROUP
b8468f8e-8ef4-11f1-9b18-005056b2a5de,06__DKM__DOV__VCE__45,DOVE Lăn Khử Mùi Tinh Chất Sáng Da Vit C&E 45ml,Chai,Tổng,6.0,,0.0,,0.0,,6.0,,1556,1,071ccffd-ae75-49b7-b1b7-9110468fa113,,1,True,b98c3cea-8ef4-11f1-9b18-005056b2a5de,06__DKM__DOV__VCE__45,DOVE Lăn Khử Mùi Tinh Chất Sáng Da Vit C&E 45ml,Chăm Sóc Da & Cơ Thể,DOVE,,,a38f9189-ad87-11ef-a35e-005056b28600,
b8468f8e-8ef4-11f1-9b18-005056b2a5de,06__DKM__DOV__VCE__45,Kho Kệ,Chai,Kho Kệ,6.0,,0.0,,0.0,,6.0,,1557,0,071ccffd-ae75-49b7-b1b7-9110468fa113,071ccffd-ae75-49b7-b1b7-9110468fa113,2,False,b98c3da9-8ef4-11f1-9b18-005056b2a5de,06__DKM__DOV__VCE__45,DOVE Lăn Khử Mùi Tinh Chất Sáng Da Vit C&E 45ml,Chăm Sóc Da & Cơ Thể,DOVE,,aca0e3b9-1e75-496e-84ff-e96c9084f53f,a38f9189-ad87-11ef-a35e-005056b28600,CÔNG TY TNHH THƯƠNG MẠI VÀ DỊCH VỤ MIRA GROUP
b8468f8e-8ef4-11f1-9b18-005056b2a5de,06__DLD__GIL__LAM__5,GILLETTE Lưỡi Lam 5 x 20 x 50,Cái,Tổng,44.0,,0.0,,1.0,,43.0,,1558,1,0b0035f4-a964-4c03-9715-6299a37a6b26,,1,True,b98c3eae-8ef4-11f1-9b18-005056b2a5de,06__DLD__GIL__LAM__5,GILLETTE Lưỡi Lam 5 x 20 x 50,Chăm Sóc Da & Cơ Thể,GILLETTE,,,a38f9189-ad87-11ef-a35e-005056b28600,
b8468f8e-8ef4-11f1-9b18-005056b2a5de,06__DLD__GIL__LAM__5,Kho Kệ,Cái,Kho Kệ,44.0,,0.0,,1.0,,43.0,,1559,0,0b0035f4-a964-4c03-9715-6299a37a6b26,0b0035f4-a964-4c03-9715-6299a37a6b26,2,False,b98c3f77-8ef4-11f1-9b18-005056b2a5de,06__DLD__GIL__LAM__5,GILLETTE Lưỡi Lam 5 x 20 x 50,Chăm Sóc Da & Cơ Thể,GILLETTE,,aca0e3b9-1e75-496e-84ff-e96c9084f53f,a38f9189-ad87-11ef-a35e-005056b28600,CÔNG TY TNHH THƯƠNG MẠI VÀ DỊCH VỤ MIRA GROUP
b8468f8e-8ef4-11f1-9b18-005056b2a5de,06__DLK__NVA__BNW__50,NIVEA Lăn Khử Mùi Nam Black & White 50ml,Chai,Tổng,6.0,,0.0,,0.0,,6.0,,1560,1,263880c2-eaab-419b-b0e6-90a052154b5b,,1,True,b98c4041-8ef4-11f1-9b18-005056b2a5de,06__DLK__NVA__BNW__50,NIVEA Lăn Khử Mùi Nam Black & White 50ml,Chăm Sóc Da & Cơ Thể,NIVEA MEN,,,a38f9189-ad87-11ef-a35e-005056b28600,
b8468f8e-8ef4-11f1-9b18-005056b2a5de,06__DLK__NVA__BNW__50,Kho Kệ,Chai,Kho Kệ,6.0,,0.0,,0.0,,6.0,,1561,0,263880c2-eaab-419b-b0e6-90a052154b5b,263880c2-eaab-419b-b0e6-90a052154b5b,2,False,b98c4116-8ef4-11f1-9b18-005056b2a5de,06__DLK__NVA__BNW__50,NIVEA Lăn Khử Mùi Nam Black & White 50ml,Chăm Sóc Da & Cơ Thể,NIVEA MEN,,aca0e3b9-1e75-496e-84ff-e96c9084f53f,a38f9189-ad87-11ef-a35e-005056b28600,CÔNG TY TNHH THƯƠNG MẠI VÀ DỊCH VỤ MIRA GROUP
b8468f8e-8ef4-11f1-9b18-005056b2a5de,06__DLK__NVA__COO__1,NIVEA Lăn Khử Mùi Nam Cool Fresh,Chai,Tổng,4.0,,0.0,,1.0,,3.0,,1562,1,99994196-93d2-4e0a-b6d2-d874ba678b20,,1,True,b98c41f6-8ef4-11f1-9b18-005056b2a5de,06__DLK__NVA__COO__1,NIVEA Lăn Khử Mùi Nam Cool Fresh,Chăm Sóc Da & Cơ Thể,NIVEA MEN,,,a38f9189-ad87-11ef-a35e-005056b28600,
b8468f8e-8ef4-11f1-9b18-005056b2a5de,06__DLK__NVA__COO__1,Kho Kệ,Chai,Kho Kệ,4.0,,0.0,,1.0,,3.0,,1563,0,99994196-93d2-4e0a-b6d2-d874ba678b20,99994196-93d2-4e0a-b6d2-d874ba678b20,2,False,b98c42b5-8ef4-11f1-9b18-005056b2a5de,06__DLK__NVA__COO__1,NIVEA Lăn Khử Mùi Nam Cool Fresh,Chăm Sóc Da & Cơ Thể,NIVEA MEN,,aca0e3b9-1e75-496e-84ff-e96c9084f53f,a38f9189-ad87-11ef-a35e-005056b28600,CÔNG TY TNHH THƯƠNG MẠI VÀ DỊCH VỤ MIRA GROUP
b8468f8e-8ef4-11f1-9b18-005056b2a5de,06__DLK__NVA__FRE__50,NIVEA Lăn Khử Mùi Fresh Energy 50ml,Chai,Tổng,4.0,,6.0,,2.0,,8.0,,1564,1,0d5de16e-440a-4a03-8136-5fd8a4aa9ca4,,1,True,b98c438d-8ef4-11f1-9b18-005056b2a5de,06__DLK__NVA__FRE__50,NIVEA Lăn Khử Mùi Fresh Energy 50ml,Chăm Sóc Da & Cơ Thể,NIVEA,,,a38f9189-ad87-11ef-a35e-005056b28600,
b8468f8e-8ef4-11f1-9b18-005056b2a5de,06__DLK__NVA__FRE__50,Kho Kệ,Chai,Kho Kệ,4.0,,6.0,,2.0,,8.0,,1565,0,0d5de16e-440a-4a03-8136-5fd8a4aa9ca4,0d5de16e-440a-4a03-8136-5fd8a4aa9ca4,2,False,b98c4455-8ef4-11f1-9b18-005056b2a5de,06__DLK__NVA__FRE__50,NIVEA Lăn Khử Mùi Fresh Energy 50ml,Chăm Sóc Da & Cơ Thể,NIVEA,,aca0e3b9-1e75-496e-84ff-e96c9084f53f,a38f9189-ad87-11ef-a35e-005056b28600,CÔNG TY TNHH THƯƠNG MẠI VÀ DỊCH VỤ MIRA GROUP
b8468f8e-8ef4-11f1-9b18-005056b2a5de,06__DLK__NVA__IMP__50,NIVEA Lăn Khử Mùi Nam Dry Impact 50ml,Chai,Tổng,7.0,,0.0,,1.0,,6.0,,1566,1,f41db33c-0150-4cc0-a354-98887ee95af1,,1,True,b98c451d-8ef4-11f1-9b18-005056b2a5de,06__DLK__NVA__IMP__50,NIVEA Lăn Khử Mùi Nam Dry Impact 50ml,Chăm Sóc Da & Cơ Thể,NIVEA MEN,,,a38f9189-ad87-11ef-a35e-005056b28600,
b8468f8e-8ef4-11f1-9b18-005056b2a5de,06__DLK__NVA__IMP__50,Kho Kệ,Chai,Kho Kệ,7.0,,0.0,,1.0,,6.0,,1567,0,f41db33c-0150-4cc0-a354-98887ee95af1,f41db33c-0150-4cc0-a354-98887ee95af1,2,False,b98c45da-8ef4-11f1-9b18-005056b2a5de,06__DLK__NVA__IMP__50,NIVEA Lăn Khử Mùi Nam Dry Impact 50ml,Chăm Sóc Da & Cơ Thể,NIVEA MEN,,aca0e3b9-1e75-496e-84ff-e96c9084f53f,a38f9189-ad87-11ef-a35e-005056b28600,CÔNG TY TNHH THƯƠNG MẠI VÀ DỊCH VỤ MIRA GROUP
b8468f8e-8ef4-11f1-9b18-005056b2a5de,06__DLK__XMN__FIR__25,XMEN Lăn Khử Mùi Fire 25ml,Chai,Tổng,7.0,,0.0,,1.0,,6.0,,1568,1,3eda8184-d76a-4ae3-87de-b1d7b0ddad8b,,1,True,b98c469e-8ef4-11f1-9b18-005056b2a5de,06__DLK__XMN__FIR__25,XMEN Lăn Khử Mùi Fire 25ml,Chăm Sóc Da & Cơ Thể,XMEN,,,a38f9189-ad87-11ef-a35e-005056b28600,
b8468f8e-8ef4-11f1-9b18-005056b2a5de,06__DLK__XMN__FIR__25,Kho Kệ,Chai,Kho Kệ,7.0,,0.0,,1.0,,6.0,,1569,0,3eda8184-d76a-4ae3-87de-b1d7b0ddad8b,3eda8184-d76a-4ae3-87de-b1d7b0ddad8b,2,False,b98c475c-8ef4-11f1-9b18-005056b2a5de,06__DLK__XMN__FIR__25,XMEN Lăn Khử Mùi Fire 25ml,Chăm Sóc Da & Cơ Thể,XMEN,,aca0e3b9-1e75-496e-84ff-e96c9084f53f,a38f9189-ad87-11ef-a35e-005056b28600,CÔNG TY TNHH THƯƠNG MẠI VÀ DỊCH VỤ MIRA GROUP
b8468f8e-8ef4-11f1-9b18-005056b2a5de,06__DLK__XMN__WOO__25,XMEN Lăn Khủ Mùi Wood 25ml,Chai,Tổng,1.0,,0.0,,1.0,,0.0,,1570,1,65752c2f-a37f-44b3-993c-73a179aab451,,1,True,b98c482e-8ef4-11f1-9b18-005056b2a5de,06__DLK__XMN__WOO__25,XMEN Lăn Khủ Mùi Wood 25ml,Chăm Sóc Da & Cơ Thể,XMEN,,,a38f9189-ad87-11ef-a35e-005056b28600,
b8468f8e-8ef4-11f1-9b18-005056b2a5de,06__DLK__XMN__WOO__25,Kho Kệ,Chai,Kho Kệ,1.0,,0.0,,1.0,,0.0,,1571,0,65752c2f-a37f-44b3-993c-73a179aab451,65752c2f-a37f-44b3-993c-73a179aab451,2,False,b98c48f3-8ef4-11f1-9b18-005056b2a5de,06__DLK__XMN__WOO__25,XMEN Lăn Khủ Mùi Wood 25ml,Chăm Sóc Da & Cơ Thể,XMEN,,aca0e3b9-1e75-496e-84ff-e96c9084f53f,a38f9189-ad87-11ef-a35e-005056b28600,CÔNG TY TNHH THƯƠNG MẠI VÀ DỊCH VỤ MIRA GROUP
b8468f8e-8ef4-11f1-9b18-005056b2a5de,06__DRM__NVA__ACN__90,NIVEA Sữa Rửa Mặt Acne Care 90ml,Chai,Tổng,11.0,,0.0,,7.0,,4.0,,1572,1,6bc9bdfc-6fc5-4d66-a717-79c20f035bc4,,1,True,b98c4a96-8ef4-11f1-9b18-005056b2a5de,06__DRM__NVA__ACN__90,NIVEA Sữa Rửa Mặt Acne Care 90ml,Chăm Sóc Da & Cơ Thể,NIVEA,,,a38f9189-ad87-11ef-a35e-005056b28600,
b8468f8e-8ef4-11f1-9b18-005056b2a5de,06__DRM__NVA__ACN__90,Kho Kệ,Chai,Kho Kệ,11.0,,0.0,,7.0,,4.0,,1573,0,6bc9bdfc-6fc5-4d66-a717-79c20f035bc4,6bc9bdfc-6fc5-4d66-a717-79c20f035bc4,2,False,b98c4b5a-8ef4-11f1-9b18-005056b2a5de,06__DRM__NVA__ACN__90,NIVEA Sữa Rửa Mặt Acne Care 90ml,Chăm Sóc Da & Cơ Thể,NIVEA,,aca0e3b9-1e75-496e-84ff-e96c9084f53f,a38f9189-ad87-11ef-a35e-005056b28600,CÔNG TY TNHH THƯƠNG MẠI VÀ DỊCH VỤ MIRA GROUP
b8468f8e-8ef4-11f1-9b18-005056b2a5de,06__DRM__NVA__DSA__100,NIVEA Sữa Rửa Mặt Ngọc Trai Dưỡng Sáng 100g,Chai,Tổng,7.0,,0.0,,3.0,,4.0,,1574,1,1123630f-eb59-43e2-a5c2-6f717d951194,,1,True,b98c4c1f-8ef4-11f1-9b18-005056b2a5de,06__DRM__NVA__DSA__100,NIVEA Sữa Rửa Mặt Ngọc Trai Dưỡng Sáng 100g,Chăm Sóc Da & Cơ Thể,NIVEA,,,a38f9189-ad87-11ef-a35e-005056b28600,
b8468f8e-8ef4-11f1-9b18-005056b2a5de,06__DRM__NVA__DSA__100,Kho Kệ,Chai,Kho Kệ,7.0,,0.0,,3.0,,4.0,,1575,0,1123630f-eb59-43e2-a5c2-6f717d951194,1123630f-eb59-43e2-a5c2-6f717d951194,2,False,b98c4cda-8ef4-11f1-9b18-005056b2a5de,06__DRM__NVA__DSA__100,NIVEA Sữa Rửa Mặt Ngọc Trai Dưỡng Sáng 100g,Chăm Sóc Da & Cơ Thể,NIVEA,,aca0e3b9-1e75-496e-84ff-e96c9084f53f,a38f9189-ad87-11ef-a35e-005056b28600,CÔNG TY TNHH THƯƠNG MẠI VÀ DỊCH VỤ MIRA GROUP
b8468f8e-8ef4-11f1-9b18-005056b2a5de,06__DRM__NVM__ACN__100,NIVEA MEN Sữa Rửa Mặt Acne Oil Clear 100g,Chai,Tổng,4.0,,0.0,,1.0,,3.0,,1576,1,d1f15302-0e56-4502-b96a-6fae2b2bb6f2,,1,True,b98c4da1-8ef4-11f1-9b18-005056b2a5de,06__DRM__NVM__ACN__100,NIVEA MEN Sữa Rửa Mặt Acne Oil Clear 100g,Chăm Sóc Da & Cơ Thể,NIVEA MEN,,,a38f9189-ad87-11ef-a35e-005056b28600,
b8468f8e-8ef4-11f1-9b18-005056b2a5de,06__DRM__NVM__ACN__100,Kho Kệ,Chai,Kho Kệ,4.0,,0.0,,1.0,,3.0,,1577,0,d1f15302-0e56-4502-b96a-6fae2b2bb6f2,d1f15302-0e56-4502-b96a-6fae2b2bb6f2,2,False,b98c4e5f-8ef4-11f1-9b18-005056b2a5de,06__DRM__NVM__ACN__100,NIVEA MEN Sữa Rửa Mặt Acne Oil Clear 100g,Chăm Sóc Da & Cơ Thể,NIVEA MEN,,aca0e3b9-1e75-496e-84ff-e96c9084f53f,a38f9189-ad87-11ef-a35e-005056b28600,CÔNG TY TNHH THƯƠNG MẠI VÀ DỊCH VỤ MIRA GROUP
b8468f8e-8ef4-11f1-9b18-005056b2a5de,06__DRM__NVM__BRI__100,NIVEA MEN Sữa Rửa Mặt Bright Oil Clear Foam 100g,Chai,Tổng,8.0,,6.0,,3.0,,11.0,,1578,1,aa696d79-aaa2-4338-a1be-f24a7f53b69e,,1,True,b98c4f27-8ef4-11f1-9b18-005056b2a5de,06__DRM__NVM__BRI__100,NIVEA MEN Sữa Rửa Mặt Bright Oil Clear Foam 100g,Chăm Sóc Da & Cơ Thể,NIVEA MEN,,,a38f9189-ad87-11ef-a35e-005056b28600,
b8468f8e-8ef4-11f1-9b18-005056b2a5de,06__DRM__NVM__BRI__100,Kho Kệ,Chai,Kho Kệ,8.0,,6.0,,3.0,,11.0,,1579,0,aa696d79-aaa2-4338-a1be-f24a7f53b69e,aa696d79-aaa2-4338-a1be-f24a7f53b69e,2,False,b98c4fe6-8ef4-11f1-9b18-005056b2a5de,06__DRM__NVM__BRI__100,NIVEA MEN Sữa Rửa Mặt Bright Oil Clear Foam 100g,Chăm Sóc Da & Cơ Thể,NIVEA MEN,,aca0e3b9-1e75-496e-84ff-e96c9084f53f,a38f9189-ad87-11ef-a35e-005056b28600,CÔNG TY TNHH THƯƠNG MẠI VÀ DỊCH VỤ MIRA GROUP
b8468f8e-8ef4-11f1-9b18-005056b2a5de,06__DRT__LBY__BVE__180,LIFEBUOY Nước Rửa Tay Bảo Vệ Vượt Trội 180g,Chai,Tổng,3.0,,0.0,,0.0,,3.0,,1580,1,eb950dc6-065e-4096-95e2-1d07704dc7fc,,1,True,b98c50bf-8ef4-11f1-9b18-005056b2a5de,06__DRT__LBY__BVE__180,LIFEBUOY Nước Rửa Tay Bảo Vệ Vượt Trội 180g,Chăm Sóc Da & Cơ Thể,LIFEBUOY,,,a38f9189-ad87-11ef-a35e-005056b28600,
b8468f8e-8ef4-11f1-9b18-005056b2a5de,06__DRT__LBY__BVE__180,Kho Kệ,Chai,Kho Kệ,3.0,,0.0,,0.0,,3.0,,1581,0,eb950dc6-065e-4096-95e2-1d07704dc7fc,eb950dc6-065e-4096-95e2-1d07704dc7fc,2,False,b98c517d-8ef4-11f1-9b18-005056b2a5de,06__DRT__LBY__BVE__180,LIFEBUOY Nước Rửa Tay Bảo Vệ Vượt Trội 180g,Chăm Sóc Da & Cơ Thể,LIFEBUOY,,aca0e3b9-1e75-496e-84ff-e96c9084f53f,a38f9189-ad87-11ef-a35e-005056b28600,CÔNG TY TNHH THƯƠNG MẠI VÀ DỊCH VỤ MIRA GROUP
b8468f8e-8ef4-11f1-9b18-005056b2a5de,06__DRT__LBY__CHH__180,LIFEBUOY Nước Rửa Tay Chanh Khử Mùi 180g,Chai,Tổng,3.0,,0.0,,0.0,,3.0,,1582,1,83f0af6a-6d06-4899-aaaa-3b8b74b5cd4e,,1,True,b98c523c-8ef4-11f1-9b18-005056b2a5de,06__DRT__LBY__CHH__180,LIFEBUOY Nước Rửa Tay Chanh Khử Mùi 180g,Chăm Sóc Da & Cơ Thể,LIFEBUOY,,,a38f9189-ad87-11ef-a35e-005056b28600,
b8468f8e-8ef4-11f1-9b18-005056b2a5de,06__DRT__LBY__CHH__180,Kho Kệ,Chai,Kho Kệ,3.0,,0.0,,0.0,,3.0,,1583,0,83f0af6a-6d06-4899-aaaa-3b8b74b5cd4e,83f0af6a-6d06-4899-aaaa-3b8b74b5cd4e,2,False,b98c52f9-8ef4-11f1-9b18-005056b2a5de,06__DRT__LBY__CHH__180,LIFEBUOY Nước Rửa Tay Chanh Khử Mùi 180g,Chăm Sóc Da & Cơ Thể,LIFEBUOY,,aca0e3b9-1e75-496e-84ff-e96c9084f53f,a38f9189-ad87-11ef-a35e-005056b28600,CÔNG TY TNHH THƯƠNG MẠI VÀ DỊCH VỤ MIRA GROUP
b8468f8e-8ef4-11f1-9b18-005056b2a5de,06__DRT__LBY__SDA__180,LIFEBUOY Nước Rửa Tay Sữa Dưỡng Ẩm 180g,Chai,Tổng,3.0,,0.0,,0.0,,3.0,,1584,1,2184278e-4d09-4eaf-b127-cccd01421a1e,,1,True,b98c53ba-8ef4-11f1-9b18-005056b2a5de,06__DRT__LBY__SDA__180,LIFEBUOY Nước Rửa Tay Sữa Dưỡng Ẩm 180g,Chăm Sóc Da & Cơ Thể,LIFEBUOY,,,a38f9189-ad87-11ef-a35e-005056b28600,
b8468f8e-8ef4-11f1-9b18-005056b2a5de,06__DRT__LBY__SDA__180,Kho Kệ,Chai,Kho Kệ,3.0,,0.0,,0.0,,3.0,,1585,0,2184278e-4d09-4eaf-b127-cccd01421a1e,2184278e-4d09-4eaf-b127-cccd01421a1e,2,False,b98c547d-8ef4-11f1-9b18-005056b2a5de,06__DRT__LBY__SDA__180,LIFEBUOY Nước Rửa Tay Sữa Dưỡng Ẩm 180g,Chăm Sóc Da & Cơ Thể,LIFEBUOY,,aca0e3b9-1e75-496e-84ff-e96c9084f53f,a38f9189-ad87-11ef-a35e-005056b28600,CÔNG TY TNHH THƯƠNG MẠI VÀ DỊCH VỤ MIRA GROUP
b8468f8e-8ef4-11f1-9b18-005056b2a5de,06__DSO__NVM__DAO__1,NIVEA Son Dưỡng Ẩm Đào,Chai,Tổng,12.0,,0.0,,5.0,,7.0,,1586,1,ac6cc354-922b-4a1a-acc3-d15987c4a899,,1,True,b98c553f-8ef4-11f1-9b18-005056b2a5de,06__DSO__NVM__DAO__1,NIVEA Son Dưỡng Ẩm Đào,Chăm Sóc Da & Cơ Thể,NIVEA,,,a38f9189-ad87-11ef-a35e-005056b28600,
b8468f8e-8ef4-11f1-9b18-005056b2a5de,06__DSO__NVM__DAO__1,Kho Kệ,Chai,Kho Kệ,12.0,,0.0,,5.0,,7.0,,1587,0,ac6cc354-922b-4a1a-acc3-d15987c4a899,ac6cc354-922b-4a1a-acc3-d15987c4a899,2,False,b98c5614-8ef4-11f1-9b18-005056b2a5de,06__DSO__NVM__DAO__1,NIVEA Son Dưỡng Ẩm Đào,Chăm Sóc Da & Cơ Thể,NIVEA,,aca0e3b9-1e75-496e-84ff-e96c9084f53f,a38f9189-ad87-11ef-a35e-005056b28600,CÔNG TY TNHH THƯƠNG MẠI VÀ DỊCH VỤ MIRA GROUP
b8468f8e-8ef4-11f1-9b18-005056b2a5de,06__DSO__NVM__DAU__1,NIVEA Son Dưỡng Ẩm Dâu,Cái,Tổng,2.0,,0.0,,1.0,,1.0,,1588,1,568b7130-2417-4d7a-8748-338d9f0e4333,,1,True,b98c5736-8ef4-11f1-9b18-005056b2a5de,06__DSO__NVM__DAU__1,NIVEA Son Dưỡng Ẩm Dâu,Chăm Sóc Da & Cơ Thể,NIVEA,,,a38f9189-ad87-11ef-a35e-005056b28600,
b8468f8e-8ef4-11f1-9b18-005056b2a5de,06__DSO__NVM__DAU__1,Kho Kệ,Cái,Kho Kệ,2.0,,0.0,,1.0,,1.0,,1589,0,568b7130-2417-4d7a-8748-338d9f0e4333,568b7130-2417-4d7a-8748-338d9f0e4333,2,False,b98c5853-8ef4-11f1-9b18-005056b2a5de,06__DSO__NVM__DAU__1,NIVEA Son Dưỡng Ẩm Dâu,Chăm Sóc Da & Cơ Thể,NIVEA,,aca0e3b9-1e75-496e-84ff-e96c9084f53f,a38f9189-ad87-11ef-a35e-005056b28600,CÔNG TY TNHH THƯƠNG MẠI VÀ DỊCH VỤ MIRA GROUP
b8468f8e-8ef4-11f1-9b18-005056b2a5de,06__DSO__NVM__TNN__1,NIVEA Son Dưỡng Ẩm Tự Nhiên,Chai,Tổng,5.0,,10.0,,2.0,,13.0,,1590,1,4e752dd3-af8f-4015-bcac-a52d2b815b79,,1,True,b98c591f-8ef4-11f1-9b18-005056b2a5de,06__DSO__NVM__TNN__1,NIVEA Son Dưỡng Ẩm Tự Nhiên,Chăm Sóc Da & Cơ Thể,NIVEA,,,a38f9189-ad87-11ef-a35e-005056b28600,
b8468f8e-8ef4-11f1-9b18-005056b2a5de,06__DSO__NVM__TNN__1,Kho Kệ,Chai,Kho Kệ,5.0,,10.0,,2.0,,13.0,,1591,0,4e752dd3-af8f-4015-bcac-a52d2b815b79,4e752dd3-af8f-4015-bcac-a52d2b815b79,2,False,b98c59da-8ef4-11f1-9b18-005056b2a5de,06__DSO__NVM__TNN__1,NIVEA Son Dưỡng Ẩm Tự Nhiên,Chăm Sóc Da & Cơ Thể,NIVEA,,aca0e3b9-1e75-496e-84ff-e96c9084f53f,a38f9189-ad87-11ef-a35e-005056b28600,CÔNG TY TNHH THƯƠNG MẠI VÀ DỊCH VỤ MIRA GROUP
b8468f8e-8ef4-11f1-9b18-005056b2a5de,06__DST__DOV__DBO__500,DOVE Sữa Tắm Invigorating Dầu Bơ & Hoa Cúc 500g,Chai,Tổng,4.0,,0.0,,1.0,,3.0,,1592,1,8d6aeff6-da9b-46c6-8b67-b0584c0d937a,,1,True,b98c5a9d-8ef4-11f1-9b18-005056b2a5de,06__DST__DOV__DBO__500,DOVE Sữa Tắm Invigorating Dầu Bơ & Hoa Cúc 500g,Chăm Sóc Da & Cơ Thể,DOVE,,,a38f9189-ad87-11ef-a35e-005056b28600,
b8468f8e-8ef4-11f1-9b18-005056b2a5de,06__DST__DOV__DBO__500,Kho Kệ,Chai,Kho Kệ,4.0,,0.0,,1.0,,3.0,,1593,0,8d6aeff6-da9b-46c6-8b67-b0584c0d937a,8d6aeff6-da9b-46c6-8b67-b0584c0d937a,2,False,b98c5b55-8ef4-11f1-9b18-005056b2a5de,06__DST__DOV__DBO__500,DOVE Sữa Tắm Invigorating Dầu Bơ & Hoa Cúc 500g,Chăm Sóc Da & Cơ Thể,DOVE,,aca0e3b9-1e75-496e-84ff-e96c9084f53f,a38f9189-ad87-11ef-a35e-005056b28600,CÔNG TY TNHH THƯƠNG MẠI VÀ DỊCH VỤ MIRA GROUP
b8468f8e-8ef4-11f1-9b18-005056b2a5de,06__DST__DOV__SAK__500,DOVE Sữa Tắm Radiance Hoa Sakura & Muối Hồng 500g,Chai,Tổng,1.0,,0.0,,0.0,,1.0,,1594,1,f2a1b985-ad96-4f92-b534-7ccfc6899964,,1,True,b98c5c1e-8ef4-11f1-9b18-005056b2a5de,06__DST__DOV__SAK__500,DOVE Sữa Tắm Radiance Hoa Sakura & Muối Hồng 500g,Chăm Sóc Da & Cơ Thể,DOVE,,,a38f9189-ad87-11ef-a35e-005056b28600,
b8468f8e-8ef4-11f1-9b18-005056b2a5de,06__DST__DOV__SAK__500,Kho Kệ,Chai,Kho Kệ,1.0,,0.0,,0.0,,1.0,,1595,0,f2a1b985-ad96-4f92-b534-7ccfc6899964,f2a1b985-ad96-4f92-b534-7ccfc6899964,2,False,b98c5cdf-8ef4-11f1-9b18-005056b2a5de,06__DST__DOV__SAK__500,DOVE Sữa Tắm Radiance Hoa Sakura & Muối Hồng 500g,Chăm Sóc Da & Cơ Thể,DOVE,,aca0e3b9-1e75-496e-84ff-e96c9084f53f,a38f9189-ad87-11ef-a35e-005056b28600,CÔNG TY TNHH THƯƠNG MẠI VÀ DỊCH VỤ MIRA GROUP
b8468f8e-8ef4-11f1-9b18-005056b2a5de,06__DST__LBY__BVE__350,LIFEBUOY Sữa Tắm Bảo Vệ Vượt Trội 350g,Chai,Tổng,7.0,,0.0,,0.0,,7.0,,1596,1,26321ba2-abda-45cc-9afd-6a36b0f9459c,,1,True,b98c5da6-8ef4-11f1-9b18-005056b2a5de,06__DST__LBY__BVE__350,LIFEBUOY Sữa Tắm Bảo Vệ Vượt Trội 350g,Chăm Sóc Da & Cơ Thể,LIFEBUOY,,,a38f9189-ad87-11ef-a35e-005056b28600,
b8468f8e-8ef4-11f1-9b18-005056b2a5de,06__DST__LBY__BVE__350,Kho Kệ,Chai,Kho Kệ,7.0,,0.0,,0.0,,7.0,,1597,0,26321ba2-abda-45cc-9afd-6a36b0f9459c,26321ba2-abda-45cc-9afd-6a36b0f9459c,2,False,b98c5e6d-8ef4-11f1-9b18-005056b2a5de,06__DST__LBY__BVE__350,LIFEBUOY Sữa Tắm Bảo Vệ Vượt Trội 350g,Chăm Sóc Da & Cơ Thể,LIFEBUOY,,aca0e3b9-1e75-496e-84ff-e96c9084f53f,a38f9189-ad87-11ef-a35e-005056b28600,CÔNG TY TNHH THƯƠNG MẠI VÀ DỊCH VỤ MIRA GROUP
b8468f8e-8ef4-11f1-9b18-005056b2a5de,06__DST__LBY__DAM__350,LIFEBUOY Sữa Tắm Sữa Dưỡng Ẩm 350g,Chai,Tổng,2.0,,0.0,,0.0,,2.0,,1598,1,61635594-a3d5-4ec3-88cb-136303103c4b,,1,True,b98c6080-8ef4-11f1-9b18-005056b2a5de,06__DST__LBY__DAM__350,LIFEBUOY Sữa Tắm Sữa Dưỡng Ẩm 350g,Chăm Sóc Da & Cơ Thể,LIFEBUOY,,,a38f9189-ad87-11ef-a35e-005056b28600,
b8468f8e-8ef4-11f1-9b18-005056b2a5de,06__DST__LBY__DAM__350,Kho Kệ,Chai,Kho Kệ,2.0,,0.0,,0.0,,2.0,,1599,0,61635594-a3d5-4ec3-88cb-136303103c4b,61635594-a3d5-4ec3-88cb-136303103c4b,2,False,b98c6150-8ef4-11f1-9b18-005056b2a5de,06__DST__LBY__DAM__350,LIFEBUOY Sữa Tắm Sữa Dưỡng Ẩm 350g,Chăm Sóc Da & Cơ Thể,LIFEBUOY,,aca0e3b9-1e75-496e-84ff-e96c9084f53f,a38f9189-ad87-11ef-a35e-005056b28600,CÔNG TY TNHH THƯƠNG MẠI VÀ DỊCH VỤ MIRA GROUP
b8468f8e-8ef4-11f1-9b18-005056b2a5de,06__DSV__XMN__CLY__65,XMEN Sáp Vuốt Tóc ClayWax 65g,Hộp,Tổng,4.0,,0.0,,2.0,,2.0,,1600,1,6f1a18b1-add4-4964-b183-f60ad707a489,,1,True,b98c6217-8ef4-11f1-9b18-005056b2a5de,06__DSV__XMN__CLY__65,XMEN Sáp Vuốt Tóc ClayWax 65g,Chăm Sóc Tóc,XMEN,,,a38f9189-ad87-11ef-a35e-005056b28600,
b8468f8e-8ef4-11f1-9b18-005056b2a5de,06__DSV__XMN__CLY__65,Kho Kệ,Hộp,Kho Kệ,4.0,,0.0,,2.0,,2.0,,1601,0,6f1a18b1-add4-4964-b183-f60ad707a489,6f1a18b1-add4-4964-b183-f60ad707a489,2,False,b98c62d6-8ef4-11f1-9b18-005056b2a5de,06__DSV__XMN__CLY__65,XMEN Sáp Vuốt Tóc ClayWax 65g,Chăm Sóc Tóc,XMEN,,aca0e3b9-1e75-496e-84ff-e96c9084f53f,a38f9189-ad87-11ef-a35e-005056b28600,CÔNG TY TNHH THƯƠNG MẠI VÀ DỊCH VỤ MIRA GROUP
b8468f8e-8ef4-11f1-9b18-005056b2a5de,06__DSV__XMN__FRE__70,XMEN Sáp Vuốt Tóc FreestyleWax 70g,Hộp,Tổng,1.0,,0.0,,1.0,,0.0,,1602,1,402dbf27-105b-4a1f-b542-a2964be58a75,,1,True,b98c63a0-8ef4-11f1-9b18-005056b2a5de,06__DSV__XMN__FRE__70,XMEN Sáp Vuốt Tóc FreestyleWax 70g,Chăm Sóc Tóc,XMEN,,,a38f9189-ad87-11ef-a35e-005056b28600,
b8468f8e-8ef4-11f1-9b18-005056b2a5de,06__DSV__XMN__FRE__70,Kho Kệ,Hộp,Kho Kệ,1.0,,0.0,,1.0,,0.0,,1603,0,402dbf27-105b-4a1f-b542-a2964be58a75,402dbf27-105b-4a1f-b542-a2964be58a75,2,False,b98c645b-8ef4-11f1-9b18-005056b2a5de,06__DSV__XMN__FRE__70,XMEN Sáp Vuốt Tóc FreestyleWax 70g,Chăm Sóc Tóc,XMEN,,aca0e3b9-1e75-496e-84ff-e96c9084f53f,a38f9189-ad87-11ef-a35e-005056b28600,CÔNG TY TNHH THƯƠNG MẠI VÀ DỊCH VỤ MIRA GROUP
b8468f8e-8ef4-11f1-9b18-005056b2a5de,06__DSV__XMN__MAT__70,XMEN Sáp Vuốt Tóc Matte Pomade 70g,Hộp,Tổng,5.0,,0.0,,0.0,,5.0,,1604,1,183e5717-168b-4aeb-9097-7b7f6ea5a377,,1,True,b98c651d-8ef4-11f1-9b18-005056b2a5de,06__DSV__XMN__MAT__70,XMEN Sáp Vuốt Tóc Matte Pomade 70g,Chăm Sóc Tóc,XMEN,,,a38f9189-ad87-11ef-a35e-005056b28600,
b8468f8e-8ef4-11f1-9b18-005056b2a5de,06__DSV__XMN__MAT__70,Kho Kệ,Hộp,Kho Kệ,5.0,,0.0,,0.0,,5.0,,1605,0,183e5717-168b-4aeb-9097-7b7f6ea5a377,183e5717-168b-4aeb-9097-7b7f6ea5a377,2,False,b98c6617-8ef4-11f1-9b18-005056b2a5de,06__DSV__XMN__MAT__70,XMEN Sáp Vuốt Tóc Matte Pomade 70g,Chăm Sóc Tóc,XMEN,,aca0e3b9-1e75-496e-84ff-e96c9084f53f,a38f9189-ad87-11ef-a35e-005056b28600,CÔNG TY TNHH THƯƠNG MẠI VÀ DỊCH VỤ MIRA GROUP
b8468f8e-8ef4-11f1-9b18-005056b2a5de,06__DSV__XMN__SHI__70,XMEN Sáp Vuốt Tóc Shine Pomade 70g,Hộp,Tổng,3.0,,0.0,,1.0,,2.0,,1606,1,839c6b4b-2f48-428a-849c-bb31bb0f296d,,1,True,b98c68a4-8ef4-11f1-9b18-005056b2a5de,06__DSV__XMN__SHI__70,XMEN Sáp Vuốt Tóc Shine Pomade 70g,Chăm Sóc Tóc,XMEN,,,a38f9189-ad87-11ef-a35e-005056b28600,
b8468f8e-8ef4-11f1-9b18-005056b2a5de,06__DSV__XMN__SHI__70,Kho Kệ,Hộp,Kho Kệ,3.0,,0.0,,1.0,,2.0,,1607,0,839c6b4b-2f48-428a-849c-bb31bb0f296d,839c6b4b-2f48-428a-849c-bb31bb0f296d,2,False,b98c6983-8ef4-11f1-9b18-005056b2a5de,06__DSV__XMN__SHI__70,XMEN Sáp Vuốt Tóc Shine Pomade 70g,Chăm Sóc Tóc,XMEN,,aca0e3b9-1e75-496e-84ff-e96c9084f53f,a38f9189-ad87-11ef-a35e-005056b28600,CÔNG TY TNHH THƯƠNG MẠI VÀ DỊCH VỤ MIRA GROUP
b8468f8e-8ef4-11f1-9b18-005056b2a5de,06__DTT__NVA__SDA__200,NIVEA Nước Tẩy Trang Sáng Da 200ml,Chai,Tổng,9.0,,0.0,,3.0,,6.0,,1608,1,f0d9f1c2-7c25-472f-8d30-912264b7f8c1,,1,True,b98c6a47-8ef4-11f1-9b18-005056b2a5de,06__DTT__NVA__SDA__200,NIVEA Nước Tẩy Trang Sáng Da 200ml,Chăm Sóc Da & Cơ Thể,NIVEA,,,a38f9189-ad87-11ef-a35e-005056b28600,
b8468f8e-8ef4-11f1-9b18-005056b2a5de,06__DTT__NVA__SDA__200,Kho Kệ,Chai,Kho Kệ,9.0,,0.0,,3.0,,6.0,,1609,0,f0d9f1c2-7c25-472f-8d30-912264b7f8c1,f0d9f1c2-7c25-472f-8d30-912264b7f8c1,2,False,b98c6b0e-8ef4-11f1-9b18-005056b2a5de,06__DTT__NVA__SDA__200,NIVEA Nước Tẩy Trang Sáng Da 200ml,Chăm Sóc Da & Cơ Thể,NIVEA,,aca0e3b9-1e75-496e-84ff-e96c9084f53f,a38f9189-ad87-11ef-a35e-005056b28600,CÔNG TY TNHH THƯƠNG MẠI VÀ DỊCH VỤ MIRA GROUP
b8468f8e-8ef4-11f1-9b18-005056b2a5de,06__DTT__SIL__JAP__66,SILCOT Bông Tẩy Trang Nhật Bản Cao Cấp 66 Miếng,Hộp,Tổng,2.0,,20.0,,10.0,,12.0,,1610,1,1181a292-8aaa-476e-a76a-394db72943db,,1,True,b98c6bdf-8ef4-11f1-9b18-005056b2a5de,06__DTT__SIL__JAP__66,SILCOT Bông Tẩy Trang Nhật Bản Cao Cấp 66 Miếng,Chăm Sóc Da & Cơ Thể,SILCOT,,,a38f9189-ad87-11ef-a35e-005056b28600,
b8468f8e-8ef4-11f1-9b18-005056b2a5de,06__DTT__SIL__JAP__66,Kho Kệ,Hộp,Kho Kệ,2.0,,20.0,,10.0,,12.0,,1611,0,1181a292-8aaa-476e-a76a-394db72943db,1181a292-8aaa-476e-a76a-394db72943db,2,False,b98c6ca5-8ef4-11f1-9b18-005056b2a5de,06__DTT__SIL__JAP__66,SILCOT Bông Tẩy Trang Nhật Bản Cao Cấp 66 Miếng,Chăm Sóc Da & Cơ Thể,SILCOT,,aca0e3b9-1e75-496e-84ff-e96c9084f53f,a38f9189-ad87-11ef-a35e-005056b28600,CÔNG TY TNHH THƯƠNG MẠI VÀ DỊCH VỤ MIRA GROUP
b8468f8e-8ef4-11f1-9b18-005056b2a5de,06__DXK__NVM__BAW__150,NIVEA MEN Xịt Khử Mùi Ultimate Impact 150ml,Chai,Tổng,1.0,,0.0,,1.0,,0.0,,1612,1,c001e4b7-3873-4238-b9d4-543297a36070,,1,True,b98c6d71-8ef4-11f1-9b18-005056b2a5de,06__DXK__NVM__BAW__150,NIVEA MEN Xịt Khử Mùi Ultimate Impact 150ml,Chăm Sóc Da & Cơ Thể,NIVEA MEN,,,a38f9189-ad87-11ef-a35e-005056b28600,
b8468f8e-8ef4-11f1-9b18-005056b2a5de,06__DXK__NVM__BAW__150,Kho Kệ,Chai,Kho Kệ,1.0,,0.0,,1.0,,0.0,,1613,0,c001e4b7-3873-4238-b9d4-543297a36070,c001e4b7-3873-4238-b9d4-543297a36070,2,False,b98c6e2e-8ef4-11f1-9b18-005056b2a5de,06__DXK__NVM__BAW__150,NIVEA MEN Xịt Khử Mùi Ultimate Impact 150ml,Chăm Sóc Da & Cơ Thể,NIVEA MEN,,aca0e3b9-1e75-496e-84ff-e96c9084f53f,a38f9189-ad87-11ef-a35e-005056b28600,CÔNG TY TNHH THƯƠNG MẠI VÀ DỊCH VỤ MIRA GROUP
b8468f8e-8ef4-11f1-9b18-005056b2a5de,06__DXK__NVM__DRY__150,NIVEA MEN Xịt Khử Mùi Dry Impact 150ml,Chai,Tổng,12.0,,6.0,,2.0,,16.0,,1614,1,ad641668-f2be-41ee-bd73-80f507d4ca57,,1,True,b98c6ef5-8ef4-11f1-9b18-005056b2a5de,06__DXK__NVM__DRY__150,NIVEA MEN Xịt Khử Mùi Dry Impact 150ml,Chăm Sóc Da & Cơ Thể,NIVEA,,,a38f9189-ad87-11ef-a35e-005056b28600,
b8468f8e-8ef4-11f1-9b18-005056b2a5de,06__DXK__NVM__DRY__150,Kho Kệ,Chai,Kho Kệ,12.0,,6.0,,2.0,,16.0,,1615,0,ad641668-f2be-41ee-bd73-80f507d4ca57,ad641668-f2be-41ee-bd73-80f507d4ca57,2,False,b98c6fb5-8ef4-11f1-9b18-005056b2a5de,06__DXK__NVM__DRY__150,NIVEA MEN Xịt Khử Mùi Dry Impact 150ml,Chăm Sóc Da & Cơ Thể,NIVEA,,aca0e3b9-1e75-496e-84ff-e96c9084f53f,a38f9189-ad87-11ef-a35e-005056b28600,CÔNG TY TNHH THƯƠNG MẠI VÀ DỊCH VỤ MIRA GROUP
b8468f8e-8ef4-11f1-9b18-005056b2a5de,06__RBC__COL__MAH__3,COLGATE Bàn Chải Mềm Mảnh Sạch Sâu Hiệu Quả (3cây),Cái,Tổng,3.0,,0.0,,3.0,,0.0,,1616,1,5698de83-508d-41bb-9c85-549e309b63a1,,1,True,b98c709e-8ef4-11f1-9b18-005056b2a5de,06__RBC__COL__MAH__3,COLGATE Bàn Chải Mềm Mảnh Sạch Sâu Hiệu Quả (3cây),Chăm Sóc Răng Miệng,COLGATE,,,a38f9189-ad87-11ef-a35e-005056b28600,
b8468f8e-8ef4-11f1-9b18-005056b2a5de,06__RBC__COL__MAH__3,Kho Kệ,Cái,Kho Kệ,3.0,,0.0,,3.0,,0.0,,1617,0,5698de83-508d-41bb-9c85-549e309b63a1,5698de83-508d-41bb-9c85-549e309b63a1,2,False,b98c716a-8ef4-11f1-9b18-005056b2a5de,06__RBC__COL__MAH__3,COLGATE Bàn Chải Mềm Mảnh Sạch Sâu Hiệu Quả (3cây),Chăm Sóc Răng Miệng,COLGATE,,aca0e3b9-1e75-496e-84ff-e96c9084f53f,a38f9189-ad87-11ef-a35e-005056b28600,CÔNG TY TNHH THƯƠNG MẠI VÀ DỊCH VỤ MIRA GROUP
b8468f8e-8ef4-11f1-9b18-005056b2a5de,06__RBC__COL__MEM__3,COLGATE Bàn Chải Mềm Mảnh Chăm Sóc Nướu (3cây),Cái,Tổng,14.0,,0.0,,0.0,,14.0,,1618,1,7613427d-0c60-4f85-8a0e-ea71516df25a,,1,True,b98c7244-8ef4-11f1-9b18-005056b2a5de,06__RBC__COL__MEM__3,COLGATE Bàn Chải Mềm Mảnh Chăm Sóc Nướu (3cây),Chăm Sóc Răng Miệng,COLGATE,,,a38f9189-ad87-11ef-a35e-005056b28600,
b8468f8e-8ef4-11f1-9b18-005056b2a5de,06__RBC__COL__MEM__3,Kho Kệ,Cái,Kho Kệ,14.0,,0.0,,0.0,,14.0,,1619,0,7613427d-0c60-4f85-8a0e-ea71516df25a,7613427d-0c60-4f85-8a0e-ea71516df25a,2,False,b98c7307-8ef4-11f1-9b18-005056b2a5de,06__RBC__COL__MEM__3,COLGATE Bàn Chải Mềm Mảnh Chăm Sóc Nướu (3cây),Chăm Sóc Răng Miệng,COLGATE,,aca0e3b9-1e75-496e-84ff-e96c9084f53f,a38f9189-ad87-11ef-a35e-005056b28600,CÔNG TY TNHH THƯƠNG MẠI VÀ DỊCH VỤ MIRA GROUP
b8468f8e-8ef4-11f1-9b18-005056b2a5de,06__RBC__COL__TRE__1,COLGATE Bàn Chải Đánh Răng Trẻ Em,Cái,Tổng,13.0,,0.0,,3.0,,10.0,,1620,1,2a8e4e0f-50f1-4c1c-9cc4-7cf868b7c0a6,,1,True,b98c73d4-8ef4-11f1-9b18-005056b2a5de,06__RBC__COL__TRE__1,COLGATE Bàn Chải Đánh Răng Trẻ Em,Chăm Sóc Răng Miệng,COLGATE,,,a38f9189-ad87-11ef-a35e-005056b28600,
b8468f8e-8ef4-11f1-9b18-005056b2a5de,06__RBC__COL__TRE__1,Kho Kệ,Cái,Kho Kệ,13.0,,0.0,,3.0,,10.0,,1621,0,2a8e4e0f-50f1-4c1c-9cc4-7cf868b7c0a6,2a8e4e0f-50f1-4c1c-9cc4-7cf868b7c0a6,2,False,b98c749f-8ef4-11f1-9b18-005056b2a5de,06__RBC__COL__TRE__1,COLGATE Bàn Chải Đánh Răng Trẻ Em,Chăm Sóc Răng Miệng,COLGATE,,aca0e3b9-1e75-496e-84ff-e96c9084f53f,a38f9189-ad87-11ef-a35e-005056b28600,CÔNG TY TNHH THƯƠNG MẠI VÀ DỊCH VỤ MIRA GROUP
b8468f8e-8ef4-11f1-9b18-005056b2a5de,06__RBC__KPS__BVE__01,PS Bàn Chải Bảo Vệ 123 Mềm MạI,Cái,Tổng,1.0,,0.0,,0.0,,1.0,,1622,1,82458a1c-ec4c-4331-8a0a-1b0705a3cdec,,1,True,b98c7601-8ef4-11f1-9b18-005056b2a5de,06__RBC__KPS__BVE__01,PS Bàn Chải Bảo Vệ 123 Mềm MạI,Chăm Sóc Răng Miệng,PS,,,a38f9189-ad87-11ef-a35e-005056b28600,
b8468f8e-8ef4-11f1-9b18-005056b2a5de,06__RBC__KPS__BVE__01,Kho Kệ,Cái,Kho Kệ,1.0,,0.0,,0.0,,1.0,,1623,0,82458a1c-ec4c-4331-8a0a-1b0705a3cdec,82458a1c-ec4c-4331-8a0a-1b0705a3cdec,2,False,b98c7714-8ef4-11f1-9b18-005056b2a5de,06__RBC__KPS__BVE__01,PS Bàn Chải Bảo Vệ 123 Mềm MạI,Chăm Sóc Răng Miệng,PS,,aca0e3b9-1e75-496e-84ff-e96c9084f53f,a38f9189-ad87-11ef-a35e-005056b28600,CÔNG TY TNHH THƯƠNG MẠI VÀ DỊCH VỤ MIRA GROUP
b8468f8e-8ef4-11f1-9b18-005056b2a5de,06__RBC__KPS__MEM__01,PS Bàn Chải Siêu Mềm Lông Tơ Sạch Hiệu Quả,Cái,Tổng,1.0,,0.0,,0.0,,1.0,,1624,1,55825ce2-6349-49cc-a270-4b5fd1964f49,,1,True,b98c77e4-8ef4-11f1-9b18-005056b2a5de,06__RBC__KPS__MEM__01,PS Bàn Chải Siêu Mềm Lông Tơ Sạch Hiệu Quả,Chăm Sóc Răng Miệng,PS,,,a38f9189-ad87-11ef-a35e-005056b28600,
b8468f8e-8ef4-11f1-9b18-005056b2a5de,06__RBC__KPS__MEM__01,Kho Kệ,Cái,Kho Kệ,1.0,,0.0,,0.0,,1.0,,1625,0,55825ce2-6349-49cc-a270-4b5fd1964f49,55825ce2-6349-49cc-a270-4b5fd1964f49,2,False,b98c78a7-8ef4-11f1-9b18-005056b2a5de,06__RBC__KPS__MEM__01,PS Bàn Chải Siêu Mềm Lông Tơ Sạch Hiệu Quả,Chăm Sóc Răng Miệng,PS,,aca0e3b9-1e75-496e-84ff-e96c9084f53f,a38f9189-ad87-11ef-a35e-005056b28600,CÔNG TY TNHH THƯƠNG MẠI VÀ DỊCH VỤ MIRA GROUP
b8468f8e-8ef4-11f1-9b18-005056b2a5de,06__RBC__KPS__MEM__12,PS Bàn Chải Lông Tơ Mềm Mại *12c/vỉ,Cái,Tổng,12.0,,24.0,,21.0,,15.0,,1626,1,f676de85-ff30-4b5d-8310-5f033a990a31,,1,True,b98c7974-8ef4-11f1-9b18-005056b2a5de,06__RBC__KPS__MEM__12,PS Bàn Chải Lông Tơ Mềm Mại *12c/vỉ,Chăm Sóc Răng Miệng,PS,,,a38f9189-ad87-11ef-a35e-005056b28600,
b8468f8e-8ef4-11f1-9b18-005056b2a5de,06__RBC__KPS__MEM__12,Kho Kệ,Cái,Kho Kệ,12.0,,24.0,,21.0,,15.0,,1627,0,f676de85-ff30-4b5d-8310-5f033a990a31,f676de85-ff30-4b5d-8310-5f033a990a31,2,False,b98c7a34-8ef4-11f1-9b18-005056b2a5de,06__RBC__KPS__MEM__12,PS Bàn Chải Lông Tơ Mềm Mại *12c/vỉ,Chăm Sóc Răng Miệng,PS,,aca0e3b9-1e75-496e-84ff-e96c9084f53f,a38f9189-ad87-11ef-a35e-005056b28600,CÔNG TY TNHH THƯƠNG MẠI VÀ DỊCH VỤ MIRA GROUP
b8468f8e-8ef4-11f1-9b18-005056b2a5de,06__RBC__KPS__T11__01,PS Bàn Chải Trẻ Em Siêu Mềm 7-11 Tuổi,Cái,Tổng,9.0,,0.0,,0.0,,9.0,,1628,1,db3b10db-bd80-4943-9a3e-db0a32383052,,1,True,b98c7af9-8ef4-11f1-9b18-005056b2a5de,06__RBC__KPS__T11__01,PS Bàn Chải Trẻ Em Siêu Mềm 7-11 Tuổi,Chăm Sóc Răng Miệng,PS,,,a38f9189-ad87-11ef-a35e-005056b28600,
b8468f8e-8ef4-11f1-9b18-005056b2a5de,06__RBC__KPS__T11__01,Kho Kệ,Cái,Kho Kệ,9.0,,0.0,,0.0,,9.0,,1629,0,db3b10db-bd80-4943-9a3e-db0a32383052,db3b10db-bd80-4943-9a3e-db0a32383052,2,False,b98c7bb8-8ef4-11f1-9b18-005056b2a5de,06__RBC__KPS__T11__01,PS Bàn Chải Trẻ Em Siêu Mềm 7-11 Tuổi,Chăm Sóc Răng Miệng,PS,,aca0e3b9-1e75-496e-84ff-e96c9084f53f,a38f9189-ad87-11ef-a35e-005056b28600,CÔNG TY TNHH THƯƠNG MẠI VÀ DỊCH VỤ MIRA GROUP
b8468f8e-8ef4-11f1-9b18-005056b2a5de,06__RBC__KPS__T26__01,PS Bàn Chải Trẻ Em Siêu Mềm 2-6 Tuổi,Cái,Tổng,5.0,,0.0,,2.0,,3.0,,1630,1,b58cc363-c32d-4d0c-91eb-750b2c48ed0d,,1,True,b98c7c80-8ef4-11f1-9b18-005056b2a5de,06__RBC__KPS__T26__01,PS Bàn Chải Trẻ Em Siêu Mềm 2-6 Tuổi,Chăm Sóc Răng Miệng,PS,,,a38f9189-ad87-11ef-a35e-005056b28600,
b8468f8e-8ef4-11f1-9b18-005056b2a5de,06__RBC__KPS__T26__01,Kho Kệ,Cái,Kho Kệ,5.0,,0.0,,2.0,,3.0,,1631,0,b58cc363-c32d-4d0c-91eb-750b2c48ed0d,b58cc363-c32d-4d0c-91eb-750b2c48ed0d,2,False,b98c7d3b-8ef4-11f1-9b18-005056b2a5de,06__RBC__KPS__T26__01,PS Bàn Chải Trẻ Em Siêu Mềm 2-6 Tuổi,Chăm Sóc Răng Miệng,PS,,aca0e3b9-1e75-496e-84ff-e96c9084f53f,a38f9189-ad87-11ef-a35e-005056b28600,CÔNG TY TNHH THƯƠNG MẠI VÀ DỊCH VỤ MIRA GROUP
b8468f8e-8ef4-11f1-9b18-005056b2a5de,06__RBC__KPS__TRE__01,PS Bàn Chải MuốI Tre,Cái,Tổng,2.0,,24.0,,11.0,,15.0,,1632,1,347f299d-568e-4a7b-b84f-8c9e74613f8a,,1,True,b98c7e14-8ef4-11f1-9b18-005056b2a5de,06__RBC__KPS__TRE__01,PS Bàn Chải MuốI Tre,Chăm Sóc Răng Miệng,PS,,,a38f9189-ad87-11ef-a35e-005056b28600,
b8468f8e-8ef4-11f1-9b18-005056b2a5de,06__RBC__KPS__TRE__01,Kho Kệ,Cái,Kho Kệ,2.0,,24.0,,11.0,,15.0,,1633,0,347f299d-568e-4a7b-b84f-8c9e74613f8a,347f299d-568e-4a7b-b84f-8c9e74613f8a,2,False,b98c7ed8-8ef4-11f1-9b18-005056b2a5de,06__RBC__KPS__TRE__01,PS Bàn Chải MuốI Tre,Chăm Sóc Răng Miệng,PS,,aca0e3b9-1e75-496e-84ff-e96c9084f53f,a38f9189-ad87-11ef-a35e-005056b28600,CÔNG TY TNHH THƯƠNG MẠI VÀ DỊCH VỤ MIRA GROUP
b8468f8e-8ef4-11f1-9b18-005056b2a5de,06__RBC__ORB__BLK__3,ORAL'B Bàn Chải Đánh Răng Black Tea Mua 2 Tặng 1,Vỉ,Tổng,6.0,,0.0,,2.0,,4.0,,1634,1,0eddbacf-a8bc-4004-b4fe-b518c727cafb,,1,True,b98c7fbb-8ef4-11f1-9b18-005056b2a5de,06__RBC__ORB__BLK__3,ORAL'B Bàn Chải Đánh Răng Black Tea Mua 2 Tặng 1,Chăm Sóc Răng Miệng,ORAL'B,,,a38f9189-ad87-11ef-a35e-005056b28600,
b8468f8e-8ef4-11f1-9b18-005056b2a5de,06__RBC__ORB__BLK__3,Kho Kệ,Vỉ,Kho Kệ,6.0,,0.0,,2.0,,4.0,,1635,0,0eddbacf-a8bc-4004-b4fe-b518c727cafb,0eddbacf-a8bc-4004-b4fe-b518c727cafb,2,False,b98c807c-8ef4-11f1-9b18-005056b2a5de,06__RBC__ORB__BLK__3,ORAL'B Bàn Chải Đánh Răng Black Tea Mua 2 Tặng 1,Chăm Sóc Răng Miệng,ORAL'B,,aca0e3b9-1e75-496e-84ff-e96c9084f53f,a38f9189-ad87-11ef-a35e-005056b28600,CÔNG TY TNHH THƯƠNG MẠI VÀ DỊCH VỤ MIRA GROUP
b8468f8e-8ef4-11f1-9b18-005056b2a5de,06__RBC__ORB__GRE__3,ORAL'B Bàn Chải Đánh Răng Green Tea Mua 2 Tặng 1,Vỉ,Tổng,10.0,,0.0,,1.0,,9.0,,1636,1,4de6ec18-8540-4b7b-88c7-f62655e2d19b,,1,True,b98c814f-8ef4-11f1-9b18-005056b2a5de,06__RBC__ORB__GRE__3,ORAL'B Bàn Chải Đánh Răng Green Tea Mua 2 Tặng 1,Chăm Sóc Răng Miệng,ORAL'B,,,a38f9189-ad87-11ef-a35e-005056b28600,
b8468f8e-8ef4-11f1-9b18-005056b2a5de,06__RBC__ORB__GRE__3,Kho Kệ,Vỉ,Kho Kệ,10.0,,0.0,,1.0,,9.0,,1637,0,4de6ec18-8540-4b7b-88c7-f62655e2d19b,4de6ec18-8540-4b7b-88c7-f62655e2d19b,2,False,b98c8212-8ef4-11f1-9b18-005056b2a5de,06__RBC__ORB__GRE__3,ORAL'B Bàn Chải Đánh Răng Green Tea Mua 2 Tặng 1,Chăm Sóc Răng Miệng,ORAL'B,,aca0e3b9-1e75-496e-84ff-e96c9084f53f,a38f9189-ad87-11ef-a35e-005056b28600,CÔNG TY TNHH THƯƠNG MẠI VÀ DỊCH VỤ MIRA GROUP
b8468f8e-8ef4-11f1-9b18-005056b2a5de,06__RKD__CLO__BHA__180,CLOSEUP Kem Đánh Răng Thơm Mát Bạc Hà 180g,Cái,Tổng,12.0,,0.0,,2.0,,10.0,,1638,1,f78e419a-b8d3-4dae-aca4-3062a942017e,,1,True,b98c82d9-8ef4-11f1-9b18-005056b2a5de,06__RKD__CLO__BHA__180,CLOSEUP Kem Đánh Răng Thơm Mát Bạc Hà 180g,Chăm Sóc Răng Miệng,CLOSEUP,,,a38f9189-ad87-11ef-a35e-005056b28600,
b8468f8e-8ef4-11f1-9b18-005056b2a5de,06__RKD__CLO__BHA__180,Kho Kệ,Cái,Kho Kệ,12.0,,0.0,,2.0,,10.0,,1639,0,f78e419a-b8d3-4dae-aca4-3062a942017e,f78e419a-b8d3-4dae-aca4-3062a942017e,2,False,b98c846b-8ef4-11f1-9b18-005056b2a5de,06__RKD__CLO__BHA__180,CLOSEUP Kem Đánh Răng Thơm Mát Bạc Hà 180g,Chăm Sóc Răng Miệng,CLOSEUP,,aca0e3b9-1e75-496e-84ff-e96c9084f53f,a38f9189-ad87-11ef-a35e-005056b28600,CÔNG TY TNHH THƯƠNG MẠI VÀ DỊCH VỤ MIRA GROUP
b8468f8e-8ef4-11f1-9b18-005056b2a5de,06__RKD__COL__PRO__110,COLGATE Kem Đánh Răng Sensitive Pro-Relief 110g,Cái,Tổng,17.0,,0.0,,3.0,,14.0,,1640,1,e2388570-50f2-4e65-a645-5b29dcd89eed,,1,True,b98c858e-8ef4-11f1-9b18-005056b2a5de,06__RKD__COL__PRO__110,COLGATE Kem Đánh Răng Sensitive Pro-Relief 110g,Chăm Sóc Răng Miệng,COLGATE,,,a38f9189-ad87-11ef-a35e-005056b28600,
b8468f8e-8ef4-11f1-9b18-005056b2a5de,06__RKD__COL__PRO__110,Kho Kệ,Cái,Kho Kệ,5.0,,0.0,,3.0,,2.0,,1641,0,e2388570-50f2-4e65-a645-5b29dcd89eed,e2388570-50f2-4e65-a645-5b29dcd89eed,2,False,b98c86ca-8ef4-11f1-9b18-005056b2a5de,06__RKD__COL__PRO__110,COLGATE Kem Đánh Răng Sensitive Pro-Relief 110g,Chăm Sóc Răng Miệng,COLGATE,,aca0e3b9-1e75-496e-84ff-e96c9084f53f,a38f9189-ad87-11ef-a35e-005056b28600,CÔNG TY TNHH THƯƠNG MẠI VÀ DỊCH VỤ MIRA GROUP
b8468f8e-8ef4-11f1-9b18-005056b2a5de,06__RKD__COL__PRO__110,Kho MIRA,Cái,Kho MIRA,12.0,,0.0,,0.0,,12.0,,1642,0,e2388570-50f2-4e65-a645-5b29dcd89eed,e2388570-50f2-4e65-a645-5b29dcd89eed,2,False,b98c87d3-8ef4-11f1-9b18-005056b2a5de,06__RKD__COL__PRO__110,COLGATE Kem Đánh Răng Sensitive Pro-Relief 110g,Chăm Sóc Răng Miệng,COLGATE,,485b5d06-306c-11f0-b467-005056b34af7,a38f9189-ad87-11ef-a35e-005056b28600,CÔNG TY TNHH THƯƠNG MẠI VÀ DỊCH VỤ MIRA GROUP
b8468f8e-8ef4-11f1-9b18-005056b2a5de,06__RKD__COL__TOT__150,COLGATE Kem Đánh Răng Total Active Prevention 150g,Cái,Tổng,7.0,,24.0,,3.0,,28.0,,1643,1,c178e9d9-4eb1-4b7d-bf13-480dbdb14b16,,1,True,b98c88a2-8ef4-11f1-9b18-005056b2a5de,06__RKD__COL__TOT__150,COLGATE Kem Đánh Răng Total Active Prevention 150g,Chăm Sóc Răng Miệng,COLGATE,,,a38f9189-ad87-11ef-a35e-005056b28600,
b8468f8e-8ef4-11f1-9b18-005056b2a5de,06__RKD__COL__TOT__150,Kho Kệ,Cái,Kho Kệ,7.0,,24.0,,3.0,,28.0,,1644,0,c178e9d9-4eb1-4b7d-bf13-480dbdb14b16,c178e9d9-4eb1-4b7d-bf13-480dbdb14b16,2,False,b98c8975-8ef4-11f1-9b18-005056b2a5de,06__RKD__COL__TOT__150,COLGATE Kem Đánh Răng Total Active Prevention 150g,Chăm Sóc Răng Miệng,COLGATE,,aca0e3b9-1e75-496e-84ff-e96c9084f53f,a38f9189-ad87-11ef-a35e-005056b28600,CÔNG TY TNHH THƯƠNG MẠI VÀ DỊCH VỤ MIRA GROUP
b8468f8e-8ef4-11f1-9b18-005056b2a5de,06__RKD__COL__VMC__90,COLGATE Kem Đánh Răng VitaminC Thơm Mát 90g,Cái,Tổng,10.0,,24.0,,13.0,,21.0,,1645,1,8d5a56e9-eedf-457f-a6cc-6a36ecac4f9e,,1,True,b98c8a43-8ef4-11f1-9b18-005056b2a5de,06__RKD__COL__VMC__90,COLGATE Kem Đánh Răng VitaminC Thơm Mát 90g,Chăm Sóc Răng Miệng,COLGATE,,,a38f9189-ad87-11ef-a35e-005056b28600,
b8468f8e-8ef4-11f1-9b18-005056b2a5de,06__RKD__COL__VMC__90,Kho Kệ,Cái,Kho Kệ,10.0,,24.0,,13.0,,21.0,,1646,0,8d5a56e9-eedf-457f-a6cc-6a36ecac4f9e,8d5a56e9-eedf-457f-a6cc-6a36ecac4f9e,2,False,b98c8b0e-8ef4-11f1-9b18-005056b2a5de,06__RKD__COL__VMC__90,COLGATE Kem Đánh Răng VitaminC Thơm Mát 90g,Chăm Sóc Răng Miệng,COLGATE,,aca0e3b9-1e75-496e-84ff-e96c9084f53f,a38f9189-ad87-11ef-a35e-005056b28600,CÔNG TY TNHH THƯƠNG MẠI VÀ DỊCH VỤ MIRA GROUP
b8468f8e-8ef4-11f1-9b18-005056b2a5de,06__RKD__CUP__BTT__180,CLOSEUP Kem Đánh Răng Tinh Thể Băng Tuyết 180g,Cái,Tổng,6.0,,10.0,,3.0,,13.0,,1647,1,d4a6eeeb-42ce-4e43-b855-fca3ebef60f4,,1,True,b98c8bde-8ef4-11f1-9b18-005056b2a5de,06__RKD__CUP__BTT__180,CLOSEUP Kem Đánh Răng Tinh Thể Băng Tuyết 180g,Chăm Sóc Răng Miệng,CLOSEUP,,,a38f9189-ad87-11ef-a35e-005056b28600,
b8468f8e-8ef4-11f1-9b18-005056b2a5de,06__RKD__CUP__BTT__180,Kho Kệ,Cái,Kho Kệ,6.0,,10.0,,3.0,,13.0,,1648,0,d4a6eeeb-42ce-4e43-b855-fca3ebef60f4,d4a6eeeb-42ce-4e43-b855-fca3ebef60f4,2,False,b98c8ca4-8ef4-11f1-9b18-005056b2a5de,06__RKD__CUP__BTT__180,CLOSEUP Kem Đánh Răng Tinh Thể Băng Tuyết 180g,Chăm Sóc Răng Miệng,CLOSEUP,,aca0e3b9-1e75-496e-84ff-e96c9084f53f,a38f9189-ad87-11ef-a35e-005056b28600,CÔNG TY TNHH THƯƠNG MẠI VÀ DỊCH VỤ MIRA GROUP
b8468f8e-8ef4-11f1-9b18-005056b2a5de,06__RKD__KPS__123__180,PS Kem Đánh Răng Bảo Vệ 123 180g,Cái,Tổng,3.0,,0.0,,0.0,,3.0,,1649,1,81086c6b-e42e-455b-bfa0-fb595deec35f,,1,True,b98c8d70-8ef4-11f1-9b18-005056b2a5de,06__RKD__KPS__123__180,PS Kem Đánh Răng Bảo Vệ 123 180g,Chăm Sóc Răng Miệng,PS,,,a38f9189-ad87-11ef-a35e-005056b28600,
b8468f8e-8ef4-11f1-9b18-005056b2a5de,06__RKD__KPS__123__180,Kho Kệ,Cái,Kho Kệ,3.0,,0.0,,0.0,,3.0,,1650,0,81086c6b-e42e-455b-bfa0-fb595deec35f,81086c6b-e42e-455b-bfa0-fb595deec35f,2,False,b98c8e38-8ef4-11f1-9b18-005056b2a5de,06__RKD__KPS__123__180,PS Kem Đánh Răng Bảo Vệ 123 180g,Chăm Sóc Răng Miệng,PS,,aca0e3b9-1e75-496e-84ff-e96c9084f53f,a38f9189-ad87-11ef-a35e-005056b28600,CÔNG TY TNHH THƯƠNG MẠI VÀ DỊCH VỤ MIRA GROUP
b8468f8e-8ef4-11f1-9b18-005056b2a5de,06__RKD__KPS__26D__90,PS Kem Đánh Răng Trẻ Em 2-6 Tuổi Dâu 90g,Cái,Tổng,1.0,,0.0,,0.0,,1.0,,1651,1,212dff8b-92ae-4bc0-a137-094749b92ebf,,1,True,b98c8f2e-8ef4-11f1-9b18-005056b2a5de,06__RKD__KPS__26D__90,PS Kem Đánh Răng Trẻ Em 2-6 Tuổi Dâu 90g,Chăm Sóc Răng Miệng,PS,,,a38f9189-ad87-11ef-a35e-005056b28600,
b8468f8e-8ef4-11f1-9b18-005056b2a5de,06__RKD__KPS__26D__90,Kho Kệ,Cái,Kho Kệ,1.0,,0.0,,0.0,,1.0,,1652,0,212dff8b-92ae-4bc0-a137-094749b92ebf,212dff8b-92ae-4bc0-a137-094749b92ebf,2,False,b98c8ff8-8ef4-11f1-9b18-005056b2a5de,06__RKD__KPS__26D__90,PS Kem Đánh Răng Trẻ Em 2-6 Tuổi Dâu 90g,Chăm Sóc Răng Miệng,PS,,aca0e3b9-1e75-496e-84ff-e96c9084f53f,a38f9189-ad87-11ef-a35e-005056b28600,CÔNG TY TNHH THƯƠNG MẠI VÀ DỊCH VỤ MIRA GROUP
b8468f8e-8ef4-11f1-9b18-005056b2a5de,06__RKD__KPS__CAM__90,PS Kem Đánh Răng Trẻ Em 2-6 Tuổi Cam 90g,Cái,Tổng,3.0,,0.0,,1.0,,2.0,,1653,1,6e04e827-6802-4e43-907d-c58f9077cdd2,,1,True,b98c910f-8ef4-11f1-9b18-005056b2a5de,06__RKD__KPS__CAM__90,PS Kem Đánh Răng Trẻ Em 2-6 Tuổi Cam 90g,Chăm Sóc Răng Miệng,PS,,,a38f9189-ad87-11ef-a35e-005056b28600,
b8468f8e-8ef4-11f1-9b18-005056b2a5de,06__RKD__KPS__CAM__90,Kho Kệ,Cái,Kho Kệ,3.0,,0.0,,1.0,,2.0,,1654,0,6e04e827-6802-4e43-907d-c58f9077cdd2,6e04e827-6802-4e43-907d-c58f9077cdd2,2,False,b98c9246-8ef4-11f1-9b18-005056b2a5de,06__RKD__KPS__CAM__90,PS Kem Đánh Răng Trẻ Em 2-6 Tuổi Cam 90g,Chăm Sóc Răng Miệng,PS,,aca0e3b9-1e75-496e-84ff-e96c9084f53f,a38f9189-ad87-11ef-a35e-005056b28600,CÔNG TY TNHH THƯƠNG MẠI VÀ DỊCH VỤ MIRA GROUP
b8468f8e-8ef4-11f1-9b18-005056b2a5de,06__RKD__KPS__DAU__90,PS Kem Đánh Răng Trẻ Em Hương Dâu 45g,Cái,Tổng,1.0,,10.0,,3.0,,8.0,,1655,1,c9aa8fd4-1c4a-44ba-a242-821a22552a75,,1,True,b98c931a-8ef4-11f1-9b18-005056b2a5de,06__RKD__KPS__DAU__90,PS Kem Đánh Răng Trẻ Em Hương Dâu 45g,Chăm Sóc Răng Miệng,PS,,,a38f9189-ad87-11ef-a35e-005056b28600,
b8468f8e-8ef4-11f1-9b18-005056b2a5de,06__RKD__KPS__DAU__90,Kho Kệ,Cái,Kho Kệ,1.0,,10.0,,3.0,,8.0,,1656,0,c9aa8fd4-1c4a-44ba-a242-821a22552a75,c9aa8fd4-1c4a-44ba-a242-821a22552a75,2,False,b98c9605-8ef4-11f1-9b18-005056b2a5de,06__RKD__KPS__DAU__90,PS Kem Đánh Răng Trẻ Em Hương Dâu 45g,Chăm Sóc Răng Miệng,PS,,aca0e3b9-1e75-496e-84ff-e96c9084f53f,a38f9189-ad87-11ef-a35e-005056b28600,CÔNG TY TNHH THƯƠNG MẠI VÀ DỊCH VỤ MIRA GROUP
b8468f8e-8ef4-11f1-9b18-005056b2a5de,06__RKD__KPS__TXH__180,PS Kem Đánh Răng Trà Xanh 180g,Cái,Tổng,13.0,,24.0,,11.0,,26.0,,1657,1,48cc8104-621e-41fb-818e-bd85f42a7af5,,1,True,b98c977c-8ef4-11f1-9b18-005056b2a5de,06__RKD__KPS__TXH__180,PS Kem Đánh Răng Trà Xanh 180g,Chăm Sóc Răng Miệng,PS,,,a38f9189-ad87-11ef-a35e-005056b28600,
b8468f8e-8ef4-11f1-9b18-005056b2a5de,06__RKD__KPS__TXH__180,Kho Kệ,Cái,Kho Kệ,13.0,,24.0,,11.0,,26.0,,1658,0,48cc8104-621e-41fb-818e-bd85f42a7af5,48cc8104-621e-41fb-818e-bd85f42a7af5,2,False,b98c988f-8ef4-11f1-9b18-005056b2a5de,06__RKD__KPS__TXH__180,PS Kem Đánh Răng Trà Xanh 180g,Chăm Sóc Răng Miệng,PS,,aca0e3b9-1e75-496e-84ff-e96c9084f53f,a38f9189-ad87-11ef-a35e-005056b28600,CÔNG TY TNHH THƯƠNG MẠI VÀ DỊCH VỤ MIRA GROUP
b8468f8e-8ef4-11f1-9b18-005056b2a5de,06__RSM__LIS__COL__250,LISTERINE Nước Súc Miệng Coolmint 250ml,Chai,Tổng,7.0,,15.0,,5.0,,17.0,,1659,1,836891e6-be0c-4c54-90dc-6c257d728eed,,1,True,b98c99ab-8ef4-11f1-9b18-005056b2a5de,06__RSM__LIS__COL__250,LISTERINE Nước Súc Miệng Coolmint 250ml,Chăm Sóc Răng Miệng,LISTERINE,,,a38f9189-ad87-11ef-a35e-005056b28600,
b8468f8e-8ef4-11f1-9b18-005056b2a5de,06__RSM__LIS__COL__250,Kho Kệ,Chai,Kho Kệ,7.0,,15.0,,5.0,,17.0,,1660,0,836891e6-be0c-4c54-90dc-6c257d728eed,836891e6-be0c-4c54-90dc-6c257d728eed,2,False,b98c9a7e-8ef4-11f1-9b18-005056b2a5de,06__RSM__LIS__COL__250,LISTERINE Nước Súc Miệng Coolmint 250ml,Chăm Sóc Răng Miệng,LISTERINE,,aca0e3b9-1e75-496e-84ff-e96c9084f53f,a38f9189-ad87-11ef-a35e-005056b28600,CÔNG TY TNHH THƯƠNG MẠI VÀ DỊCH VỤ MIRA GROUP
b8468f8e-8ef4-11f1-9b18-005056b2a5de,06__RSM__LIS__TXH__250,LISTERINE Nước Súc Miệng Trà Xanh 250ml,Chai,Tổng,2.0,,0.0,,2.0,,0.0,,1661,1,029c39ed-a9e6-477e-9590-47fb553310b3,,1,True,b98c9b4c-8ef4-11f1-9b18-005056b2a5de,06__RSM__LIS__TXH__250,LISTERINE Nước Súc Miệng Trà Xanh 250ml,Chăm Sóc Răng Miệng,LISTERINE,,,a38f9189-ad87-11ef-a35e-005056b28600,
b8468f8e-8ef4-11f1-9b18-005056b2a5de,06__RSM__LIS__TXH__250,Kho Kệ,Chai,Kho Kệ,2.0,,0.0,,2.0,,0.0,,1662,0,029c39ed-a9e6-477e-9590-47fb553310b3,029c39ed-a9e6-477e-9590-47fb553310b3,2,False,b98c9c0e-8ef4-11f1-9b18-005056b2a5de,06__RSM__LIS__TXH__250,LISTERINE Nước Súc Miệng Trà Xanh 250ml,Chăm Sóc Răng Miệng,LISTERINE,,aca0e3b9-1e75-496e-84ff-e96c9084f53f,a38f9189-ad87-11ef-a35e-005056b28600,CÔNG TY TNHH THƯƠNG MẠI VÀ DỊCH VỤ MIRA GROUP
b8468f8e-8ef4-11f1-9b18-005056b2a5de,06__TGC__CLR__MBH__170,CLEAR MEN Dầu Gội Bạc Hà Mát Lạnh Xanh 170g,Chai,Tổng,5.0,,0.0,,3.0,,2.0,,1663,1,72a0bf9d-23b2-4471-a58d-afa4b3a90800,,1,True,b98c9cd8-8ef4-11f1-9b18-005056b2a5de,06__TGC__CLR__MBH__170,CLEAR MEN Dầu Gội Bạc Hà Mát Lạnh Xanh 170g,Chăm Sóc Tóc,CLEAR MEN,,,a38f9189-ad87-11ef-a35e-005056b28600,
b8468f8e-8ef4-11f1-9b18-005056b2a5de,06__TGC__CLR__MBH__170,Kho Kệ,Chai,Kho Kệ,5.0,,0.0,,3.0,,2.0,,1664,0,72a0bf9d-23b2-4471-a58d-afa4b3a90800,72a0bf9d-23b2-4471-a58d-afa4b3a90800,2,False,b98c9d9c-8ef4-11f1-9b18-005056b2a5de,06__TGC__CLR__MBH__170,CLEAR MEN Dầu Gội Bạc Hà Mát Lạnh Xanh 170g,Chăm Sóc Tóc,CLEAR MEN,,aca0e3b9-1e75-496e-84ff-e96c9084f53f,a38f9189-ad87-11ef-a35e-005056b28600,CÔNG TY TNHH THƯƠNG MẠI VÀ DỊCH VỤ MIRA GROUP
b8468f8e-8ef4-11f1-9b18-005056b2a5de,06__TGC__CLR__TRG__170,CLEAR Dầu Gội Bạc Hà Mát Lạnh Trắng 170g,Chai,Tổng,8.0,,0.0,,2.0,,6.0,,1665,1,f657cb08-883d-4a24-8f41-6b66abe5e6f0,,1,True,b98c9e71-8ef4-11f1-9b18-005056b2a5de,06__TGC__CLR__TRG__170,CLEAR Dầu Gội Bạc Hà Mát Lạnh Trắng 170g,Chăm Sóc Tóc,CLEAR,,,a38f9189-ad87-11ef-a35e-005056b28600,
b8468f8e-8ef4-11f1-9b18-005056b2a5de,06__TGC__CLR__TRG__170,Kho Kệ,Chai,Kho Kệ,8.0,,0.0,,2.0,,6.0,,1666,0,f657cb08-883d-4a24-8f41-6b66abe5e6f0,f657cb08-883d-4a24-8f41-6b66abe5e6f0,2,False,b98c9f37-8ef4-11f1-9b18-005056b2a5de,06__TGC__CLR__TRG__170,CLEAR Dầu Gội Bạc Hà Mát Lạnh Trắng 170g,Chăm Sóc Tóc,CLEAR,,aca0e3b9-1e75-496e-84ff-e96c9084f53f,a38f9189-ad87-11ef-a35e-005056b28600,CÔNG TY TNHH THƯƠNG MẠI VÀ DỊCH VỤ MIRA GROUP
b8468f8e-8ef4-11f1-9b18-005056b2a5de,06__TGC__DOV__HOI__190,DOVE Dầu Gội Phục Hồi Hư Tổn 190g,Chai,Tổng,9.0,,0.0,,3.0,,6.0,,1667,1,fbf6fa4f-d0c0-4d7d-b57a-14c96bc00033,,1,True,b98ca001-8ef4-11f1-9b18-005056b2a5de,06__TGC__DOV__HOI__190,DOVE Dầu Gội Phục Hồi Hư Tổn 190g,Chăm Sóc Tóc,DOVE,,,a38f9189-ad87-11ef-a35e-005056b28600,
b8468f8e-8ef4-11f1-9b18-005056b2a5de,06__TGC__DOV__HOI__190,Kho Kệ,Chai,Kho Kệ,9.0,,0.0,,3.0,,6.0,,1668,0,fbf6fa4f-d0c0-4d7d-b57a-14c96bc00033,fbf6fa4f-d0c0-4d7d-b57a-14c96bc00033,2,False,b98ca0c6-8ef4-11f1-9b18-005056b2a5de,06__TGC__DOV__HOI__190,DOVE Dầu Gội Phục Hồi Hư Tổn 190g,Chăm Sóc Tóc,DOVE,,aca0e3b9-1e75-496e-84ff-e96c9084f53f,a38f9189-ad87-11ef-a35e-005056b28600,CÔNG TY TNHH THƯƠNG MẠI VÀ DỊCH VỤ MIRA GROUP
b8468f8e-8ef4-11f1-9b18-005056b2a5de,06__TGC__HNS__BHA__330,HEAD&SHOULDERS Dầu Gội Bạc Hà Mát Lạnh 330ml,Chai,Tổng,6.0,,0.0,,0.0,,6.0,,1669,1,be959c6b-bd50-4bf0-b012-23680cc74762,,1,True,b98ca1ba-8ef4-11f1-9b18-005056b2a5de,06__TGC__HNS__BHA__330,HEAD&SHOULDERS Dầu Gội Bạc Hà Mát Lạnh 330ml,Chăm Sóc Tóc,HEAD&SHOULDERS,,,a38f9189-ad87-11ef-a35e-005056b28600,
b8468f8e-8ef4-11f1-9b18-005056b2a5de,06__TGC__HNS__BHA__330,Kho Kệ,Chai,Kho Kệ,6.0,,0.0,,0.0,,6.0,,1670,0,be959c6b-bd50-4bf0-b012-23680cc74762,be959c6b-bd50-4bf0-b012-23680cc74762,2,False,b98ca283-8ef4-11f1-9b18-005056b2a5de,06__TGC__HNS__BHA__330,HEAD&SHOULDERS Dầu Gội Bạc Hà Mát Lạnh 330ml,Chăm Sóc Tóc,HEAD&SHOULDERS,,aca0e3b9-1e75-496e-84ff-e96c9084f53f,a38f9189-ad87-11ef-a35e-005056b28600,CÔNG TY TNHH THƯƠNG MẠI VÀ DỊCH VỤ MIRA GROUP
b8468f8e-8ef4-11f1-9b18-005056b2a5de,06__TGC__LBY__DTC__170,LIFEBUOY Dầu Gội Dưỡng Tóc Óng Ả 170g,Chai,Tổng,7.0,,0.0,,2.0,,5.0,,1671,1,3125ef08-96b6-452a-aaeb-7bac04c51f6d,,1,True,b98ca351-8ef4-11f1-9b18-005056b2a5de,06__TGC__LBY__DTC__170,LIFEBUOY Dầu Gội Dưỡng Tóc Óng Ả 170g,Chăm Sóc Tóc,LIFEBUOY,,,a38f9189-ad87-11ef-a35e-005056b28600,
b8468f8e-8ef4-11f1-9b18-005056b2a5de,06__TGC__LBY__DTC__170,Kho Kệ,Chai,Kho Kệ,7.0,,0.0,,2.0,,5.0,,1672,0,3125ef08-96b6-452a-aaeb-7bac04c51f6d,3125ef08-96b6-452a-aaeb-7bac04c51f6d,2,False,b98ca50f-8ef4-11f1-9b18-005056b2a5de,06__TGC__LBY__DTC__170,LIFEBUOY Dầu Gội Dưỡng Tóc Óng Ả 170g,Chăm Sóc Tóc,LIFEBUOY,,aca0e3b9-1e75-496e-84ff-e96c9084f53f,a38f9189-ad87-11ef-a35e-005056b28600,CÔNG TY TNHH THƯƠNG MẠI VÀ DỊCH VỤ MIRA GROUP
b8468f8e-8ef4-11f1-9b18-005056b2a5de,06__TGC__PAN__RTC__300,PANTENE Dầu Gội Ngăn Rụng Tóc 300ml,Chai,Tổng,5.0,,0.0,,1.0,,4.0,,1673,1,9c4bbb62-8e02-4a76-aa8c-b97dd5f39c1c,,1,True,b98ca633-8ef4-11f1-9b18-005056b2a5de,06__TGC__PAN__RTC__300,PANTENE Dầu Gội Ngăn Rụng Tóc 300ml,Chăm Sóc Tóc,PANTENE,,,a38f9189-ad87-11ef-a35e-005056b28600,
b8468f8e-8ef4-11f1-9b18-005056b2a5de,06__TGC__PAN__RTC__300,Kho Kệ,Chai,Kho Kệ,5.0,,0.0,,1.0,,4.0,,1674,0,9c4bbb62-8e02-4a76-aa8c-b97dd5f39c1c,9c4bbb62-8e02-4a76-aa8c-b97dd5f39c1c,2,False,b98ca727-8ef4-11f1-9b18-005056b2a5de,06__TGC__PAN__RTC__300,PANTENE Dầu Gội Ngăn Rụng Tóc 300ml,Chăm Sóc Tóc,PANTENE,,aca0e3b9-1e75-496e-84ff-e96c9084f53f,a38f9189-ad87-11ef-a35e-005056b28600,CÔNG TY TNHH THƯƠNG MẠI VÀ DỊCH VỤ MIRA GROUP
b8468f8e-8ef4-11f1-9b18-005056b2a5de,06__TGC__RMO__XLA__180,ROMANO Dầu Gội Classic Xanh Lá 180g,Chai,Tổng,4.0,,0.0,,0.0,,4.0,,1675,1,1cce36c7-71e1-4b8f-96c1-e21d2746f0f2,,1,True,b98ca7f3-8ef4-11f1-9b18-005056b2a5de,06__TGC__RMO__XLA__180,ROMANO Dầu Gội Classic Xanh Lá 180g,Chăm Sóc Tóc,ROMANO,,,a38f9189-ad87-11ef-a35e-005056b28600,
b8468f8e-8ef4-11f1-9b18-005056b2a5de,06__TGC__RMO__XLA__180,Kho Kệ,Chai,Kho Kệ,4.0,,0.0,,0.0,,4.0,,1676,0,1cce36c7-71e1-4b8f-96c1-e21d2746f0f2,1cce36c7-71e1-4b8f-96c1-e21d2746f0f2,2,False,b98ca8b8-8ef4-11f1-9b18-005056b2a5de,06__TGC__RMO__XLA__180,ROMANO Dầu Gội Classic Xanh Lá 180g,Chăm Sóc Tóc,ROMANO,,aca0e3b9-1e75-496e-84ff-e96c9084f53f,a38f9189-ad87-11ef-a35e-005056b28600,CÔNG TY TNHH THƯƠNG MẠI VÀ DỊCH VỤ MIRA GROUP
b8468f8e-8ef4-11f1-9b18-005056b2a5de,06__TGC__SUN__OMT__170,SUNSILK Dầu Gội Óng Mượt Rạng Ngời Đen 170g,Chai,Tổng,7.0,,0.0,,2.0,,5.0,,1677,1,8badef39-0eea-4fba-bc78-b4abce673700,,1,True,b98ca980-8ef4-11f1-9b18-005056b2a5de,06__TGC__SUN__OMT__170,SUNSILK Dầu Gội Óng Mượt Rạng Ngời Đen 170g,Chăm Sóc Tóc,SUNSILK,,,a38f9189-ad87-11ef-a35e-005056b28600,
b8468f8e-8ef4-11f1-9b18-005056b2a5de,06__TGC__SUN__OMT__170,Kho Kệ,Chai,Kho Kệ,7.0,,0.0,,2.0,,5.0,,1678,0,8badef39-0eea-4fba-bc78-b4abce673700,8badef39-0eea-4fba-bc78-b4abce673700,2,False,b98caa49-8ef4-11f1-9b18-005056b2a5de,06__TGC__SUN__OMT__170,SUNSILK Dầu Gội Óng Mượt Rạng Ngời Đen 170g,Chăm Sóc Tóc,SUNSILK,,aca0e3b9-1e75-496e-84ff-e96c9084f53f,a38f9189-ad87-11ef-a35e-005056b28600,CÔNG TY TNHH THƯƠNG MẠI VÀ DỊCH VỤ MIRA GROUP
b8468f8e-8ef4-11f1-9b18-005056b2a5de,06__TGC__XMN__2IN1__180,XMEN Dầu Tắm Gội 2in1 Nước Hoa Wood 180g,Chai,Tổng,8.0,,0.0,,0.0,,8.0,,1679,1,9dba2a11-5aba-44cd-9613-4d4b50dd07c9,,1,True,b98cab11-8ef4-11f1-9b18-005056b2a5de,06__TGC__XMN__2IN1__180,XMEN Dầu Tắm Gội 2in1 Nước Hoa Wood 180g,Chăm Sóc Tóc,XMEN,,,a38f9189-ad87-11ef-a35e-005056b28600,
b8468f8e-8ef4-11f1-9b18-005056b2a5de,06__TGC__XMN__2IN1__180,Kho Kệ,Chai,Kho Kệ,8.0,,0.0,,0.0,,8.0,,1680,0,9dba2a11-5aba-44cd-9613-4d4b50dd07c9,9dba2a11-5aba-44cd-9613-4d4b50dd07c9,2,False,b98cabdc-8ef4-11f1-9b18-005056b2a5de,06__TGC__XMN__2IN1__180,XMEN Dầu Tắm Gội 2in1 Nước Hoa Wood 180g,Chăm Sóc Tóc,XMEN,,aca0e3b9-1e75-496e-84ff-e96c9084f53f,a38f9189-ad87-11ef-a35e-005056b28600,CÔNG TY TNHH THƯƠNG MẠI VÀ DỊCH VỤ MIRA GROUP
b8468f8e-8ef4-11f1-9b18-005056b2a5de,06__TGC__XMN__BOS__180,XMEN For Boss Dầu Gội Nước Hoa Intense 180g,Chai,Tổng,3.0,,0.0,,1.0,,2.0,,1681,1,e56f3b86-fb48-4bc5-bd32-6e389838d9fe,,1,True,b98caca8-8ef4-11f1-9b18-005056b2a5de,06__TGC__XMN__BOS__180,XMEN For Boss Dầu Gội Nước Hoa Intense 180g,Chăm Sóc Tóc,XMEN,,,a38f9189-ad87-11ef-a35e-005056b28600,
b8468f8e-8ef4-11f1-9b18-005056b2a5de,06__TGC__XMN__BOS__180,Kho Kệ,Chai,Kho Kệ,3.0,,0.0,,1.0,,2.0,,1682,0,e56f3b86-fb48-4bc5-bd32-6e389838d9fe,e56f3b86-fb48-4bc5-bd32-6e389838d9fe,2,False,b98cad6e-8ef4-11f1-9b18-005056b2a5de,06__TGC__XMN__BOS__180,XMEN For Boss Dầu Gội Nước Hoa Intense 180g,Chăm Sóc Tóc,XMEN,,aca0e3b9-1e75-496e-84ff-e96c9084f53f,a38f9189-ad87-11ef-a35e-005056b28600,CÔNG TY TNHH THƯƠNG MẠI VÀ DỊCH VỤ MIRA GROUP
b8468f8e-8ef4-11f1-9b18-005056b2a5de,06__TGC__XMN__FIR__180,XMEN Dầu Gội Nước Hoa FIRE 180g,Chai,Tổng,7.0,,0.0,,0.0,,7.0,,1683,1,b9b4d486-c0be-4bbb-919d-7b8b2b2ace7d,,1,True,b98cae3d-8ef4-11f1-9b18-005056b2a5de,06__TGC__XMN__FIR__180,XMEN Dầu Gội Nước Hoa FIRE 180g,Chăm Sóc Tóc,XMEN,,,a38f9189-ad87-11ef-a35e-005056b28600,
b8468f8e-8ef4-11f1-9b18-005056b2a5de,06__TGC__XMN__FIR__180,Kho Kệ,Chai,Kho Kệ,7.0,,0.0,,0.0,,7.0,,1684,0,b9b4d486-c0be-4bbb-919d-7b8b2b2ace7d,b9b4d486-c0be-4bbb-919d-7b8b2b2ace7d,2,False,b98caefe-8ef4-11f1-9b18-005056b2a5de,06__TGC__XMN__FIR__180,XMEN Dầu Gội Nước Hoa FIRE 180g,Chăm Sóc Tóc,XMEN,,aca0e3b9-1e75-496e-84ff-e96c9084f53f,a38f9189-ad87-11ef-a35e-005056b28600,CÔNG TY TNHH THƯƠNG MẠI VÀ DỊCH VỤ MIRA GROUP
b8468f8e-8ef4-11f1-9b18-005056b2a5de,06__TGC__XMN__FIR__380,XMEN Dầu Gội Nước Hoa Fire 380g,Chai,Tổng,4.0,,0.0,,0.0,,4.0,,1685,1,8a221d6d-154d-4745-9b3c-a61e31e6dd27,,1,True,b98cafc7-8ef4-11f1-9b18-005056b2a5de,06__TGC__XMN__FIR__380,XMEN Dầu Gội Nước Hoa Fire 380g,Chăm Sóc Tóc,XMEN,,,a38f9189-ad87-11ef-a35e-005056b28600,
b8468f8e-8ef4-11f1-9b18-005056b2a5de,06__TGC__XMN__FIR__380,Kho Kệ,Chai,Kho Kệ,4.0,,0.0,,0.0,,4.0,,1686,0,8a221d6d-154d-4745-9b3c-a61e31e6dd27,8a221d6d-154d-4745-9b3c-a61e31e6dd27,2,False,b98cb085-8ef4-11f1-9b18-005056b2a5de,06__TGC__XMN__FIR__380,XMEN Dầu Gội Nước Hoa Fire 380g,Chăm Sóc Tóc,XMEN,,aca0e3b9-1e75-496e-84ff-e96c9084f53f,a38f9189-ad87-11ef-a35e-005056b28600,CÔNG TY TNHH THƯƠNG MẠI VÀ DỊCH VỤ MIRA GROUP
b8468f8e-8ef4-11f1-9b18-005056b2a5de,06__TGC__XMN__MET__180,XMEN Dầu Gội Nước Hoa Metal 180g,Chai,Tổng,5.0,,0.0,,0.0,,5.0,,1687,1,3133f912-c775-40c5-b3ae-46c3da07ad82,,1,True,b98cb2ef-8ef4-11f1-9b18-005056b2a5de,06__TGC__XMN__MET__180,XMEN Dầu Gội Nước Hoa Metal 180g,Chăm Sóc Tóc,XMEN,,,a38f9189-ad87-11ef-a35e-005056b28600,
b8468f8e-8ef4-11f1-9b18-005056b2a5de,06__TGC__XMN__MET__180,Kho Kệ,Chai,Kho Kệ,5.0,,0.0,,0.0,,5.0,,1688,0,3133f912-c775-40c5-b3ae-46c3da07ad82,3133f912-c775-40c5-b3ae-46c3da07ad82,2,False,b98cb3ce-8ef4-11f1-9b18-005056b2a5de,06__TGC__XMN__MET__180,XMEN Dầu Gội Nước Hoa Metal 180g,Chăm Sóc Tóc,XMEN,,aca0e3b9-1e75-496e-84ff-e96c9084f53f,a38f9189-ad87-11ef-a35e-005056b28600,CÔNG TY TNHH THƯƠNG MẠI VÀ DỊCH VỤ MIRA GROUP
b8468f8e-8ef4-11f1-9b18-005056b2a5de,06__TGC__XMN__WOD__180,XMEN Dầu Gội Nước Hoa Wood 180g,Chai,Tổng,7.0,,0.0,,0.0,,7.0,,1689,1,a02fdead-8ae4-4c3b-85e7-f0ccbf462c7f,,1,True,b98cb4a2-8ef4-11f1-9b18-005056b2a5de,06__TGC__XMN__WOD__180,XMEN Dầu Gội Nước Hoa Wood 180g,Chăm Sóc Tóc,XMEN,,,a38f9189-ad87-11ef-a35e-005056b28600,
b8468f8e-8ef4-11f1-9b18-005056b2a5de,06__TGC__XMN__WOD__180,Kho Kệ,Chai,Kho Kệ,7.0,,0.0,,0.0,,7.0,,1690,0,a02fdead-8ae4-4c3b-85e7-f0ccbf462c7f,a02fdead-8ae4-4c3b-85e7-f0ccbf462c7f,2,False,b98cb560-8ef4-11f1-9b18-005056b2a5de,06__TGC__XMN__WOD__180,XMEN Dầu Gội Nước Hoa Wood 180g,Chăm Sóc Tóc,XMEN,,aca0e3b9-1e75-496e-84ff-e96c9084f53f,a38f9189-ad87-11ef-a35e-005056b28600,CÔNG TY TNHH THƯƠNG MẠI VÀ DỊCH VỤ MIRA GROUP
b8468f8e-8ef4-11f1-9b18-005056b2a5de,06__TGC__XMN__WOD__380,XMEN Dầu Gội Nước Hoa Wood 380g,Chai,Tổng,7.0,,0.0,,0.0,,7.0,,1691,1,12227902-b77a-40af-a50a-c8ee8ebdfce6,,1,True,b98cb632-8ef4-11f1-9b18-005056b2a5de,06__TGC__XMN__WOD__380,XMEN Dầu Gội Nước Hoa Wood 380g,Chăm Sóc Tóc,XMEN,,,a38f9189-ad87-11ef-a35e-005056b28600,
b8468f8e-8ef4-11f1-9b18-005056b2a5de,06__TGC__XMN__WOD__380,Kho Kệ,Chai,Kho Kệ,7.0,,0.0,,0.0,,7.0,,1692,0,12227902-b77a-40af-a50a-c8ee8ebdfce6,12227902-b77a-40af-a50a-c8ee8ebdfce6,2,False,b98cb6f3-8ef4-11f1-9b18-005056b2a5de,06__TGC__XMN__WOD__380,XMEN Dầu Gội Nước Hoa Wood 380g,Chăm Sóc Tóc,XMEN,,aca0e3b9-1e75-496e-84ff-e96c9084f53f,a38f9189-ad87-11ef-a35e-005056b28600,CÔNG TY TNHH THƯƠNG MẠI VÀ DỊCH VỤ MIRA GROUP
b8468f8e-8ef4-11f1-9b18-005056b2a5de,06__TTG__RMO__DDO__650,ROMANO Tắm Gội 2in1 Attitude Đỏ 650g,Chai,Tổng,4.0,,0.0,,0.0,,4.0,,1693,1,a0bee1ee-5fda-4e55-8eb9-6915697e55f0,,1,True,b98cb7bb-8ef4-11f1-9b18-005056b2a5de,06__TTG__RMO__DDO__650,ROMANO Tắm Gội 2in1 Attitude Đỏ 650g,Chăm Sóc Tóc,ROMANO,,,a38f9189-ad87-11ef-a35e-005056b28600,
b8468f8e-8ef4-11f1-9b18-005056b2a5de,06__TTG__RMO__DDO__650,Kho Kệ,Chai,Kho Kệ,4.0,,0.0,,0.0,,4.0,,1694,0,a0bee1ee-5fda-4e55-8eb9-6915697e55f0,a0bee1ee-5fda-4e55-8eb9-6915697e55f0,2,False,b98cb87e-8ef4-11f1-9b18-005056b2a5de,06__TTG__RMO__DDO__650,ROMANO Tắm Gội 2in1 Attitude Đỏ 650g,Chăm Sóc Tóc,ROMANO,,aca0e3b9-1e75-496e-84ff-e96c9084f53f,a38f9189-ad87-11ef-a35e-005056b28600,CÔNG TY TNHH THƯƠNG MẠI VÀ DỊCH VỤ MIRA GROUP
b8468f8e-8ef4-11f1-9b18-005056b2a5de,06__TTG__RMO__XLA__180,ROMANO Tắm Gội 2in1 Classic Xanh Lá 180g,Chai,Tổng,8.0,,0.0,,0.0,,8.0,,1695,1,9196fd84-0f76-485c-8e81-2f63e3a94063,,1,True,b98cba8d-8ef4-11f1-9b18-005056b2a5de,06__TTG__RMO__XLA__180,ROMANO Tắm Gội 2in1 Classic Xanh Lá 180g,Chăm Sóc Tóc,ROMANO,,,a38f9189-ad87-11ef-a35e-005056b28600,
b8468f8e-8ef4-11f1-9b18-005056b2a5de,06__TTG__RMO__XLA__180,Kho Kệ,Chai,Kho Kệ,8.0,,0.0,,0.0,,8.0,,1696,0,9196fd84-0f76-485c-8e81-2f63e3a94063,9196fd84-0f76-485c-8e81-2f63e3a94063,2,False,b98cbb7d-8ef4-11f1-9b18-005056b2a5de,06__TTG__RMO__XLA__180,ROMANO Tắm Gội 2in1 Classic Xanh Lá 180g,Chăm Sóc Tóc,ROMANO,,aca0e3b9-1e75-496e-84ff-e96c9084f53f,a38f9189-ad87-11ef-a35e-005056b28600,CÔNG TY TNHH THƯƠNG MẠI VÀ DỊCH VỤ MIRA GROUP
b8468f8e-8ef4-11f1-9b18-005056b2a5de,06__TTG__RMO__XLA__650,ROMANO Tắm Gội 2in1 Classic Xanh Lá 650g,Chai,Tổng,1.0,,0.0,,0.0,,1.0,,1697,1,8fdac043-3e1e-4c01-8788-12398f5af073,,1,True,b98cbc4c-8ef4-11f1-9b18-005056b2a5de,06__TTG__RMO__XLA__650,ROMANO Tắm Gội 2in1 Classic Xanh Lá 650g,Chăm Sóc Tóc,ROMANO,,,a38f9189-ad87-11ef-a35e-005056b28600,
b8468f8e-8ef4-11f1-9b18-005056b2a5de,06__TTG__RMO__XLA__650,Kho Kệ,Chai,Kho Kệ,1.0,,0.0,,0.0,,1.0,,1698,0,8fdac043-3e1e-4c01-8788-12398f5af073,8fdac043-3e1e-4c01-8788-12398f5af073,2,False,b98cbd10-8ef4-11f1-9b18-005056b2a5de,06__TTG__RMO__XLA__650,ROMANO Tắm Gội 2in1 Classic Xanh Lá 650g,Chăm Sóc Tóc,ROMANO,,aca0e3b9-1e75-496e-84ff-e96c9084f53f,a38f9189-ad87-11ef-a35e-005056b28600,CÔNG TY TNHH THƯƠNG MẠI VÀ DỊCH VỤ MIRA GROUP
b8468f8e-8ef4-11f1-9b18-005056b2a5de,06__TXC__DOV__HOI__170,DOVE Kem Xả Phục HồI Hư Tổn 170g,Chai,Tổng,5.0,,10.0,,6.0,,9.0,,1699,1,f27f0c22-1730-4197-81c8-728dedbdc17a,,1,True,b98cbddd-8ef4-11f1-9b18-005056b2a5de,06__TXC__DOV__HOI__170,DOVE Kem Xả Phục HồI Hư Tổn 170g,Chăm Sóc Tóc,DOVE,,,a38f9189-ad87-11ef-a35e-005056b28600,
b8468f8e-8ef4-11f1-9b18-005056b2a5de,06__TXC__DOV__HOI__170,Kho Kệ,Chai,Kho Kệ,5.0,,10.0,,6.0,,9.0,,1700,0,f27f0c22-1730-4197-81c8-728dedbdc17a,f27f0c22-1730-4197-81c8-728dedbdc17a,2,False,b98cbea7-8ef4-11f1-9b18-005056b2a5de,06__TXC__DOV__HOI__170,DOVE Kem Xả Phục HồI Hư Tổn 170g,Chăm Sóc Tóc,DOVE,,aca0e3b9-1e75-496e-84ff-e96c9084f53f,a38f9189-ad87-11ef-a35e-005056b28600,CÔNG TY TNHH THƯƠNG MẠI VÀ DỊCH VỤ MIRA GROUP
b8468f8e-8ef4-11f1-9b18-005056b2a5de,06__TXC__PAN__KER__300,PANTENE Kem Xả Mềm Tóc Miracles Keratin 300ml,Chai,Tổng,3.0,,5.0,,1.0,,7.0,,1701,1,fe28ef9e-141d-4a9f-ad18-91bb944bf621,,1,True,b98cbf6d-8ef4-11f1-9b18-005056b2a5de,06__TXC__PAN__KER__300,PANTENE Kem Xả Mềm Tóc Miracles Keratin 300ml,Chăm Sóc Tóc,PANTENE,,,a38f9189-ad87-11ef-a35e-005056b28600,
b8468f8e-8ef4-11f1-9b18-005056b2a5de,06__TXC__PAN__KER__300,Kho Kệ,Chai,Kho Kệ,3.0,,5.0,,1.0,,7.0,,1702,0,fe28ef9e-141d-4a9f-ad18-91bb944bf621,fe28ef9e-141d-4a9f-ad18-91bb944bf621,2,False,b98cc027-8ef4-11f1-9b18-005056b2a5de,06__TXC__PAN__KER__300,PANTENE Kem Xả Mềm Tóc Miracles Keratin 300ml,Chăm Sóc Tóc,PANTENE,,aca0e3b9-1e75-496e-84ff-e96c9084f53f,a38f9189-ad87-11ef-a35e-005056b28600,CÔNG TY TNHH THƯƠNG MẠI VÀ DỊCH VỤ MIRA GROUP
b8468f8e-8ef4-11f1-9b18-005056b2a5de,06__TXC__PAN__RTC__300,PANTENE Dầu Xả Ngăn Rụng Tóc 300ml,Chai,Tổng,7.0,,0.0,,1.0,,6.0,,1703,1,e16cc539-c60f-4188-a690-314abb77c622,,1,True,b98cc0fa-8ef4-11f1-9b18-005056b2a5de,06__TXC__PAN__RTC__300,PANTENE Dầu Xả Ngăn Rụng Tóc 300ml,Chăm Sóc Tóc,PANTENE,,,a38f9189-ad87-11ef-a35e-005056b28600,
b8468f8e-8ef4-11f1-9b18-005056b2a5de,06__TXC__PAN__RTC__300,Kho Kệ,Chai,Kho Kệ,7.0,,0.0,,1.0,,6.0,,1704,0,e16cc539-c60f-4188-a690-314abb77c622,e16cc539-c60f-4188-a690-314abb77c622,2,False,b98cc1c0-8ef4-11f1-9b18-005056b2a5de,06__TXC__PAN__RTC__300,PANTENE Dầu Xả Ngăn Rụng Tóc 300ml,Chăm Sóc Tóc,PANTENE,,aca0e3b9-1e75-496e-84ff-e96c9084f53f,a38f9189-ad87-11ef-a35e-005056b28600,CÔNG TY TNHH THƯƠNG MẠI VÀ DỊCH VỤ MIRA GROUP
b8468f8e-8ef4-11f1-9b18-005056b2a5de,06__VSB__DIA__FRE__20,DIANA Băng Vệ Sinh HN Cool Fresh 20,Bịch,Tổng,14.0,,0.0,,7.0,,7.0,,1705,1,c9585f6c-5b10-4106-b7bb-7f8e39e09dc5,,1,True,b98cc2a7-8ef4-11f1-9b18-005056b2a5de,06__VSB__DIA__FRE__20,DIANA Băng Vệ Sinh HN Cool Fresh 20,Chăm Sóc Vệ Sinh Cá Nhân,DIANA,,,a38f9189-ad87-11ef-a35e-005056b28600,
b8468f8e-8ef4-11f1-9b18-005056b2a5de,06__VSB__DIA__FRE__20,Kho Kệ,Bịch,Kho Kệ,14.0,,0.0,,7.0,,7.0,,1706,0,c9585f6c-5b10-4106-b7bb-7f8e39e09dc5,c9585f6c-5b10-4106-b7bb-7f8e39e09dc5,2,False,b98cc44a-8ef4-11f1-9b18-005056b2a5de,06__VSB__DIA__FRE__20,DIANA Băng Vệ Sinh HN Cool Fresh 20,Chăm Sóc Vệ Sinh Cá Nhân,DIANA,,aca0e3b9-1e75-496e-84ff-e96c9084f53f,a38f9189-ad87-11ef-a35e-005056b28600,CÔNG TY TNHH THƯƠNG MẠI VÀ DỊCH VỤ MIRA GROUP
b8468f8e-8ef4-11f1-9b18-005056b2a5de,06__VSB__DIA__MOV__8M,DIANA BVS Hàng Ngày Kháng Khuẩn Mỏng Vừa 8M,Bịch,Tổng,11.0,,12.0,,6.0,,17.0,,1707,1,a1c7093f-8a38-4ee0-95db-561f724befcb,,1,True,b98cc514-8ef4-11f1-9b18-005056b2a5de,06__VSB__DIA__MOV__8M,DIANA BVS Hàng Ngày Kháng Khuẩn Mỏng Vừa 8M,Chăm Sóc Vệ Sinh Cá Nhân,DIANA,,,a38f9189-ad87-11ef-a35e-005056b28600,
b8468f8e-8ef4-11f1-9b18-005056b2a5de,06__VSB__DIA__MOV__8M,Kho Kệ,Bịch,Kho Kệ,11.0,,12.0,,6.0,,17.0,,1708,0,a1c7093f-8a38-4ee0-95db-561f724befcb,a1c7093f-8a38-4ee0-95db-561f724befcb,2,False,b98cc5d2-8ef4-11f1-9b18-005056b2a5de,06__VSB__DIA__MOV__8M,DIANA BVS Hàng Ngày Kháng Khuẩn Mỏng Vừa 8M,Chăm Sóc Vệ Sinh Cá Nhân,DIANA,,aca0e3b9-1e75-496e-84ff-e96c9084f53f,a38f9189-ad87-11ef-a35e-005056b28600,CÔNG TY TNHH THƯƠNG MẠI VÀ DỊCH VỤ MIRA GROUP
b8468f8e-8ef4-11f1-9b18-005056b2a5de,06__VSB__DIA__SCF__238,DIANA Băng Vệ Sinh Sensi Cool Fresh SMC 23cm x 8 Miếng,Bịch,Tổng,16.0,,18.0,,13.0,,21.0,,1709,1,2f4a095b-ac45-4224-8631-daf83b683ec1,,1,True,b98cc6a7-8ef4-11f1-9b18-005056b2a5de,06__VSB__DIA__SCF__238,DIANA Băng Vệ Sinh Sensi Cool Fresh SMC 23cm x 8 Miếng,Chăm Sóc Vệ Sinh Cá Nhân,DIANA,,,a38f9189-ad87-11ef-a35e-005056b28600,
b8468f8e-8ef4-11f1-9b18-005056b2a5de,06__VSB__DIA__SCF__238,Kho Kệ,Bịch,Kho Kệ,16.0,,18.0,,13.0,,21.0,,1710,0,2f4a095b-ac45-4224-8631-daf83b683ec1,2f4a095b-ac45-4224-8631-daf83b683ec1,2,False,b98cc76b-8ef4-11f1-9b18-005056b2a5de,06__VSB__DIA__SCF__238,DIANA Băng Vệ Sinh Sensi Cool Fresh SMC 23cm x 8 Miếng,Chăm Sóc Vệ Sinh Cá Nhân,DIANA,,aca0e3b9-1e75-496e-84ff-e96c9084f53f,a38f9189-ad87-11ef-a35e-005056b28600,CÔNG TY TNHH THƯƠNG MẠI VÀ DỊCH VỤ MIRA GROUP
b8468f8e-8ef4-11f1-9b18-005056b2a5de,06__VSB__DIA__SCS__353,DIANA Băng Vệ Sinh Sensi Cool Fresh Super Night 35cm x 3 Miếng,Bịch,Tổng,12.0,,12.0,,7.0,,17.0,,1711,1,e33ce395-8527-4147-9c88-91737cb9ec91,,1,True,b98cc839-8ef4-11f1-9b18-005056b2a5de,06__VSB__DIA__SCS__353,DIANA Băng Vệ Sinh Sensi Cool Fresh Super Night 35cm x 3 Miếng,Chăm Sóc Vệ Sinh Cá Nhân,DIANA,,,a38f9189-ad87-11ef-a35e-005056b28600,
b8468f8e-8ef4-11f1-9b18-005056b2a5de,06__VSB__DIA__SCS__353,Kho Kệ,Bịch,Kho Kệ,12.0,,12.0,,7.0,,17.0,,1712,0,e33ce395-8527-4147-9c88-91737cb9ec91,e33ce395-8527-4147-9c88-91737cb9ec91,2,False,b98cc902-8ef4-11f1-9b18-005056b2a5de,06__VSB__DIA__SCS__353,DIANA Băng Vệ Sinh Sensi Cool Fresh Super Night 35cm x 3 Miếng,Chăm Sóc Vệ Sinh Cá Nhân,DIANA,,aca0e3b9-1e75-496e-84ff-e96c9084f53f,a38f9189-ad87-11ef-a35e-005056b28600,CÔNG TY TNHH THƯƠNG MẠI VÀ DỊCH VỤ MIRA GROUP
b8468f8e-8ef4-11f1-9b18-005056b2a5de,06__VSB__DIA__SEN__20,DIANA Băng Vệ Sinh Sensi Khô Thoáng 20 Miếng,Bịch,Tổng,7.0,,0.0,,1.0,,6.0,,1713,1,3c1cf0b5-99b4-4cbb-b20f-7d698bf8f807,,1,True,b98cc9d3-8ef4-11f1-9b18-005056b2a5de,06__VSB__DIA__SEN__20,DIANA Băng Vệ Sinh Sensi Khô Thoáng 20 Miếng,Chăm Sóc Vệ Sinh Cá Nhân,DIANA,,,a38f9189-ad87-11ef-a35e-005056b28600,
b8468f8e-8ef4-11f1-9b18-005056b2a5de,06__VSB__DIA__SEN__20,Kho Kệ,Bịch,Kho Kệ,7.0,,0.0,,1.0,,6.0,,1714,0,3c1cf0b5-99b4-4cbb-b20f-7d698bf8f807,3c1cf0b5-99b4-4cbb-b20f-7d698bf8f807,2,False,b98cca92-8ef4-11f1-9b18-005056b2a5de,06__VSB__DIA__SEN__20,DIANA Băng Vệ Sinh Sensi Khô Thoáng 20 Miếng,Chăm Sóc Vệ Sinh Cá Nhân,DIANA,,aca0e3b9-1e75-496e-84ff-e96c9084f53f,a38f9189-ad87-11ef-a35e-005056b28600,CÔNG TY TNHH THƯƠNG MẠI VÀ DỊCH VỤ MIRA GROUP
b8468f8e-8ef4-11f1-9b18-005056b2a5de,06__VSB__DIA__SEN__81,DIANA BVS Sensi Cool Fresh SMC (8+1),Bịch,Tổng,2.0,,0.0,,1.0,,1.0,,1715,1,421abb60-cd9c-4560-a505-becc3920ac04,,1,True,b98ccb55-8ef4-11f1-9b18-005056b2a5de,06__VSB__DIA__SEN__81,DIANA BVS Sensi Cool Fresh SMC (8+1),Chăm Sóc Vệ Sinh Cá Nhân,DIANA,,,a38f9189-ad87-11ef-a35e-005056b28600,
b8468f8e-8ef4-11f1-9b18-005056b2a5de,06__VSB__DIA__SEN__81,Kho Kệ,Bịch,Kho Kệ,2.0,,0.0,,1.0,,1.0,,1716,0,421abb60-cd9c-4560-a505-becc3920ac04,421abb60-cd9c-4560-a505-becc3920ac04,2,False,b98ccc0f-8ef4-11f1-9b18-005056b2a5de,06__VSB__DIA__SEN__81,DIANA BVS Sensi Cool Fresh SMC (8+1),Chăm Sóc Vệ Sinh Cá Nhân,DIANA,,aca0e3b9-1e75-496e-84ff-e96c9084f53f,a38f9189-ad87-11ef-a35e-005056b28600,CÔNG TY TNHH THƯƠNG MẠI VÀ DỊCH VỤ MIRA GROUP
b8468f8e-8ef4-11f1-9b18-005056b2a5de,06__VSB__DIA__SHN__15520,DIANA Băng Vệ Sinh Sensi HN KK 155mm 20 Miếng,Bịch,Tổng,14.0,,0.0,,1.0,,13.0,,1717,1,53de7713-d50f-498f-b5d8-3b26a1c896c1,,1,True,b98cccd3-8ef4-11f1-9b18-005056b2a5de,06__VSB__DIA__SHN__15520,DIANA Băng Vệ Sinh Sensi HN KK 155mm 20 Miếng,Chăm Sóc Vệ Sinh Cá Nhân,DIANA,,,a38f9189-ad87-11ef-a35e-005056b28600,
b8468f8e-8ef4-11f1-9b18-005056b2a5de,06__VSB__DIA__SHN__15520,Kho Kệ,Bịch,Kho Kệ,14.0,,0.0,,1.0,,13.0,,1718,0,53de7713-d50f-498f-b5d8-3b26a1c896c1,53de7713-d50f-498f-b5d8-3b26a1c896c1,2,False,b98ccd8e-8ef4-11f1-9b18-005056b2a5de,06__VSB__DIA__SHN__15520,DIANA Băng Vệ Sinh Sensi HN KK 155mm 20 Miếng,Chăm Sóc Vệ Sinh Cá Nhân,DIANA,,aca0e3b9-1e75-496e-84ff-e96c9084f53f,a38f9189-ad87-11ef-a35e-005056b28600,CÔNG TY TNHH THƯƠNG MẠI VÀ DỊCH VỤ MIRA GROUP
b8468f8e-8ef4-11f1-9b18-005056b2a5de,06__VSB__DIA__SMC__238,DIANA Băng Vệ Sinh Sensi SMC 23cm x 8 Miếng,Bịch,Tổng,9.0,,12.0,,9.0,,12.0,,1719,1,d6e4daa3-9930-477b-8786-4a87593cb112,,1,True,b98cce51-8ef4-11f1-9b18-005056b2a5de,06__VSB__DIA__SMC__238,DIANA Băng Vệ Sinh Sensi SMC 23cm x 8 Miếng,Chăm Sóc Vệ Sinh Cá Nhân,DIANA,,,a38f9189-ad87-11ef-a35e-005056b28600,
b8468f8e-8ef4-11f1-9b18-005056b2a5de,06__VSB__DIA__SMC__238,Kho Kệ,Bịch,Kho Kệ,9.0,,12.0,,9.0,,12.0,,1720,0,d6e4daa3-9930-477b-8786-4a87593cb112,d6e4daa3-9930-477b-8786-4a87593cb112,2,False,b98ccf0b-8ef4-11f1-9b18-005056b2a5de,06__VSB__DIA__SMC__238,DIANA Băng Vệ Sinh Sensi SMC 23cm x 8 Miếng,Chăm Sóc Vệ Sinh Cá Nhân,DIANA,,aca0e3b9-1e75-496e-84ff-e96c9084f53f,a38f9189-ad87-11ef-a35e-005056b28600,CÔNG TY TNHH THƯƠNG MẠI VÀ DỊCH VỤ MIRA GROUP
b8468f8e-8ef4-11f1-9b18-005056b2a5de,06__VSB__DIA__SNI__35,DIANA Băng Vệ Sinh Siêu Thấm Supernight 35cm (3+1),Bịch,Tổng,10.0,,12.0,,9.0,,13.0,,1721,1,b567bb59-7a9c-4143-be44-10dab3bf718b,,1,True,b98ccfd3-8ef4-11f1-9b18-005056b2a5de,06__VSB__DIA__SNI__35,DIANA Băng Vệ Sinh Siêu Thấm Supernight 35cm (3+1),Chăm Sóc Vệ Sinh Cá Nhân,DIANA,,,a38f9189-ad87-11ef-a35e-005056b28600,
b8468f8e-8ef4-11f1-9b18-005056b2a5de,06__VSB__DIA__SNI__35,Kho Kệ,Bịch,Kho Kệ,10.0,,12.0,,9.0,,13.0,,1722,0,b567bb59-7a9c-4143-be44-10dab3bf718b,b567bb59-7a9c-4143-be44-10dab3bf718b,2,False,b98cd0a7-8ef4-11f1-9b18-005056b2a5de,06__VSB__DIA__SNI__35,DIANA Băng Vệ Sinh Siêu Thấm Supernight 35cm (3+1),Chăm Sóc Vệ Sinh Cá Nhân,DIANA,,aca0e3b9-1e75-496e-84ff-e96c9084f53f,a38f9189-ad87-11ef-a35e-005056b28600,CÔNG TY TNHH THƯƠNG MẠI VÀ DỊCH VỤ MIRA GROUP
b8468f8e-8ef4-11f1-9b18-005056b2a5de,06__VSB__DIA__STH__8MT2,DIANA BVS Siêu Thấm 8 Miếng Tặng 2,Bịch,Tổng,11.0,,6.0,,11.0,,6.0,,1723,1,8184fb0c-2f67-41d1-ad99-ff68a83387d5,,1,True,b98cd17a-8ef4-11f1-9b18-005056b2a5de,06__VSB__DIA__STH__8MT2,DIANA BVS Siêu Thấm 8 Miếng Tặng 2,Chăm Sóc Vệ Sinh Cá Nhân,DIANA,,,a38f9189-ad87-11ef-a35e-005056b28600,
b8468f8e-8ef4-11f1-9b18-005056b2a5de,06__VSB__DIA__STH__8MT2,Kho Kệ,Bịch,Kho Kệ,11.0,,6.0,,11.0,,6.0,,1724,0,8184fb0c-2f67-41d1-ad99-ff68a83387d5,8184fb0c-2f67-41d1-ad99-ff68a83387d5,2,False,b98cd23f-8ef4-11f1-9b18-005056b2a5de,06__VSB__DIA__STH__8MT2,DIANA BVS Siêu Thấm 8 Miếng Tặng 2,Chăm Sóc Vệ Sinh Cá Nhân,DIANA,,aca0e3b9-1e75-496e-84ff-e96c9084f53f,a38f9189-ad87-11ef-a35e-005056b28600,CÔNG TY TNHH THƯƠNG MẠI VÀ DỊCH VỤ MIRA GROUP
b8468f8e-8ef4-11f1-9b18-005056b2a5de,06__VSB__DIA__STM__20,DIANA Băng Vệ Sinh Siêu Thấm 20 Miếng,Bịch,Tổng,5.0,,4.0,,1.0,,8.0,,1725,1,84d86eac-029d-4f11-a563-efb65c7619b7,,1,True,b98cd306-8ef4-11f1-9b18-005056b2a5de,06__VSB__DIA__STM__20,DIANA Băng Vệ Sinh Siêu Thấm 20 Miếng,Chăm Sóc Vệ Sinh Cá Nhân,DIANA,,,a38f9189-ad87-11ef-a35e-005056b28600,
b8468f8e-8ef4-11f1-9b18-005056b2a5de,06__VSB__DIA__STM__20,Kho Kệ,Bịch,Kho Kệ,5.0,,4.0,,1.0,,8.0,,1726,0,84d86eac-029d-4f11-a563-efb65c7619b7,84d86eac-029d-4f11-a563-efb65c7619b7,2,False,b98cd3c9-8ef4-11f1-9b18-005056b2a5de,06__VSB__DIA__STM__20,DIANA Băng Vệ Sinh Siêu Thấm 20 Miếng,Chăm Sóc Vệ Sinh Cá Nhân,DIANA,,aca0e3b9-1e75-496e-84ff-e96c9084f53f,a38f9189-ad87-11ef-a35e-005056b28600,CÔNG TY TNHH THƯƠNG MẠI VÀ DỊCH VỤ MIRA GROUP
b8468f8e-8ef4-11f1-9b18-005056b2a5de,06__VSB__KOT__BQU__ML2,KOTEX Băng Quần Cool Size M-L 2 Miếng,Bịch,Tổng,6.0,,0.0,,6.0,,0.0,,1727,1,71905717-7e9a-497f-8a6d-f50e20bbb145,,1,True,b98cd494-8ef4-11f1-9b18-005056b2a5de,06__VSB__KOT__BQU__ML2,KOTEX Băng Quần Cool Size M-L 2 Miếng,Chăm Sóc Vệ Sinh Cá Nhân,KOTEX,,,a38f9189-ad87-11ef-a35e-005056b28600,
b8468f8e-8ef4-11f1-9b18-005056b2a5de,06__VSB__KOT__BQU__ML2,Kho Kệ,Bịch,Kho Kệ,6.0,,0.0,,6.0,,0.0,,1728,0,71905717-7e9a-497f-8a6d-f50e20bbb145,71905717-7e9a-497f-8a6d-f50e20bbb145,2,False,b98cd551-8ef4-11f1-9b18-005056b2a5de,06__VSB__KOT__BQU__ML2,KOTEX Băng Quần Cool Size M-L 2 Miếng,Chăm Sóc Vệ Sinh Cá Nhân,KOTEX,,aca0e3b9-1e75-496e-84ff-e96c9084f53f,a38f9189-ad87-11ef-a35e-005056b28600,CÔNG TY TNHH THƯƠNG MẠI VÀ DỊCH VỤ MIRA GROUP
b8468f8e-8ef4-11f1-9b18-005056b2a5de,06__VSB__KOT__BVE__2320,KOTEX Bảo Vệ Toàn Diện 23cm 20 Miếng,Bịch,Tổng,10.0,,0.0,,0.0,,10.0,,1729,1,fdf8a2bd-5bdd-4a9d-8303-5e3feef5d443,,1,True,b98cd617-8ef4-11f1-9b18-005056b2a5de,06__VSB__KOT__BVE__2320,KOTEX Bảo Vệ Toàn Diện 23cm 20 Miếng,Chăm Sóc Vệ Sinh Cá Nhân,KOTEX,,,a38f9189-ad87-11ef-a35e-005056b28600,
b8468f8e-8ef4-11f1-9b18-005056b2a5de,06__VSB__KOT__BVE__2320,Kho Kệ,Bịch,Kho Kệ,10.0,,0.0,,0.0,,10.0,,1730,0,fdf8a2bd-5bdd-4a9d-8303-5e3feef5d443,fdf8a2bd-5bdd-4a9d-8303-5e3feef5d443,2,False,b98cd6d7-8ef4-11f1-9b18-005056b2a5de,06__VSB__KOT__BVE__2320,KOTEX Bảo Vệ Toàn Diện 23cm 20 Miếng,Chăm Sóc Vệ Sinh Cá Nhân,KOTEX,,aca0e3b9-1e75-496e-84ff-e96c9084f53f,a38f9189-ad87-11ef-a35e-005056b28600,CÔNG TY TNHH THƯƠNG MẠI VÀ DỊCH VỤ MIRA GROUP
b8468f8e-8ef4-11f1-9b18-005056b2a5de,06__VSB__KOT__BVE__238,KOTEX Bảo Vệ Toàn Diện 23cm 8 Miếng,Bịch,Tổng,23.0,,0.0,,4.0,,19.0,,1731,1,80807399-1a3e-4d03-b7ab-08b70341ef7b,,1,True,b98cd79a-8ef4-11f1-9b18-005056b2a5de,06__VSB__KOT__BVE__238,KOTEX Bảo Vệ Toàn Diện 23cm 8 Miếng,Chăm Sóc Vệ Sinh Cá Nhân,KOTEX,,,a38f9189-ad87-11ef-a35e-005056b28600,
b8468f8e-8ef4-11f1-9b18-005056b2a5de,06__VSB__KOT__BVE__238,Kho Kệ,Bịch,Kho Kệ,23.0,,0.0,,4.0,,19.0,,1732,0,80807399-1a3e-4d03-b7ab-08b70341ef7b,80807399-1a3e-4d03-b7ab-08b70341ef7b,2,False,b98cd855-8ef4-11f1-9b18-005056b2a5de,06__VSB__KOT__BVE__238,KOTEX Bảo Vệ Toàn Diện 23cm 8 Miếng,Chăm Sóc Vệ Sinh Cá Nhân,KOTEX,,aca0e3b9-1e75-496e-84ff-e96c9084f53f,a38f9189-ad87-11ef-a35e-005056b28600,CÔNG TY TNHH THƯƠNG MẠI VÀ DỊCH VỤ MIRA GROUP
b8468f8e-8ef4-11f1-9b18-005056b2a5de,06__VSB__KOT__DEM__2812,KOTEX Siêu Ban Đêm 28cm 12 Miếng,Bịch,Tổng,6.0,,0.0,,2.0,,4.0,,1733,1,fa144554-855e-47c5-9672-ed0a642cb049,,1,True,b98cd915-8ef4-11f1-9b18-005056b2a5de,06__VSB__KOT__DEM__2812,KOTEX Siêu Ban Đêm 28cm 12 Miếng,Chăm Sóc Vệ Sinh Cá Nhân,KOTEX,,,a38f9189-ad87-11ef-a35e-005056b28600,
b8468f8e-8ef4-11f1-9b18-005056b2a5de,06__VSB__KOT__DEM__2812,Kho Kệ,Bịch,Kho Kệ,6.0,,0.0,,2.0,,4.0,,1734,0,fa144554-855e-47c5-9672-ed0a642cb049,fa144554-855e-47c5-9672-ed0a642cb049,2,False,b98cd9ce-8ef4-11f1-9b18-005056b2a5de,06__VSB__KOT__DEM__2812,KOTEX Siêu Ban Đêm 28cm 12 Miếng,Chăm Sóc Vệ Sinh Cá Nhân,KOTEX,,aca0e3b9-1e75-496e-84ff-e96c9084f53f,a38f9189-ad87-11ef-a35e-005056b28600,CÔNG TY TNHH THƯƠNG MẠI VÀ DỊCH VỤ MIRA GROUP
b8468f8e-8ef4-11f1-9b18-005056b2a5de,06__VSB__KOT__DEM__284,KOTEX Siêu Ban Đêm 28cm 4 Miếng,Bịch,Tổng,10.0,,0.0,,5.0,,5.0,,1735,1,1a0769ca-9998-42b3-9cd4-34419a8a62de,,1,True,b98cdad0-8ef4-11f1-9b18-005056b2a5de,06__VSB__KOT__DEM__284,KOTEX Siêu Ban Đêm 28cm 4 Miếng,Chăm Sóc Vệ Sinh Cá Nhân,KOTEX,,,a38f9189-ad87-11ef-a35e-005056b28600,
b8468f8e-8ef4-11f1-9b18-005056b2a5de,06__VSB__KOT__DEM__284,Kho Kệ,Bịch,Kho Kệ,10.0,,0.0,,5.0,,5.0,,1736,0,1a0769ca-9998-42b3-9cd4-34419a8a62de,1a0769ca-9998-42b3-9cd4-34419a8a62de,2,False,b98cdb9c-8ef4-11f1-9b18-005056b2a5de,06__VSB__KOT__DEM__284,KOTEX Siêu Ban Đêm 28cm 4 Miếng,Chăm Sóc Vệ Sinh Cá Nhân,KOTEX,,aca0e3b9-1e75-496e-84ff-e96c9084f53f,a38f9189-ad87-11ef-a35e-005056b28600,CÔNG TY TNHH THƯƠNG MẠI VÀ DỊCH VỤ MIRA GROUP
b8468f8e-8ef4-11f1-9b18-005056b2a5de,06__VSB__KOT__DEM__353,KOTEX Siêu Ban Đêm 35cm 3 Miếng,Bịch,Tổng,7.0,,0.0,,2.0,,5.0,,1737,1,59099e7a-e12d-4858-aa3e-4193a924e8a6,,1,True,b98cdc68-8ef4-11f1-9b18-005056b2a5de,06__VSB__KOT__DEM__353,KOTEX Siêu Ban Đêm 35cm 3 Miếng,Chăm Sóc Vệ Sinh Cá Nhân,KOTEX,,,a38f9189-ad87-11ef-a35e-005056b28600,
b8468f8e-8ef4-11f1-9b18-005056b2a5de,06__VSB__KOT__DEM__353,Kho Kệ,Bịch,Kho Kệ,7.0,,0.0,,2.0,,5.0,,1738,0,59099e7a-e12d-4858-aa3e-4193a924e8a6,59099e7a-e12d-4858-aa3e-4193a924e8a6,2,False,b98cdd34-8ef4-11f1-9b18-005056b2a5de,06__VSB__KOT__DEM__353,KOTEX Siêu Ban Đêm 35cm 3 Miếng,Chăm Sóc Vệ Sinh Cá Nhân,KOTEX,,aca0e3b9-1e75-496e-84ff-e96c9084f53f,a38f9189-ad87-11ef-a35e-005056b28600,CÔNG TY TNHH THƯƠNG MẠI VÀ DỊCH VỤ MIRA GROUP
b8468f8e-8ef4-11f1-9b18-005056b2a5de,06__VSB__KOT__DEM__358,KOTEX Siêu Ban Đêm 35cm 8 Miếng,Bịch,Tổng,7.0,,0.0,,4.0,,3.0,,1739,1,e234949a-9baf-4e7a-b126-16e54d9fdf28,,1,True,b98cdea4-8ef4-11f1-9b18-005056b2a5de,06__VSB__KOT__DEM__358,KOTEX Siêu Ban Đêm 35cm 8 Miếng,Chăm Sóc Vệ Sinh Cá Nhân,KOTEX,,,a38f9189-ad87-11ef-a35e-005056b28600,
b8468f8e-8ef4-11f1-9b18-005056b2a5de,06__VSB__KOT__DEM__358,Kho Kệ,Bịch,Kho Kệ,7.0,,0.0,,4.0,,3.0,,1740,0,e234949a-9baf-4e7a-b126-16e54d9fdf28,e234949a-9baf-4e7a-b126-16e54d9fdf28,2,False,b98cdf7f-8ef4-11f1-9b18-005056b2a5de,06__VSB__KOT__DEM__358,KOTEX Siêu Ban Đêm 35cm 8 Miếng,Chăm Sóc Vệ Sinh Cá Nhân,KOTEX,,aca0e3b9-1e75-496e-84ff-e96c9084f53f,a38f9189-ad87-11ef-a35e-005056b28600,CÔNG TY TNHH THƯƠNG MẠI VÀ DỊCH VỤ MIRA GROUP
b8468f8e-8ef4-11f1-9b18-005056b2a5de,06__VSB__KOT__FRE__238,KOTEX Freedom 23Cm 8 Miếng,Bịch,Tổng,6.0,,0.0,,1.0,,5.0,,1741,1,687071cd-4d17-4e62-937e-fae27fc3596d,,1,True,b98ce04c-8ef4-11f1-9b18-005056b2a5de,06__VSB__KOT__FRE__238,KOTEX Freedom 23Cm 8 Miếng,Chăm Sóc Vệ Sinh Cá Nhân,KOTEX,,,a38f9189-ad87-11ef-a35e-005056b28600,
b8468f8e-8ef4-11f1-9b18-005056b2a5de,06__VSB__KOT__FRE__238,Kho Kệ,Bịch,Kho Kệ,6.0,,0.0,,1.0,,5.0,,1742,0,687071cd-4d17-4e62-937e-fae27fc3596d,687071cd-4d17-4e62-937e-fae27fc3596d,2,False,b98ce11d-8ef4-11f1-9b18-005056b2a5de,06__VSB__KOT__FRE__238,KOTEX Freedom 23Cm 8 Miếng,Chăm Sóc Vệ Sinh Cá Nhân,KOTEX,,aca0e3b9-1e75-496e-84ff-e96c9084f53f,a38f9189-ad87-11ef-a35e-005056b28600,CÔNG TY TNHH THƯƠNG MẠI VÀ DỊCH VỤ MIRA GROUP
b8468f8e-8ef4-11f1-9b18-005056b2a5de,06__VSB__KOT__LUX__238,KOTEX Luxe 23Cm 8 Miếng Mua1Tang1,Bịch,Tổng,8.0,,0.0,,0.0,,8.0,,1743,1,9d20b400-2bb3-4046-b1b9-1ab1028840b9,,1,True,b98ce1e4-8ef4-11f1-9b18-005056b2a5de,06__VSB__KOT__LUX__238,KOTEX Luxe 23Cm 8 Miếng Mua1Tang1,Chăm Sóc Vệ Sinh Cá Nhân,KOTEX,,,a38f9189-ad87-11ef-a35e-005056b28600,
b8468f8e-8ef4-11f1-9b18-005056b2a5de,06__VSB__KOT__LUX__238,Kho Kệ,Bịch,Kho Kệ,8.0,,0.0,,0.0,,8.0,,1744,0,9d20b400-2bb3-4046-b1b9-1ab1028840b9,9d20b400-2bb3-4046-b1b9-1ab1028840b9,2,False,b98ce2a6-8ef4-11f1-9b18-005056b2a5de,06__VSB__KOT__LUX__238,KOTEX Luxe 23Cm 8 Miếng Mua1Tang1,Chăm Sóc Vệ Sinh Cá Nhân,KOTEX,,aca0e3b9-1e75-496e-84ff-e96c9084f53f,a38f9189-ad87-11ef-a35e-005056b28600,CÔNG TY TNHH THƯƠNG MẠI VÀ DỊCH VỤ MIRA GROUP
b8468f8e-8ef4-11f1-9b18-005056b2a5de,06__VSB__KOT__MCL__1520,KOTEX Maxcool Spa 15cm 20 Miếng + 2,Bịch,Tổng,5.0,,0.0,,1.0,,4.0,,1745,1,14687b80-c6f4-45de-b310-65ae49a49ad3,,1,True,b98ce37d-8ef4-11f1-9b18-005056b2a5de,06__VSB__KOT__MCL__1520,KOTEX Maxcool Spa 15cm 20 Miếng + 2,Chăm Sóc Vệ Sinh Cá Nhân,KOTEX,,,a38f9189-ad87-11ef-a35e-005056b28600,
b8468f8e-8ef4-11f1-9b18-005056b2a5de,06__VSB__KOT__MCL__1520,Kho Kệ,Bịch,Kho Kệ,5.0,,0.0,,1.0,,4.0,,1746,0,14687b80-c6f4-45de-b310-65ae49a49ad3,14687b80-c6f4-45de-b310-65ae49a49ad3,2,False,b98ce4af-8ef4-11f1-9b18-005056b2a5de,06__VSB__KOT__MCL__1520,KOTEX Maxcool Spa 15cm 20 Miếng + 2,Chăm Sóc Vệ Sinh Cá Nhân,KOTEX,,aca0e3b9-1e75-496e-84ff-e96c9084f53f,a38f9189-ad87-11ef-a35e-005056b28600,CÔNG TY TNHH THƯƠNG MẠI VÀ DỊCH VỤ MIRA GROUP
b8468f8e-8ef4-11f1-9b18-005056b2a5de,06__VSB__KOT__MCL__2320,KOTEX Maxcool Spa 23cm 20 Miếng,Bịch,Tổng,20.0,,0.0,,2.0,,18.0,,1747,1,b1924998-bce6-4dbc-b3bb-4cc93f5908ac,,1,True,b98ce58a-8ef4-11f1-9b18-005056b2a5de,06__VSB__KOT__MCL__2320,KOTEX Maxcool Spa 23cm 20 Miếng,Chăm Sóc Vệ Sinh Cá Nhân,KOTEX,,,a38f9189-ad87-11ef-a35e-005056b28600,
b8468f8e-8ef4-11f1-9b18-005056b2a5de,06__VSB__KOT__MCL__2320,Kho Kệ,Bịch,Kho Kệ,20.0,,0.0,,2.0,,18.0,,1748,0,b1924998-bce6-4dbc-b3bb-4cc93f5908ac,b1924998-bce6-4dbc-b3bb-4cc93f5908ac,2,False,b98ce64c-8ef4-11f1-9b18-005056b2a5de,06__VSB__KOT__MCL__2320,KOTEX Maxcool Spa 23cm 20 Miếng,Chăm Sóc Vệ Sinh Cá Nhân,KOTEX,,aca0e3b9-1e75-496e-84ff-e96c9084f53f,a38f9189-ad87-11ef-a35e-005056b28600,CÔNG TY TNHH THƯƠNG MẠI VÀ DỊCH VỤ MIRA GROUP
b8468f8e-8ef4-11f1-9b18-005056b2a5de,06__VSB__KOT__MCL__238,KOTEX Maxcool Spa 23cm 8 Miếng +4,Bịch,Tổng,5.0,,0.0,,1.0,,4.0,,1749,1,232d95db-5bd9-4140-9a21-384e6231fb34,,1,True,b98ce70f-8ef4-11f1-9b18-005056b2a5de,06__VSB__KOT__MCL__238,KOTEX Maxcool Spa 23cm 8 Miếng +4,Chăm Sóc Vệ Sinh Cá Nhân,KOTEX,,,a38f9189-ad87-11ef-a35e-005056b28600,
b8468f8e-8ef4-11f1-9b18-005056b2a5de,06__VSB__KOT__MCL__238,Kho Kệ,Bịch,Kho Kệ,5.0,,0.0,,1.0,,4.0,,1750,0,232d95db-5bd9-4140-9a21-384e6231fb34,232d95db-5bd9-4140-9a21-384e6231fb34,2,False,b98ce7c9-8ef4-11f1-9b18-005056b2a5de,06__VSB__KOT__MCL__238,KOTEX Maxcool Spa 23cm 8 Miếng +4,Chăm Sóc Vệ Sinh Cá Nhân,KOTEX,,aca0e3b9-1e75-496e-84ff-e96c9084f53f,a38f9189-ad87-11ef-a35e-005056b28600,CÔNG TY TNHH THƯƠNG MẠI VÀ DỊCH VỤ MIRA GROUP
b8468f8e-8ef4-11f1-9b18-005056b2a5de,06__VSB__KOT__NGY__8,KOTEX Hàng Ngày Mỏng 8 Miếng,Bịch,Tổng,2.0,,0.0,,2.0,,0.0,,1751,1,64e1e140-1965-443e-b1ea-f53548f6696c,,1,True,b98ce8e1-8ef4-11f1-9b18-005056b2a5de,06__VSB__KOT__NGY__8,KOTEX Hàng Ngày Mỏng 8 Miếng,Chăm Sóc Vệ Sinh Cá Nhân,KOTEX,,,a38f9189-ad87-11ef-a35e-005056b28600,
b8468f8e-8ef4-11f1-9b18-005056b2a5de,06__VSB__KOT__NGY__8,Kho Kệ,Bịch,Kho Kệ,2.0,,0.0,,2.0,,0.0,,1752,0,64e1e140-1965-443e-b1ea-f53548f6696c,64e1e140-1965-443e-b1ea-f53548f6696c,2,False,b98cea0e-8ef4-11f1-9b18-005056b2a5de,06__VSB__KOT__NGY__8,KOTEX Hàng Ngày Mỏng 8 Miếng,Chăm Sóc Vệ Sinh Cá Nhân,KOTEX,,aca0e3b9-1e75-496e-84ff-e96c9084f53f,a38f9189-ad87-11ef-a35e-005056b28600,CÔNG TY TNHH THƯƠNG MẠI VÀ DỊCH VỤ MIRA GROUP
b8468f8e-8ef4-11f1-9b18-005056b2a5de,06__VSB__SOF__COM__2617,SOFY Skin Comfort Băng Vệ Sinh 26cm 17 Miếng,Bịch,Tổng,6.0,,6.0,,3.0,,9.0,,1753,1,be3786ae-e076-49e4-9cf7-e2e134d370ae,,1,True,b98ceafd-8ef4-11f1-9b18-005056b2a5de,06__VSB__SOF__COM__2617,SOFY Skin Comfort Băng Vệ Sinh 26cm 17 Miếng,Chăm Sóc Vệ Sinh Cá Nhân,SOFY,,,a38f9189-ad87-11ef-a35e-005056b28600,
b8468f8e-8ef4-11f1-9b18-005056b2a5de,06__VSB__SOF__COM__2617,Kho Kệ,Bịch,Kho Kệ,6.0,,6.0,,3.0,,9.0,,1754,0,be3786ae-e076-49e4-9cf7-e2e134d370ae,be3786ae-e076-49e4-9cf7-e2e134d370ae,2,False,b98cebe2-8ef4-11f1-9b18-005056b2a5de,06__VSB__SOF__COM__2617,SOFY Skin Comfort Băng Vệ Sinh 26cm 17 Miếng,Chăm Sóc Vệ Sinh Cá Nhân,SOFY,,aca0e3b9-1e75-496e-84ff-e96c9084f53f,a38f9189-ad87-11ef-a35e-005056b28600,CÔNG TY TNHH THƯƠNG MẠI VÀ DỊCH VỤ MIRA GROUP
b8468f8e-8ef4-11f1-9b18-005056b2a5de,06__VSB__SOF__COM__268,SOFY SKIN Comfort Băng Vệ Sinh 26cm 8 Miếng,Bịch,Tổng,7.0,,6.0,,3.0,,10.0,,1755,1,8ef06262-9716-4f00-b345-f5bf0f9d3fda,,1,True,b98cecab-8ef4-11f1-9b18-005056b2a5de,06__VSB__SOF__COM__268,SOFY SKIN Comfort Băng Vệ Sinh 26cm 8 Miếng,Chăm Sóc Vệ Sinh Cá Nhân,SOFY,,,a38f9189-ad87-11ef-a35e-005056b28600,
b8468f8e-8ef4-11f1-9b18-005056b2a5de,06__VSB__SOF__COM__268,Kho Kệ,Bịch,Kho Kệ,7.0,,6.0,,3.0,,10.0,,1756,0,8ef06262-9716-4f00-b345-f5bf0f9d3fda,8ef06262-9716-4f00-b345-f5bf0f9d3fda,2,False,b98ced7f-8ef4-11f1-9b18-005056b2a5de,06__VSB__SOF__COM__268,SOFY SKIN Comfort Băng Vệ Sinh 26cm 8 Miếng,Chăm Sóc Vệ Sinh Cá Nhân,SOFY,,aca0e3b9-1e75-496e-84ff-e96c9084f53f,a38f9189-ad87-11ef-a35e-005056b28600,CÔNG TY TNHH THƯƠNG MẠI VÀ DỊCH VỤ MIRA GROUP
b8468f8e-8ef4-11f1-9b18-005056b2a5de,06__VSD__DIA__FNC__150,DIANA Dung Dịch VSPN Fresh & Cool Chai 150ml,Chai,Tổng,3.0,,0.0,,2.0,,1.0,,1757,1,c2008099-9c20-42bb-b52f-5ed4f5bb7d39,,1,True,b98cee4f-8ef4-11f1-9b18-005056b2a5de,06__VSD__DIA__FNC__150,DIANA Dung Dịch VSPN Fresh & Cool Chai 150ml,Chăm Sóc Vệ Sinh Cá Nhân,DIANA,,,a38f9189-ad87-11ef-a35e-005056b28600,
b8468f8e-8ef4-11f1-9b18-005056b2a5de,06__VSD__DIA__FNC__150,Kho Kệ,Chai,Kho Kệ,3.0,,0.0,,2.0,,1.0,,1758,0,c2008099-9c20-42bb-b52f-5ed4f5bb7d39,c2008099-9c20-42bb-b52f-5ed4f5bb7d39,2,False,b98cf0cb-8ef4-11f1-9b18-005056b2a5de,06__VSD__DIA__FNC__150,DIANA Dung Dịch VSPN Fresh & Cool Chai 150ml,Chăm Sóc Vệ Sinh Cá Nhân,DIANA,,aca0e3b9-1e75-496e-84ff-e96c9084f53f,a38f9189-ad87-11ef-a35e-005056b28600,CÔNG TY TNHH THƯƠNG MẠI VÀ DỊCH VỤ MIRA GROUP
b8468f8e-8ef4-11f1-9b18-005056b2a5de,06__VSD__DIA__SKI__150,DIANA Dung Dịch VSPN Skincare+ 150ml,Chai,Tổng,4.0,,0.0,,2.0,,2.0,,1759,1,deb28685-dcf9-44df-b757-de0a40b302f5,,1,True,b98cf273-8ef4-11f1-9b18-005056b2a5de,06__VSD__DIA__SKI__150,DIANA Dung Dịch VSPN Skincare+ 150ml,Chăm Sóc Vệ Sinh Cá Nhân,DIANA,,,a38f9189-ad87-11ef-a35e-005056b28600,
b8468f8e-8ef4-11f1-9b18-005056b2a5de,06__VSD__DIA__SKI__150,Kho Kệ,Chai,Kho Kệ,4.0,,0.0,,2.0,,2.0,,1760,0,deb28685-dcf9-44df-b757-de0a40b302f5,deb28685-dcf9-44df-b757-de0a40b302f5,2,False,b98cf3ae-8ef4-11f1-9b18-005056b2a5de,06__VSD__DIA__SKI__150,DIANA Dung Dịch VSPN Skincare+ 150ml,Chăm Sóc Vệ Sinh Cá Nhân,DIANA,,aca0e3b9-1e75-496e-84ff-e96c9084f53f,a38f9189-ad87-11ef-a35e-005056b28600,CÔNG TY TNHH THƯƠNG MẠI VÀ DỊCH VỤ MIRA GROUP
b8468f8e-8ef4-11f1-9b18-005056b2a5de,06__VSK__LET__DNG__1,LET-GREEN Giấy Đa Năng,Bịch,Tổng,33.0,,0.0,,27.0,,6.0,,1761,1,ab5dc35d-d14e-498d-b578-21f45aa2334d,,1,True,b98cf4c6-8ef4-11f1-9b18-005056b2a5de,06__VSK__LET__DNG__1,LET-GREEN Giấy Đa Năng,Chăm Sóc Vệ Sinh Cá Nhân,LET-GREEN,,,a38f9189-ad87-11ef-a35e-005056b28600,
b8468f8e-8ef4-11f1-9b18-005056b2a5de,06__VSK__LET__DNG__1,Kho Kệ,Bịch,Kho Kệ,33.0,,0.0,,27.0,,6.0,,1762,0,ab5dc35d-d14e-498d-b578-21f45aa2334d,ab5dc35d-d14e-498d-b578-21f45aa2334d,2,False,b98cf5a0-8ef4-11f1-9b18-005056b2a5de,06__VSK__LET__DNG__1,LET-GREEN Giấy Đa Năng,Chăm Sóc Vệ Sinh Cá Nhân,LET-GREEN,,aca0e3b9-1e75-496e-84ff-e96c9084f53f,a38f9189-ad87-11ef-a35e-005056b28600,CÔNG TY TNHH THƯƠNG MẠI VÀ DỊCH VỤ MIRA GROUP
b8468f8e-8ef4-11f1-9b18-005056b2a5de,06__VSK__PUL__3LO__1,PULPPY Khăn Giấy Cao Cấp 3 Lớp,Gói,Tổng,48.0,,0.0,,31.0,,17.0,,1763,1,1527628c-52d6-4fec-857b-0840414df40c,,1,True,b98cf67c-8ef4-11f1-9b18-005056b2a5de,06__VSK__PUL__3LO__1,PULPPY Khăn Giấy Cao Cấp 3 Lớp,Chăm Sóc Vệ Sinh Cá Nhân,PULPPY,,,a38f9189-ad87-11ef-a35e-005056b28600,
b8468f8e-8ef4-11f1-9b18-005056b2a5de,06__VSK__PUL__3LO__1,Kho Kệ,Gói,Kho Kệ,48.0,,0.0,,31.0,,17.0,,1764,0,1527628c-52d6-4fec-857b-0840414df40c,1527628c-52d6-4fec-857b-0840414df40c,2,False,b98cf78a-8ef4-11f1-9b18-005056b2a5de,06__VSK__PUL__3LO__1,PULPPY Khăn Giấy Cao Cấp 3 Lớp,Chăm Sóc Vệ Sinh Cá Nhân,PULPPY,,aca0e3b9-1e75-496e-84ff-e96c9084f53f,a38f9189-ad87-11ef-a35e-005056b28600,CÔNG TY TNHH THƯƠNG MẠI VÀ DỊCH VỤ MIRA GROUP
b8468f8e-8ef4-11f1-9b18-005056b2a5de,06__VSU__FRE__BHA__20,FRESSI Care Khăn Giấy Ướt Bạc Hà Bịch 20M,Bịch,Tổng,14.0,,32.0,,16.0,,30.0,,1765,1,63f4b388-6d3a-47fe-b794-d0b69290c857,,1,True,b98cf8b5-8ef4-11f1-9b18-005056b2a5de,06__VSU__FRE__BHA__20,FRESSI Care Khăn Giấy Ướt Bạc Hà Bịch 20M,Chăm Sóc Vệ Sinh Cá Nhân,FRESSI,,,a38f9189-ad87-11ef-a35e-005056b28600,
b8468f8e-8ef4-11f1-9b18-005056b2a5de,06__VSU__FRE__BHA__20,Kho Kệ,Bịch,Kho Kệ,14.0,,32.0,,16.0,,30.0,,1766,0,63f4b388-6d3a-47fe-b794-d0b69290c857,63f4b388-6d3a-47fe-b794-d0b69290c857,2,False,b98cf9a7-8ef4-11f1-9b18-005056b2a5de,06__VSU__FRE__BHA__20,FRESSI Care Khăn Giấy Ướt Bạc Hà Bịch 20M,Chăm Sóc Vệ Sinh Cá Nhân,FRESSI,,aca0e3b9-1e75-496e-84ff-e96c9084f53f,a38f9189-ad87-11ef-a35e-005056b28600,CÔNG TY TNHH THƯƠNG MẠI VÀ DỊCH VỤ MIRA GROUP
b8468f8e-8ef4-11f1-9b18-005056b2a5de,06__VSU__FRE__BIC__100,FRESSI Care Khăn Giấy Ướt Bịch 100 miếng,Bịch,Tổng,1.0,,20.0,,7.0,,14.0,,1767,1,e638e426-e1b7-4c89-854c-61ce11043f71,,1,True,b98cfa77-8ef4-11f1-9b18-005056b2a5de,06__VSU__FRE__BIC__100,FRESSI Care Khăn Giấy Ướt Bịch 100 miếng,Chăm Sóc Vệ Sinh Cá Nhân,FRESSI,,,a38f9189-ad87-11ef-a35e-005056b28600,
b8468f8e-8ef4-11f1-9b18-005056b2a5de,06__VSU__FRE__BIC__100,Kho Kệ,Bịch,Kho Kệ,1.0,,20.0,,7.0,,14.0,,1768,0,e638e426-e1b7-4c89-854c-61ce11043f71,e638e426-e1b7-4c89-854c-61ce11043f71,2,False,b98cfb41-8ef4-11f1-9b18-005056b2a5de,06__VSU__FRE__BIC__100,FRESSI Care Khăn Giấy Ướt Bịch 100 miếng,Chăm Sóc Vệ Sinh Cá Nhân,FRESSI,,aca0e3b9-1e75-496e-84ff-e96c9084f53f,a38f9189-ad87-11ef-a35e-005056b28600,CÔNG TY TNHH THƯƠNG MẠI VÀ DỊCH VỤ MIRA GROUP
b8468f8e-8ef4-11f1-9b18-005056b2a5de,06__VSU__FRE__BIC__20,FRESSI Care Khăn Giấy Ướt Bịch 20 Miếng,Bịch,Tổng,15.0,,30.0,,26.0,,19.0,,1769,1,ffe8afe3-5d94-4252-a679-a68535cc9c9e,,1,True,b98cfc0f-8ef4-11f1-9b18-005056b2a5de,06__VSU__FRE__BIC__20,FRESSI Care Khăn Giấy Ướt Bịch 20 Miếng,Chăm Sóc Vệ Sinh Cá Nhân,FRESSI,,,a38f9189-ad87-11ef-a35e-005056b28600,
b8468f8e-8ef4-11f1-9b18-005056b2a5de,06__VSU__FRE__BIC__20,Kho Kệ,Bịch,Kho Kệ,15.0,,30.0,,26.0,,19.0,,1770,0,ffe8afe3-5d94-4252-a679-a68535cc9c9e,ffe8afe3-5d94-4252-a679-a68535cc9c9e,2,False,b98cfcd5-8ef4-11f1-9b18-005056b2a5de,06__VSU__FRE__BIC__20,FRESSI Care Khăn Giấy Ướt Bịch 20 Miếng,Chăm Sóc Vệ Sinh Cá Nhân,FRESSI,,aca0e3b9-1e75-496e-84ff-e96c9084f53f,a38f9189-ad87-11ef-a35e-005056b28600,CÔNG TY TNHH THƯƠNG MẠI VÀ DỊCH VỤ MIRA GROUP
b8468f8e-8ef4-11f1-9b18-005056b2a5de,06__VSU__FRE__TAO__20,FRESSI Care Khăn Giấy Ướt Hương Táo Bịch 20M,Bịch,Tổng,3.0,,0.0,,0.0,,3.0,,1771,1,fedf7954-eeaa-4472-a81a-e486f720c02d,,1,True,b98cfdaf-8ef4-11f1-9b18-005056b2a5de,06__VSU__FRE__TAO__20,FRESSI Care Khăn Giấy Ướt Hương Táo Bịch 20M,Chăm Sóc Vệ Sinh Cá Nhân,FRESSI,,,a38f9189-ad87-11ef-a35e-005056b28600,
b8468f8e-8ef4-11f1-9b18-005056b2a5de,06__VSU__FRE__TAO__20,Kho Kệ,Bịch,Kho Kệ,3.0,,0.0,,0.0,,3.0,,1772,0,fedf7954-eeaa-4472-a81a-e486f720c02d,fedf7954-eeaa-4472-a81a-e486f720c02d,2,False,b98cffa3-8ef4-11f1-9b18-005056b2a5de,06__VSU__FRE__TAO__20,FRESSI Care Khăn Giấy Ướt Hương Táo Bịch 20M,Chăm Sóc Vệ Sinh Cá Nhân,FRESSI,,aca0e3b9-1e75-496e-84ff-e96c9084f53f,a38f9189-ad87-11ef-a35e-005056b28600,CÔNG TY TNHH THƯƠNG MẠI VÀ DỊCH VỤ MIRA GROUP
b8468f8e-8ef4-11f1-9b18-005056b2a5de,07__DMA__JON__OIL__50,JOHNSON's Dầu Matxa Babyoil 50ml,Chai,Tổng,11.0,,0.0,,1.0,,10.0,,1773,1,ebaeac87-6278-45b8-95cd-39e1ea744c8f,,1,True,b98d0075-8ef4-11f1-9b18-005056b2a5de,07__DMA__JON__OIL__50,JOHNSON's Dầu Matxa Babyoil 50ml,Chăm Sóc Da Trẻ Em,JOHNSON's,,,a38f9189-ad87-11ef-a35e-005056b28600,
b8468f8e-8ef4-11f1-9b18-005056b2a5de,07__DMA__JON__OIL__50,Kho Kệ,Chai,Kho Kệ,11.0,,0.0,,1.0,,10.0,,1774,0,ebaeac87-6278-45b8-95cd-39e1ea744c8f,ebaeac87-6278-45b8-95cd-39e1ea744c8f,2,False,b98d013a-8ef4-11f1-9b18-005056b2a5de,07__DMA__JON__OIL__50,JOHNSON's Dầu Matxa Babyoil 50ml,Chăm Sóc Da Trẻ Em,JOHNSON's,,aca0e3b9-1e75-496e-84ff-e96c9084f53f,a38f9189-ad87-11ef-a35e-005056b28600,CÔNG TY TNHH THƯƠNG MẠI VÀ DỊCH VỤ MIRA GROUP
b8468f8e-8ef4-11f1-9b18-005056b2a5de,07__DPE__JOH__CHI__100,JOHNSON's Phấn Em Bé 100g,Chai,Tổng,7.0,,0.0,,1.0,,6.0,,1775,1,0c34adde-df0f-47ae-bb81-cd33f8a4caa1,,1,True,b98d02b7-8ef4-11f1-9b18-005056b2a5de,07__DPE__JOH__CHI__100,JOHNSON's Phấn Em Bé 100g,Chăm Sóc Da Trẻ Em,JOHNSON's,,,a38f9189-ad87-11ef-a35e-005056b28600,
b8468f8e-8ef4-11f1-9b18-005056b2a5de,07__DPE__JOH__CHI__100,Kho Kệ,Chai,Kho Kệ,7.0,,0.0,,1.0,,6.0,,1776,0,0c34adde-df0f-47ae-bb81-cd33f8a4caa1,0c34adde-df0f-47ae-bb81-cd33f8a4caa1,2,False,b98d039e-8ef4-11f1-9b18-005056b2a5de,07__DPE__JOH__CHI__100,JOHNSON's Phấn Em Bé 100g,Chăm Sóc Da Trẻ Em,JOHNSON's,,aca0e3b9-1e75-496e-84ff-e96c9084f53f,a38f9189-ad87-11ef-a35e-005056b28600,CÔNG TY TNHH THƯƠNG MẠI VÀ DỊCH VỤ MIRA GROUP
b8468f8e-8ef4-11f1-9b18-005056b2a5de,07__DST__JON__COT__200,JOHNSON's Sữa Tắm Em Bé Cottontouch 200ml,Chai,Tổng,3.0,,0.0,,2.0,,1.0,,1777,1,c52b1e69-f040-4d92-955c-9bae01392c1e,,1,True,b98d046c-8ef4-11f1-9b18-005056b2a5de,07__DST__JON__COT__200,JOHNSON's Sữa Tắm Em Bé Cottontouch 200ml,Chăm Sóc Da Trẻ Em,JOHNSON's,,,a38f9189-ad87-11ef-a35e-005056b28600,
b8468f8e-8ef4-11f1-9b18-005056b2a5de,07__DST__JON__COT__200,Kho Kệ,Chai,Kho Kệ,3.0,,0.0,,2.0,,1.0,,1778,0,c52b1e69-f040-4d92-955c-9bae01392c1e,c52b1e69-f040-4d92-955c-9bae01392c1e,2,False,b98d052e-8ef4-11f1-9b18-005056b2a5de,07__DST__JON__COT__200,JOHNSON's Sữa Tắm Em Bé Cottontouch 200ml,Chăm Sóc Da Trẻ Em,JOHNSON's,,aca0e3b9-1e75-496e-84ff-e96c9084f53f,a38f9189-ad87-11ef-a35e-005056b28600,CÔNG TY TNHH THƯƠNG MẠI VÀ DỊCH VỤ MIRA GROUP
b8468f8e-8ef4-11f1-9b18-005056b2a5de,07__DST__JON__TTT__200,JOHNSON's Sữa Tắm Em Bé Top-To-Toe 200ml,Chai,Tổng,13.0,,0.0,,2.0,,11.0,,1779,1,2c3f3f0a-2442-4f9b-bd10-0a565db136ae,,1,True,b98d05fd-8ef4-11f1-9b18-005056b2a5de,07__DST__JON__TTT__200,JOHNSON's Sữa Tắm Em Bé Top-To-Toe 200ml,Chăm Sóc Da Trẻ Em,JOHNSON's,,,a38f9189-ad87-11ef-a35e-005056b28600,
b8468f8e-8ef4-11f1-9b18-005056b2a5de,07__DST__JON__TTT__200,Kho Kệ,Chai,Kho Kệ,13.0,,0.0,,2.0,,11.0,,1780,0,2c3f3f0a-2442-4f9b-bd10-0a565db136ae,2c3f3f0a-2442-4f9b-bd10-0a565db136ae,2,False,b98d06bc-8ef4-11f1-9b18-005056b2a5de,07__DST__JON__TTT__200,JOHNSON's Sữa Tắm Em Bé Top-To-Toe 200ml,Chăm Sóc Da Trẻ Em,JOHNSON's,,aca0e3b9-1e75-496e-84ff-e96c9084f53f,a38f9189-ad87-11ef-a35e-005056b28600,CÔNG TY TNHH THƯƠNG MẠI VÀ DỊCH VỤ MIRA GROUP
b8468f8e-8ef4-11f1-9b18-005056b2a5de,08__TKM__SIL__CNU__1000,SILVER SPOON Thức Ăn Cho Mèo Vị Cá Ngừ 1Kg,Bịch,Tổng,13.0,,0.0,,0.0,,13.0,,1781,1,696d926d-91d6-474a-9677-bc0af70c787d,,1,True,b98d0781-8ef4-11f1-9b18-005056b2a5de,08__TKM__SIL__CNU__1000,SILVER SPOON Thức Ăn Cho Mèo Vị Cá Ngừ 1Kg,Thức Ăn Thú Cưng,SILVER SPOON,,,a38f9189-ad87-11ef-a35e-005056b28600,
b8468f8e-8ef4-11f1-9b18-005056b2a5de,08__TKM__SIL__CNU__1000,Kho Kệ,Bịch,Kho Kệ,13.0,,0.0,,0.0,,13.0,,1782,0,696d926d-91d6-474a-9677-bc0af70c787d,696d926d-91d6-474a-9677-bc0af70c787d,2,False,b98d0842-8ef4-11f1-9b18-005056b2a5de,08__TKM__SIL__CNU__1000,SILVER SPOON Thức Ăn Cho Mèo Vị Cá Ngừ 1Kg,Thức Ăn Thú Cưng,SILVER SPOON,,aca0e3b9-1e75-496e-84ff-e96c9084f53f,a38f9189-ad87-11ef-a35e-005056b28600,CÔNG TY TNHH THƯƠNG MẠI VÀ DỊCH VỤ MIRA GROUP
b8468f8e-8ef4-11f1-9b18-005056b2a5de,09__CSK__UNI__FIT__15,UNICHARM Khẩu Trang 3D Mask Super Fit (5miếng x 3gói),Bịch,Tổng,15.0,,0.0,,6.0,,9.0,,1783,1,2a648fac-b885-4c0f-a520-d21b1f325ac2,,1,True,b98d090a-8ef4-11f1-9b18-005056b2a5de,09__CSK__UNI__FIT__15,UNICHARM Khẩu Trang 3D Mask Super Fit (5miếng x 3gói),Chăm Sóc Sức Khỏe,UNICHARM,,,a38f9189-ad87-11ef-a35e-005056b28600,
b8468f8e-8ef4-11f1-9b18-005056b2a5de,09__CSK__UNI__FIT__15,Kho Kệ,Bịch,Kho Kệ,10.0,,0.0,,6.0,,4.0,,1784,0,2a648fac-b885-4c0f-a520-d21b1f325ac2,2a648fac-b885-4c0f-a520-d21b1f325ac2,2,False,b98d09ce-8ef4-11f1-9b18-005056b2a5de,09__CSK__UNI__FIT__15,UNICHARM Khẩu Trang 3D Mask Super Fit (5miếng x 3gói),Chăm Sóc Sức Khỏe,UNICHARM,,aca0e3b9-1e75-496e-84ff-e96c9084f53f,a38f9189-ad87-11ef-a35e-005056b28600,CÔNG TY TNHH THƯƠNG MẠI VÀ DỊCH VỤ MIRA GROUP
b8468f8e-8ef4-11f1-9b18-005056b2a5de,09__CSK__UNI__FIT__15,Kho MIRA,Bịch,Kho MIRA,5.0,,0.0,,0.0,,5.0,,1785,0,2a648fac-b885-4c0f-a520-d21b1f325ac2,2a648fac-b885-4c0f-a520-d21b1f325ac2,2,False,b98d0a9e-8ef4-11f1-9b18-005056b2a5de,09__CSK__UNI__FIT__15,UNICHARM Khẩu Trang 3D Mask Super Fit (5miếng x 3gói),Chăm Sóc Sức Khỏe,UNICHARM,,485b5d06-306c-11f0-b467-005056b34af7,a38f9189-ad87-11ef-a35e-005056b28600,CÔNG TY TNHH THƯƠNG MẠI VÀ DỊCH VỤ MIRA GROUP
b8468f8e-8ef4-11f1-9b18-005056b2a5de,09__CSK__UNI__KID__5,UNICHARM Khẩu Trang 3D Mask Kids (5 miếng),Bịch,Tổng,28.0,,0.0,,1.0,,27.0,,1786,1,b611be6c-e42e-4883-9b6a-fd68f908397a,,1,True,b98d0bd6-8ef4-11f1-9b18-005056b2a5de,09__CSK__UNI__KID__5,UNICHARM Khẩu Trang 3D Mask Kids (5 miếng),Chăm Sóc Sức Khỏe,UNICHARM,,,a38f9189-ad87-11ef-a35e-005056b28600,
b8468f8e-8ef4-11f1-9b18-005056b2a5de,09__CSK__UNI__KID__5,Kho Kệ,Bịch,Kho Kệ,28.0,,0.0,,1.0,,27.0,,1787,0,b611be6c-e42e-4883-9b6a-fd68f908397a,b611be6c-e42e-4883-9b6a-fd68f908397a,2,False,b98d0cc7-8ef4-11f1-9b18-005056b2a5de,09__CSK__UNI__KID__5,UNICHARM Khẩu Trang 3D Mask Kids (5 miếng),Chăm Sóc Sức Khỏe,UNICHARM,,aca0e3b9-1e75-496e-84ff-e96c9084f53f,a38f9189-ad87-11ef-a35e-005056b28600,CÔNG TY TNHH THƯƠNG MẠI VÀ DỊCH VỤ MIRA GROUP
b8468f8e-8ef4-11f1-9b18-005056b2a5de,09__CSK__UNI__UVM__5,UNICHARM Khẩu Trang UV Maks Bảo Vệ Da (5 miếng),Bịch,Tổng,45.0,,0.0,,8.0,,37.0,,1788,1,cdf759ec-9168-4977-a4a9-14fda0bad04f,,1,True,b98d0dea-8ef4-11f1-9b18-005056b2a5de,09__CSK__UNI__UVM__5,UNICHARM Khẩu Trang UV Maks Bảo Vệ Da (5 miếng),Chăm Sóc Sức Khỏe,UNICHARM,,,a38f9189-ad87-11ef-a35e-005056b28600,
b8468f8e-8ef4-11f1-9b18-005056b2a5de,09__CSK__UNI__UVM__5,Kho Kệ,Bịch,Kho Kệ,45.0,,0.0,,8.0,,37.0,,1789,0,cdf759ec-9168-4977-a4a9-14fda0bad04f,cdf759ec-9168-4977-a4a9-14fda0bad04f,2,False,b98d0eb2-8ef4-11f1-9b18-005056b2a5de,09__CSK__UNI__UVM__5,UNICHARM Khẩu Trang UV Maks Bảo Vệ Da (5 miếng),Chăm Sóc Sức Khỏe,UNICHARM,,aca0e3b9-1e75-496e-84ff-e96c9084f53f,a38f9189-ad87-11ef-a35e-005056b28600,CÔNG TY TNHH THƯƠNG MẠI VÀ DỊCH VỤ MIRA GROUP
b8468f8e-8ef4-11f1-9b18-005056b2a5de,09__SKB__DUR__CLI__3,DUREX BCS Mutual Climax 3S,Hộp,Tổng,20.0,,0.0,,4.0,,16.0,,1790,1,4f12b853-03e2-4d03-9228-0a197b3caa54,,1,True,b98d0f77-8ef4-11f1-9b18-005056b2a5de,09__SKB__DUR__CLI__3,DUREX BCS Mutual Climax 3S,Chăm Sóc Cá Nhân,DUREX,,,a38f9189-ad87-11ef-a35e-005056b28600,
b8468f8e-8ef4-11f1-9b18-005056b2a5de,09__SKB__DUR__CLI__3,Kho Kệ,Hộp,Kho Kệ,10.0,,0.0,,4.0,,6.0,,1791,0,4f12b853-03e2-4d03-9228-0a197b3caa54,4f12b853-03e2-4d03-9228-0a197b3caa54,2,False,b98d103f-8ef4-11f1-9b18-005056b2a5de,09__SKB__DUR__CLI__3,DUREX BCS Mutual Climax 3S,Chăm Sóc Cá Nhân,DUREX,,aca0e3b9-1e75-496e-84ff-e96c9084f53f,a38f9189-ad87-11ef-a35e-005056b28600,CÔNG TY TNHH THƯƠNG MẠI VÀ DỊCH VỤ MIRA GROUP
b8468f8e-8ef4-11f1-9b18-005056b2a5de,09__SKB__DUR__CLI__3,Kho MIRA,Hộp,Kho MIRA,10.0,,0.0,,0.0,,10.0,,1792,0,4f12b853-03e2-4d03-9228-0a197b3caa54,4f12b853-03e2-4d03-9228-0a197b3caa54,2,False,b98d1108-8ef4-11f1-9b18-005056b2a5de,09__SKB__DUR__CLI__3,DUREX BCS Mutual Climax 3S,Chăm Sóc Cá Nhân,DUREX,,485b5d06-306c-11f0-b467-005056b34af7,a38f9189-ad87-11ef-a35e-005056b28600,CÔNG TY TNHH THƯƠNG MẠI VÀ DỊCH VỤ MIRA GROUP
b8468f8e-8ef4-11f1-9b18-005056b2a5de,09__SKB__DUR__FET__3,DUREX BCS Fetherlite 3S,Hộp,Tổng,17.0,,0.0,,4.0,,13.0,,1793,1,27dea953-b95e-48f4-900f-37f1faead059,,1,True,b98d12c2-8ef4-11f1-9b18-005056b2a5de,09__SKB__DUR__FET__3,DUREX BCS Fetherlite 3S,Chăm Sóc Cá Nhân,DUREX,,,a38f9189-ad87-11ef-a35e-005056b28600,
b8468f8e-8ef4-11f1-9b18-005056b2a5de,09__SKB__DUR__FET__3,Kho Kệ,Hộp,Kho Kệ,-3.0,,0.0,,4.0,,-7.0,,1794,0,27dea953-b95e-48f4-900f-37f1faead059,27dea953-b95e-48f4-900f-37f1faead059,2,False,b98d13c4-8ef4-11f1-9b18-005056b2a5de,09__SKB__DUR__FET__3,DUREX BCS Fetherlite 3S,Chăm Sóc Cá Nhân,DUREX,,aca0e3b9-1e75-496e-84ff-e96c9084f53f,a38f9189-ad87-11ef-a35e-005056b28600,CÔNG TY TNHH THƯƠNG MẠI VÀ DỊCH VỤ MIRA GROUP
b8468f8e-8ef4-11f1-9b18-005056b2a5de,09__SKB__DUR__FET__3,Kho MIRA,Hộp,Kho MIRA,20.0,,0.0,,0.0,,20.0,,1795,0,27dea953-b95e-48f4-900f-37f1faead059,27dea953-b95e-48f4-900f-37f1faead059,2,False,b98d148a-8ef4-11f1-9b18-005056b2a5de,09__SKB__DUR__FET__3,DUREX BCS Fetherlite 3S,Chăm Sóc Cá Nhân,DUREX,,485b5d06-306c-11f0-b467-005056b34af7,a38f9189-ad87-11ef-a35e-005056b28600,CÔNG TY TNHH THƯƠNG MẠI VÀ DỊCH VỤ MIRA GROUP
b8468f8e-8ef4-11f1-9b18-005056b2a5de,09__SKB__DUR__INV__10,DUREX BCS Durex Invisible Extra Thin Extra Sensitive 10,Hộp,Tổng,10.0,,0.0,,0.0,,10.0,,1796,1,af6092a3-ba72-4f77-a36d-5d0d6f3aae3f,,1,True,b98d1557-8ef4-11f1-9b18-005056b2a5de,09__SKB__DUR__INV__10,DUREX BCS Durex Invisible Extra Thin Extra Sensitive 10,Chăm Sóc Cá Nhân,DUREX,,,a38f9189-ad87-11ef-a35e-005056b28600,
b8468f8e-8ef4-11f1-9b18-005056b2a5de,09__SKB__DUR__INV__10,Kho Kệ,Hộp,Kho Kệ,10.0,,0.0,,0.0,,10.0,,1797,0,af6092a3-ba72-4f77-a36d-5d0d6f3aae3f,af6092a3-ba72-4f77-a36d-5d0d6f3aae3f,2,False,b98d1673-8ef4-11f1-9b18-005056b2a5de,09__SKB__DUR__INV__10,DUREX BCS Durex Invisible Extra Thin Extra Sensitive 10,Chăm Sóc Cá Nhân,DUREX,,aca0e3b9-1e75-496e-84ff-e96c9084f53f,a38f9189-ad87-11ef-a35e-005056b28600,CÔNG TY TNHH THƯƠNG MẠI VÀ DỊCH VỤ MIRA GROUP
b8468f8e-8ef4-11f1-9b18-005056b2a5de,09__SKB__DUR__INV__3,DUREX BCS Invisible Extra Thin 3S,Hộp,Tổng,29.0,,0.0,,6.0,,23.0,,1798,1,7bcdd1cf-31b7-4030-85b3-8d5b59fc3505,,1,True,b98d177c-8ef4-11f1-9b18-005056b2a5de,09__SKB__DUR__INV__3,DUREX BCS Invisible Extra Thin 3S,Chăm Sóc Cá Nhân,DUREX,,,a38f9189-ad87-11ef-a35e-005056b28600,
b8468f8e-8ef4-11f1-9b18-005056b2a5de,09__SKB__DUR__INV__3,Kho Kệ,Hộp,Kho Kệ,-1.0,,0.0,,6.0,,-7.0,,1799,0,7bcdd1cf-31b7-4030-85b3-8d5b59fc3505,7bcdd1cf-31b7-4030-85b3-8d5b59fc3505,2,False,b98d183e-8ef4-11f1-9b18-005056b2a5de,09__SKB__DUR__INV__3,DUREX BCS Invisible Extra Thin 3S,Chăm Sóc Cá Nhân,DUREX,,aca0e3b9-1e75-496e-84ff-e96c9084f53f,a38f9189-ad87-11ef-a35e-005056b28600,CÔNG TY TNHH THƯƠNG MẠI VÀ DỊCH VỤ MIRA GROUP
b8468f8e-8ef4-11f1-9b18-005056b2a5de,09__SKB__DUR__INV__3,Kho MIRA,Hộp,Kho MIRA,30.0,,0.0,,0.0,,30.0,,1800,0,7bcdd1cf-31b7-4030-85b3-8d5b59fc3505,7bcdd1cf-31b7-4030-85b3-8d5b59fc3505,2,False,b98d190b-8ef4-11f1-9b18-005056b2a5de,09__SKB__DUR__INV__3,DUREX BCS Invisible Extra Thin 3S,Chăm Sóc Cá Nhân,DUREX,,485b5d06-306c-11f0-b467-005056b34af7,a38f9189-ad87-11ef-a35e-005056b28600,CÔNG TY TNHH THƯƠNG MẠI VÀ DỊCH VỤ MIRA GROUP
b8468f8e-8ef4-11f1-9b18-005056b2a5de,09__SKB__DUR__JEA__3,DUREX BCS Jeans 3S,Hộp,Tổng,8.0,,0.0,,3.0,,5.0,,1801,1,c4310fba-def2-4a51-b0ae-f6fddf55fb3c,,1,True,b98d19d1-8ef4-11f1-9b18-005056b2a5de,09__SKB__DUR__JEA__3,DUREX BCS Jeans 3S,Chăm Sóc Cá Nhân,DUREX,,,a38f9189-ad87-11ef-a35e-005056b28600,
b8468f8e-8ef4-11f1-9b18-005056b2a5de,09__SKB__DUR__JEA__3,Kho Kệ,Hộp,Kho Kệ,0.0,,0.0,,3.0,,-3.0,,1802,0,c4310fba-def2-4a51-b0ae-f6fddf55fb3c,c4310fba-def2-4a51-b0ae-f6fddf55fb3c,2,False,b98d1b0c-8ef4-11f1-9b18-005056b2a5de,09__SKB__DUR__JEA__3,DUREX BCS Jeans 3S,Chăm Sóc Cá Nhân,DUREX,,aca0e3b9-1e75-496e-84ff-e96c9084f53f,a38f9189-ad87-11ef-a35e-005056b28600,CÔNG TY TNHH THƯƠNG MẠI VÀ DỊCH VỤ MIRA GROUP
b8468f8e-8ef4-11f1-9b18-005056b2a5de,09__SKB__DUR__JEA__3,Kho MIRA,Hộp,Kho MIRA,8.0,,0.0,,0.0,,8.0,,1803,0,c4310fba-def2-4a51-b0ae-f6fddf55fb3c,c4310fba-def2-4a51-b0ae-f6fddf55fb3c,2,False,b98d1c46-8ef4-11f1-9b18-005056b2a5de,09__SKB__DUR__JEA__3,DUREX BCS Jeans 3S,Chăm Sóc Cá Nhân,DUREX,,485b5d06-306c-11f0-b467-005056b34af7,a38f9189-ad87-11ef-a35e-005056b28600,CÔNG TY TNHH THƯƠNG MẠI VÀ DỊCH VỤ MIRA GROUP
b8468f8e-8ef4-11f1-9b18-005056b2a5de,09__SKB__DUR__KIN__12,DUREX BCS Kingtex 12S,Hộp,Tổng,9.0,,0.0,,3.0,,6.0,,1804,1,1dc2b1cb-4d38-4223-9658-b1b0120a7df2,,1,True,b98d1d17-8ef4-11f1-9b18-005056b2a5de,09__SKB__DUR__KIN__12,DUREX BCS Kingtex 12S,Chăm Sóc Cá Nhân,DUREX,,,a38f9189-ad87-11ef-a35e-005056b28600,
b8468f8e-8ef4-11f1-9b18-005056b2a5de,09__SKB__DUR__KIN__12,Kho Kệ,Hộp,Kho Kệ,2.0,,0.0,,3.0,,-1.0,,1805,0,1dc2b1cb-4d38-4223-9658-b1b0120a7df2,1dc2b1cb-4d38-4223-9658-b1b0120a7df2,2,False,b98d1dda-8ef4-11f1-9b18-005056b2a5de,09__SKB__DUR__KIN__12,DUREX BCS Kingtex 12S,Chăm Sóc Cá Nhân,DUREX,,aca0e3b9-1e75-496e-84ff-e96c9084f53f,a38f9189-ad87-11ef-a35e-005056b28600,CÔNG TY TNHH THƯƠNG MẠI VÀ DỊCH VỤ MIRA GROUP
b8468f8e-8ef4-11f1-9b18-005056b2a5de,09__SKB__DUR__KIN__12,Kho MIRA,Hộp,Kho MIRA,7.0,,0.0,,0.0,,7.0,,1806,0,1dc2b1cb-4d38-4223-9658-b1b0120a7df2,1dc2b1cb-4d38-4223-9658-b1b0120a7df2,2,False,b98d1f78-8ef4-11f1-9b18-005056b2a5de,09__SKB__DUR__KIN__12,DUREX BCS Kingtex 12S,Chăm Sóc Cá Nhân,DUREX,,485b5d06-306c-11f0-b467-005056b34af7,a38f9189-ad87-11ef-a35e-005056b28600,CÔNG TY TNHH THƯƠNG MẠI VÀ DỊCH VỤ MIRA GROUP
b8468f8e-8ef4-11f1-9b18-005056b2a5de,09__SKB__DUR__KIN__3,DUREX BCS Kingtex 3S,Hộp,Tổng,14.0,,0.0,,4.0,,10.0,,1807,1,829c3247-65b8-4308-aa28-e6c6ac3eae86,,1,True,b98d2048-8ef4-11f1-9b18-005056b2a5de,09__SKB__DUR__KIN__3,DUREX BCS Kingtex 3S,Chăm Sóc Cá Nhân,DUREX,,,a38f9189-ad87-11ef-a35e-005056b28600,
b8468f8e-8ef4-11f1-9b18-005056b2a5de,09__SKB__DUR__KIN__3,Kho Kệ,Hộp,Kho Kệ,4.0,,0.0,,4.0,,0.0,,1808,0,829c3247-65b8-4308-aa28-e6c6ac3eae86,829c3247-65b8-4308-aa28-e6c6ac3eae86,2,False,b98d2120-8ef4-11f1-9b18-005056b2a5de,09__SKB__DUR__KIN__3,DUREX BCS Kingtex 3S,Chăm Sóc Cá Nhân,DUREX,,aca0e3b9-1e75-496e-84ff-e96c9084f53f,a38f9189-ad87-11ef-a35e-005056b28600,CÔNG TY TNHH THƯƠNG MẠI VÀ DỊCH VỤ MIRA GROUP
b8468f8e-8ef4-11f1-9b18-005056b2a5de,09__SKB__DUR__KIN__3,Kho MIRA,Hộp,Kho MIRA,10.0,,0.0,,0.0,,10.0,,1809,0,829c3247-65b8-4308-aa28-e6c6ac3eae86,829c3247-65b8-4308-aa28-e6c6ac3eae86,2,False,b98d2251-8ef4-11f1-9b18-005056b2a5de,09__SKB__DUR__KIN__3,DUREX BCS Kingtex 3S,Chăm Sóc Cá Nhân,DUREX,,485b5d06-306c-11f0-b467-005056b34af7,a38f9189-ad87-11ef-a35e-005056b28600,CÔNG TY TNHH THƯƠNG MẠI VÀ DỊCH VỤ MIRA GROUP
b8468f8e-8ef4-11f1-9b18-005056b2a5de,09__SKB__DUR__LUB__10,DUREX BCS Durex Invisible Extra Thin Extra Lubricated 10,Hộp,Tổng,-4.0,,0.0,,0.0,,-4.0,,1810,1,20ece2ed-70ab-4205-b0a5-aa654e63648d,,1,True,b98d2342-8ef4-11f1-9b18-005056b2a5de,09__SKB__DUR__LUB__10,DUREX BCS Durex Invisible Extra Thin Extra Lubricated 10,Chăm Sóc Cá Nhân,DUREX,,,a38f9189-ad87-11ef-a35e-005056b28600,
b8468f8e-8ef4-11f1-9b18-005056b2a5de,09__SKB__DUR__LUB__10,Kho Kệ,Hộp,Kho Kệ,-4.0,,0.0,,0.0,,-4.0,,1811,0,20ece2ed-70ab-4205-b0a5-aa654e63648d,20ece2ed-70ab-4205-b0a5-aa654e63648d,2,False,b98d247e-8ef4-11f1-9b18-005056b2a5de,09__SKB__DUR__LUB__10,DUREX BCS Durex Invisible Extra Thin Extra Lubricated 10,Chăm Sóc Cá Nhân,DUREX,,aca0e3b9-1e75-496e-84ff-e96c9084f53f,a38f9189-ad87-11ef-a35e-005056b28600,CÔNG TY TNHH THƯƠNG MẠI VÀ DỊCH VỤ MIRA GROUP
b8468f8e-8ef4-11f1-9b18-005056b2a5de,09__SKB__DUR__PER__12,DUREX BCS Performa 12S,Hộp,Tổng,10.0,,0.0,,1.0,,9.0,,1812,1,4b34954c-32c6-4549-8c56-2da8b68060ec,,1,True,b98d2588-8ef4-11f1-9b18-005056b2a5de,09__SKB__DUR__PER__12,DUREX BCS Performa 12S,Chăm Sóc Cá Nhân,DUREX,,,a38f9189-ad87-11ef-a35e-005056b28600,
b8468f8e-8ef4-11f1-9b18-005056b2a5de,09__SKB__DUR__PER__12,Kho Kệ,Hộp,Kho Kệ,4.0,,0.0,,1.0,,3.0,,1813,0,4b34954c-32c6-4549-8c56-2da8b68060ec,4b34954c-32c6-4549-8c56-2da8b68060ec,2,False,b98d278c-8ef4-11f1-9b18-005056b2a5de,09__SKB__DUR__PER__12,DUREX BCS Performa 12S,Chăm Sóc Cá Nhân,DUREX,,aca0e3b9-1e75-496e-84ff-e96c9084f53f,a38f9189-ad87-11ef-a35e-005056b28600,CÔNG TY TNHH THƯƠNG MẠI VÀ DỊCH VỤ MIRA GROUP
b8468f8e-8ef4-11f1-9b18-005056b2a5de,09__SKB__DUR__PER__12,Kho MIRA,Hộp,Kho MIRA,6.0,,0.0,,0.0,,6.0,,1814,0,4b34954c-32c6-4549-8c56-2da8b68060ec,4b34954c-32c6-4549-8c56-2da8b68060ec,2,False,b98d296f-8ef4-11f1-9b18-005056b2a5de,09__SKB__DUR__PER__12,DUREX BCS Performa 12S,Chăm Sóc Cá Nhân,DUREX,,485b5d06-306c-11f0-b467-005056b34af7,a38f9189-ad87-11ef-a35e-005056b28600,CÔNG TY TNHH THƯƠNG MẠI VÀ DỊCH VỤ MIRA GROUP
b8468f8e-8ef4-11f1-9b18-005056b2a5de,09__SKB__DUR__PER__3,DUREX BCS Performa 3S,Hộp,Tổng,30.0,,0.0,,7.0,,23.0,,1815,1,7b31f3f8-eea7-4382-9657-49801ef5fb4e,,1,True,b98d2ad0-8ef4-11f1-9b18-005056b2a5de,09__SKB__DUR__PER__3,DUREX BCS Performa 3S,Chăm Sóc Cá Nhân,DUREX,,,a38f9189-ad87-11ef-a35e-005056b28600,
b8468f8e-8ef4-11f1-9b18-005056b2a5de,09__SKB__DUR__PER__3,Kho Kệ,Hộp,Kho Kệ,0.0,,0.0,,7.0,,-7.0,,1816,0,7b31f3f8-eea7-4382-9657-49801ef5fb4e,7b31f3f8-eea7-4382-9657-49801ef5fb4e,2,False,b98d2bed-8ef4-11f1-9b18-005056b2a5de,09__SKB__DUR__PER__3,DUREX BCS Performa 3S,Chăm Sóc Cá Nhân,DUREX,,aca0e3b9-1e75-496e-84ff-e96c9084f53f,a38f9189-ad87-11ef-a35e-005056b28600,CÔNG TY TNHH THƯƠNG MẠI VÀ DỊCH VỤ MIRA GROUP
b8468f8e-8ef4-11f1-9b18-005056b2a5de,09__SKB__DUR__PER__3,Kho MIRA,Hộp,Kho MIRA,30.0,,0.0,,0.0,,30.0,,1817,0,7b31f3f8-eea7-4382-9657-49801ef5fb4e,7b31f3f8-eea7-4382-9657-49801ef5fb4e,2,False,b98d2cbe-8ef4-11f1-9b18-005056b2a5de,09__SKB__DUR__PER__3,DUREX BCS Performa 3S,Chăm Sóc Cá Nhân,DUREX,,485b5d06-306c-11f0-b467-005056b34af7,a38f9189-ad87-11ef-a35e-005056b28600,CÔNG TY TNHH THƯƠNG MẠI VÀ DỊCH VỤ MIRA GROUP
b8468f8e-8ef4-11f1-9b18-005056b2a5de,09__SKB__DUR__PLE__3,DUREX BCS Pleasuremax 3S,Hộp,Tổng,23.0,,0.0,,6.0,,17.0,,1818,1,7c842e20-fae1-4a0b-8e39-8427d40c35fa,,1,True,b98d2d89-8ef4-11f1-9b18-005056b2a5de,09__SKB__DUR__PLE__3,DUREX BCS Pleasuremax 3S,Chăm Sóc Cá Nhân,DUREX,,,a38f9189-ad87-11ef-a35e-005056b28600,
b8468f8e-8ef4-11f1-9b18-005056b2a5de,09__SKB__DUR__PLE__3,Kho Kệ,Hộp,Kho Kệ,3.0,,0.0,,6.0,,-3.0,,1819,0,7c842e20-fae1-4a0b-8e39-8427d40c35fa,7c842e20-fae1-4a0b-8e39-8427d40c35fa,2,False,b98d2e4f-8ef4-11f1-9b18-005056b2a5de,09__SKB__DUR__PLE__3,DUREX BCS Pleasuremax 3S,Chăm Sóc Cá Nhân,DUREX,,aca0e3b9-1e75-496e-84ff-e96c9084f53f,a38f9189-ad87-11ef-a35e-005056b28600,CÔNG TY TNHH THƯƠNG MẠI VÀ DỊCH VỤ MIRA GROUP
b8468f8e-8ef4-11f1-9b18-005056b2a5de,09__SKB__DUR__PLE__3,Kho MIRA,Hộp,Kho MIRA,20.0,,0.0,,0.0,,20.0,,1820,0,7c842e20-fae1-4a0b-8e39-8427d40c35fa,7c842e20-fae1-4a0b-8e39-8427d40c35fa,2,False,b98d2f7b-8ef4-11f1-9b18-005056b2a5de,09__SKB__DUR__PLE__3,DUREX BCS Pleasuremax 3S,Chăm Sóc Cá Nhân,DUREX,,485b5d06-306c-11f0-b467-005056b34af7,a38f9189-ad87-11ef-a35e-005056b28600,CÔNG TY TNHH THƯƠNG MẠI VÀ DỊCH VỤ MIRA GROUP
b8468f8e-8ef4-11f1-9b18-005056b2a5de,09__SKG__DUR__CLA__50,DUREX Gel Bôi Trơn Play Classic 50ml,Chai,Tổng,2.0,,0.0,,2.0,,0.0,,1821,1,18f5bb99-62ce-4d5d-a301-d1a0169cf216,,1,True,b98d3098-8ef4-11f1-9b18-005056b2a5de,09__SKG__DUR__CLA__50,DUREX Gel Bôi Trơn Play Classic 50ml,Chăm Sóc Cá Nhân,DUREX,,,a38f9189-ad87-11ef-a35e-005056b28600,
b8468f8e-8ef4-11f1-9b18-005056b2a5de,09__SKG__DUR__CLA__50,Kho Kệ,Chai,Kho Kệ,2.0,,0.0,,2.0,,0.0,,1822,0,18f5bb99-62ce-4d5d-a301-d1a0169cf216,18f5bb99-62ce-4d5d-a301-d1a0169cf216,2,False,b98d31a2-8ef4-11f1-9b18-005056b2a5de,09__SKG__DUR__CLA__50,DUREX Gel Bôi Trơn Play Classic 50ml,Chăm Sóc Cá Nhân,DUREX,,aca0e3b9-1e75-496e-84ff-e96c9084f53f,a38f9189-ad87-11ef-a35e-005056b28600,CÔNG TY TNHH THƯƠNG MẠI VÀ DỊCH VỤ MIRA GROUP
b8468f8e-8ef4-11f1-9b18-005056b2a5de,10__VPB__TLG__027__1,THIÊN LONG Bút Bi TL027 Mực Xanh,Cái,Tổng,1.0,,0.0,,1.0,,0.0,,1823,1,6de2de4b-1433-410a-a4b6-93f232bfaaf1,,1,True,b98d32b4-8ef4-11f1-9b18-005056b2a5de,10__VPB__TLG__027__1,THIÊN LONG Bút Bi TL027 Mực Xanh,Văn Phòng Phẩm,THIÊN LONG,,,a38f9189-ad87-11ef-a35e-005056b28600,
b8468f8e-8ef4-11f1-9b18-005056b2a5de,10__VPB__TLG__027__1,Kho Kệ,Cái,Kho Kệ,1.0,,0.0,,1.0,,0.0,,1824,0,6de2de4b-1433-410a-a4b6-93f232bfaaf1,6de2de4b-1433-410a-a4b6-93f232bfaaf1,2,False,b98d33e9-8ef4-11f1-9b18-005056b2a5de,10__VPB__TLG__027__1,THIÊN LONG Bút Bi TL027 Mực Xanh,Văn Phòng Phẩm,THIÊN LONG,,aca0e3b9-1e75-496e-84ff-e96c9084f53f,a38f9189-ad87-11ef-a35e-005056b28600,CÔNG TY TNHH THƯƠNG MẠI VÀ DỊCH VỤ MIRA GROUP
b8468f8e-8ef4-11f1-9b18-005056b2a5de,10__VPB__TLG__DAU__PM04,THIÊN LONG Bút Lông Dầu Mực Xanh PM04,Cái,Tổng,10.0,,0.0,,0.0,,10.0,,1825,1,f32914d4-7d2b-4526-9006-252216f67d9e,,1,True,b98d3531-8ef4-11f1-9b18-005056b2a5de,10__VPB__TLG__DAU__PM04,THIÊN LONG Bút Lông Dầu Mực Xanh PM04,Văn Phòng Phẩm,THIÊN LONG,,,a38f9189-ad87-11ef-a35e-005056b28600,
b8468f8e-8ef4-11f1-9b18-005056b2a5de,10__VPB__TLG__DAU__PM04,Kho Kệ,Cái,Kho Kệ,10.0,,0.0,,0.0,,10.0,,1826,0,f32914d4-7d2b-4526-9006-252216f67d9e,f32914d4-7d2b-4526-9006-252216f67d9e,2,False,b98d3681-8ef4-11f1-9b18-005056b2a5de,10__VPB__TLG__DAU__PM04,THIÊN LONG Bút Lông Dầu Mực Xanh PM04,Văn Phòng Phẩm,THIÊN LONG,,aca0e3b9-1e75-496e-84ff-e96c9084f53f,a38f9189-ad87-11ef-a35e-005056b28600,CÔNG TY TNHH THƯƠNG MẠI VÀ DỊCH VỤ MIRA GROUP
b8468f8e-8ef4-11f1-9b18-005056b2a5de,10__VPB__TLG__DAU__PM09,THIÊN LONG Bút Lông Dầu Mực Xanh PM09,Cái,Tổng,17.0,,0.0,,0.0,,17.0,,1827,1,8217f579-6ba0-4f12-bed5-94c4ff385586,,1,True,b98d3781-8ef4-11f1-9b18-005056b2a5de,10__VPB__TLG__DAU__PM09,THIÊN LONG Bút Lông Dầu Mực Xanh PM09,Văn Phòng Phẩm,THIÊN LONG,,,a38f9189-ad87-11ef-a35e-005056b28600,
b8468f8e-8ef4-11f1-9b18-005056b2a5de,10__VPB__TLG__DAU__PM09,Kho Kệ,Cái,Kho Kệ,17.0,,0.0,,0.0,,17.0,,1828,0,8217f579-6ba0-4f12-bed5-94c4ff385586,8217f579-6ba0-4f12-bed5-94c4ff385586,2,False,b98d384c-8ef4-11f1-9b18-005056b2a5de,10__VPB__TLG__DAU__PM09,THIÊN LONG Bút Lông Dầu Mực Xanh PM09,Văn Phòng Phẩm,THIÊN LONG,,aca0e3b9-1e75-496e-84ff-e96c9084f53f,a38f9189-ad87-11ef-a35e-005056b28600,CÔNG TY TNHH THƯƠNG MẠI VÀ DỊCH VỤ MIRA GROUP
b8468f8e-8ef4-11f1-9b18-005056b2a5de,10__VPB__TLG__SUN__1,THIÊN LONG Bút Bi SunBeam,Cái,Tổng,17.0,,0.0,,3.0,,14.0,,1829,1,76069f65-a692-4cb1-b2b7-5e246e7b4fa2,,1,True,b98d3910-8ef4-11f1-9b18-005056b2a5de,10__VPB__TLG__SUN__1,THIÊN LONG Bút Bi SunBeam,Văn Phòng Phẩm,THIÊN LONG,,,a38f9189-ad87-11ef-a35e-005056b28600,
b8468f8e-8ef4-11f1-9b18-005056b2a5de,10__VPB__TLG__SUN__1,Kho Kệ,Cái,Kho Kệ,17.0,,0.0,,3.0,,14.0,,1830,0,76069f65-a692-4cb1-b2b7-5e246e7b4fa2,76069f65-a692-4cb1-b2b7-5e246e7b4fa2,2,False,b98d3bc5-8ef4-11f1-9b18-005056b2a5de,10__VPB__TLG__SUN__1,THIÊN LONG Bút Bi SunBeam,Văn Phòng Phẩm,THIÊN LONG,,aca0e3b9-1e75-496e-84ff-e96c9084f53f,a38f9189-ad87-11ef-a35e-005056b28600,CÔNG TY TNHH THƯƠNG MẠI VÀ DỊCH VỤ MIRA GROUP
b8468f8e-8ef4-11f1-9b18-005056b2a5de,10__VPB__TLG__XAH__FO3,THIÊN LONG Bút Bi Mực Xanh F03,Cái,Tổng,6.0,,0.0,,6.0,,0.0,,1831,1,fa38184a-1fa4-4183-9cea-abc31293fae2,,1,True,b98d3d37-8ef4-11f1-9b18-005056b2a5de,10__VPB__TLG__XAH__FO3,THIÊN LONG Bút Bi Mực Xanh F03,Văn Phòng Phẩm,THIÊN LONG,,,a38f9189-ad87-11ef-a35e-005056b28600,
b8468f8e-8ef4-11f1-9b18-005056b2a5de,10__VPB__TLG__XAH__FO3,Kho Kệ,Cái,Kho Kệ,6.0,,0.0,,6.0,,0.0,,1832,0,fa38184a-1fa4-4183-9cea-abc31293fae2,fa38184a-1fa4-4183-9cea-abc31293fae2,2,False,b98d3e0c-8ef4-11f1-9b18-005056b2a5de,10__VPB__TLG__XAH__FO3,THIÊN LONG Bút Bi Mực Xanh F03,Văn Phòng Phẩm,THIÊN LONG,,aca0e3b9-1e75-496e-84ff-e96c9084f53f,a38f9189-ad87-11ef-a35e-005056b28600,CÔNG TY TNHH THƯƠNG MẠI VÀ DỊCH VỤ MIRA GROUP
b8468f8e-8ef4-11f1-9b18-005056b2a5de,10__VPD__TLG__DAO__1,THIÊN LONG Dao Rọc Giấy,Cái,Tổng,6.0,,0.0,,0.0,,6.0,,1833,1,216bb254-1031-4cf2-946f-43e76fa70dd1,,1,True,b98d3edf-8ef4-11f1-9b18-005056b2a5de,10__VPD__TLG__DAO__1,THIÊN LONG Dao Rọc Giấy,Văn Phòng Phẩm,THIÊN LONG,,,a38f9189-ad87-11ef-a35e-005056b28600,
b8468f8e-8ef4-11f1-9b18-005056b2a5de,10__VPD__TLG__DAO__1,Kho Kệ,Cái,Kho Kệ,6.0,,0.0,,0.0,,6.0,,1834,0,216bb254-1031-4cf2-946f-43e76fa70dd1,216bb254-1031-4cf2-946f-43e76fa70dd1,2,False,b98d3fa6-8ef4-11f1-9b18-005056b2a5de,10__VPD__TLG__DAO__1,THIÊN LONG Dao Rọc Giấy,Văn Phòng Phẩm,THIÊN LONG,,aca0e3b9-1e75-496e-84ff-e96c9084f53f,a38f9189-ad87-11ef-a35e-005056b28600,CÔNG TY TNHH THƯƠNG MẠI VÀ DỊCH VỤ MIRA GROUP
b8468f8e-8ef4-11f1-9b18-005056b2a5de,10__VPD__TLG__LDO__10,THIÊN LONG Lưỡi Dao Rọc Giấy BL02 10 Cái,Cái,Tổng,38.0,,0.0,,2.0,,36.0,,1835,1,32d27479-9a8c-4d69-b455-7e7907b4dccb,,1,True,b98d407a-8ef4-11f1-9b18-005056b2a5de,10__VPD__TLG__LDO__10,THIÊN LONG Lưỡi Dao Rọc Giấy BL02 10 Cái,Văn Phòng Phẩm,THIÊN LONG,,,a38f9189-ad87-11ef-a35e-005056b28600,
b8468f8e-8ef4-11f1-9b18-005056b2a5de,10__VPD__TLG__LDO__10,Kho Kệ,Cái,Kho Kệ,38.0,,0.0,,2.0,,36.0,,1836,0,32d27479-9a8c-4d69-b455-7e7907b4dccb,32d27479-9a8c-4d69-b455-7e7907b4dccb,2,False,b98d4144-8ef4-11f1-9b18-005056b2a5de,10__VPD__TLG__LDO__10,THIÊN LONG Lưỡi Dao Rọc Giấy BL02 10 Cái,Văn Phòng Phẩm,THIÊN LONG,,aca0e3b9-1e75-496e-84ff-e96c9084f53f,a38f9189-ad87-11ef-a35e-005056b28600,CÔNG TY TNHH THƯƠNG MẠI VÀ DỊCH VỤ MIRA GROUP
b8468f8e-8ef4-11f1-9b18-005056b2a5de,10__VPG__COP__PA5__500,COPY Paper Xấp Giấy A5 500 Tờ,Gam,Tổng,8.0,,0.0,,0.0,,8.0,,1837,1,ef233ea9-8df9-4dcf-b341-03ba234cef6a,,1,True,b98d4212-8ef4-11f1-9b18-005056b2a5de,10__VPG__COP__PA5__500,COPY Paper Xấp Giấy A5 500 Tờ,Văn Phòng Phẩm,COPY,,,a38f9189-ad87-11ef-a35e-005056b28600,
b8468f8e-8ef4-11f1-9b18-005056b2a5de,10__VPG__COP__PA5__500,Kho Kệ,Gam,Kho Kệ,8.0,,0.0,,0.0,,8.0,,1838,0,ef233ea9-8df9-4dcf-b341-03ba234cef6a,ef233ea9-8df9-4dcf-b341-03ba234cef6a,2,False,b98d4345-8ef4-11f1-9b18-005056b2a5de,10__VPG__COP__PA5__500,COPY Paper Xấp Giấy A5 500 Tờ,Văn Phòng Phẩm,COPY,,aca0e3b9-1e75-496e-84ff-e96c9084f53f,a38f9189-ad87-11ef-a35e-005056b28600,CÔNG TY TNHH THƯƠNG MẠI VÀ DỊCH VỤ MIRA GROUP
b8468f8e-8ef4-11f1-9b18-005056b2a5de,10__VPI__ENE__A27__1,ENERGIZER Pin A27,Vỉ,Tổng,12.0,,0.0,,0.0,,12.0,,1839,1,f611ad50-ec5e-468e-b300-c861453c4e9c,,1,True,b98d4468-8ef4-11f1-9b18-005056b2a5de,10__VPI__ENE__A27__1,ENERGIZER Pin A27,Văn Phòng Phẩm,ENERGIZER,,,a38f9189-ad87-11ef-a35e-005056b28600,
b8468f8e-8ef4-11f1-9b18-005056b2a5de,10__VPI__ENE__A27__1,Kho Kệ,Vỉ,Kho Kệ,12.0,,0.0,,0.0,,12.0,,1840,0,f611ad50-ec5e-468e-b300-c861453c4e9c,f611ad50-ec5e-468e-b300-c861453c4e9c,2,False,b98d453b-8ef4-11f1-9b18-005056b2a5de,10__VPI__ENE__A27__1,ENERGIZER Pin A27,Văn Phòng Phẩm,ENERGIZER,,aca0e3b9-1e75-496e-84ff-e96c9084f53f,a38f9189-ad87-11ef-a35e-005056b28600,CÔNG TY TNHH THƯƠNG MẠI VÀ DỊCH VỤ MIRA GROUP
b8468f8e-8ef4-11f1-9b18-005056b2a5de,10__VPI__ENE__AA__SW4,EVEREADY Pin 915 AA SW4,Vỉ,Tổng,2.0,,0.0,,0.0,,2.0,,1841,1,2fec35fc-5b9c-483d-9797-e584becb38c0,,1,True,b98d46f0-8ef4-11f1-9b18-005056b2a5de,10__VPI__ENE__AA__SW4,EVEREADY Pin 915 AA SW4,Văn Phòng Phẩm,EVEREADY,,,a38f9189-ad87-11ef-a35e-005056b28600,
b8468f8e-8ef4-11f1-9b18-005056b2a5de,10__VPI__ENE__AA__SW4,Kho Kệ,Vỉ,Kho Kệ,2.0,,0.0,,0.0,,2.0,,1842,0,2fec35fc-5b9c-483d-9797-e584becb38c0,2fec35fc-5b9c-483d-9797-e584becb38c0,2,False,b98d47bf-8ef4-11f1-9b18-005056b2a5de,10__VPI__ENE__AA__SW4,EVEREADY Pin 915 AA SW4,Văn Phòng Phẩm,EVEREADY,,aca0e3b9-1e75-496e-84ff-e96c9084f53f,a38f9189-ad87-11ef-a35e-005056b28600,CÔNG TY TNHH THƯƠNG MẠI VÀ DỊCH VỤ MIRA GROUP
b8468f8e-8ef4-11f1-9b18-005056b2a5de,10__VPI__ENE__AA2__2,ENERGIZER Max Pin AA2,Vỉ,Tổng,0.0,,20.0,,3.0,,17.0,,1843,1,3a8a4b62-a158-456a-a7e5-d10f0e24abe8,,1,True,b98d488f-8ef4-11f1-9b18-005056b2a5de,10__VPI__ENE__AA2__2,ENERGIZER Max Pin AA2,Văn Phòng Phẩm,ENERGIZER,,,a38f9189-ad87-11ef-a35e-005056b28600,
b8468f8e-8ef4-11f1-9b18-005056b2a5de,10__VPI__ENE__AA2__2,Kho Kệ,Vỉ,Kho Kệ,0.0,,20.0,,3.0,,17.0,,1844,0,3a8a4b62-a158-456a-a7e5-d10f0e24abe8,3a8a4b62-a158-456a-a7e5-d10f0e24abe8,2,False,b98d495b-8ef4-11f1-9b18-005056b2a5de,10__VPI__ENE__AA2__2,ENERGIZER Max Pin AA2,Văn Phòng Phẩm,ENERGIZER,,aca0e3b9-1e75-496e-84ff-e96c9084f53f,a38f9189-ad87-11ef-a35e-005056b28600,CÔNG TY TNHH THƯƠNG MẠI VÀ DỊCH VỤ MIRA GROUP
b8468f8e-8ef4-11f1-9b18-005056b2a5de,10__VPI__ENE__AAA__2,ENERGIZER Max Pin AAA2,Vỉ,Tổng,2.0,,20.0,,0.0,,22.0,,1845,1,c6c0f8d4-aee1-4534-9bdd-380b1e63f530,,1,True,b98d4a2f-8ef4-11f1-9b18-005056b2a5de,10__VPI__ENE__AAA__2,ENERGIZER Max Pin AAA2,Văn Phòng Phẩm,ENERGIZER,,,a38f9189-ad87-11ef-a35e-005056b28600,
b8468f8e-8ef4-11f1-9b18-005056b2a5de,10__VPI__ENE__AAA__2,Kho Kệ,Vỉ,Kho Kệ,2.0,,20.0,,0.0,,22.0,,1846,0,c6c0f8d4-aee1-4534-9bdd-380b1e63f530,c6c0f8d4-aee1-4534-9bdd-380b1e63f530,2,False,b98d4b5b-8ef4-11f1-9b18-005056b2a5de,10__VPI__ENE__AAA__2,ENERGIZER Max Pin AAA2,Văn Phòng Phẩm,ENERGIZER,,aca0e3b9-1e75-496e-84ff-e96c9084f53f,a38f9189-ad87-11ef-a35e-005056b28600,CÔNG TY TNHH THƯƠNG MẠI VÀ DỊCH VỤ MIRA GROUP
b8468f8e-8ef4-11f1-9b18-005056b2a5de,10__VPI__ENE__AAA__SW4,EVEREADY Pin 912 AAA SW4,Vỉ,Tổng,1.0,,0.0,,1.0,,0.0,,1847,1,e4f6ae8e-2376-4406-898f-57a015d67a5b,,1,True,b98d4ca0-8ef4-11f1-9b18-005056b2a5de,10__VPI__ENE__AAA__SW4,EVEREADY Pin 912 AAA SW4,Văn Phòng Phẩm,EVEREADY,,,a38f9189-ad87-11ef-a35e-005056b28600,
b8468f8e-8ef4-11f1-9b18-005056b2a5de,10__VPI__ENE__AAA__SW4,Kho Kệ,Vỉ,Kho Kệ,1.0,,0.0,,1.0,,0.0,,1848,0,e4f6ae8e-2376-4406-898f-57a015d67a5b,e4f6ae8e-2376-4406-898f-57a015d67a5b,2,False,b98d4ddd-8ef4-11f1-9b18-005056b2a5de,10__VPI__ENE__AAA__SW4,EVEREADY Pin 912 AAA SW4,Văn Phòng Phẩm,EVEREADY,,aca0e3b9-1e75-496e-84ff-e96c9084f53f,a38f9189-ad87-11ef-a35e-005056b28600,CÔNG TY TNHH THƯƠNG MẠI VÀ DỊCH VỤ MIRA GROUP
b8468f8e-8ef4-11f1-9b18-005056b2a5de,10__VPI__ENE__LIT__PK5,ENERGIZER 2032 Pin Lithium,Vì,Tổng,6.0,,0.0,,1.0,,5.0,,1849,1,d839d402-a936-407e-b2ab-05f2c9aa1aac,,1,True,b98d4f25-8ef4-11f1-9b18-005056b2a5de,10__VPI__ENE__LIT__PK5,ENERGIZER 2032 Pin Lithium,Văn Phòng Phẩm,ENERGIZER,,,a38f9189-ad87-11ef-a35e-005056b28600,
b8468f8e-8ef4-11f1-9b18-005056b2a5de,10__VPI__ENE__LIT__PK5,Kho Kệ,Vì,Kho Kệ,6.0,,0.0,,1.0,,5.0,,1850,0,d839d402-a936-407e-b2ab-05f2c9aa1aac,d839d402-a936-407e-b2ab-05f2c9aa1aac,2,False,b98d4ff9-8ef4-11f1-9b18-005056b2a5de,10__VPI__ENE__LIT__PK5,ENERGIZER 2032 Pin Lithium,Văn Phòng Phẩm,ENERGIZER,,aca0e3b9-1e75-496e-84ff-e96c9084f53f,a38f9189-ad87-11ef-a35e-005056b28600,CÔNG TY TNHH THƯƠNG MẠI VÀ DỊCH VỤ MIRA GROUP
b8468f8e-8ef4-11f1-9b18-005056b2a5de,10__VPI__EVE__SW1__9V,EVEREADY Pin Super Heavy Duty 1222 SW1 9V,Cái,Tổng,10.0,,0.0,,0.0,,10.0,,1851,1,f93e14b7-f3d6-4b92-951f-58774b028ff9,,1,True,b98d50cb-8ef4-11f1-9b18-005056b2a5de,10__VPI__EVE__SW1__9V,EVEREADY Pin Super Heavy Duty 1222 SW1 9V,Văn Phòng Phẩm,EVEREADY,,,a38f9189-ad87-11ef-a35e-005056b28600,
b8468f8e-8ef4-11f1-9b18-005056b2a5de,10__VPI__EVE__SW1__9V,Kho Kệ,Cái,Kho Kệ,10.0,,0.0,,0.0,,10.0,,1852,0,f93e14b7-f3d6-4b92-951f-58774b028ff9,f93e14b7-f3d6-4b92-951f-58774b028ff9,2,False,b98d51f8-8ef4-11f1-9b18-005056b2a5de,10__VPI__EVE__SW1__9V,EVEREADY Pin Super Heavy Duty 1222 SW1 9V,Văn Phòng Phẩm,EVEREADY,,aca0e3b9-1e75-496e-84ff-e96c9084f53f,a38f9189-ad87-11ef-a35e-005056b28600,CÔNG TY TNHH THƯƠNG MẠI VÀ DỊCH VỤ MIRA GROUP
b8468f8e-8ef4-11f1-9b18-005056b2a5de,10__VPK__KEO__GLU__1,502 Keo Super Glue,Chai,Tổng,22.0,,0.0,,5.0,,17.0,,1853,1,ce9c4fe7-3b87-46e9-af59-7342c2c27d99,,1,True,b98d5356-8ef4-11f1-9b18-005056b2a5de,10__VPK__KEO__GLU__1,502 Keo Super Glue,Văn Phòng Phẩm,502,,,a38f9189-ad87-11ef-a35e-005056b28600,
b8468f8e-8ef4-11f1-9b18-005056b2a5de,10__VPK__KEO__GLU__1,Kho Kệ,Chai,Kho Kệ,22.0,,0.0,,5.0,,17.0,,1854,0,ce9c4fe7-3b87-46e9-af59-7342c2c27d99,ce9c4fe7-3b87-46e9-af59-7342c2c27d99,2,False,b98d5447-8ef4-11f1-9b18-005056b2a5de,10__VPK__KEO__GLU__1,502 Keo Super Glue,Văn Phòng Phẩm,502,,aca0e3b9-1e75-496e-84ff-e96c9084f53f,a38f9189-ad87-11ef-a35e-005056b28600,CÔNG TY TNHH THƯƠNG MẠI VÀ DỊCH VỤ MIRA GROUP
b8468f8e-8ef4-11f1-9b18-005056b2a5de,10__VPK__OPP__CAI__18,OPP Băng Keo Trong 18mm*18,Cái,Tổng,15.0,,0.0,,2.0,,13.0,,1855,1,d5a39425-d51a-4e8d-987d-81b8ace08951,,1,True,b98d5571-8ef4-11f1-9b18-005056b2a5de,10__VPK__OPP__CAI__18,OPP Băng Keo Trong 18mm*18,Văn Phòng Phẩm,Opp,,,a38f9189-ad87-11ef-a35e-005056b28600,
b8468f8e-8ef4-11f1-9b18-005056b2a5de,10__VPK__OPP__CAI__18,Kho Kệ,Cái,Kho Kệ,15.0,,0.0,,2.0,,13.0,,1856,0,d5a39425-d51a-4e8d-987d-81b8ace08951,d5a39425-d51a-4e8d-987d-81b8ace08951,2,False,b98d565b-8ef4-11f1-9b18-005056b2a5de,10__VPK__OPP__CAI__18,OPP Băng Keo Trong 18mm*18,Văn Phòng Phẩm,Opp,,aca0e3b9-1e75-496e-84ff-e96c9084f53f,a38f9189-ad87-11ef-a35e-005056b28600,CÔNG TY TNHH THƯƠNG MẠI VÀ DỊCH VỤ MIRA GROUP
b8468f8e-8ef4-11f1-9b18-005056b2a5de,10__VPK__OPP__CAI__24,OPP Băng Keo 2 Mặt 24mm,Cái,Tổng,7.0,,0.0,,0.0,,7.0,,1857,1,18f4bdc2-37e1-48e7-84c9-a65a8cee9e57,,1,True,b98d5728-8ef4-11f1-9b18-005056b2a5de,10__VPK__OPP__CAI__24,OPP Băng Keo 2 Mặt 24mm,Văn Phòng Phẩm,Opp,,,a38f9189-ad87-11ef-a35e-005056b28600,
b8468f8e-8ef4-11f1-9b18-005056b2a5de,10__VPK__OPP__CAI__24,Kho Kệ,Cái,Kho Kệ,7.0,,0.0,,0.0,,7.0,,1858,0,18f4bdc2-37e1-48e7-84c9-a65a8cee9e57,18f4bdc2-37e1-48e7-84c9-a65a8cee9e57,2,False,b98d57e7-8ef4-11f1-9b18-005056b2a5de,10__VPK__OPP__CAI__24,OPP Băng Keo 2 Mặt 24mm,Văn Phòng Phẩm,Opp,,aca0e3b9-1e75-496e-84ff-e96c9084f53f,a38f9189-ad87-11ef-a35e-005056b28600,CÔNG TY TNHH THƯƠNG MẠI VÀ DỊCH VỤ MIRA GROUP
b8468f8e-8ef4-11f1-9b18-005056b2a5de,10__VPK__TLG__HOP__1,THIÊN LONG Kim Bấm Số 10,Cái,Tổng,38.0,,0.0,,0.0,,38.0,,1859,1,533bb574-afbf-4b62-8de9-3385ce09bf8c,,1,True,b98d58f9-8ef4-11f1-9b18-005056b2a5de,10__VPK__TLG__HOP__1,THIÊN LONG Kim Bấm Số 10,Văn Phòng Phẩm,THIÊN LONG,,,a38f9189-ad87-11ef-a35e-005056b28600,
b8468f8e-8ef4-11f1-9b18-005056b2a5de,10__VPK__TLG__HOP__1,Kho Kệ,Cái,Kho Kệ,38.0,,0.0,,0.0,,38.0,,1860,0,533bb574-afbf-4b62-8de9-3385ce09bf8c,533bb574-afbf-4b62-8de9-3385ce09bf8c,2,False,b98d5a18-8ef4-11f1-9b18-005056b2a5de,10__VPK__TLG__HOP__1,THIÊN LONG Kim Bấm Số 10,Văn Phòng Phẩm,THIÊN LONG,,aca0e3b9-1e75-496e-84ff-e96c9084f53f,a38f9189-ad87-11ef-a35e-005056b28600,CÔNG TY TNHH THƯƠNG MẠI VÀ DỊCH VỤ MIRA GROUP
b8468f8e-8ef4-11f1-9b18-005056b2a5de,10__VPK__TLG__KIM__10,THIÊN LONG Bấm Kim Số 10,Cái,Tổng,6.0,,0.0,,0.0,,6.0,,1861,1,8c532c95-56af-4f5b-a04c-1eb24e9fc5cc,,1,True,b98d5aed-8ef4-11f1-9b18-005056b2a5de,10__VPK__TLG__KIM__10,THIÊN LONG Bấm Kim Số 10,Văn Phòng Phẩm,THIÊN LONG,,,a38f9189-ad87-11ef-a35e-005056b28600,
b8468f8e-8ef4-11f1-9b18-005056b2a5de,10__VPK__TLG__KIM__10,Kho Kệ,Cái,Kho Kệ,6.0,,0.0,,0.0,,6.0,,1862,0,8c532c95-56af-4f5b-a04c-1eb24e9fc5cc,8c532c95-56af-4f5b-a04c-1eb24e9fc5cc,2,False,b98d5be5-8ef4-11f1-9b18-005056b2a5de,10__VPK__TLG__KIM__10,THIÊN LONG Bấm Kim Số 10,Văn Phòng Phẩm,THIÊN LONG,,aca0e3b9-1e75-496e-84ff-e96c9084f53f,a38f9189-ad87-11ef-a35e-005056b28600,CÔNG TY TNHH THƯƠNG MẠI VÀ DỊCH VỤ MIRA GROUP
b8468f8e-8ef4-11f1-9b18-005056b2a5de,10__VPP__TLG__BA4__1,THIÊN LONG Bìa Trình Ký A4,Cái,Tổng,2.0,,0.0,,0.0,,2.0,,1863,1,7a107f92-ad55-4c90-980f-92500119315a,,1,True,b98d5cc6-8ef4-11f1-9b18-005056b2a5de,10__VPP__TLG__BA4__1,THIÊN LONG Bìa Trình Ký A4,Văn Phòng Phẩm,THIÊN LONG,,,a38f9189-ad87-11ef-a35e-005056b28600,
b8468f8e-8ef4-11f1-9b18-005056b2a5de,10__VPP__TLG__BA4__1,Kho Kệ,Cái,Kho Kệ,2.0,,0.0,,0.0,,2.0,,1864,0,7a107f92-ad55-4c90-980f-92500119315a,7a107f92-ad55-4c90-980f-92500119315a,2,False,b98d5dd7-8ef4-11f1-9b18-005056b2a5de,10__VPP__TLG__BA4__1,THIÊN LONG Bìa Trình Ký A4,Văn Phòng Phẩm,THIÊN LONG,,aca0e3b9-1e75-496e-84ff-e96c9084f53f,a38f9189-ad87-11ef-a35e-005056b28600,CÔNG TY TNHH THƯƠNG MẠI VÀ DỊCH VỤ MIRA GROUP
b8468f8e-8ef4-11f1-9b18-005056b2a5de,10__VPP__TLG__KEO__18,THIÊN LONG Kéo 18cm,Cái,Tổng,8.0,,0.0,,1.0,,7.0,,1865,1,300eff5a-9047-471f-bed1-610825cbbe65,,1,True,b98d5ed5-8ef4-11f1-9b18-005056b2a5de,10__VPP__TLG__KEO__18,THIÊN LONG Kéo 18cm,Văn Phòng Phẩm,THIÊN LONG,,,a38f9189-ad87-11ef-a35e-005056b28600,
b8468f8e-8ef4-11f1-9b18-005056b2a5de,10__VPP__TLG__KEO__18,Kho Kệ,Cái,Kho Kệ,8.0,,0.0,,1.0,,7.0,,1866,0,300eff5a-9047-471f-bed1-610825cbbe65,300eff5a-9047-471f-bed1-610825cbbe65,2,False,b98d5fd8-8ef4-11f1-9b18-005056b2a5de,10__VPP__TLG__KEO__18,THIÊN LONG Kéo 18cm,Văn Phòng Phẩm,THIÊN LONG,,aca0e3b9-1e75-496e-84ff-e96c9084f53f,a38f9189-ad87-11ef-a35e-005056b28600,CÔNG TY TNHH THƯƠNG MẠI VÀ DỊCH VỤ MIRA GROUP
b8468f8e-8ef4-11f1-9b18-005056b2a5de,10__VPP__TLG__NUT__1,THIÊN LONG Bìa Nút,Cái,Tổng,29.0,,0.0,,0.0,,29.0,,1867,1,eeb82eb4-4d39-43ca-a0e8-ca25a4d5df8a,,1,True,b98d610b-8ef4-11f1-9b18-005056b2a5de,10__VPP__TLG__NUT__1,THIÊN LONG Bìa Nút,Văn Phòng Phẩm,THIÊN LONG,,,a38f9189-ad87-11ef-a35e-005056b28600,
b8468f8e-8ef4-11f1-9b18-005056b2a5de,10__VPP__TLG__NUT__1,Kho Kệ,Cái,Kho Kệ,29.0,,0.0,,0.0,,29.0,,1868,0,eeb82eb4-4d39-43ca-a0e8-ca25a4d5df8a,eeb82eb4-4d39-43ca-a0e8-ca25a4d5df8a,2,False,b98d6205-8ef4-11f1-9b18-005056b2a5de,10__VPP__TLG__NUT__1,THIÊN LONG Bìa Nút,Văn Phòng Phẩm,THIÊN LONG,,aca0e3b9-1e75-496e-84ff-e96c9084f53f,a38f9189-ad87-11ef-a35e-005056b28600,CÔNG TY TNHH THƯƠNG MẠI VÀ DỊCH VỤ MIRA GROUP
b8468f8e-8ef4-11f1-9b18-005056b2a5de,10__VPP__TLG__THG__1,THIÊN LONG Thước Thẳng,Cái,Tổng,7.0,,0.0,,0.0,,7.0,,1869,1,14b44f98-8f69-4625-851b-0a32e1fe7155,,1,True,b98d62ef-8ef4-11f1-9b18-005056b2a5de,10__VPP__TLG__THG__1,THIÊN LONG Thước Thẳng,Văn Phòng Phẩm,THIÊN LONG,,,a38f9189-ad87-11ef-a35e-005056b28600,
b8468f8e-8ef4-11f1-9b18-005056b2a5de,10__VPP__TLG__THG__1,Kho Kệ,Cái,Kho Kệ,7.0,,0.0,,0.0,,7.0,,1870,0,14b44f98-8f69-4625-851b-0a32e1fe7155,14b44f98-8f69-4625-851b-0a32e1fe7155,2,False,b98d63c6-8ef4-11f1-9b18-005056b2a5de,10__VPP__TLG__THG__1,THIÊN LONG Thước Thẳng,Văn Phòng Phẩm,THIÊN LONG,,aca0e3b9-1e75-496e-84ff-e96c9084f53f,a38f9189-ad87-11ef-a35e-005056b28600,CÔNG TY TNHH THƯƠNG MẠI VÀ DỊCH VỤ MIRA GROUP
b8468f8e-8ef4-11f1-9b18-005056b2a5de,10__VPV__TLG__JOY__96,THIÊN LONG Vở 96 Trang Joyee,Cái,Tổng,8.0,,0.0,,8.0,,0.0,,1871,1,394e18fe-2e5d-477b-b510-114f69571e1f,,1,True,b98d6495-8ef4-11f1-9b18-005056b2a5de,10__VPV__TLG__JOY__96,THIÊN LONG Vở 96 Trang Joyee,Văn Phòng Phẩm,THIÊN LONG,,,a38f9189-ad87-11ef-a35e-005056b28600,
b8468f8e-8ef4-11f1-9b18-005056b2a5de,10__VPV__TLG__JOY__96,Kho Kệ,Cái,Kho Kệ,8.0,,0.0,,8.0,,0.0,,1872,0,394e18fe-2e5d-477b-b510-114f69571e1f,394e18fe-2e5d-477b-b510-114f69571e1f,2,False,b98d6553-8ef4-11f1-9b18-005056b2a5de,10__VPV__TLG__JOY__96,THIÊN LONG Vở 96 Trang Joyee,Văn Phòng Phẩm,THIÊN LONG,,aca0e3b9-1e75-496e-84ff-e96c9084f53f,a38f9189-ad87-11ef-a35e-005056b28600,CÔNG TY TNHH THƯƠNG MẠI VÀ DỊCH VỤ MIRA GROUP
b8468f8e-8ef4-11f1-9b18-005056b2a5de,11__BHQ__MIR__CAI__1,MIRA Hộp Quẹt,Cái,Tổng,1.0,,0.0,,0.0,,1.0,,1873,1,27d6bfc6-dd27-4cc4-8b65-eaaf26e1a28e,,1,True,b98d6623-8ef4-11f1-9b18-005056b2a5de,11__BHQ__MIR__CAI__1,MIRA Hộp Quẹt,Đồ Dùng Bếp,MIRA,,,a38f9189-ad87-11ef-a35e-005056b28600,
b8468f8e-8ef4-11f1-9b18-005056b2a5de,11__BHQ__MIR__CAI__1,Kho Kệ,Cái,Kho Kệ,1.0,,0.0,,0.0,,1.0,,1874,0,27d6bfc6-dd27-4cc4-8b65-eaaf26e1a28e,27d6bfc6-dd27-4cc4-8b65-eaaf26e1a28e,2,False,b98d66e2-8ef4-11f1-9b18-005056b2a5de,11__BHQ__MIR__CAI__1,MIRA Hộp Quẹt,Đồ Dùng Bếp,MIRA,,aca0e3b9-1e75-496e-84ff-e96c9084f53f,a38f9189-ad87-11ef-a35e-005056b28600,CÔNG TY TNHH THƯƠNG MẠI VÀ DỊCH VỤ MIRA GROUP
b8468f8e-8ef4-11f1-9b18-005056b2a5de,11__BLK__GIF__MAT__540,GIFT Lau Kính Sắc Biển Tươi Mát 540ml,Chai,Tổng,5.0,,0.0,,1.0,,4.0,,1875,1,0e4a7c57-f91c-4f38-afdd-d5a94f92f8a5,,1,True,b98d67aa-8ef4-11f1-9b18-005056b2a5de,11__BLK__GIF__MAT__540,GIFT Lau Kính Sắc Biển Tươi Mát 540ml,Đồ Dùng Bếp,GIFT,,,a38f9189-ad87-11ef-a35e-005056b28600,
b8468f8e-8ef4-11f1-9b18-005056b2a5de,11__BLK__GIF__MAT__540,Kho Kệ,Chai,Kho Kệ,5.0,,0.0,,1.0,,4.0,,1876,0,0e4a7c57-f91c-4f38-afdd-d5a94f92f8a5,0e4a7c57-f91c-4f38-afdd-d5a94f92f8a5,2,False,b98d6866-8ef4-11f1-9b18-005056b2a5de,11__BLK__GIF__MAT__540,GIFT Lau Kính Sắc Biển Tươi Mát 540ml,Đồ Dùng Bếp,GIFT,,aca0e3b9-1e75-496e-84ff-e96c9084f53f,a38f9189-ad87-11ef-a35e-005056b28600,CÔNG TY TNHH THƯƠNG MẠI VÀ DỊCH VỤ MIRA GROUP
b8468f8e-8ef4-11f1-9b18-005056b2a5de,11__BLS__SUN__BHA__1000,SUNLIGHT Lau Sàn Hương Hoa & Hạ Bạc Hà 1Kg,Chai,Tổng,1.0,,0.0,,0.0,,1.0,,1877,1,3741b0b3-da6f-43f0-a81f-a9f8a5d0f7c8,,1,True,b98d6ade-8ef4-11f1-9b18-005056b2a5de,11__BLS__SUN__BHA__1000,SUNLIGHT Lau Sàn Hương Hoa & Hạ Bạc Hà 1Kg,Đồ Dùng Bếp,SUNLIGHT,,,a38f9189-ad87-11ef-a35e-005056b28600,
b8468f8e-8ef4-11f1-9b18-005056b2a5de,11__BLS__SUN__BHA__1000,Kho Kệ,Chai,Kho Kệ,1.0,,0.0,,0.0,,1.0,,1878,0,3741b0b3-da6f-43f0-a81f-a9f8a5d0f7c8,3741b0b3-da6f-43f0-a81f-a9f8a5d0f7c8,2,False,b98d6bc1-8ef4-11f1-9b18-005056b2a5de,11__BLS__SUN__BHA__1000,SUNLIGHT Lau Sàn Hương Hoa & Hạ Bạc Hà 1Kg,Đồ Dùng Bếp,SUNLIGHT,,aca0e3b9-1e75-496e-84ff-e96c9084f53f,a38f9189-ad87-11ef-a35e-005056b28600,CÔNG TY TNHH THƯƠNG MẠI VÀ DỊCH VỤ MIRA GROUP
b8468f8e-8ef4-11f1-9b18-005056b2a5de,11__BLS__SUN__LAV__1000,SUNLIGHT Lau Sàn Hương Hoa Lavender 1Kg,Chai,Tổng,4.0,,0.0,,0.0,,4.0,,1879,1,91281c21-60f6-42d7-9e63-b0af72aa1a3c,,1,True,b98d6c8f-8ef4-11f1-9b18-005056b2a5de,11__BLS__SUN__LAV__1000,SUNLIGHT Lau Sàn Hương Hoa Lavender 1Kg,Đồ Dùng Bếp,SUNLIGHT,,,a38f9189-ad87-11ef-a35e-005056b28600,
b8468f8e-8ef4-11f1-9b18-005056b2a5de,11__BLS__SUN__LAV__1000,Kho Kệ,Chai,Kho Kệ,4.0,,0.0,,0.0,,4.0,,1880,0,91281c21-60f6-42d7-9e63-b0af72aa1a3c,91281c21-60f6-42d7-9e63-b0af72aa1a3c,2,False,b98d6d59-8ef4-11f1-9b18-005056b2a5de,11__BLS__SUN__LAV__1000,SUNLIGHT Lau Sàn Hương Hoa Lavender 1Kg,Đồ Dùng Bếp,SUNLIGHT,,aca0e3b9-1e75-496e-84ff-e96c9084f53f,a38f9189-ad87-11ef-a35e-005056b28600,CÔNG TY TNHH THƯƠNG MẠI VÀ DỊCH VỤ MIRA GROUP
b8468f8e-8ef4-11f1-9b18-005056b2a5de,11__BLS__SUN__LIL__1000,SUNLIGHT Lau Sàn Hương Hoa Lily & Bạch Trà 1Kg,Chai,Tổng,3.0,,0.0,,0.0,,3.0,,1881,1,2f509580-336e-46ef-9073-011ab0b2a8a4,,1,True,b98d6e27-8ef4-11f1-9b18-005056b2a5de,11__BLS__SUN__LIL__1000,SUNLIGHT Lau Sàn Hương Hoa Lily & Bạch Trà 1Kg,Đồ Dùng Bếp,SUNLIGHT,,,a38f9189-ad87-11ef-a35e-005056b28600,
b8468f8e-8ef4-11f1-9b18-005056b2a5de,11__BLS__SUN__LIL__1000,Kho Kệ,Chai,Kho Kệ,3.0,,0.0,,0.0,,3.0,,1882,0,2f509580-336e-46ef-9073-011ab0b2a8a4,2f509580-336e-46ef-9073-011ab0b2a8a4,2,False,b98d6f35-8ef4-11f1-9b18-005056b2a5de,11__BLS__SUN__LIL__1000,SUNLIGHT Lau Sàn Hương Hoa Lily & Bạch Trà 1Kg,Đồ Dùng Bếp,SUNLIGHT,,aca0e3b9-1e75-496e-84ff-e96c9084f53f,a38f9189-ad87-11ef-a35e-005056b28600,CÔNG TY TNHH THƯƠNG MẠI VÀ DỊCH VỤ MIRA GROUP
b8468f8e-8ef4-11f1-9b18-005056b2a5de,11__BLS__SUN__YUZ__1000,SUNLIGHT Lau Sàn Hương Chanh Yuzu Và Sả 1Kg,Chai,Tổng,11.0,,0.0,,0.0,,11.0,,1883,1,60fef4db-2bf3-4c1d-b965-ea7d98303eaf,,1,True,b98d7060-8ef4-11f1-9b18-005056b2a5de,11__BLS__SUN__YUZ__1000,SUNLIGHT Lau Sàn Hương Chanh Yuzu Và Sả 1Kg,Đồ Dùng Bếp,SUNLIGHT,,,a38f9189-ad87-11ef-a35e-005056b28600,
b8468f8e-8ef4-11f1-9b18-005056b2a5de,11__BLS__SUN__YUZ__1000,Kho Kệ,Chai,Kho Kệ,11.0,,0.0,,0.0,,11.0,,1884,0,60fef4db-2bf3-4c1d-b965-ea7d98303eaf,60fef4db-2bf3-4c1d-b965-ea7d98303eaf,2,False,b98d714a-8ef4-11f1-9b18-005056b2a5de,11__BLS__SUN__YUZ__1000,SUNLIGHT Lau Sàn Hương Chanh Yuzu Và Sả 1Kg,Đồ Dùng Bếp,SUNLIGHT,,aca0e3b9-1e75-496e-84ff-e96c9084f53f,a38f9189-ad87-11ef-a35e-005056b28600,CÔNG TY TNHH THƯƠNG MẠI VÀ DỊCH VỤ MIRA GROUP
b8468f8e-8ef4-11f1-9b18-005056b2a5de,11__BSA__MIR__BIH__1,MIRA Áo Mưa Sử Dụng 1 Lần,Cái,Tổng,9.0,,0.0,,8.0,,1.0,,1885,1,1e7f8c9e-b44d-41e8-b966-43426bf5680a,,1,True,b98d721a-8ef4-11f1-9b18-005056b2a5de,11__BSA__MIR__BIH__1,MIRA Áo Mưa Sử Dụng 1 Lần,,MIRA,,,a38f9189-ad87-11ef-a35e-005056b28600,
b8468f8e-8ef4-11f1-9b18-005056b2a5de,11__BSA__MIR__BIH__1,Kho Kệ,Cái,Kho Kệ,9.0,,0.0,,8.0,,1.0,,1886,0,1e7f8c9e-b44d-41e8-b966-43426bf5680a,1e7f8c9e-b44d-41e8-b966-43426bf5680a,2,False,b98d72db-8ef4-11f1-9b18-005056b2a5de,11__BSA__MIR__BIH__1,MIRA Áo Mưa Sử Dụng 1 Lần,,MIRA,,aca0e3b9-1e75-496e-84ff-e96c9084f53f,a38f9189-ad87-11ef-a35e-005056b28600,CÔNG TY TNHH THƯƠNG MẠI VÀ DỊCH VỤ MIRA GROUP
b8468f8e-8ef4-11f1-9b18-005056b2a5de,11__BSM__JUM__NHA__222,JUMBO Nhang Muỗi S2 222g,Hộp,Tổng,5.0,,0.0,,1.0,,4.0,,1887,1,d74c6bbf-5ad5-4b34-9829-b44cf8e73a82,,1,True,b98d73d6-8ef4-11f1-9b18-005056b2a5de,11__BSM__JUM__NHA__222,JUMBO Nhang Muỗi S2 222g,Đồ Dùng Bếp,JUMBO,,,a38f9189-ad87-11ef-a35e-005056b28600,
b8468f8e-8ef4-11f1-9b18-005056b2a5de,11__BSM__JUM__NHA__222,Kho Kệ,Hộp,Kho Kệ,5.0,,0.0,,1.0,,4.0,,1888,0,d74c6bbf-5ad5-4b34-9829-b44cf8e73a82,d74c6bbf-5ad5-4b34-9829-b44cf8e73a82,2,False,b98d74ac-8ef4-11f1-9b18-005056b2a5de,11__BSM__JUM__NHA__222,JUMBO Nhang Muỗi S2 222g,Đồ Dùng Bếp,JUMBO,,aca0e3b9-1e75-496e-84ff-e96c9084f53f,a38f9189-ad87-11ef-a35e-005056b28600,CÔNG TY TNHH THƯƠNG MẠI VÀ DỊCH VỤ MIRA GROUP
b8468f8e-8ef4-11f1-9b18-005056b2a5de,11__BSS__GLA__HOA__180,GLADE Sáp Thơm Tuyệt Tác Hương Hoa 180g,Hộp,Tổng,2.0,,0.0,,0.0,,2.0,,1889,1,92afe914-9091-4715-a988-ce4e539e06a6,,1,True,b98d7580-8ef4-11f1-9b18-005056b2a5de,11__BSS__GLA__HOA__180,GLADE Sáp Thơm Tuyệt Tác Hương Hoa 180g,Đồ Dùng Bếp,GLADE,,,a38f9189-ad87-11ef-a35e-005056b28600,
b8468f8e-8ef4-11f1-9b18-005056b2a5de,11__BSS__GLA__HOA__180,Kho Kệ,Hộp,Kho Kệ,2.0,,0.0,,0.0,,2.0,,1890,0,92afe914-9091-4715-a988-ce4e539e06a6,92afe914-9091-4715-a988-ce4e539e06a6,2,False,b98d7640-8ef4-11f1-9b18-005056b2a5de,11__BSS__GLA__HOA__180,GLADE Sáp Thơm Tuyệt Tác Hương Hoa 180g,Đồ Dùng Bếp,GLADE,,aca0e3b9-1e75-496e-84ff-e96c9084f53f,a38f9189-ad87-11ef-a35e-005056b28600,CÔNG TY TNHH THƯƠNG MẠI VÀ DỊCH VỤ MIRA GROUP
b8468f8e-8ef4-11f1-9b18-005056b2a5de,11__BSS__GLA__LAI__180,GLADE Sáp Thơm Hương Hoa Lài 180g,Hộp,Tổng,1.0,,0.0,,0.0,,1.0,,1891,1,5c657491-d436-4ced-98ae-a6dc69468ac6,,1,True,b98d7708-8ef4-11f1-9b18-005056b2a5de,11__BSS__GLA__LAI__180,GLADE Sáp Thơm Hương Hoa Lài 180g,Đồ Dùng Bếp,GLADE,,,a38f9189-ad87-11ef-a35e-005056b28600,
b8468f8e-8ef4-11f1-9b18-005056b2a5de,11__BSS__GLA__LAI__180,Kho Kệ,Hộp,Kho Kệ,1.0,,0.0,,0.0,,1.0,,1892,0,5c657491-d436-4ced-98ae-a6dc69468ac6,5c657491-d436-4ced-98ae-a6dc69468ac6,2,False,b98d77e0-8ef4-11f1-9b18-005056b2a5de,11__BSS__GLA__LAI__180,GLADE Sáp Thơm Hương Hoa Lài 180g,Đồ Dùng Bếp,GLADE,,aca0e3b9-1e75-496e-84ff-e96c9084f53f,a38f9189-ad87-11ef-a35e-005056b28600,CÔNG TY TNHH THƯƠNG MẠI VÀ DỊCH VỤ MIRA GROUP
b8468f8e-8ef4-11f1-9b18-005056b2a5de,11__BST__GLA__CHH__280,GLADE Bình Xịt Thơm Phòng Hương Chanh 280ml,Chai,Tổng,2.0,,0.0,,0.0,,2.0,,1893,1,f4697dd3-5c09-42b4-8fc8-041f804f88c6,,1,True,b98d78b3-8ef4-11f1-9b18-005056b2a5de,11__BST__GLA__CHH__280,GLADE Bình Xịt Thơm Phòng Hương Chanh 280ml,Đồ Dùng Bếp,GLADE,,,a38f9189-ad87-11ef-a35e-005056b28600,
b8468f8e-8ef4-11f1-9b18-005056b2a5de,11__BST__GLA__CHH__280,Kho Kệ,Chai,Kho Kệ,2.0,,0.0,,0.0,,2.0,,1894,0,f4697dd3-5c09-42b4-8fc8-041f804f88c6,f4697dd3-5c09-42b4-8fc8-041f804f88c6,2,False,b98d7970-8ef4-11f1-9b18-005056b2a5de,11__BST__GLA__CHH__280,GLADE Bình Xịt Thơm Phòng Hương Chanh 280ml,Đồ Dùng Bếp,GLADE,,aca0e3b9-1e75-496e-84ff-e96c9084f53f,a38f9189-ad87-11ef-a35e-005056b28600,CÔNG TY TNHH THƯƠNG MẠI VÀ DỊCH VỤ MIRA GROUP
b8468f8e-8ef4-11f1-9b18-005056b2a5de,11__BST__GLA__TTC__280,GLADE Bình Xịt Thơm Phòng Tuyệt Tác Hương Hoa 280ml,Chai,Tổng,2.0,,0.0,,1.0,,1.0,,1895,1,57915f2f-14bd-4951-9b5b-04cc78a8f1cb,,1,True,b98d7a39-8ef4-11f1-9b18-005056b2a5de,11__BST__GLA__TTC__280,GLADE Bình Xịt Thơm Phòng Tuyệt Tác Hương Hoa 280ml,Đồ Dùng Bếp,GLADE,,,a38f9189-ad87-11ef-a35e-005056b28600,
b8468f8e-8ef4-11f1-9b18-005056b2a5de,11__BST__GLA__TTC__280,Kho Kệ,Chai,Kho Kệ,2.0,,0.0,,1.0,,1.0,,1896,0,57915f2f-14bd-4951-9b5b-04cc78a8f1cb,57915f2f-14bd-4951-9b5b-04cc78a8f1cb,2,False,b98d7af9-8ef4-11f1-9b18-005056b2a5de,11__BST__GLA__TTC__280,GLADE Bình Xịt Thơm Phòng Tuyệt Tác Hương Hoa 280ml,Đồ Dùng Bếp,GLADE,,aca0e3b9-1e75-496e-84ff-e96c9084f53f,a38f9189-ad87-11ef-a35e-005056b28600,CÔNG TY TNHH THƯƠNG MẠI VÀ DỊCH VỤ MIRA GROUP
b8468f8e-8ef4-11f1-9b18-005056b2a5de,11__BSX__JUM__0MI__600,JUMBO Xịt Côn Trùng Không Mùi 600ml,Chai,Tổng,12.0,,0.0,,0.0,,12.0,,1897,1,61a55390-e1ee-4268-9ab7-05fe3f5a52b5,,1,True,b98d7bc1-8ef4-11f1-9b18-005056b2a5de,11__BSX__JUM__0MI__600,JUMBO Xịt Côn Trùng Không Mùi 600ml,Đồ Dùng Bếp,JUMBO,,,a38f9189-ad87-11ef-a35e-005056b28600,
b8468f8e-8ef4-11f1-9b18-005056b2a5de,11__BSX__JUM__0MI__600,Kho Kệ,Chai,Kho Kệ,12.0,,0.0,,0.0,,12.0,,1898,0,61a55390-e1ee-4268-9ab7-05fe3f5a52b5,61a55390-e1ee-4268-9ab7-05fe3f5a52b5,2,False,b98d7c7f-8ef4-11f1-9b18-005056b2a5de,11__BSX__JUM__0MI__600,JUMBO Xịt Côn Trùng Không Mùi 600ml,Đồ Dùng Bếp,JUMBO,,aca0e3b9-1e75-496e-84ff-e96c9084f53f,a38f9189-ad87-11ef-a35e-005056b28600,CÔNG TY TNHH THƯƠNG MẠI VÀ DỊCH VỤ MIRA GROUP
b8468f8e-8ef4-11f1-9b18-005056b2a5de,11__BSX__JUM__CCH__300,JUMBO Xịt Côn Trùng Cam Chanh 300ml,Chai,Tổng,15.0,,0.0,,0.0,,15.0,,1899,1,92f7fcc2-5373-43b5-9b24-9d0b97d2548a,,1,True,b98d7d43-8ef4-11f1-9b18-005056b2a5de,11__BSX__JUM__CCH__300,JUMBO Xịt Côn Trùng Cam Chanh 300ml,Đồ Dùng Bếp,JUMBO,,,a38f9189-ad87-11ef-a35e-005056b28600,
b8468f8e-8ef4-11f1-9b18-005056b2a5de,11__BSX__JUM__CCH__300,Kho Kệ,Chai,Kho Kệ,15.0,,0.0,,0.0,,15.0,,1900,0,92f7fcc2-5373-43b5-9b24-9d0b97d2548a,92f7fcc2-5373-43b5-9b24-9d0b97d2548a,2,False,b98d7e05-8ef4-11f1-9b18-005056b2a5de,11__BSX__JUM__CCH__300,JUMBO Xịt Côn Trùng Cam Chanh 300ml,Đồ Dùng Bếp,JUMBO,,aca0e3b9-1e75-496e-84ff-e96c9084f53f,a38f9189-ad87-11ef-a35e-005056b28600,CÔNG TY TNHH THƯƠNG MẠI VÀ DỊCH VỤ MIRA GROUP
b8468f8e-8ef4-11f1-9b18-005056b2a5de,11__BSX__JUM__CCH__660,JUMBO Xịt Côn Trùng Cam Chanh 660ml,Chai,Tổng,12.0,,0.0,,0.0,,12.0,,1901,1,6daa10e3-f8ba-4c23-9e4f-de59d33d4cda,,1,True,b98d7ed0-8ef4-11f1-9b18-005056b2a5de,11__BSX__JUM__CCH__660,JUMBO Xịt Côn Trùng Cam Chanh 660ml,Đồ Dùng Bếp,JUMBO,,,a38f9189-ad87-11ef-a35e-005056b28600,
b8468f8e-8ef4-11f1-9b18-005056b2a5de,11__BSX__JUM__CCH__660,Kho Kệ,Chai,Kho Kệ,12.0,,0.0,,0.0,,12.0,,1902,0,6daa10e3-f8ba-4c23-9e4f-de59d33d4cda,6daa10e3-f8ba-4c23-9e4f-de59d33d4cda,2,False,b98d7f90-8ef4-11f1-9b18-005056b2a5de,11__BSX__JUM__CCH__660,JUMBO Xịt Côn Trùng Cam Chanh 660ml,Đồ Dùng Bếp,JUMBO,,aca0e3b9-1e75-496e-84ff-e96c9084f53f,a38f9189-ad87-11ef-a35e-005056b28600,CÔNG TY TNHH THƯƠNG MẠI VÀ DỊCH VỤ MIRA GROUP
b8468f8e-8ef4-11f1-9b18-005056b2a5de,11__BSX__JUM__LAV__600,JUMBO Xịt Côn Trùng Lavender 600ml,Chai,Tổng,15.0,,0.0,,0.0,,15.0,,1903,1,0c5ed7b8-333e-462a-8c55-c6b5c63d5e74,,1,True,b98d805b-8ef4-11f1-9b18-005056b2a5de,11__BSX__JUM__LAV__600,JUMBO Xịt Côn Trùng Lavender 600ml,Đồ Dùng Bếp,JUMBO,,,a38f9189-ad87-11ef-a35e-005056b28600,
b8468f8e-8ef4-11f1-9b18-005056b2a5de,11__BSX__JUM__LAV__600,Kho Kệ,Chai,Kho Kệ,15.0,,0.0,,0.0,,15.0,,1904,0,0c5ed7b8-333e-462a-8c55-c6b5c63d5e74,0c5ed7b8-333e-462a-8c55-c6b5c63d5e74,2,False,b98d8174-8ef4-11f1-9b18-005056b2a5de,11__BSX__JUM__LAV__600,JUMBO Xịt Côn Trùng Lavender 600ml,Đồ Dùng Bếp,JUMBO,,aca0e3b9-1e75-496e-84ff-e96c9084f53f,a38f9189-ad87-11ef-a35e-005056b28600,CÔNG TY TNHH THƯƠNG MẠI VÀ DỊCH VỤ MIRA GROUP
b8468f8e-8ef4-11f1-9b18-005056b2a5de,11__BTR__GIF__TOI__600,GIFT Tẩy Rửa Toilet 600ml,Chai,Tổng,5.0,,0.0,,0.0,,5.0,,1905,1,cdf41b76-a3db-4ef3-aa43-e07038bef0d5,,1,True,b98d8428-8ef4-11f1-9b18-005056b2a5de,11__BTR__GIF__TOI__600,GIFT Tẩy Rửa Toilet 600ml,Đồ Dùng Bếp,GIFT,,,a38f9189-ad87-11ef-a35e-005056b28600,
b8468f8e-8ef4-11f1-9b18-005056b2a5de,11__BTR__GIF__TOI__600,Kho Kệ,Chai,Kho Kệ,5.0,,0.0,,0.0,,5.0,,1906,0,cdf41b76-a3db-4ef3-aa43-e07038bef0d5,cdf41b76-a3db-4ef3-aa43-e07038bef0d5,2,False,b98d851c-8ef4-11f1-9b18-005056b2a5de,11__BTR__GIF__TOI__600,GIFT Tẩy Rửa Toilet 600ml,Đồ Dùng Bếp,GIFT,,aca0e3b9-1e75-496e-84ff-e96c9084f53f,a38f9189-ad87-11ef-a35e-005056b28600,CÔNG TY TNHH THƯƠNG MẠI VÀ DỊCH VỤ MIRA GROUP
b8468f8e-8ef4-11f1-9b18-005056b2a5de,11__BTR__VIM__BHA__180,VIM Thả Bồn Cầu Hương Bạc Hà 180g,Vỉ,Tổng,7.0,,0.0,,1.0,,6.0,,1907,1,97c3980e-cb66-49f3-b273-b838e65cb5e6,,1,True,b98d85e9-8ef4-11f1-9b18-005056b2a5de,11__BTR__VIM__BHA__180,VIM Thả Bồn Cầu Hương Bạc Hà 180g,Đồ Dùng Bếp,VIM,,,a38f9189-ad87-11ef-a35e-005056b28600,
b8468f8e-8ef4-11f1-9b18-005056b2a5de,11__BTR__VIM__BHA__180,Kho Kệ,Vỉ,Kho Kệ,7.0,,0.0,,1.0,,6.0,,1908,0,97c3980e-cb66-49f3-b273-b838e65cb5e6,97c3980e-cb66-49f3-b273-b838e65cb5e6,2,False,b98d86b6-8ef4-11f1-9b18-005056b2a5de,11__BTR__VIM__BHA__180,VIM Thả Bồn Cầu Hương Bạc Hà 180g,Đồ Dùng Bếp,VIM,,aca0e3b9-1e75-496e-84ff-e96c9084f53f,a38f9189-ad87-11ef-a35e-005056b28600,CÔNG TY TNHH THƯƠNG MẠI VÀ DỊCH VỤ MIRA GROUP
b8468f8e-8ef4-11f1-9b18-005056b2a5de,11__BTR__VIM__CHH__50,VIM Treo Bồn Cầu Hương Chanh 50g,Cái,Tổng,11.0,,0.0,,0.0,,11.0,,1909,1,2d257012-be87-4729-b8b7-5eb7d27a7fa6,,1,True,b98d8782-8ef4-11f1-9b18-005056b2a5de,11__BTR__VIM__CHH__50,VIM Treo Bồn Cầu Hương Chanh 50g,Đồ Dùng Bếp,VIM,,,a38f9189-ad87-11ef-a35e-005056b28600,
b8468f8e-8ef4-11f1-9b18-005056b2a5de,11__BTR__VIM__CHH__50,Kho Kệ,Cái,Kho Kệ,3.0,,0.0,,0.0,,3.0,,1910,0,2d257012-be87-4729-b8b7-5eb7d27a7fa6,2d257012-be87-4729-b8b7-5eb7d27a7fa6,2,False,b98d8848-8ef4-11f1-9b18-005056b2a5de,11__BTR__VIM__CHH__50,VIM Treo Bồn Cầu Hương Chanh 50g,Đồ Dùng Bếp,VIM,,aca0e3b9-1e75-496e-84ff-e96c9084f53f,a38f9189-ad87-11ef-a35e-005056b28600,CÔNG TY TNHH THƯƠNG MẠI VÀ DỊCH VỤ MIRA GROUP
b8468f8e-8ef4-11f1-9b18-005056b2a5de,11__BTR__VIM__CHH__50,Kho MIRA,Cái,Kho MIRA,8.0,,0.0,,0.0,,8.0,,1911,0,2d257012-be87-4729-b8b7-5eb7d27a7fa6,2d257012-be87-4729-b8b7-5eb7d27a7fa6,2,False,b98d8a2f-8ef4-11f1-9b18-005056b2a5de,11__BTR__VIM__CHH__50,VIM Treo Bồn Cầu Hương Chanh 50g,Đồ Dùng Bếp,VIM,,485b5d06-306c-11f0-b467-005056b34af7,a38f9189-ad87-11ef-a35e-005056b28600,CÔNG TY TNHH THƯƠNG MẠI VÀ DỊCH VỤ MIRA GROUP
b8468f8e-8ef4-11f1-9b18-005056b2a5de,11__BTR__VIM__TRX__50,VIM Treo Bồn Cầu Hương Trà Xanh & Chanh 50g,Cái,Tổng,4.0,,0.0,,0.0,,4.0,,1912,1,9f4b6ee0-f774-491d-b0be-0de76d8754cc,,1,True,b98d8b0a-8ef4-11f1-9b18-005056b2a5de,11__BTR__VIM__TRX__50,VIM Treo Bồn Cầu Hương Trà Xanh & Chanh 50g,Đồ Dùng Bếp,VIM,,,a38f9189-ad87-11ef-a35e-005056b28600,
b8468f8e-8ef4-11f1-9b18-005056b2a5de,11__BTR__VIM__TRX__50,Kho Kệ,Cái,Kho Kệ,1.0,,0.0,,0.0,,1.0,,1913,0,9f4b6ee0-f774-491d-b0be-0de76d8754cc,9f4b6ee0-f774-491d-b0be-0de76d8754cc,2,False,b98d8c20-8ef4-11f1-9b18-005056b2a5de,11__BTR__VIM__TRX__50,VIM Treo Bồn Cầu Hương Trà Xanh & Chanh 50g,Đồ Dùng Bếp,VIM,,aca0e3b9-1e75-496e-84ff-e96c9084f53f,a38f9189-ad87-11ef-a35e-005056b28600,CÔNG TY TNHH THƯƠNG MẠI VÀ DỊCH VỤ MIRA GROUP
b8468f8e-8ef4-11f1-9b18-005056b2a5de,11__BTR__VIM__TRX__50,Kho MIRA,Cái,Kho MIRA,3.0,,0.0,,0.0,,3.0,,1914,0,9f4b6ee0-f774-491d-b0be-0de76d8754cc,9f4b6ee0-f774-491d-b0be-0de76d8754cc,2,False,b98d8cfc-8ef4-11f1-9b18-005056b2a5de,11__BTR__VIM__TRX__50,VIM Treo Bồn Cầu Hương Trà Xanh & Chanh 50g,Đồ Dùng Bếp,VIM,,485b5d06-306c-11f0-b467-005056b34af7,a38f9189-ad87-11ef-a35e-005056b28600,CÔNG TY TNHH THƯƠNG MẠI VÀ DỊCH VỤ MIRA GROUP
b8468f8e-8ef4-11f1-9b18-005056b2a5de,11__BTR__VIM__XAH__500,VIM Chai Xanh Biển 500ml,Chai,Tổng,1.0,,0.0,,0.0,,1.0,,1915,1,e102ff83-48bf-46f3-a4cb-fd3d7b9bdbd5,,1,True,b98d8dd6-8ef4-11f1-9b18-005056b2a5de,11__BTR__VIM__XAH__500,VIM Chai Xanh Biển 500ml,Đồ Dùng Bếp,VIM,,,a38f9189-ad87-11ef-a35e-005056b28600,
b8468f8e-8ef4-11f1-9b18-005056b2a5de,11__BTR__VIM__XAH__500,Kho Kệ,Chai,Kho Kệ,1.0,,0.0,,0.0,,1.0,,1916,0,e102ff83-48bf-46f3-a4cb-fd3d7b9bdbd5,e102ff83-48bf-46f3-a4cb-fd3d7b9bdbd5,2,False,b98d8e98-8ef4-11f1-9b18-005056b2a5de,11__BTR__VIM__XAH__500,VIM Chai Xanh Biển 500ml,Đồ Dùng Bếp,VIM,,aca0e3b9-1e75-496e-84ff-e96c9084f53f,a38f9189-ad87-11ef-a35e-005056b28600,CÔNG TY TNHH THƯƠNG MẠI VÀ DỊCH VỤ MIRA GROUP
b8468f8e-8ef4-11f1-9b18-005056b2a5de,11__BTT__NTU__HOP__1,Tăm Tre Tiệt Trùng Ngọc Thu,Hộp,Tổng,9.0,,0.0,,1.0,,8.0,,1917,1,98e87798-39b0-4246-b3fa-a60cdf080ff1,,1,True,b98d8f98-8ef4-11f1-9b18-005056b2a5de,11__BTT__NTU__HOP__1,Tăm Tre Tiệt Trùng Ngọc Thu,Đồ Dùng Bếp,Ngọc Thu,,,a38f9189-ad87-11ef-a35e-005056b28600,
b8468f8e-8ef4-11f1-9b18-005056b2a5de,11__BTT__NTU__HOP__1,Kho Kệ,Hộp,Kho Kệ,9.0,,0.0,,1.0,,8.0,,1918,0,98e87798-39b0-4246-b3fa-a60cdf080ff1,98e87798-39b0-4246-b3fa-a60cdf080ff1,2,False,b98d9063-8ef4-11f1-9b18-005056b2a5de,11__BTT__NTU__HOP__1,Tăm Tre Tiệt Trùng Ngọc Thu,Đồ Dùng Bếp,Ngọc Thu,,aca0e3b9-1e75-496e-84ff-e96c9084f53f,a38f9189-ad87-11ef-a35e-005056b28600,CÔNG TY TNHH THƯƠNG MẠI VÀ DỊCH VỤ MIRA GROUP
b8468f8e-8ef4-11f1-9b18-005056b2a5de,11__BVC__SUN__BEP__690,SUNLIGHT Kem Tẩy Chuyên Dụng 690g,Chai,Tổng,16.0,,0.0,,1.0,,15.0,,1919,1,fb9fb2e1-304e-4471-af00-487595b62edc,,1,True,b98d9129-8ef4-11f1-9b18-005056b2a5de,11__BVC__SUN__BEP__690,SUNLIGHT Kem Tẩy Chuyên Dụng 690g,Đồ Dùng Bếp,SUNLIGHT,,,a38f9189-ad87-11ef-a35e-005056b28600,
b8468f8e-8ef4-11f1-9b18-005056b2a5de,11__BVC__SUN__BEP__690,Kho Kệ,Chai,Kho Kệ,16.0,,0.0,,1.0,,15.0,,1920,0,fb9fb2e1-304e-4471-af00-487595b62edc,fb9fb2e1-304e-4471-af00-487595b62edc,2,False,b98d91ed-8ef4-11f1-9b18-005056b2a5de,11__BVC__SUN__BEP__690,SUNLIGHT Kem Tẩy Chuyên Dụng 690g,Đồ Dùng Bếp,SUNLIGHT,,aca0e3b9-1e75-496e-84ff-e96c9084f53f,a38f9189-ad87-11ef-a35e-005056b28600,CÔNG TY TNHH THƯƠNG MẠI VÀ DỊCH VỤ MIRA GROUP
b8468f8e-8ef4-11f1-9b18-005056b2a5de,11__BVL__SUN__CSA__500,SUNLIGHT Lau Đa Năng Chanh Và Sả 500ml,Chai,Tổng,7.0,,0.0,,0.0,,7.0,,1921,1,8892e87d-22cc-4ee9-ac4f-30477f354fde,,1,True,b98d92b1-8ef4-11f1-9b18-005056b2a5de,11__BVL__SUN__CSA__500,SUNLIGHT Lau Đa Năng Chanh Và Sả 500ml,Đồ Dùng Bếp,SUNLIGHT,,,a38f9189-ad87-11ef-a35e-005056b28600,
b8468f8e-8ef4-11f1-9b18-005056b2a5de,11__BVL__SUN__CSA__500,Kho Kệ,Chai,Kho Kệ,7.0,,0.0,,0.0,,7.0,,1922,0,8892e87d-22cc-4ee9-ac4f-30477f354fde,8892e87d-22cc-4ee9-ac4f-30477f354fde,2,False,b98d936f-8ef4-11f1-9b18-005056b2a5de,11__BVL__SUN__CSA__500,SUNLIGHT Lau Đa Năng Chanh Và Sả 500ml,Đồ Dùng Bếp,SUNLIGHT,,aca0e3b9-1e75-496e-84ff-e96c9084f53f,a38f9189-ad87-11ef-a35e-005056b28600,CÔNG TY TNHH THƯƠNG MẠI VÀ DỊCH VỤ MIRA GROUP
b8468f8e-8ef4-11f1-9b18-005056b2a5de,11__BVL__SUN__POW__500,SUNLIGHT Lau Bếp Bọt Tuyết Powerfoam 500ml,Chai,Tổng,10.0,,0.0,,4.0,,6.0,,1923,1,d7d0675b-1502-43f1-9a88-dccb5f49e8f4,,1,True,b98d9459-8ef4-11f1-9b18-005056b2a5de,11__BVL__SUN__POW__500,SUNLIGHT Lau Bếp Bọt Tuyết Powerfoam 500ml,Đồ Dùng Bếp,SUNLIGHT,,,a38f9189-ad87-11ef-a35e-005056b28600,
b8468f8e-8ef4-11f1-9b18-005056b2a5de,11__BVL__SUN__POW__500,Kho Kệ,Chai,Kho Kệ,10.0,,0.0,,4.0,,6.0,,1924,0,d7d0675b-1502-43f1-9a88-dccb5f49e8f4,d7d0675b-1502-43f1-9a88-dccb5f49e8f4,2,False,b98d952f-8ef4-11f1-9b18-005056b2a5de,11__BVL__SUN__POW__500,SUNLIGHT Lau Bếp Bọt Tuyết Powerfoam 500ml,Đồ Dùng Bếp,SUNLIGHT,,aca0e3b9-1e75-496e-84ff-e96c9084f53f,a38f9189-ad87-11ef-a35e-005056b28600,CÔNG TY TNHH THƯƠNG MẠI VÀ DỊCH VỤ MIRA GROUP
b8468f8e-8ef4-11f1-9b18-005056b2a5de,11__BVN__HOM__CAM__750,HOMEY Nước Rửa Chén Hương Cam Satsuma 750g,Chai,Tổng,2.0,,0.0,,0.0,,2.0,,1925,1,2bfda161-3267-4de8-a398-7cc631bf3e30,,1,True,b98d95f8-8ef4-11f1-9b18-005056b2a5de,11__BVN__HOM__CAM__750,HOMEY Nước Rửa Chén Hương Cam Satsuma 750g,Đồ Dùng Bếp,HOMEY,,,a38f9189-ad87-11ef-a35e-005056b28600,
b8468f8e-8ef4-11f1-9b18-005056b2a5de,11__BVN__HOM__CAM__750,Kho Kệ,Chai,Kho Kệ,2.0,,0.0,,0.0,,2.0,,1926,0,2bfda161-3267-4de8-a398-7cc631bf3e30,2bfda161-3267-4de8-a398-7cc631bf3e30,2,False,b98d96b9-8ef4-11f1-9b18-005056b2a5de,11__BVN__HOM__CAM__750,HOMEY Nước Rửa Chén Hương Cam Satsuma 750g,Đồ Dùng Bếp,HOMEY,,aca0e3b9-1e75-496e-84ff-e96c9084f53f,a38f9189-ad87-11ef-a35e-005056b28600,CÔNG TY TNHH THƯƠNG MẠI VÀ DỊCH VỤ MIRA GROUP
b8468f8e-8ef4-11f1-9b18-005056b2a5de,11__BVN__SUN__CHH__400,SUNLIGHT Nước Rửa Chén Chanh 100 400g,Chai,Tổng,11.0,,0.0,,0.0,,11.0,,1927,1,158cff02-8eb0-4b4d-bd26-6893eb656838,,1,True,b98d9782-8ef4-11f1-9b18-005056b2a5de,11__BVN__SUN__CHH__400,SUNLIGHT Nước Rửa Chén Chanh 100 400g,Đồ Dùng Bếp,SUNLIGHT,,,a38f9189-ad87-11ef-a35e-005056b28600,
b8468f8e-8ef4-11f1-9b18-005056b2a5de,11__BVN__SUN__CHH__400,Kho Kệ,Chai,Kho Kệ,11.0,,0.0,,0.0,,11.0,,1928,0,158cff02-8eb0-4b4d-bd26-6893eb656838,158cff02-8eb0-4b4d-bd26-6893eb656838,2,False,b98d9841-8ef4-11f1-9b18-005056b2a5de,11__BVN__SUN__CHH__400,SUNLIGHT Nước Rửa Chén Chanh 100 400g,Đồ Dùng Bếp,SUNLIGHT,,aca0e3b9-1e75-496e-84ff-e96c9084f53f,a38f9189-ad87-11ef-a35e-005056b28600,CÔNG TY TNHH THƯƠNG MẠI VÀ DỊCH VỤ MIRA GROUP
b8468f8e-8ef4-11f1-9b18-005056b2a5de,11__BVN__SUN__LHI__400,SUNLIGHT Nước Rửa Chén Thiên Nhiên Lô Hội 400g,Chai,Tổng,5.0,,0.0,,2.0,,3.0,,1929,1,08ef4768-8de3-4fc4-95e9-af70a5b6ad60,,1,True,b98d992a-8ef4-11f1-9b18-005056b2a5de,11__BVN__SUN__LHI__400,SUNLIGHT Nước Rửa Chén Thiên Nhiên Lô Hội 400g,Đồ Dùng Bếp,SUNLIGHT,,,a38f9189-ad87-11ef-a35e-005056b28600,
b8468f8e-8ef4-11f1-9b18-005056b2a5de,11__BVN__SUN__LHI__400,Kho Kệ,Chai,Kho Kệ,5.0,,0.0,,2.0,,3.0,,1930,0,08ef4768-8de3-4fc4-95e9-af70a5b6ad60,08ef4768-8de3-4fc4-95e9-af70a5b6ad60,2,False,b98d9a64-8ef4-11f1-9b18-005056b2a5de,11__BVN__SUN__LHI__400,SUNLIGHT Nước Rửa Chén Thiên Nhiên Lô Hội 400g,Đồ Dùng Bếp,SUNLIGHT,,aca0e3b9-1e75-496e-84ff-e96c9084f53f,a38f9189-ad87-11ef-a35e-005056b28600,CÔNG TY TNHH THƯƠNG MẠI VÀ DỊCH VỤ MIRA GROUP
b8468f8e-8ef4-11f1-9b18-005056b2a5de,11__BVN__SUN__MAT__400,SUNLIGHT Nước Rửa Chén Matcha Trà Nhật 400g,Chai,Tổng,1.0,,0.0,,0.0,,1.0,,1931,1,86ce3155-2c0d-4df0-8e7e-f3bf0bb699bc,,1,True,b98d9b92-8ef4-11f1-9b18-005056b2a5de,11__BVN__SUN__MAT__400,SUNLIGHT Nước Rửa Chén Matcha Trà Nhật 400g,Đồ Dùng Bếp,SUNLIGHT,,,a38f9189-ad87-11ef-a35e-005056b28600,
b8468f8e-8ef4-11f1-9b18-005056b2a5de,11__BVN__SUN__MAT__400,Kho Kệ,Chai,Kho Kệ,1.0,,0.0,,0.0,,1.0,,1932,0,86ce3155-2c0d-4df0-8e7e-f3bf0bb699bc,86ce3155-2c0d-4df0-8e7e-f3bf0bb699bc,2,False,b98d9c63-8ef4-11f1-9b18-005056b2a5de,11__BVN__SUN__MAT__400,SUNLIGHT Nước Rửa Chén Matcha Trà Nhật 400g,Đồ Dùng Bếp,SUNLIGHT,,aca0e3b9-1e75-496e-84ff-e96c9084f53f,a38f9189-ad87-11ef-a35e-005056b28600,CÔNG TY TNHH THƯƠNG MẠI VÀ DỊCH VỤ MIRA GROUP
b8468f8e-8ef4-11f1-9b18-005056b2a5de,11__VNG__HYG__DEN__1800,HYGIENE Nước Giặt Túi Đen 1.8L,Bịch,Tổng,8.0,,0.0,,0.0,,8.0,,1933,1,37f7fca6-fe43-4b89-9847-1001862122de,,1,True,b98d9d54-8ef4-11f1-9b18-005056b2a5de,11__VNG__HYG__DEN__1800,HYGIENE Nước Giặt Túi Đen 1.8L,Chăm Sóc Quần Áo,HYGIENE,,,a38f9189-ad87-11ef-a35e-005056b28600,
b8468f8e-8ef4-11f1-9b18-005056b2a5de,11__VNG__HYG__DEN__1800,Kho Kệ,Bịch,Kho Kệ,8.0,,0.0,,0.0,,8.0,,1934,0,37f7fca6-fe43-4b89-9847-1001862122de,37f7fca6-fe43-4b89-9847-1001862122de,2,False,b98d9e51-8ef4-11f1-9b18-005056b2a5de,11__VNG__HYG__DEN__1800,HYGIENE Nước Giặt Túi Đen 1.8L,Chăm Sóc Quần Áo,HYGIENE,,aca0e3b9-1e75-496e-84ff-e96c9084f53f,a38f9189-ad87-11ef-a35e-005056b28600,CÔNG TY TNHH THƯƠNG MẠI VÀ DỊCH VỤ MIRA GROUP
b8468f8e-8ef4-11f1-9b18-005056b2a5de,11__VNG__OMO__3I1__210,OMO Viên Giặt 3in1 Hương Tươi Mát 210g,Hộp,Tổng,4.0,,0.0,,0.0,,4.0,,1935,1,97405aa6-d925-49de-b550-9614af21f32a,,1,True,b98d9f2e-8ef4-11f1-9b18-005056b2a5de,11__VNG__OMO__3I1__210,OMO Viên Giặt 3in1 Hương Tươi Mát 210g,Chăm Sóc Quần Áo,OMO,,,a38f9189-ad87-11ef-a35e-005056b28600,
b8468f8e-8ef4-11f1-9b18-005056b2a5de,11__VNG__OMO__3I1__210,Kho Kệ,Hộp,Kho Kệ,4.0,,0.0,,0.0,,4.0,,1936,0,97405aa6-d925-49de-b550-9614af21f32a,97405aa6-d925-49de-b550-9614af21f32a,2,False,b98da00d-8ef4-11f1-9b18-005056b2a5de,11__VNG__OMO__3I1__210,OMO Viên Giặt 3in1 Hương Tươi Mát 210g,Chăm Sóc Quần Áo,OMO,,aca0e3b9-1e75-496e-84ff-e96c9084f53f,a38f9189-ad87-11ef-a35e-005056b28600,CÔNG TY TNHH THƯƠNG MẠI VÀ DỊCH VỤ MIRA GROUP
b8468f8e-8ef4-11f1-9b18-005056b2a5de,11__VNG__OMO__COM__350,OMO COMFORT Bột Giặt Tinh Dầu Thơm Sang Trọng 350g,Bịch,Tổng,2.0,,0.0,,2.0,,0.0,,1937,1,e63ff858-4fe8-4822-b336-e86b165c1d1a,,1,True,b98da100-8ef4-11f1-9b18-005056b2a5de,11__VNG__OMO__COM__350,OMO COMFORT Bột Giặt Tinh Dầu Thơm Sang Trọng 350g,Chăm Sóc Quần Áo,OMO,,,a38f9189-ad87-11ef-a35e-005056b28600,
b8468f8e-8ef4-11f1-9b18-005056b2a5de,11__VNG__OMO__COM__350,Kho Kệ,Bịch,Kho Kệ,2.0,,0.0,,2.0,,0.0,,1938,0,e63ff858-4fe8-4822-b336-e86b165c1d1a,e63ff858-4fe8-4822-b336-e86b165c1d1a,2,False,b98da1c3-8ef4-11f1-9b18-005056b2a5de,11__VNG__OMO__COM__350,OMO COMFORT Bột Giặt Tinh Dầu Thơm Sang Trọng 350g,Chăm Sóc Quần Áo,OMO,,aca0e3b9-1e75-496e-84ff-e96c9084f53f,a38f9189-ad87-11ef-a35e-005056b28600,CÔNG TY TNHH THƯƠNG MẠI VÀ DỊCH VỤ MIRA GROUP
b8468f8e-8ef4-11f1-9b18-005056b2a5de,11__VNG__OMO__ECU__1800,"OMO Nước Giặt Cửa Trên Hoa Hồng Ecuador 1,8Kg",Bịch,Tổng,2.0,,0.0,,1.0,,1.0,,1939,1,19cc3996-b2b7-47f7-8205-98dd48650e5b,,1,True,b98da2c0-8ef4-11f1-9b18-005056b2a5de,11__VNG__OMO__ECU__1800,"OMO Nước Giặt Cửa Trên Hoa Hồng Ecuador 1,8Kg",Chăm Sóc Quần Áo,OMO,,,a38f9189-ad87-11ef-a35e-005056b28600,
b8468f8e-8ef4-11f1-9b18-005056b2a5de,11__VNG__OMO__ECU__1800,Kho Kệ,Bịch,Kho Kệ,2.0,,0.0,,1.0,,1.0,,1940,0,19cc3996-b2b7-47f7-8205-98dd48650e5b,19cc3996-b2b7-47f7-8205-98dd48650e5b,2,False,b98da3f3-8ef4-11f1-9b18-005056b2a5de,11__VNG__OMO__ECU__1800,"OMO Nước Giặt Cửa Trên Hoa Hồng Ecuador 1,8Kg",Chăm Sóc Quần Áo,OMO,,aca0e3b9-1e75-496e-84ff-e96c9084f53f,a38f9189-ad87-11ef-a35e-005056b28600,CÔNG TY TNHH THƯƠNG MẠI VÀ DỊCH VỤ MIRA GROUP
b8468f8e-8ef4-11f1-9b18-005056b2a5de,11__VNG__OMO__MAT__1900,OMO Nước Giặt Matic Cửa Trên Sạch Thơm Vượt Trội 1.9Kg,Bịch,Tổng,2.0,,0.0,,0.0,,2.0,,1941,1,a87e0fb0-aa39-41c9-ab43-0e9dcbced00b,,1,True,b98da4fc-8ef4-11f1-9b18-005056b2a5de,11__VNG__OMO__MAT__1900,OMO Nước Giặt Matic Cửa Trên Sạch Thơm Vượt Trội 1.9Kg,Chăm Sóc Quần Áo,OMO,,,a38f9189-ad87-11ef-a35e-005056b28600,
b8468f8e-8ef4-11f1-9b18-005056b2a5de,11__VNG__OMO__MAT__1900,Kho Kệ,Bịch,Kho Kệ,2.0,,0.0,,0.0,,2.0,,1942,0,a87e0fb0-aa39-41c9-ab43-0e9dcbced00b,a87e0fb0-aa39-41c9-ab43-0e9dcbced00b,2,False,b98da5ff-8ef4-11f1-9b18-005056b2a5de,11__VNG__OMO__MAT__1900,OMO Nước Giặt Matic Cửa Trên Sạch Thơm Vượt Trội 1.9Kg,Chăm Sóc Quần Áo,OMO,,aca0e3b9-1e75-496e-84ff-e96c9084f53f,a38f9189-ad87-11ef-a35e-005056b28600,CÔNG TY TNHH THƯƠNG MẠI VÀ DỊCH VỤ MIRA GROUP
b8468f8e-8ef4-11f1-9b18-005056b2a5de,11__VNG__OMO__TRE__1800,"OMO Nước Giặt Cửa Trên Giữ Màu 1,8Kg",Bịch,Tổng,3.0,,0.0,,0.0,,3.0,,1943,1,027c8924-1bbb-4ca7-8370-1134df5ca6df,,1,True,b98da769-8ef4-11f1-9b18-005056b2a5de,11__VNG__OMO__TRE__1800,"OMO Nước Giặt Cửa Trên Giữ Màu 1,8Kg",Chăm Sóc Quần Áo,OMO,,,a38f9189-ad87-11ef-a35e-005056b28600,
b8468f8e-8ef4-11f1-9b18-005056b2a5de,11__VNG__OMO__TRE__1800,Kho Kệ,Bịch,Kho Kệ,3.0,,0.0,,0.0,,3.0,,1944,0,027c8924-1bbb-4ca7-8370-1134df5ca6df,027c8924-1bbb-4ca7-8370-1134df5ca6df,2,False,b98da9fd-8ef4-11f1-9b18-005056b2a5de,11__VNG__OMO__TRE__1800,"OMO Nước Giặt Cửa Trên Giữ Màu 1,8Kg",Chăm Sóc Quần Áo,OMO,,aca0e3b9-1e75-496e-84ff-e96c9084f53f,a38f9189-ad87-11ef-a35e-005056b28600,CÔNG TY TNHH THƯƠNG MẠI VÀ DỊCH VỤ MIRA GROUP
b8468f8e-8ef4-11f1-9b18-005056b2a5de,11__VNG__OMO__TTE__210,OMO Viên Giặt 3in1 Hương Tinh Tế 210g,Hộp,Tổng,2.0,,0.0,,0.0,,2.0,,1945,1,eb07a2c0-740d-4b68-b417-86bf6477e810,,1,True,b98dab02-8ef4-11f1-9b18-005056b2a5de,11__VNG__OMO__TTE__210,OMO Viên Giặt 3in1 Hương Tinh Tế 210g,Chăm Sóc Quần Áo,OMO,,,a38f9189-ad87-11ef-a35e-005056b28600,
b8468f8e-8ef4-11f1-9b18-005056b2a5de,11__VNG__OMO__TTE__210,Kho Kệ,Hộp,Kho Kệ,2.0,,0.0,,0.0,,2.0,,1946,0,eb07a2c0-740d-4b68-b417-86bf6477e810,eb07a2c0-740d-4b68-b417-86bf6477e810,2,False,b98dac27-8ef4-11f1-9b18-005056b2a5de,11__VNG__OMO__TTE__210,OMO Viên Giặt 3in1 Hương Tinh Tế 210g,Chăm Sóc Quần Áo,OMO,,aca0e3b9-1e75-496e-84ff-e96c9084f53f,a38f9189-ad87-11ef-a35e-005056b28600,CÔNG TY TNHH THƯƠNG MẠI VÀ DỊCH VỤ MIRA GROUP
b8468f8e-8ef4-11f1-9b18-005056b2a5de,11__VNG_HYG__TRG__1800,HYGIENE Nước Giặt Túi Trắng 1.8L,Bịch,Tổng,8.0,,0.0,,0.0,,8.0,,1947,1,934b26b5-96f7-4cbf-8e08-76e96cbea7aa,,1,True,b98dad54-8ef4-11f1-9b18-005056b2a5de,11__VNG_HYG__TRG__1800,HYGIENE Nước Giặt Túi Trắng 1.8L,Chăm Sóc Quần Áo,HYGIENE,,,a38f9189-ad87-11ef-a35e-005056b28600,
b8468f8e-8ef4-11f1-9b18-005056b2a5de,11__VNG_HYG__TRG__1800,Kho Kệ,Bịch,Kho Kệ,8.0,,0.0,,0.0,,8.0,,1948,0,934b26b5-96f7-4cbf-8e08-76e96cbea7aa,934b26b5-96f7-4cbf-8e08-76e96cbea7aa,2,False,b98daf5b-8ef4-11f1-9b18-005056b2a5de,11__VNG_HYG__TRG__1800,HYGIENE Nước Giặt Túi Trắng 1.8L,Chăm Sóc Quần Áo,HYGIENE,,aca0e3b9-1e75-496e-84ff-e96c9084f53f,a38f9189-ad87-11ef-a35e-005056b28600,CÔNG TY TNHH THƯƠNG MẠI VÀ DỊCH VỤ MIRA GROUP
b8468f8e-8ef4-11f1-9b18-005056b2a5de,11__VNX__COM__BMI__1800,COMFORT Nước Xả Một Lần Xả Hương Ban Mai 1.8L,Bịch,Tổng,3.0,,0.0,,0.0,,3.0,,1949,1,31d8a63e-dc11-4a99-9898-84295c475b1a,,1,True,b98db087-8ef4-11f1-9b18-005056b2a5de,11__VNX__COM__BMI__1800,COMFORT Nước Xả Một Lần Xả Hương Ban Mai 1.8L,Chăm Sóc Quần Áo,COMFORT,,,a38f9189-ad87-11ef-a35e-005056b28600,
b8468f8e-8ef4-11f1-9b18-005056b2a5de,11__VNX__COM__BMI__1800,Kho Kệ,Bịch,Kho Kệ,3.0,,0.0,,0.0,,3.0,,1950,0,31d8a63e-dc11-4a99-9898-84295c475b1a,31d8a63e-dc11-4a99-9898-84295c475b1a,2,False,b98db158-8ef4-11f1-9b18-005056b2a5de,11__VNX__COM__BMI__1800,COMFORT Nước Xả Một Lần Xả Hương Ban Mai 1.8L,Chăm Sóc Quần Áo,COMFORT,,aca0e3b9-1e75-496e-84ff-e96c9084f53f,a38f9189-ad87-11ef-a35e-005056b28600,CÔNG TY TNHH THƯƠNG MẠI VÀ DỊCH VỤ MIRA GROUP
b8468f8e-8ef4-11f1-9b18-005056b2a5de,11__VNX__COM__DNH__5000,Comfort NX Chuyên Dụng Dịu Nhẹ Thơm Hương Phấn 5L,Can,Tổng,4.0,,0.0,,0.0,,4.0,,1951,1,303fd430-0f71-4372-a44d-9845bf9a223c,,1,True,b98db232-8ef4-11f1-9b18-005056b2a5de,11__VNX__COM__DNH__5000,Comfort NX Chuyên Dụng Dịu Nhẹ Thơm Hương Phấn 5L,Chăm Sóc Quần Áo,COMFORT,,,a38f9189-ad87-11ef-a35e-005056b28600,
b8468f8e-8ef4-11f1-9b18-005056b2a5de,11__VNX__COM__DNH__5000,Kho Kệ,Can,Kho Kệ,4.0,,0.0,,0.0,,4.0,,1952,0,303fd430-0f71-4372-a44d-9845bf9a223c,303fd430-0f71-4372-a44d-9845bf9a223c,2,False,b98db2fd-8ef4-11f1-9b18-005056b2a5de,11__VNX__COM__DNH__5000,Comfort NX Chuyên Dụng Dịu Nhẹ Thơm Hương Phấn 5L,Chăm Sóc Quần Áo,COMFORT,,aca0e3b9-1e75-496e-84ff-e96c9084f53f,a38f9189-ad87-11ef-a35e-005056b28600,CÔNG TY TNHH THƯƠNG MẠI VÀ DỊCH VỤ MIRA GROUP
b8468f8e-8ef4-11f1-9b18-005056b2a5de,11__VNX__COM__HOA__1800,COMFORT Nước Xả Hương Nước Hoa Quyến Rũ 1.8L,Bịch,Tổng,3.0,,0.0,,0.0,,3.0,,1953,1,01415de9-fba3-4beb-9f82-048e93c6ca45,,1,True,b98db3cb-8ef4-11f1-9b18-005056b2a5de,11__VNX__COM__HOA__1800,COMFORT Nước Xả Hương Nước Hoa Quyến Rũ 1.8L,Chăm Sóc Quần Áo,COMFORT,,,a38f9189-ad87-11ef-a35e-005056b28600,
b8468f8e-8ef4-11f1-9b18-005056b2a5de,11__VNX__COM__HOA__1800,Kho Kệ,Bịch,Kho Kệ,3.0,,0.0,,0.0,,3.0,,1954,0,01415de9-fba3-4beb-9f82-048e93c6ca45,01415de9-fba3-4beb-9f82-048e93c6ca45,2,False,b98db488-8ef4-11f1-9b18-005056b2a5de,11__VNX__COM__HOA__1800,COMFORT Nước Xả Hương Nước Hoa Quyến Rũ 1.8L,Chăm Sóc Quần Áo,COMFORT,,aca0e3b9-1e75-496e-84ff-e96c9084f53f,a38f9189-ad87-11ef-a35e-005056b28600,CÔNG TY TNHH THƯƠNG MẠI VÀ DỊCH VỤ MIRA GROUP
b8468f8e-8ef4-11f1-9b18-005056b2a5de,11__VNX__COM__PHN__1700,COMFORT Nước Xả Dịu Nhẹ Thơm Hương Phấn 1.7L,Bịch,Tổng,4.0,,0.0,,0.0,,4.0,,1955,1,98c687f8-0002-4782-875b-5a9a4c3d8dd3,,1,True,b98db551-8ef4-11f1-9b18-005056b2a5de,11__VNX__COM__PHN__1700,COMFORT Nước Xả Dịu Nhẹ Thơm Hương Phấn 1.7L,Chăm Sóc Quần Áo,COMFORT,,,a38f9189-ad87-11ef-a35e-005056b28600,
b8468f8e-8ef4-11f1-9b18-005056b2a5de,11__VNX__COM__PHN__1700,Kho Kệ,Bịch,Kho Kệ,4.0,,0.0,,0.0,,4.0,,1956,0,98c687f8-0002-4782-875b-5a9a4c3d8dd3,98c687f8-0002-4782-875b-5a9a4c3d8dd3,2,False,b98db60f-8ef4-11f1-9b18-005056b2a5de,11__VNX__COM__PHN__1700,COMFORT Nước Xả Dịu Nhẹ Thơm Hương Phấn 1.7L,Chăm Sóc Quần Áo,COMFORT,,aca0e3b9-1e75-496e-84ff-e96c9084f53f,a38f9189-ad87-11ef-a35e-005056b28600,CÔNG TY TNHH THƯƠNG MẠI VÀ DỊCH VỤ MIRA GROUP
b8468f8e-8ef4-11f1-9b18-005056b2a5de,11__VNX__DOW__KOR__2500,DOWNY Nước Xả Vải Đậm Đặc Korean Spring 2.5L,Bịch,Tổng,4.0,,0.0,,0.0,,4.0,,1957,1,d75379d7-a6c7-45f6-8893-79defe7b1695,,1,True,b98db6d4-8ef4-11f1-9b18-005056b2a5de,11__VNX__DOW__KOR__2500,DOWNY Nước Xả Vải Đậm Đặc Korean Spring 2.5L,Chăm Sóc Quần Áo,DOWNY,,,a38f9189-ad87-11ef-a35e-005056b28600,
b8468f8e-8ef4-11f1-9b18-005056b2a5de,11__VNX__DOW__KOR__2500,Kho Kệ,Bịch,Kho Kệ,4.0,,0.0,,0.0,,4.0,,1958,0,d75379d7-a6c7-45f6-8893-79defe7b1695,d75379d7-a6c7-45f6-8893-79defe7b1695,2,False,b98db7be-8ef4-11f1-9b18-005056b2a5de,11__VNX__DOW__KOR__2500,DOWNY Nước Xả Vải Đậm Đặc Korean Spring 2.5L,Chăm Sóc Quần Áo,DOWNY,,aca0e3b9-1e75-496e-84ff-e96c9084f53f,a38f9189-ad87-11ef-a35e-005056b28600,CÔNG TY TNHH THƯƠNG MẠI VÀ DỊCH VỤ MIRA GROUP
b8468f8e-8ef4-11f1-9b18-005056b2a5de,11__VNX__DOW__KOR__2600,DOWNY Nước Xả Vải Đậm Đặc Hương Nắng Mai Bịch 2.6L,Bịch,Tổng,2.0,,0.0,,0.0,,2.0,,1959,1,db48aa66-192b-4f34-a2c8-7b1f35800c80,,1,True,b98db888-8ef4-11f1-9b18-005056b2a5de,11__VNX__DOW__KOR__2600,DOWNY Nước Xả Vải Đậm Đặc Hương Nắng Mai Bịch 2.6L,Chăm Sóc Quần Áo,DOWNY,,,a38f9189-ad87-11ef-a35e-005056b28600,
b8468f8e-8ef4-11f1-9b18-005056b2a5de,11__VNX__DOW__KOR__2600,Kho Kệ,Bịch,Kho Kệ,2.0,,0.0,,0.0,,2.0,,1960,0,db48aa66-192b-4f34-a2c8-7b1f35800c80,db48aa66-192b-4f34-a2c8-7b1f35800c80,2,False,b98db94d-8ef4-11f1-9b18-005056b2a5de,11__VNX__DOW__KOR__2600,DOWNY Nước Xả Vải Đậm Đặc Hương Nắng Mai Bịch 2.6L,Chăm Sóc Quần Áo,DOWNY,,aca0e3b9-1e75-496e-84ff-e96c9084f53f,a38f9189-ad87-11ef-a35e-005056b28600,CÔNG TY TNHH THƯƠNG MẠI VÀ DỊCH VỤ MIRA GROUP
b8468f8e-8ef4-11f1-9b18-005056b2a5de,11__VNX__DOW__MAI__900,DOWNY Nước Xả Vải Đậm Đặc Hương Nắng Mai Chai 900ml,Chai,Tổng,12.0,,0.0,,0.0,,12.0,,1961,1,67491dbb-d19a-47ea-96be-70a4286b89b1,,1,True,b98dba17-8ef4-11f1-9b18-005056b2a5de,11__VNX__DOW__MAI__900,DOWNY Nước Xả Vải Đậm Đặc Hương Nắng Mai Chai 900ml,Chăm Sóc Quần Áo,OMO,,,a38f9189-ad87-11ef-a35e-005056b28600,
b8468f8e-8ef4-11f1-9b18-005056b2a5de,11__VNX__DOW__MAI__900,Kho Kệ,Chai,Kho Kệ,12.0,,0.0,,0.0,,12.0,,1962,0,67491dbb-d19a-47ea-96be-70a4286b89b1,67491dbb-d19a-47ea-96be-70a4286b89b1,2,False,b98dbadd-8ef4-11f1-9b18-005056b2a5de,11__VNX__DOW__MAI__900,DOWNY Nước Xả Vải Đậm Đặc Hương Nắng Mai Chai 900ml,Chăm Sóc Quần Áo,OMO,,aca0e3b9-1e75-496e-84ff-e96c9084f53f,a38f9189-ad87-11ef-a35e-005056b28600,CÔNG TY TNHH THƯƠNG MẠI VÀ DỊCH VỤ MIRA GROUP
b8468f8e-8ef4-11f1-9b18-005056b2a5de,11__VNX__HYG__DEN__1100,HYGIENE Nước Xả Túi Đen 1.1L,Bịch,Tổng,16.0,,0.0,,0.0,,16.0,,1963,1,6042207e-e401-4268-a95c-706742b15b51,,1,True,b98dbbab-8ef4-11f1-9b18-005056b2a5de,11__VNX__HYG__DEN__1100,HYGIENE Nước Xả Túi Đen 1.1L,Chăm Sóc Quần Áo,COMFORT,,,a38f9189-ad87-11ef-a35e-005056b28600,
b8468f8e-8ef4-11f1-9b18-005056b2a5de,11__VNX__HYG__DEN__1100,Kho Kệ,Bịch,Kho Kệ,16.0,,0.0,,0.0,,16.0,,1964,0,6042207e-e401-4268-a95c-706742b15b51,6042207e-e401-4268-a95c-706742b15b51,2,False,b98dbc72-8ef4-11f1-9b18-005056b2a5de,11__VNX__HYG__DEN__1100,HYGIENE Nước Xả Túi Đen 1.1L,Chăm Sóc Quần Áo,COMFORT,,aca0e3b9-1e75-496e-84ff-e96c9084f53f,a38f9189-ad87-11ef-a35e-005056b28600,CÔNG TY TNHH THƯƠNG MẠI VÀ DỊCH VỤ MIRA GROUP
b8468f8e-8ef4-11f1-9b18-005056b2a5de,11__VXI__DOW__PAS__370,DOWNY Nước Xịt Vải Passion Đam Mê 370ml,Chai,Tổng,4.0,,0.0,,0.0,,4.0,,1965,1,1f3ade60-6ef1-48e3-bb03-b108dcc68a76,,1,True,b98dbd46-8ef4-11f1-9b18-005056b2a5de,11__VXI__DOW__PAS__370,DOWNY Nước Xịt Vải Passion Đam Mê 370ml,Chăm Sóc Quần Áo,DOWNY,,,a38f9189-ad87-11ef-a35e-005056b28600,
b8468f8e-8ef4-11f1-9b18-005056b2a5de,11__VXI__DOW__PAS__370,Kho Kệ,Chai,Kho Kệ,4.0,,0.0,,0.0,,4.0,,1966,0,1f3ade60-6ef1-48e3-bb03-b108dcc68a76,1f3ade60-6ef1-48e3-bb03-b108dcc68a76,2,False,b98dbe35-8ef4-11f1-9b18-005056b2a5de,11__VXI__DOW__PAS__370,DOWNY Nước Xịt Vải Passion Đam Mê 370ml,Chăm Sóc Quần Áo,DOWNY,,aca0e3b9-1e75-496e-84ff-e96c9084f53f,a38f9189-ad87-11ef-a35e-005056b28600,CÔNG TY TNHH THƯƠNG MẠI VÀ DỊCH VỤ MIRA GROUP
b8468f8e-8ef4-11f1-9b18-005056b2a5de,12__GBT__MIR__DOK__1,Bài Tây Double K MIRA,Hộp,Tổng,4.0,,0.0,,0.0,,4.0,,1967,1,503fc3d4-ad6f-4617-a836-ce41a8decffb,,1,True,b98dbf44-8ef4-11f1-9b18-005056b2a5de,12__GBT__MIR__DOK__1,Bài Tây Double K MIRA,,MIRA,,,a38f9189-ad87-11ef-a35e-005056b28600,
b8468f8e-8ef4-11f1-9b18-005056b2a5de,12__GBT__MIR__DOK__1,Kho Kệ,Hộp,Kho Kệ,4.0,,0.0,,0.0,,4.0,,1968,0,503fc3d4-ad6f-4617-a836-ce41a8decffb,503fc3d4-ad6f-4617-a836-ce41a8decffb,2,False,b98dc020-8ef4-11f1-9b18-005056b2a5de,12__GBT__MIR__DOK__1,Bài Tây Double K MIRA,,MIRA,,aca0e3b9-1e75-496e-84ff-e96c9084f53f,a38f9189-ad87-11ef-a35e-005056b28600,CÔNG TY TNHH THƯƠNG MẠI VÀ DỊCH VỤ MIRA GROUP
b8468f8e-8ef4-11f1-9b18-005056b2a5de,13__MCP__MIR__SUA__1,MIRA Cafe Sữa,Ly,Tổng,-4.0,,0.0,,0.0,,-4.0,,1969,1,d1aed431-3f96-4031-8c8e-0473ca8058e2,,1,True,b98dc0ef-8ef4-11f1-9b18-005056b2a5de,13__MCP__MIR__SUA__1,MIRA Cafe Sữa,MIRA Cà Phê,MIRA,,,a38f9189-ad87-11ef-a35e-005056b28600,
b8468f8e-8ef4-11f1-9b18-005056b2a5de,13__MCP__MIR__SUA__1,Kho Kệ,Ly,Kho Kệ,-4.0,,0.0,,0.0,,-4.0,,1970,0,d1aed431-3f96-4031-8c8e-0473ca8058e2,d1aed431-3f96-4031-8c8e-0473ca8058e2,2,False,b98dc2fc-8ef4-11f1-9b18-005056b2a5de,13__MCP__MIR__SUA__1,MIRA Cafe Sữa,MIRA Cà Phê,MIRA,,aca0e3b9-1e75-496e-84ff-e96c9084f53f,a38f9189-ad87-11ef-a35e-005056b28600,CÔNG TY TNHH THƯƠNG MẠI VÀ DỊCH VỤ MIRA GROUP
b8468f8e-8ef4-11f1-9b18-005056b2a5de,13__MDC__MIR__BDA__1,MIRA Bịch Đá,Bịch,Tổng,-18.0,,0.0,,43.0,,-61.0,,1971,1,66afd1ac-f3ed-4b49-be7e-cefeb9cb3467,,1,True,b98dc446-8ef4-11f1-9b18-005056b2a5de,13__MDC__MIR__BDA__1,MIRA Bịch Đá,Dụng Cụ Ăn Uống MIRA,MIRA,,,a38f9189-ad87-11ef-a35e-005056b28600,
b8468f8e-8ef4-11f1-9b18-005056b2a5de,13__MDC__MIR__BDA__1,Kho Kệ,Bịch,Kho Kệ,-18.0,,0.0,,43.0,,-61.0,,1972,0,66afd1ac-f3ed-4b49-be7e-cefeb9cb3467,66afd1ac-f3ed-4b49-be7e-cefeb9cb3467,2,False,b98dc5a8-8ef4-11f1-9b18-005056b2a5de,13__MDC__MIR__BDA__1,MIRA Bịch Đá,Dụng Cụ Ăn Uống MIRA,MIRA,,aca0e3b9-1e75-496e-84ff-e96c9084f53f,a38f9189-ad87-11ef-a35e-005056b28600,CÔNG TY TNHH THƯƠNG MẠI VÀ DỊCH VỤ MIRA GROUP
b8468f8e-8ef4-11f1-9b18-005056b2a5de,13__MDC__MIR__LY__1,MIRA Ly Giấy,Ly,Tổng,-334.0,,0.0,,179.0,,-513.0,,1973,1,74f90880-f400-48de-a293-a388ef62029b,,1,True,b98dc6de-8ef4-11f1-9b18-005056b2a5de,13__MDC__MIR__LY__1,MIRA Ly Giấy,Dụng Cụ Ăn Uống MIRA,MIRA,,,a38f9189-ad87-11ef-a35e-005056b28600,
b8468f8e-8ef4-11f1-9b18-005056b2a5de,13__MDC__MIR__LY__1,Kho Kệ,Ly,Kho Kệ,-334.0,,0.0,,179.0,,-513.0,,1974,0,74f90880-f400-48de-a293-a388ef62029b,74f90880-f400-48de-a293-a388ef62029b,2,False,b98dc7aa-8ef4-11f1-9b18-005056b2a5de,13__MDC__MIR__LY__1,MIRA Ly Giấy,Dụng Cụ Ăn Uống MIRA,MIRA,,aca0e3b9-1e75-496e-84ff-e96c9084f53f,a38f9189-ad87-11ef-a35e-005056b28600,CÔNG TY TNHH THƯƠNG MẠI VÀ DỊCH VỤ MIRA GROUP
b8468f8e-8ef4-11f1-9b18-005056b2a5de,13__MDC__MIR__TAY__1,MIRA Tẩy Đá,Ly,Tổng,753.0,,0.0,,1309.0,,-556.0,,1975,1,754db6b0-1d50-4328-8f10-4402e8d10cef,,1,True,b98dc871-8ef4-11f1-9b18-005056b2a5de,13__MDC__MIR__TAY__1,MIRA Tẩy Đá,Dụng Cụ Ăn Uống MIRA,MIRA,,,a38f9189-ad87-11ef-a35e-005056b28600,
b8468f8e-8ef4-11f1-9b18-005056b2a5de,13__MDC__MIR__TAY__1,Kho Kệ,Ly,Kho Kệ,753.0,,0.0,,1309.0,,-556.0,,1976,0,754db6b0-1d50-4328-8f10-4402e8d10cef,754db6b0-1d50-4328-8f10-4402e8d10cef,2,False,b98dc948-8ef4-11f1-9b18-005056b2a5de,13__MDC__MIR__TAY__1,MIRA Tẩy Đá,Dụng Cụ Ăn Uống MIRA,MIRA,,aca0e3b9-1e75-496e-84ff-e96c9084f53f,a38f9189-ad87-11ef-a35e-005056b28600,CÔNG TY TNHH THƯƠNG MẠI VÀ DỊCH VỤ MIRA GROUP
b8468f8e-8ef4-11f1-9b18-005056b2a5de,13__MDC__MIR__TOG__1,MIRA Tô Giấy,Tô,Tổng,119.0,,0.0,,241.0,,-122.0,,1977,1,fd81daaf-7884-434c-a0c4-1907c99dafd9,,1,True,b98dcc0f-8ef4-11f1-9b18-005056b2a5de,13__MDC__MIR__TOG__1,MIRA Tô Giấy,Dụng Cụ Ăn Uống MIRA,MIRA,,,a38f9189-ad87-11ef-a35e-005056b28600,
b8468f8e-8ef4-11f1-9b18-005056b2a5de,13__MDC__MIR__TOG__1,Kho Kệ,Tô,Kho Kệ,119.0,,0.0,,241.0,,-122.0,,1978,0,fd81daaf-7884-434c-a0c4-1907c99dafd9,fd81daaf-7884-434c-a0c4-1907c99dafd9,2,False,b98dcdf9-8ef4-11f1-9b18-005056b2a5de,13__MDC__MIR__TOG__1,MIRA Tô Giấy,Dụng Cụ Ăn Uống MIRA,MIRA,,aca0e3b9-1e75-496e-84ff-e96c9084f53f,a38f9189-ad87-11ef-a35e-005056b28600,CÔNG TY TNHH THƯƠNG MẠI VÀ DỊCH VỤ MIRA GROUP
b8468f8e-8ef4-11f1-9b18-005056b2a5de,13__MXB__MIR__BOV__5,MIRA Bò Viên Chiên,Cái,Tổng,-8.0,,0.0,,0.0,,-8.0,,1979,1,f676c882-e9d0-4142-9f53-62c116bdd20d,,1,True,b98dcedb-8ef4-11f1-9b18-005056b2a5de,13__MXB__MIR__BOV__5,MIRA Bò Viên Chiên,MIRA Xiên Chiên,MIRA,,,a38f9189-ad87-11ef-a35e-005056b28600,
b8468f8e-8ef4-11f1-9b18-005056b2a5de,13__MXB__MIR__BOV__5,Kho Kệ,Cái,Kho Kệ,-8.0,,0.0,,0.0,,-8.0,,1980,0,f676c882-e9d0-4142-9f53-62c116bdd20d,f676c882-e9d0-4142-9f53-62c116bdd20d,2,False,b98dcfa7-8ef4-11f1-9b18-005056b2a5de,13__MXB__MIR__BOV__5,MIRA Bò Viên Chiên,MIRA Xiên Chiên,MIRA,,aca0e3b9-1e75-496e-84ff-e96c9084f53f,a38f9189-ad87-11ef-a35e-005056b28600,CÔNG TY TNHH THƯƠNG MẠI VÀ DỊCH VỤ MIRA GROUP
b8468f8e-8ef4-11f1-9b18-005056b2a5de,13__MXC__MIR__CAV__5,MIRA Cá Viên Chiên,Cái,Tổng,-17.0,,0.0,,0.0,,-17.0,,1981,1,e706b1cc-b128-4ffb-9526-ab703d937e18,,1,True,b98dd076-8ef4-11f1-9b18-005056b2a5de,13__MXC__MIR__CAV__5,MIRA Cá Viên Chiên,MIRA Xiên Chiên,MIRA,,,a38f9189-ad87-11ef-a35e-005056b28600,
b8468f8e-8ef4-11f1-9b18-005056b2a5de,13__MXC__MIR__CAV__5,Kho Kệ,Cái,Kho Kệ,-17.0,,0.0,,0.0,,-17.0,,1982,0,e706b1cc-b128-4ffb-9526-ab703d937e18,e706b1cc-b128-4ffb-9526-ab703d937e18,2,False,b98dd13f-8ef4-11f1-9b18-005056b2a5de,13__MXC__MIR__CAV__5,MIRA Cá Viên Chiên,MIRA Xiên Chiên,MIRA,,aca0e3b9-1e75-496e-84ff-e96c9084f53f,a38f9189-ad87-11ef-a35e-005056b28600,CÔNG TY TNHH THƯƠNG MẠI VÀ DỊCH VỤ MIRA GROUP
b8468f8e-8ef4-11f1-9b18-005056b2a5de,13__MXX__MIR__HAC__1,MIRA Há Cảo Hấp,Cái,Tổng,-19.0,,0.0,,0.0,,-19.0,,1983,1,f582407c-6cdf-45bc-99fe-5242eaa84ec7,,1,True,b98dd246-8ef4-11f1-9b18-005056b2a5de,13__MXX__MIR__HAC__1,MIRA Há Cảo Hấp,MIRA Xiên Chiên,MIRA,,,a38f9189-ad87-11ef-a35e-005056b28600,
b8468f8e-8ef4-11f1-9b18-005056b2a5de,13__MXX__MIR__HAC__1,Kho Kệ,Cái,Kho Kệ,-19.0,,0.0,,0.0,,-19.0,,1984,0,f582407c-6cdf-45bc-99fe-5242eaa84ec7,f582407c-6cdf-45bc-99fe-5242eaa84ec7,2,False,b98dd355-8ef4-11f1-9b18-005056b2a5de,13__MXX__MIR__HAC__1,MIRA Há Cảo Hấp,MIRA Xiên Chiên,MIRA,,aca0e3b9-1e75-496e-84ff-e96c9084f53f,a38f9189-ad87-11ef-a35e-005056b28600,CÔNG TY TNHH THƯƠNG MẠI VÀ DỊCH VỤ MIRA GROUP
b8468f8e-8ef4-11f1-9b18-005056b2a5de,13__MXX__MIR__XXH__1,MIRA Xúc Xích Chiên,Cái,Tổng,-7.0,,0.0,,0.0,,-7.0,,1985,1,c309b9fd-f7b8-4845-8014-48bded99bb02,,1,True,b98dd42b-8ef4-11f1-9b18-005056b2a5de,13__MXX__MIR__XXH__1,MIRA Xúc Xích Chiên,MIRA Xiên Chiên,MIRA,,,a38f9189-ad87-11ef-a35e-005056b28600,
b8468f8e-8ef4-11f1-9b18-005056b2a5de,13__MXX__MIR__XXH__1,Kho Kệ,Cái,Kho Kệ,-7.0,,0.0,,0.0,,-7.0,,1986,0,c309b9fd-f7b8-4845-8014-48bded99bb02,c309b9fd-f7b8-4845-8014-48bded99bb02,2,False,b98dd4fa-8ef4-11f1-9b18-005056b2a5de,13__MXX__MIR__XXH__1,MIRA Xúc Xích Chiên,MIRA Xiên Chiên,MIRA,,aca0e3b9-1e75-496e-84ff-e96c9084f53f,a38f9189-ad87-11ef-a35e-005056b28600,CÔNG TY TNHH THƯƠNG MẠI VÀ DỊCH VỤ MIRA GROUP
b8468f8e-8ef4-11f1-9b18-005056b2a5de,14__KEB__CEL__KTC__70,CELANO Kem Bánh Cá Trà Sữa Khoai Môn 70g,Cái,Tổng,21.0,,0.0,,14.0,,7.0,,1987,1,498eb6ff-58e5-4a68-8ad9-aa6a92764bad,,1,True,b98dd60f-8ef4-11f1-9b18-005056b2a5de,14__KEB__CEL__KTC__70,CELANO Kem Bánh Cá Trà Sữa Khoai Môn 70g,Kem Bánh,CELANO,,,a38f9189-ad87-11ef-a35e-005056b28600,
b8468f8e-8ef4-11f1-9b18-005056b2a5de,14__KEB__CEL__KTC__70,Kho Kệ,Cái,Kho Kệ,21.0,,0.0,,14.0,,7.0,,1988,0,498eb6ff-58e5-4a68-8ad9-aa6a92764bad,498eb6ff-58e5-4a68-8ad9-aa6a92764bad,2,False,b98dd737-8ef4-11f1-9b18-005056b2a5de,14__KEB__CEL__KTC__70,CELANO Kem Bánh Cá Trà Sữa Khoai Môn 70g,Kem Bánh,CELANO,,aca0e3b9-1e75-496e-84ff-e96c9084f53f,a38f9189-ad87-11ef-a35e-005056b28600,CÔNG TY TNHH THƯƠNG MẠI VÀ DỊCH VỤ MIRA GROUP
b8468f8e-8ef4-11f1-9b18-005056b2a5de,14__KEB__CEL__SLM__70,CELANO Kem Bánh Cá Socola Lúa Mạch 70g,Cái,Tổng,4.0,,0.0,,3.0,,1.0,,1989,1,98b202de-8f62-4429-96ed-e71dbc6811db,,1,True,b98dd811-8ef4-11f1-9b18-005056b2a5de,14__KEB__CEL__SLM__70,CELANO Kem Bánh Cá Socola Lúa Mạch 70g,Kem Bánh,CELANO,,,a38f9189-ad87-11ef-a35e-005056b28600,
b8468f8e-8ef4-11f1-9b18-005056b2a5de,14__KEB__CEL__SLM__70,Kho Kệ,Cái,Kho Kệ,4.0,,0.0,,3.0,,1.0,,1990,0,98b202de-8f62-4429-96ed-e71dbc6811db,98b202de-8f62-4429-96ed-e71dbc6811db,2,False,b98dd8d6-8ef4-11f1-9b18-005056b2a5de,14__KEB__CEL__SLM__70,CELANO Kem Bánh Cá Socola Lúa Mạch 70g,Kem Bánh,CELANO,,aca0e3b9-1e75-496e-84ff-e96c9084f53f,a38f9189-ad87-11ef-a35e-005056b28600,CÔNG TY TNHH THƯƠNG MẠI VÀ DỊCH VỤ MIRA GROUP
b8468f8e-8ef4-11f1-9b18-005056b2a5de,14__KEB__CEL__VDD__70,CELANO Kem Bánh Cá Vani Đậu Đỏ 70g,Cái,Tổng,2.0,,36.0,,21.0,,17.0,,1991,1,0c12fcb2-cfb5-4cc3-9730-db390384ed6d,,1,True,b98dd9a3-8ef4-11f1-9b18-005056b2a5de,14__KEB__CEL__VDD__70,CELANO Kem Bánh Cá Vani Đậu Đỏ 70g,Kem Bánh,CELANO,,,a38f9189-ad87-11ef-a35e-005056b28600,
b8468f8e-8ef4-11f1-9b18-005056b2a5de,14__KEB__CEL__VDD__70,Kho Kệ,Cái,Kho Kệ,2.0,,36.0,,21.0,,17.0,,1992,0,0c12fcb2-cfb5-4cc3-9730-db390384ed6d,0c12fcb2-cfb5-4cc3-9730-db390384ed6d,2,False,b98dda65-8ef4-11f1-9b18-005056b2a5de,14__KEB__CEL__VDD__70,CELANO Kem Bánh Cá Vani Đậu Đỏ 70g,Kem Bánh,CELANO,,aca0e3b9-1e75-496e-84ff-e96c9084f53f,a38f9189-ad87-11ef-a35e-005056b28600,CÔNG TY TNHH THƯƠNG MẠI VÀ DỊCH VỤ MIRA GROUP
b8468f8e-8ef4-11f1-9b18-005056b2a5de,14__KEH__CEL__DAU__65,CELANO Kem Hộp Dâu 65g,Cái,Tổng,7.0,,12.0,,9.0,,10.0,,1993,1,028b93df-959c-4fa8-af88-42e865750e7d,,1,True,b98ddb2f-8ef4-11f1-9b18-005056b2a5de,14__KEH__CEL__DAU__65,CELANO Kem Hộp Dâu 65g,Kem Hộp,CELANO,,,a38f9189-ad87-11ef-a35e-005056b28600,
b8468f8e-8ef4-11f1-9b18-005056b2a5de,14__KEH__CEL__DAU__65,Kho Kệ,Cái,Kho Kệ,7.0,,12.0,,9.0,,10.0,,1994,0,028b93df-959c-4fa8-af88-42e865750e7d,028b93df-959c-4fa8-af88-42e865750e7d,2,False,b98ddbee-8ef4-11f1-9b18-005056b2a5de,14__KEH__CEL__DAU__65,CELANO Kem Hộp Dâu 65g,Kem Hộp,CELANO,,aca0e3b9-1e75-496e-84ff-e96c9084f53f,a38f9189-ad87-11ef-a35e-005056b28600,CÔNG TY TNHH THƯƠNG MẠI VÀ DỊCH VỤ MIRA GROUP
b8468f8e-8ef4-11f1-9b18-005056b2a5de,14__KEH__CEL__SHN__65,CELANO Kem Hộp Socola Hạnh Nhân 65g,Cái,Tổng,11.0,,12.0,,8.0,,15.0,,1995,1,90ad6e7e-306a-43d3-bc12-17b13d1672d1,,1,True,b98ddcb2-8ef4-11f1-9b18-005056b2a5de,14__KEH__CEL__SHN__65,CELANO Kem Hộp Socola Hạnh Nhân 65g,Kem Hộp,CELANO,,,a38f9189-ad87-11ef-a35e-005056b28600,
b8468f8e-8ef4-11f1-9b18-005056b2a5de,14__KEH__CEL__SHN__65,Kho Kệ,Cái,Kho Kệ,11.0,,12.0,,8.0,,15.0,,1996,0,90ad6e7e-306a-43d3-bc12-17b13d1672d1,90ad6e7e-306a-43d3-bc12-17b13d1672d1,2,False,b98ddd92-8ef4-11f1-9b18-005056b2a5de,14__KEH__CEL__SHN__65,CELANO Kem Hộp Socola Hạnh Nhân 65g,Kem Hộp,CELANO,,aca0e3b9-1e75-496e-84ff-e96c9084f53f,a38f9189-ad87-11ef-a35e-005056b28600,CÔNG TY TNHH THƯƠNG MẠI VÀ DỊCH VỤ MIRA GROUP
b8468f8e-8ef4-11f1-9b18-005056b2a5de,14__KEH__MER__DAU__95,MERINO Kem Hộp Vani Dâu 95ml,Cái,Tổng,13.0,,24.0,,20.0,,17.0,,1997,1,b682e726-ef0b-48ca-8a4d-85f464223b21,,1,True,b98dde5f-8ef4-11f1-9b18-005056b2a5de,14__KEH__MER__DAU__95,MERINO Kem Hộp Vani Dâu 95ml,Kem Hộp,MERINO,,,a38f9189-ad87-11ef-a35e-005056b28600,
b8468f8e-8ef4-11f1-9b18-005056b2a5de,14__KEH__MER__DAU__95,Kho Kệ,Cái,Kho Kệ,13.0,,24.0,,20.0,,17.0,,1998,0,b682e726-ef0b-48ca-8a4d-85f464223b21,b682e726-ef0b-48ca-8a4d-85f464223b21,2,False,b98ddf26-8ef4-11f1-9b18-005056b2a5de,14__KEH__MER__DAU__95,MERINO Kem Hộp Vani Dâu 95ml,Kem Hộp,MERINO,,aca0e3b9-1e75-496e-84ff-e96c9084f53f,a38f9189-ad87-11ef-a35e-005056b28600,CÔNG TY TNHH THƯƠNG MẠI VÀ DỊCH VỤ MIRA GROUP
b8468f8e-8ef4-11f1-9b18-005056b2a5de,14__KEH__MER__SCH__73,MERINO Kem Hộp Socola Chuối 73g (150ml),Hũ,Tổng,21.0,,0.0,,8.0,,13.0,,1999,1,2dde8077-f1e5-4482-b1fd-40c366f674e0,,1,True,b98ddfe8-8ef4-11f1-9b18-005056b2a5de,14__KEH__MER__SCH__73,MERINO Kem Hộp Socola Chuối 73g (150ml),Kem Hộp,MERINO,,,a38f9189-ad87-11ef-a35e-005056b28600,
b8468f8e-8ef4-11f1-9b18-005056b2a5de,14__KEH__MER__SCH__73,Kho Kệ,Hũ,Kho Kệ,21.0,,0.0,,8.0,,13.0,,2000,0,2dde8077-f1e5-4482-b1fd-40c366f674e0,2dde8077-f1e5-4482-b1fd-40c366f674e0,2,False,b98de0ac-8ef4-11f1-9b18-005056b2a5de,14__KEH__MER__SCH__73,MERINO Kem Hộp Socola Chuối 73g (150ml),Kem Hộp,MERINO,,aca0e3b9-1e75-496e-84ff-e96c9084f53f,a38f9189-ad87-11ef-a35e-005056b28600,CÔNG TY TNHH THƯƠNG MẠI VÀ DỊCH VỤ MIRA GROUP
b8468f8e-8ef4-11f1-9b18-005056b2a5de,14__KEH__MER__SDA__95,MERINO Kem Hộp Sữa Dừa 95ml,Cái,Tổng,23.0,,24.0,,22.0,,25.0,,2001,1,b9924b09-1493-4845-a802-179b236d2955,,1,True,b98de172-8ef4-11f1-9b18-005056b2a5de,14__KEH__MER__SDA__95,MERINO Kem Hộp Sữa Dừa 95ml,Kem Hộp,MERINO,,,a38f9189-ad87-11ef-a35e-005056b28600,
b8468f8e-8ef4-11f1-9b18-005056b2a5de,14__KEH__MER__SDA__95,Kho Kệ,Cái,Kho Kệ,23.0,,24.0,,22.0,,25.0,,2002,0,b9924b09-1493-4845-a802-179b236d2955,b9924b09-1493-4845-a802-179b236d2955,2,False,b98de245-8ef4-11f1-9b18-005056b2a5de,14__KEH__MER__SDA__95,MERINO Kem Hộp Sữa Dừa 95ml,Kem Hộp,MERINO,,aca0e3b9-1e75-496e-84ff-e96c9084f53f,a38f9189-ad87-11ef-a35e-005056b28600,CÔNG TY TNHH THƯƠNG MẠI VÀ DỊCH VỤ MIRA GROUP
b8468f8e-8ef4-11f1-9b18-005056b2a5de,14__KEH__MER__SOC__95,MERINO Kem Hộp Socola Vani 95ml,Cái,Tổng,13.0,,24.0,,26.0,,11.0,,2003,1,35cb1899-4d9a-4494-88bd-880f4216cd31,,1,True,b98de332-8ef4-11f1-9b18-005056b2a5de,14__KEH__MER__SOC__95,MERINO Kem Hộp Socola Vani 95ml,Kem Hộp,MERINO,,,a38f9189-ad87-11ef-a35e-005056b28600,
b8468f8e-8ef4-11f1-9b18-005056b2a5de,14__KEH__MER__SOC__95,Kho Kệ,Cái,Kho Kệ,13.0,,24.0,,26.0,,11.0,,2004,0,35cb1899-4d9a-4494-88bd-880f4216cd31,35cb1899-4d9a-4494-88bd-880f4216cd31,2,False,b98de3eb-8ef4-11f1-9b18-005056b2a5de,14__KEH__MER__SOC__95,MERINO Kem Hộp Socola Vani 95ml,Kem Hộp,MERINO,,aca0e3b9-1e75-496e-84ff-e96c9084f53f,a38f9189-ad87-11ef-a35e-005056b28600,CÔNG TY TNHH THƯƠNG MẠI VÀ DỊCH VỤ MIRA GROUP
b8468f8e-8ef4-11f1-9b18-005056b2a5de,14__KEO__CEL__DAU__66,CELANO Kem Ốc Quế Cone Dâu Vani 66g,Cái,Tổng,-11.0,,63.0,,30.0,,22.0,,2005,1,f71f9dba-7d11-4b07-bc10-58ac9dd305b3,,1,True,b98de4fa-8ef4-11f1-9b18-005056b2a5de,14__KEO__CEL__DAU__66,CELANO Kem Ốc Quế Cone Dâu Vani 66g,Kem Ốc,CELANO,,,a38f9189-ad87-11ef-a35e-005056b28600,
b8468f8e-8ef4-11f1-9b18-005056b2a5de,14__KEO__CEL__DAU__66,Kho Kệ,Cái,Kho Kệ,-11.0,,63.0,,30.0,,22.0,,2006,0,f71f9dba-7d11-4b07-bc10-58ac9dd305b3,f71f9dba-7d11-4b07-bc10-58ac9dd305b3,2,False,b98de5e3-8ef4-11f1-9b18-005056b2a5de,14__KEO__CEL__DAU__66,CELANO Kem Ốc Quế Cone Dâu Vani 66g,Kem Ốc,CELANO,,aca0e3b9-1e75-496e-84ff-e96c9084f53f,a38f9189-ad87-11ef-a35e-005056b28600,CÔNG TY TNHH THƯƠNG MẠI VÀ DỊCH VỤ MIRA GROUP
b8468f8e-8ef4-11f1-9b18-005056b2a5de,14__KEO__CEL__HDE__66,CELANO Kem Ốc Quế Cone Hạt Dẻ Cười 66g,Cái,Tổng,24.0,,20.0,,18.0,,26.0,,2007,1,5067f48b-981b-43fa-8689-c573189e7ea4,,1,True,b98de6b9-8ef4-11f1-9b18-005056b2a5de,14__KEO__CEL__HDE__66,CELANO Kem Ốc Quế Cone Hạt Dẻ Cười 66g,Kem Ốc,CELANO,,,a38f9189-ad87-11ef-a35e-005056b28600,
b8468f8e-8ef4-11f1-9b18-005056b2a5de,14__KEO__CEL__HDE__66,Kho Kệ,Cái,Kho Kệ,24.0,,20.0,,18.0,,26.0,,2008,0,5067f48b-981b-43fa-8689-c573189e7ea4,5067f48b-981b-43fa-8689-c573189e7ea4,2,False,b98de77c-8ef4-11f1-9b18-005056b2a5de,14__KEO__CEL__HDE__66,CELANO Kem Ốc Quế Cone Hạt Dẻ Cười 66g,Kem Ốc,CELANO,,aca0e3b9-1e75-496e-84ff-e96c9084f53f,a38f9189-ad87-11ef-a35e-005056b28600,CÔNG TY TNHH THƯƠNG MẠI VÀ DỊCH VỤ MIRA GROUP
b8468f8e-8ef4-11f1-9b18-005056b2a5de,14__KEO__CEL__SVA__66,CELANO Kem Ốc Quế Cone Socola Vani 66g,Cái,Tổng,15.0,,19.0,,8.0,,26.0,,2009,1,e24fd4d5-f7f8-48cd-ab09-811a2ce13a0f,,1,True,b98de841-8ef4-11f1-9b18-005056b2a5de,14__KEO__CEL__SVA__66,CELANO Kem Ốc Quế Cone Socola Vani 66g,Kem Ốc,CELANO,,,a38f9189-ad87-11ef-a35e-005056b28600,
b8468f8e-8ef4-11f1-9b18-005056b2a5de,14__KEO__CEL__SVA__66,Kho Kệ,Cái,Kho Kệ,15.0,,19.0,,8.0,,26.0,,2010,0,e24fd4d5-f7f8-48cd-ab09-811a2ce13a0f,e24fd4d5-f7f8-48cd-ab09-811a2ce13a0f,2,False,b98de8fb-8ef4-11f1-9b18-005056b2a5de,14__KEO__CEL__SVA__66,CELANO Kem Ốc Quế Cone Socola Vani 66g,Kem Ốc,CELANO,,aca0e3b9-1e75-496e-84ff-e96c9084f53f,a38f9189-ad87-11ef-a35e-005056b28600,CÔNG TY TNHH THƯƠNG MẠI VÀ DỊCH VỤ MIRA GROUP
b8468f8e-8ef4-11f1-9b18-005056b2a5de,14__KEO__CEL__VAN__66,CELANO Kem Ốc Quế Cone Vani 66g,Cái,Tổng,21.0,,0.0,,12.0,,9.0,,2011,1,34c3d5e3-b223-43ed-a166-eccb4dccda63,,1,True,b98de9c4-8ef4-11f1-9b18-005056b2a5de,14__KEO__CEL__VAN__66,CELANO Kem Ốc Quế Cone Vani 66g,Kem Ốc,CELANO,,,a38f9189-ad87-11ef-a35e-005056b28600,
b8468f8e-8ef4-11f1-9b18-005056b2a5de,14__KEO__CEL__VAN__66,Kho Kệ,Cái,Kho Kệ,21.0,,0.0,,12.0,,9.0,,2012,0,34c3d5e3-b223-43ed-a166-eccb4dccda63,34c3d5e3-b223-43ed-a166-eccb4dccda63,2,False,b98dea7f-8ef4-11f1-9b18-005056b2a5de,14__KEO__CEL__VAN__66,CELANO Kem Ốc Quế Cone Vani 66g,Kem Ốc,CELANO,,aca0e3b9-1e75-496e-84ff-e96c9084f53f,a38f9189-ad87-11ef-a35e-005056b28600,CÔNG TY TNHH THƯƠNG MẠI VÀ DỊCH VỤ MIRA GROUP
b8468f8e-8ef4-11f1-9b18-005056b2a5de,14__KEO__MER__CRS__60,MERINO Kem Ốc Quế Cream Socola 60g,Cái,Tổng,13.0,,0.0,,8.0,,5.0,,2013,1,5d6bafb4-225d-43ea-9980-6173e28c2b17,,1,True,b98deb41-8ef4-11f1-9b18-005056b2a5de,14__KEO__MER__CRS__60,MERINO Kem Ốc Quế Cream Socola 60g,Kem Ốc,MERINO,,,a38f9189-ad87-11ef-a35e-005056b28600,
b8468f8e-8ef4-11f1-9b18-005056b2a5de,14__KEO__MER__CRS__60,Kho Kệ,Cái,Kho Kệ,13.0,,0.0,,8.0,,5.0,,2014,0,5d6bafb4-225d-43ea-9980-6173e28c2b17,5d6bafb4-225d-43ea-9980-6173e28c2b17,2,False,b98decd8-8ef4-11f1-9b18-005056b2a5de,14__KEO__MER__CRS__60,MERINO Kem Ốc Quế Cream Socola 60g,Kem Ốc,MERINO,,aca0e3b9-1e75-496e-84ff-e96c9084f53f,a38f9189-ad87-11ef-a35e-005056b28600,CÔNG TY TNHH THƯƠNG MẠI VÀ DỊCH VỤ MIRA GROUP
b8468f8e-8ef4-11f1-9b18-005056b2a5de,14__KEO__MER__SOC__60,MERINO Kem Ốc Quế S.Teen Socola 60g,Cái,Tổng,4.0,,50.0,,21.0,,33.0,,2015,1,9db7cb7f-6451-4f1c-8d7c-af9a827e5366,,1,True,b98dedc3-8ef4-11f1-9b18-005056b2a5de,14__KEO__MER__SOC__60,MERINO Kem Ốc Quế S.Teen Socola 60g,Kem Ốc,MERINO,,,a38f9189-ad87-11ef-a35e-005056b28600,
b8468f8e-8ef4-11f1-9b18-005056b2a5de,14__KEO__MER__SOC__60,Kho Kệ,Cái,Kho Kệ,4.0,,50.0,,21.0,,33.0,,2016,0,9db7cb7f-6451-4f1c-8d7c-af9a827e5366,9db7cb7f-6451-4f1c-8d7c-af9a827e5366,2,False,b98deeab-8ef4-11f1-9b18-005056b2a5de,14__KEO__MER__SOC__60,MERINO Kem Ốc Quế S.Teen Socola 60g,Kem Ốc,MERINO,,aca0e3b9-1e75-496e-84ff-e96c9084f53f,a38f9189-ad87-11ef-a35e-005056b28600,CÔNG TY TNHH THƯƠNG MẠI VÀ DỊCH VỤ MIRA GROUP
b8468f8e-8ef4-11f1-9b18-005056b2a5de,14__KEO__MER__VAS__60,MERINO Kem Ốc Quế S.Teen Vani Socola 60g,Cái,Tổng,17.0,,25.0,,22.0,,20.0,,2017,1,e7992bcf-0f14-4fc0-add5-b1fa8d24f59a,,1,True,b98def97-8ef4-11f1-9b18-005056b2a5de,14__KEO__MER__VAS__60,MERINO Kem Ốc Quế S.Teen Vani Socola 60g,Kem Ốc,MERINO,,,a38f9189-ad87-11ef-a35e-005056b28600,
b8468f8e-8ef4-11f1-9b18-005056b2a5de,14__KEO__MER__VAS__60,Kho Kệ,Cái,Kho Kệ,17.0,,25.0,,22.0,,20.0,,2018,0,e7992bcf-0f14-4fc0-add5-b1fa8d24f59a,e7992bcf-0f14-4fc0-add5-b1fa8d24f59a,2,False,b98df056-8ef4-11f1-9b18-005056b2a5de,14__KEO__MER__VAS__60,MERINO Kem Ốc Quế S.Teen Vani Socola 60g,Kem Ốc,MERINO,,aca0e3b9-1e75-496e-84ff-e96c9084f53f,a38f9189-ad87-11ef-a35e-005056b28600,CÔNG TY TNHH THƯƠNG MẠI VÀ DỊCH VỤ MIRA GROUP
b8468f8e-8ef4-11f1-9b18-005056b2a5de,14__KEQ__CEL__CVA__53,CELANO Kem Que Caramel Vani 53g,Cái,Tổng,19.0,,20.0,,24.0,,15.0,,2019,1,37b1aac6-ccb5-4d54-981f-d97729dfc8ee,,1,True,b98df11d-8ef4-11f1-9b18-005056b2a5de,14__KEQ__CEL__CVA__53,CELANO Kem Que Caramel Vani 53g,Kem Que,CELANO,,,a38f9189-ad87-11ef-a35e-005056b28600,
b8468f8e-8ef4-11f1-9b18-005056b2a5de,14__KEQ__CEL__CVA__53,Kho Kệ,Cái,Kho Kệ,19.0,,20.0,,24.0,,15.0,,2020,0,37b1aac6-ccb5-4d54-981f-d97729dfc8ee,37b1aac6-ccb5-4d54-981f-d97729dfc8ee,2,False,b98df1d8-8ef4-11f1-9b18-005056b2a5de,14__KEQ__CEL__CVA__53,CELANO Kem Que Caramel Vani 53g,Kem Que,CELANO,,aca0e3b9-1e75-496e-84ff-e96c9084f53f,a38f9189-ad87-11ef-a35e-005056b28600,CÔNG TY TNHH THƯƠNG MẠI VÀ DỊCH VỤ MIRA GROUP
b8468f8e-8ef4-11f1-9b18-005056b2a5de,14__KEQ__CEL__SHN__53,CELANO Kem Que Socola Hạnh Nhân 53g,Cái,Tổng,16.0,,40.0,,30.0,,26.0,,2021,1,b9bd6357-f019-4d5d-8090-3c60031af32f,,1,True,b98df298-8ef4-11f1-9b18-005056b2a5de,14__KEQ__CEL__SHN__53,CELANO Kem Que Socola Hạnh Nhân 53g,Kem Que,CELANO,,,a38f9189-ad87-11ef-a35e-005056b28600,
b8468f8e-8ef4-11f1-9b18-005056b2a5de,14__KEQ__CEL__SHN__53,Kho Kệ,Cái,Kho Kệ,16.0,,40.0,,30.0,,26.0,,2022,0,b9bd6357-f019-4d5d-8090-3c60031af32f,b9bd6357-f019-4d5d-8090-3c60031af32f,2,False,b98df351-8ef4-11f1-9b18-005056b2a5de,14__KEQ__CEL__SHN__53,CELANO Kem Que Socola Hạnh Nhân 53g,Kem Que,CELANO,,aca0e3b9-1e75-496e-84ff-e96c9084f53f,a38f9189-ad87-11ef-a35e-005056b28600,CÔNG TY TNHH THƯƠNG MẠI VÀ DỊCH VỤ MIRA GROUP
b8468f8e-8ef4-11f1-9b18-005056b2a5de,14__KEQ__CEL__STC__65,CELANO Kem Que Sữa Tươi Trân Châu Đường Đen 65g,Cái,Tổng,13.0,,20.0,,15.0,,18.0,,2023,1,47b36e1d-f107-4a7c-9bd0-138be768ab69,,1,True,b98df41d-8ef4-11f1-9b18-005056b2a5de,14__KEQ__CEL__STC__65,CELANO Kem Que Sữa Tươi Trân Châu Đường Đen 65g,Kem Que,CELANO,,,a38f9189-ad87-11ef-a35e-005056b28600,
b8468f8e-8ef4-11f1-9b18-005056b2a5de,14__KEQ__CEL__STC__65,Kho Kệ,Cái,Kho Kệ,13.0,,20.0,,15.0,,18.0,,2024,0,47b36e1d-f107-4a7c-9bd0-138be768ab69,47b36e1d-f107-4a7c-9bd0-138be768ab69,2,False,b98df4f2-8ef4-11f1-9b18-005056b2a5de,14__KEQ__CEL__STC__65,CELANO Kem Que Sữa Tươi Trân Châu Đường Đen 65g,Kem Que,CELANO,,aca0e3b9-1e75-496e-84ff-e96c9084f53f,a38f9189-ad87-11ef-a35e-005056b28600,CÔNG TY TNHH THƯƠNG MẠI VÀ DỊCH VỤ MIRA GROUP
b8468f8e-8ef4-11f1-9b18-005056b2a5de,14__KEQ__CEL__TCS__75,CELANO Kem Que Trân Châu Sữa Dừa 75g,Cái,Tổng,17.0,,40.0,,30.0,,27.0,,2025,1,0429573a-5111-44df-ad71-3f37fcaeb62e,,1,True,b98df617-8ef4-11f1-9b18-005056b2a5de,14__KEQ__CEL__TCS__75,CELANO Kem Que Trân Châu Sữa Dừa 75g,Kem Que,CELANO,,,a38f9189-ad87-11ef-a35e-005056b28600,
b8468f8e-8ef4-11f1-9b18-005056b2a5de,14__KEQ__CEL__TCS__75,Kho Kệ,Cái,Kho Kệ,17.0,,40.0,,30.0,,27.0,,2026,0,0429573a-5111-44df-ad71-3f37fcaeb62e,0429573a-5111-44df-ad71-3f37fcaeb62e,2,False,b98df734-8ef4-11f1-9b18-005056b2a5de,14__KEQ__CEL__TCS__75,CELANO Kem Que Trân Châu Sữa Dừa 75g,Kem Que,CELANO,,aca0e3b9-1e75-496e-84ff-e96c9084f53f,a38f9189-ad87-11ef-a35e-005056b28600,CÔNG TY TNHH THƯƠNG MẠI VÀ DỊCH VỤ MIRA GROUP
b8468f8e-8ef4-11f1-9b18-005056b2a5de,14__KEQ__CEL__XOI__60,CELANO Kem Que Xoài 60g,Cái,Tổng,9.0,,40.0,,22.0,,27.0,,2027,1,755de993-04ec-43e8-838c-c0b0a8cf9d2c,,1,True,b98df804-8ef4-11f1-9b18-005056b2a5de,14__KEQ__CEL__XOI__60,CELANO Kem Que Xoài 60g,Kem Que,CELANO,,,a38f9189-ad87-11ef-a35e-005056b28600,
b8468f8e-8ef4-11f1-9b18-005056b2a5de,14__KEQ__CEL__XOI__60,Kho Kệ,Cái,Kho Kệ,9.0,,40.0,,22.0,,27.0,,2028,0,755de993-04ec-43e8-838c-c0b0a8cf9d2c,755de993-04ec-43e8-838c-c0b0a8cf9d2c,2,False,b98df8c3-8ef4-11f1-9b18-005056b2a5de,14__KEQ__CEL__XOI__60,CELANO Kem Que Xoài 60g,Kem Que,CELANO,,aca0e3b9-1e75-496e-84ff-e96c9084f53f,a38f9189-ad87-11ef-a35e-005056b28600,CÔNG TY TNHH THƯƠNG MẠI VÀ DỊCH VỤ MIRA GROUP
b8468f8e-8ef4-11f1-9b18-005056b2a5de,14__KEQ__MER__BBP__50,MERINO Kem Que Bánh Bắp 50g,Cái,Tổng,2.0,,0.0,,0.0,,2.0,,2029,1,a8cf2956-88c4-4038-9998-4a2186af0e11,,1,True,b98df98a-8ef4-11f1-9b18-005056b2a5de,14__KEQ__MER__BBP__50,MERINO Kem Que Bánh Bắp 50g,Kem Que,MERINO,,,a38f9189-ad87-11ef-a35e-005056b28600,
b8468f8e-8ef4-11f1-9b18-005056b2a5de,14__KEQ__MER__BBP__50,Kho Kệ,Cái,Kho Kệ,2.0,,0.0,,0.0,,2.0,,2030,0,a8cf2956-88c4-4038-9998-4a2186af0e11,a8cf2956-88c4-4038-9998-4a2186af0e11,2,False,b98dfa40-8ef4-11f1-9b18-005056b2a5de,14__KEQ__MER__BBP__50,MERINO Kem Que Bánh Bắp 50g,Kem Que,MERINO,,aca0e3b9-1e75-496e-84ff-e96c9084f53f,a38f9189-ad87-11ef-a35e-005056b28600,CÔNG TY TNHH THƯƠNG MẠI VÀ DỊCH VỤ MIRA GROUP
b8468f8e-8ef4-11f1-9b18-005056b2a5de,14__KEQ__MER__CBE__64,MERINO Kem Que Cutie Bear Socola Sữa 64g,Cái,Tổng,3.0,,30.0,,23.0,,10.0,,2031,1,db80d222-2242-4b64-b650-5525c74d4cf3,,1,True,b98dfb03-8ef4-11f1-9b18-005056b2a5de,14__KEQ__MER__CBE__64,MERINO Kem Que Cutie Bear Socola Sữa 64g,Kem Que,MERINO,,,a38f9189-ad87-11ef-a35e-005056b28600,
b8468f8e-8ef4-11f1-9b18-005056b2a5de,14__KEQ__MER__CBE__64,Kho Kệ,Cái,Kho Kệ,3.0,,30.0,,23.0,,10.0,,2032,0,db80d222-2242-4b64-b650-5525c74d4cf3,db80d222-2242-4b64-b650-5525c74d4cf3,2,False,b98dfbc0-8ef4-11f1-9b18-005056b2a5de,14__KEQ__MER__CBE__64,MERINO Kem Que Cutie Bear Socola Sữa 64g,Kem Que,MERINO,,aca0e3b9-1e75-496e-84ff-e96c9084f53f,a38f9189-ad87-11ef-a35e-005056b28600,CÔNG TY TNHH THƯƠNG MẠI VÀ DỊCH VỤ MIRA GROUP
b8468f8e-8ef4-11f1-9b18-005056b2a5de,14__KEQ__MER__CHU__85,MERINO Kem Que Chuối Truyền Thống 85g,Cái,Tổng,5.0,,24.0,,19.0,,10.0,,2033,1,4cad9208-c8f0-4f9f-8cde-831fd2eea254,,1,True,b98dfc8a-8ef4-11f1-9b18-005056b2a5de,14__KEQ__MER__CHU__85,MERINO Kem Que Chuối Truyền Thống 85g,Kem Que,MERINO,,,a38f9189-ad87-11ef-a35e-005056b28600,
b8468f8e-8ef4-11f1-9b18-005056b2a5de,14__KEQ__MER__CHU__85,Kho Kệ,Cái,Kho Kệ,5.0,,24.0,,19.0,,10.0,,2034,0,4cad9208-c8f0-4f9f-8cde-831fd2eea254,4cad9208-c8f0-4f9f-8cde-831fd2eea254,2,False,b98dfe13-8ef4-11f1-9b18-005056b2a5de,14__KEQ__MER__CHU__85,MERINO Kem Que Chuối Truyền Thống 85g,Kem Que,MERINO,,aca0e3b9-1e75-496e-84ff-e96c9084f53f,a38f9189-ad87-11ef-a35e-005056b28600,CÔNG TY TNHH THƯƠNG MẠI VÀ DỊCH VỤ MIRA GROUP
b8468f8e-8ef4-11f1-9b18-005056b2a5de,14__KEQ__MER__CSO__68,MERINO Kem Que Cacao Socola 68g,Cái,Tổng,9.0,,60.0,,38.0,,31.0,,2035,1,cbfbe510-7566-4c14-8712-d09dbf3e33b1,,1,True,b98dfee4-8ef4-11f1-9b18-005056b2a5de,14__KEQ__MER__CSO__68,MERINO Kem Que Cacao Socola 68g,Kem Que,MERINO,,,a38f9189-ad87-11ef-a35e-005056b28600,
b8468f8e-8ef4-11f1-9b18-005056b2a5de,14__KEQ__MER__CSO__68,Kho Kệ,Cái,Kho Kệ,9.0,,60.0,,38.0,,31.0,,2036,0,cbfbe510-7566-4c14-8712-d09dbf3e33b1,cbfbe510-7566-4c14-8712-d09dbf3e33b1,2,False,b98dffa7-8ef4-11f1-9b18-005056b2a5de,14__KEQ__MER__CSO__68,MERINO Kem Que Cacao Socola 68g,Kem Que,MERINO,,aca0e3b9-1e75-496e-84ff-e96c9084f53f,a38f9189-ad87-11ef-a35e-005056b28600,CÔNG TY TNHH THƯƠNG MẠI VÀ DỊCH VỤ MIRA GROUP
b8468f8e-8ef4-11f1-9b18-005056b2a5de,14__KEQ__MER__DHA__62,MERINO Kem Que Dưa Hấu 62g,Cái,Tổng,11.0,,0.0,,0.0,,11.0,,2037,1,184bca70-d50e-4f73-a790-021f05660597,,1,True,b98e006d-8ef4-11f1-9b18-005056b2a5de,14__KEQ__MER__DHA__62,MERINO Kem Que Dưa Hấu 62g,Kem Que,MERINO,,,a38f9189-ad87-11ef-a35e-005056b28600,
b8468f8e-8ef4-11f1-9b18-005056b2a5de,14__KEQ__MER__DHA__62,Kho Kệ,Cái,Kho Kệ,11.0,,0.0,,0.0,,11.0,,2038,0,184bca70-d50e-4f73-a790-021f05660597,184bca70-d50e-4f73-a790-021f05660597,2,False,b98e0133-8ef4-11f1-9b18-005056b2a5de,14__KEQ__MER__DHA__62,MERINO Kem Que Dưa Hấu 62g,Kem Que,MERINO,,aca0e3b9-1e75-496e-84ff-e96c9084f53f,a38f9189-ad87-11ef-a35e-005056b28600,CÔNG TY TNHH THƯƠNG MẠI VÀ DỊCH VỤ MIRA GROUP
b8468f8e-8ef4-11f1-9b18-005056b2a5de,14__KEQ__MER__DXH__60,MERINO Kem Que Lõi Xốt Đậu Xanh 60g,Cái,Tổng,11.0,,60.0,,40.0,,31.0,,2039,1,697ec78a-beb4-4f59-806c-ae00d241a6fa,,1,True,b98e01fd-8ef4-11f1-9b18-005056b2a5de,14__KEQ__MER__DXH__60,MERINO Kem Que Lõi Xốt Đậu Xanh 60g,Kem Que,MERINO,,,a38f9189-ad87-11ef-a35e-005056b28600,
b8468f8e-8ef4-11f1-9b18-005056b2a5de,14__KEQ__MER__DXH__60,Kho Kệ,Cái,Kho Kệ,11.0,,60.0,,40.0,,31.0,,2040,0,697ec78a-beb4-4f59-806c-ae00d241a6fa,697ec78a-beb4-4f59-806c-ae00d241a6fa,2,False,b98e02bc-8ef4-11f1-9b18-005056b2a5de,14__KEQ__MER__DXH__60,MERINO Kem Que Lõi Xốt Đậu Xanh 60g,Kem Que,MERINO,,aca0e3b9-1e75-496e-84ff-e96c9084f53f,a38f9189-ad87-11ef-a35e-005056b28600,CÔNG TY TNHH THƯƠNG MẠI VÀ DỊCH VỤ MIRA GROUP
b8468f8e-8ef4-11f1-9b18-005056b2a5de,14__KEQ__MER__KMN__60,MERINO Kem Que Lõi Xốt Khoai Môn 60g,Cái,Tổng,25.0,,30.0,,43.0,,12.0,,2041,1,18423aa7-3b0c-4ece-a19d-9b009af25305,,1,True,b98e0388-8ef4-11f1-9b18-005056b2a5de,14__KEQ__MER__KMN__60,MERINO Kem Que Lõi Xốt Khoai Môn 60g,Kem Que,MERINO,,,a38f9189-ad87-11ef-a35e-005056b28600,
b8468f8e-8ef4-11f1-9b18-005056b2a5de,14__KEQ__MER__KMN__60,Kho Kệ,Cái,Kho Kệ,25.0,,30.0,,43.0,,12.0,,2042,0,18423aa7-3b0c-4ece-a19d-9b009af25305,18423aa7-3b0c-4ece-a19d-9b009af25305,2,False,b98e044b-8ef4-11f1-9b18-005056b2a5de,14__KEQ__MER__KMN__60,MERINO Kem Que Lõi Xốt Khoai Môn 60g,Kem Que,MERINO,,aca0e3b9-1e75-496e-84ff-e96c9084f53f,a38f9189-ad87-11ef-a35e-005056b28600,CÔNG TY TNHH THƯƠNG MẠI VÀ DỊCH VỤ MIRA GROUP
b8468f8e-8ef4-11f1-9b18-005056b2a5de,14__KES__MER__PBT__50,MERINO Kem Sữa Chua Dẻo Phúc Bồn Tử 50g,Cái,Tổng,1.0,,0.0,,0.0,,1.0,,2043,1,41be7c9a-99cb-4f64-9559-99d9a2d2e92d,,1,True,b98e0512-8ef4-11f1-9b18-005056b2a5de,14__KES__MER__PBT__50,MERINO Kem Sữa Chua Dẻo Phúc Bồn Tử 50g,Kem Sữa Chua Dẻo,MERINO,,,a38f9189-ad87-11ef-a35e-005056b28600,
b8468f8e-8ef4-11f1-9b18-005056b2a5de,14__KES__MER__PBT__50,Kho Kệ,Cái,Kho Kệ,1.0,,0.0,,0.0,,1.0,,2044,0,41be7c9a-99cb-4f64-9559-99d9a2d2e92d,41be7c9a-99cb-4f64-9559-99d9a2d2e92d,2,False,b98e05d3-8ef4-11f1-9b18-005056b2a5de,14__KES__MER__PBT__50,MERINO Kem Sữa Chua Dẻo Phúc Bồn Tử 50g,Kem Sữa Chua Dẻo,MERINO,,aca0e3b9-1e75-496e-84ff-e96c9084f53f,a38f9189-ad87-11ef-a35e-005056b28600,CÔNG TY TNHH THƯƠNG MẠI VÀ DỊCH VỤ MIRA GROUP
b8468f8e-8ef4-11f1-9b18-005056b2a5de,14__KES__MER__PMI__50,MERINO Kem Sữa Chua Dẻo Phô Mai 50g,Cái,Tổng,24.0,,110.0,,85.0,,49.0,,2045,1,a9ed0ac2-51a6-41b6-8ee3-f1745557e615,,1,True,b98e069d-8ef4-11f1-9b18-005056b2a5de,14__KES__MER__PMI__50,MERINO Kem Sữa Chua Dẻo Phô Mai 50g,Kem Sữa Chua Dẻo,MERINO,,,a38f9189-ad87-11ef-a35e-005056b28600,
b8468f8e-8ef4-11f1-9b18-005056b2a5de,14__KES__MER__PMI__50,Kho Kệ,Cái,Kho Kệ,24.0,,110.0,,85.0,,49.0,,2046,0,a9ed0ac2-51a6-41b6-8ee3-f1745557e615,a9ed0ac2-51a6-41b6-8ee3-f1745557e615,2,False,b98e0762-8ef4-11f1-9b18-005056b2a5de,14__KES__MER__PMI__50,MERINO Kem Sữa Chua Dẻo Phô Mai 50g,Kem Sữa Chua Dẻo,MERINO,,aca0e3b9-1e75-496e-84ff-e96c9084f53f,a38f9189-ad87-11ef-a35e-005056b28600,CÔNG TY TNHH THƯƠNG MẠI VÀ DỊCH VỤ MIRA GROUP
b8468f8e-8ef4-11f1-9b18-005056b2a5de,ACGVTC401,ALACO Chân Gà Vị Tê Cay 40g,Cái,Tổng,197.0,,180.0,,189.0,,188.0,,2047,1,75403e54-6bbf-4c55-a322-e36524ec53d2,,1,True,b98e082f-8ef4-11f1-9b18-005056b2a5de,ACGVTC401,ALACO Chân Gà Vị Tê Cay 40g,Chân Gà,ALACO,,,a38f9189-ad87-11ef-a35e-005056b28600,
b8468f8e-8ef4-11f1-9b18-005056b2a5de,ACGVTC401,Kho Kệ,Cái,Kho Kệ,-63.0,,180.0,,189.0,,-72.0,,2048,0,75403e54-6bbf-4c55-a322-e36524ec53d2,75403e54-6bbf-4c55-a322-e36524ec53d2,2,False,b98e08f3-8ef4-11f1-9b18-005056b2a5de,ACGVTC401,ALACO Chân Gà Vị Tê Cay 40g,Chân Gà,ALACO,,aca0e3b9-1e75-496e-84ff-e96c9084f53f,a38f9189-ad87-11ef-a35e-005056b28600,CÔNG TY TNHH THƯƠNG MẠI VÀ DỊCH VỤ MIRA GROUP
b8468f8e-8ef4-11f1-9b18-005056b2a5de,ACGVTC401,Kho MIRA,Cái,Kho MIRA,260.0,,0.0,,0.0,,260.0,,2049,0,75403e54-6bbf-4c55-a322-e36524ec53d2,75403e54-6bbf-4c55-a322-e36524ec53d2,2,False,b98e09c0-8ef4-11f1-9b18-005056b2a5de,ACGVTC401,ALACO Chân Gà Vị Tê Cay 40g,Chân Gà,ALACO,,485b5d06-306c-11f0-b467-005056b34af7,a38f9189-ad87-11ef-a35e-005056b28600,CÔNG TY TNHH THƯƠNG MẠI VÀ DỊCH VỤ MIRA GROUP
b8468f8e-8ef4-11f1-9b18-005056b2a5de,AKSC01,ALPENLIEBE Kẹo Sữa Caramen,Chiếc,Tổng,0.0,,32.0,,2.0,,30.0,,2050,1,5d4c084a-d5a8-4329-ae12-9efd71de2b5a,,1,True,b98e0b5c-8ef4-11f1-9b18-005056b2a5de,AKSC01,ALPENLIEBE Kẹo Sữa Caramen,,Alpenliebe,,,a38f9189-ad87-11ef-a35e-005056b28600,
b8468f8e-8ef4-11f1-9b18-005056b2a5de,AKSC01,Kho Kệ,Chiếc,Kho Kệ,0.0,,32.0,,2.0,,30.0,,2051,0,5d4c084a-d5a8-4329-ae12-9efd71de2b5a,5d4c084a-d5a8-4329-ae12-9efd71de2b5a,2,False,b98e0c26-8ef4-11f1-9b18-005056b2a5de,AKSC01,ALPENLIEBE Kẹo Sữa Caramen,,Alpenliebe,,aca0e3b9-1e75-496e-84ff-e96c9084f53f,a38f9189-ad87-11ef-a35e-005056b28600,CÔNG TY TNHH THƯƠNG MẠI VÀ DỊCH VỤ MIRA GROUP
b8468f8e-8ef4-11f1-9b18-005056b2a5de,AKXMO01,ALPENLIEBE Kẹo Xoài Muối Ớt,Chiếc,Tổng,0.0,,32.0,,1.0,,31.0,,2052,1,904bf0fa-51b9-46ba-9139-44979853ae2b,,1,True,b98e0cf5-8ef4-11f1-9b18-005056b2a5de,AKXMO01,ALPENLIEBE Kẹo Xoài Muối Ớt,,Alpenliebe,,,a38f9189-ad87-11ef-a35e-005056b28600,
b8468f8e-8ef4-11f1-9b18-005056b2a5de,AKXMO01,Kho Kệ,Chiếc,Kho Kệ,0.0,,32.0,,1.0,,31.0,,2053,0,904bf0fa-51b9-46ba-9139-44979853ae2b,904bf0fa-51b9-46ba-9139-44979853ae2b,2,False,b98e0dd7-8ef4-11f1-9b18-005056b2a5de,AKXMO01,ALPENLIEBE Kẹo Xoài Muối Ớt,,Alpenliebe,,aca0e3b9-1e75-496e-84ff-e96c9084f53f,a38f9189-ad87-11ef-a35e-005056b28600,CÔNG TY TNHH THƯƠNG MẠI VÀ DỊCH VỤ MIRA GROUP
b8468f8e-8ef4-11f1-9b18-005056b2a5de,ASMTGXPMT901,ACECOOK SiuKay Mì Trộn Gà Xốt Phô Mai Tô 96g,Tô,Tổng,5.0,,72.0,,49.0,,28.0,,2054,1,be4ebb4b-21fc-49f0-8740-236a6fb090b3,,1,True,b98e0ead-8ef4-11f1-9b18-005056b2a5de,ASMTGXPMT901,ACECOOK SiuKay Mì Trộn Gà Xốt Phô Mai Tô 96g,Mì Tô,ACECOOK SiuKay,,,a38f9189-ad87-11ef-a35e-005056b28600,
b8468f8e-8ef4-11f1-9b18-005056b2a5de,ASMTGXPMT901,Kho Kệ,Tô,Kho Kệ,-19.0,,48.0,,49.0,,-20.0,,2055,0,be4ebb4b-21fc-49f0-8740-236a6fb090b3,be4ebb4b-21fc-49f0-8740-236a6fb090b3,2,False,b98e0f78-8ef4-11f1-9b18-005056b2a5de,ASMTGXPMT901,ACECOOK SiuKay Mì Trộn Gà Xốt Phô Mai Tô 96g,Mì Tô,ACECOOK SiuKay,,aca0e3b9-1e75-496e-84ff-e96c9084f53f,a38f9189-ad87-11ef-a35e-005056b28600,CÔNG TY TNHH THƯƠNG MẠI VÀ DỊCH VỤ MIRA GROUP
b8468f8e-8ef4-11f1-9b18-005056b2a5de,ASMTGXPMT901,Kho MIRA,Tô,Kho MIRA,24.0,,24.0,,0.0,,48.0,,2056,0,be4ebb4b-21fc-49f0-8740-236a6fb090b3,be4ebb4b-21fc-49f0-8740-236a6fb090b3,2,False,b98e103d-8ef4-11f1-9b18-005056b2a5de,ASMTGXPMT901,ACECOOK SiuKay Mì Trộn Gà Xốt Phô Mai Tô 96g,Mì Tô,ACECOOK SiuKay,,485b5d06-306c-11f0-b467-005056b34af7,a38f9189-ad87-11ef-a35e-005056b28600,CÔNG TY TNHH THƯƠNG MẠI VÀ DỊCH VỤ MIRA GROUP
b8468f8e-8ef4-11f1-9b18-005056b2a5de,ATCNV201,ALACO Trứng Cút Ngũ Vị 24g,Bịch,Tổng,1.0,,200.0,,47.0,,154.0,,2057,1,80114511-8724-4195-b722-b0ca2bcb27c9,,1,True,b98e1105-8ef4-11f1-9b18-005056b2a5de,ATCNV201,ALACO Trứng Cút Ngũ Vị 24g,trứng cút,ALACO,,,a38f9189-ad87-11ef-a35e-005056b28600,
b8468f8e-8ef4-11f1-9b18-005056b2a5de,ATCNV201,Kho Kệ,Bịch,Kho Kệ,-19.0,,200.0,,47.0,,134.0,,2058,0,80114511-8724-4195-b722-b0ca2bcb27c9,80114511-8724-4195-b722-b0ca2bcb27c9,2,False,b98e11db-8ef4-11f1-9b18-005056b2a5de,ATCNV201,ALACO Trứng Cút Ngũ Vị 24g,trứng cút,ALACO,,aca0e3b9-1e75-496e-84ff-e96c9084f53f,a38f9189-ad87-11ef-a35e-005056b28600,CÔNG TY TNHH THƯƠNG MẠI VÀ DỊCH VỤ MIRA GROUP
b8468f8e-8ef4-11f1-9b18-005056b2a5de,ATCNV201,Kho MIRA,Bịch,Kho MIRA,20.0,,0.0,,0.0,,20.0,,2059,0,80114511-8724-4195-b722-b0ca2bcb27c9,80114511-8724-4195-b722-b0ca2bcb27c9,2,False,b98e12e4-8ef4-11f1-9b18-005056b2a5de,ATCNV201,ALACO Trứng Cút Ngũ Vị 24g,trứng cút,ALACO,,485b5d06-306c-11f0-b467-005056b34af7,a38f9189-ad87-11ef-a35e-005056b28600,CÔNG TY TNHH THƯƠNG MẠI VÀ DỊCH VỤ MIRA GROUP
b8468f8e-8ef4-11f1-9b18-005056b2a5de,ATCVMN201,ALACO Trứng Cút Vị Muối Nướng 24g,Bịch,Tổng,28.0,,200.0,,24.0,,204.0,,2060,1,52c0f2bb-49b1-414a-8061-ebcc0e02dea0,,1,True,b98e13af-8ef4-11f1-9b18-005056b2a5de,ATCVMN201,ALACO Trứng Cút Vị Muối Nướng 24g,trứng cút,ALACO,,,a38f9189-ad87-11ef-a35e-005056b28600,
b8468f8e-8ef4-11f1-9b18-005056b2a5de,ATCVMN201,Kho Kệ,Bịch,Kho Kệ,-12.0,,200.0,,24.0,,164.0,,2061,0,52c0f2bb-49b1-414a-8061-ebcc0e02dea0,52c0f2bb-49b1-414a-8061-ebcc0e02dea0,2,False,b98e1468-8ef4-11f1-9b18-005056b2a5de,ATCVMN201,ALACO Trứng Cút Vị Muối Nướng 24g,trứng cút,ALACO,,aca0e3b9-1e75-496e-84ff-e96c9084f53f,a38f9189-ad87-11ef-a35e-005056b28600,CÔNG TY TNHH THƯƠNG MẠI VÀ DỊCH VỤ MIRA GROUP
b8468f8e-8ef4-11f1-9b18-005056b2a5de,ATCVMN201,Kho MIRA,Bịch,Kho MIRA,40.0,,0.0,,0.0,,40.0,,2062,0,52c0f2bb-49b1-414a-8061-ebcc0e02dea0,52c0f2bb-49b1-414a-8061-ebcc0e02dea0,2,False,b98e1528-8ef4-11f1-9b18-005056b2a5de,ATCVMN201,ALACO Trứng Cút Vị Muối Nướng 24g,trứng cút,ALACO,,485b5d06-306c-11f0-b467-005056b34af7,a38f9189-ad87-11ef-a35e-005056b28600,CÔNG TY TNHH THƯƠNG MẠI VÀ DỊCH VỤ MIRA GROUP
b8468f8e-8ef4-11f1-9b18-005056b2a5de,BBNPGC101,BATRAFOOD BT Nướng Phủ Gà Cay 140g,Bịch,Tổng,57.0,,0.0,,26.0,,31.0,,2063,1,45cfce04-5c0e-46b6-b2c2-c90cf33c7e97,,1,True,b98e15ea-8ef4-11f1-9b18-005056b2a5de,BBNPGC101,BATRAFOOD BT Nướng Phủ Gà Cay 140g,,BATRAFOOD,,,a38f9189-ad87-11ef-a35e-005056b28600,
b8468f8e-8ef4-11f1-9b18-005056b2a5de,BBNPGC101,Kho Kệ,Bịch,Kho Kệ,57.0,,0.0,,26.0,,31.0,,2064,0,45cfce04-5c0e-46b6-b2c2-c90cf33c7e97,45cfce04-5c0e-46b6-b2c2-c90cf33c7e97,2,False,b98e16a4-8ef4-11f1-9b18-005056b2a5de,BBNPGC101,BATRAFOOD BT Nướng Phủ Gà Cay 140g,,BATRAFOOD,,aca0e3b9-1e75-496e-84ff-e96c9084f53f,a38f9189-ad87-11ef-a35e-005056b28600,CÔNG TY TNHH THƯƠNG MẠI VÀ DỊCH VỤ MIRA GROUP
b8468f8e-8ef4-11f1-9b18-005056b2a5de,CAKCC3M01,COCA-COLA Aquarius Không Calo Chai 390 ml,Chai,Tổng,39.0,,24.0,,58.0,,5.0,,2065,1,5ef193f1-d455-4d32-b70a-139eb4e01b9a,,1,True,b98e1767-8ef4-11f1-9b18-005056b2a5de,CAKCC3M01,COCA-COLA Aquarius Không Calo Chai 390 ml,Nước Bù Điện Giải,Coca-Cola,,,a38f9189-ad87-11ef-a35e-005056b28600,
b8468f8e-8ef4-11f1-9b18-005056b2a5de,CAKCC3M01,Kho Kệ,Chai,Kho Kệ,-9.0,,24.0,,58.0,,-43.0,,2066,0,5ef193f1-d455-4d32-b70a-139eb4e01b9a,5ef193f1-d455-4d32-b70a-139eb4e01b9a,2,False,b98e182c-8ef4-11f1-9b18-005056b2a5de,CAKCC3M01,COCA-COLA Aquarius Không Calo Chai 390 ml,Nước Bù Điện Giải,Coca-Cola,,aca0e3b9-1e75-496e-84ff-e96c9084f53f,a38f9189-ad87-11ef-a35e-005056b28600,CÔNG TY TNHH THƯƠNG MẠI VÀ DỊCH VỤ MIRA GROUP
b8468f8e-8ef4-11f1-9b18-005056b2a5de,CAKCC3M01,Kho MIRA,Chai,Kho MIRA,48.0,,0.0,,0.0,,48.0,,2067,0,5ef193f1-d455-4d32-b70a-139eb4e01b9a,5ef193f1-d455-4d32-b70a-139eb4e01b9a,2,False,b98e18f7-8ef4-11f1-9b18-005056b2a5de,CAKCC3M01,COCA-COLA Aquarius Không Calo Chai 390 ml,Nước Bù Điện Giải,Coca-Cola,,485b5d06-306c-11f0-b467-005056b34af7,a38f9189-ad87-11ef-a35e-005056b28600,CÔNG TY TNHH THƯƠNG MẠI VÀ DỊCH VỤ MIRA GROUP
b8468f8e-8ef4-11f1-9b18-005056b2a5de,CBCMMCSN01,COLGATE Bàn Chải Mềm Mảnh Chăm Sóc Nướu,Cái,Tổng,24.0,,0.0,,11.0,,13.0,,2068,1,97df2c37-44bc-4d2c-9703-20ef04482997,,1,True,b98e19ba-8ef4-11f1-9b18-005056b2a5de,CBCMMCSN01,COLGATE Bàn Chải Mềm Mảnh Chăm Sóc Nướu,Chăm Sóc Vệ Sinh Cá Nhân,COLGATE,,,a38f9189-ad87-11ef-a35e-005056b28600,
b8468f8e-8ef4-11f1-9b18-005056b2a5de,CBCMMCSN01,Kho Kệ,Cái,Kho Kệ,0.0,,0.0,,11.0,,-11.0,,2069,0,97df2c37-44bc-4d2c-9703-20ef04482997,97df2c37-44bc-4d2c-9703-20ef04482997,2,False,b98e1a7a-8ef4-11f1-9b18-005056b2a5de,CBCMMCSN01,COLGATE Bàn Chải Mềm Mảnh Chăm Sóc Nướu,Chăm Sóc Vệ Sinh Cá Nhân,COLGATE,,aca0e3b9-1e75-496e-84ff-e96c9084f53f,a38f9189-ad87-11ef-a35e-005056b28600,CÔNG TY TNHH THƯƠNG MẠI VÀ DỊCH VỤ MIRA GROUP
b8468f8e-8ef4-11f1-9b18-005056b2a5de,CBCMMCSN01,Kho MIRA,Cái,Kho MIRA,24.0,,0.0,,0.0,,24.0,,2070,0,97df2c37-44bc-4d2c-9703-20ef04482997,97df2c37-44bc-4d2c-9703-20ef04482997,2,False,b98e1b43-8ef4-11f1-9b18-005056b2a5de,CBCMMCSN01,COLGATE Bàn Chải Mềm Mảnh Chăm Sóc Nướu,Chăm Sóc Vệ Sinh Cá Nhân,COLGATE,,485b5d06-306c-11f0-b467-005056b34af7,a38f9189-ad87-11ef-a35e-005056b28600,CÔNG TY TNHH THƯƠNG MẠI VÀ DỊCH VỤ MIRA GROUP
b8468f8e-8ef4-11f1-9b18-005056b2a5de,CKDRNSR401,COLGATE Kem Đánh Răng Ngừa Sâu Răng 45g,Hộp,Tổng,36.0,,0.0,,22.0,,14.0,,2071,1,adad992d-6b77-465e-8586-c70bb40648bc,,1,True,b98e1c0d-8ef4-11f1-9b18-005056b2a5de,CKDRNSR401,COLGATE Kem Đánh Răng Ngừa Sâu Răng 45g,Chăm Sóc Vệ Sinh Cá Nhân,COLGATE,,,a38f9189-ad87-11ef-a35e-005056b28600,
b8468f8e-8ef4-11f1-9b18-005056b2a5de,CKDRNSR401,Kho Kệ,Hộp,Kho Kệ,36.0,,0.0,,22.0,,14.0,,2072,0,adad992d-6b77-465e-8586-c70bb40648bc,adad992d-6b77-465e-8586-c70bb40648bc,2,False,b98e1e68-8ef4-11f1-9b18-005056b2a5de,CKDRNSR401,COLGATE Kem Đánh Răng Ngừa Sâu Răng 45g,Chăm Sóc Vệ Sinh Cá Nhân,COLGATE,,aca0e3b9-1e75-496e-84ff-e96c9084f53f,a38f9189-ad87-11ef-a35e-005056b28600,CÔNG TY TNHH THƯƠNG MẠI VÀ DỊCH VỤ MIRA GROUP
b8468f8e-8ef4-11f1-9b18-005056b2a5de,CKDRTE401,COLGATE Kem Đánh Răng Trẻ Em 40g,Hộp,Tổng,22.0,,0.0,,2.0,,20.0,,2073,1,c7633ff0-3419-4f3e-964c-4945d7440878,,1,True,b98e1f45-8ef4-11f1-9b18-005056b2a5de,CKDRTE401,COLGATE Kem Đánh Răng Trẻ Em 40g,Chăm Sóc Vệ Sinh Cá Nhân,COLGATE,,,a38f9189-ad87-11ef-a35e-005056b28600,
b8468f8e-8ef4-11f1-9b18-005056b2a5de,CKDRTE401,Kho Kệ,Hộp,Kho Kệ,22.0,,0.0,,2.0,,20.0,,2074,0,c7633ff0-3419-4f3e-964c-4945d7440878,c7633ff0-3419-4f3e-964c-4945d7440878,2,False,b98e2050-8ef4-11f1-9b18-005056b2a5de,CKDRTE401,COLGATE Kem Đánh Răng Trẻ Em 40g,Chăm Sóc Vệ Sinh Cá Nhân,COLGATE,,aca0e3b9-1e75-496e-84ff-e96c9084f53f,a38f9189-ad87-11ef-a35e-005056b28600,CÔNG TY TNHH THƯƠNG MẠI VÀ DỊCH VỤ MIRA GROUP
b8468f8e-8ef4-11f1-9b18-005056b2a5de,DKBHNS401,DYNAMITE Kẹo Bạc Hà Nhân Socola 42g,Bịch,Tổng,4.0,,0.0,,3.0,,1.0,,2075,1,1ad014ce-c33c-4671-9e83-13acee2e3e77,,1,True,b98e219c-8ef4-11f1-9b18-005056b2a5de,DKBHNS401,DYNAMITE Kẹo Bạc Hà Nhân Socola 42g,Kẹo Cứng,Dynamite,,,a38f9189-ad87-11ef-a35e-005056b28600,
b8468f8e-8ef4-11f1-9b18-005056b2a5de,DKBHNS401,Kho Kệ,Bịch,Kho Kệ,4.0,,0.0,,3.0,,1.0,,2076,0,1ad014ce-c33c-4671-9e83-13acee2e3e77,1ad014ce-c33c-4671-9e83-13acee2e3e77,2,False,b98e22e2-8ef4-11f1-9b18-005056b2a5de,DKBHNS401,DYNAMITE Kẹo Bạc Hà Nhân Socola 42g,Kẹo Cứng,Dynamite,,aca0e3b9-1e75-496e-84ff-e96c9084f53f,a38f9189-ad87-11ef-a35e-005056b28600,CÔNG TY TNHH THƯƠNG MẠI VÀ DỊCH VỤ MIRA GROUP
b8468f8e-8ef4-11f1-9b18-005056b2a5de,DTNHC201,DOUBLEMINT Tuýp Ngậm Hương Chanh 23.8g,Hũ,Tổng,6.0,,0.0,,7.0,,-1.0,,2077,1,c60f3c6d-3d7f-46aa-b0b8-c45327f8d7ff,,1,True,b98e2437-8ef4-11f1-9b18-005056b2a5de,DTNHC201,DOUBLEMINT Tuýp Ngậm Hương Chanh 23.8g,,DOUBLEMINT,,,a38f9189-ad87-11ef-a35e-005056b28600,
b8468f8e-8ef4-11f1-9b18-005056b2a5de,DTNHC201,Kho Kệ,Hũ,Kho Kệ,6.0,,0.0,,7.0,,-1.0,,2078,0,c60f3c6d-3d7f-46aa-b0b8-c45327f8d7ff,c60f3c6d-3d7f-46aa-b0b8-c45327f8d7ff,2,False,b98e2516-8ef4-11f1-9b18-005056b2a5de,DTNHC201,DOUBLEMINT Tuýp Ngậm Hương Chanh 23.8g,,DOUBLEMINT,,aca0e3b9-1e75-496e-84ff-e96c9084f53f,a38f9189-ad87-11ef-a35e-005056b28600,CÔNG TY TNHH THƯƠNG MẠI VÀ DỊCH VỤ MIRA GROUP
b8468f8e-8ef4-11f1-9b18-005056b2a5de,FNHHQHDC201,FRUTIVAL Nước Hạt Húng Quế Hương Dứa Chai 290ml,Chai,Tổng,42.0,,0.0,,18.0,,24.0,,2079,1,6f11771a-fa9b-49a9-9b03-eb652b0725f8,,1,True,b98e25df-8ef4-11f1-9b18-005056b2a5de,FNHHQHDC201,FRUTIVAL Nước Hạt Húng Quế Hương Dứa Chai 290ml,Nước Trái Cây,FRUTIVAL,,,a38f9189-ad87-11ef-a35e-005056b28600,
b8468f8e-8ef4-11f1-9b18-005056b2a5de,FNHHQHDC201,Kho Kệ,Chai,Kho Kệ,18.0,,0.0,,18.0,,0.0,,2080,0,6f11771a-fa9b-49a9-9b03-eb652b0725f8,6f11771a-fa9b-49a9-9b03-eb652b0725f8,2,False,b98e269e-8ef4-11f1-9b18-005056b2a5de,FNHHQHDC201,FRUTIVAL Nước Hạt Húng Quế Hương Dứa Chai 290ml,Nước Trái Cây,FRUTIVAL,,aca0e3b9-1e75-496e-84ff-e96c9084f53f,a38f9189-ad87-11ef-a35e-005056b28600,CÔNG TY TNHH THƯƠNG MẠI VÀ DỊCH VỤ MIRA GROUP
b8468f8e-8ef4-11f1-9b18-005056b2a5de,FNHHQHDC201,Kho MIRA,Chai,Kho MIRA,24.0,,0.0,,0.0,,24.0,,2081,0,6f11771a-fa9b-49a9-9b03-eb652b0725f8,6f11771a-fa9b-49a9-9b03-eb652b0725f8,2,False,b98e2775-8ef4-11f1-9b18-005056b2a5de,FNHHQHDC201,FRUTIVAL Nước Hạt Húng Quế Hương Dứa Chai 290ml,Nước Trái Cây,FRUTIVAL,,485b5d06-306c-11f0-b467-005056b34af7,a38f9189-ad87-11ef-a35e-005056b28600,CÔNG TY TNHH THƯƠNG MẠI VÀ DỊCH VỤ MIRA GROUP
b8468f8e-8ef4-11f1-9b18-005056b2a5de,FNHHQHNC201,FRUTIVAL Nước Hạt Húng Quế Hương Nho Chai 290ml,Chai,Tổng,44.0,,0.0,,13.0,,31.0,,2082,1,2a22ff0d-6af1-4d4e-8763-08d5016c68bc,,1,True,b98e28af-8ef4-11f1-9b18-005056b2a5de,FNHHQHNC201,FRUTIVAL Nước Hạt Húng Quế Hương Nho Chai 290ml,Nước Trái Cây,FRUTIVAL,,,a38f9189-ad87-11ef-a35e-005056b28600,
b8468f8e-8ef4-11f1-9b18-005056b2a5de,FNHHQHNC201,Kho Kệ,Chai,Kho Kệ,20.0,,0.0,,13.0,,7.0,,2083,0,2a22ff0d-6af1-4d4e-8763-08d5016c68bc,2a22ff0d-6af1-4d4e-8763-08d5016c68bc,2,False,b98e29c9-8ef4-11f1-9b18-005056b2a5de,FNHHQHNC201,FRUTIVAL Nước Hạt Húng Quế Hương Nho Chai 290ml,Nước Trái Cây,FRUTIVAL,,aca0e3b9-1e75-496e-84ff-e96c9084f53f,a38f9189-ad87-11ef-a35e-005056b28600,CÔNG TY TNHH THƯƠNG MẠI VÀ DỊCH VỤ MIRA GROUP
b8468f8e-8ef4-11f1-9b18-005056b2a5de,FNHHQHNC201,Kho MIRA,Chai,Kho MIRA,24.0,,0.0,,0.0,,24.0,,2084,0,2a22ff0d-6af1-4d4e-8763-08d5016c68bc,2a22ff0d-6af1-4d4e-8763-08d5016c68bc,2,False,b98e2af9-8ef4-11f1-9b18-005056b2a5de,FNHHQHNC201,FRUTIVAL Nước Hạt Húng Quế Hương Nho Chai 290ml,Nước Trái Cây,FRUTIVAL,,485b5d06-306c-11f0-b467-005056b34af7,a38f9189-ad87-11ef-a35e-005056b28600,CÔNG TY TNHH THƯƠNG MẠI VÀ DỊCH VỤ MIRA GROUP
b8468f8e-8ef4-11f1-9b18-005056b2a5de,GBTCD901,GIZZA Bánh Tươi Chanh Dây 90g,Chiếc,Tổng,0.0,,21.0,,4.0,,17.0,,2085,1,ace88d8c-5215-402d-8c1b-eebb80dc4abe,,1,True,b98e2cbf-8ef4-11f1-9b18-005056b2a5de,GBTCD901,GIZZA Bánh Tươi Chanh Dây 90g,Bánh Bông Lan,GIZZA,,,a38f9189-ad87-11ef-a35e-005056b28600,
b8468f8e-8ef4-11f1-9b18-005056b2a5de,GBTCD901,Kho Kệ,Chiếc,Kho Kệ,0.0,,21.0,,4.0,,17.0,,2086,0,ace88d8c-5215-402d-8c1b-eebb80dc4abe,ace88d8c-5215-402d-8c1b-eebb80dc4abe,2,False,b98e2d98-8ef4-11f1-9b18-005056b2a5de,GBTCD901,GIZZA Bánh Tươi Chanh Dây 90g,Bánh Bông Lan,GIZZA,,aca0e3b9-1e75-496e-84ff-e96c9084f53f,a38f9189-ad87-11ef-a35e-005056b28600,CÔNG TY TNHH THƯƠNG MẠI VÀ DỊCH VỤ MIRA GROUP
b8468f8e-8ef4-11f1-9b18-005056b2a5de,GCDSKF101,GREEN CROSS DD Sát Khuẩn Fresh 100ml,Chai,Tổng,7.0,,0.0,,1.0,,6.0,,2087,1,477b021b-3f72-49ad-8906-bcf8ef9acb93,,1,True,b98e2e6b-8ef4-11f1-9b18-005056b2a5de,GCDSKF101,GREEN CROSS DD Sát Khuẩn Fresh 100ml,,green cross,,,a38f9189-ad87-11ef-a35e-005056b28600,
b8468f8e-8ef4-11f1-9b18-005056b2a5de,GCDSKF101,Kho Kệ,Chai,Kho Kệ,7.0,,0.0,,1.0,,6.0,,2088,0,477b021b-3f72-49ad-8906-bcf8ef9acb93,477b021b-3f72-49ad-8906-bcf8ef9acb93,2,False,b98e2f32-8ef4-11f1-9b18-005056b2a5de,GCDSKF101,GREEN CROSS DD Sát Khuẩn Fresh 100ml,,green cross,,aca0e3b9-1e75-496e-84ff-e96c9084f53f,a38f9189-ad87-11ef-a35e-005056b28600,CÔNG TY TNHH THƯƠNG MẠI VÀ DỊCH VỤ MIRA GROUP
b8468f8e-8ef4-11f1-9b18-005056b2a5de,GCDXKTX101,GREEN CROSS DD Xát Khuẩn Trà Xanh 100ml,Chiếc,Tổng,11.0,,0.0,,6.0,,5.0,,2089,1,c3f80cc1-1525-48af-8616-d572ced58e46,,1,True,b98e3031-8ef4-11f1-9b18-005056b2a5de,GCDXKTX101,GREEN CROSS DD Xát Khuẩn Trà Xanh 100ml,,green cross,,,a38f9189-ad87-11ef-a35e-005056b28600,
b8468f8e-8ef4-11f1-9b18-005056b2a5de,GCDXKTX101,Kho Kệ,Chiếc,Kho Kệ,11.0,,0.0,,6.0,,5.0,,2090,0,c3f80cc1-1525-48af-8616-d572ced58e46,c3f80cc1-1525-48af-8616-d572ced58e46,2,False,b98e3161-8ef4-11f1-9b18-005056b2a5de,GCDXKTX101,GREEN CROSS DD Xát Khuẩn Trà Xanh 100ml,,green cross,,aca0e3b9-1e75-496e-84ff-e96c9084f53f,a38f9189-ad87-11ef-a35e-005056b28600,CÔNG TY TNHH THƯƠNG MẠI VÀ DỊCH VỤ MIRA GROUP
b8468f8e-8ef4-11f1-9b18-005056b2a5de,GKSTD01,GOLIA Kẹo Syro Thảo Dược,Chiếc,Tổng,0.0,,32.0,,3.0,,29.0,,2091,1,971a7510-c44e-4e5c-8b75-dd43c51ccea1,,1,True,b98e32d8-8ef4-11f1-9b18-005056b2a5de,GKSTD01,GOLIA Kẹo Syro Thảo Dược,,,,,a38f9189-ad87-11ef-a35e-005056b28600,
b8468f8e-8ef4-11f1-9b18-005056b2a5de,GKSTD01,Kho Kệ,Chiếc,Kho Kệ,0.0,,32.0,,3.0,,29.0,,2092,0,971a7510-c44e-4e5c-8b75-dd43c51ccea1,971a7510-c44e-4e5c-8b75-dd43c51ccea1,2,False,b98e3414-8ef4-11f1-9b18-005056b2a5de,GKSTD01,GOLIA Kẹo Syro Thảo Dược,,,,aca0e3b9-1e75-496e-84ff-e96c9084f53f,a38f9189-ad87-11ef-a35e-005056b28600,CÔNG TY TNHH THƯƠNG MẠI VÀ DỊCH VỤ MIRA GROUP
b8468f8e-8ef4-11f1-9b18-005056b2a5de,KABQVLM801,KINHDO AFC Bánh Quy Vị Lúa Mì 86g,Hộp,Tổng,11.0,,18.0,,9.0,,20.0,,2093,1,7b66e96e-b90e-4a64-ad60-9f4730daa16d,,1,True,b98e3528-8ef4-11f1-9b18-005056b2a5de,KABQVLM801,KINHDO AFC Bánh Quy Vị Lúa Mì 86g,Bánh Quy,Kinh Đô,,,a38f9189-ad87-11ef-a35e-005056b28600,
b8468f8e-8ef4-11f1-9b18-005056b2a5de,KABQVLM801,Kho Kệ,Hộp,Kho Kệ,11.0,,18.0,,9.0,,20.0,,2094,0,7b66e96e-b90e-4a64-ad60-9f4730daa16d,7b66e96e-b90e-4a64-ad60-9f4730daa16d,2,False,b98e3634-8ef4-11f1-9b18-005056b2a5de,KABQVLM801,KINHDO AFC Bánh Quy Vị Lúa Mì 86g,Bánh Quy,Kinh Đô,,aca0e3b9-1e75-496e-84ff-e96c9084f53f,a38f9189-ad87-11ef-a35e-005056b28600,CÔNG TY TNHH THƯƠNG MẠI VÀ DỊCH VỤ MIRA GROUP
b8468f8e-8ef4-11f1-9b18-005056b2a5de,KABQVR801,KINHDO AFC Bánh Quy Vị Rau 86g,Hộp,Tổng,11.0,,0.0,,4.0,,7.0,,2095,1,9e42de89-e637-4db6-96fd-586712094494,,1,True,b98e3754-8ef4-11f1-9b18-005056b2a5de,KABQVR801,KINHDO AFC Bánh Quy Vị Rau 86g,Bánh Quy,Kinh Đô,,,a38f9189-ad87-11ef-a35e-005056b28600,
b8468f8e-8ef4-11f1-9b18-005056b2a5de,KABQVR801,Kho Kệ,Hộp,Kho Kệ,11.0,,0.0,,4.0,,7.0,,2096,0,9e42de89-e637-4db6-96fd-586712094494,9e42de89-e637-4db6-96fd-586712094494,2,False,b98e3863-8ef4-11f1-9b18-005056b2a5de,KABQVR801,KINHDO AFC Bánh Quy Vị Rau 86g,Bánh Quy,Kinh Đô,,aca0e3b9-1e75-496e-84ff-e96c9084f53f,a38f9189-ad87-11ef-a35e-005056b28600,CÔNG TY TNHH THƯƠNG MẠI VÀ DỊCH VỤ MIRA GROUP
b8468f8e-8ef4-11f1-9b18-005056b2a5de,KB11M01,KOTEX Bio-care 15cm 16 miếng,Bịch,Tổng,12.0,,0.0,,0.0,,12.0,,2097,1,b7eb4996-15e0-43ce-ba91-5b32b89a19f6,,1,True,b98e39a2-8ef4-11f1-9b18-005056b2a5de,KB11M01,KOTEX Bio-care 15cm 16 miếng,Chăm Sóc Vệ Sinh Cá Nhân,KOTEX,,,a38f9189-ad87-11ef-a35e-005056b28600,
b8468f8e-8ef4-11f1-9b18-005056b2a5de,KB11M01,Kho Kệ,Bịch,Kho Kệ,12.0,,0.0,,0.0,,12.0,,2098,0,b7eb4996-15e0-43ce-ba91-5b32b89a19f6,b7eb4996-15e0-43ce-ba91-5b32b89a19f6,2,False,b98e3b10-8ef4-11f1-9b18-005056b2a5de,KB11M01,KOTEX Bio-care 15cm 16 miếng,Chăm Sóc Vệ Sinh Cá Nhân,KOTEX,,aca0e3b9-1e75-496e-84ff-e96c9084f53f,a38f9189-ad87-11ef-a35e-005056b28600,CÔNG TY TNHH THƯƠNG MẠI VÀ DỊCH VỤ MIRA GROUP
b8468f8e-8ef4-11f1-9b18-005056b2a5de,KBQHSM2MT2M01,KOTEX Băng Quần Herbal Size M-L 2 Miếng Tặng 2 Miếng,Bịch,Tổng,7.0,,0.0,,7.0,,0.0,,2099,1,a7e1f0da-0304-4fcd-b2d2-e402f94fe728,,1,True,b98e3c47-8ef4-11f1-9b18-005056b2a5de,KBQHSM2MT2M01,KOTEX Băng Quần Herbal Size M-L 2 Miếng Tặng 2 Miếng,Chăm Sóc Vệ Sinh Cá Nhân,KOTEX,,,a38f9189-ad87-11ef-a35e-005056b28600,
b8468f8e-8ef4-11f1-9b18-005056b2a5de,KBQHSM2MT2M01,Kho Kệ,Bịch,Kho Kệ,7.0,,0.0,,7.0,,0.0,,2100,0,a7e1f0da-0304-4fcd-b2d2-e402f94fe728,a7e1f0da-0304-4fcd-b2d2-e402f94fe728,2,False,b98e3d5b-8ef4-11f1-9b18-005056b2a5de,KBQHSM2MT2M01,KOTEX Băng Quần Herbal Size M-L 2 Miếng Tặng 2 Miếng,Chăm Sóc Vệ Sinh Cá Nhân,KOTEX,,aca0e3b9-1e75-496e-84ff-e96c9084f53f,a38f9189-ad87-11ef-a35e-005056b28600,CÔNG TY TNHH THƯƠNG MẠI VÀ DỊCH VỤ MIRA GROUP
b8468f8e-8ef4-11f1-9b18-005056b2a5de,KBXSSG101,KITKAT Bánh Xốp Socola Sữa Gói 17g,Cái,Tổng,61.0,,0.0,,58.0,,3.0,,2101,1,28607a3b-e44c-42a4-93d3-c1084d5add9c,,1,True,b98e3e6f-8ef4-11f1-9b18-005056b2a5de,KBXSSG101,KITKAT Bánh Xốp Socola Sữa Gói 17g,,,,,a38f9189-ad87-11ef-a35e-005056b28600,
b8468f8e-8ef4-11f1-9b18-005056b2a5de,KBXSSG101,Kho Kệ,Cái,Kho Kệ,61.0,,0.0,,58.0,,3.0,,2102,0,28607a3b-e44c-42a4-93d3-c1084d5add9c,28607a3b-e44c-42a4-93d3-c1084d5add9c,2,False,b98e3f40-8ef4-11f1-9b18-005056b2a5de,KBXSSG101,KITKAT Bánh Xốp Socola Sữa Gói 17g,,,,aca0e3b9-1e75-496e-84ff-e96c9084f53f,a38f9189-ad87-11ef-a35e-005056b28600,CÔNG TY TNHH THƯƠNG MẠI VÀ DỊCH VỤ MIRA GROUP
b8468f8e-8ef4-11f1-9b18-005056b2a5de,KHAD26M01,KOTEX Hoa Anh Đào 23cm 6 Miếng,Bịch,Tổng,8.0,,0.0,,3.0,,5.0,,2103,1,54e7b1d8-d03c-4511-b1d3-12011b6fc344,,1,True,b98e4035-8ef4-11f1-9b18-005056b2a5de,KHAD26M01,KOTEX Hoa Anh Đào 23cm 6 Miếng,,KOTEX,,,a38f9189-ad87-11ef-a35e-005056b28600,
b8468f8e-8ef4-11f1-9b18-005056b2a5de,KHAD26M01,Kho Kệ,Bịch,Kho Kệ,8.0,,0.0,,3.0,,5.0,,2104,0,54e7b1d8-d03c-4511-b1d3-12011b6fc344,54e7b1d8-d03c-4511-b1d3-12011b6fc344,2,False,b98e413c-8ef4-11f1-9b18-005056b2a5de,KHAD26M01,KOTEX Hoa Anh Đào 23cm 6 Miếng,,KOTEX,,aca0e3b9-1e75-496e-84ff-e96c9084f53f,a38f9189-ad87-11ef-a35e-005056b28600,CÔNG TY TNHH THƯƠNG MẠI VÀ DỊCH VỤ MIRA GROUP
b8468f8e-8ef4-11f1-9b18-005056b2a5de,KKCPS101,KOPIKO Kẹo Cà Phê Sữa 140g,Bịch,Tổng,2.0,,0.0,,1.0,,1.0,,2105,1,87d4eb1b-716a-4732-98fc-f9a8d2577b90,,1,True,b98e421e-8ef4-11f1-9b18-005056b2a5de,KKCPS101,KOPIKO Kẹo Cà Phê Sữa 140g,,,,,a38f9189-ad87-11ef-a35e-005056b28600,
b8468f8e-8ef4-11f1-9b18-005056b2a5de,KKCPS101,Kho Kệ,Bịch,Kho Kệ,2.0,,0.0,,1.0,,1.0,,2106,0,87d4eb1b-716a-4732-98fc-f9a8d2577b90,87d4eb1b-716a-4732-98fc-f9a8d2577b90,2,False,b98e4350-8ef4-11f1-9b18-005056b2a5de,KKCPS101,KOPIKO Kẹo Cà Phê Sữa 140g,,,,aca0e3b9-1e75-496e-84ff-e96c9084f53f,a38f9189-ad87-11ef-a35e-005056b28600,CÔNG TY TNHH THƯƠNG MẠI VÀ DỊCH VỤ MIRA GROUP
b8468f8e-8ef4-11f1-9b18-005056b2a5de,KMC7CDG101,KORENO Mì Cay 7 Cấp Độ Gói 104g,Gói,Tổng,16.0,,48.0,,61.0,,3.0,,2107,1,e2e70ce0-0ae6-4b42-b6c0-0dcddf4ed614,,1,True,b98e4485-8ef4-11f1-9b18-005056b2a5de,KMC7CDG101,KORENO Mì Cay 7 Cấp Độ Gói 104g,,KORENO,,,a38f9189-ad87-11ef-a35e-005056b28600,
b8468f8e-8ef4-11f1-9b18-005056b2a5de,KMC7CDG101,Kho Kệ,Gói,Kho Kệ,16.0,,48.0,,61.0,,3.0,,2108,0,e2e70ce0-0ae6-4b42-b6c0-0dcddf4ed614,e2e70ce0-0ae6-4b42-b6c0-0dcddf4ed614,2,False,b98e45b3-8ef4-11f1-9b18-005056b2a5de,KMC7CDG101,KORENO Mì Cay 7 Cấp Độ Gói 104g,,KORENO,,aca0e3b9-1e75-496e-84ff-e96c9084f53f,a38f9189-ad87-11ef-a35e-005056b28600,CÔNG TY TNHH THƯƠNG MẠI VÀ DỊCH VỤ MIRA GROUP
b8468f8e-8ef4-11f1-9b18-005056b2a5de,LMSVTBW901,LAYS MAX Snack Vị Thăn Bò Wagyu 90g,Bịch,Tổng,15.0,,10.0,,9.0,,16.0,,2109,1,1dc03cea-577c-4da2-b658-4463bb373eae,,1,True,b98e46c1-8ef4-11f1-9b18-005056b2a5de,LMSVTBW901,LAYS MAX Snack Vị Thăn Bò Wagyu 90g,,LAYS,,,a38f9189-ad87-11ef-a35e-005056b28600,
b8468f8e-8ef4-11f1-9b18-005056b2a5de,LMSVTBW901,Kho Kệ,Bịch,Kho Kệ,-5.0,,10.0,,9.0,,-4.0,,2110,0,1dc03cea-577c-4da2-b658-4463bb373eae,1dc03cea-577c-4da2-b658-4463bb373eae,2,False,b98e47b7-8ef4-11f1-9b18-005056b2a5de,LMSVTBW901,LAYS MAX Snack Vị Thăn Bò Wagyu 90g,,LAYS,,aca0e3b9-1e75-496e-84ff-e96c9084f53f,a38f9189-ad87-11ef-a35e-005056b28600,CÔNG TY TNHH THƯƠNG MẠI VÀ DỊCH VỤ MIRA GROUP
b8468f8e-8ef4-11f1-9b18-005056b2a5de,LMSVTBW901,Kho MIRA,Bịch,Kho MIRA,20.0,,0.0,,0.0,,20.0,,2111,0,1dc03cea-577c-4da2-b658-4463bb373eae,1dc03cea-577c-4da2-b658-4463bb373eae,2,False,b98e48e2-8ef4-11f1-9b18-005056b2a5de,LMSVTBW901,LAYS MAX Snack Vị Thăn Bò Wagyu 90g,,LAYS,,485b5d06-306c-11f0-b467-005056b34af7,a38f9189-ad87-11ef-a35e-005056b28600,CÔNG TY TNHH THƯƠNG MẠI VÀ DỊCH VỤ MIRA GROUP
b8468f8e-8ef4-11f1-9b18-005056b2a5de,LSVKTTNB301,LAYS Snack Vị Khoai Tây Tự Nhiên Bịch 31g,Bịch,Tổng,12.0,,0.0,,11.0,,1.0,,2112,1,a0936f37-668a-40e2-98cb-f89af01d9719,,1,True,b98e49b4-8ef4-11f1-9b18-005056b2a5de,LSVKTTNB301,LAYS Snack Vị Khoai Tây Tự Nhiên Bịch 31g,,LAYS,,,a38f9189-ad87-11ef-a35e-005056b28600,
b8468f8e-8ef4-11f1-9b18-005056b2a5de,LSVKTTNB301,Kho Kệ,Bịch,Kho Kệ,-5.0,,0.0,,11.0,,-16.0,,2113,0,a0936f37-668a-40e2-98cb-f89af01d9719,a0936f37-668a-40e2-98cb-f89af01d9719,2,False,b98e4b2a-8ef4-11f1-9b18-005056b2a5de,LSVKTTNB301,LAYS Snack Vị Khoai Tây Tự Nhiên Bịch 31g,,LAYS,,aca0e3b9-1e75-496e-84ff-e96c9084f53f,a38f9189-ad87-11ef-a35e-005056b28600,CÔNG TY TNHH THƯƠNG MẠI VÀ DỊCH VỤ MIRA GROUP
b8468f8e-8ef4-11f1-9b18-005056b2a5de,LSVKTTNB301,Kho MIRA,Bịch,Kho MIRA,17.0,,0.0,,0.0,,17.0,,2114,0,a0936f37-668a-40e2-98cb-f89af01d9719,a0936f37-668a-40e2-98cb-f89af01d9719,2,False,b98e4c09-8ef4-11f1-9b18-005056b2a5de,LSVKTTNB301,LAYS Snack Vị Khoai Tây Tự Nhiên Bịch 31g,,LAYS,,485b5d06-306c-11f0-b467-005056b34af7,a38f9189-ad87-11ef-a35e-005056b28600,CÔNG TY TNHH THƯƠNG MẠI VÀ DỊCH VỤ MIRA GROUP
b8468f8e-8ef4-11f1-9b18-005056b2a5de,LSVPMCB901,LAYS Snack Vị Phô Mai Cheddar Bịch 90g,Bịch,Tổng,-7.0,,0.0,,3.0,,-10.0,,2115,1,5a6dd471-031a-473d-9af8-eed0408d7dc9,,1,True,b98e4d11-8ef4-11f1-9b18-005056b2a5de,LSVPMCB901,LAYS Snack Vị Phô Mai Cheddar Bịch 90g,Snack Khoai Tây,LAYS,,,a38f9189-ad87-11ef-a35e-005056b28600,
b8468f8e-8ef4-11f1-9b18-005056b2a5de,LSVPMCB901,Kho Kệ,Bịch,Kho Kệ,-7.0,,0.0,,3.0,,-10.0,,2116,0,5a6dd471-031a-473d-9af8-eed0408d7dc9,5a6dd471-031a-473d-9af8-eed0408d7dc9,2,False,b98e4df3-8ef4-11f1-9b18-005056b2a5de,LSVPMCB901,LAYS Snack Vị Phô Mai Cheddar Bịch 90g,Snack Khoai Tây,LAYS,,aca0e3b9-1e75-496e-84ff-e96c9084f53f,a38f9189-ad87-11ef-a35e-005056b28600,CÔNG TY TNHH THƯƠNG MẠI VÀ DỊCH VỤ MIRA GROUP
b8468f8e-8ef4-11f1-9b18-005056b2a5de,LSVSNBBB301,LAYS Snack Vị Sườn Nướng BBQ Brazil Bịch 31g,Bịch,Tổng,4.0,,12.0,,9.0,,7.0,,2117,1,5834f416-7724-4d64-b24c-5e41519df606,,1,True,b98e4ebe-8ef4-11f1-9b18-005056b2a5de,LSVSNBBB301,LAYS Snack Vị Sườn Nướng BBQ Brazil Bịch 31g,,,,,a38f9189-ad87-11ef-a35e-005056b28600,
b8468f8e-8ef4-11f1-9b18-005056b2a5de,LSVSNBBB301,Kho Kệ,Bịch,Kho Kệ,4.0,,12.0,,9.0,,7.0,,2118,0,5834f416-7724-4d64-b24c-5e41519df606,5834f416-7724-4d64-b24c-5e41519df606,2,False,b98e4faa-8ef4-11f1-9b18-005056b2a5de,LSVSNBBB301,LAYS Snack Vị Sườn Nướng BBQ Brazil Bịch 31g,,,,aca0e3b9-1e75-496e-84ff-e96c9084f53f,a38f9189-ad87-11ef-a35e-005056b28600,CÔNG TY TNHH THƯƠNG MẠI VÀ DỊCH VỤ MIRA GROUP
b8468f8e-8ef4-11f1-9b18-005056b2a5de,LSVTBNB901,LAYS Snack Vị Tảo Biển Nori Bịch 90g,Bịch,Tổng,17.0,,20.0,,16.0,,21.0,,2119,1,927db869-104f-433f-ade1-2c49366a55d9,,1,True,b98e50d7-8ef4-11f1-9b18-005056b2a5de,LSVTBNB901,LAYS Snack Vị Tảo Biển Nori Bịch 90g,Snack Khoai Tây,LAYS,,,a38f9189-ad87-11ef-a35e-005056b28600,
b8468f8e-8ef4-11f1-9b18-005056b2a5de,LSVTBNB901,Kho Kệ,Bịch,Kho Kệ,7.0,,20.0,,16.0,,11.0,,2120,0,927db869-104f-433f-ade1-2c49366a55d9,927db869-104f-433f-ade1-2c49366a55d9,2,False,b98e5202-8ef4-11f1-9b18-005056b2a5de,LSVTBNB901,LAYS Snack Vị Tảo Biển Nori Bịch 90g,Snack Khoai Tây,LAYS,,aca0e3b9-1e75-496e-84ff-e96c9084f53f,a38f9189-ad87-11ef-a35e-005056b28600,CÔNG TY TNHH THƯƠNG MẠI VÀ DỊCH VỤ MIRA GROUP
b8468f8e-8ef4-11f1-9b18-005056b2a5de,LSVTBNB901,Kho MIRA,Bịch,Kho MIRA,10.0,,0.0,,0.0,,10.0,,2121,0,927db869-104f-433f-ade1-2c49366a55d9,927db869-104f-433f-ade1-2c49366a55d9,2,False,b98e533b-8ef4-11f1-9b18-005056b2a5de,LSVTBNB901,LAYS Snack Vị Tảo Biển Nori Bịch 90g,Snack Khoai Tây,LAYS,,485b5d06-306c-11f0-b467-005056b34af7,a38f9189-ad87-11ef-a35e-005056b28600,CÔNG TY TNHH THƯƠNG MẠI VÀ DỊCH VỤ MIRA GROUP
b8468f8e-8ef4-11f1-9b18-005056b2a5de,MBQVOCH101,MIX Bánh Que Vị Ớt Cay Hũ 150g,Hũ,Tổng,8.0,,0.0,,4.0,,4.0,,2122,1,d52028a7-5276-42c0-b4de-b6c092b4c71a,,1,True,b98e55a6-8ef4-11f1-9b18-005056b2a5de,MBQVOCH101,MIX Bánh Que Vị Ớt Cay Hũ 150g,,Mix,,,a38f9189-ad87-11ef-a35e-005056b28600,
b8468f8e-8ef4-11f1-9b18-005056b2a5de,MBQVOCH101,Kho Kệ,Hũ,Kho Kệ,8.0,,0.0,,4.0,,4.0,,2123,0,d52028a7-5276-42c0-b4de-b6c092b4c71a,d52028a7-5276-42c0-b4de-b6c092b4c71a,2,False,b98e56d6-8ef4-11f1-9b18-005056b2a5de,MBQVOCH101,MIX Bánh Que Vị Ớt Cay Hũ 150g,,Mix,,aca0e3b9-1e75-496e-84ff-e96c9084f53f,a38f9189-ad87-11ef-a35e-005056b28600,CÔNG TY TNHH THƯƠNG MẠI VÀ DỊCH VỤ MIRA GROUP
b8468f8e-8ef4-11f1-9b18-005056b2a5de,MBQVTTH101,MIX Bánh Que Vị Truyền Thống Hũ 150g,Hũ,Tổng,10.0,,0.0,,7.0,,3.0,,2124,1,233ab24e-98b7-403a-a220-ad38005f022d,,1,True,b98e57f0-8ef4-11f1-9b18-005056b2a5de,MBQVTTH101,MIX Bánh Que Vị Truyền Thống Hũ 150g,,Mix,,,a38f9189-ad87-11ef-a35e-005056b28600,
b8468f8e-8ef4-11f1-9b18-005056b2a5de,MBQVTTH101,Kho Kệ,Hũ,Kho Kệ,10.0,,0.0,,7.0,,3.0,,2125,0,233ab24e-98b7-403a-a220-ad38005f022d,233ab24e-98b7-403a-a220-ad38005f022d,2,False,b98e590e-8ef4-11f1-9b18-005056b2a5de,MBQVTTH101,MIX Bánh Que Vị Truyền Thống Hũ 150g,,Mix,,aca0e3b9-1e75-496e-84ff-e96c9084f53f,a38f9189-ad87-11ef-a35e-005056b28600,CÔNG TY TNHH THƯƠNG MẠI VÀ DỊCH VỤ MIRA GROUP
b8468f8e-8ef4-11f1-9b18-005056b2a5de,MKMDD401,MERINO Kem Mochi Đậu Đỏ 40g,Bịch,Tổng,1.0,,80.0,,65.0,,16.0,,2126,1,e16a0dfd-3cd5-407f-8d76-d90d0b7d85a9,,1,True,b98e5a45-8ef4-11f1-9b18-005056b2a5de,MKMDD401,MERINO Kem Mochi Đậu Đỏ 40g,Kem Bánh,MERINO,,,a38f9189-ad87-11ef-a35e-005056b28600,
b8468f8e-8ef4-11f1-9b18-005056b2a5de,MKMDD401,Kho Kệ,Bịch,Kho Kệ,1.0,,80.0,,65.0,,16.0,,2127,0,e16a0dfd-3cd5-407f-8d76-d90d0b7d85a9,e16a0dfd-3cd5-407f-8d76-d90d0b7d85a9,2,False,b98e5b4b-8ef4-11f1-9b18-005056b2a5de,MKMDD401,MERINO Kem Mochi Đậu Đỏ 40g,Kem Bánh,MERINO,,aca0e3b9-1e75-496e-84ff-e96c9084f53f,a38f9189-ad87-11ef-a35e-005056b28600,CÔNG TY TNHH THƯƠNG MẠI VÀ DỊCH VỤ MIRA GROUP
b8468f8e-8ef4-11f1-9b18-005056b2a5de,MKMDX401,MERINO Kem Mochi Đậu Xanh 40g,Bịch,Tổng,5.0,,80.0,,51.0,,34.0,,2128,1,dba6d912-a31c-4aa9-8094-95b7d7f6f9b9,,1,True,b98e5c25-8ef4-11f1-9b18-005056b2a5de,MKMDX401,MERINO Kem Mochi Đậu Xanh 40g,Kem Bánh,MERINO,,,a38f9189-ad87-11ef-a35e-005056b28600,
b8468f8e-8ef4-11f1-9b18-005056b2a5de,MKMDX401,Kho Kệ,Bịch,Kho Kệ,5.0,,80.0,,51.0,,34.0,,2129,0,dba6d912-a31c-4aa9-8094-95b7d7f6f9b9,dba6d912-a31c-4aa9-8094-95b7d7f6f9b9,2,False,b98e5d48-8ef4-11f1-9b18-005056b2a5de,MKMDX401,MERINO Kem Mochi Đậu Xanh 40g,Kem Bánh,MERINO,,aca0e3b9-1e75-496e-84ff-e96c9084f53f,a38f9189-ad87-11ef-a35e-005056b28600,CÔNG TY TNHH THƯƠNG MẠI VÀ DỊCH VỤ MIRA GROUP
b8468f8e-8ef4-11f1-9b18-005056b2a5de,MKNBH01,MENTOS Kẹo Nhai Bạc Hà,Chiếc,Tổng,0.0,,32.0,,0.0,,32.0,,2130,1,2cc87f34-4b2b-48e3-9978-8941a53796d9,,1,True,b98e5e83-8ef4-11f1-9b18-005056b2a5de,MKNBH01,MENTOS Kẹo Nhai Bạc Hà,,,,,a38f9189-ad87-11ef-a35e-005056b28600,
b8468f8e-8ef4-11f1-9b18-005056b2a5de,MKNBH01,Kho Kệ,Chiếc,Kho Kệ,0.0,,32.0,,0.0,,32.0,,2131,0,2cc87f34-4b2b-48e3-9978-8941a53796d9,2cc87f34-4b2b-48e3-9978-8941a53796d9,2,False,b98e5f4f-8ef4-11f1-9b18-005056b2a5de,MKNBH01,MENTOS Kẹo Nhai Bạc Hà,,,,aca0e3b9-1e75-496e-84ff-e96c9084f53f,a38f9189-ad87-11ef-a35e-005056b28600,CÔNG TY TNHH THƯƠNG MẠI VÀ DỊCH VỤ MIRA GROUP
b8468f8e-8ef4-11f1-9b18-005056b2a5de,MKNCV01,MENTOS Kẹo Nhai Cầu Vồng,Chiếc,Tổng,0.0,,32.0,,1.0,,31.0,,2132,1,1cb4ac08-cf04-4088-bb17-ba8ad0b74312,,1,True,b98e6018-8ef4-11f1-9b18-005056b2a5de,MKNCV01,MENTOS Kẹo Nhai Cầu Vồng,,MENTOS,,,a38f9189-ad87-11ef-a35e-005056b28600,
b8468f8e-8ef4-11f1-9b18-005056b2a5de,MKNCV01,Kho Kệ,Chiếc,Kho Kệ,0.0,,32.0,,1.0,,31.0,,2133,0,1cb4ac08-cf04-4088-bb17-ba8ad0b74312,1cb4ac08-cf04-4088-bb17-ba8ad0b74312,2,False,b98e60eb-8ef4-11f1-9b18-005056b2a5de,MKNCV01,MENTOS Kẹo Nhai Cầu Vồng,,MENTOS,,aca0e3b9-1e75-496e-84ff-e96c9084f53f,a38f9189-ad87-11ef-a35e-005056b28600,CÔNG TY TNHH THƯƠNG MẠI VÀ DỊCH VỤ MIRA GROUP
b8468f8e-8ef4-11f1-9b18-005056b2a5de,MKNKDHCH301,MENTOS Kẹo Ngậm Không Đường Hương Chanh Hũ 35g,Chiếc,Tổng,0.0,,24.0,,0.0,,24.0,,2134,1,6a8b409f-faf8-4295-baee-a09c54c7f473,,1,True,b98e6212-8ef4-11f1-9b18-005056b2a5de,MKNKDHCH301,MENTOS Kẹo Ngậm Không Đường Hương Chanh Hũ 35g,,MENTOS,,,a38f9189-ad87-11ef-a35e-005056b28600,
b8468f8e-8ef4-11f1-9b18-005056b2a5de,MKNKDHCH301,Kho Kệ,Chiếc,Kho Kệ,0.0,,24.0,,0.0,,24.0,,2135,0,6a8b409f-faf8-4295-baee-a09c54c7f473,6a8b409f-faf8-4295-baee-a09c54c7f473,2,False,b98e6330-8ef4-11f1-9b18-005056b2a5de,MKNKDHCH301,MENTOS Kẹo Ngậm Không Đường Hương Chanh Hũ 35g,,MENTOS,,aca0e3b9-1e75-496e-84ff-e96c9084f53f,a38f9189-ad87-11ef-a35e-005056b28600,CÔNG TY TNHH THƯƠNG MẠI VÀ DỊCH VỤ MIRA GROUP
b8468f8e-8ef4-11f1-9b18-005056b2a5de,MKNKDHDH301,MENTOS Kẹo Ngậm Không Đường Hương Đào Hũ 35g,Chiếc,Tổng,0.0,,24.0,,1.0,,23.0,,2136,1,f20f6e9d-0700-4b72-96f1-2b956943e8c5,,1,True,b98e6451-8ef4-11f1-9b18-005056b2a5de,MKNKDHDH301,MENTOS Kẹo Ngậm Không Đường Hương Đào Hũ 35g,,MENTOS,,,a38f9189-ad87-11ef-a35e-005056b28600,
b8468f8e-8ef4-11f1-9b18-005056b2a5de,MKNKDHDH301,Kho Kệ,Chiếc,Kho Kệ,0.0,,24.0,,1.0,,23.0,,2137,0,f20f6e9d-0700-4b72-96f1-2b956943e8c5,f20f6e9d-0700-4b72-96f1-2b956943e8c5,2,False,b98e6513-8ef4-11f1-9b18-005056b2a5de,MKNKDHDH301,MENTOS Kẹo Ngậm Không Đường Hương Đào Hũ 35g,,MENTOS,,aca0e3b9-1e75-496e-84ff-e96c9084f53f,a38f9189-ad87-11ef-a35e-005056b28600,CÔNG TY TNHH THƯƠNG MẠI VÀ DỊCH VỤ MIRA GROUP
b8468f8e-8ef4-11f1-9b18-005056b2a5de,OSPNCDCPTZ701,OISHI Snack Pillows Nhân Cốt Dừa Cà Phê Túi Zip 75g,Bịch,Tổng,0.0,,20.0,,6.0,,14.0,,2138,1,733ed8cd-e3ed-4bb9-bc0f-125f40c5de36,,1,True,b98e65d4-8ef4-11f1-9b18-005056b2a5de,OSPNCDCPTZ701,OISHI Snack Pillows Nhân Cốt Dừa Cà Phê Túi Zip 75g,Snack Khác,OISHI,,,a38f9189-ad87-11ef-a35e-005056b28600,
b8468f8e-8ef4-11f1-9b18-005056b2a5de,OSPNCDCPTZ701,Kho Kệ,Bịch,Kho Kệ,0.0,,20.0,,6.0,,14.0,,2139,0,733ed8cd-e3ed-4bb9-bc0f-125f40c5de36,733ed8cd-e3ed-4bb9-bc0f-125f40c5de36,2,False,b98e6826-8ef4-11f1-9b18-005056b2a5de,OSPNCDCPTZ701,OISHI Snack Pillows Nhân Cốt Dừa Cà Phê Túi Zip 75g,Snack Khác,OISHI,,aca0e3b9-1e75-496e-84ff-e96c9084f53f,a38f9189-ad87-11ef-a35e-005056b28600,CÔNG TY TNHH THƯƠNG MẠI VÀ DỊCH VỤ MIRA GROUP
b8468f8e-8ef4-11f1-9b18-005056b2a5de,Saimavach,ORION Swing Snack Mật Ong Bơ Tỏi Bịch 52g,Bịch,Tổng,29.0,,0.0,,0.0,,29.0,,2140,1,aea935b9-6539-4747-8085-a02634b4e693,,1,True,b98e6973-8ef4-11f1-9b18-005056b2a5de,Saimavach,ORION Swing Snack Mật Ong Bơ Tỏi Bịch 52g,Snack Khoai Tây,ORION Swing,,,a38f9189-ad87-11ef-a35e-005056b28600,
b8468f8e-8ef4-11f1-9b18-005056b2a5de,Saimavach,Kho Kệ,Bịch,Kho Kệ,29.0,,0.0,,0.0,,29.0,,2141,0,aea935b9-6539-4747-8085-a02634b4e693,aea935b9-6539-4747-8085-a02634b4e693,2,False,b98e6a9f-8ef4-11f1-9b18-005056b2a5de,Saimavach,ORION Swing Snack Mật Ong Bơ Tỏi Bịch 52g,Snack Khoai Tây,ORION Swing,,aca0e3b9-1e75-496e-84ff-e96c9084f53f,a38f9189-ad87-11ef-a35e-005056b28600,CÔNG TY TNHH THƯƠNG MẠI VÀ DỊCH VỤ MIRA GROUP
b8468f8e-8ef4-11f1-9b18-005056b2a5de,TSCVQ101,THTrue Sữa Chua Việt Quất 100g,Hộp,Tổng,0.0,,48.0,,23.0,,25.0,,2142,1,3477952a-2689-4fa9-8bb3-43c83f9882aa,,1,True,b98e6c6e-8ef4-11f1-9b18-005056b2a5de,TSCVQ101,THTrue Sữa Chua Việt Quất 100g,Sữa Chua Ăn,THTruemilk,,,a38f9189-ad87-11ef-a35e-005056b28600,
b8468f8e-8ef4-11f1-9b18-005056b2a5de,TSCVQ101,Kho Kệ,Hộp,Kho Kệ,0.0,,48.0,,23.0,,25.0,,2143,0,3477952a-2689-4fa9-8bb3-43c83f9882aa,3477952a-2689-4fa9-8bb3-43c83f9882aa,2,False,b98e6db5-8ef4-11f1-9b18-005056b2a5de,TSCVQ101,THTrue Sữa Chua Việt Quất 100g,Sữa Chua Ăn,THTruemilk,,aca0e3b9-1e75-496e-84ff-e96c9084f53f,a38f9189-ad87-11ef-a35e-005056b28600,CÔNG TY TNHH THƯƠNG MẠI VÀ DỊCH VỤ MIRA GROUP
b8468f8e-8ef4-11f1-9b18-005056b2a5de,VSDOT401,VINAMILK Sữa Đặc Ông Thọ 40g,Chiếc,Tổng,9.0,,0.0,,2.0,,7.0,,2144,1,0c71a2bb-413d-4a18-8da6-4e5e7d30fa72,,1,True,b98e6eff-8ef4-11f1-9b18-005056b2a5de,VSDOT401,VINAMILK Sữa Đặc Ông Thọ 40g,Sữa Đặc,VINAMILK,,,a38f9189-ad87-11ef-a35e-005056b28600,
b8468f8e-8ef4-11f1-9b18-005056b2a5de,VSDOT401,Kho Kệ,Chiếc,Kho Kệ,9.0,,0.0,,2.0,,7.0,,2145,0,0c71a2bb-413d-4a18-8da6-4e5e7d30fa72,0c71a2bb-413d-4a18-8da6-4e5e7d30fa72,2,False,b98e7043-8ef4-11f1-9b18-005056b2a5de,VSDOT401,VINAMILK Sữa Đặc Ông Thọ 40g,Sữa Đặc,VINAMILK,,aca0e3b9-1e75-496e-84ff-e96c9084f53f,a38f9189-ad87-11ef-a35e-005056b28600,CÔNG TY TNHH THƯƠNG MẠI VÀ DỊCH VỤ MIRA GROUP
b8468f8e-8ef4-11f1-9b18-005056b2a5de,ZBGVBMO601,ZENNUT Bắp Giòn Vị Bơ Mật Ong 60g,Chiếc,Tổng,0.0,,50.0,,2.0,,48.0,,2146,1,ad312f34-cb7b-46ae-a4fa-1c4d60882d22,,1,True,b98e7193-8ef4-11f1-9b18-005056b2a5de,ZBGVBMO601,ZENNUT Bắp Giòn Vị Bơ Mật Ong 60g,,zennut,,,a38f9189-ad87-11ef-a35e-005056b28600,
b8468f8e-8ef4-11f1-9b18-005056b2a5de,ZBGVBMO601,Kho Kệ,Chiếc,Kho Kệ,0.0,,50.0,,2.0,,48.0,,2147,0,ad312f34-cb7b-46ae-a4fa-1c4d60882d22,ad312f34-cb7b-46ae-a4fa-1c4d60882d22,2,False,b98e7274-8ef4-11f1-9b18-005056b2a5de,ZBGVBMO601,ZENNUT Bắp Giòn Vị Bơ Mật Ong 60g,,zennut,,aca0e3b9-1e75-496e-84ff-e96c9084f53f,a38f9189-ad87-11ef-a35e-005056b28600,CÔNG TY TNHH THƯƠNG MẠI VÀ DỊCH VỤ MIRA GROUP
b8468f8e-8ef4-11f1-9b18-005056b2a5de,ZBGVBX601,ZENNUT Bắp Giòn Vị Biển Xanh 60g,Chiếc,Tổng,0.0,,50.0,,3.0,,47.0,,2148,1,501956ce-1adc-45a1-9fb0-d32ce704fecf,,1,True,b98e7337-8ef4-11f1-9b18-005056b2a5de,ZBGVBX601,ZENNUT Bắp Giòn Vị Biển Xanh 60g,,zennut,,,a38f9189-ad87-11ef-a35e-005056b28600,
b8468f8e-8ef4-11f1-9b18-005056b2a5de,ZBGVBX601,Kho Kệ,Chiếc,Kho Kệ,0.0,,50.0,,3.0,,47.0,,2149,0,501956ce-1adc-45a1-9fb0-d32ce704fecf,501956ce-1adc-45a1-9fb0-d32ce704fecf,2,False,b98e73fa-8ef4-11f1-9b18-005056b2a5de,ZBGVBX601,ZENNUT Bắp Giòn Vị Biển Xanh 60g,,zennut,,aca0e3b9-1e75-496e-84ff-e96c9084f53f,a38f9189-ad87-11ef-a35e-005056b28600,CÔNG TY TNHH THƯƠNG MẠI VÀ DỊCH VỤ MIRA GROUP
b8468f8e-8ef4-11f1-9b18-005056b2a5de,ZBGVZ601,ZENNUT Bắp Giòn Vị Zin 60g,Chiếc,Tổng,0.0,,50.0,,1.0,,49.0,,2150,1,98f497a6-e345-4f40-a0db-66c038f5a91e,,1,True,b98e7645-8ef4-11f1-9b18-005056b2a5de,ZBGVZ601,ZENNUT Bắp Giòn Vị Zin 60g,,zennut,,,a38f9189-ad87-11ef-a35e-005056b28600,
b8468f8e-8ef4-11f1-9b18-005056b2a5de,ZBGVZ601,Kho Kệ,Chiếc,Kho Kệ,0.0,,50.0,,1.0,,49.0,,2151,0,98f497a6-e345-4f40-a0db-66c038f5a91e,98f497a6-e345-4f40-a0db-66c038f5a91e,2,False,b98e771f-8ef4-11f1-9b18-005056b2a5de,ZBGVZ601,ZENNUT Bắp Giòn Vị Zin 60g,,zennut,,aca0e3b9-1e75-496e-84ff-e96c9084f53f,a38f9189-ad87-11ef-a35e-005056b28600,CÔNG TY TNHH THƯƠNG MẠI VÀ DỊCH VỤ MIRA GROUP
b8468f8e-8ef4-11f1-9b18-005056b2a5de,ZHDDMD301,ZENNUT Hạt Dinh Dưỡng Mix Dừa 30g,Chiếc,Tổng,0.0,,40.0,,8.0,,32.0,,2152,1,894d58b9-e75f-4830-9fa2-6880f1ad0abb,,1,True,b98e77ec-8ef4-11f1-9b18-005056b2a5de,ZHDDMD301,ZENNUT Hạt Dinh Dưỡng Mix Dừa 30g,,,,,a38f9189-ad87-11ef-a35e-005056b28600,
b8468f8e-8ef4-11f1-9b18-005056b2a5de,ZHDDMD301,Kho Kệ,Chiếc,Kho Kệ,0.0,,40.0,,8.0,,32.0,,2153,0,894d58b9-e75f-4830-9fa2-6880f1ad0abb,894d58b9-e75f-4830-9fa2-6880f1ad0abb,2,False,b98e78af-8ef4-11f1-9b18-005056b2a5de,ZHDDMD301,ZENNUT Hạt Dinh Dưỡng Mix Dừa 30g,,,,aca0e3b9-1e75-496e-84ff-e96c9084f53f,a38f9189-ad87-11ef-a35e-005056b28600,CÔNG TY TNHH THƯƠNG MẠI VÀ DỊCH VỤ MIRA GROUP
