ref_date,ref_type_name,ref_no,stock_code,stock_name,sku_code,inventory_item_name,unit_name,purchase_quantity,purchase_unit_price,purchase_amount,sales_quantity,sales_unit_price,sales_amount,inventory_item_category_name,inventory_item_model_code,inventory_item_model_name,account_object_code,account_object_name,journal_memo,ref_no_finance,branch_name,session_id,detail_id,ref_id,ref_type,purchase_detail_ledger_report_id,branch_id
2026-07-01T00:00:00,Nhập kho mua hàng,NK000734,KHO001,Kho MIRA,ASMTGXPMT901,ACECOOK SiuKay Mì Trộn Gà Xốt Phô Mai Tô 96g,Thùng,2.0,163000.0,326000.0,0.0,0.0,0.0,Mì Tô,ASMTGXPMT901,ACECOOK SiuKay Mì Trộn Gà Xốt Phô Mai Tô 96g,NCC022THYTHY,CÔNG TY TNHH DƯỢC PHẨM - THƯƠNG MẠI THY THY,,,CÔNG TY TNHH THƯƠNG MẠI VÀ DỊCH VỤ MIRA GROUP,3d0c0069-8bc2-11f1-9b18-005056b2a5de,1,3fe70b33-dd0e-4c24-867c-1695ad175f78,301,3d61649c-8bc2-11f1-9b18-005056b2a5de,a38f9189-ad87-11ef-a35e-005056b28600
2026-07-01T00:00:00,Nhập kho mua hàng,NK000734,KHO001,Kho MIRA,02__MGO__ACE__GPM__131,ACECOOK SiuKay Gà Xốt Phô Mai Gói 131g,Thùng,1.0,270000.0,270000.0,0.0,0.0,0.0,Mì Gói,02__MGO__ACE__GPM__131,ACECOOK SiuKay Gà Xốt Phô Mai Gói 131g,NCC022THYTHY,CÔNG TY TNHH DƯỢC PHẨM - THƯƠNG MẠI THY THY,,,CÔNG TY TNHH THƯƠNG MẠI VÀ DỊCH VỤ MIRA GROUP,3d0c0069-8bc2-11f1-9b18-005056b2a5de,2,3fe70b33-dd0e-4c24-867c-1695ad175f78,301,3d616550-8bc2-11f1-9b18-005056b2a5de,a38f9189-ad87-11ef-a35e-005056b28600
2026-07-01T00:00:00,Nhập kho mua hàng,NK000734,KHOKE01,Kho Kệ,02__MGO__HAO__CAY__75,ACECOOK HẢO HẢO Mì Tôm Chua Cay Gói 75g,Gói,10.0,0.0,0.0,0.0,0.0,0.0,Mì Gói,02__MGO__HAO__CAY__75,ACECOOK HẢO HẢO Mì Tôm Chua Cay Gói 75g,NCC022THYTHY,CÔNG TY TNHH DƯỢC PHẨM - THƯƠNG MẠI THY THY,,,CÔNG TY TNHH THƯƠNG MẠI VÀ DỊCH VỤ MIRA GROUP,3d0c0069-8bc2-11f1-9b18-005056b2a5de,3,3fe70b33-dd0e-4c24-867c-1695ad175f78,301,3d616598-8bc2-11f1-9b18-005056b2a5de,a38f9189-ad87-11ef-a35e-005056b28600
2026-07-01T00:00:00,Nhập kho mua hàng,NK000734,KHO001,Kho MIRA,02__MIL__HAO__TCY__67,ACECOOK HẢO HẢO Mì Ly Tôm Chua Cay 67g,Ly,24.0,8833.0,212000.0,0.0,0.0,0.0,Mì Ly,02__MIL__HAO__TCY__67,ACECOOK HẢO HẢO Mì Ly Tôm Chua Cay 67g,NCC022THYTHY,CÔNG TY TNHH DƯỢC PHẨM - THƯƠNG MẠI THY THY,,,CÔNG TY TNHH THƯƠNG MẠI VÀ DỊCH VỤ MIRA GROUP,3d0c0069-8bc2-11f1-9b18-005056b2a5de,4,3fe70b33-dd0e-4c24-867c-1695ad175f78,301,3d6165ce-8bc2-11f1-9b18-005056b2a5de,a38f9189-ad87-11ef-a35e-005056b28600
2026-07-01T00:00:00,Nhập kho mua hàng,NK000734,KHOKE01,Kho Kệ,02__MIL__MOD__LTT__67,ACECOOK MODERN Mì Ly Lẩu Thái Tôm 67g,Ly,1.0,0.0,0.0,0.0,0.0,0.0,Mì Ly,02__MIL__MOD__LTT__67,ACECOOK MODERN Mì Ly Lẩu Thái Tôm 67g,NCC022THYTHY,CÔNG TY TNHH DƯỢC PHẨM - THƯƠNG MẠI THY THY,,,CÔNG TY TNHH THƯƠNG MẠI VÀ DỊCH VỤ MIRA GROUP,3d0c0069-8bc2-11f1-9b18-005056b2a5de,5,3fe70b33-dd0e-4c24-867c-1695ad175f78,301,3d616604-8bc2-11f1-9b18-005056b2a5de,a38f9189-ad87-11ef-a35e-005056b28600
2026-07-01T00:00:00,Nhập kho mua hàng,NK000734,KHO001,Kho MIRA,02__MIL__MOD__BKY__66,ACECOOK MODERN Xtreme Mì Ly Bò Kay 66g,Ly,144.0,7250.0,1044000.0,0.0,0.0,0.0,Mì Ly,02__MIL__MOD__BKY__66,ACECOOK MODERN Xtreme Mì Ly Bò Kay 66g,NCC022THYTHY,CÔNG TY TNHH DƯỢC PHẨM - THƯƠNG MẠI THY THY,,,CÔNG TY TNHH THƯƠNG MẠI VÀ DỊCH VỤ MIRA GROUP,3d0c0069-8bc2-11f1-9b18-005056b2a5de,6,3fe70b33-dd0e-4c24-867c-1695ad175f78,301,3d616633-8bc2-11f1-9b18-005056b2a5de,a38f9189-ad87-11ef-a35e-005056b28600
2026-07-01T00:00:00,Nhập kho mua hàng,NK000734,KHO001,Kho MIRA,02__MGO__SKY__HSN__128,ACECOOK SiuKay Mì Hải Sản Gói 128g*24,Thùng,1.0,270000.0,270000.0,0.0,0.0,0.0,Mì Gói,02__MGO__SKY__HSN__128,ACECOOK SiuKay Mì Hải Sản Gói 128g*24,NCC022THYTHY,CÔNG TY TNHH DƯỢC PHẨM - THƯƠNG MẠI THY THY,,,CÔNG TY TNHH THƯƠNG MẠI VÀ DỊCH VỤ MIRA GROUP,3d0c0069-8bc2-11f1-9b18-005056b2a5de,7,3fe70b33-dd0e-4c24-867c-1695ad175f78,301,3d616660-8bc2-11f1-9b18-005056b2a5de,a38f9189-ad87-11ef-a35e-005056b28600
2026-07-01T00:00:00,Nhập kho mua hàng,NK000735,KHO001,Kho MIRA,02__MGO__OMA__XOT__126,OMACHI Mì Gói Cua Xốt Ớt 126g*24,Thùng,1.0,256000.0,256000.0,0.0,0.0,0.0,Mì Gói,02__MGO__OMA__XOT__126,OMACHI Mì Gói Cua Xốt Ớt 126g*24,NCC011TRUCNGUYEN,CÔNG TY TRÁCH NHIỆM HỮU HẠN THƯƠNG MẠI VÀ DỊCH VỤ TRÚC NGUYÊN,,,CÔNG TY TNHH THƯƠNG MẠI VÀ DỊCH VỤ MIRA GROUP,3d0c0069-8bc2-11f1-9b18-005056b2a5de,8,7ac0e876-c0e8-4889-aa76-bd2630039b88,301,3d61668f-8bc2-11f1-9b18-005056b2a5de,a38f9189-ad87-11ef-a35e-005056b28600
2026-07-01T00:00:00,Nhập kho mua hàng,NK000735,KHO001,Kho MIRA,02__MGO__KOK__XHS__95,KOKOMI 90 Mì Gói Vị Hải Sản Cay Tê 90g*30,Thùng,1.0,110000.0,110000.0,0.0,0.0,0.0,Mì Gói,02__MGO__KOK__XHS__95,KOKOMI 90 Mì Gói Vị Hải Sản Cay Tê 90g*30,NCC011TRUCNGUYEN,CÔNG TY TRÁCH NHIỆM HỮU HẠN THƯƠNG MẠI VÀ DỊCH VỤ TRÚC NGUYÊN,,,CÔNG TY TNHH THƯƠNG MẠI VÀ DỊCH VỤ MIRA GROUP,3d0c0069-8bc2-11f1-9b18-005056b2a5de,9,7ac0e876-c0e8-4889-aa76-bd2630039b88,301,3d6166be-8bc2-11f1-9b18-005056b2a5de,a38f9189-ad87-11ef-a35e-005056b28600
2026-07-01T00:00:00,Nhập kho mua hàng,NK000735,KHO001,Kho MIRA,02__MTO__OMA__BBC__105,OMACHI Mì Tô Trộn Xốt Spaghetti Bò Bằm Cà Chua 105g*12,Thùng,2.0,156000.0,312000.0,0.0,0.0,0.0,Mì Tô,02__MTO__OMA__BBC__105,OMACHI Mì Tô Trộn Xốt Spaghetti Bò Bằm Cà Chua 105g*12,NCC011TRUCNGUYEN,CÔNG TY TRÁCH NHIỆM HỮU HẠN THƯƠNG MẠI VÀ DỊCH VỤ TRÚC NGUYÊN,,,CÔNG TY TNHH THƯƠNG MẠI VÀ DỊCH VỤ MIRA GROUP,3d0c0069-8bc2-11f1-9b18-005056b2a5de,10,7ac0e876-c0e8-4889-aa76-bd2630039b88,301,3d6166ec-8bc2-11f1-9b18-005056b2a5de,a38f9189-ad87-11ef-a35e-005056b28600
2026-07-01T00:00:00,Nhập kho mua hàng,NK000735,KHO001,Kho MIRA,02__MTO__OMA__CXO__96,OMACHI Mì Tô Cua Xốt Ớt 96g*12,Thùng,1.0,156000.0,156000.0,0.0,0.0,0.0,Mì Tô,02__MTO__OMA__CXO__96,OMACHI Mì Tô Cua Xốt Ớt 96g*12,NCC011TRUCNGUYEN,CÔNG TY TRÁCH NHIỆM HỮU HẠN THƯƠNG MẠI VÀ DỊCH VỤ TRÚC NGUYÊN,,,CÔNG TY TNHH THƯƠNG MẠI VÀ DỊCH VỤ MIRA GROUP,3d0c0069-8bc2-11f1-9b18-005056b2a5de,11,7ac0e876-c0e8-4889-aa76-bd2630039b88,301,3d616799-8bc2-11f1-9b18-005056b2a5de,a38f9189-ad87-11ef-a35e-005056b28600
2026-07-01T00:00:00,Nhập kho mua hàng,NK000735,KHO001,Kho MIRA,01__NGA__VHO__KHO__500,VĨNH HẢO Nước Khoáng Có Ga 500ml,Thùng,1.0,115000.0,115000.0,0.0,0.0,0.0,Nước Có Ga,01__NGA__VHO__KHO__500,VĨNH HẢO Nước Khoáng Có Ga 500ml,NCC011TRUCNGUYEN,CÔNG TY TRÁCH NHIỆM HỮU HẠN THƯƠNG MẠI VÀ DỊCH VỤ TRÚC NGUYÊN,,,CÔNG TY TNHH THƯƠNG MẠI VÀ DỊCH VỤ MIRA GROUP,3d0c0069-8bc2-11f1-9b18-005056b2a5de,12,7ac0e876-c0e8-4889-aa76-bd2630039b88,301,3d6167cc-8bc2-11f1-9b18-005056b2a5de,a38f9189-ad87-11ef-a35e-005056b28600
2026-07-01T00:00:00,Nhập kho mua hàng,NK000735,KHO001,Kho MIRA,01__NLU__WUP__247__330,WAKE UP 247 Chai Nước Tăng Lực Vị Cafe 330ml,Thùng,1.0,187000.0,187000.0,0.0,0.0,0.0,Nước Tăng Lực,01__NLU__WUP__247__330,WAKE UP 247 Chai Nước Tăng Lực Vị Cafe 330ml,NCC011TRUCNGUYEN,CÔNG TY TRÁCH NHIỆM HỮU HẠN THƯƠNG MẠI VÀ DỊCH VỤ TRÚC NGUYÊN,,,CÔNG TY TNHH THƯƠNG MẠI VÀ DỊCH VỤ MIRA GROUP,3d0c0069-8bc2-11f1-9b18-005056b2a5de,13,7ac0e876-c0e8-4889-aa76-bd2630039b88,301,3d6167f9-8bc2-11f1-9b18-005056b2a5de,a38f9189-ad87-11ef-a35e-005056b28600
2026-07-01T00:00:00,Nhập kho mua hàng,NK000735,KHO001,Kho MIRA,02__MIL__KOK__CAY__65,KOKOMI Mì Ly Tôm Chua Cay 65g*24,Thùng,2.0,90000.0,180000.0,0.0,0.0,0.0,Mì Ly,02__MIL__KOK__CAY__65,KOKOMI Mì Ly Tôm Chua Cay 65g*24,NCC011TRUCNGUYEN,CÔNG TY TRÁCH NHIỆM HỮU HẠN THƯƠNG MẠI VÀ DỊCH VỤ TRÚC NGUYÊN,,,CÔNG TY TNHH THƯƠNG MẠI VÀ DỊCH VỤ MIRA GROUP,3d0c0069-8bc2-11f1-9b18-005056b2a5de,14,7ac0e876-c0e8-4889-aa76-bd2630039b88,301,3d61682a-8bc2-11f1-9b18-005056b2a5de,a38f9189-ad87-11ef-a35e-005056b28600
2026-07-01T00:00:00,Nhập kho mua hàng,NK000735,KHO001,Kho MIRA,02__XXH__PON__HEO__60,PONNIE Xúc Xích Dinh Dưỡng Bin&Bon Heo,Thùng,2.0,280000.0,560000.0,0.0,0.0,0.0,Xúc Xích,02__XXH__PON__HEO__60,PONNIE Xúc Xích Dinh Dưỡng Bin&Bon Heo,NCC011TRUCNGUYEN,CÔNG TY TRÁCH NHIỆM HỮU HẠN THƯƠNG MẠI VÀ DỊCH VỤ TRÚC NGUYÊN,,,CÔNG TY TNHH THƯƠNG MẠI VÀ DỊCH VỤ MIRA GROUP,3d0c0069-8bc2-11f1-9b18-005056b2a5de,15,7ac0e876-c0e8-4889-aa76-bd2630039b88,301,3d61685e-8bc2-11f1-9b18-005056b2a5de,a38f9189-ad87-11ef-a35e-005056b28600
2026-07-01T00:00:00,Nhập kho mua hàng,NK000735,KHO001,Kho MIRA,01__NLO__VHO__0GA__500,VĨNH HẢO Nước Khoáng Không Ga 500ml,Thùng,3.0,69000.0,207000.0,0.0,0.0,0.0,Nước Lọc Chai,01__NLO__VHO__0GA__500,VĨNH HẢO Nước Khoáng Không Ga 500ml,NCC011TRUCNGUYEN,CÔNG TY TRÁCH NHIỆM HỮU HẠN THƯƠNG MẠI VÀ DỊCH VỤ TRÚC NGUYÊN,,,CÔNG TY TNHH THƯƠNG MẠI VÀ DỊCH VỤ MIRA GROUP,3d0c0069-8bc2-11f1-9b18-005056b2a5de,16,7ac0e876-c0e8-4889-aa76-bd2630039b88,301,3d616893-8bc2-11f1-9b18-005056b2a5de,a38f9189-ad87-11ef-a35e-005056b28600
2026-07-01T00:00:00,Nhập kho mua hàng,NK000735,KHO001,Kho MIRA,02__MTO__OMA__TXN__104,OMACHI Mì Tô Trộn Thịt Xiên Nướng 104g*12,Thùng,1.0,156000.0,156000.0,0.0,0.0,0.0,Mì Tô,02__MTO__OMA__TXN__104,OMACHI Mì Tô Trộn Thịt Xiên Nướng 104g*12,NCC011TRUCNGUYEN,CÔNG TY TRÁCH NHIỆM HỮU HẠN THƯƠNG MẠI VÀ DỊCH VỤ TRÚC NGUYÊN,,,CÔNG TY TNHH THƯƠNG MẠI VÀ DỊCH VỤ MIRA GROUP,3d0c0069-8bc2-11f1-9b18-005056b2a5de,17,7ac0e876-c0e8-4889-aa76-bd2630039b88,301,3d6168c5-8bc2-11f1-9b18-005056b2a5de,a38f9189-ad87-11ef-a35e-005056b28600
2026-07-03T00:00:00,Nhập kho mua hàng,NK000736,KHOKE01,Kho Kệ,14__KEQ__CEL__XOI__60,CELANO Kem Que Xoài 60g,Thùng,1.0,336000.0,336000.0,0.0,0.0,0.0,Kem Que,14__KEQ__CEL__XOI__60,CELANO Kem Que Xoài 60g,NCC006TRUCNHI,CÔNG TY TRÁCH NHIỆM HỮU HẠN THƯƠNG MẠI VÀ DỊCH VỤ TRÚC NHI,,,CÔNG TY TNHH THƯƠNG MẠI VÀ DỊCH VỤ MIRA GROUP,3d0c0069-8bc2-11f1-9b18-005056b2a5de,18,fd57201b-9717-471f-9cee-f5d157799c44,301,3d6168f6-8bc2-11f1-9b18-005056b2a5de,a38f9189-ad87-11ef-a35e-005056b28600
2026-07-03T00:00:00,Nhập kho mua hàng,NK000736,KHOKE01,Kho Kệ,MKMDD401,MERINO Kem Mochi Đậu Đỏ 40g,Thùng,1.0,192000.0,192000.0,0.0,0.0,0.0,Kem Bánh,MKMDD401,MERINO Kem Mochi Đậu Đỏ 40g,NCC006TRUCNHI,CÔNG TY TRÁCH NHIỆM HỮU HẠN THƯƠNG MẠI VÀ DỊCH VỤ TRÚC NHI,,,CÔNG TY TNHH THƯƠNG MẠI VÀ DỊCH VỤ MIRA GROUP,3d0c0069-8bc2-11f1-9b18-005056b2a5de,19,fd57201b-9717-471f-9cee-f5d157799c44,301,3d61692b-8bc2-11f1-9b18-005056b2a5de,a38f9189-ad87-11ef-a35e-005056b28600
2026-07-03T00:00:00,Nhập kho mua hàng,NK000736,KHOKE01,Kho Kệ,14__KEO__CEL__DAU__66,CELANO Kem Ốc Quế Cone Dâu Vani 66g,Cái,1.0,0.0,0.0,0.0,0.0,0.0,Kem Ốc,14__KEO__CEL__DAU__66,CELANO Kem Ốc Quế Cone Dâu Vani 66g,NCC006TRUCNHI,CÔNG TY TRÁCH NHIỆM HỮU HẠN THƯƠNG MẠI VÀ DỊCH VỤ TRÚC NHI,,,CÔNG TY TNHH THƯƠNG MẠI VÀ DỊCH VỤ MIRA GROUP,3d0c0069-8bc2-11f1-9b18-005056b2a5de,20,fd57201b-9717-471f-9cee-f5d157799c44,301,3d61695a-8bc2-11f1-9b18-005056b2a5de,a38f9189-ad87-11ef-a35e-005056b28600
2026-07-03T00:00:00,Nhập kho mua hàng,NK000736,KHOKE01,Kho Kệ,14__KEB__CEL__VDD__70,CELANO Kem Bánh Cá Vani Đậu Đỏ 70g,Thùng,1.0,309000.0,309000.0,0.0,0.0,0.0,Kem Bánh,14__KEB__CEL__VDD__70,CELANO Kem Bánh Cá Vani Đậu Đỏ 70g,NCC006TRUCNHI,CÔNG TY TRÁCH NHIỆM HỮU HẠN THƯƠNG MẠI VÀ DỊCH VỤ TRÚC NHI,,,CÔNG TY TNHH THƯƠNG MẠI VÀ DỊCH VỤ MIRA GROUP,3d0c0069-8bc2-11f1-9b18-005056b2a5de,21,fd57201b-9717-471f-9cee-f5d157799c44,301,3d61698a-8bc2-11f1-9b18-005056b2a5de,a38f9189-ad87-11ef-a35e-005056b28600
2026-07-03T00:00:00,Nhập kho mua hàng,NK000736,KHOKE01,Kho Kệ,14__KEH__CEL__DAU__65,CELANO Kem Hộp Dâu 65g,Thùng,1.0,249600.0,249600.0,0.0,0.0,0.0,Kem Hộp,14__KEH__CEL__DAU__65,CELANO Kem Hộp Dâu 65g,NCC006TRUCNHI,CÔNG TY TRÁCH NHIỆM HỮU HẠN THƯƠNG MẠI VÀ DỊCH VỤ TRÚC NHI,,,CÔNG TY TNHH THƯƠNG MẠI VÀ DỊCH VỤ MIRA GROUP,3d0c0069-8bc2-11f1-9b18-005056b2a5de,22,fd57201b-9717-471f-9cee-f5d157799c44,301,3d6169bf-8bc2-11f1-9b18-005056b2a5de,a38f9189-ad87-11ef-a35e-005056b28600
2026-07-03T00:00:00,Nhập kho mua hàng,NK000736,KHOKE01,Kho Kệ,14__KEO__CEL__SVA__66,CELANO Kem Ốc Quế Cone Socola Vani 66g,Cái,1.0,0.0,0.0,0.0,0.0,0.0,Kem Ốc,14__KEO__CEL__SVA__66,CELANO Kem Ốc Quế Cone Socola Vani 66g,NCC006TRUCNHI,CÔNG TY TRÁCH NHIỆM HỮU HẠN THƯƠNG MẠI VÀ DỊCH VỤ TRÚC NHI,,,CÔNG TY TNHH THƯƠNG MẠI VÀ DỊCH VỤ MIRA GROUP,3d0c0069-8bc2-11f1-9b18-005056b2a5de,23,fd57201b-9717-471f-9cee-f5d157799c44,301,3d6169ed-8bc2-11f1-9b18-005056b2a5de,a38f9189-ad87-11ef-a35e-005056b28600
2026-07-03T00:00:00,Nhập kho mua hàng,NK000736,KHOKE01,Kho Kệ,MKMDX401,MERINO Kem Mochi Đậu Xanh 40g,Thùng,1.0,192000.0,192000.0,0.0,0.0,0.0,Kem Bánh,MKMDX401,MERINO Kem Mochi Đậu Xanh 40g,NCC006TRUCNHI,CÔNG TY TRÁCH NHIỆM HỮU HẠN THƯƠNG MẠI VÀ DỊCH VỤ TRÚC NHI,,,CÔNG TY TNHH THƯƠNG MẠI VÀ DỊCH VỤ MIRA GROUP,3d0c0069-8bc2-11f1-9b18-005056b2a5de,24,fd57201b-9717-471f-9cee-f5d157799c44,301,3d616a1b-8bc2-11f1-9b18-005056b2a5de,a38f9189-ad87-11ef-a35e-005056b28600
2026-07-03T00:00:00,Nhập kho mua hàng,NK000736,KHOKE01,Kho Kệ,14__KEO__CEL__DAU__66,CELANO Kem Ốc Quế Cone Dâu Vani 66g,Thùng,1.0,0.0,0.0,0.0,0.0,0.0,Kem Ốc,14__KEO__CEL__DAU__66,CELANO Kem Ốc Quế Cone Dâu Vani 66g,NCC006TRUCNHI,CÔNG TY TRÁCH NHIỆM HỮU HẠN THƯƠNG MẠI VÀ DỊCH VỤ TRÚC NHI,,,CÔNG TY TNHH THƯƠNG MẠI VÀ DỊCH VỤ MIRA GROUP,3d0c0069-8bc2-11f1-9b18-005056b2a5de,25,fd57201b-9717-471f-9cee-f5d157799c44,301,3d616a4c-8bc2-11f1-9b18-005056b2a5de,a38f9189-ad87-11ef-a35e-005056b28600
2026-07-03T00:00:00,Nhập kho mua hàng,NK000736,KHOKE01,Kho Kệ,14__KEQ__MER__DXH__60,MERINO Kem Que Lõi Xốt Đậu Xanh 60g,Thùng,1.0,315000.0,315000.0,0.0,0.0,0.0,Kem Que,14__KEQ__MER__DXH__60,MERINO Kem Que Lõi Xốt Đậu Xanh 60g,NCC006TRUCNHI,CÔNG TY TRÁCH NHIỆM HỮU HẠN THƯƠNG MẠI VÀ DỊCH VỤ TRÚC NHI,,,CÔNG TY TNHH THƯƠNG MẠI VÀ DỊCH VỤ MIRA GROUP,3d0c0069-8bc2-11f1-9b18-005056b2a5de,26,fd57201b-9717-471f-9cee-f5d157799c44,301,3d616a7e-8bc2-11f1-9b18-005056b2a5de,a38f9189-ad87-11ef-a35e-005056b28600
2026-07-03T00:00:00,Nhập kho mua hàng,NK000736,KHOKE01,Kho Kệ,14__KEO__MER__SOC__60,MERINO Kem Ốc Quế S.Teen Socola 60g,Thùng,1.0,263000.0,263000.0,0.0,0.0,0.0,Kem Ốc,14__KEO__MER__SOC__60,MERINO Kem Ốc Quế S.Teen Socola 60g,NCC006TRUCNHI,CÔNG TY TRÁCH NHIỆM HỮU HẠN THƯƠNG MẠI VÀ DỊCH VỤ TRÚC NHI,,,CÔNG TY TNHH THƯƠNG MẠI VÀ DỊCH VỤ MIRA GROUP,3d0c0069-8bc2-11f1-9b18-005056b2a5de,27,fd57201b-9717-471f-9cee-f5d157799c44,301,3d616aac-8bc2-11f1-9b18-005056b2a5de,a38f9189-ad87-11ef-a35e-005056b28600
2026-07-03T00:00:00,Nhập kho mua hàng,NK000736,KHOKE01,Kho Kệ,14__KEQ__MER__CSO__68,MERINO Kem Que Cacao Socola 68g,Cái,30.0,10500.0,315000.0,0.0,0.0,0.0,Kem Que,14__KEQ__MER__CSO__68,MERINO Kem Que Cacao Socola 68g,NCC006TRUCNHI,CÔNG TY TRÁCH NHIỆM HỮU HẠN THƯƠNG MẠI VÀ DỊCH VỤ TRÚC NHI,,,CÔNG TY TNHH THƯƠNG MẠI VÀ DỊCH VỤ MIRA GROUP,3d0c0069-8bc2-11f1-9b18-005056b2a5de,28,fd57201b-9717-471f-9cee-f5d157799c44,301,3d616ad9-8bc2-11f1-9b18-005056b2a5de,a38f9189-ad87-11ef-a35e-005056b28600
2026-07-03T00:00:00,Nhập kho mua hàng,NK000736,KHOKE01,Kho Kệ,14__KEQ__MER__CBE__64,MERINO Kem Que Cutie Bear Socola Sữa 64g,Thùng,1.0,315000.0,315000.0,0.0,0.0,0.0,Kem Que,14__KEQ__MER__CBE__64,MERINO Kem Que Cutie Bear Socola Sữa 64g,NCC006TRUCNHI,CÔNG TY TRÁCH NHIỆM HỮU HẠN THƯƠNG MẠI VÀ DỊCH VỤ TRÚC NHI,,,CÔNG TY TNHH THƯƠNG MẠI VÀ DỊCH VỤ MIRA GROUP,3d0c0069-8bc2-11f1-9b18-005056b2a5de,29,fd57201b-9717-471f-9cee-f5d157799c44,301,3d616b0b-8bc2-11f1-9b18-005056b2a5de,a38f9189-ad87-11ef-a35e-005056b28600
2026-07-04T00:00:00,Nhập kho mua hàng,NK000738,KHO001,Kho MIRA,02__MTO__OMA__BHA__96,OMACHI Mì Tô Xốt Bò Hầm 96g*18,Thùng,1.0,216000.0,216000.0,0.0,0.0,0.0,Mì Tô,02__MTO__OMA__BHA__96,OMACHI Mì Tô Xốt Bò Hầm 96g*18,NCC011TRUCNGUYEN,CÔNG TY TRÁCH NHIỆM HỮU HẠN THƯƠNG MẠI VÀ DỊCH VỤ TRÚC NGUYÊN,,,CÔNG TY TNHH THƯƠNG MẠI VÀ DỊCH VỤ MIRA GROUP,3d0c0069-8bc2-11f1-9b18-005056b2a5de,30,fe394266-c345-493a-b097-653768942a3b,301,3d616b3c-8bc2-11f1-9b18-005056b2a5de,a38f9189-ad87-11ef-a35e-005056b28600
2026-07-04T00:00:00,Nhập kho mua hàng,NK000738,KHO001,Kho MIRA,02__MIL__OMA__S5Q__70,OMACHI Mì Ly Sườn Hầm Ngủ Quả 70g*24,Thùng,1.0,228000.0,228000.0,0.0,0.0,0.0,Mì Ly,02__MIL__OMA__S5Q__70,OMACHI Mì Ly Sườn Hầm Ngủ Quả 70g*24,NCC011TRUCNGUYEN,CÔNG TY TRÁCH NHIỆM HỮU HẠN THƯƠNG MẠI VÀ DỊCH VỤ TRÚC NGUYÊN,,,CÔNG TY TNHH THƯƠNG MẠI VÀ DỊCH VỤ MIRA GROUP,3d0c0069-8bc2-11f1-9b18-005056b2a5de,31,fe394266-c345-493a-b097-653768942a3b,301,3d616b6d-8bc2-11f1-9b18-005056b2a5de,a38f9189-ad87-11ef-a35e-005056b28600
2026-07-04T00:00:00,Nhập kho mua hàng,NK000738,KHO001,Kho MIRA,02__MTO__OMA__CXO__96,OMACHI Mì Tô Cua Xốt Ớt 96g*12,Thùng,1.0,156000.0,156000.0,0.0,0.0,0.0,Mì Tô,02__MTO__OMA__CXO__96,OMACHI Mì Tô Cua Xốt Ớt 96g*12,NCC011TRUCNGUYEN,CÔNG TY TRÁCH NHIỆM HỮU HẠN THƯƠNG MẠI VÀ DỊCH VỤ TRÚC NGUYÊN,,,CÔNG TY TNHH THƯƠNG MẠI VÀ DỊCH VỤ MIRA GROUP,3d0c0069-8bc2-11f1-9b18-005056b2a5de,32,fe394266-c345-493a-b097-653768942a3b,301,3d616bda-8bc2-11f1-9b18-005056b2a5de,a38f9189-ad87-11ef-a35e-005056b28600
2026-07-04T00:00:00,Nhập kho mua hàng,NK000738,KHO001,Kho MIRA,02__MIL__OMA__LTC__67,OMACHI Mì Ly Lẩu Tôm Càng 67g*24,Thùng,1.0,228000.0,228000.0,0.0,0.0,0.0,Mì Ly,02__MIL__OMA__LTC__67,OMACHI Mì Ly Lẩu Tôm Càng 67g*24,NCC011TRUCNGUYEN,CÔNG TY TRÁCH NHIỆM HỮU HẠN THƯƠNG MẠI VÀ DỊCH VỤ TRÚC NGUYÊN,,,CÔNG TY TNHH THƯƠNG MẠI VÀ DỊCH VỤ MIRA GROUP,3d0c0069-8bc2-11f1-9b18-005056b2a5de,33,fe394266-c345-493a-b097-653768942a3b,301,3d616c0b-8bc2-11f1-9b18-005056b2a5de,a38f9189-ad87-11ef-a35e-005056b28600
2026-07-04T00:00:00,Nhập kho mua hàng,NK000738,KHO001,Kho MIRA,02__MTO__OMA__PMI__105,OMACHI Mì Tô Trộn Tôm Phô Mai Trứng Muối 105g*12,Thùng,1.0,156000.0,156000.0,0.0,0.0,0.0,Mì Tô,02__MTO__OMA__PMI__105,OMACHI Mì Tô Trộn Tôm Phô Mai Trứng Muối 105g*12,NCC011TRUCNGUYEN,CÔNG TY TRÁCH NHIỆM HỮU HẠN THƯƠNG MẠI VÀ DỊCH VỤ TRÚC NGUYÊN,,,CÔNG TY TNHH THƯƠNG MẠI VÀ DỊCH VỤ MIRA GROUP,3d0c0069-8bc2-11f1-9b18-005056b2a5de,34,fe394266-c345-493a-b097-653768942a3b,301,3d616c3a-8bc2-11f1-9b18-005056b2a5de,a38f9189-ad87-11ef-a35e-005056b28600
2026-07-04T00:00:00,Nhập kho mua hàng,NK000738,KHO001,Kho MIRA,01__TDC__MAS__OLD__500,MASAN Trà Bupnon 365 Trà Ô Long Vị Đào 500ml,Thùng,1.0,174000.0,174000.0,0.0,0.0,0.0,Trà Đóng Chai,01__TDC__MAS__OLD__500,MASAN Trà Bupnon 365 Trà Ô Long Vị Đào 500ml,NCC011TRUCNGUYEN,CÔNG TY TRÁCH NHIỆM HỮU HẠN THƯƠNG MẠI VÀ DỊCH VỤ TRÚC NGUYÊN,,,CÔNG TY TNHH THƯƠNG MẠI VÀ DỊCH VỤ MIRA GROUP,3d0c0069-8bc2-11f1-9b18-005056b2a5de,35,fe394266-c345-493a-b097-653768942a3b,301,3d616c68-8bc2-11f1-9b18-005056b2a5de,a38f9189-ad87-11ef-a35e-005056b28600
2026-07-04T00:00:00,Nhập kho mua hàng,NK000738,KHOKE01,Kho Kệ,02__XXH__PON__BAP__28,PONNIE Xúc Xích Giòn Ăn Liền Vị Bắp 28g,Hộp,2.0,95000.0,190000.0,0.0,0.0,0.0,Xúc Xích,02__XXH__PON__BAP__28,PONNIE Xúc Xích Giòn Ăn Liền Vị Bắp 28g,NCC011TRUCNGUYEN,CÔNG TY TRÁCH NHIỆM HỮU HẠN THƯƠNG MẠI VÀ DỊCH VỤ TRÚC NGUYÊN,,,CÔNG TY TNHH THƯƠNG MẠI VÀ DỊCH VỤ MIRA GROUP,3d0c0069-8bc2-11f1-9b18-005056b2a5de,36,fe394266-c345-493a-b097-653768942a3b,301,3d616c9c-8bc2-11f1-9b18-005056b2a5de,a38f9189-ad87-11ef-a35e-005056b28600
2026-07-04T00:00:00,Nhập kho mua hàng,NK000738,KHO001,Kho MIRA,02__MTO__OMA__TXN__104,OMACHI Mì Tô Trộn Thịt Xiên Nướng 104g*12,Thùng,1.0,156000.0,156000.0,0.0,0.0,0.0,Mì Tô,02__MTO__OMA__TXN__104,OMACHI Mì Tô Trộn Thịt Xiên Nướng 104g*12,NCC011TRUCNGUYEN,CÔNG TY TRÁCH NHIỆM HỮU HẠN THƯƠNG MẠI VÀ DỊCH VỤ TRÚC NGUYÊN,,,CÔNG TY TNHH THƯƠNG MẠI VÀ DỊCH VỤ MIRA GROUP,3d0c0069-8bc2-11f1-9b18-005056b2a5de,37,fe394266-c345-493a-b097-653768942a3b,301,3d616ccc-8bc2-11f1-9b18-005056b2a5de,a38f9189-ad87-11ef-a35e-005056b28600
2026-07-04T00:00:00,Nhập kho mua hàng,NK000738,KHO001,Kho MIRA,01__NGA__VHO__LEM__500,VĨNH HẢO Lemona Nước Khoáng Chanh 500ml,Thùng,1.0,129000.0,129000.0,0.0,0.0,0.0,Nước Có Ga,01__NGA__VHO__LEM__500,VĨNH HẢO Lemona Nước Khoáng Chanh 500ml,NCC011TRUCNGUYEN,CÔNG TY TRÁCH NHIỆM HỮU HẠN THƯƠNG MẠI VÀ DỊCH VỤ TRÚC NGUYÊN,,,CÔNG TY TNHH THƯƠNG MẠI VÀ DỊCH VỤ MIRA GROUP,3d0c0069-8bc2-11f1-9b18-005056b2a5de,38,fe394266-c345-493a-b097-653768942a3b,301,3d616cfb-8bc2-11f1-9b18-005056b2a5de,a38f9189-ad87-11ef-a35e-005056b28600
2026-07-04T00:00:00,Nhập kho mua hàng,NK000738,KHO001,Kho MIRA,01__TDC__MAS__DAO__500,MASAN Trà Bupnon 365 Hương Đào 500ml,Thùng,1.0,174000.0,174000.0,0.0,0.0,0.0,Trà Đóng Chai,01__TDC__MAS__DAO__500,MASAN Trà Bupnon 365 Hương Đào 500ml,NCC011TRUCNGUYEN,CÔNG TY TRÁCH NHIỆM HỮU HẠN THƯƠNG MẠI VÀ DỊCH VỤ TRÚC NGUYÊN,,,CÔNG TY TNHH THƯƠNG MẠI VÀ DỊCH VỤ MIRA GROUP,3d0c0069-8bc2-11f1-9b18-005056b2a5de,39,fe394266-c345-493a-b097-653768942a3b,301,3d616d2b-8bc2-11f1-9b18-005056b2a5de,a38f9189-ad87-11ef-a35e-005056b28600
2026-07-04T00:00:00,Nhập kho mua hàng,NK000738,KHOKE01,Kho Kệ,02__XXH__PON__CAY__28,PONNIE Xúc Xích Giòn Ăn Liền Vị Cay 28g,Hộp,3.0,95000.0,285000.0,0.0,0.0,0.0,Xúc Xích,02__XXH__PON__CAY__28,PONNIE Xúc Xích Giòn Ăn Liền Vị Cay 28g,NCC011TRUCNGUYEN,CÔNG TY TRÁCH NHIỆM HỮU HẠN THƯƠNG MẠI VÀ DỊCH VỤ TRÚC NGUYÊN,,,CÔNG TY TNHH THƯƠNG MẠI VÀ DỊCH VỤ MIRA GROUP,3d0c0069-8bc2-11f1-9b18-005056b2a5de,40,fe394266-c345-493a-b097-653768942a3b,301,3d616d5b-8bc2-11f1-9b18-005056b2a5de,a38f9189-ad87-11ef-a35e-005056b28600
2026-07-04T00:00:00,Nhập kho mua hàng,NK000739,KHO001,Kho MIRA,01__BLO__SGN__LON__330,SAIGON Bia Lon 330ml,Thùng,10.0,262000.0,2620000.0,0.0,0.0,0.0,Bia Lon,01__BLO__SGN__LON__330,SAIGON Bia Lon 330ml,NCC018PHUONGHOANGVY,CÔNG TY TNHH PHƯƠNG HOÀNG VY,,,CÔNG TY TNHH THƯƠNG MẠI VÀ DỊCH VỤ MIRA GROUP,3d0c0069-8bc2-11f1-9b18-005056b2a5de,41,a3a8a569-cabc-4cd6-bf6d-b3ef6d432357,301,3d616d8c-8bc2-11f1-9b18-005056b2a5de,a38f9189-ad87-11ef-a35e-005056b28600
2026-07-04T00:00:00,Nhập kho mua hàng,NK000739,KHO001,Kho MIRA,01__BLO__KEN__BAC__330,HEINEKEN Bạc Bia Lon 330ml,Thùng,5.0,455000.0,2275000.0,0.0,0.0,0.0,Bia Lon,01__BLO__KEN__BAC__330,HEINEKEN Bạc Bia Lon 330ml,NCC018PHUONGHOANGVY,CÔNG TY TNHH PHƯƠNG HOÀNG VY,,,CÔNG TY TNHH THƯƠNG MẠI VÀ DỊCH VỤ MIRA GROUP,3d0c0069-8bc2-11f1-9b18-005056b2a5de,42,a3a8a569-cabc-4cd6-bf6d-b3ef6d432357,301,3d616dbf-8bc2-11f1-9b18-005056b2a5de,a38f9189-ad87-11ef-a35e-005056b28600
2026-07-04T00:00:00,Nhập kho mua hàng,NK000739,KHO001,Kho MIRA,01__BLO__TIG__BAC__330,TIGER Bạc Bia Lon 330ml,Thùng,2.0,395000.0,790000.0,0.0,0.0,0.0,Bia Lon,01__BLO__TIG__BAC__330,TIGER Bạc Bia Lon 330ml,NCC018PHUONGHOANGVY,CÔNG TY TNHH PHƯƠNG HOÀNG VY,,,CÔNG TY TNHH THƯƠNG MẠI VÀ DỊCH VỤ MIRA GROUP,3d0c0069-8bc2-11f1-9b18-005056b2a5de,43,a3a8a569-cabc-4cd6-bf6d-b3ef6d432357,301,3d616df0-8bc2-11f1-9b18-005056b2a5de,a38f9189-ad87-11ef-a35e-005056b28600
2026-07-04T00:00:00,Nhập kho mua hàng,NK000739,KHO001,Kho MIRA,01__BLO__KEN__BAC__250,HEINEKEN Bạc Bia Lon 250ml,Thùng,5.0,363000.0,1815000.0,0.0,0.0,0.0,Bia Lon,01__BLO__KEN__BAC__250,HEINEKEN Bạc Bia Lon 250ml,NCC018PHUONGHOANGVY,CÔNG TY TNHH PHƯƠNG HOÀNG VY,,,CÔNG TY TNHH THƯƠNG MẠI VÀ DỊCH VỤ MIRA GROUP,3d0c0069-8bc2-11f1-9b18-005056b2a5de,44,a3a8a569-cabc-4cd6-bf6d-b3ef6d432357,301,3d616e1d-8bc2-11f1-9b18-005056b2a5de,a38f9189-ad87-11ef-a35e-005056b28600
2026-07-04T00:00:00,Nhập kho mua hàng,NK000739,KHO001,Kho MIRA,01__BLO__TIG__BAC__250,TIGER Bạc Bia Lon 250ml,Thùng,8.0,283000.0,2264000.0,0.0,0.0,0.0,Bia Lon,01__BLO__TIG__BAC__250,TIGER Bạc Bia Lon 250ml,NCC018PHUONGHOANGVY,CÔNG TY TNHH PHƯƠNG HOÀNG VY,,,CÔNG TY TNHH THƯƠNG MẠI VÀ DỊCH VỤ MIRA GROUP,3d0c0069-8bc2-11f1-9b18-005056b2a5de,45,a3a8a569-cabc-4cd6-bf6d-b3ef6d432357,301,3d616e49-8bc2-11f1-9b18-005056b2a5de,a38f9189-ad87-11ef-a35e-005056b28600
2026-07-04T00:00:00,Nhập kho mua hàng,NK000740,KHO001,Kho MIRA,02__MIL__MOD__LTT__67,ACECOOK MODERN Mì Ly Lẩu Thái Tôm 67g,Ly,72.0,7250.0,522000.0,0.0,0.0,0.0,Mì Ly,02__MIL__MOD__LTT__67,ACECOOK MODERN Mì Ly Lẩu Thái Tôm 67g,NCC022THYTHY,CÔNG TY TNHH DƯỢC PHẨM - THƯƠNG MẠI THY THY,,,CÔNG TY TNHH THƯƠNG MẠI VÀ DỊCH VỤ MIRA GROUP,3d0c0069-8bc2-11f1-9b18-005056b2a5de,46,505f3a45-770a-4406-a7af-7ed1272a762f,301,3d616e81-8bc2-11f1-9b18-005056b2a5de,a38f9189-ad87-11ef-a35e-005056b28600
2026-07-04T00:00:00,Nhập kho mua hàng,NK000740,KHO001,Kho MIRA,02__MTO__SKY__HSN__96,ACECOOK SiuKay Mì Trộn Hải Sản Tô 96g,Tô,36.0,13583.0,489000.0,0.0,0.0,0.0,Mì Tô,02__MTO__SKY__HSN__96,ACECOOK SiuKay Mì Trộn Hải Sản Tô 96g,NCC022THYTHY,CÔNG TY TNHH DƯỢC PHẨM - THƯƠNG MẠI THY THY,,,CÔNG TY TNHH THƯƠNG MẠI VÀ DỊCH VỤ MIRA GROUP,3d0c0069-8bc2-11f1-9b18-005056b2a5de,47,505f3a45-770a-4406-a7af-7ed1272a762f,301,3d616eb2-8bc2-11f1-9b18-005056b2a5de,a38f9189-ad87-11ef-a35e-005056b28600
2026-07-04T00:00:00,Nhập kho mua hàng,NK000740,KHO001,Kho MIRA,02__MIL__HAO__TCY__67,ACECOOK HẢO HẢO Mì Ly Tôm Chua Cay 67g,Ly,48.0,8833.0,424000.0,0.0,0.0,0.0,Mì Ly,02__MIL__HAO__TCY__67,ACECOOK HẢO HẢO Mì Ly Tôm Chua Cay 67g,NCC022THYTHY,CÔNG TY TNHH DƯỢC PHẨM - THƯƠNG MẠI THY THY,,,CÔNG TY TNHH THƯƠNG MẠI VÀ DỊCH VỤ MIRA GROUP,3d0c0069-8bc2-11f1-9b18-005056b2a5de,48,505f3a45-770a-4406-a7af-7ed1272a762f,301,3d616ee0-8bc2-11f1-9b18-005056b2a5de,a38f9189-ad87-11ef-a35e-005056b28600
2026-07-04T00:00:00,Nhập kho mua hàng,NK000741,KHOKE01,Kho Kệ,01__TDC__TEA__XAH__450,PEPSICO Olong TEA+ Trà Xanh Chai 450ml,Thùng,2.0,174000.0,348000.0,0.0,0.0,0.0,Trà Đóng Chai,01__TDC__TEA__XAH__450,PEPSICO Olong TEA+ Trà Xanh Chai 450ml,NCC025HAIVY,CÔNG TY TNHH TM – TH– HẢI VY,,,CÔNG TY TNHH THƯƠNG MẠI VÀ DỊCH VỤ MIRA GROUP,3d0c0069-8bc2-11f1-9b18-005056b2a5de,49,11f4bdad-6593-4a70-af8c-40b3d947eef1,301,3d616f13-8bc2-11f1-9b18-005056b2a5de,a38f9189-ad87-11ef-a35e-005056b28600
2026-07-04T00:00:00,Nhập kho mua hàng,NK000741,KHOKE01,Kho Kệ,01__NBD__REV__CMI__500,PEPSICO Revive Chanh Muối Chai 500ml,Thùng,1.0,168000.0,168000.0,0.0,0.0,0.0,Nước Bù Điện Giải,01__NBD__REV__CMI__500,PEPSICO Revive Chanh Muối Chai 500ml,NCC025HAIVY,CÔNG TY TNHH TM – TH– HẢI VY,,,CÔNG TY TNHH THƯƠNG MẠI VÀ DỊCH VỤ MIRA GROUP,3d0c0069-8bc2-11f1-9b18-005056b2a5de,50,11f4bdad-6593-4a70-af8c-40b3d947eef1,301,3d616f53-8bc2-11f1-9b18-005056b2a5de,a38f9189-ad87-11ef-a35e-005056b28600
2026-07-04T00:00:00,Nhập kho mua hàng,NK000741,KHOKE01,Kho Kệ,01__TDC__TEA__CHH__450,PEPSICO Olong TEA+ Chanh Chai 450ml,Thùng,1.0,169000.0,169000.0,0.0,0.0,0.0,Trà Đóng Chai,01__TDC__TEA__CHH__450,PEPSICO Olong TEA+ Chanh Chai 450ml,NCC025HAIVY,CÔNG TY TNHH TM – TH– HẢI VY,,,CÔNG TY TNHH THƯƠNG MẠI VÀ DỊCH VỤ MIRA GROUP,3d0c0069-8bc2-11f1-9b18-005056b2a5de,51,11f4bdad-6593-4a70-af8c-40b3d947eef1,301,3d616f83-8bc2-11f1-9b18-005056b2a5de,a38f9189-ad87-11ef-a35e-005056b28600
2026-07-04T00:00:00,Nhập kho mua hàng,NK000741,KHOKE01,Kho Kệ,01__NGA__7UP__CHI__390,PEPSICO 7Up Chai 390ml,Thùng,1.0,121000.0,121000.0,0.0,0.0,0.0,Nước Có Ga,01__NGA__7UP__CHI__390,PEPSICO 7Up Chai 390ml,NCC025HAIVY,CÔNG TY TNHH TM – TH– HẢI VY,,,CÔNG TY TNHH THƯƠNG MẠI VÀ DỊCH VỤ MIRA GROUP,3d0c0069-8bc2-11f1-9b18-005056b2a5de,52,11f4bdad-6593-4a70-af8c-40b3d947eef1,301,3d616fb1-8bc2-11f1-9b18-005056b2a5de,a38f9189-ad87-11ef-a35e-005056b28600
2026-07-04T00:00:00,Nhập kho mua hàng,NK000741,KHOKE01,Kho Kệ,01__NBD__REV__CHI__500,PEPSICO Revive Chai 500ml,Thùng,1.0,167000.0,167000.0,0.0,0.0,0.0,Nước Bù Điện Giải,01__NBD__REV__CHI__500,PEPSICO Revive Chai 500ml,NCC025HAIVY,CÔNG TY TNHH TM – TH– HẢI VY,,,CÔNG TY TNHH THƯƠNG MẠI VÀ DỊCH VỤ MIRA GROUP,3d0c0069-8bc2-11f1-9b18-005056b2a5de,53,11f4bdad-6593-4a70-af8c-40b3d947eef1,301,3d616fe3-8bc2-11f1-9b18-005056b2a5de,a38f9189-ad87-11ef-a35e-005056b28600
2026-07-04T00:00:00,Nhập kho mua hàng,NK000741,KHOKE01,Kho Kệ,01__NGA__STI__DAU__330,PEPSICO Sting Dâu Chai 330ml,Thùng,1.0,374000.0,374000.0,0.0,0.0,0.0,Nước Có Ga,01__NGA__STI__DAU__330,PEPSICO Sting Dâu Chai 330ml,NCC025HAIVY,CÔNG TY TNHH TM – TH– HẢI VY,,,CÔNG TY TNHH THƯƠNG MẠI VÀ DỊCH VỤ MIRA GROUP,3d0c0069-8bc2-11f1-9b18-005056b2a5de,54,11f4bdad-6593-4a70-af8c-40b3d947eef1,301,3d617012-8bc2-11f1-9b18-005056b2a5de,a38f9189-ad87-11ef-a35e-005056b28600
2026-07-04T00:00:00,Nhập kho mua hàng,NK000742,KHOKE01,Kho Kệ,03__SKT__LAY__TNN__100,LAYS STAX Vị Tự Nhiên Lon 100g,Lon,12.0,0.0,0.0,0.0,0.0,0.0,Snack Khoai Tây,03__SKT__LAY__TNN__100,LAYS STAX Vị Tự Nhiên Lon 100g,NCC028SONGPHATTHINH,CÔNG TY TRÁCH NHIỆM HỮU HẠN THƯƠNG MẠI SONG PHÁT THỊNH,,,CÔNG TY TNHH THƯƠNG MẠI VÀ DỊCH VỤ MIRA GROUP,3d0c0069-8bc2-11f1-9b18-005056b2a5de,55,908d8aca-40cf-4a22-a8b2-fb094903bf4b,301,3d617040-8bc2-11f1-9b18-005056b2a5de,a38f9189-ad87-11ef-a35e-005056b28600
2026-07-04T00:00:00,Nhập kho mua hàng,NK000742,KHOKE01,Kho Kệ,03__SKT__LAY__TNN__53,LAYS Snack Vị Khoai Tây Tự Nhiên Bịch 53g,Bịch,20.0,8500.0,170000.0,0.0,0.0,0.0,Snack Khoai Tây,03__SKT__LAY__TNN__53,LAYS Snack Vị Khoai Tây Tự Nhiên Bịch 53g,NCC028SONGPHATTHINH,CÔNG TY TRÁCH NHIỆM HỮU HẠN THƯƠNG MẠI SONG PHÁT THỊNH,,,CÔNG TY TNHH THƯƠNG MẠI VÀ DỊCH VỤ MIRA GROUP,3d0c0069-8bc2-11f1-9b18-005056b2a5de,56,908d8aca-40cf-4a22-a8b2-fb094903bf4b,301,3d617071-8bc2-11f1-9b18-005056b2a5de,a38f9189-ad87-11ef-a35e-005056b28600
2026-07-04T00:00:00,Nhập kho mua hàng,NK000742,KHOKE01,Kho Kệ,03__SKT__LAY__MUC__100,LAYS STAX Vị Mực Xốt Cay Lon 100g,Lon,6.0,27000.0,162000.0,0.0,0.0,0.0,Snack Khoai Tây,03__SKT__LAY__MUC__100,LAYS STAX Vị Mực Xốt Cay Lon 100g,NCC028SONGPHATTHINH,CÔNG TY TRÁCH NHIỆM HỮU HẠN THƯƠNG MẠI SONG PHÁT THỊNH,,,CÔNG TY TNHH THƯƠNG MẠI VÀ DỊCH VỤ MIRA GROUP,3d0c0069-8bc2-11f1-9b18-005056b2a5de,57,908d8aca-40cf-4a22-a8b2-fb094903bf4b,301,3d6170a2-8bc2-11f1-9b18-005056b2a5de,a38f9189-ad87-11ef-a35e-005056b28600
2026-07-04T00:00:00,Nhập kho mua hàng,NK000742,KHOKE01,Kho Kệ,03__SKT__LAY__TEX__53,LAYS Snack Vị Thăn Bò Nướng Texas 53g,Bịch,20.0,8500.0,170000.0,0.0,0.0,0.0,Snack Khoai Tây,03__SKT__LAY__TEX__53,LAYS Snack Vị Thăn Bò Nướng Texas 53g,NCC028SONGPHATTHINH,CÔNG TY TRÁCH NHIỆM HỮU HẠN THƯƠNG MẠI SONG PHÁT THỊNH,,,CÔNG TY TNHH THƯƠNG MẠI VÀ DỊCH VỤ MIRA GROUP,3d0c0069-8bc2-11f1-9b18-005056b2a5de,58,908d8aca-40cf-4a22-a8b2-fb094903bf4b,301,3d6170cf-8bc2-11f1-9b18-005056b2a5de,a38f9189-ad87-11ef-a35e-005056b28600
2026-07-04T00:00:00,Nhập kho mua hàng,NK000742,KHOKE01,Kho Kệ,03__SKT__LAY__TAO__53,LAYS Snack Vị Tảo Biển Nori Bịch 53g,Bịch,20.0,8500.0,170000.0,0.0,0.0,0.0,Snack Khoai Tây,03__SKT__LAY__TAO__53,LAYS Snack Vị Tảo Biển Nori Bịch 53g,NCC028SONGPHATTHINH,CÔNG TY TRÁCH NHIỆM HỮU HẠN THƯƠNG MẠI SONG PHÁT THỊNH,,,CÔNG TY TNHH THƯƠNG MẠI VÀ DỊCH VỤ MIRA GROUP,3d0c0069-8bc2-11f1-9b18-005056b2a5de,59,908d8aca-40cf-4a22-a8b2-fb094903bf4b,301,3d6170fd-8bc2-11f1-9b18-005056b2a5de,a38f9189-ad87-11ef-a35e-005056b28600
2026-07-04T00:00:00,Nhập kho mua hàng,NK000742,KHOKE01,Kho Kệ,LSVSNBBB301,LAYS Snack Vị Sườn Nướng BBQ Brazil Bịch 31g,Bịch,10.0,0.0,0.0,0.0,0.0,0.0,,LSVSNBBB301,LAYS Snack Vị Sườn Nướng BBQ Brazil Bịch 31g,NCC028SONGPHATTHINH,CÔNG TY TRÁCH NHIỆM HỮU HẠN THƯƠNG MẠI SONG PHÁT THỊNH,,,CÔNG TY TNHH THƯƠNG MẠI VÀ DỊCH VỤ MIRA GROUP,3d0c0069-8bc2-11f1-9b18-005056b2a5de,60,908d8aca-40cf-4a22-a8b2-fb094903bf4b,301,3d61712c-8bc2-11f1-9b18-005056b2a5de,a38f9189-ad87-11ef-a35e-005056b28600
2026-07-04T00:00:00,Nhập kho mua hàng,NK000742,KHOKE01,Kho Kệ,03__SKT__LAY__BOW__100,LAYS STAX Khoai Tây Miếng Vị Bò Wagyu Xốt Nấm Truffle Lon 100g,Lon,12.0,22500.0,270000.0,0.0,0.0,0.0,Snack Khoai Tây,03__SKT__LAY__BOW__100,LAYS STAX Khoai Tây Miếng Vị Bò Wagyu Xốt Nấm Truffle Lon 100g,NCC028SONGPHATTHINH,CÔNG TY TRÁCH NHIỆM HỮU HẠN THƯƠNG MẠI SONG PHÁT THỊNH,,,CÔNG TY TNHH THƯƠNG MẠI VÀ DỊCH VỤ MIRA GROUP,3d0c0069-8bc2-11f1-9b18-005056b2a5de,61,908d8aca-40cf-4a22-a8b2-fb094903bf4b,301,3d61715b-8bc2-11f1-9b18-005056b2a5de,a38f9189-ad87-11ef-a35e-005056b28600
2026-07-04T00:00:00,Nhập kho mua hàng,NK000742,KHOKE01,Kho Kệ,03__SKT__LAY__THM__100,LAYS STAX Vị Tôm Hùm Nướng Lon 100g,Lon,6.0,27000.0,162000.0,0.0,0.0,0.0,Snack Khoai Tây,03__SKT__LAY__THM__100,LAYS STAX Vị Tôm Hùm Nướng Lon 100g,NCC028SONGPHATTHINH,CÔNG TY TRÁCH NHIỆM HỮU HẠN THƯƠNG MẠI SONG PHÁT THỊNH,,,CÔNG TY TNHH THƯƠNG MẠI VÀ DỊCH VỤ MIRA GROUP,3d0c0069-8bc2-11f1-9b18-005056b2a5de,62,908d8aca-40cf-4a22-a8b2-fb094903bf4b,301,3d617188-8bc2-11f1-9b18-005056b2a5de,a38f9189-ad87-11ef-a35e-005056b28600
2026-07-06T00:00:00,Nhập kho mua hàng,NK000743,KHOKE01,Kho Kệ,01__TDC__KIL__DSA__440,KIRIN Latte Hỗn Hợp Dâu Sữa 440ml,Thùng,1.0,192000.0,192000.0,0.0,0.0,0.0,Trà Đóng Chai,01__TDC__KIL__DSA__440,KIRIN Latte Hỗn Hợp Dâu Sữa 440ml,NCC019HUNGPHAT,CÔNG TY TNHH PHÂN PHỐI HÙNG PHÁT,,,CÔNG TY TNHH THƯƠNG MẠI VÀ DỊCH VỤ MIRA GROUP,3d0c0069-8bc2-11f1-9b18-005056b2a5de,63,23a86ace-6594-45cc-bcc2-82c83f40c353,301,3d6171bb-8bc2-11f1-9b18-005056b2a5de,a38f9189-ad87-11ef-a35e-005056b28600
2026-07-06T00:00:00,Nhập kho mua hàng,NK000743,KHOKE01,Kho Kệ,01__TDC__KIR__TSA__345,KIRIN Trà Sữa Anh Quốc 345ml,Thùng,1.0,184000.0,184000.0,0.0,0.0,0.0,Trà Đóng Chai,01__TDC__KIR__TSA__345,KIRIN Trà Sữa Anh Quốc 345ml,NCC019HUNGPHAT,CÔNG TY TNHH PHÂN PHỐI HÙNG PHÁT,,,CÔNG TY TNHH THƯƠNG MẠI VÀ DỊCH VỤ MIRA GROUP,3d0c0069-8bc2-11f1-9b18-005056b2a5de,64,23a86ace-6594-45cc-bcc2-82c83f40c353,301,3d6171e9-8bc2-11f1-9b18-005056b2a5de,a38f9189-ad87-11ef-a35e-005056b28600
2026-07-06T00:00:00,Nhập kho mua hàng,NK000743,KHOKE01,Kho Kệ,01__TDC__KIL__MCS__440,KIRIN Latte Mãng Cầu Sữa 440ml,Thùng,1.0,192000.0,192000.0,0.0,0.0,0.0,Trà Đóng Chai,01__TDC__KIL__MCS__440,KIRIN Latte Mãng Cầu Sữa 440ml,NCC019HUNGPHAT,CÔNG TY TNHH PHÂN PHỐI HÙNG PHÁT,,,CÔNG TY TNHH THƯƠNG MẠI VÀ DỊCH VỤ MIRA GROUP,3d0c0069-8bc2-11f1-9b18-005056b2a5de,65,23a86ace-6594-45cc-bcc2-82c83f40c353,301,3d617215-8bc2-11f1-9b18-005056b2a5de,a38f9189-ad87-11ef-a35e-005056b28600
2026-07-06T00:00:00,Nhập kho mua hàng,NK000743,KHOKE01,Kho Kệ,01__TDC__KIC__DAO__490,KIRIN Ice+ Trà Trái Cây Vị Đào 490ml,Thùng,1.0,168000.0,168000.0,0.0,0.0,0.0,Trà Đóng Chai,01__TDC__KIC__DAO__490,KIRIN Ice+ Trà Trái Cây Vị Đào 490ml,NCC019HUNGPHAT,CÔNG TY TNHH PHÂN PHỐI HÙNG PHÁT,,,CÔNG TY TNHH THƯƠNG MẠI VÀ DỊCH VỤ MIRA GROUP,3d0c0069-8bc2-11f1-9b18-005056b2a5de,66,23a86ace-6594-45cc-bcc2-82c83f40c353,301,3d617242-8bc2-11f1-9b18-005056b2a5de,a38f9189-ad87-11ef-a35e-005056b28600
2026-07-06T00:00:00,Nhập kho mua hàng,NK000743,KHOKE01,Kho Kệ,01__NTR__KIC__NHO__490,KIRIN Ice+ Nước Trái Cây Vị Nho 490ml,Thùng,2.0,168000.0,336000.0,0.0,0.0,0.0,Nước Trái Cây,01__NTR__KIC__NHO__490,KIRIN Ice+ Nước Trái Cây Vị Nho 490ml,NCC019HUNGPHAT,CÔNG TY TNHH PHÂN PHỐI HÙNG PHÁT,,,CÔNG TY TNHH THƯƠNG MẠI VÀ DỊCH VỤ MIRA GROUP,3d0c0069-8bc2-11f1-9b18-005056b2a5de,67,23a86ace-6594-45cc-bcc2-82c83f40c353,301,3d617272-8bc2-11f1-9b18-005056b2a5de,a38f9189-ad87-11ef-a35e-005056b28600
2026-07-06T00:00:00,Nhập kho mua hàng,NK000743,KHOKE01,Kho Kệ,01__TDC__KIC__TKI__490,KIRIN Ice+ Trà Trái Cây Vị Trà Táo Kiwi 490ml,Thùng,1.0,168000.0,168000.0,0.0,0.0,0.0,Trà Đóng Chai,01__TDC__KIC__TKI__490,KIRIN Ice+ Trà Trái Cây Vị Trà Táo Kiwi 490ml,NCC019HUNGPHAT,CÔNG TY TNHH PHÂN PHỐI HÙNG PHÁT,,,CÔNG TY TNHH THƯƠNG MẠI VÀ DỊCH VỤ MIRA GROUP,3d0c0069-8bc2-11f1-9b18-005056b2a5de,68,23a86ace-6594-45cc-bcc2-82c83f40c353,301,3d61729e-8bc2-11f1-9b18-005056b2a5de,a38f9189-ad87-11ef-a35e-005056b28600
2026-07-06T00:00:00,Nhập kho mua hàng,NK000744,KHOKE01,Kho Kệ,03__SKT__ORO__TAY__60,ORION Snack Khoai Tây Tayo Vị Tảo Ngọt Bịch 60g,Bịch,10.0,8738.0,87382.0,0.0,0.0,0.0,Snack Khoai Tây,03__SKT__ORO__TAY__60,ORION Snack Khoai Tây Tayo Vị Tảo Ngọt Bịch 60g,NCC017MINHNGA,CÔNG TY TRÁCH NHIỆM HỮU HẠN THƯƠNG MẠI - DỊCH VU MINH NGA NINH THUẬN,,,CÔNG TY TNHH THƯƠNG MẠI VÀ DỊCH VỤ MIRA GROUP,3d0c0069-8bc2-11f1-9b18-005056b2a5de,69,4ef36e45-b0ec-43a2-84d3-e9ce411c895d,301,3d6172cb-8bc2-11f1-9b18-005056b2a5de,a38f9189-ad87-11ef-a35e-005056b28600
2026-07-06T00:00:00,Nhập kho mua hàng,NK000744,KHOKE01,Kho Kệ,03__SKH__ORT__PMI__32,ORION Toonies Snack Phô Mai Bùng Nổ 32g,Bịch,3.0,0.0,0.0,0.0,0.0,0.0,Snack Khác,03__SKH__ORT__PMI__32,ORION Toonies Snack Phô Mai Bùng Nổ 32g,NCC017MINHNGA,CÔNG TY TRÁCH NHIỆM HỮU HẠN THƯƠNG MẠI - DỊCH VU MINH NGA NINH THUẬN,,,CÔNG TY TNHH THƯƠNG MẠI VÀ DỊCH VỤ MIRA GROUP,3d0c0069-8bc2-11f1-9b18-005056b2a5de,70,4ef36e45-b0ec-43a2-84d3-e9ce411c895d,301,3d6172fe-8bc2-11f1-9b18-005056b2a5de,a38f9189-ad87-11ef-a35e-005056b28600
2026-07-06T00:00:00,Nhập kho mua hàng,NK000744,KHOKE01,Kho Kệ,03__SKT__OOS__TBN__55,ORION Ostar Snack Tảo Biển Bịch 55g,Bịch,7.0,0.0,0.0,0.0,0.0,0.0,Snack Khoai Tây,03__SKT__OOS__TBN__55,ORION Ostar Snack Tảo Biển Bịch 55g,NCC017MINHNGA,CÔNG TY TRÁCH NHIỆM HỮU HẠN THƯƠNG MẠI - DỊCH VU MINH NGA NINH THUẬN,,,CÔNG TY TNHH THƯƠNG MẠI VÀ DỊCH VỤ MIRA GROUP,3d0c0069-8bc2-11f1-9b18-005056b2a5de,71,4ef36e45-b0ec-43a2-84d3-e9ce411c895d,301,3d61732d-8bc2-11f1-9b18-005056b2a5de,a38f9189-ad87-11ef-a35e-005056b28600
2026-07-06T00:00:00,Nhập kho mua hàng,NK000744,KHOKE01,Kho Kệ,03__SKT__OOS__KCI__55,ORION Ostar Snack Kim Chi Hàn Quốc Bịch 55g,Bịch,20.0,8738.0,174764.0,0.0,0.0,0.0,Snack Khoai Tây,03__SKT__OOS__KCI__55,ORION Ostar Snack Kim Chi Hàn Quốc Bịch 55g,NCC017MINHNGA,CÔNG TY TRÁCH NHIỆM HỮU HẠN THƯƠNG MẠI - DỊCH VU MINH NGA NINH THUẬN,,,CÔNG TY TNHH THƯƠNG MẠI VÀ DỊCH VỤ MIRA GROUP,3d0c0069-8bc2-11f1-9b18-005056b2a5de,72,4ef36e45-b0ec-43a2-84d3-e9ce411c895d,301,3d61735b-8bc2-11f1-9b18-005056b2a5de,a38f9189-ad87-11ef-a35e-005056b28600
2026-07-06T00:00:00,Nhập kho mua hàng,NK000744,KHOKE01,Kho Kệ,03__SKH__ORT__PMI__60,ORION Toonies Snack Phô Mai Bùng Nổ 60g,Bịch,12.0,8247.0,98967.0,0.0,0.0,0.0,Snack Khác,03__SKH__ORT__PMI__60,ORION Toonies Snack Phô Mai Bùng Nổ 60g,NCC017MINHNGA,CÔNG TY TRÁCH NHIỆM HỮU HẠN THƯƠNG MẠI - DỊCH VU MINH NGA NINH THUẬN,,,CÔNG TY TNHH THƯƠNG MẠI VÀ DỊCH VỤ MIRA GROUP,3d0c0069-8bc2-11f1-9b18-005056b2a5de,73,4ef36e45-b0ec-43a2-84d3-e9ce411c895d,301,3d617388-8bc2-11f1-9b18-005056b2a5de,a38f9189-ad87-11ef-a35e-005056b28600
2026-07-06T00:00:00,Nhập kho mua hàng,NK000744,KHOKE01,Kho Kệ,03__SKT__ORS__GAT__55,ORION Swing Snack Vị Gà Teriyaki Bịch 55g,Bịch,20.0,8738.0,174764.0,0.0,0.0,0.0,Snack Khoai Tây,03__SKT__ORS__GAT__55,ORION Swing Snack Vị Gà Teriyaki Bịch 55g,NCC017MINHNGA,CÔNG TY TRÁCH NHIỆM HỮU HẠN THƯƠNG MẠI - DỊCH VU MINH NGA NINH THUẬN,,,CÔNG TY TNHH THƯƠNG MẠI VÀ DỊCH VỤ MIRA GROUP,3d0c0069-8bc2-11f1-9b18-005056b2a5de,74,4ef36e45-b0ec-43a2-84d3-e9ce411c895d,301,3d6173ba-8bc2-11f1-9b18-005056b2a5de,a38f9189-ad87-11ef-a35e-005056b28600
2026-07-06T00:00:00,Nhập kho mua hàng,NK000744,KHOKE01,Kho Kệ,03__SKH__ORT__SOC__60,ORION Toonies Snack Socola 60g,Bịch,12.0,8247.0,98967.0,0.0,0.0,0.0,Snack Khác,03__SKH__ORT__SOC__60,ORION Toonies Snack Socola 60g,NCC017MINHNGA,CÔNG TY TRÁCH NHIỆM HỮU HẠN THƯƠNG MẠI - DỊCH VU MINH NGA NINH THUẬN,,,CÔNG TY TNHH THƯƠNG MẠI VÀ DỊCH VỤ MIRA GROUP,3d0c0069-8bc2-11f1-9b18-005056b2a5de,75,4ef36e45-b0ec-43a2-84d3-e9ce411c895d,301,3d6173ec-8bc2-11f1-9b18-005056b2a5de,a38f9189-ad87-11ef-a35e-005056b28600
2026-07-06T00:00:00,Nhập kho mua hàng,NK000744,KHOKE01,Kho Kệ,03__SKT__OSM__BNT__52,ORION Swing Maxx Snack Vị Bò Nướng Tiêu Đen Bịch 52g,Bịch,20.0,8738.0,174764.0,0.0,0.0,0.0,Snack Khoai Tây,03__SKT__OSM__BNT__52,ORION Swing Maxx Snack Vị Bò Nướng Tiêu Đen Bịch 52g,NCC017MINHNGA,CÔNG TY TRÁCH NHIỆM HỮU HẠN THƯƠNG MẠI - DỊCH VU MINH NGA NINH THUẬN,,,CÔNG TY TNHH THƯƠNG MẠI VÀ DỊCH VỤ MIRA GROUP,3d0c0069-8bc2-11f1-9b18-005056b2a5de,76,4ef36e45-b0ec-43a2-84d3-e9ce411c895d,301,3d61741d-8bc2-11f1-9b18-005056b2a5de,a38f9189-ad87-11ef-a35e-005056b28600
2026-07-06T00:00:00,Nhập kho mua hàng,NK000745,KHOKE01,Kho Kệ,01__TDC__THT__TOI__350,TH True Tea Trà Ổi 350ml,Chai,27.0,7715.0,208296.0,0.0,0.0,0.0,Trà Đóng Chai,01__TDC__THT__TOI__350,TH True Tea Trà Ổi 350ml,NCC027THANHLOI,CÔNG TY TNHH THƯƠNG MẠI XÂY DỰNG - CHẾ BIẾN LÂM SẢN - MỘC - THÀNH LỢI,,,CÔNG TY TNHH THƯƠNG MẠI VÀ DỊCH VỤ MIRA GROUP,3d0c0069-8bc2-11f1-9b18-005056b2a5de,77,d49a5e01-ce72-4b01-ab2a-1170f14c11c1,301,3d61744e-8bc2-11f1-9b18-005056b2a5de,a38f9189-ad87-11ef-a35e-005056b28600
2026-07-07T00:00:00,Nhập kho mua hàng,NK000746,KHOKE01,Kho Kệ,03__DPG__TAN__MIX__200,TÂN TÂN Đậu Phộng Mix Hộp 200g,Hộp,24.0,44500.0,1068000.0,0.0,0.0,0.0,Đậu Phộng,03__DPG__TAN__MIX__200,TÂN TÂN Đậu Phộng Mix Hộp 200g,NCC035NGOCMY,CÔNG TY TNHH TMDV NGỌC MỸ,,,CÔNG TY TNHH THƯƠNG MẠI VÀ DỊCH VỤ MIRA GROUP,3d0c0069-8bc2-11f1-9b18-005056b2a5de,78,1bf8a5b9-1491-4fe3-bc89-e5736691da82,301,3d61747f-8bc2-11f1-9b18-005056b2a5de,a38f9189-ad87-11ef-a35e-005056b28600
2026-07-07T00:00:00,Nhập kho mua hàng,NK000746,KHOKE01,Kho Kệ,03__DPG__TAN__TOT__200,TÂN TÂN Đậu Phộng Tỏi Ớt Hộp 200g,Hộp,24.0,47700.0,1144800.0,0.0,0.0,0.0,Đậu Phộng,03__DPG__TAN__TOT__200,TÂN TÂN Đậu Phộng Tỏi Ớt Hộp 200g,NCC035NGOCMY,CÔNG TY TNHH TMDV NGỌC MỸ,,,CÔNG TY TNHH THƯƠNG MẠI VÀ DỊCH VỤ MIRA GROUP,3d0c0069-8bc2-11f1-9b18-005056b2a5de,79,1bf8a5b9-1491-4fe3-bc89-e5736691da82,301,3d6174ac-8bc2-11f1-9b18-005056b2a5de,a38f9189-ad87-11ef-a35e-005056b28600
2026-07-07T00:00:00,Nhập kho mua hàng,NK000747,KHO001,Kho MIRA,03__BXO__KIT__TXH__17,KITKAT Bánh Xốp Trà Xanh Gói 17g,Cái,120.0,10863.0,1303500.0,0.0,0.0,0.0,Bánh Xốp,03__BXO__KIT__TXH__17,KITKAT Bánh Xốp Trà Xanh Gói 17g,NCC010LONGHUNG,CÔNG TY TRÁCH NHIỆM HỮU HẠN THƯƠNG MẠI SẢN XUẤT DỊCH VỤ LONG HƯNG,,,CÔNG TY TNHH THƯƠNG MẠI VÀ DỊCH VỤ MIRA GROUP,3d0c0069-8bc2-11f1-9b18-005056b2a5de,80,15138de2-4c40-4173-97cd-6f4173dec8e4,301,3d6174dd-8bc2-11f1-9b18-005056b2a5de,a38f9189-ad87-11ef-a35e-005056b28600
2026-07-07T00:00:00,Nhập kho mua hàng,NK000747,KHO001,Kho MIRA,03__BXO__KIT__MLO__16,KITKAT Bánh Xốp Milo Gói 16g,Cái,120.0,11838.0,1420500.0,0.0,0.0,0.0,Bánh Xốp,03__BXO__KIT__MLO__16,KITKAT Bánh Xốp Milo Gói 16g,NCC010LONGHUNG,CÔNG TY TRÁCH NHIỆM HỮU HẠN THƯƠNG MẠI SẢN XUẤT DỊCH VỤ LONG HƯNG,,,CÔNG TY TNHH THƯƠNG MẠI VÀ DỊCH VỤ MIRA GROUP,3d0c0069-8bc2-11f1-9b18-005056b2a5de,81,15138de2-4c40-4173-97cd-6f4173dec8e4,301,3d617514-8bc2-11f1-9b18-005056b2a5de,a38f9189-ad87-11ef-a35e-005056b28600
2026-07-08T00:00:00,Nhập kho mua hàng,NK000748,KHOKE01,Kho Kệ,02__TOL__OFO__PMI__105,OFOOD Tokpokki Hàn Quốc Vị Phô Mai Ly 105g,Hộp,4.0,21500.0,86000.0,0.0,0.0,0.0,Tokpokki Ly,02__TOL__OFO__PMI__105,OFOOD Tokpokki Hàn Quốc Vị Phô Mai Ly 105g,NCC020BAMECO,CÔNG TY TNHH BAMECO,,,CÔNG TY TNHH THƯƠNG MẠI VÀ DỊCH VỤ MIRA GROUP,3d0c0069-8bc2-11f1-9b18-005056b2a5de,82,0791432c-a7be-42da-b4fe-59888ec72cba,301,3d617567-8bc2-11f1-9b18-005056b2a5de,a38f9189-ad87-11ef-a35e-005056b28600
2026-07-08T00:00:00,Nhập kho mua hàng,NK000748,KHOKE01,Kho Kệ,02__XXH__OFO__TOK__62,OFOOD Xúc Xích Xốt Tokpokki Hũ 62g,Hũ,3.0,7000.0,21000.0,0.0,0.0,0.0,Xúc Xích,02__XXH__OFO__TOK__62,OFOOD Xúc Xích Xốt Tokpokki Hũ 62g,NCC020BAMECO,CÔNG TY TNHH BAMECO,,,CÔNG TY TNHH THƯƠNG MẠI VÀ DỊCH VỤ MIRA GROUP,3d0c0069-8bc2-11f1-9b18-005056b2a5de,83,0791432c-a7be-42da-b4fe-59888ec72cba,301,3d6175b1-8bc2-11f1-9b18-005056b2a5de,a38f9189-ad87-11ef-a35e-005056b28600
2026-07-08T00:00:00,Nhập kho mua hàng,NK000748,KHOKE01,Kho Kệ,02__XXH__OFO__SPA__62,OFOOD Xúc Xích Xốt Spaghetti Hũ 62g,Hũ,1.0,7000.0,7000.0,0.0,0.0,0.0,Xúc Xích,02__XXH__OFO__SPA__62,OFOOD Xúc Xích Xốt Spaghetti Hũ 62g,NCC020BAMECO,CÔNG TY TNHH BAMECO,,,CÔNG TY TNHH THƯƠNG MẠI VÀ DỊCH VỤ MIRA GROUP,3d0c0069-8bc2-11f1-9b18-005056b2a5de,84,0791432c-a7be-42da-b4fe-59888ec72cba,301,3d6175f4-8bc2-11f1-9b18-005056b2a5de,a38f9189-ad87-11ef-a35e-005056b28600
2026-07-08T00:00:00,Nhập kho mua hàng,NK000748,KHOKE01,Kho Kệ,03__SRO__OFO__GIO__40,OFOOD Rong Biển Giòn Trộn Gia Vị Gói 40g,Gói,20.0,29000.0,580000.0,0.0,0.0,0.0,Snack Rong Biển,03__SRO__OFO__GIO__40,OFOOD Rong Biển Giòn Trộn Gia Vị Gói 40g,NCC020BAMECO,CÔNG TY TNHH BAMECO,,,CÔNG TY TNHH THƯƠNG MẠI VÀ DỊCH VỤ MIRA GROUP,3d0c0069-8bc2-11f1-9b18-005056b2a5de,85,0791432c-a7be-42da-b4fe-59888ec72cba,301,3d617629-8bc2-11f1-9b18-005056b2a5de,a38f9189-ad87-11ef-a35e-005056b28600
2026-07-08T00:00:00,Nhập kho mua hàng,NK000748,KHOKE01,Kho Kệ,03__SRO__OFO__KGA__40,OFOOD Rong Biển Giòn Trộn Khô Gà Gói 40g,Gói,20.0,29000.0,580000.0,0.0,0.0,0.0,Snack Rong Biển,03__SRO__OFO__KGA__40,OFOOD Rong Biển Giòn Trộn Khô Gà Gói 40g,NCC020BAMECO,CÔNG TY TNHH BAMECO,,,CÔNG TY TNHH THƯƠNG MẠI VÀ DỊCH VỤ MIRA GROUP,3d0c0069-8bc2-11f1-9b18-005056b2a5de,86,0791432c-a7be-42da-b4fe-59888ec72cba,301,3d617656-8bc2-11f1-9b18-005056b2a5de,a38f9189-ad87-11ef-a35e-005056b28600
2026-07-08T00:00:00,Nhập kho mua hàng,NK000748,KHOKE01,Kho Kệ,03__SRO__OFO__CAY__5,OFOOD Lá Kim Vị BBQ Cay 5g,Bịch,24.0,23000.0,552000.0,0.0,0.0,0.0,Snack Rong Biển,03__SRO__OFO__CAY__5,OFOOD Lá Kim Vị BBQ Cay 5g,NCC020BAMECO,CÔNG TY TNHH BAMECO,,,CÔNG TY TNHH THƯƠNG MẠI VÀ DỊCH VỤ MIRA GROUP,3d0c0069-8bc2-11f1-9b18-005056b2a5de,87,0791432c-a7be-42da-b4fe-59888ec72cba,301,3d617683-8bc2-11f1-9b18-005056b2a5de,a38f9189-ad87-11ef-a35e-005056b28600
2026-07-08T00:00:00,Nhập kho mua hàng,NK000748,KHOKE01,Kho Kệ,02__XXH__OFO__PMI__62,OFOOD Xúc Xích Xốt Phô Mai Hũ 62g,Hũ,8.0,7000.0,56000.0,0.0,0.0,0.0,Xúc Xích,02__XXH__OFO__PMI__62,OFOOD Xúc Xích Xốt Phô Mai Hũ 62g,NCC020BAMECO,CÔNG TY TNHH BAMECO,,,CÔNG TY TNHH THƯƠNG MẠI VÀ DỊCH VỤ MIRA GROUP,3d0c0069-8bc2-11f1-9b18-005056b2a5de,88,0791432c-a7be-42da-b4fe-59888ec72cba,301,3d6176b4-8bc2-11f1-9b18-005056b2a5de,a38f9189-ad87-11ef-a35e-005056b28600
2026-07-08T00:00:00,Nhập kho mua hàng,NK000748,KHOKE01,Kho Kệ,02__TOL__OFO__TTG__105,OFOOD Tokpokki Hàn Quốc Vị Truyền Thống Ly 105g,Hộp,16.0,21500.0,344000.0,0.0,0.0,0.0,Tokpokki Ly,02__TOL__OFO__TTG__105,OFOOD Tokpokki Hàn Quốc Vị Truyền Thống Ly 105g,NCC020BAMECO,CÔNG TY TNHH BAMECO,,,CÔNG TY TNHH THƯƠNG MẠI VÀ DỊCH VỤ MIRA GROUP,3d0c0069-8bc2-11f1-9b18-005056b2a5de,89,0791432c-a7be-42da-b4fe-59888ec72cba,301,3d6176e1-8bc2-11f1-9b18-005056b2a5de,a38f9189-ad87-11ef-a35e-005056b28600
2026-07-09T00:00:00,Nhập kho mua hàng,NK000749,KHOKE01,Kho Kệ,02__MIL__KOR__LTI__65,KORENO Mì Lẩu Thái Ly 65g,Thùng,1.0,192000.0,192000.0,0.0,0.0,0.0,Mì Ly,02__MIL__KOR__LTI__65,KORENO Mì Lẩu Thái Ly 65g,NCC024THINHPHAT,CÔNG TY TNHH THỊNH PHÁT PHAN RANG,,,CÔNG TY TNHH THƯƠNG MẠI VÀ DỊCH VỤ MIRA GROUP,3d0c0069-8bc2-11f1-9b18-005056b2a5de,90,f0f26998-3e3f-475e-b19f-f2e917267cb2,301,3d617711-8bc2-11f1-9b18-005056b2a5de,a38f9189-ad87-11ef-a35e-005056b28600
2026-07-09T00:00:00,Nhập kho mua hàng,NK000749,KHOKE01,Kho Kệ,02__MIL__KOR__DEN__68,KORENO Mì Trộn Tương Đen Ly 68g,Thùng,1.0,204000.0,204000.0,0.0,0.0,0.0,Mì Ly,02__MIL__KOR__DEN__68,KORENO Mì Trộn Tương Đen Ly 68g,NCC024THINHPHAT,CÔNG TY TNHH THỊNH PHÁT PHAN RANG,,,CÔNG TY TNHH THƯƠNG MẠI VÀ DỊCH VỤ MIRA GROUP,3d0c0069-8bc2-11f1-9b18-005056b2a5de,91,f0f26998-3e3f-475e-b19f-f2e917267cb2,301,3d617743-8bc2-11f1-9b18-005056b2a5de,a38f9189-ad87-11ef-a35e-005056b28600
2026-07-09T00:00:00,Nhập kho mua hàng,NK000749,KHOKE01,Kho Kệ,KMC7CDG101,KORENO Mì Cay 7 Cấp Độ Gói 104g,Thùng,1.0,216000.0,216000.0,0.0,0.0,0.0,,KMC7CDG101,KORENO Mì Cay 7 Cấp Độ Gói 104g,NCC024THINHPHAT,CÔNG TY TNHH THỊNH PHÁT PHAN RANG,,,CÔNG TY TNHH THƯƠNG MẠI VÀ DỊCH VỤ MIRA GROUP,3d0c0069-8bc2-11f1-9b18-005056b2a5de,92,f0f26998-3e3f-475e-b19f-f2e917267cb2,301,3d617774-8bc2-11f1-9b18-005056b2a5de,a38f9189-ad87-11ef-a35e-005056b28600
2026-07-09T00:00:00,Nhập kho mua hàng,NK000749,KHOKE01,Kho Kệ,02__MIL__KOR__PMI__65,KORENO M.X Vị Bò Phô Mai Cay Ly 65g,Thùng,1.0,192000.0,192000.0,0.0,0.0,0.0,Mì Ly,02__MIL__KOR__PMI__65,KORENO M.X Vị Bò Phô Mai Cay Ly 65g,NCC024THINHPHAT,CÔNG TY TNHH THỊNH PHÁT PHAN RANG,,,CÔNG TY TNHH THƯƠNG MẠI VÀ DỊCH VỤ MIRA GROUP,3d0c0069-8bc2-11f1-9b18-005056b2a5de,93,f0f26998-3e3f-475e-b19f-f2e917267cb2,301,3d6177a4-8bc2-11f1-9b18-005056b2a5de,a38f9189-ad87-11ef-a35e-005056b28600
2026-07-09T00:00:00,Nhập kho mua hàng,NK000750,KHOKE01,Kho Kệ,04__SUO__BEN__CAM__300,BETAGEN Sữa Chua Uống Hương Cam 300ml,Chai,28.0,15429.0,432000.0,0.0,0.0,0.0,Sữa Chua Uống,04__SUO__BEN__CAM__300,BETAGEN Sữa Chua Uống Hương Cam 300ml,NCC027THANHLOI,CÔNG TY TNHH THƯƠNG MẠI XÂY DỰNG - CHẾ BIẾN LÂM SẢN - MỘC - THÀNH LỢI,,,CÔNG TY TNHH THƯƠNG MẠI VÀ DỊCH VỤ MIRA GROUP,3d0c0069-8bc2-11f1-9b18-005056b2a5de,94,ab5cb34a-09c9-448a-ba51-1ef8f335598d,301,3d6177d4-8bc2-11f1-9b18-005056b2a5de,a38f9189-ad87-11ef-a35e-005056b28600
2026-07-09T00:00:00,Nhập kho mua hàng,NK000750,KHOKE01,Kho Kệ,04__SUO__BEN__DUA__300,BETAGEN Sữa Chua Uống Hương Dứa 300ml,Chai,24.0,18000.0,432000.0,0.0,0.0,0.0,Sữa Chua Uống,04__SUO__BEN__DUA__300,BETAGEN Sữa Chua Uống Hương Dứa 300ml,NCC027THANHLOI,CÔNG TY TNHH THƯƠNG MẠI XÂY DỰNG - CHẾ BIẾN LÂM SẢN - MỘC - THÀNH LỢI,,,CÔNG TY TNHH THƯƠNG MẠI VÀ DỊCH VỤ MIRA GROUP,3d0c0069-8bc2-11f1-9b18-005056b2a5de,95,ab5cb34a-09c9-448a-ba51-1ef8f335598d,301,3d617809-8bc2-11f1-9b18-005056b2a5de,a38f9189-ad87-11ef-a35e-005056b28600
2026-07-09T00:00:00,Nhập kho mua hàng,NK000750,KHOKE01,Kho Kệ,04__SUO__BEN__IDG__300,BETAGEN Sữa Chua Uống Ít Đường 300ml,Chai,24.0,18000.0,432000.0,0.0,0.0,0.0,Sữa Chua Uống,04__SUO__BEN__IDG__300,BETAGEN Sữa Chua Uống Ít Đường 300ml,NCC027THANHLOI,CÔNG TY TNHH THƯƠNG MẠI XÂY DỰNG - CHẾ BIẾN LÂM SẢN - MỘC - THÀNH LỢI,,,CÔNG TY TNHH THƯƠNG MẠI VÀ DỊCH VỤ MIRA GROUP,3d0c0069-8bc2-11f1-9b18-005056b2a5de,96,ab5cb34a-09c9-448a-ba51-1ef8f335598d,301,3d617838-8bc2-11f1-9b18-005056b2a5de,a38f9189-ad87-11ef-a35e-005056b28600
2026-07-09T00:00:00,Nhập kho mua hàng,NK000750,KHOKE01,Kho Kệ,04__SUO__BEN__DAU__300,BETAGEN Sữa Chua Uống Hương Dâu 300ml,Chai,24.0,18000.0,432000.0,0.0,0.0,0.0,Sữa Chua Uống,04__SUO__BEN__DAU__300,BETAGEN Sữa Chua Uống Hương Dâu 300ml,NCC027THANHLOI,CÔNG TY TNHH THƯƠNG MẠI XÂY DỰNG - CHẾ BIẾN LÂM SẢN - MỘC - THÀNH LỢI,,,CÔNG TY TNHH THƯƠNG MẠI VÀ DỊCH VỤ MIRA GROUP,3d0c0069-8bc2-11f1-9b18-005056b2a5de,97,ab5cb34a-09c9-448a-ba51-1ef8f335598d,301,3d617866-8bc2-11f1-9b18-005056b2a5de,a38f9189-ad87-11ef-a35e-005056b28600
2026-07-10T00:00:00,Nhập kho mua hàng,NK000751,KHOKE01,Kho Kệ,01__NLO__LAV__CHI__5000,LAVIE Chai 5L,Thùng,5.0,88000.0,440000.0,0.0,0.0,0.0,Nước Lọc Chai,01__NLO__LAV__CHI__5000,LAVIE Chai 5L,NCC019HUNGPHAT,CÔNG TY TNHH PHÂN PHỐI HÙNG PHÁT,,,CÔNG TY TNHH THƯƠNG MẠI VÀ DỊCH VỤ MIRA GROUP,3d0c0069-8bc2-11f1-9b18-005056b2a5de,98,445325b8-a15e-45b1-9085-c6bfb1e0d055,301,3d617897-8bc2-11f1-9b18-005056b2a5de,a38f9189-ad87-11ef-a35e-005056b28600
2026-07-10T00:00:00,Nhập kho mua hàng,NK000751,KHOKE01,Kho Kệ,01__NLO__LAV__NBN__500,LAVIE Nguyên Bản Chai 500ml,Thùng,5.0,78000.0,390000.0,0.0,0.0,0.0,Nước Lọc Chai,01__NLO__LAV__NBN__500,LAVIE Nguyên Bản Chai 500ml,NCC019HUNGPHAT,CÔNG TY TNHH PHÂN PHỐI HÙNG PHÁT,,,CÔNG TY TNHH THƯƠNG MẠI VÀ DỊCH VỤ MIRA GROUP,3d0c0069-8bc2-11f1-9b18-005056b2a5de,99,445325b8-a15e-45b1-9085-c6bfb1e0d055,301,3d6178c9-8bc2-11f1-9b18-005056b2a5de,a38f9189-ad87-11ef-a35e-005056b28600
2026-07-10T00:00:00,Nhập kho mua hàng,NK000751,KHOKE01,Kho Kệ,01__NLO__LAV__DNE__500,LAVIE Vị Dịu Nhẹ Chai 500ml,Thùng,5.0,78000.0,390000.0,0.0,0.0,0.0,Nước Lọc Chai,01__NLO__LAV__DNE__500,LAVIE Vị Dịu Nhẹ Chai 500ml,NCC019HUNGPHAT,CÔNG TY TNHH PHÂN PHỐI HÙNG PHÁT,,,CÔNG TY TNHH THƯƠNG MẠI VÀ DỊCH VỤ MIRA GROUP,3d0c0069-8bc2-11f1-9b18-005056b2a5de,100,445325b8-a15e-45b1-9085-c6bfb1e0d055,301,3d6178f6-8bc2-11f1-9b18-005056b2a5de,a38f9189-ad87-11ef-a35e-005056b28600
2026-07-10T00:00:00,Nhập kho mua hàng,NK000752,KHO001,Kho MIRA,02__CGI__YDP__YEN__50,YẾN ĐẠI PHÁT Cháo Tổ Yến Thịt Bằm 50g,Gói,50.0,6800.0,340000.0,0.0,0.0,0.0,Cháo Gói,02__CGI__YDP__YEN__50,YẾN ĐẠI PHÁT Cháo Tổ Yến Thịt Bằm 50g,NCC013THIENPHU,CÔNG TY TNHH THIÊN PHÚ PHAN RANG,,,CÔNG TY TNHH THƯƠNG MẠI VÀ DỊCH VỤ MIRA GROUP,3d0c0069-8bc2-11f1-9b18-005056b2a5de,101,a6a2ec33-5236-4e09-b031-7e5cc667b407,301,3d6179b2-8bc2-11f1-9b18-005056b2a5de,a38f9189-ad87-11ef-a35e-005056b28600
2026-07-10T00:00:00,Nhập kho mua hàng,NK000752,KHOKE01,Kho Kệ,03__BLA__GIZ__MAT__90,GIZZA Bánh Tươi Matcha 90g,Cái,21.0,11048.0,232000.0,0.0,0.0,0.0,Bánh Bông Lan,03__BLA__GIZ__MAT__90,GIZZA Bánh Tươi Matcha 90g,NCC013THIENPHU,CÔNG TY TNHH THIÊN PHÚ PHAN RANG,,,CÔNG TY TNHH THƯƠNG MẠI VÀ DỊCH VỤ MIRA GROUP,3d0c0069-8bc2-11f1-9b18-005056b2a5de,102,a6a2ec33-5236-4e09-b031-7e5cc667b407,301,3d6179e4-8bc2-11f1-9b18-005056b2a5de,a38f9189-ad87-11ef-a35e-005056b28600
2026-07-10T00:00:00,Nhập kho mua hàng,NK000752,KHOKE01,Kho Kệ,03__BLA__GIZ__CHO__90,GIZZA Bánh Tươi Chocolate 90g,Cái,21.0,11048.0,232000.0,0.0,0.0,0.0,Bánh Bông Lan,03__BLA__GIZ__CHO__90,GIZZA Bánh Tươi Chocolate 90g,NCC013THIENPHU,CÔNG TY TNHH THIÊN PHÚ PHAN RANG,,,CÔNG TY TNHH THƯƠNG MẠI VÀ DỊCH VỤ MIRA GROUP,3d0c0069-8bc2-11f1-9b18-005056b2a5de,103,a6a2ec33-5236-4e09-b031-7e5cc667b407,301,3d617a13-8bc2-11f1-9b18-005056b2a5de,a38f9189-ad87-11ef-a35e-005056b28600
2026-07-10T00:00:00,Nhập kho mua hàng,NK000752,KHO001,Kho MIRA,02__CGI__YDP__DXH__50,YẾN ĐẠI PHÁT Cháo Sườn Non Yến Mạch Đậu Xanh Gói 50g,Gói,44.0,5682.0,250000.0,0.0,0.0,0.0,Cháo Gói,02__CGI__YDP__DXH__50,YẾN ĐẠI PHÁT Cháo Sườn Non Yến Mạch Đậu Xanh Gói 50g,NCC013THIENPHU,CÔNG TY TNHH THIÊN PHÚ PHAN RANG,,,CÔNG TY TNHH THƯƠNG MẠI VÀ DỊCH VỤ MIRA GROUP,3d0c0069-8bc2-11f1-9b18-005056b2a5de,104,a6a2ec33-5236-4e09-b031-7e5cc667b407,301,3d617a40-8bc2-11f1-9b18-005056b2a5de,a38f9189-ad87-11ef-a35e-005056b28600
2026-07-10T00:00:00,Nhập kho mua hàng,NK000752,KHOKE01,Kho Kệ,03__BLA__GIZ__ORI__90,GIZZA Bánh Tươi Original 90g,Cái,21.0,11048.0,232000.0,0.0,0.0,0.0,Bánh Bông Lan,03__BLA__GIZ__ORI__90,GIZZA Bánh Tươi Original 90g,NCC013THIENPHU,CÔNG TY TNHH THIÊN PHÚ PHAN RANG,,,CÔNG TY TNHH THƯƠNG MẠI VÀ DỊCH VỤ MIRA GROUP,3d0c0069-8bc2-11f1-9b18-005056b2a5de,105,a6a2ec33-5236-4e09-b031-7e5cc667b407,301,3d617a71-8bc2-11f1-9b18-005056b2a5de,a38f9189-ad87-11ef-a35e-005056b28600
2026-07-11T00:00:00,Nhập kho mua hàng,NK000753,KHOKE01,Kho Kệ,03__KGU__COL__XDG__55,COOLAIR Kẹo Gum Khuynh Diệp Hũ Xanh Dương 55.4g,Hũ,12.0,21000.0,252000.0,0.0,0.0,0.0,Kẹo Gum,03__KGU__COL__XDG__55,COOLAIR Kẹo Gum Khuynh Diệp Hũ Xanh Dương 55.4g,NCC005BAOTIN,CÔNG TY TNHH THƯƠNG MẠI VÀ DỊCH VỤ BẢO TÍN NINH THUẬN,,,CÔNG TY TNHH THƯƠNG MẠI VÀ DỊCH VỤ MIRA GROUP,3d0c0069-8bc2-11f1-9b18-005056b2a5de,106,737b6e46-8baf-4ad4-8b8f-c73abec7f3cb,301,3d617aa3-8bc2-11f1-9b18-005056b2a5de,a38f9189-ad87-11ef-a35e-005056b28600
2026-07-11T00:00:00,Nhập kho mua hàng,NK000753,KHOKE01,Kho Kệ,03__KGU__DOU__BHA__24,DOUBLEMINT Tuýp Ngậm Bạc Hà 23.8g,Hũ,9.0,22000.0,198000.0,0.0,0.0,0.0,Kẹo Gum,03__KGU__DOU__BHA__24,DOUBLEMINT Tuýp Ngậm Bạc Hà 23.8g,NCC005BAOTIN,CÔNG TY TNHH THƯƠNG MẠI VÀ DỊCH VỤ BẢO TÍN NINH THUẬN,,,CÔNG TY TNHH THƯƠNG MẠI VÀ DỊCH VỤ MIRA GROUP,3d0c0069-8bc2-11f1-9b18-005056b2a5de,107,737b6e46-8baf-4ad4-8b8f-c73abec7f3cb,301,3d617ad1-8bc2-11f1-9b18-005056b2a5de,a38f9189-ad87-11ef-a35e-005056b28600
2026-07-11T00:00:00,Nhập kho mua hàng,NK000753,KHOKE01,Kho Kệ,03__KGU__DOU__BHA__58,DOUBLEMINT Kẹo Gum Bạc Hà 58.4g,Hũ,12.0,21000.0,252000.0,0.0,0.0,0.0,Kẹo Gum,03__KGU__DOU__BHA__58,DOUBLEMINT Kẹo Gum Bạc Hà 58.4g,NCC005BAOTIN,CÔNG TY TNHH THƯƠNG MẠI VÀ DỊCH VỤ BẢO TÍN NINH THUẬN,,,CÔNG TY TNHH THƯƠNG MẠI VÀ DỊCH VỤ MIRA GROUP,3d0c0069-8bc2-11f1-9b18-005056b2a5de,108,737b6e46-8baf-4ad4-8b8f-c73abec7f3cb,301,3d617aff-8bc2-11f1-9b18-005056b2a5de,a38f9189-ad87-11ef-a35e-005056b28600
2026-07-11T00:00:00,Nhập kho mua hàng,NK000754,KHOKE01,Kho Kệ,03__SKH__LOT__HOG__37,LOTTE Bánh Gấu KOALA's Nhân Kem Dâu 37g,Hộp,12.0,13000.0,156000.0,0.0,0.0,0.0,Snack Khác,03__SKH__LOT__HOG__37,LOTTE Bánh Gấu KOALA's Nhân Kem Dâu 37g,NCC027THANHLOI,CÔNG TY TNHH THƯƠNG MẠI XÂY DỰNG - CHẾ BIẾN LÂM SẢN - MỘC - THÀNH LỢI,,,CÔNG TY TNHH THƯƠNG MẠI VÀ DỊCH VỤ MIRA GROUP,3d0c0069-8bc2-11f1-9b18-005056b2a5de,109,bdd92699-781c-43e2-a952-dc0892193e62,301,3d617b33-8bc2-11f1-9b18-005056b2a5de,a38f9189-ad87-11ef-a35e-005056b28600
2026-07-11T00:00:00,Nhập kho mua hàng,NK000754,KHO001,Kho MIRA,03__KGU__XYL__XLA__55,LOTTE XYLITOL Kẹo Gum Lime Mint Hũ Xanh Lá 55.1g,Hũ,24.0,24000.0,576000.0,0.0,0.0,0.0,Kẹo Gum,03__KGU__XYL__XLA__55,LOTTE XYLITOL Kẹo Gum Lime Mint Hũ Xanh Lá 55.1g,NCC027THANHLOI,CÔNG TY TNHH THƯƠNG MẠI XÂY DỰNG - CHẾ BIẾN LÂM SẢN - MỘC - THÀNH LỢI,,,CÔNG TY TNHH THƯƠNG MẠI VÀ DỊCH VỤ MIRA GROUP,3d0c0069-8bc2-11f1-9b18-005056b2a5de,110,bdd92699-781c-43e2-a952-dc0892193e62,301,3d617b61-8bc2-11f1-9b18-005056b2a5de,a38f9189-ad87-11ef-a35e-005056b28600
2026-07-11T00:00:00,Nhập kho mua hàng,NK000754,KHOKE01,Kho Kệ,03__SKH__LOT__TRA__37,LOTTE Bánh Gấu KOALA's Nhân Socola Trắng 37g,Hộp,12.0,13000.0,156000.0,0.0,0.0,0.0,Snack Khác,03__SKH__LOT__TRA__37,LOTTE Bánh Gấu KOALA's Nhân Socola Trắng 37g,NCC027THANHLOI,CÔNG TY TNHH THƯƠNG MẠI XÂY DỰNG - CHẾ BIẾN LÂM SẢN - MỘC - THÀNH LỢI,,,CÔNG TY TNHH THƯƠNG MẠI VÀ DỊCH VỤ MIRA GROUP,3d0c0069-8bc2-11f1-9b18-005056b2a5de,111,bdd92699-781c-43e2-a952-dc0892193e62,301,3d617b8f-8bc2-11f1-9b18-005056b2a5de,a38f9189-ad87-11ef-a35e-005056b28600
2026-07-11T00:00:00,Nhập kho mua hàng,NK000754,KHO001,Kho MIRA,03__KGU__XYL__XLA__130,LOTTE XYLITOL Kẹo Gum Cool Hũ Xanh Lá 130.5g,Hũ,24.0,50000.0,1200000.0,0.0,0.0,0.0,Kẹo Gum,03__KGU__XYL__XLA__130,LOTTE XYLITOL Kẹo Gum Cool Hũ Xanh Lá 130.5g,NCC027THANHLOI,CÔNG TY TNHH THƯƠNG MẠI XÂY DỰNG - CHẾ BIẾN LÂM SẢN - MỘC - THÀNH LỢI,,,CÔNG TY TNHH THƯƠNG MẠI VÀ DỊCH VỤ MIRA GROUP,3d0c0069-8bc2-11f1-9b18-005056b2a5de,112,bdd92699-781c-43e2-a952-dc0892193e62,301,3d617bbf-8bc2-11f1-9b18-005056b2a5de,a38f9189-ad87-11ef-a35e-005056b28600
2026-07-11T00:00:00,Nhập kho mua hàng,NK000754,KHO001,Kho MIRA,03__KGU__XYL__XDG__55,LOTTE XYLITOL Kẹo Gum Cool Hũ Xanh Dương 55.1g,Hũ,24.0,24000.0,576000.0,0.0,0.0,0.0,Kẹo Gum,03__KGU__XYL__XDG__55,LOTTE XYLITOL Kẹo Gum Cool Hũ Xanh Dương 55.1g,NCC027THANHLOI,CÔNG TY TNHH THƯƠNG MẠI XÂY DỰNG - CHẾ BIẾN LÂM SẢN - MỘC - THÀNH LỢI,,,CÔNG TY TNHH THƯƠNG MẠI VÀ DỊCH VỤ MIRA GROUP,3d0c0069-8bc2-11f1-9b18-005056b2a5de,113,bdd92699-781c-43e2-a952-dc0892193e62,301,3d617bf0-8bc2-11f1-9b18-005056b2a5de,a38f9189-ad87-11ef-a35e-005056b28600
2026-07-11T00:00:00,Nhập kho mua hàng,NK000754,KHOKE01,Kho Kệ,03__SKH__LOT__XLA__37,LOTTE Bánh Gấu KOALA's Nhân Socola Xanh Lá 37g,Hộp,12.0,13000.0,156000.0,0.0,0.0,0.0,Snack Khác,03__SKH__LOT__XLA__37,LOTTE Bánh Gấu KOALA's Nhân Socola Xanh Lá 37g,NCC027THANHLOI,CÔNG TY TNHH THƯƠNG MẠI XÂY DỰNG - CHẾ BIẾN LÂM SẢN - MỘC - THÀNH LỢI,,,CÔNG TY TNHH THƯƠNG MẠI VÀ DỊCH VỤ MIRA GROUP,3d0c0069-8bc2-11f1-9b18-005056b2a5de,114,bdd92699-781c-43e2-a952-dc0892193e62,301,3d617c1d-8bc2-11f1-9b18-005056b2a5de,a38f9189-ad87-11ef-a35e-005056b28600
2026-07-11T00:00:00,Nhập kho mua hàng,NK000754,KHOKE01,Kho Kệ,03__SKH__LOT__DEN__37,LOTTE Bánh Gấu KOALA's Vỏ Và Nhân Socola Đen 37g,Hộp,12.0,13000.0,156000.0,0.0,0.0,0.0,Snack Khác,03__SKH__LOT__DEN__37,LOTTE Bánh Gấu KOALA's Vỏ Và Nhân Socola Đen 37g,NCC027THANHLOI,CÔNG TY TNHH THƯƠNG MẠI XÂY DỰNG - CHẾ BIẾN LÂM SẢN - MỘC - THÀNH LỢI,,,CÔNG TY TNHH THƯƠNG MẠI VÀ DỊCH VỤ MIRA GROUP,3d0c0069-8bc2-11f1-9b18-005056b2a5de,115,bdd92699-781c-43e2-a952-dc0892193e62,301,3d617c50-8bc2-11f1-9b18-005056b2a5de,a38f9189-ad87-11ef-a35e-005056b28600
2026-07-11T00:00:00,Nhập kho mua hàng,NK000755,KHOKE01,Kho Kệ,06__RKD__CUP__BTT__180,CLOSEUP Kem Đánh Răng Tinh Thể Băng Tuyết 180g,Cái,10.0,34965.0,349650.0,0.0,0.0,0.0,Chăm Sóc Răng Miệng,06__RKD__CUP__BTT__180,CLOSEUP Kem Đánh Răng Tinh Thể Băng Tuyết 180g,NCC014DONGVAN,CÔNG TY TNHH THƯƠNG MẠI - DỊCH VỤ ĐÔNG VÂN,,,CÔNG TY TNHH THƯƠNG MẠI VÀ DỊCH VỤ MIRA GROUP,3d0c0069-8bc2-11f1-9b18-005056b2a5de,116,ca6602fd-bd98-4b68-9b9a-326893cf2e60,301,3d617d02-8bc2-11f1-9b18-005056b2a5de,a38f9189-ad87-11ef-a35e-005056b28600
2026-07-11T00:00:00,Nhập kho mua hàng,NK000755,KHOKE01,Kho Kệ,06__RKD__KPS__DAU__90,PS Kem Đánh Răng Trẻ Em Hương Dâu 45g,Cái,10.0,16590.0,165899.0,0.0,0.0,0.0,Chăm Sóc Răng Miệng,06__RKD__KPS__DAU__90,PS Kem Đánh Răng Trẻ Em Hương Dâu 45g,NCC014DONGVAN,CÔNG TY TNHH THƯƠNG MẠI - DỊCH VỤ ĐÔNG VÂN,,,CÔNG TY TNHH THƯƠNG MẠI VÀ DỊCH VỤ MIRA GROUP,3d0c0069-8bc2-11f1-9b18-005056b2a5de,117,ca6602fd-bd98-4b68-9b9a-326893cf2e60,301,3d617d37-8bc2-11f1-9b18-005056b2a5de,a38f9189-ad87-11ef-a35e-005056b28600
2026-07-11T00:00:00,Nhập kho mua hàng,NK000755,KHOKE01,Kho Kệ,06__RBC__KPS__MEM__12,PS Bàn Chải Lông Tơ Mềm Mại *12c/vỉ,Cái,24.0,14914.0,357933.0,0.0,0.0,0.0,Chăm Sóc Răng Miệng,06__RBC__KPS__MEM__12,PS Bàn Chải Lông Tơ Mềm Mại *12c/vỉ,NCC014DONGVAN,CÔNG TY TNHH THƯƠNG MẠI - DỊCH VỤ ĐÔNG VÂN,,,CÔNG TY TNHH THƯƠNG MẠI VÀ DỊCH VỤ MIRA GROUP,3d0c0069-8bc2-11f1-9b18-005056b2a5de,118,ca6602fd-bd98-4b68-9b9a-326893cf2e60,301,3d617d69-8bc2-11f1-9b18-005056b2a5de,a38f9189-ad87-11ef-a35e-005056b28600
2026-07-11T00:00:00,Nhập kho mua hàng,NK000755,KHOKE01,Kho Kệ,06__RKD__KPS__TXH__180,PS Kem Đánh Răng Trà Xanh 180g,Cái,24.0,34068.0,817622.0,0.0,0.0,0.0,Chăm Sóc Răng Miệng,06__RKD__KPS__TXH__180,PS Kem Đánh Răng Trà Xanh 180g,NCC014DONGVAN,CÔNG TY TNHH THƯƠNG MẠI - DỊCH VỤ ĐÔNG VÂN,,,CÔNG TY TNHH THƯƠNG MẠI VÀ DỊCH VỤ MIRA GROUP,3d0c0069-8bc2-11f1-9b18-005056b2a5de,119,ca6602fd-bd98-4b68-9b9a-326893cf2e60,301,3d617da4-8bc2-11f1-9b18-005056b2a5de,a38f9189-ad87-11ef-a35e-005056b28600
2026-07-11T00:00:00,Nhập kho mua hàng,NK000756,KHOKE01,Kho Kệ,03__BMI__KID__SGP__55,KIDO Bánh Chà Bông Xốt Sigapore 55g,Bịch,5.0,8730.0,43650.0,0.0,0.0,0.0,Bánh Mì Mềm,03__BMI__KID__SGP__55,KIDO Bánh Chà Bông Xốt Sigapore 55g,NCC006TRUCNHI,CÔNG TY TRÁCH NHIỆM HỮU HẠN THƯƠNG MẠI VÀ DỊCH VỤ TRÚC NHI,,,CÔNG TY TNHH THƯƠNG MẠI VÀ DỊCH VỤ MIRA GROUP,3d0c0069-8bc2-11f1-9b18-005056b2a5de,120,c85a75c1-395b-43d6-b33b-506b45502854,301,3d617dcc-8bc2-11f1-9b18-005056b2a5de,a38f9189-ad87-11ef-a35e-005056b28600
2026-07-11T00:00:00,Nhập kho mua hàng,NK000756,KHOKE01,Kho Kệ,03__BXO__KCH__SOD__1,KIDO Chocolatos Bánh Xốp Cuộn Vị Socola Đen,Hộp,8.0,38000.0,304000.0,0.0,0.0,0.0,Bánh Xốp,03__BXO__KCH__SOD__1,KIDO Chocolatos Bánh Xốp Cuộn Vị Socola Đen,NCC006TRUCNHI,CÔNG TY TRÁCH NHIỆM HỮU HẠN THƯƠNG MẠI VÀ DỊCH VỤ TRÚC NHI,,,CÔNG TY TNHH THƯƠNG MẠI VÀ DỊCH VỤ MIRA GROUP,3d0c0069-8bc2-11f1-9b18-005056b2a5de,121,c85a75c1-395b-43d6-b33b-506b45502854,301,3d617df3-8bc2-11f1-9b18-005056b2a5de,a38f9189-ad87-11ef-a35e-005056b28600
2026-07-11T00:00:00,Nhập kho mua hàng,NK000756,KHOKE01,Kho Kệ,03__BXO__KCH__VAN__1,KIDO Chocolatos Bánh Xốp Cuộn Hương Vani,Hộp,8.0,38000.0,304000.0,0.0,0.0,0.0,Bánh Xốp,03__BXO__KCH__VAN__1,KIDO Chocolatos Bánh Xốp Cuộn Hương Vani,NCC006TRUCNHI,CÔNG TY TRÁCH NHIỆM HỮU HẠN THƯƠNG MẠI VÀ DỊCH VỤ TRÚC NHI,,,CÔNG TY TNHH THƯƠNG MẠI VÀ DỊCH VỤ MIRA GROUP,3d0c0069-8bc2-11f1-9b18-005056b2a5de,122,c85a75c1-395b-43d6-b33b-506b45502854,301,3d617e20-8bc2-11f1-9b18-005056b2a5de,a38f9189-ad87-11ef-a35e-005056b28600
2026-07-11T00:00:00,Nhập kho mua hàng,NK000756,KHOKE01,Kho Kệ,03__BXO__KCH__PMI__1,KIDO Chocolatos Bánh Xốp Cuộn Vị Phô Mai,Hộp,8.0,38000.0,304000.0,0.0,0.0,0.0,Bánh Xốp,03__BXO__KCH__PMI__1,KIDO Chocolatos Bánh Xốp Cuộn Vị Phô Mai,NCC006TRUCNHI,CÔNG TY TRÁCH NHIỆM HỮU HẠN THƯƠNG MẠI VÀ DỊCH VỤ TRÚC NHI,,,CÔNG TY TNHH THƯƠNG MẠI VÀ DỊCH VỤ MIRA GROUP,3d0c0069-8bc2-11f1-9b18-005056b2a5de,123,c85a75c1-395b-43d6-b33b-506b45502854,301,3d617e4c-8bc2-11f1-9b18-005056b2a5de,a38f9189-ad87-11ef-a35e-005056b28600
2026-07-11T00:00:00,Nhập kho mua hàng,NK000756,KHOKE01,Kho Kệ,03__BMI__KID__SUA__55,KIDO Bánh Mì Vị Bơ Sữa 55g,Bịch,10.0,6305.0,63050.0,0.0,0.0,0.0,Bánh Mì Mềm,03__BMI__KID__SUA__55,KIDO Bánh Mì Vị Bơ Sữa 55g,NCC006TRUCNHI,CÔNG TY TRÁCH NHIỆM HỮU HẠN THƯƠNG MẠI VÀ DỊCH VỤ TRÚC NHI,,,CÔNG TY TNHH THƯƠNG MẠI VÀ DỊCH VỤ MIRA GROUP,3d0c0069-8bc2-11f1-9b18-005056b2a5de,124,c85a75c1-395b-43d6-b33b-506b45502854,301,3d617e73-8bc2-11f1-9b18-005056b2a5de,a38f9189-ad87-11ef-a35e-005056b28600
2026-07-11T00:00:00,Nhập kho mua hàng,NK000756,KHOKE01,Kho Kệ,03__BXO__KCH__SOC__1,KIDO Chocolatos Bánh Xốp Cuộn Vị Socola,Hộp,8.0,38000.0,304000.0,0.0,0.0,0.0,Bánh Xốp,03__BXO__KCH__SOC__1,KIDO Chocolatos Bánh Xốp Cuộn Vị Socola,NCC006TRUCNHI,CÔNG TY TRÁCH NHIỆM HỮU HẠN THƯƠNG MẠI VÀ DỊCH VỤ TRÚC NHI,,,CÔNG TY TNHH THƯƠNG MẠI VÀ DỊCH VỤ MIRA GROUP,3d0c0069-8bc2-11f1-9b18-005056b2a5de,125,c85a75c1-395b-43d6-b33b-506b45502854,301,3d617e9c-8bc2-11f1-9b18-005056b2a5de,a38f9189-ad87-11ef-a35e-005056b28600
2026-07-11T00:00:00,Nhập kho mua hàng,NK000756,KHOKE01,Kho Kệ,03__BMI__KID__DLO__40,KIDO Bánh Phô Mai Castella Hương Vị Đài Loan 40g,Bịch,5.0,8730.0,43650.0,0.0,0.0,0.0,,03__BMI__KID__DLO__40,KIDO Bánh Phô Mai Castella Hương Vị Đài Loan 40g,NCC006TRUCNHI,CÔNG TY TRÁCH NHIỆM HỮU HẠN THƯƠNG MẠI VÀ DỊCH VỤ TRÚC NHI,,,CÔNG TY TNHH THƯƠNG MẠI VÀ DỊCH VỤ MIRA GROUP,3d0c0069-8bc2-11f1-9b18-005056b2a5de,126,c85a75c1-395b-43d6-b33b-506b45502854,301,3d617ec8-8bc2-11f1-9b18-005056b2a5de,a38f9189-ad87-11ef-a35e-005056b28600
2026-07-11T00:00:00,Nhập kho mua hàng,NK000756,KHOKE01,Kho Kệ,03__BMI__KID__SOC__55,KIDO Bánh Mì Vị Socola 55g,Bịch,10.0,6305.0,63050.0,0.0,0.0,0.0,Bánh Mì Mềm,03__BMI__KID__SOC__55,KIDO Bánh Mì Vị Socola 55g,NCC006TRUCNHI,CÔNG TY TRÁCH NHIỆM HỮU HẠN THƯƠNG MẠI VÀ DỊCH VỤ TRÚC NHI,,,CÔNG TY TNHH THƯƠNG MẠI VÀ DỊCH VỤ MIRA GROUP,3d0c0069-8bc2-11f1-9b18-005056b2a5de,127,c85a75c1-395b-43d6-b33b-506b45502854,301,3d617ef0-8bc2-11f1-9b18-005056b2a5de,a38f9189-ad87-11ef-a35e-005056b28600
2026-07-11T00:00:00,Nhập kho mua hàng,NK000757,KHOKE01,Kho Kệ,02__MTO__NHO__LTT__84,ACECOOK NHỚ Mì Lẩu Thái Tô 84g,Thùng,1.0,147000.0,147000.0,0.0,0.0,0.0,Mì Tô,02__MTO__NHO__LTT__84,ACECOOK NHỚ Mì Lẩu Thái Tô 84g,NCC022THYTHY,CÔNG TY TNHH DƯỢC PHẨM - THƯƠNG MẠI THY THY,,,CÔNG TY TNHH THƯƠNG MẠI VÀ DỊCH VỤ MIRA GROUP,3d0c0069-8bc2-11f1-9b18-005056b2a5de,128,0519bc4f-92cb-4f06-9990-f5ecffd2e346,301,3d617f54-8bc2-11f1-9b18-005056b2a5de,a38f9189-ad87-11ef-a35e-005056b28600
2026-07-11T00:00:00,Nhập kho mua hàng,NK000757,KHOKE01,Kho Kệ,02__MIL__MOD__LTT__67,ACECOOK MODERN Mì Ly Lẩu Thái Tôm 67g,Thùng,5.0,174000.0,870000.0,0.0,0.0,0.0,Mì Ly,02__MIL__MOD__LTT__67,ACECOOK MODERN Mì Ly Lẩu Thái Tôm 67g,NCC022THYTHY,CÔNG TY TNHH DƯỢC PHẨM - THƯƠNG MẠI THY THY,,,CÔNG TY TNHH THƯƠNG MẠI VÀ DỊCH VỤ MIRA GROUP,3d0c0069-8bc2-11f1-9b18-005056b2a5de,129,0519bc4f-92cb-4f06-9990-f5ecffd2e346,301,3d617f86-8bc2-11f1-9b18-005056b2a5de,a38f9189-ad87-11ef-a35e-005056b28600
2026-07-11T00:00:00,Nhập kho mua hàng,NK000757,KHOKE01,Kho Kệ,ASMTGXPMT901,ACECOOK SiuKay Mì Trộn Gà Xốt Phô Mai Tô 96g,Thùng,2.0,163000.0,326000.0,0.0,0.0,0.0,Mì Tô,ASMTGXPMT901,ACECOOK SiuKay Mì Trộn Gà Xốt Phô Mai Tô 96g,NCC022THYTHY,CÔNG TY TNHH DƯỢC PHẨM - THƯƠNG MẠI THY THY,,,CÔNG TY TNHH THƯƠNG MẠI VÀ DỊCH VỤ MIRA GROUP,3d0c0069-8bc2-11f1-9b18-005056b2a5de,130,0519bc4f-92cb-4f06-9990-f5ecffd2e346,301,3d617fb6-8bc2-11f1-9b18-005056b2a5de,a38f9189-ad87-11ef-a35e-005056b28600
2026-07-11T00:00:00,Nhập kho mua hàng,NK000757,KHOKE01,Kho Kệ,02__MGO__ACE__GPM__131,ACECOOK SiuKay Gà Xốt Phô Mai Gói 131g,Thùng,1.0,270000.0,270000.0,0.0,0.0,0.0,Mì Gói,02__MGO__ACE__GPM__131,ACECOOK SiuKay Gà Xốt Phô Mai Gói 131g,NCC022THYTHY,CÔNG TY TNHH DƯỢC PHẨM - THƯƠNG MẠI THY THY,,,CÔNG TY TNHH THƯƠNG MẠI VÀ DỊCH VỤ MIRA GROUP,3d0c0069-8bc2-11f1-9b18-005056b2a5de,131,0519bc4f-92cb-4f06-9990-f5ecffd2e346,301,3d617fe7-8bc2-11f1-9b18-005056b2a5de,a38f9189-ad87-11ef-a35e-005056b28600
2026-07-11T00:00:00,Nhập kho mua hàng,NK000757,KHOKE01,Kho Kệ,02__MNG__PHG__LTT__60,ACECOOK Miến Phú Hương Lẩu Thái Tôm Gói 60g,Gói,24.0,10625.0,255000.0,0.0,0.0,0.0,Miến Gói,02__MNG__PHG__LTT__60,ACECOOK Miến Phú Hương Lẩu Thái Tôm Gói 60g,NCC022THYTHY,CÔNG TY TNHH DƯỢC PHẨM - THƯƠNG MẠI THY THY,,,CÔNG TY TNHH THƯƠNG MẠI VÀ DỊCH VỤ MIRA GROUP,3d0c0069-8bc2-11f1-9b18-005056b2a5de,132,0519bc4f-92cb-4f06-9990-f5ecffd2e346,301,3d618011-8bc2-11f1-9b18-005056b2a5de,a38f9189-ad87-11ef-a35e-005056b28600
2026-07-11T00:00:00,Nhập kho mua hàng,NK000757,KHOKE01,Kho Kệ,02__MGO__SKY__HSN__128,ACECOOK SiuKay Mì Hải Sản Gói 128g*24,Thùng,2.0,270000.0,540000.0,0.0,0.0,0.0,Mì Gói,02__MGO__SKY__HSN__128,ACECOOK SiuKay Mì Hải Sản Gói 128g*24,NCC022THYTHY,CÔNG TY TNHH DƯỢC PHẨM - THƯƠNG MẠI THY THY,,,CÔNG TY TNHH THƯƠNG MẠI VÀ DỊCH VỤ MIRA GROUP,3d0c0069-8bc2-11f1-9b18-005056b2a5de,133,0519bc4f-92cb-4f06-9990-f5ecffd2e346,301,3d61803d-8bc2-11f1-9b18-005056b2a5de,a38f9189-ad87-11ef-a35e-005056b28600
2026-07-11T00:00:00,Nhập kho mua hàng,NK000757,KHOKE01,Kho Kệ,02__MGO__HAO__CAY__75,ACECOOK HẢO HẢO Mì Tôm Chua Cay Gói 75g,Thùng,1.0,123000.0,123000.0,0.0,0.0,0.0,Mì Gói,02__MGO__HAO__CAY__75,ACECOOK HẢO HẢO Mì Tôm Chua Cay Gói 75g,NCC022THYTHY,CÔNG TY TNHH DƯỢC PHẨM - THƯƠNG MẠI THY THY,,,CÔNG TY TNHH THƯƠNG MẠI VÀ DỊCH VỤ MIRA GROUP,3d0c0069-8bc2-11f1-9b18-005056b2a5de,134,0519bc4f-92cb-4f06-9990-f5ecffd2e346,301,3d618065-8bc2-11f1-9b18-005056b2a5de,a38f9189-ad87-11ef-a35e-005056b28600
2026-07-11T00:00:00,Nhập kho mua hàng,NK000758,KHOKE01,Kho Kệ,14__KEQ__MER__KMN__60,MERINO Kem Que Lõi Xốt Khoai Môn 60g,Thùng,1.0,315000.0,315000.0,0.0,0.0,0.0,Kem Que,14__KEQ__MER__KMN__60,MERINO Kem Que Lõi Xốt Khoai Môn 60g,NCC006TRUCNHI,CÔNG TY TRÁCH NHIỆM HỮU HẠN THƯƠNG MẠI VÀ DỊCH VỤ TRÚC NHI,,,CÔNG TY TNHH THƯƠNG MẠI VÀ DỊCH VỤ MIRA GROUP,3d0c0069-8bc2-11f1-9b18-005056b2a5de,135,e68fbbf5-47ad-4a01-b950-b410b8c276ab,301,3d61809d-8bc2-11f1-9b18-005056b2a5de,a38f9189-ad87-11ef-a35e-005056b28600
2026-07-11T00:00:00,Nhập kho mua hàng,NK000758,KHOKE01,Kho Kệ,MKMDD401,MERINO Kem Mochi Đậu Đỏ 40g,Thùng,1.0,192000.0,192000.0,0.0,0.0,0.0,Kem Bánh,MKMDD401,MERINO Kem Mochi Đậu Đỏ 40g,NCC006TRUCNHI,CÔNG TY TRÁCH NHIỆM HỮU HẠN THƯƠNG MẠI VÀ DỊCH VỤ TRÚC NHI,,,CÔNG TY TNHH THƯƠNG MẠI VÀ DỊCH VỤ MIRA GROUP,3d0c0069-8bc2-11f1-9b18-005056b2a5de,136,e68fbbf5-47ad-4a01-b950-b410b8c276ab,301,3d61811c-8bc2-11f1-9b18-005056b2a5de,a38f9189-ad87-11ef-a35e-005056b28600
2026-07-11T00:00:00,Nhập kho mua hàng,NK000758,KHOKE01,Kho Kệ,14__KEH__MER__DAU__95,MERINO Kem Hộp Vani Dâu 95ml,Thùng,1.0,216000.0,216000.0,0.0,0.0,0.0,Kem Hộp,14__KEH__MER__DAU__95,MERINO Kem Hộp Vani Dâu 95ml,NCC006TRUCNHI,CÔNG TY TRÁCH NHIỆM HỮU HẠN THƯƠNG MẠI VÀ DỊCH VỤ TRÚC NHI,,,CÔNG TY TNHH THƯƠNG MẠI VÀ DỊCH VỤ MIRA GROUP,3d0c0069-8bc2-11f1-9b18-005056b2a5de,137,e68fbbf5-47ad-4a01-b950-b410b8c276ab,301,3d61814e-8bc2-11f1-9b18-005056b2a5de,a38f9189-ad87-11ef-a35e-005056b28600
2026-07-11T00:00:00,Nhập kho mua hàng,NK000758,KHOKE01,Kho Kệ,14__KEQ__CEL__CVA__53,CELANO Kem Que Caramel Vani 53g,Thùng,1.0,340000.0,340000.0,0.0,0.0,0.0,Kem Que,14__KEQ__CEL__CVA__53,CELANO Kem Que Caramel Vani 53g,NCC006TRUCNHI,CÔNG TY TRÁCH NHIỆM HỮU HẠN THƯƠNG MẠI VÀ DỊCH VỤ TRÚC NHI,,,CÔNG TY TNHH THƯƠNG MẠI VÀ DỊCH VỤ MIRA GROUP,3d0c0069-8bc2-11f1-9b18-005056b2a5de,138,e68fbbf5-47ad-4a01-b950-b410b8c276ab,301,3d61817d-8bc2-11f1-9b18-005056b2a5de,a38f9189-ad87-11ef-a35e-005056b28600
2026-07-11T00:00:00,Nhập kho mua hàng,NK000758,KHOKE01,Kho Kệ,14__KEO__CEL__SVA__66,CELANO Kem Ốc Quế Cone Socola Vani 66g,Cái,11.0,0.0,0.0,0.0,0.0,0.0,Kem Ốc,14__KEO__CEL__SVA__66,CELANO Kem Ốc Quế Cone Socola Vani 66g,NCC006TRUCNHI,CÔNG TY TRÁCH NHIỆM HỮU HẠN THƯƠNG MẠI VÀ DỊCH VỤ TRÚC NHI,,,CÔNG TY TNHH THƯƠNG MẠI VÀ DỊCH VỤ MIRA GROUP,3d0c0069-8bc2-11f1-9b18-005056b2a5de,139,e68fbbf5-47ad-4a01-b950-b410b8c276ab,301,3d6181a8-8bc2-11f1-9b18-005056b2a5de,a38f9189-ad87-11ef-a35e-005056b28600
2026-07-11T00:00:00,Nhập kho mua hàng,NK000758,KHOKE01,Kho Kệ,14__KEQ__CEL__STC__65,CELANO Kem Que Sữa Tươi Trân Châu Đường Đen 65g,Thùng,1.0,309000.0,309000.0,0.0,0.0,0.0,Kem Que,14__KEQ__CEL__STC__65,CELANO Kem Que Sữa Tươi Trân Châu Đường Đen 65g,NCC006TRUCNHI,CÔNG TY TRÁCH NHIỆM HỮU HẠN THƯƠNG MẠI VÀ DỊCH VỤ TRÚC NHI,,,CÔNG TY TNHH THƯƠNG MẠI VÀ DỊCH VỤ MIRA GROUP,3d0c0069-8bc2-11f1-9b18-005056b2a5de,140,e68fbbf5-47ad-4a01-b950-b410b8c276ab,301,3d6181d1-8bc2-11f1-9b18-005056b2a5de,a38f9189-ad87-11ef-a35e-005056b28600
2026-07-11T00:00:00,Nhập kho mua hàng,NK000758,KHOKE01,Kho Kệ,14__KEO__MER__VAS__60,MERINO Kem Ốc Quế S.Teen Vani Socola 60g,Thùng,1.0,263000.0,263000.0,0.0,0.0,0.0,Kem Ốc,14__KEO__MER__VAS__60,MERINO Kem Ốc Quế S.Teen Vani Socola 60g,NCC006TRUCNHI,CÔNG TY TRÁCH NHIỆM HỮU HẠN THƯƠNG MẠI VÀ DỊCH VỤ TRÚC NHI,,,CÔNG TY TNHH THƯƠNG MẠI VÀ DỊCH VỤ MIRA GROUP,3d0c0069-8bc2-11f1-9b18-005056b2a5de,141,e68fbbf5-47ad-4a01-b950-b410b8c276ab,301,3d6181f8-8bc2-11f1-9b18-005056b2a5de,a38f9189-ad87-11ef-a35e-005056b28600
2026-07-11T00:00:00,Nhập kho mua hàng,NK000758,KHOKE01,Kho Kệ,14__KEQ__CEL__TCS__75,CELANO Kem Que Trân Châu Sữa Dừa 75g,Thùng,1.0,336000.0,336000.0,0.0,0.0,0.0,Kem Que,14__KEQ__CEL__TCS__75,CELANO Kem Que Trân Châu Sữa Dừa 75g,NCC006TRUCNHI,CÔNG TY TRÁCH NHIỆM HỮU HẠN THƯƠNG MẠI VÀ DỊCH VỤ TRÚC NHI,,,CÔNG TY TNHH THƯƠNG MẠI VÀ DỊCH VỤ MIRA GROUP,3d0c0069-8bc2-11f1-9b18-005056b2a5de,142,e68fbbf5-47ad-4a01-b950-b410b8c276ab,301,3d61821f-8bc2-11f1-9b18-005056b2a5de,a38f9189-ad87-11ef-a35e-005056b28600
2026-07-11T00:00:00,Nhập kho mua hàng,NK000758,KHOKE01,Kho Kệ,14__KEH__CEL__SHN__65,CELANO Kem Hộp Socola Hạnh Nhân 65g,Thùng,1.0,249600.0,249600.0,0.0,0.0,0.0,Kem Hộp,14__KEH__CEL__SHN__65,CELANO Kem Hộp Socola Hạnh Nhân 65g,NCC006TRUCNHI,CÔNG TY TRÁCH NHIỆM HỮU HẠN THƯƠNG MẠI VÀ DỊCH VỤ TRÚC NHI,,,CÔNG TY TNHH THƯƠNG MẠI VÀ DỊCH VỤ MIRA GROUP,3d0c0069-8bc2-11f1-9b18-005056b2a5de,143,e68fbbf5-47ad-4a01-b950-b410b8c276ab,301,3d61824d-8bc2-11f1-9b18-005056b2a5de,a38f9189-ad87-11ef-a35e-005056b28600
2026-07-11T00:00:00,Nhập kho mua hàng,NK000758,KHOKE01,Kho Kệ,MKMDX401,MERINO Kem Mochi Đậu Xanh 40g,Thùng,1.0,192000.0,192000.0,0.0,0.0,0.0,Kem Bánh,MKMDX401,MERINO Kem Mochi Đậu Xanh 40g,NCC006TRUCNHI,CÔNG TY TRÁCH NHIỆM HỮU HẠN THƯƠNG MẠI VÀ DỊCH VỤ TRÚC NHI,,,CÔNG TY TNHH THƯƠNG MẠI VÀ DỊCH VỤ MIRA GROUP,3d0c0069-8bc2-11f1-9b18-005056b2a5de,144,e68fbbf5-47ad-4a01-b950-b410b8c276ab,301,3d618273-8bc2-11f1-9b18-005056b2a5de,a38f9189-ad87-11ef-a35e-005056b28600
2026-07-11T00:00:00,Nhập kho mua hàng,NK000758,KHOKE01,Kho Kệ,14__KEH__MER__SOC__95,MERINO Kem Hộp Socola Vani 95ml,Thùng,1.0,216000.0,216000.0,0.0,0.0,0.0,Kem Hộp,14__KEH__MER__SOC__95,MERINO Kem Hộp Socola Vani 95ml,NCC006TRUCNHI,CÔNG TY TRÁCH NHIỆM HỮU HẠN THƯƠNG MẠI VÀ DỊCH VỤ TRÚC NHI,,,CÔNG TY TNHH THƯƠNG MẠI VÀ DỊCH VỤ MIRA GROUP,3d0c0069-8bc2-11f1-9b18-005056b2a5de,145,e68fbbf5-47ad-4a01-b950-b410b8c276ab,301,3d61829b-8bc2-11f1-9b18-005056b2a5de,a38f9189-ad87-11ef-a35e-005056b28600
2026-07-11T00:00:00,Nhập kho mua hàng,NK000758,KHOKE01,Kho Kệ,14__KEQ__MER__CHU__85,MERINO Kem Que Chuối Truyền Thống 85g,Thùng,1.0,294000.0,294000.0,0.0,0.0,0.0,Kem Que,14__KEQ__MER__CHU__85,MERINO Kem Que Chuối Truyền Thống 85g,NCC006TRUCNHI,CÔNG TY TRÁCH NHIỆM HỮU HẠN THƯƠNG MẠI VÀ DỊCH VỤ TRÚC NHI,,,CÔNG TY TNHH THƯƠNG MẠI VÀ DỊCH VỤ MIRA GROUP,3d0c0069-8bc2-11f1-9b18-005056b2a5de,146,e68fbbf5-47ad-4a01-b950-b410b8c276ab,301,3d6182c7-8bc2-11f1-9b18-005056b2a5de,a38f9189-ad87-11ef-a35e-005056b28600
2026-07-11T00:00:00,Nhập kho mua hàng,NK000758,KHOKE01,Kho Kệ,14__KEQ__CEL__SHN__53,CELANO Kem Que Socola Hạnh Nhân 53g,Thùng,1.0,340000.0,340000.0,0.0,0.0,0.0,Kem Que,14__KEQ__CEL__SHN__53,CELANO Kem Que Socola Hạnh Nhân 53g,NCC006TRUCNHI,CÔNG TY TRÁCH NHIỆM HỮU HẠN THƯƠNG MẠI VÀ DỊCH VỤ TRÚC NHI,,,CÔNG TY TNHH THƯƠNG MẠI VÀ DỊCH VỤ MIRA GROUP,3d0c0069-8bc2-11f1-9b18-005056b2a5de,147,e68fbbf5-47ad-4a01-b950-b410b8c276ab,301,3d6182f1-8bc2-11f1-9b18-005056b2a5de,a38f9189-ad87-11ef-a35e-005056b28600
2026-07-11T00:00:00,Nhập kho mua hàng,NK000758,KHOKE01,Kho Kệ,14__KES__MER__PMI__50,MERINO Kem Sữa Chua Dẻo Phô Mai 50g,Thùng,1.0,224000.0,224000.0,0.0,0.0,0.0,Kem Sữa Chua Dẻo,14__KES__MER__PMI__50,MERINO Kem Sữa Chua Dẻo Phô Mai 50g,NCC006TRUCNHI,CÔNG TY TRÁCH NHIỆM HỮU HẠN THƯƠNG MẠI VÀ DỊCH VỤ TRÚC NHI,,,CÔNG TY TNHH THƯƠNG MẠI VÀ DỊCH VỤ MIRA GROUP,3d0c0069-8bc2-11f1-9b18-005056b2a5de,148,e68fbbf5-47ad-4a01-b950-b410b8c276ab,301,3d618317-8bc2-11f1-9b18-005056b2a5de,a38f9189-ad87-11ef-a35e-005056b28600
2026-07-11T00:00:00,Nhập kho mua hàng,NK000758,KHOKE01,Kho Kệ,14__KEO__CEL__DAU__66,CELANO Kem Ốc Quế Cone Dâu Vani 66g,Thùng,1.0,0.0,0.0,0.0,0.0,0.0,Kem Ốc,14__KEO__CEL__DAU__66,CELANO Kem Ốc Quế Cone Dâu Vani 66g,NCC006TRUCNHI,CÔNG TY TRÁCH NHIỆM HỮU HẠN THƯƠNG MẠI VÀ DỊCH VỤ TRÚC NHI,,,CÔNG TY TNHH THƯƠNG MẠI VÀ DỊCH VỤ MIRA GROUP,3d0c0069-8bc2-11f1-9b18-005056b2a5de,149,e68fbbf5-47ad-4a01-b950-b410b8c276ab,301,3d61833e-8bc2-11f1-9b18-005056b2a5de,a38f9189-ad87-11ef-a35e-005056b28600
2026-07-13T00:00:00,Nhập kho mua hàng,NK000759,KHOKE01,Kho Kệ,01__NLO__AQU__CHI__1500,PEPSICO Aquafina Nước Lọc Chai 1.5L,Thùng,4.0,95000.0,380000.0,0.0,0.0,0.0,Nước Lọc Chai,01__NLO__AQU__CHI__1500,PEPSICO Aquafina Nước Lọc Chai 1.5L,NCC025HAIVY,CÔNG TY TNHH TM – TH– HẢI VY,,,CÔNG TY TNHH THƯƠNG MẠI VÀ DỊCH VỤ MIRA GROUP,3d0c0069-8bc2-11f1-9b18-005056b2a5de,150,aca63dff-feda-4134-a995-a8e0519c636b,301,3d6183b6-8bc2-11f1-9b18-005056b2a5de,a38f9189-ad87-11ef-a35e-005056b28600
2026-07-13T00:00:00,Nhập kho mua hàng,NK000759,KHOKE01,Kho Kệ,01__NGA__STI__VAG__330,PEPSICO Sting Vàng Chai 330ml,Thùng,1.0,176000.0,176000.0,0.0,0.0,0.0,Nước Có Ga,01__NGA__STI__VAG__330,PEPSICO Sting Vàng Chai 330ml,NCC025HAIVY,CÔNG TY TNHH TM – TH– HẢI VY,,,CÔNG TY TNHH THƯƠNG MẠI VÀ DỊCH VỤ MIRA GROUP,3d0c0069-8bc2-11f1-9b18-005056b2a5de,151,aca63dff-feda-4134-a995-a8e0519c636b,301,3d6183e6-8bc2-11f1-9b18-005056b2a5de,a38f9189-ad87-11ef-a35e-005056b28600
2026-07-13T00:00:00,Nhập kho mua hàng,NK000759,KHOKE01,Kho Kệ,01__NLO__AQU__CHI__500,PEPSICO Aquafina Nước Lọc Chai 500ml,Thùng,5.0,92000.0,460000.0,0.0,0.0,0.0,Nước Lọc Chai,01__NLO__AQU__CHI__500,PEPSICO Aquafina Nước Lọc Chai 500ml,NCC025HAIVY,CÔNG TY TNHH TM – TH– HẢI VY,,,CÔNG TY TNHH THƯƠNG MẠI VÀ DỊCH VỤ MIRA GROUP,3d0c0069-8bc2-11f1-9b18-005056b2a5de,152,aca63dff-feda-4134-a995-a8e0519c636b,301,3d618416-8bc2-11f1-9b18-005056b2a5de,a38f9189-ad87-11ef-a35e-005056b28600
2026-07-13T00:00:00,Nhập kho mua hàng,NK000759,KHOKE01,Kho Kệ,01__NGA__PEP__CHI__390,PEPSICO Chai 390ml,Thùng,2.0,121000.0,242000.0,0.0,0.0,0.0,Nước Có Ga,01__NGA__PEP__CHI__390,PEPSICO Chai 390ml,NCC025HAIVY,CÔNG TY TNHH TM – TH– HẢI VY,,,CÔNG TY TNHH THƯƠNG MẠI VÀ DỊCH VỤ MIRA GROUP,3d0c0069-8bc2-11f1-9b18-005056b2a5de,153,aca63dff-feda-4134-a995-a8e0519c636b,301,3d61844c-8bc2-11f1-9b18-005056b2a5de,a38f9189-ad87-11ef-a35e-005056b28600
2026-07-13T00:00:00,Nhập kho mua hàng,NK000759,KHOKE01,Kho Kệ,01__NGA__7UP__CHI__320,PEPSICO 7UP Lon 320ml,Thùng,2.0,170000.0,340000.0,0.0,0.0,0.0,Nước Có Ga,01__NGA__7UP__CHI__320,PEPSICO 7UP Lon 320ml,NCC025HAIVY,CÔNG TY TNHH TM – TH– HẢI VY,,,CÔNG TY TNHH THƯƠNG MẠI VÀ DỊCH VỤ MIRA GROUP,3d0c0069-8bc2-11f1-9b18-005056b2a5de,154,aca63dff-feda-4134-a995-a8e0519c636b,301,3d6184c4-8bc2-11f1-9b18-005056b2a5de,a38f9189-ad87-11ef-a35e-005056b28600
2026-07-13T00:00:00,Nhập kho mua hàng,NK000759,KHOKE01,Kho Kệ,01__NGA__STI__DAU__330,PEPSICO Sting Dâu Chai 330ml,Thùng,1.0,187000.0,187000.0,0.0,0.0,0.0,Nước Có Ga,01__NGA__STI__DAU__330,PEPSICO Sting Dâu Chai 330ml,NCC025HAIVY,CÔNG TY TNHH TM – TH– HẢI VY,,,CÔNG TY TNHH THƯƠNG MẠI VÀ DỊCH VỤ MIRA GROUP,3d0c0069-8bc2-11f1-9b18-005056b2a5de,155,aca63dff-feda-4134-a995-a8e0519c636b,301,3d6184f5-8bc2-11f1-9b18-005056b2a5de,a38f9189-ad87-11ef-a35e-005056b28600
2026-07-13T00:00:00,Nhập kho mua hàng,NK000760,KHOKE01,Kho Kệ,06__VSU__FRE__BHA__20,FRESSI Care Khăn Giấy Ướt Bạc Hà Bịch 20M,Bịch,10.0,11475.0,114750.0,0.0,0.0,0.0,Chăm Sóc Vệ Sinh Cá Nhân,06__VSU__FRE__BHA__20,FRESSI Care Khăn Giấy Ướt Bạc Hà Bịch 20M,NCC014DONGVAN,CÔNG TY TNHH THƯƠNG MẠI - DỊCH VỤ ĐÔNG VÂN,,,CÔNG TY TNHH THƯƠNG MẠI VÀ DỊCH VỤ MIRA GROUP,3d0c0069-8bc2-11f1-9b18-005056b2a5de,156,1daf9860-e29c-4ce7-a089-b36d56e29dae,301,3d618550-8bc2-11f1-9b18-005056b2a5de,a38f9189-ad87-11ef-a35e-005056b28600
2026-07-13T00:00:00,Nhập kho mua hàng,NK000760,KHOKE01,Kho Kệ,06__DTT__SIL__JAP__66,SILCOT Bông Tẩy Trang Nhật Bản Cao Cấp 66 Miếng,Hộp,20.0,34625.0,692496.0,0.0,0.0,0.0,Chăm Sóc Da & Cơ Thể,06__DTT__SIL__JAP__66,SILCOT Bông Tẩy Trang Nhật Bản Cao Cấp 66 Miếng,NCC014DONGVAN,CÔNG TY TNHH THƯƠNG MẠI - DỊCH VỤ ĐÔNG VÂN,,,CÔNG TY TNHH THƯƠNG MẠI VÀ DỊCH VỤ MIRA GROUP,3d0c0069-8bc2-11f1-9b18-005056b2a5de,157,1daf9860-e29c-4ce7-a089-b36d56e29dae,301,3d618584-8bc2-11f1-9b18-005056b2a5de,a38f9189-ad87-11ef-a35e-005056b28600
2026-07-13T00:00:00,Nhập kho mua hàng,NK000760,KHOKE01,Kho Kệ,06__VSB__DIA__SCF__238,DIANA Băng Vệ Sinh Sensi Cool Fresh SMC 23cm x 8 Miếng,Bịch,12.0,20497.0,245966.0,0.0,0.0,0.0,Chăm Sóc Vệ Sinh Cá Nhân,06__VSB__DIA__SCF__238,DIANA Băng Vệ Sinh Sensi Cool Fresh SMC 23cm x 8 Miếng,NCC014DONGVAN,CÔNG TY TNHH THƯƠNG MẠI - DỊCH VỤ ĐÔNG VÂN,,,CÔNG TY TNHH THƯƠNG MẠI VÀ DỊCH VỤ MIRA GROUP,3d0c0069-8bc2-11f1-9b18-005056b2a5de,158,1daf9860-e29c-4ce7-a089-b36d56e29dae,301,3d6185b3-8bc2-11f1-9b18-005056b2a5de,a38f9189-ad87-11ef-a35e-005056b28600
2026-07-13T00:00:00,Nhập kho mua hàng,NK000760,KHOKE01,Kho Kệ,06__VSU__FRE__BIC__100,FRESSI Care Khăn Giấy Ướt Bịch 100 miếng,Bịch,20.0,30547.0,610937.0,0.0,0.0,0.0,Chăm Sóc Vệ Sinh Cá Nhân,06__VSU__FRE__BIC__100,FRESSI Care Khăn Giấy Ướt Bịch 100 miếng,NCC014DONGVAN,CÔNG TY TNHH THƯƠNG MẠI - DỊCH VỤ ĐÔNG VÂN,,,CÔNG TY TNHH THƯƠNG MẠI VÀ DỊCH VỤ MIRA GROUP,3d0c0069-8bc2-11f1-9b18-005056b2a5de,159,1daf9860-e29c-4ce7-a089-b36d56e29dae,301,3d6185df-8bc2-11f1-9b18-005056b2a5de,a38f9189-ad87-11ef-a35e-005056b28600
2026-07-13T00:00:00,Nhập kho mua hàng,NK000760,KHOKE01,Kho Kệ,06__VSB__DIA__SMC__238,DIANA Băng Vệ Sinh Sensi SMC 23cm x 8 Miếng,Bịch,6.0,20069.0,120416.0,0.0,0.0,0.0,Chăm Sóc Vệ Sinh Cá Nhân,06__VSB__DIA__SMC__238,DIANA Băng Vệ Sinh Sensi SMC 23cm x 8 Miếng,NCC014DONGVAN,CÔNG TY TNHH THƯƠNG MẠI - DỊCH VỤ ĐÔNG VÂN,,,CÔNG TY TNHH THƯƠNG MẠI VÀ DỊCH VỤ MIRA GROUP,3d0c0069-8bc2-11f1-9b18-005056b2a5de,160,1daf9860-e29c-4ce7-a089-b36d56e29dae,301,3d61860b-8bc2-11f1-9b18-005056b2a5de,a38f9189-ad87-11ef-a35e-005056b28600
2026-07-13T00:00:00,Nhập kho mua hàng,NK000760,KHOKE01,Kho Kệ,06__VSB__DIA__SNI__35,DIANA Băng Vệ Sinh Siêu Thấm Supernight 35cm (3+1),Bịch,12.0,17572.0,210864.0,0.0,0.0,0.0,Chăm Sóc Vệ Sinh Cá Nhân,06__VSB__DIA__SNI__35,DIANA Băng Vệ Sinh Siêu Thấm Supernight 35cm (3+1),NCC014DONGVAN,CÔNG TY TNHH THƯƠNG MẠI - DỊCH VỤ ĐÔNG VÂN,,,CÔNG TY TNHH THƯƠNG MẠI VÀ DỊCH VỤ MIRA GROUP,3d0c0069-8bc2-11f1-9b18-005056b2a5de,161,1daf9860-e29c-4ce7-a089-b36d56e29dae,301,3d618637-8bc2-11f1-9b18-005056b2a5de,a38f9189-ad87-11ef-a35e-005056b28600
2026-07-13T00:00:00,Nhập kho mua hàng,NK000760,KHOKE01,Kho Kệ,06__VSU__FRE__BIC__20,FRESSI Care Khăn Giấy Ướt Bịch 20 Miếng,Bịch,10.0,10260.0,102595.0,0.0,0.0,0.0,Chăm Sóc Vệ Sinh Cá Nhân,06__VSU__FRE__BIC__20,FRESSI Care Khăn Giấy Ướt Bịch 20 Miếng,NCC014DONGVAN,CÔNG TY TNHH THƯƠNG MẠI - DỊCH VỤ ĐÔNG VÂN,,,CÔNG TY TNHH THƯƠNG MẠI VÀ DỊCH VỤ MIRA GROUP,3d0c0069-8bc2-11f1-9b18-005056b2a5de,162,1daf9860-e29c-4ce7-a089-b36d56e29dae,301,3d61865e-8bc2-11f1-9b18-005056b2a5de,a38f9189-ad87-11ef-a35e-005056b28600
2026-07-13T00:00:00,Nhập kho mua hàng,NK000760,KHOKE01,Kho Kệ,06__VSB__DIA__STH__8MT2,DIANA BVS Siêu Thấm 8 Miếng Tặng 2,Bịch,6.0,18594.0,111564.0,0.0,0.0,0.0,Chăm Sóc Vệ Sinh Cá Nhân,06__VSB__DIA__STH__8MT2,DIANA BVS Siêu Thấm 8 Miếng Tặng 2,NCC014DONGVAN,CÔNG TY TNHH THƯƠNG MẠI - DỊCH VỤ ĐÔNG VÂN,,,CÔNG TY TNHH THƯƠNG MẠI VÀ DỊCH VỤ MIRA GROUP,3d0c0069-8bc2-11f1-9b18-005056b2a5de,163,1daf9860-e29c-4ce7-a089-b36d56e29dae,301,3d618688-8bc2-11f1-9b18-005056b2a5de,a38f9189-ad87-11ef-a35e-005056b28600
2026-07-13T00:00:00,Nhập kho mua hàng,NK000761,KHOKE01,Kho Kệ,04__SHG__THM__ORG__180,TH Truemilk Sữa Tươi TT Nguyên Chất 180ml,Thùng,1.0,438048.0,438048.0,0.0,0.0,0.0,Sữa Hộp Giấy,04__SHG__THM__ORG__180,TH Truemilk Sữa Tươi TT Nguyên Chất 180ml,NCC027THANHLOI,CÔNG TY TNHH THƯƠNG MẠI XÂY DỰNG - CHẾ BIẾN LÂM SẢN - MỘC - THÀNH LỢI,,,CÔNG TY TNHH THƯƠNG MẠI VÀ DỊCH VỤ MIRA GROUP,3d0c0069-8bc2-11f1-9b18-005056b2a5de,164,52d28689-a48a-42d8-b2d9-4aaf87981ff4,301,3d61870d-8bc2-11f1-9b18-005056b2a5de,a38f9189-ad87-11ef-a35e-005056b28600
2026-07-13T00:00:00,Nhập kho mua hàng,NK000761,KHOKE01,Kho Kệ,01__TDC__THT__TAC__350,TH True Tea Trà Tắc 350ml,Chai,3.0,0.0,0.0,0.0,0.0,0.0,Trà Đóng Chai,01__TDC__THT__TAC__350,TH True Tea Trà Tắc 350ml,NCC027THANHLOI,CÔNG TY TNHH THƯƠNG MẠI XÂY DỰNG - CHẾ BIẾN LÂM SẢN - MỘC - THÀNH LỢI,,,CÔNG TY TNHH THƯƠNG MẠI VÀ DỊCH VỤ MIRA GROUP,3d0c0069-8bc2-11f1-9b18-005056b2a5de,165,52d28689-a48a-42d8-b2d9-4aaf87981ff4,301,3d61873e-8bc2-11f1-9b18-005056b2a5de,a38f9189-ad87-11ef-a35e-005056b28600
2026-07-13T00:00:00,Nhập kho mua hàng,NK000761,KHOKE01,Kho Kệ,TSCVQ101,THTrue Sữa Chua Việt Quất 100g,Hộp,48.0,7787.0,373776.0,0.0,0.0,0.0,Sữa Chua Ăn,TSCVQ101,THTrue Sữa Chua Việt Quất 100g,NCC027THANHLOI,CÔNG TY TNHH THƯƠNG MẠI XÂY DỰNG - CHẾ BIẾN LÂM SẢN - MỘC - THÀNH LỢI,,,CÔNG TY TNHH THƯƠNG MẠI VÀ DỊCH VỤ MIRA GROUP,3d0c0069-8bc2-11f1-9b18-005056b2a5de,166,52d28689-a48a-42d8-b2d9-4aaf87981ff4,301,3d618770-8bc2-11f1-9b18-005056b2a5de,a38f9189-ad87-11ef-a35e-005056b28600
2026-07-13T00:00:00,Nhập kho mua hàng,NK000761,KHOKE01,Kho Kệ,01__TDC__THT__OLO__350,TH True Tea Ô Long Tự Nhiên 350ml,Thùng,1.0,193766.0,193766.0,0.0,0.0,0.0,Trà Đóng Chai,01__TDC__THT__OLO__350,TH True Tea Ô Long Tự Nhiên 350ml,NCC027THANHLOI,CÔNG TY TNHH THƯƠNG MẠI XÂY DỰNG - CHẾ BIẾN LÂM SẢN - MỘC - THÀNH LỢI,,,CÔNG TY TNHH THƯƠNG MẠI VÀ DỊCH VỤ MIRA GROUP,3d0c0069-8bc2-11f1-9b18-005056b2a5de,167,52d28689-a48a-42d8-b2d9-4aaf87981ff4,301,3d61879e-8bc2-11f1-9b18-005056b2a5de,a38f9189-ad87-11ef-a35e-005056b28600
2026-07-13T00:00:00,Nhập kho mua hàng,NK000761,KHOKE01,Kho Kệ,04__SAN__THY__NDM__100,TH True Sữa Chua Nha Đam 100g,Hộp,54.0,6922.0,373776.0,0.0,0.0,0.0,Sữa Chua Ăn,04__SAN__THY__NDM__100,TH True Sữa Chua Nha Đam 100g,NCC027THANHLOI,CÔNG TY TNHH THƯƠNG MẠI XÂY DỰNG - CHẾ BIẾN LÂM SẢN - MỘC - THÀNH LỢI,,,CÔNG TY TNHH THƯƠNG MẠI VÀ DỊCH VỤ MIRA GROUP,3d0c0069-8bc2-11f1-9b18-005056b2a5de,168,52d28689-a48a-42d8-b2d9-4aaf87981ff4,301,3d6187c6-8bc2-11f1-9b18-005056b2a5de,a38f9189-ad87-11ef-a35e-005056b28600
2026-07-13T00:00:00,Nhập kho mua hàng,NK000761,KHOKE01,Kho Kệ,04__SAN__THY__IDT__100,TH True Sữa Chua Ít Đường 100g,Hộp,49.0,6559.0,321408.0,0.0,0.0,0.0,Sữa Chua Ăn,04__SAN__THY__IDT__100,TH True Sữa Chua Ít Đường 100g,NCC027THANHLOI,CÔNG TY TNHH THƯƠNG MẠI XÂY DỰNG - CHẾ BIẾN LÂM SẢN - MỘC - THÀNH LỢI,,,CÔNG TY TNHH THƯƠNG MẠI VÀ DỊCH VỤ MIRA GROUP,3d0c0069-8bc2-11f1-9b18-005056b2a5de,169,52d28689-a48a-42d8-b2d9-4aaf87981ff4,301,3d6187ed-8bc2-11f1-9b18-005056b2a5de,a38f9189-ad87-11ef-a35e-005056b28600
2026-07-13T00:00:00,Nhập kho mua hàng,NK000761,KHOKE01,Kho Kệ,04__SAN__THY__CDG__100,TH True Sữa Chua Có Đường 100g,Hộp,3.0,0.0,0.0,0.0,0.0,0.0,Sữa Chua Ăn,04__SAN__THY__CDG__100,TH True Sữa Chua Có Đường 100g,NCC027THANHLOI,CÔNG TY TNHH THƯƠNG MẠI XÂY DỰNG - CHẾ BIẾN LÂM SẢN - MỘC - THÀNH LỢI,,,CÔNG TY TNHH THƯƠNG MẠI VÀ DỊCH VỤ MIRA GROUP,3d0c0069-8bc2-11f1-9b18-005056b2a5de,170,52d28689-a48a-42d8-b2d9-4aaf87981ff4,301,3d618818-8bc2-11f1-9b18-005056b2a5de,a38f9189-ad87-11ef-a35e-005056b28600
2026-07-13T00:00:00,Nhập kho mua hàng,NK000761,KHOKE01,Kho Kệ,01__TDC__THT__VAI__350,TH True Tea Trà Vải 350ml,Thùng,1.0,208296.0,208296.0,0.0,0.0,0.0,Trà Đóng Chai,01__TDC__THT__VAI__350,TH True Tea Trà Vải 350ml,NCC027THANHLOI,CÔNG TY TNHH THƯƠNG MẠI XÂY DỰNG - CHẾ BIẾN LÂM SẢN - MỘC - THÀNH LỢI,,,CÔNG TY TNHH THƯƠNG MẠI VÀ DỊCH VỤ MIRA GROUP,3d0c0069-8bc2-11f1-9b18-005056b2a5de,171,52d28689-a48a-42d8-b2d9-4aaf87981ff4,301,3d618841-8bc2-11f1-9b18-005056b2a5de,a38f9189-ad87-11ef-a35e-005056b28600
2026-07-13T00:00:00,Nhập kho mua hàng,NK000761,KHOKE01,Kho Kệ,01__TDC__THT__CTN__350,TH True Tea Trà Xanh Vị Chanh Tự Nhiên 350ml,Thùng,3.0,0.0,0.0,0.0,0.0,0.0,Trà Đóng Chai,01__TDC__THT__CTN__350,TH True Tea Trà Xanh Vị Chanh Tự Nhiên 350ml,NCC027THANHLOI,CÔNG TY TNHH THƯƠNG MẠI XÂY DỰNG - CHẾ BIẾN LÂM SẢN - MỘC - THÀNH LỢI,,,CÔNG TY TNHH THƯƠNG MẠI VÀ DỊCH VỤ MIRA GROUP,3d0c0069-8bc2-11f1-9b18-005056b2a5de,172,52d28689-a48a-42d8-b2d9-4aaf87981ff4,301,3d618868-8bc2-11f1-9b18-005056b2a5de,a38f9189-ad87-11ef-a35e-005056b28600
2026-07-13T00:00:00,Nhập kho mua hàng,NK000762,KHOKE01,Kho Kệ,03__BMI__KDY__DDO__30,KIDO Dora-yaki Bánh Đậu Đỏ,Túi,3.0,27582.0,82747.0,0.0,0.0,0.0,Bánh Mì Mềm,03__BMI__KDY__DDO__30,KIDO Dora-yaki Bánh Đậu Đỏ,NCC006TRUCNHI,CÔNG TY TRÁCH NHIỆM HỮU HẠN THƯƠNG MẠI VÀ DỊCH VỤ TRÚC NHI,,,CÔNG TY TNHH THƯƠNG MẠI VÀ DỊCH VỤ MIRA GROUP,3d0c0069-8bc2-11f1-9b18-005056b2a5de,173,b6692503-589b-435a-8212-ffe4d89d6277,301,3d618892-8bc2-11f1-9b18-005056b2a5de,a38f9189-ad87-11ef-a35e-005056b28600
2026-07-13T00:00:00,Nhập kho mua hàng,NK000762,KHOKE01,Kho Kệ,03__BMI__KDY__PMI__30,KIDO Dora-yaki Bánh Chà Bông Xốt Phô Mai Bịch 30g,Túi,3.0,27582.0,82747.0,0.0,0.0,0.0,Bánh Mì Mềm,03__BMI__KDY__PMI__30,KIDO Dora-yaki Bánh Chà Bông Xốt Phô Mai Bịch 30g,NCC006TRUCNHI,CÔNG TY TRÁCH NHIỆM HỮU HẠN THƯƠNG MẠI VÀ DỊCH VỤ TRÚC NHI,,,CÔNG TY TNHH THƯƠNG MẠI VÀ DỊCH VỤ MIRA GROUP,3d0c0069-8bc2-11f1-9b18-005056b2a5de,174,b6692503-589b-435a-8212-ffe4d89d6277,301,3d6188c1-8bc2-11f1-9b18-005056b2a5de,a38f9189-ad87-11ef-a35e-005056b28600
2026-07-13T00:00:00,Nhập kho mua hàng,NK000762,KHOKE01,Kho Kệ,03__BMI__KDY__BBQ__30,KIDO Dora-yaki Bánh Xốt BBQ Bịch 30g,Túi,3.0,27582.0,82747.0,0.0,0.0,0.0,Bánh Mì Mềm,03__BMI__KDY__BBQ__30,KIDO Dora-yaki Bánh Xốt BBQ Bịch 30g,NCC006TRUCNHI,CÔNG TY TRÁCH NHIỆM HỮU HẠN THƯƠNG MẠI VÀ DỊCH VỤ TRÚC NHI,,,CÔNG TY TNHH THƯƠNG MẠI VÀ DỊCH VỤ MIRA GROUP,3d0c0069-8bc2-11f1-9b18-005056b2a5de,175,b6692503-589b-435a-8212-ffe4d89d6277,301,3d6188e8-8bc2-11f1-9b18-005056b2a5de,a38f9189-ad87-11ef-a35e-005056b28600
2026-07-13T00:00:00,Nhập kho mua hàng,NK000762,KHOKE01,Kho Kệ,03__BMI__KDY__XBO__150,KIDO Dora-yaki Bánh Chà Bông Xốt Bơ 150g,Túi,3.0,27582.0,82747.0,0.0,0.0,0.0,Bánh Mì Mềm,03__BMI__KDY__XBO__150,KIDO Dora-yaki Bánh Chà Bông Xốt Bơ 150g,NCC006TRUCNHI,CÔNG TY TRÁCH NHIỆM HỮU HẠN THƯƠNG MẠI VÀ DỊCH VỤ TRÚC NHI,,,CÔNG TY TNHH THƯƠNG MẠI VÀ DỊCH VỤ MIRA GROUP,3d0c0069-8bc2-11f1-9b18-005056b2a5de,176,b6692503-589b-435a-8212-ffe4d89d6277,301,3d618910-8bc2-11f1-9b18-005056b2a5de,a38f9189-ad87-11ef-a35e-005056b28600
2026-07-13T00:00:00,Nhập kho mua hàng,NK000762,KHOKE01,Kho Kệ,03__BMI__KDY__BBQ__30,KIDO Dora-yaki Bánh Xốt BBQ Bịch 30g,Bịch,10.0,5141.0,51410.0,0.0,0.0,0.0,Bánh Mì Mềm,03__BMI__KDY__BBQ__30,KIDO Dora-yaki Bánh Xốt BBQ Bịch 30g,NCC006TRUCNHI,CÔNG TY TRÁCH NHIỆM HỮU HẠN THƯƠNG MẠI VÀ DỊCH VỤ TRÚC NHI,,,CÔNG TY TNHH THƯƠNG MẠI VÀ DỊCH VỤ MIRA GROUP,3d0c0069-8bc2-11f1-9b18-005056b2a5de,177,b6692503-589b-435a-8212-ffe4d89d6277,301,3d618940-8bc2-11f1-9b18-005056b2a5de,a38f9189-ad87-11ef-a35e-005056b28600
2026-07-13T00:00:00,Nhập kho mua hàng,NK000762,KHOKE01,Kho Kệ,03__BMI__KDY__XBO__150,KIDO Dora-yaki Bánh Chà Bông Xốt Bơ 150g,Bịch,10.0,5141.0,51410.0,0.0,0.0,0.0,Bánh Mì Mềm,03__BMI__KDY__XBO__150,KIDO Dora-yaki Bánh Chà Bông Xốt Bơ 150g,NCC006TRUCNHI,CÔNG TY TRÁCH NHIỆM HỮU HẠN THƯƠNG MẠI VÀ DỊCH VỤ TRÚC NHI,,,CÔNG TY TNHH THƯƠNG MẠI VÀ DỊCH VỤ MIRA GROUP,3d0c0069-8bc2-11f1-9b18-005056b2a5de,178,b6692503-589b-435a-8212-ffe4d89d6277,301,3d61896c-8bc2-11f1-9b18-005056b2a5de,a38f9189-ad87-11ef-a35e-005056b28600
2026-07-13T00:00:00,Nhập kho mua hàng,NK000762,KHOKE01,Kho Kệ,03__BMI__KDY__TMI__30,KIDO Dora-yaki Bánh Chà Bông Xốt Trứng Muối Bịch 30g,Túi,3.0,27582.0,82747.0,0.0,0.0,0.0,Bánh Mì Mềm,03__BMI__KDY__TMI__30,KIDO Dora-yaki Bánh Chà Bông Xốt Trứng Muối Bịch 30g,NCC006TRUCNHI,CÔNG TY TRÁCH NHIỆM HỮU HẠN THƯƠNG MẠI VÀ DỊCH VỤ TRÚC NHI,,,CÔNG TY TNHH THƯƠNG MẠI VÀ DỊCH VỤ MIRA GROUP,3d0c0069-8bc2-11f1-9b18-005056b2a5de,179,b6692503-589b-435a-8212-ffe4d89d6277,301,3d618993-8bc2-11f1-9b18-005056b2a5de,a38f9189-ad87-11ef-a35e-005056b28600
2026-07-13T00:00:00,Nhập kho mua hàng,NK000762,KHOKE01,Kho Kệ,03__BMI__KDY__PMI__30,KIDO Dora-yaki Bánh Chà Bông Xốt Phô Mai Bịch 30g,Bịch,10.0,5141.0,51410.0,0.0,0.0,0.0,Bánh Mì Mềm,03__BMI__KDY__PMI__30,KIDO Dora-yaki Bánh Chà Bông Xốt Phô Mai Bịch 30g,NCC006TRUCNHI,CÔNG TY TRÁCH NHIỆM HỮU HẠN THƯƠNG MẠI VÀ DỊCH VỤ TRÚC NHI,,,CÔNG TY TNHH THƯƠNG MẠI VÀ DỊCH VỤ MIRA GROUP,3d0c0069-8bc2-11f1-9b18-005056b2a5de,180,b6692503-589b-435a-8212-ffe4d89d6277,301,3d6189bd-8bc2-11f1-9b18-005056b2a5de,a38f9189-ad87-11ef-a35e-005056b28600
2026-07-13T00:00:00,Nhập kho mua hàng,NK000762,KHOKE01,Kho Kệ,03__BMI__KDY__SOC__30,KIDO Dora-yaki Bánh Vị Socola,Túi,9.0,27582.0,248242.0,0.0,0.0,0.0,Bánh Mì Mềm,03__BMI__KDY__SOC__30,KIDO Dora-yaki Bánh Vị Socola,NCC006TRUCNHI,CÔNG TY TRÁCH NHIỆM HỮU HẠN THƯƠNG MẠI VÀ DỊCH VỤ TRÚC NHI,,,CÔNG TY TNHH THƯƠNG MẠI VÀ DỊCH VỤ MIRA GROUP,3d0c0069-8bc2-11f1-9b18-005056b2a5de,181,b6692503-589b-435a-8212-ffe4d89d6277,301,3d6189e6-8bc2-11f1-9b18-005056b2a5de,a38f9189-ad87-11ef-a35e-005056b28600
2026-07-13T00:00:00,Nhập kho mua hàng,NK000762,KHOKE01,Kho Kệ,03__BMI__KDY__SOC__30,KIDO Dora-yaki Bánh Vị Socola,Bịch,10.0,5141.0,51410.0,0.0,0.0,0.0,Bánh Mì Mềm,03__BMI__KDY__SOC__30,KIDO Dora-yaki Bánh Vị Socola,NCC006TRUCNHI,CÔNG TY TRÁCH NHIỆM HỮU HẠN THƯƠNG MẠI VÀ DỊCH VỤ TRÚC NHI,,,CÔNG TY TNHH THƯƠNG MẠI VÀ DỊCH VỤ MIRA GROUP,3d0c0069-8bc2-11f1-9b18-005056b2a5de,182,b6692503-589b-435a-8212-ffe4d89d6277,301,3d618a0d-8bc2-11f1-9b18-005056b2a5de,a38f9189-ad87-11ef-a35e-005056b28600
2026-07-13T00:00:00,Nhập kho mua hàng,NK000762,KHOKE01,Kho Kệ,03__BMI__KDY__TMI__30,KIDO Dora-yaki Bánh Chà Bông Xốt Trứng Muối Bịch 30g,Bịch,10.0,5141.0,51410.0,0.0,0.0,0.0,Bánh Mì Mềm,03__BMI__KDY__TMI__30,KIDO Dora-yaki Bánh Chà Bông Xốt Trứng Muối Bịch 30g,NCC006TRUCNHI,CÔNG TY TRÁCH NHIỆM HỮU HẠN THƯƠNG MẠI VÀ DỊCH VỤ TRÚC NHI,,,CÔNG TY TNHH THƯƠNG MẠI VÀ DỊCH VỤ MIRA GROUP,3d0c0069-8bc2-11f1-9b18-005056b2a5de,183,b6692503-589b-435a-8212-ffe4d89d6277,301,3d618a34-8bc2-11f1-9b18-005056b2a5de,a38f9189-ad87-11ef-a35e-005056b28600
2026-07-13T00:00:00,Nhập kho mua hàng,NK000762,KHOKE01,Kho Kệ,03__BMI__KDY__DDO__30,KIDO Dora-yaki Bánh Đậu Đỏ,Bịch,10.0,5141.0,51410.0,0.0,0.0,0.0,Bánh Mì Mềm,03__BMI__KDY__DDO__30,KIDO Dora-yaki Bánh Đậu Đỏ,NCC006TRUCNHI,CÔNG TY TRÁCH NHIỆM HỮU HẠN THƯƠNG MẠI VÀ DỊCH VỤ TRÚC NHI,,,CÔNG TY TNHH THƯƠNG MẠI VÀ DỊCH VỤ MIRA GROUP,3d0c0069-8bc2-11f1-9b18-005056b2a5de,184,b6692503-589b-435a-8212-ffe4d89d6277,301,3d618a5e-8bc2-11f1-9b18-005056b2a5de,a38f9189-ad87-11ef-a35e-005056b28600
2026-07-14T00:00:00,Nhập kho mua hàng,NK000763,KHOKE01,Kho Kệ,01__STC__NUT__DAU__297,COCA-COLA Nutriboost Sữa Dâu 297ml,Thùng,1.0,176000.0,176000.0,0.0,0.0,0.0,Sữa Trái Cây,01__STC__NUT__DAU__297,COCA-COLA Nutriboost Sữa Dâu 297ml,NCC022THYTHY,CÔNG TY TNHH DƯỢC PHẨM - THƯƠNG MẠI THY THY,,,CÔNG TY TNHH THƯƠNG MẠI VÀ DỊCH VỤ MIRA GROUP,3d0c0069-8bc2-11f1-9b18-005056b2a5de,185,531b3c36-5f4c-435e-a0a1-0087202481d2,301,3d618a89-8bc2-11f1-9b18-005056b2a5de,a38f9189-ad87-11ef-a35e-005056b28600
2026-07-14T00:00:00,Nhập kho mua hàng,NK000763,KHOKE01,Kho Kệ,01__NGA__COC__ZER__320,COCA-COLA Zero Sugar Lon 320ml,Thùng,1.0,192000.0,192000.0,0.0,0.0,0.0,Nước Có Ga,01__NGA__COC__ZER__320,COCA-COLA Zero Sugar Lon 320ml,NCC022THYTHY,CÔNG TY TNHH DƯỢC PHẨM - THƯƠNG MẠI THY THY,,,CÔNG TY TNHH THƯƠNG MẠI VÀ DỊCH VỤ MIRA GROUP,3d0c0069-8bc2-11f1-9b18-005056b2a5de,186,531b3c36-5f4c-435e-a0a1-0087202481d2,301,3d618ab0-8bc2-11f1-9b18-005056b2a5de,a38f9189-ad87-11ef-a35e-005056b28600
2026-07-14T00:00:00,Nhập kho mua hàng,NK000763,KHOKE01,Kho Kệ,01__NLU__MON__XDG__320,COCA-COLA Monster Nước Tăng Lực Xanh Dương 320ml,Thùng,1.0,455000.0,455000.0,0.0,0.0,0.0,Nước Tăng Lực,01__NLU__MON__XDG__320,COCA-COLA Monster Nước Tăng Lực Xanh Dương 320ml,NCC022THYTHY,CÔNG TY TNHH DƯỢC PHẨM - THƯƠNG MẠI THY THY,,,CÔNG TY TNHH THƯƠNG MẠI VÀ DỊCH VỤ MIRA GROUP,3d0c0069-8bc2-11f1-9b18-005056b2a5de,187,531b3c36-5f4c-435e-a0a1-0087202481d2,301,3d618ada-8bc2-11f1-9b18-005056b2a5de,a38f9189-ad87-11ef-a35e-005056b28600
2026-07-14T00:00:00,Nhập kho mua hàng,NK000763,KHOKE01,Kho Kệ,CAKCC3M01,COCA-COLA Aquarius Không Calo Chai 390 ml,Thùng,1.0,154000.0,154000.0,0.0,0.0,0.0,Nước Bù Điện Giải,CAKCC3M01,COCA-COLA Aquarius Không Calo Chai 390 ml,NCC022THYTHY,CÔNG TY TNHH DƯỢC PHẨM - THƯƠNG MẠI THY THY,,,CÔNG TY TNHH THƯƠNG MẠI VÀ DỊCH VỤ MIRA GROUP,3d0c0069-8bc2-11f1-9b18-005056b2a5de,188,531b3c36-5f4c-435e-a0a1-0087202481d2,301,3d618b07-8bc2-11f1-9b18-005056b2a5de,a38f9189-ad87-11ef-a35e-005056b28600
2026-07-14T00:00:00,Nhập kho mua hàng,NK000763,KHOKE01,Kho Kệ,01__NGA__COC__AQA__390,COCA-COLA Aquarius Chai 390 ml,Thùng,3.0,154000.0,462000.0,0.0,0.0,0.0,Nước Có Ga,01__NGA__COC__AQA__390,COCA-COLA Aquarius Chai 390 ml,NCC022THYTHY,CÔNG TY TNHH DƯỢC PHẨM - THƯƠNG MẠI THY THY,,,CÔNG TY TNHH THƯƠNG MẠI VÀ DỊCH VỤ MIRA GROUP,3d0c0069-8bc2-11f1-9b18-005056b2a5de,189,531b3c36-5f4c-435e-a0a1-0087202481d2,301,3d618b2f-8bc2-11f1-9b18-005056b2a5de,a38f9189-ad87-11ef-a35e-005056b28600
2026-07-14T00:00:00,Nhập kho mua hàng,NK000763,KHOKE01,Kho Kệ,01__NGA__COC__SPR__320,COCA-COLA Sprite Lon 320ml,Thùng,1.0,166000.0,166000.0,0.0,0.0,0.0,Nước Có Ga,01__NGA__COC__SPR__320,COCA-COLA Sprite Lon 320ml,NCC022THYTHY,CÔNG TY TNHH DƯỢC PHẨM - THƯƠNG MẠI THY THY,,,CÔNG TY TNHH THƯƠNG MẠI VÀ DỊCH VỤ MIRA GROUP,3d0c0069-8bc2-11f1-9b18-005056b2a5de,190,531b3c36-5f4c-435e-a0a1-0087202481d2,301,3d618b56-8bc2-11f1-9b18-005056b2a5de,a38f9189-ad87-11ef-a35e-005056b28600
2026-07-15T00:00:00,Nhập kho mua hàng,NK000764,KHOKE01,Kho Kệ,02__MTO__KOO__BBQ__105,CUNG ĐÌNH Kool Mì Tô Trộn BBQ 105g,Thùng,1.0,161000.0,161000.0,0.0,0.0,0.0,Mì Tô,02__MTO__KOO__BBQ__105,CUNG ĐÌNH Kool Mì Tô Trộn BBQ 105g,NCC042HONGOANH,CÔNG TY TNHH TMDV HỒNG OANH NINH THUẬN,,,CÔNG TY TNHH THƯƠNG MẠI VÀ DỊCH VỤ MIRA GROUP,3d0c0069-8bc2-11f1-9b18-005056b2a5de,191,710a8bfa-0f09-41b5-924c-c86ca2ff794f,301,3d618bea-8bc2-11f1-9b18-005056b2a5de,a38f9189-ad87-11ef-a35e-005056b28600
2026-07-15T00:00:00,Nhập kho mua hàng,NK000764,KHO001,Kho MIRA,04__SHG__MLO__HOP__180,MILO Sữa Hộp 180ml,Thùng,2.0,331000.0,662000.0,0.0,0.0,0.0,Sữa Hộp Giấy,04__SHG__MLO__HOP__180,MILO Sữa Hộp 180ml,NCC042HONGOANH,CÔNG TY TNHH TMDV HỒNG OANH NINH THUẬN,,,CÔNG TY TNHH THƯƠNG MẠI VÀ DỊCH VỤ MIRA GROUP,3d0c0069-8bc2-11f1-9b18-005056b2a5de,192,710a8bfa-0f09-41b5-924c-c86ca2ff794f,301,3d618c1d-8bc2-11f1-9b18-005056b2a5de,a38f9189-ad87-11ef-a35e-005056b28600
2026-07-15T00:00:00,Nhập kho mua hàng,NK000764,KHOKE01,Kho Kệ,02__MTO__KOO__SPA__105,CUNG ĐÌNH Kool Mì Tô Trộn Spaghetti 105g,Thùng,1.0,161000.0,161000.0,0.0,0.0,0.0,Mì Tô,02__MTO__KOO__SPA__105,CUNG ĐÌNH Kool Mì Tô Trộn Spaghetti 105g,NCC042HONGOANH,CÔNG TY TNHH TMDV HỒNG OANH NINH THUẬN,,,CÔNG TY TNHH THƯƠNG MẠI VÀ DỊCH VỤ MIRA GROUP,3d0c0069-8bc2-11f1-9b18-005056b2a5de,193,710a8bfa-0f09-41b5-924c-c86ca2ff794f,301,3d618c4c-8bc2-11f1-9b18-005056b2a5de,a38f9189-ad87-11ef-a35e-005056b28600
2026-07-15T00:00:00,Nhập kho mua hàng,NK000764,KHOKE01,Kho Kệ,02__MTO__KOO__SPA__105,CUNG ĐÌNH Kool Mì Tô Trộn Spaghetti 105g,Tô,3.0,0.0,0.0,0.0,0.0,0.0,Mì Tô,02__MTO__KOO__SPA__105,CUNG ĐÌNH Kool Mì Tô Trộn Spaghetti 105g,NCC042HONGOANH,CÔNG TY TNHH TMDV HỒNG OANH NINH THUẬN,,,CÔNG TY TNHH THƯƠNG MẠI VÀ DỊCH VỤ MIRA GROUP,3d0c0069-8bc2-11f1-9b18-005056b2a5de,194,710a8bfa-0f09-41b5-924c-c86ca2ff794f,301,3d618c75-8bc2-11f1-9b18-005056b2a5de,a38f9189-ad87-11ef-a35e-005056b28600
2026-07-17T00:00:00,Nhập kho mua hàng,NK000765,KHOKE01,Kho Kệ,01__BLO__TIG__BAC__330,TIGER Bạc Bia Lon 330ml,Thùng,3.0,395000.0,1185000.0,0.0,0.0,0.0,Bia Lon,01__BLO__TIG__BAC__330,TIGER Bạc Bia Lon 330ml,NCC018PHUONGHOANGVY,CÔNG TY TNHH PHƯƠNG HOÀNG VY,,,CÔNG TY TNHH THƯƠNG MẠI VÀ DỊCH VỤ MIRA GROUP,3d0c0069-8bc2-11f1-9b18-005056b2a5de,195,eacc7850-d64a-4d00-ad2b-a085f27d3cd0,301,3d618ca1-8bc2-11f1-9b18-005056b2a5de,a38f9189-ad87-11ef-a35e-005056b28600
2026-07-17T00:00:00,Nhập kho mua hàng,NK000765,KHOKE01,Kho Kệ,01__BLO__TIG__NAU__330,TIGER Nâu Bia Lon 330ml,Thùng,3.0,353000.0,1059000.0,0.0,0.0,0.0,Bia Lon,01__BLO__TIG__NAU__330,TIGER Nâu Bia Lon 330ml,NCC018PHUONGHOANGVY,CÔNG TY TNHH PHƯƠNG HOÀNG VY,,,CÔNG TY TNHH THƯƠNG MẠI VÀ DỊCH VỤ MIRA GROUP,3d0c0069-8bc2-11f1-9b18-005056b2a5de,196,eacc7850-d64a-4d00-ad2b-a085f27d3cd0,301,3d618cc9-8bc2-11f1-9b18-005056b2a5de,a38f9189-ad87-11ef-a35e-005056b28600
2026-07-17T00:00:00,Nhập kho mua hàng,NK000765,KHOKE01,Kho Kệ,01__BLO__KEN__BAC__330,HEINEKEN Bạc Bia Lon 330ml,Thùng,5.0,453000.0,2265000.0,0.0,0.0,0.0,Bia Lon,01__BLO__KEN__BAC__330,HEINEKEN Bạc Bia Lon 330ml,NCC018PHUONGHOANGVY,CÔNG TY TNHH PHƯƠNG HOÀNG VY,,,CÔNG TY TNHH THƯƠNG MẠI VÀ DỊCH VỤ MIRA GROUP,3d0c0069-8bc2-11f1-9b18-005056b2a5de,197,eacc7850-d64a-4d00-ad2b-a085f27d3cd0,301,3d618cff-8bc2-11f1-9b18-005056b2a5de,a38f9189-ad87-11ef-a35e-005056b28600
2026-07-17T00:00:00,Nhập kho mua hàng,NK000765,KHOKE01,Kho Kệ,01__BLO__KEN__BAC__250,HEINEKEN Bạc Bia Lon 250ml,Thùng,5.0,363000.0,1815000.0,0.0,0.0,0.0,Bia Lon,01__BLO__KEN__BAC__250,HEINEKEN Bạc Bia Lon 250ml,NCC018PHUONGHOANGVY,CÔNG TY TNHH PHƯƠNG HOÀNG VY,,,CÔNG TY TNHH THƯƠNG MẠI VÀ DỊCH VỤ MIRA GROUP,3d0c0069-8bc2-11f1-9b18-005056b2a5de,198,eacc7850-d64a-4d00-ad2b-a085f27d3cd0,301,3d618d6d-8bc2-11f1-9b18-005056b2a5de,a38f9189-ad87-11ef-a35e-005056b28600
2026-07-17T00:00:00,Nhập kho mua hàng,NK000765,KHOKE01,Kho Kệ,01__BLO__SGN__LON__330,SAIGON Bia Lon 330ml,Thùng,5.0,253000.0,1265000.0,0.0,0.0,0.0,Bia Lon,01__BLO__SGN__LON__330,SAIGON Bia Lon 330ml,NCC018PHUONGHOANGVY,CÔNG TY TNHH PHƯƠNG HOÀNG VY,,,CÔNG TY TNHH THƯƠNG MẠI VÀ DỊCH VỤ MIRA GROUP,3d0c0069-8bc2-11f1-9b18-005056b2a5de,199,eacc7850-d64a-4d00-ad2b-a085f27d3cd0,301,3d618da0-8bc2-11f1-9b18-005056b2a5de,a38f9189-ad87-11ef-a35e-005056b28600
2026-07-17T00:00:00,Nhập kho mua hàng,NK000766,KHOKE01,Kho Kệ,02__MIL__KOR__PMI__65,KORENO M.X Vị Bò Phô Mai Cay Ly 65g,Thùng,2.0,192000.0,384000.0,0.0,0.0,0.0,Mì Ly,02__MIL__KOR__PMI__65,KORENO M.X Vị Bò Phô Mai Cay Ly 65g,NCC024THINHPHAT,CÔNG TY TNHH THỊNH PHÁT PHAN RANG,,,CÔNG TY TNHH THƯƠNG MẠI VÀ DỊCH VỤ MIRA GROUP,3d0c0069-8bc2-11f1-9b18-005056b2a5de,200,9153ce21-5841-4a16-abd7-a041e1dfbb19,301,3d618e0b-8bc2-11f1-9b18-005056b2a5de,a38f9189-ad87-11ef-a35e-005056b28600
2026-07-17T00:00:00,Nhập kho mua hàng,NK000766,KHOKE01,Kho Kệ,KMC7CDG101,KORENO Mì Cay 7 Cấp Độ Gói 104g,Thùng,1.0,216000.0,216000.0,0.0,0.0,0.0,,KMC7CDG101,KORENO Mì Cay 7 Cấp Độ Gói 104g,NCC024THINHPHAT,CÔNG TY TNHH THỊNH PHÁT PHAN RANG,,,CÔNG TY TNHH THƯƠNG MẠI VÀ DỊCH VỤ MIRA GROUP,3d0c0069-8bc2-11f1-9b18-005056b2a5de,201,9153ce21-5841-4a16-abd7-a041e1dfbb19,301,3d618e3d-8bc2-11f1-9b18-005056b2a5de,a38f9189-ad87-11ef-a35e-005056b28600
2026-07-17T00:00:00,Nhập kho mua hàng,NK000766,KHOKE01,Kho Kệ,02__MIL__KOR__DEN__68,KORENO Mì Trộn Tương Đen Ly 68g,Thùng,2.0,204000.0,408000.0,0.0,0.0,0.0,Mì Ly,02__MIL__KOR__DEN__68,KORENO Mì Trộn Tương Đen Ly 68g,NCC024THINHPHAT,CÔNG TY TNHH THỊNH PHÁT PHAN RANG,,,CÔNG TY TNHH THƯƠNG MẠI VÀ DỊCH VỤ MIRA GROUP,3d0c0069-8bc2-11f1-9b18-005056b2a5de,202,9153ce21-5841-4a16-abd7-a041e1dfbb19,301,3d618e6e-8bc2-11f1-9b18-005056b2a5de,a38f9189-ad87-11ef-a35e-005056b28600
2026-07-17T00:00:00,Nhập kho mua hàng,NK000767,KHOKE01,Kho Kệ,03__BLA__GIZ__ORI__90,GIZZA Bánh Tươi Original 90g,Cái,7.0,11600.0,81200.0,0.0,0.0,0.0,Bánh Bông Lan,03__BLA__GIZ__ORI__90,GIZZA Bánh Tươi Original 90g,NCC013THIENPHU,CÔNG TY TNHH THIÊN PHÚ PHAN RANG,,,CÔNG TY TNHH THƯƠNG MẠI VÀ DỊCH VỤ MIRA GROUP,3d0c0069-8bc2-11f1-9b18-005056b2a5de,203,12a66ef0-4d32-4572-b5aa-e1bb5a88f127,301,3d618e97-8bc2-11f1-9b18-005056b2a5de,a38f9189-ad87-11ef-a35e-005056b28600
2026-07-17T00:00:00,Nhập kho mua hàng,NK000767,KHOKE01,Kho Kệ,03__SKH__SBT__SOC__285,SBT Lương Khô Socola Chip 285g,Bịch,10.0,26000.0,260000.0,0.0,0.0,0.0,Snack Khác,03__SKH__SBT__SOC__285,SBT Lương Khô Socola Chip 285g,NCC013THIENPHU,CÔNG TY TNHH THIÊN PHÚ PHAN RANG,,,CÔNG TY TNHH THƯƠNG MẠI VÀ DỊCH VỤ MIRA GROUP,3d0c0069-8bc2-11f1-9b18-005056b2a5de,204,12a66ef0-4d32-4572-b5aa-e1bb5a88f127,301,3d618ebf-8bc2-11f1-9b18-005056b2a5de,a38f9189-ad87-11ef-a35e-005056b28600
2026-07-17T00:00:00,Nhập kho mua hàng,NK000767,KHOKE01,Kho Kệ,03__BLA__GIZ__CHO__90,GIZZA Bánh Tươi Chocolate 90g,Cái,7.0,9943.0,69600.0,0.0,0.0,0.0,Bánh Bông Lan,03__BLA__GIZ__CHO__90,GIZZA Bánh Tươi Chocolate 90g,NCC013THIENPHU,CÔNG TY TNHH THIÊN PHÚ PHAN RANG,,,CÔNG TY TNHH THƯƠNG MẠI VÀ DỊCH VỤ MIRA GROUP,3d0c0069-8bc2-11f1-9b18-005056b2a5de,205,12a66ef0-4d32-4572-b5aa-e1bb5a88f127,301,3d618eec-8bc2-11f1-9b18-005056b2a5de,a38f9189-ad87-11ef-a35e-005056b28600
2026-07-17T00:00:00,Nhập kho mua hàng,NK000767,KHOKE01,Kho Kệ,03__BLA__GIZ__MAT__90,GIZZA Bánh Tươi Matcha 90g,Cái,7.0,11600.0,81200.0,0.0,0.0,0.0,Bánh Bông Lan,03__BLA__GIZ__MAT__90,GIZZA Bánh Tươi Matcha 90g,NCC013THIENPHU,CÔNG TY TNHH THIÊN PHÚ PHAN RANG,,,CÔNG TY TNHH THƯƠNG MẠI VÀ DỊCH VỤ MIRA GROUP,3d0c0069-8bc2-11f1-9b18-005056b2a5de,206,12a66ef0-4d32-4572-b5aa-e1bb5a88f127,301,3d618f18-8bc2-11f1-9b18-005056b2a5de,a38f9189-ad87-11ef-a35e-005056b28600
2026-07-17T00:00:00,Nhập kho mua hàng,NK000767,KHOKE01,Kho Kệ,03__SKH__SBT__HDU__285,SBT Lương Khô Hạt Điều 285g,Bịch,12.0,21667.0,260000.0,0.0,0.0,0.0,Snack Khác,03__SKH__SBT__HDU__285,SBT Lương Khô Hạt Điều 285g,NCC013THIENPHU,CÔNG TY TNHH THIÊN PHÚ PHAN RANG,,,CÔNG TY TNHH THƯƠNG MẠI VÀ DỊCH VỤ MIRA GROUP,3d0c0069-8bc2-11f1-9b18-005056b2a5de,207,12a66ef0-4d32-4572-b5aa-e1bb5a88f127,301,3d618f3f-8bc2-11f1-9b18-005056b2a5de,a38f9189-ad87-11ef-a35e-005056b28600
2026-07-17T00:00:00,Nhập kho mua hàng,NK000767,KHOKE01,Kho Kệ,03__SKH__SBT__GLT__285,SBT Lương Khô Ăn Kiêng Gạo Lứt 285g,Bịch,10.0,26000.0,260000.0,0.0,0.0,0.0,Snack Khác,03__SKH__SBT__GLT__285,SBT Lương Khô Ăn Kiêng Gạo Lứt 285g,NCC013THIENPHU,CÔNG TY TNHH THIÊN PHÚ PHAN RANG,,,CÔNG TY TNHH THƯƠNG MẠI VÀ DỊCH VỤ MIRA GROUP,3d0c0069-8bc2-11f1-9b18-005056b2a5de,208,12a66ef0-4d32-4572-b5aa-e1bb5a88f127,301,3d618f6a-8bc2-11f1-9b18-005056b2a5de,a38f9189-ad87-11ef-a35e-005056b28600
2026-07-17T00:00:00,Nhập kho mua hàng,NK000767,KHOKE01,Kho Kệ,03__SKH__SBT__OCH__285,SBT Lương Khô Óc Chó 285g,Bịch,10.0,26000.0,260000.0,0.0,0.0,0.0,Snack Khác,03__SKH__SBT__OCH__285,SBT Lương Khô Óc Chó 285g,NCC013THIENPHU,CÔNG TY TNHH THIÊN PHÚ PHAN RANG,,,CÔNG TY TNHH THƯƠNG MẠI VÀ DỊCH VỤ MIRA GROUP,3d0c0069-8bc2-11f1-9b18-005056b2a5de,209,12a66ef0-4d32-4572-b5aa-e1bb5a88f127,301,3d618f9b-8bc2-11f1-9b18-005056b2a5de,a38f9189-ad87-11ef-a35e-005056b28600
2026-07-17T00:00:00,Nhập kho mua hàng,NK000768,KHOKE01,Kho Kệ,AKSC01,ALPENLIEBE Kẹo Sữa Caramen,Chiếc,32.0,4000.0,128000.0,0.0,0.0,0.0,,AKSC01,ALPENLIEBE Kẹo Sữa Caramen,NCC056PHUONGDINH,CÔNG TY TRÁCH NHIỆM HỮU HẠN THƯƠNG MẠI VÀ DỊCH VỤ PHƯỢNG ĐỊNH,,,CÔNG TY TNHH THƯƠNG MẠI VÀ DỊCH VỤ MIRA GROUP,3d0c0069-8bc2-11f1-9b18-005056b2a5de,210,0cccff9a-617a-4b60-8344-9ce6ec52c0d7,301,3d619071-8bc2-11f1-9b18-005056b2a5de,a38f9189-ad87-11ef-a35e-005056b28600
2026-07-17T00:00:00,Nhập kho mua hàng,NK000768,KHOKE01,Kho Kệ,GKSTD01,GOLIA Kẹo Syro Thảo Dược,Chiếc,32.0,4000.0,128000.0,0.0,0.0,0.0,,GKSTD01,GOLIA Kẹo Syro Thảo Dược,NCC056PHUONGDINH,CÔNG TY TRÁCH NHIỆM HỮU HẠN THƯƠNG MẠI VÀ DỊCH VỤ PHƯỢNG ĐỊNH,,,CÔNG TY TNHH THƯƠNG MẠI VÀ DỊCH VỤ MIRA GROUP,3d0c0069-8bc2-11f1-9b18-005056b2a5de,211,0cccff9a-617a-4b60-8344-9ce6ec52c0d7,301,3d6190aa-8bc2-11f1-9b18-005056b2a5de,a38f9189-ad87-11ef-a35e-005056b28600
2026-07-17T00:00:00,Nhập kho mua hàng,NK000768,KHOKE01,Kho Kệ,AKXMO01,ALPENLIEBE Kẹo Xoài Muối Ớt,Chiếc,32.0,4000.0,128000.0,0.0,0.0,0.0,,AKXMO01,ALPENLIEBE Kẹo Xoài Muối Ớt,NCC056PHUONGDINH,CÔNG TY TRÁCH NHIỆM HỮU HẠN THƯƠNG MẠI VÀ DỊCH VỤ PHƯỢNG ĐỊNH,,,CÔNG TY TNHH THƯƠNG MẠI VÀ DỊCH VỤ MIRA GROUP,3d0c0069-8bc2-11f1-9b18-005056b2a5de,212,0cccff9a-617a-4b60-8344-9ce6ec52c0d7,301,3d6190e1-8bc2-11f1-9b18-005056b2a5de,a38f9189-ad87-11ef-a35e-005056b28600
2026-07-17T00:00:00,Nhập kho mua hàng,NK000768,KHOKE01,Kho Kệ,MKNKDHDH301,MENTOS Kẹo Ngậm Không Đường Hương Đào Hũ 35g,Chiếc,24.0,28000.0,672000.0,0.0,0.0,0.0,,MKNKDHDH301,MENTOS Kẹo Ngậm Không Đường Hương Đào Hũ 35g,NCC056PHUONGDINH,CÔNG TY TRÁCH NHIỆM HỮU HẠN THƯƠNG MẠI VÀ DỊCH VỤ PHƯỢNG ĐỊNH,,,CÔNG TY TNHH THƯƠNG MẠI VÀ DỊCH VỤ MIRA GROUP,3d0c0069-8bc2-11f1-9b18-005056b2a5de,213,0cccff9a-617a-4b60-8344-9ce6ec52c0d7,301,3d619119-8bc2-11f1-9b18-005056b2a5de,a38f9189-ad87-11ef-a35e-005056b28600
2026-07-17T00:00:00,Nhập kho mua hàng,NK000768,KHOKE01,Kho Kệ,03__KGU__MTS__BHA__35,MENTOS Kẹo Ngậm Không Đường Hương Bạc Hà Hũ 35g,Hũ,24.0,28000.0,672000.0,0.0,0.0,0.0,Kẹo Gum,03__KGU__MTS__BHA__35,MENTOS Kẹo Ngậm Không Đường Hương Bạc Hà Hũ 35g,NCC056PHUONGDINH,CÔNG TY TRÁCH NHIỆM HỮU HẠN THƯƠNG MẠI VÀ DỊCH VỤ PHƯỢNG ĐỊNH,,,CÔNG TY TNHH THƯƠNG MẠI VÀ DỊCH VỤ MIRA GROUP,3d0c0069-8bc2-11f1-9b18-005056b2a5de,214,0cccff9a-617a-4b60-8344-9ce6ec52c0d7,301,3d619142-8bc2-11f1-9b18-005056b2a5de,a38f9189-ad87-11ef-a35e-005056b28600
2026-07-17T00:00:00,Nhập kho mua hàng,NK000768,KHOKE01,Kho Kệ,MKNCV01,MENTOS Kẹo Nhai Cầu Vồng,Chiếc,32.0,4000.0,128000.0,0.0,0.0,0.0,,MKNCV01,MENTOS Kẹo Nhai Cầu Vồng,NCC056PHUONGDINH,CÔNG TY TRÁCH NHIỆM HỮU HẠN THƯƠNG MẠI VÀ DỊCH VỤ PHƯỢNG ĐỊNH,,,CÔNG TY TNHH THƯƠNG MẠI VÀ DỊCH VỤ MIRA GROUP,3d0c0069-8bc2-11f1-9b18-005056b2a5de,215,0cccff9a-617a-4b60-8344-9ce6ec52c0d7,301,3d61916a-8bc2-11f1-9b18-005056b2a5de,a38f9189-ad87-11ef-a35e-005056b28600
2026-07-17T00:00:00,Nhập kho mua hàng,NK000768,KHOKE01,Kho Kệ,MKNKDHCH301,MENTOS Kẹo Ngậm Không Đường Hương Chanh Hũ 35g,Chiếc,24.0,28000.0,672000.0,0.0,0.0,0.0,,MKNKDHCH301,MENTOS Kẹo Ngậm Không Đường Hương Chanh Hũ 35g,NCC056PHUONGDINH,CÔNG TY TRÁCH NHIỆM HỮU HẠN THƯƠNG MẠI VÀ DỊCH VỤ PHƯỢNG ĐỊNH,,,CÔNG TY TNHH THƯƠNG MẠI VÀ DỊCH VỤ MIRA GROUP,3d0c0069-8bc2-11f1-9b18-005056b2a5de,216,0cccff9a-617a-4b60-8344-9ce6ec52c0d7,301,3d619197-8bc2-11f1-9b18-005056b2a5de,a38f9189-ad87-11ef-a35e-005056b28600
2026-07-17T00:00:00,Nhập kho mua hàng,NK000768,KHOKE01,Kho Kệ,MKNBH01,MENTOS Kẹo Nhai Bạc Hà,Chiếc,32.0,4000.0,128000.0,0.0,0.0,0.0,,MKNBH01,MENTOS Kẹo Nhai Bạc Hà,NCC056PHUONGDINH,CÔNG TY TRÁCH NHIỆM HỮU HẠN THƯƠNG MẠI VÀ DỊCH VỤ PHƯỢNG ĐỊNH,,,CÔNG TY TNHH THƯƠNG MẠI VÀ DỊCH VỤ MIRA GROUP,3d0c0069-8bc2-11f1-9b18-005056b2a5de,217,0cccff9a-617a-4b60-8344-9ce6ec52c0d7,301,3d6191bd-8bc2-11f1-9b18-005056b2a5de,a38f9189-ad87-11ef-a35e-005056b28600
2026-07-17T00:00:00,Nhập kho mua hàng,NK000769,KHOKE01,Kho Kệ,06__DRM__NVM__BRI__100,NIVEA MEN Sữa Rửa Mặt Bright Oil Clear Foam 100g,Chai,6.0,57000.0,342000.0,0.0,0.0,0.0,Chăm Sóc Da & Cơ Thể,06__DRM__NVM__BRI__100,NIVEA MEN Sữa Rửa Mặt Bright Oil Clear Foam 100g,NCC044THANHPHUONG,CÔNG TY TNHH XNK THÀNH PHƯƠNG GROUP,,,CÔNG TY TNHH THƯƠNG MẠI VÀ DỊCH VỤ MIRA GROUP,3d0c0069-8bc2-11f1-9b18-005056b2a5de,218,a3adaac8-e426-4323-81f5-8444e5cc02f1,301,3d6191e4-8bc2-11f1-9b18-005056b2a5de,a38f9189-ad87-11ef-a35e-005056b28600
2026-07-17T00:00:00,Nhập kho mua hàng,NK000769,KHOKE01,Kho Kệ,06__DLK__NVA__FRE__50,NIVEA Lăn Khử Mùi Fresh Energy 50ml,Chai,6.0,54750.0,328500.0,0.0,0.0,0.0,Chăm Sóc Da & Cơ Thể,06__DLK__NVA__FRE__50,NIVEA Lăn Khử Mùi Fresh Energy 50ml,NCC044THANHPHUONG,CÔNG TY TNHH XNK THÀNH PHƯƠNG GROUP,,,CÔNG TY TNHH THƯƠNG MẠI VÀ DỊCH VỤ MIRA GROUP,3d0c0069-8bc2-11f1-9b18-005056b2a5de,219,a3adaac8-e426-4323-81f5-8444e5cc02f1,301,3d61920f-8bc2-11f1-9b18-005056b2a5de,a38f9189-ad87-11ef-a35e-005056b28600
2026-07-17T00:00:00,Nhập kho mua hàng,NK000769,KHOKE01,Kho Kệ,06__DSO__NVM__TNN__1,NIVEA Son Dưỡng Ẩm Tự Nhiên,Chai,10.0,50250.0,502500.0,0.0,0.0,0.0,Chăm Sóc Da & Cơ Thể,06__DSO__NVM__TNN__1,NIVEA Son Dưỡng Ẩm Tự Nhiên,NCC044THANHPHUONG,CÔNG TY TNHH XNK THÀNH PHƯƠNG GROUP,,,CÔNG TY TNHH THƯƠNG MẠI VÀ DỊCH VỤ MIRA GROUP,3d0c0069-8bc2-11f1-9b18-005056b2a5de,220,a3adaac8-e426-4323-81f5-8444e5cc02f1,301,3d61923a-8bc2-11f1-9b18-005056b2a5de,a38f9189-ad87-11ef-a35e-005056b28600
2026-07-17T00:00:00,Nhập kho mua hàng,NK000769,KHOKE01,Kho Kệ,06__DXK__NVM__DRY__150,NIVEA MEN Xịt Khử Mùi Dry Impact 150ml,Chai,6.0,77250.0,463500.0,0.0,0.0,0.0,Chăm Sóc Da & Cơ Thể,06__DXK__NVM__DRY__150,NIVEA MEN Xịt Khử Mùi Dry Impact 150ml,NCC044THANHPHUONG,CÔNG TY TNHH XNK THÀNH PHƯƠNG GROUP,,,CÔNG TY TNHH THƯƠNG MẠI VÀ DỊCH VỤ MIRA GROUP,3d0c0069-8bc2-11f1-9b18-005056b2a5de,221,a3adaac8-e426-4323-81f5-8444e5cc02f1,301,3d619262-8bc2-11f1-9b18-005056b2a5de,a38f9189-ad87-11ef-a35e-005056b28600
2026-07-17T00:00:00,Nhập kho mua hàng,NK000769,KHOKE01,Kho Kệ,10__VPI__ENE__AA2__2,ENERGIZER Max Pin AA2,Vỉ,20.0,26700.0,534000.0,0.0,0.0,0.0,Văn Phòng Phẩm,10__VPI__ENE__AA2__2,ENERGIZER Max Pin AA2,NCC044THANHPHUONG,CÔNG TY TNHH XNK THÀNH PHƯƠNG GROUP,,,CÔNG TY TNHH THƯƠNG MẠI VÀ DỊCH VỤ MIRA GROUP,3d0c0069-8bc2-11f1-9b18-005056b2a5de,222,a3adaac8-e426-4323-81f5-8444e5cc02f1,301,3d619289-8bc2-11f1-9b18-005056b2a5de,a38f9189-ad87-11ef-a35e-005056b28600
2026-07-17T00:00:00,Nhập kho mua hàng,NK000769,KHOKE01,Kho Kệ,10__VPI__ENE__AAA__2,ENERGIZER Max Pin AAA2,Vỉ,20.0,26700.0,534000.0,0.0,0.0,0.0,Văn Phòng Phẩm,10__VPI__ENE__AAA__2,ENERGIZER Max Pin AAA2,NCC044THANHPHUONG,CÔNG TY TNHH XNK THÀNH PHƯƠNG GROUP,,,CÔNG TY TNHH THƯƠNG MẠI VÀ DỊCH VỤ MIRA GROUP,3d0c0069-8bc2-11f1-9b18-005056b2a5de,223,a3adaac8-e426-4323-81f5-8444e5cc02f1,301,3d6192b9-8bc2-11f1-9b18-005056b2a5de,a38f9189-ad87-11ef-a35e-005056b28600
2026-07-18T00:00:00,Nhập kho mua hàng,NK000770,KHOKE01,Kho Kệ,02__MTO__OMA__BBC__105,OMACHI Mì Tô Trộn Xốt Spaghetti Bò Bằm Cà Chua 105g*12,Thùng,2.0,156000.0,312000.0,0.0,0.0,0.0,Mì Tô,02__MTO__OMA__BBC__105,OMACHI Mì Tô Trộn Xốt Spaghetti Bò Bằm Cà Chua 105g*12,NCC011TRUCNGUYEN,CÔNG TY TRÁCH NHIỆM HỮU HẠN THƯƠNG MẠI VÀ DỊCH VỤ TRÚC NGUYÊN,,,CÔNG TY TNHH THƯƠNG MẠI VÀ DỊCH VỤ MIRA GROUP,3d0c0069-8bc2-11f1-9b18-005056b2a5de,224,a3d76228-5120-4527-a034-80ec94165b0b,301,3d6192ee-8bc2-11f1-9b18-005056b2a5de,a38f9189-ad87-11ef-a35e-005056b28600
2026-07-18T00:00:00,Nhập kho mua hàng,NK000770,KHOKE01,Kho Kệ,02__MTO__OMA__BHA__96,OMACHI Mì Tô Xốt Bò Hầm 96g*18,Thùng,2.0,216000.0,432000.0,0.0,0.0,0.0,Mì Tô,02__MTO__OMA__BHA__96,OMACHI Mì Tô Xốt Bò Hầm 96g*18,NCC011TRUCNGUYEN,CÔNG TY TRÁCH NHIỆM HỮU HẠN THƯƠNG MẠI VÀ DỊCH VỤ TRÚC NGUYÊN,,,CÔNG TY TNHH THƯƠNG MẠI VÀ DỊCH VỤ MIRA GROUP,3d0c0069-8bc2-11f1-9b18-005056b2a5de,225,a3d76228-5120-4527-a034-80ec94165b0b,301,3d619319-8bc2-11f1-9b18-005056b2a5de,a38f9189-ad87-11ef-a35e-005056b28600
2026-07-18T00:00:00,Nhập kho mua hàng,NK000770,KHOKE01,Kho Kệ,02__XXH__PON__CAY__28,PONNIE Xúc Xích Giòn Ăn Liền Vị Cay 28g,Hộp,2.0,95000.0,190000.0,0.0,0.0,0.0,Xúc Xích,02__XXH__PON__CAY__28,PONNIE Xúc Xích Giòn Ăn Liền Vị Cay 28g,NCC011TRUCNGUYEN,CÔNG TY TRÁCH NHIỆM HỮU HẠN THƯƠNG MẠI VÀ DỊCH VỤ TRÚC NGUYÊN,,,CÔNG TY TNHH THƯƠNG MẠI VÀ DỊCH VỤ MIRA GROUP,3d0c0069-8bc2-11f1-9b18-005056b2a5de,226,a3d76228-5120-4527-a034-80ec94165b0b,301,3d61934b-8bc2-11f1-9b18-005056b2a5de,a38f9189-ad87-11ef-a35e-005056b28600
2026-07-18T00:00:00,Nhập kho mua hàng,NK000770,KHOKE01,Kho Kệ,01__NGA__VHO__LEM__500,VĨNH HẢO Lemona Nước Khoáng Chanh 500ml,Thùng,1.0,129000.0,129000.0,0.0,0.0,0.0,Nước Có Ga,01__NGA__VHO__LEM__500,VĨNH HẢO Lemona Nước Khoáng Chanh 500ml,NCC011TRUCNGUYEN,CÔNG TY TRÁCH NHIỆM HỮU HẠN THƯƠNG MẠI VÀ DỊCH VỤ TRÚC NGUYÊN,,,CÔNG TY TNHH THƯƠNG MẠI VÀ DỊCH VỤ MIRA GROUP,3d0c0069-8bc2-11f1-9b18-005056b2a5de,227,a3d76228-5120-4527-a034-80ec94165b0b,301,3d619373-8bc2-11f1-9b18-005056b2a5de,a38f9189-ad87-11ef-a35e-005056b28600
2026-07-18T00:00:00,Nhập kho mua hàng,NK000770,KHOKE01,Kho Kệ,02__MIL__OMA__BOO__69,OMACHI Mì Ly Xốt Bò Hầm 69g*24,Thùng,2.0,228000.0,456000.0,0.0,0.0,0.0,Mì Ly,02__MIL__OMA__BOO__69,OMACHI Mì Ly Xốt Bò Hầm 69g*24,NCC011TRUCNGUYEN,CÔNG TY TRÁCH NHIỆM HỮU HẠN THƯƠNG MẠI VÀ DỊCH VỤ TRÚC NGUYÊN,,,CÔNG TY TNHH THƯƠNG MẠI VÀ DỊCH VỤ MIRA GROUP,3d0c0069-8bc2-11f1-9b18-005056b2a5de,228,a3d76228-5120-4527-a034-80ec94165b0b,301,3d61939a-8bc2-11f1-9b18-005056b2a5de,a38f9189-ad87-11ef-a35e-005056b28600
2026-07-18T00:00:00,Nhập kho mua hàng,NK000770,KHOKE01,Kho Kệ,01__NGA__VHO__KHO__500,VĨNH HẢO Nước Khoáng Có Ga 500ml,Thùng,1.0,115000.0,115000.0,0.0,0.0,0.0,Nước Có Ga,01__NGA__VHO__KHO__500,VĨNH HẢO Nước Khoáng Có Ga 500ml,NCC011TRUCNGUYEN,CÔNG TY TRÁCH NHIỆM HỮU HẠN THƯƠNG MẠI VÀ DỊCH VỤ TRÚC NGUYÊN,,,CÔNG TY TNHH THƯƠNG MẠI VÀ DỊCH VỤ MIRA GROUP,3d0c0069-8bc2-11f1-9b18-005056b2a5de,229,a3d76228-5120-4527-a034-80ec94165b0b,301,3d6193c6-8bc2-11f1-9b18-005056b2a5de,a38f9189-ad87-11ef-a35e-005056b28600
2026-07-18T00:00:00,Nhập kho mua hàng,NK000770,KHOKE01,Kho Kệ,01__TDC__MAS__DAO__500,MASAN Trà Bupnon 365 Hương Đào 500ml,Thùng,1.0,174000.0,174000.0,0.0,0.0,0.0,Trà Đóng Chai,01__TDC__MAS__DAO__500,MASAN Trà Bupnon 365 Hương Đào 500ml,NCC011TRUCNGUYEN,CÔNG TY TRÁCH NHIỆM HỮU HẠN THƯƠNG MẠI VÀ DỊCH VỤ TRÚC NGUYÊN,,,CÔNG TY TNHH THƯƠNG MẠI VÀ DỊCH VỤ MIRA GROUP,3d0c0069-8bc2-11f1-9b18-005056b2a5de,230,a3d76228-5120-4527-a034-80ec94165b0b,301,3d6193f1-8bc2-11f1-9b18-005056b2a5de,a38f9189-ad87-11ef-a35e-005056b28600
2026-07-18T00:00:00,Nhập kho mua hàng,NK000770,KHOKE01,Kho Kệ,02__MTO__OMA__S5Q__96,OMACHI Mì Tô Sườn Hầm Ngủ Quả 96g*18,Thùng,1.0,216000.0,216000.0,0.0,0.0,0.0,Mì Tô,02__MTO__OMA__S5Q__96,OMACHI Mì Tô Sườn Hầm Ngủ Quả 96g*18,NCC011TRUCNGUYEN,CÔNG TY TRÁCH NHIỆM HỮU HẠN THƯƠNG MẠI VÀ DỊCH VỤ TRÚC NGUYÊN,,,CÔNG TY TNHH THƯƠNG MẠI VÀ DỊCH VỤ MIRA GROUP,3d0c0069-8bc2-11f1-9b18-005056b2a5de,231,a3d76228-5120-4527-a034-80ec94165b0b,301,3d619418-8bc2-11f1-9b18-005056b2a5de,a38f9189-ad87-11ef-a35e-005056b28600
2026-07-18T00:00:00,Nhập kho mua hàng,NK000770,KHOKE01,Kho Kệ,02__XXH__PON__HEO__60,PONNIE Xúc Xích Dinh Dưỡng Bin&Bon Heo,Thùng,3.0,280000.0,840000.0,0.0,0.0,0.0,Xúc Xích,02__XXH__PON__HEO__60,PONNIE Xúc Xích Dinh Dưỡng Bin&Bon Heo,NCC011TRUCNGUYEN,CÔNG TY TRÁCH NHIỆM HỮU HẠN THƯƠNG MẠI VÀ DỊCH VỤ TRÚC NGUYÊN,,,CÔNG TY TNHH THƯƠNG MẠI VÀ DỊCH VỤ MIRA GROUP,3d0c0069-8bc2-11f1-9b18-005056b2a5de,232,a3d76228-5120-4527-a034-80ec94165b0b,301,3d61943f-8bc2-11f1-9b18-005056b2a5de,a38f9189-ad87-11ef-a35e-005056b28600
2026-07-18T00:00:00,Nhập kho mua hàng,NK000770,KHOKE01,Kho Kệ,02__XXH__PON__BAP__28,PONNIE Xúc Xích Giòn Ăn Liền Vị Bắp 28g,Hộp,2.0,95000.0,190000.0,0.0,0.0,0.0,Xúc Xích,02__XXH__PON__BAP__28,PONNIE Xúc Xích Giòn Ăn Liền Vị Bắp 28g,NCC011TRUCNGUYEN,CÔNG TY TRÁCH NHIỆM HỮU HẠN THƯƠNG MẠI VÀ DỊCH VỤ TRÚC NGUYÊN,,,CÔNG TY TNHH THƯƠNG MẠI VÀ DỊCH VỤ MIRA GROUP,3d0c0069-8bc2-11f1-9b18-005056b2a5de,233,a3d76228-5120-4527-a034-80ec94165b0b,301,3d61946a-8bc2-11f1-9b18-005056b2a5de,a38f9189-ad87-11ef-a35e-005056b28600
2026-07-18T00:00:00,Nhập kho mua hàng,NK000770,KHOKE01,Kho Kệ,01__TDC__MAS__OLD__500,MASAN Trà Bupnon 365 Trà Ô Long Vị Đào 500ml,Thùng,1.0,174000.0,174000.0,0.0,0.0,0.0,Trà Đóng Chai,01__TDC__MAS__OLD__500,MASAN Trà Bupnon 365 Trà Ô Long Vị Đào 500ml,NCC011TRUCNGUYEN,CÔNG TY TRÁCH NHIỆM HỮU HẠN THƯƠNG MẠI VÀ DỊCH VỤ TRÚC NGUYÊN,,,CÔNG TY TNHH THƯƠNG MẠI VÀ DỊCH VỤ MIRA GROUP,3d0c0069-8bc2-11f1-9b18-005056b2a5de,234,a3d76228-5120-4527-a034-80ec94165b0b,301,3d619492-8bc2-11f1-9b18-005056b2a5de,a38f9189-ad87-11ef-a35e-005056b28600
2026-07-18T00:00:00,Nhập kho mua hàng,NK000770,KHOKE01,Kho Kệ,01__TDC__MAS__MOG__500,MASAN Trà Bupnon 365 Hương Mật Ong 500ml,Thùng,1.0,174000.0,174000.0,0.0,0.0,0.0,Trà Đóng Chai,01__TDC__MAS__MOG__500,MASAN Trà Bupnon 365 Hương Mật Ong 500ml,NCC011TRUCNGUYEN,CÔNG TY TRÁCH NHIỆM HỮU HẠN THƯƠNG MẠI VÀ DỊCH VỤ TRÚC NGUYÊN,,,CÔNG TY TNHH THƯƠNG MẠI VÀ DỊCH VỤ MIRA GROUP,3d0c0069-8bc2-11f1-9b18-005056b2a5de,235,a3d76228-5120-4527-a034-80ec94165b0b,301,3d6194b9-8bc2-11f1-9b18-005056b2a5de,a38f9189-ad87-11ef-a35e-005056b28600
2026-07-18T00:00:00,Nhập kho mua hàng,NK000770,KHOKE01,Kho Kệ,02__MTO__OMA__CXO__96,OMACHI Mì Tô Cua Xốt Ớt 96g*12,Thùng,2.0,156000.0,312000.0,0.0,0.0,0.0,Mì Tô,02__MTO__OMA__CXO__96,OMACHI Mì Tô Cua Xốt Ớt 96g*12,NCC011TRUCNGUYEN,CÔNG TY TRÁCH NHIỆM HỮU HẠN THƯƠNG MẠI VÀ DỊCH VỤ TRÚC NGUYÊN,,,CÔNG TY TNHH THƯƠNG MẠI VÀ DỊCH VỤ MIRA GROUP,3d0c0069-8bc2-11f1-9b18-005056b2a5de,236,a3d76228-5120-4527-a034-80ec94165b0b,301,3d6194e4-8bc2-11f1-9b18-005056b2a5de,a38f9189-ad87-11ef-a35e-005056b28600
2026-07-18T00:00:00,Nhập kho mua hàng,NK000771,KHOKE01,Kho Kệ,01__NGA__MIR__CHI__390,PEPSICO Mirinda Chai 390ml,Thùng,1.0,121000.0,121000.0,0.0,0.0,0.0,Nước Có Ga,01__NGA__MIR__CHI__390,PEPSICO Mirinda Chai 390ml,NCC025HAIVY,CÔNG TY TNHH TM – TH– HẢI VY,,,CÔNG TY TNHH THƯƠNG MẠI VÀ DỊCH VỤ MIRA GROUP,3d0c0069-8bc2-11f1-9b18-005056b2a5de,237,36a9ecf2-153f-4a8c-bbdc-7c3dbb2417c0,301,3d61955e-8bc2-11f1-9b18-005056b2a5de,a38f9189-ad87-11ef-a35e-005056b28600
2026-07-18T00:00:00,Nhập kho mua hàng,NK000771,KHOKE01,Kho Kệ,01__NBD__REV__CHI__500,PEPSICO Revive Chai 500ml,Thùng,1.0,167000.0,167000.0,0.0,0.0,0.0,Nước Bù Điện Giải,01__NBD__REV__CHI__500,PEPSICO Revive Chai 500ml,NCC025HAIVY,CÔNG TY TNHH TM – TH– HẢI VY,,,CÔNG TY TNHH THƯƠNG MẠI VÀ DỊCH VỤ MIRA GROUP,3d0c0069-8bc2-11f1-9b18-005056b2a5de,238,36a9ecf2-153f-4a8c-bbdc-7c3dbb2417c0,301,3d61958c-8bc2-11f1-9b18-005056b2a5de,a38f9189-ad87-11ef-a35e-005056b28600
2026-07-18T00:00:00,Nhập kho mua hàng,NK000771,KHOKE01,Kho Kệ,01__NGA__STI__DAU__330,PEPSICO Sting Dâu Chai 330ml,Thùng,2.0,187000.0,374000.0,0.0,0.0,0.0,Nước Có Ga,01__NGA__STI__DAU__330,PEPSICO Sting Dâu Chai 330ml,NCC025HAIVY,CÔNG TY TNHH TM – TH– HẢI VY,,,CÔNG TY TNHH THƯƠNG MẠI VÀ DỊCH VỤ MIRA GROUP,3d0c0069-8bc2-11f1-9b18-005056b2a5de,239,36a9ecf2-153f-4a8c-bbdc-7c3dbb2417c0,301,3d6195be-8bc2-11f1-9b18-005056b2a5de,a38f9189-ad87-11ef-a35e-005056b28600
2026-07-18T00:00:00,Nhập kho mua hàng,NK000771,KHOKE01,Kho Kệ,01__NGA__7UP__CHI__320,PEPSICO 7UP Lon 320ml,Thùng,2.0,175000.0,350000.0,0.0,0.0,0.0,Nước Có Ga,01__NGA__7UP__CHI__320,PEPSICO 7UP Lon 320ml,NCC025HAIVY,CÔNG TY TNHH TM – TH– HẢI VY,,,CÔNG TY TNHH THƯƠNG MẠI VÀ DỊCH VỤ MIRA GROUP,3d0c0069-8bc2-11f1-9b18-005056b2a5de,240,36a9ecf2-153f-4a8c-bbdc-7c3dbb2417c0,301,3d6195ed-8bc2-11f1-9b18-005056b2a5de,a38f9189-ad87-11ef-a35e-005056b28600
2026-07-18T00:00:00,Nhập kho mua hàng,NK000771,KHOKE01,Kho Kệ,01__NLO__AQU__CHI__1500,PEPSICO Aquafina Nước Lọc Chai 1.5L,Thùng,7.0,95000.0,665000.0,0.0,0.0,0.0,Nước Lọc Chai,01__NLO__AQU__CHI__1500,PEPSICO Aquafina Nước Lọc Chai 1.5L,NCC025HAIVY,CÔNG TY TNHH TM – TH– HẢI VY,,,CÔNG TY TNHH THƯƠNG MẠI VÀ DỊCH VỤ MIRA GROUP,3d0c0069-8bc2-11f1-9b18-005056b2a5de,241,36a9ecf2-153f-4a8c-bbdc-7c3dbb2417c0,301,3d619618-8bc2-11f1-9b18-005056b2a5de,a38f9189-ad87-11ef-a35e-005056b28600
2026-07-18T00:00:00,Nhập kho mua hàng,NK000771,KHOKE01,Kho Kệ,01__TDC__TEA__XAH__450,PEPSICO Olong TEA+ Trà Xanh Chai 450ml,Thùng,2.0,176000.0,352000.0,0.0,0.0,0.0,Trà Đóng Chai,01__TDC__TEA__XAH__450,PEPSICO Olong TEA+ Trà Xanh Chai 450ml,NCC025HAIVY,CÔNG TY TNHH TM – TH– HẢI VY,,,CÔNG TY TNHH THƯƠNG MẠI VÀ DỊCH VỤ MIRA GROUP,3d0c0069-8bc2-11f1-9b18-005056b2a5de,242,36a9ecf2-153f-4a8c-bbdc-7c3dbb2417c0,301,3d619640-8bc2-11f1-9b18-005056b2a5de,a38f9189-ad87-11ef-a35e-005056b28600
2026-07-18T00:00:00,Nhập kho mua hàng,NK000771,KHOKE01,Kho Kệ,01__NGA__STI__VAG__330,PEPSICO Sting Vàng Chai 330ml,Thùng,2.0,176000.0,352000.0,0.0,0.0,0.0,Nước Có Ga,01__NGA__STI__VAG__330,PEPSICO Sting Vàng Chai 330ml,NCC025HAIVY,CÔNG TY TNHH TM – TH– HẢI VY,,,CÔNG TY TNHH THƯƠNG MẠI VÀ DỊCH VỤ MIRA GROUP,3d0c0069-8bc2-11f1-9b18-005056b2a5de,243,36a9ecf2-153f-4a8c-bbdc-7c3dbb2417c0,301,3d61966b-8bc2-11f1-9b18-005056b2a5de,a38f9189-ad87-11ef-a35e-005056b28600
2026-07-18T00:00:00,Nhập kho mua hàng,NK000771,KHOKE01,Kho Kệ,01__NLO__AQU__CHI__500,PEPSICO Aquafina Nước Lọc Chai 500ml,Thùng,2.0,92000.0,184000.0,0.0,0.0,0.0,Nước Lọc Chai,01__NLO__AQU__CHI__500,PEPSICO Aquafina Nước Lọc Chai 500ml,NCC025HAIVY,CÔNG TY TNHH TM – TH– HẢI VY,,,CÔNG TY TNHH THƯƠNG MẠI VÀ DỊCH VỤ MIRA GROUP,3d0c0069-8bc2-11f1-9b18-005056b2a5de,244,36a9ecf2-153f-4a8c-bbdc-7c3dbb2417c0,301,3d619699-8bc2-11f1-9b18-005056b2a5de,a38f9189-ad87-11ef-a35e-005056b28600
2026-07-18T00:00:00,Nhập kho mua hàng,NK000772,KHOKE01,Kho Kệ,06__TXC__DOV__HOI__170,DOVE Kem Xả Phục HồI Hư Tổn 170g,Chai,10.0,49725.0,497253.0,0.0,0.0,0.0,Chăm Sóc Tóc,06__TXC__DOV__HOI__170,DOVE Kem Xả Phục HồI Hư Tổn 170g,NCC014DONGVAN,CÔNG TY TNHH THƯƠNG MẠI - DỊCH VỤ ĐÔNG VÂN,,,CÔNG TY TNHH THƯƠNG MẠI VÀ DỊCH VỤ MIRA GROUP,3d0c0069-8bc2-11f1-9b18-005056b2a5de,245,5f0e4e08-4281-484d-b083-04b752a219e4,301,3d6196c1-8bc2-11f1-9b18-005056b2a5de,a38f9189-ad87-11ef-a35e-005056b28600
2026-07-18T00:00:00,Nhập kho mua hàng,NK000772,KHOKE01,Kho Kệ,06__RBC__KPS__TRE__01,PS Bàn Chải MuốI Tre,Cái,24.0,23911.0,573852.0,0.0,0.0,0.0,Chăm Sóc Răng Miệng,06__RBC__KPS__TRE__01,PS Bàn Chải MuốI Tre,NCC014DONGVAN,CÔNG TY TNHH THƯƠNG MẠI - DỊCH VỤ ĐÔNG VÂN,,,CÔNG TY TNHH THƯƠNG MẠI VÀ DỊCH VỤ MIRA GROUP,3d0c0069-8bc2-11f1-9b18-005056b2a5de,246,5f0e4e08-4281-484d-b083-04b752a219e4,301,3d6196e9-8bc2-11f1-9b18-005056b2a5de,a38f9189-ad87-11ef-a35e-005056b28600
2026-07-18T00:00:00,Nhập kho mua hàng,NK000773,KHOKE01,Kho Kệ,02__XXH__OFO__PMI__62,OFOOD Xúc Xích Xốt Phô Mai Hũ 62g,Hũ,24.0,7000.0,168000.0,0.0,0.0,0.0,Xúc Xích,02__XXH__OFO__PMI__62,OFOOD Xúc Xích Xốt Phô Mai Hũ 62g,NCC020BAMECO,CÔNG TY TNHH BAMECO,,,CÔNG TY TNHH THƯƠNG MẠI VÀ DỊCH VỤ MIRA GROUP,3d0c0069-8bc2-11f1-9b18-005056b2a5de,247,042c5df0-9b42-415f-9c9e-a68ad03947ad,301,3d619719-8bc2-11f1-9b18-005056b2a5de,a38f9189-ad87-11ef-a35e-005056b28600
2026-07-18T00:00:00,Nhập kho mua hàng,NK000774,KHOKE01,Kho Kệ,03__BMI__KID__CUC__80,KIDO Bánh Mì Hoa Cúc 80g,Bịch,10.0,12610.0,126100.0,0.0,0.0,0.0,Bánh Mì Mềm,03__BMI__KID__CUC__80,KIDO Bánh Mì Hoa Cúc 80g,NCC006TRUCNHI,CÔNG TY TRÁCH NHIỆM HỮU HẠN THƯƠNG MẠI VÀ DỊCH VỤ TRÚC NHI,,,CÔNG TY TNHH THƯƠNG MẠI VÀ DỊCH VỤ MIRA GROUP,3d0c0069-8bc2-11f1-9b18-005056b2a5de,248,de5ead24-9935-4ccf-a90d-ceeb1ca01174,301,3d619745-8bc2-11f1-9b18-005056b2a5de,a38f9189-ad87-11ef-a35e-005056b28600
2026-07-18T00:00:00,Nhập kho mua hàng,NK000774,KHOKE01,Kho Kệ,03__BMI__KID__SUA__80,KIDO Bánh Mì 6 Múi Vị Bơ Sữa 80g,Bịch,5.0,8245.0,41225.0,0.0,0.0,0.0,Bánh Mì Mềm,03__BMI__KID__SUA__80,KIDO Bánh Mì 6 Múi Vị Bơ Sữa 80g,NCC006TRUCNHI,CÔNG TY TRÁCH NHIỆM HỮU HẠN THƯƠNG MẠI VÀ DỊCH VỤ TRÚC NHI,,,CÔNG TY TNHH THƯƠNG MẠI VÀ DỊCH VỤ MIRA GROUP,3d0c0069-8bc2-11f1-9b18-005056b2a5de,249,de5ead24-9935-4ccf-a90d-ceeb1ca01174,301,3d61976e-8bc2-11f1-9b18-005056b2a5de,a38f9189-ad87-11ef-a35e-005056b28600
2026-07-18T00:00:00,Nhập kho mua hàng,NK000774,KHOKE01,Kho Kệ,03__BMI__KID__SGP__55,KIDO Bánh Chà Bông Xốt Sigapore 55g,Bịch,20.0,8730.0,174600.0,0.0,0.0,0.0,Bánh Mì Mềm,03__BMI__KID__SGP__55,KIDO Bánh Chà Bông Xốt Sigapore 55g,NCC006TRUCNHI,CÔNG TY TRÁCH NHIỆM HỮU HẠN THƯƠNG MẠI VÀ DỊCH VỤ TRÚC NHI,,,CÔNG TY TNHH THƯƠNG MẠI VÀ DỊCH VỤ MIRA GROUP,3d0c0069-8bc2-11f1-9b18-005056b2a5de,250,de5ead24-9935-4ccf-a90d-ceeb1ca01174,301,3d619798-8bc2-11f1-9b18-005056b2a5de,a38f9189-ad87-11ef-a35e-005056b28600
2026-07-18T00:00:00,Nhập kho mua hàng,NK000774,KHOKE01,Kho Kệ,03__BMI__KID__SOC__55,KIDO Bánh Mì Vị Socola 55g,Bịch,15.0,6333.0,95000.0,0.0,0.0,0.0,Bánh Mì Mềm,03__BMI__KID__SOC__55,KIDO Bánh Mì Vị Socola 55g,NCC006TRUCNHI,CÔNG TY TRÁCH NHIỆM HỮU HẠN THƯƠNG MẠI VÀ DỊCH VỤ TRÚC NHI,,,CÔNG TY TNHH THƯƠNG MẠI VÀ DỊCH VỤ MIRA GROUP,3d0c0069-8bc2-11f1-9b18-005056b2a5de,251,de5ead24-9935-4ccf-a90d-ceeb1ca01174,301,3d6197c3-8bc2-11f1-9b18-005056b2a5de,a38f9189-ad87-11ef-a35e-005056b28600
2026-07-18T00:00:00,Nhập kho mua hàng,NK000774,KHOKE01,Kho Kệ,03__BMI__KID__DLO__40,KIDO Bánh Phô Mai Castella Hương Vị Đài Loan 40g,Bịch,10.0,8730.0,87300.0,0.0,0.0,0.0,,03__BMI__KID__DLO__40,KIDO Bánh Phô Mai Castella Hương Vị Đài Loan 40g,NCC006TRUCNHI,CÔNG TY TRÁCH NHIỆM HỮU HẠN THƯƠNG MẠI VÀ DỊCH VỤ TRÚC NHI,,,CÔNG TY TNHH THƯƠNG MẠI VÀ DỊCH VỤ MIRA GROUP,3d0c0069-8bc2-11f1-9b18-005056b2a5de,252,de5ead24-9935-4ccf-a90d-ceeb1ca01174,301,3d6197ea-8bc2-11f1-9b18-005056b2a5de,a38f9189-ad87-11ef-a35e-005056b28600
2026-07-18T00:00:00,Nhập kho mua hàng,NK000774,KHOKE01,Kho Kệ,03__BMI__KID__SUA__55,KIDO Bánh Mì Vị Bơ Sữa 55g,Bịch,5.0,6300.0,31500.0,0.0,0.0,0.0,Bánh Mì Mềm,03__BMI__KID__SUA__55,KIDO Bánh Mì Vị Bơ Sữa 55g,NCC006TRUCNHI,CÔNG TY TRÁCH NHIỆM HỮU HẠN THƯƠNG MẠI VÀ DỊCH VỤ TRÚC NHI,,,CÔNG TY TNHH THƯƠNG MẠI VÀ DỊCH VỤ MIRA GROUP,3d0c0069-8bc2-11f1-9b18-005056b2a5de,253,de5ead24-9935-4ccf-a90d-ceeb1ca01174,301,3d619812-8bc2-11f1-9b18-005056b2a5de,a38f9189-ad87-11ef-a35e-005056b28600
2026-07-18T00:00:00,Nhập kho mua hàng,NK000775,KHOKE01,Kho Kệ,03__SKT__LAY__TEX__53,LAYS Snack Vị Thăn Bò Nướng Texas 53g,Bịch,14.0,6071.0,85000.0,0.0,0.0,0.0,Snack Khoai Tây,03__SKT__LAY__TEX__53,LAYS Snack Vị Thăn Bò Nướng Texas 53g,NCC028SONGPHATTHINH,CÔNG TY TRÁCH NHIỆM HỮU HẠN THƯƠNG MẠI SONG PHÁT THỊNH,,,CÔNG TY TNHH THƯƠNG MẠI VÀ DỊCH VỤ MIRA GROUP,3d0c0069-8bc2-11f1-9b18-005056b2a5de,254,261ede9f-cd33-4bcc-a9f4-3a96053aceac,301,3d619883-8bc2-11f1-9b18-005056b2a5de,a38f9189-ad87-11ef-a35e-005056b28600
2026-07-18T00:00:00,Nhập kho mua hàng,NK000775,KHOKE01,Kho Kệ,LMSVTBW901,LAYS MAX Snack Vị Thăn Bò Wagyu 90g,Bịch,10.0,16500.0,165000.0,0.0,0.0,0.0,,LMSVTBW901,LAYS MAX Snack Vị Thăn Bò Wagyu 90g,NCC028SONGPHATTHINH,CÔNG TY TRÁCH NHIỆM HỮU HẠN THƯƠNG MẠI SONG PHÁT THỊNH,,,CÔNG TY TNHH THƯƠNG MẠI VÀ DỊCH VỤ MIRA GROUP,3d0c0069-8bc2-11f1-9b18-005056b2a5de,255,261ede9f-cd33-4bcc-a9f4-3a96053aceac,301,3d6198b2-8bc2-11f1-9b18-005056b2a5de,a38f9189-ad87-11ef-a35e-005056b28600
2026-07-18T00:00:00,Nhập kho mua hàng,NK000775,KHOKE01,Kho Kệ,03__SKT__LAY__THM__100,LAYS STAX Vị Tôm Hùm Nướng Lon 100g,Lon,8.0,27000.0,216000.0,0.0,0.0,0.0,Snack Khoai Tây,03__SKT__LAY__THM__100,LAYS STAX Vị Tôm Hùm Nướng Lon 100g,NCC028SONGPHATTHINH,CÔNG TY TRÁCH NHIỆM HỮU HẠN THƯƠNG MẠI SONG PHÁT THỊNH,,,CÔNG TY TNHH THƯƠNG MẠI VÀ DỊCH VỤ MIRA GROUP,3d0c0069-8bc2-11f1-9b18-005056b2a5de,256,261ede9f-cd33-4bcc-a9f4-3a96053aceac,301,3d6198e0-8bc2-11f1-9b18-005056b2a5de,a38f9189-ad87-11ef-a35e-005056b28600
2026-07-18T00:00:00,Nhập kho mua hàng,NK000775,KHOKE01,Kho Kệ,LSVTBNB901,LAYS Snack Vị Tảo Biển Nori Bịch 90g,Bịch,20.0,16500.0,330000.0,0.0,0.0,0.0,Snack Khoai Tây,LSVTBNB901,LAYS Snack Vị Tảo Biển Nori Bịch 90g,NCC028SONGPHATTHINH,CÔNG TY TRÁCH NHIỆM HỮU HẠN THƯƠNG MẠI SONG PHÁT THỊNH,,,CÔNG TY TNHH THƯƠNG MẠI VÀ DỊCH VỤ MIRA GROUP,3d0c0069-8bc2-11f1-9b18-005056b2a5de,257,261ede9f-cd33-4bcc-a9f4-3a96053aceac,301,3d61990f-8bc2-11f1-9b18-005056b2a5de,a38f9189-ad87-11ef-a35e-005056b28600
2026-07-18T00:00:00,Nhập kho mua hàng,NK000775,KHOKE01,Kho Kệ,03__SKT__LAY__MUC__100,LAYS STAX Vị Mực Xốt Cay Lon 100g,Lon,8.0,27000.0,216000.0,0.0,0.0,0.0,Snack Khoai Tây,03__SKT__LAY__MUC__100,LAYS STAX Vị Mực Xốt Cay Lon 100g,NCC028SONGPHATTHINH,CÔNG TY TRÁCH NHIỆM HỮU HẠN THƯƠNG MẠI SONG PHÁT THỊNH,,,CÔNG TY TNHH THƯƠNG MẠI VÀ DỊCH VỤ MIRA GROUP,3d0c0069-8bc2-11f1-9b18-005056b2a5de,258,261ede9f-cd33-4bcc-a9f4-3a96053aceac,301,3d619940-8bc2-11f1-9b18-005056b2a5de,a38f9189-ad87-11ef-a35e-005056b28600
2026-07-18T00:00:00,Nhập kho mua hàng,NK000775,KHOKE01,Kho Kệ,03__SKT__LAY__TNN__90,LAYS Snack Vị Khoai Tây Tự Nhiên Bịch 90g,Bịch,10.0,16500.0,165000.0,0.0,0.0,0.0,Snack Khoai Tây,03__SKT__LAY__TNN__90,LAYS Snack Vị Khoai Tây Tự Nhiên Bịch 90g,NCC028SONGPHATTHINH,CÔNG TY TRÁCH NHIỆM HỮU HẠN THƯƠNG MẠI SONG PHÁT THỊNH,,,CÔNG TY TNHH THƯƠNG MẠI VÀ DỊCH VỤ MIRA GROUP,3d0c0069-8bc2-11f1-9b18-005056b2a5de,259,261ede9f-cd33-4bcc-a9f4-3a96053aceac,301,3d619968-8bc2-11f1-9b18-005056b2a5de,a38f9189-ad87-11ef-a35e-005056b28600
2026-07-18T00:00:00,Nhập kho mua hàng,NK000775,KHOKE01,Kho Kệ,03__SKT__LAY__BBQ__53,LAYS Snack Vị Sườn Nướng BBQ Brazil Bịch 53g,Bịch,10.0,8500.0,85000.0,0.0,0.0,0.0,Snack Khoai Tây,03__SKT__LAY__BBQ__53,LAYS Snack Vị Sườn Nướng BBQ Brazil Bịch 53g,NCC028SONGPHATTHINH,CÔNG TY TRÁCH NHIỆM HỮU HẠN THƯƠNG MẠI SONG PHÁT THỊNH,,,CÔNG TY TNHH THƯƠNG MẠI VÀ DỊCH VỤ MIRA GROUP,3d0c0069-8bc2-11f1-9b18-005056b2a5de,260,261ede9f-cd33-4bcc-a9f4-3a96053aceac,301,3d61998f-8bc2-11f1-9b18-005056b2a5de,a38f9189-ad87-11ef-a35e-005056b28600
2026-07-18T00:00:00,Nhập kho mua hàng,NK000775,KHOKE01,Kho Kệ,03__SKT__LAY__TNN__100,LAYS STAX Vị Tự Nhiên Lon 100g,Lon,2.0,0.0,0.0,0.0,0.0,0.0,Snack Khoai Tây,03__SKT__LAY__TNN__100,LAYS STAX Vị Tự Nhiên Lon 100g,NCC028SONGPHATTHINH,CÔNG TY TRÁCH NHIỆM HỮU HẠN THƯƠNG MẠI SONG PHÁT THỊNH,,,CÔNG TY TNHH THƯƠNG MẠI VÀ DỊCH VỤ MIRA GROUP,3d0c0069-8bc2-11f1-9b18-005056b2a5de,261,261ede9f-cd33-4bcc-a9f4-3a96053aceac,301,3d6199bd-8bc2-11f1-9b18-005056b2a5de,a38f9189-ad87-11ef-a35e-005056b28600
2026-07-18T00:00:00,Nhập kho mua hàng,NK000776,KHOKE01,Kho Kệ,03__BQU__ORE__SOC__64,OREO Bánh Quy Hương Socola Lớn 64g,Thùng,1.0,115200.0,115200.0,0.0,0.0,0.0,Bánh Quy,03__BQU__ORE__SOC__64,OREO Bánh Quy Hương Socola Lớn 64g,NCC011TRUCNGUYEN,CÔNG TY TRÁCH NHIỆM HỮU HẠN THƯƠNG MẠI VÀ DỊCH VỤ TRÚC NGUYÊN,,,CÔNG TY TNHH THƯƠNG MẠI VÀ DỊCH VỤ MIRA GROUP,3d0c0069-8bc2-11f1-9b18-005056b2a5de,262,750e20f1-4cc2-4eb9-9d3c-94e027cd6eaa,301,3d6199e7-8bc2-11f1-9b18-005056b2a5de,a38f9189-ad87-11ef-a35e-005056b28600
2026-07-18T00:00:00,Nhập kho mua hàng,NK000776,KHOKE01,Kho Kệ,03__BQU__ORE__VAN__64,OREO Bánh Quy Hương Vani Lớn 64g,Thùng,1.0,115200.0,115200.0,0.0,0.0,0.0,Bánh Quy,03__BQU__ORE__VAN__64,OREO Bánh Quy Hương Vani Lớn 64g,NCC011TRUCNGUYEN,CÔNG TY TRÁCH NHIỆM HỮU HẠN THƯƠNG MẠI VÀ DỊCH VỤ TRÚC NGUYÊN,,,CÔNG TY TNHH THƯƠNG MẠI VÀ DỊCH VỤ MIRA GROUP,3d0c0069-8bc2-11f1-9b18-005056b2a5de,263,750e20f1-4cc2-4eb9-9d3c-94e027cd6eaa,301,3d619a0f-8bc2-11f1-9b18-005056b2a5de,a38f9189-ad87-11ef-a35e-005056b28600
2026-07-18T00:00:00,Nhập kho mua hàng,NK000776,KHOKE01,Kho Kệ,03__SKT__SLI__TNG__145,SLIDE Khoai Tây Vị Thịt Nướng Lon 145g,Lon,14.0,36000.0,504000.0,0.0,0.0,0.0,Snack Khoai Tây,03__SKT__SLI__TNG__145,SLIDE Khoai Tây Vị Thịt Nướng Lon 145g,NCC011TRUCNGUYEN,CÔNG TY TRÁCH NHIỆM HỮU HẠN THƯƠNG MẠI VÀ DỊCH VỤ TRÚC NGUYÊN,,,CÔNG TY TNHH THƯƠNG MẠI VÀ DỊCH VỤ MIRA GROUP,3d0c0069-8bc2-11f1-9b18-005056b2a5de,264,750e20f1-4cc2-4eb9-9d3c-94e027cd6eaa,301,3d619a3b-8bc2-11f1-9b18-005056b2a5de,a38f9189-ad87-11ef-a35e-005056b28600
2026-07-18T00:00:00,Nhập kho mua hàng,NK000776,KHOKE01,Kho Kệ,KABQVLM801,KINHDO AFC Bánh Quy Vị Lúa Mì 86g,Hộp,18.0,12000.0,216000.0,0.0,0.0,0.0,Bánh Quy,KABQVLM801,KINHDO AFC Bánh Quy Vị Lúa Mì 86g,NCC011TRUCNGUYEN,CÔNG TY TRÁCH NHIỆM HỮU HẠN THƯƠNG MẠI VÀ DỊCH VỤ TRÚC NGUYÊN,,,CÔNG TY TNHH THƯƠNG MẠI VÀ DỊCH VỤ MIRA GROUP,3d0c0069-8bc2-11f1-9b18-005056b2a5de,265,750e20f1-4cc2-4eb9-9d3c-94e027cd6eaa,301,3d619a65-8bc2-11f1-9b18-005056b2a5de,a38f9189-ad87-11ef-a35e-005056b28600
2026-07-20T00:00:00,Nhập kho mua hàng,NK000777,KHOKE01,Kho Kệ,04__SHG__THM__IDG__180,TH Truemilk Sữa Tươi TT Ít Đường 180ml,Hộp,2.0,0.0,0.0,0.0,0.0,0.0,Sữa Hộp Giấy,04__SHG__THM__IDG__180,TH Truemilk Sữa Tươi TT Ít Đường 180ml,NCC027THANHLOI,CÔNG TY TNHH THƯƠNG MẠI XÂY DỰNG - CHẾ BIẾN LÂM SẢN - MỘC - THÀNH LỢI,,,CÔNG TY TNHH THƯƠNG MẠI VÀ DỊCH VỤ MIRA GROUP,3d0c0069-8bc2-11f1-9b18-005056b2a5de,266,933d9e8b-24bb-40c9-a797-57723b90b0fe,301,3d619a8e-8bc2-11f1-9b18-005056b2a5de,a38f9189-ad87-11ef-a35e-005056b28600
2026-07-20T00:00:00,Nhập kho mua hàng,NK000777,KHOKE01,Kho Kệ,04__SHG__THM__IDG__180,TH Truemilk Sữa Tươi TT Ít Đường 180ml,Thùng,2.0,438048.0,876096.0,0.0,0.0,0.0,Sữa Hộp Giấy,04__SHG__THM__IDG__180,TH Truemilk Sữa Tươi TT Ít Đường 180ml,NCC027THANHLOI,CÔNG TY TNHH THƯƠNG MẠI XÂY DỰNG - CHẾ BIẾN LÂM SẢN - MỘC - THÀNH LỢI,,,CÔNG TY TNHH THƯƠNG MẠI VÀ DỊCH VỤ MIRA GROUP,3d0c0069-8bc2-11f1-9b18-005056b2a5de,267,933d9e8b-24bb-40c9-a797-57723b90b0fe,301,3d619aba-8bc2-11f1-9b18-005056b2a5de,a38f9189-ad87-11ef-a35e-005056b28600
2026-07-20T00:00:00,Nhập kho mua hàng,NK000778,KHOKE01,Kho Kệ,03__SKT__OOS__TAO__31,ORION Ostar Snack Tảo Biển Bịch 31g,Bịch,3.0,0.0,0.0,0.0,0.0,0.0,Snack Khoai Tây,03__SKT__OOS__TAO__31,ORION Ostar Snack Tảo Biển Bịch 31g,NCC017MINHNGA,CÔNG TY TRÁCH NHIỆM HỮU HẠN THƯƠNG MẠI - DỊCH VU MINH NGA NINH THUẬN,,,CÔNG TY TNHH THƯƠNG MẠI VÀ DỊCH VỤ MIRA GROUP,3d0c0069-8bc2-11f1-9b18-005056b2a5de,268,28fdb75d-0bc5-4222-b264-100dfd18109e,301,3d619ae4-8bc2-11f1-9b18-005056b2a5de,a38f9189-ad87-11ef-a35e-005056b28600
2026-07-20T00:00:00,Nhập kho mua hàng,NK000778,KHOKE01,Kho Kệ,03__SBN__ORO__NBO__35,ORION Snack Corn Chip Vị Bắp Nướng Bơ 35g,Bịch,3.0,0.0,0.0,0.0,0.0,0.0,Snack Bắp,03__SBN__ORO__NBO__35,ORION Snack Corn Chip Vị Bắp Nướng Bơ 35g,NCC017MINHNGA,CÔNG TY TRÁCH NHIỆM HỮU HẠN THƯƠNG MẠI - DỊCH VU MINH NGA NINH THUẬN,,,CÔNG TY TNHH THƯƠNG MẠI VÀ DỊCH VỤ MIRA GROUP,3d0c0069-8bc2-11f1-9b18-005056b2a5de,269,28fdb75d-0bc5-4222-b264-100dfd18109e,301,3d619b0c-8bc2-11f1-9b18-005056b2a5de,a38f9189-ad87-11ef-a35e-005056b28600
2026-07-20T00:00:00,Nhập kho mua hàng,NK000778,KHOKE01,Kho Kệ,03__SKT__OOS__PMI__56,ORION Ostar Snack Phô Mai Trứng Muối Bịch 56g,Bịch,10.0,8738.0,87382.0,0.0,0.0,0.0,Snack Khoai Tây,03__SKT__OOS__PMI__56,ORION Ostar Snack Phô Mai Trứng Muối Bịch 56g,NCC017MINHNGA,CÔNG TY TRÁCH NHIỆM HỮU HẠN THƯƠNG MẠI - DỊCH VU MINH NGA NINH THUẬN,,,CÔNG TY TNHH THƯƠNG MẠI VÀ DỊCH VỤ MIRA GROUP,3d0c0069-8bc2-11f1-9b18-005056b2a5de,270,28fdb75d-0bc5-4222-b264-100dfd18109e,301,3d619b34-8bc2-11f1-9b18-005056b2a5de,a38f9189-ad87-11ef-a35e-005056b28600
2026-07-20T00:00:00,Nhập kho mua hàng,NK000778,KHOKE01,Kho Kệ,03__SKT__OOS__TBN__55,ORION Ostar Snack Tảo Biển Bịch 55g,Bịch,5.0,0.0,0.0,0.0,0.0,0.0,Snack Khoai Tây,03__SKT__OOS__TBN__55,ORION Ostar Snack Tảo Biển Bịch 55g,NCC017MINHNGA,CÔNG TY TRÁCH NHIỆM HỮU HẠN THƯƠNG MẠI - DỊCH VU MINH NGA NINH THUẬN,,,CÔNG TY TNHH THƯƠNG MẠI VÀ DỊCH VỤ MIRA GROUP,3d0c0069-8bc2-11f1-9b18-005056b2a5de,271,28fdb75d-0bc5-4222-b264-100dfd18109e,301,3d619b5e-8bc2-11f1-9b18-005056b2a5de,a38f9189-ad87-11ef-a35e-005056b28600
2026-07-20T00:00:00,Nhập kho mua hàng,NK000778,KHOKE01,Kho Kệ,03__SKT__ORS__GAT__55,ORION Swing Snack Vị Gà Teriyaki Bịch 55g,Bịch,10.0,8738.0,87382.0,0.0,0.0,0.0,Snack Khoai Tây,03__SKT__ORS__GAT__55,ORION Swing Snack Vị Gà Teriyaki Bịch 55g,NCC017MINHNGA,CÔNG TY TRÁCH NHIỆM HỮU HẠN THƯƠNG MẠI - DỊCH VU MINH NGA NINH THUẬN,,,CÔNG TY TNHH THƯƠNG MẠI VÀ DỊCH VỤ MIRA GROUP,3d0c0069-8bc2-11f1-9b18-005056b2a5de,272,28fdb75d-0bc5-4222-b264-100dfd18109e,301,3d619b85-8bc2-11f1-9b18-005056b2a5de,a38f9189-ad87-11ef-a35e-005056b28600
2026-07-20T00:00:00,Nhập kho mua hàng,NK000778,KHOKE01,Kho Kệ,03__KCU__ORO__QMO__84,ORION Kẹo Cứng Họng Quất Mật Ong 84g,Bịch,10.0,13255.0,132550.0,0.0,0.0,0.0,Kẹo Cứng,03__KCU__ORO__QMO__84,ORION Kẹo Cứng Họng Quất Mật Ong 84g,NCC017MINHNGA,CÔNG TY TRÁCH NHIỆM HỮU HẠN THƯƠNG MẠI - DỊCH VU MINH NGA NINH THUẬN,,,CÔNG TY TNHH THƯƠNG MẠI VÀ DỊCH VỤ MIRA GROUP,3d0c0069-8bc2-11f1-9b18-005056b2a5de,273,28fdb75d-0bc5-4222-b264-100dfd18109e,301,3d619bad-8bc2-11f1-9b18-005056b2a5de,a38f9189-ad87-11ef-a35e-005056b28600
2026-07-20T00:00:00,Nhập kho mua hàng,NK000778,KHOKE01,Kho Kệ,03__SKT__OOS__KCI__55,ORION Ostar Snack Kim Chi Hàn Quốc Bịch 55g,Bịch,21.0,8322.0,174764.0,0.0,0.0,0.0,Snack Khoai Tây,03__SKT__OOS__KCI__55,ORION Ostar Snack Kim Chi Hàn Quốc Bịch 55g,NCC017MINHNGA,CÔNG TY TRÁCH NHIỆM HỮU HẠN THƯƠNG MẠI - DỊCH VU MINH NGA NINH THUẬN,,,CÔNG TY TNHH THƯƠNG MẠI VÀ DỊCH VỤ MIRA GROUP,3d0c0069-8bc2-11f1-9b18-005056b2a5de,274,28fdb75d-0bc5-4222-b264-100dfd18109e,301,3d619bd8-8bc2-11f1-9b18-005056b2a5de,a38f9189-ad87-11ef-a35e-005056b28600
2026-07-20T00:00:00,Nhập kho mua hàng,NK000778,KHOKE01,Kho Kệ,03__SKT__ORS__BBT__55,ORION Swing Snack Vị Bò Bít Tết Newyork Bịch 55g,Bịch,20.0,8738.0,174764.0,0.0,0.0,0.0,Snack Khoai Tây,03__SKT__ORS__BBT__55,ORION Swing Snack Vị Bò Bít Tết Newyork Bịch 55g,NCC017MINHNGA,CÔNG TY TRÁCH NHIỆM HỮU HẠN THƯƠNG MẠI - DỊCH VU MINH NGA NINH THUẬN,,,CÔNG TY TNHH THƯƠNG MẠI VÀ DỊCH VỤ MIRA GROUP,3d0c0069-8bc2-11f1-9b18-005056b2a5de,275,28fdb75d-0bc5-4222-b264-100dfd18109e,301,3d619c00-8bc2-11f1-9b18-005056b2a5de,a38f9189-ad87-11ef-a35e-005056b28600
2026-07-20T00:00:00,Nhập kho mua hàng,NK000778,KHOKE01,Kho Kệ,03__SKH__ORT__PMI__60,ORION Toonies Snack Phô Mai Bùng Nổ 60g,Bịch,12.0,8247.0,98967.0,0.0,0.0,0.0,Snack Khác,03__SKH__ORT__PMI__60,ORION Toonies Snack Phô Mai Bùng Nổ 60g,NCC017MINHNGA,CÔNG TY TRÁCH NHIỆM HỮU HẠN THƯƠNG MẠI - DỊCH VU MINH NGA NINH THUẬN,,,CÔNG TY TNHH THƯƠNG MẠI VÀ DỊCH VỤ MIRA GROUP,3d0c0069-8bc2-11f1-9b18-005056b2a5de,276,28fdb75d-0bc5-4222-b264-100dfd18109e,301,3d619c27-8bc2-11f1-9b18-005056b2a5de,a38f9189-ad87-11ef-a35e-005056b28600
2026-07-20T00:00:00,Nhập kho mua hàng,NK000778,KHOKE01,Kho Kệ,03__KCU__ORO__BHA__84,ORION Kẹo Cứng Họng Bạc Hà Thảo Mộc 84g,Bịch,10.0,13255.0,132550.0,0.0,0.0,0.0,Kẹo Cứng,03__KCU__ORO__BHA__84,ORION Kẹo Cứng Họng Bạc Hà Thảo Mộc 84g,NCC017MINHNGA,CÔNG TY TRÁCH NHIỆM HỮU HẠN THƯƠNG MẠI - DỊCH VU MINH NGA NINH THUẬN,,,CÔNG TY TNHH THƯƠNG MẠI VÀ DỊCH VỤ MIRA GROUP,3d0c0069-8bc2-11f1-9b18-005056b2a5de,277,28fdb75d-0bc5-4222-b264-100dfd18109e,301,3d619c4f-8bc2-11f1-9b18-005056b2a5de,a38f9189-ad87-11ef-a35e-005056b28600
2026-07-21T00:00:00,Nhập kho mua hàng,NK000780,KHOKE01,Kho Kệ,06__RSM__LIS__COL__250,LISTERINE Nước Súc Miệng Coolmint 250ml,Chai,15.0,36333.0,545000.0,0.0,0.0,0.0,Chăm Sóc Răng Miệng,06__RSM__LIS__COL__250,LISTERINE Nước Súc Miệng Coolmint 250ml,NCC044THANHPHUONG,CÔNG TY TNHH XNK THÀNH PHƯƠNG GROUP,,,CÔNG TY TNHH THƯƠNG MẠI VÀ DỊCH VỤ MIRA GROUP,3d0c0069-8bc2-11f1-9b18-005056b2a5de,278,8e3c4034-beeb-465a-8ea7-21b7702d309a,301,3d619cfe-8bc2-11f1-9b18-005056b2a5de,a38f9189-ad87-11ef-a35e-005056b28600
2026-07-21T00:00:00,Nhập kho mua hàng,NK000781,KHOKE01,Kho Kệ,01__NLU__MON__XDG__320,COCA-COLA Monster Nước Tăng Lực Xanh Dương 320ml,Thùng,1.0,455000.0,455000.0,0.0,0.0,0.0,Nước Tăng Lực,01__NLU__MON__XDG__320,COCA-COLA Monster Nước Tăng Lực Xanh Dương 320ml,NCC022THYTHY,CÔNG TY TNHH DƯỢC PHẨM - THƯƠNG MẠI THY THY,,,CÔNG TY TNHH THƯƠNG MẠI VÀ DỊCH VỤ MIRA GROUP,3d0c0069-8bc2-11f1-9b18-005056b2a5de,279,1a071ace-1ec3-49bc-b88e-fae46248e35e,301,3d619d33-8bc2-11f1-9b18-005056b2a5de,a38f9189-ad87-11ef-a35e-005056b28600
2026-07-21T00:00:00,Nhập kho mua hàng,NK000781,KHOKE01,Kho Kệ,01__NGA__COC__DAU__320,COCA-COLA Fanta Hương Dâu Lon 320ml,Thùng,1.0,166000.0,166000.0,0.0,0.0,0.0,Nước Có Ga,01__NGA__COC__DAU__320,COCA-COLA Fanta Hương Dâu Lon 320ml,NCC022THYTHY,CÔNG TY TNHH DƯỢC PHẨM - THƯƠNG MẠI THY THY,,,CÔNG TY TNHH THƯƠNG MẠI VÀ DỊCH VỤ MIRA GROUP,3d0c0069-8bc2-11f1-9b18-005056b2a5de,280,1a071ace-1ec3-49bc-b88e-fae46248e35e,301,3d619d60-8bc2-11f1-9b18-005056b2a5de,a38f9189-ad87-11ef-a35e-005056b28600
2026-07-21T00:00:00,Nhập kho mua hàng,NK000781,KHOKE01,Kho Kệ,01__NGA__COC__AQA__390,COCA-COLA Aquarius Chai 390 ml,Thùng,1.0,155000.0,155000.0,0.0,0.0,0.0,Nước Có Ga,01__NGA__COC__AQA__390,COCA-COLA Aquarius Chai 390 ml,NCC022THYTHY,CÔNG TY TNHH DƯỢC PHẨM - THƯƠNG MẠI THY THY,,,CÔNG TY TNHH THƯƠNG MẠI VÀ DỊCH VỤ MIRA GROUP,3d0c0069-8bc2-11f1-9b18-005056b2a5de,281,1a071ace-1ec3-49bc-b88e-fae46248e35e,301,3d619d8d-8bc2-11f1-9b18-005056b2a5de,a38f9189-ad87-11ef-a35e-005056b28600
2026-07-21T00:00:00,Nhập kho mua hàng,NK000781,KHOKE01,Kho Kệ,01__STC__NUT__BQY__297,COCA-COLA NUTRIBOOST Sữa Bánh Quy 297ml,Chai,1.0,176000.0,176000.0,0.0,0.0,0.0,Sữa Trái Cây,01__STC__NUT__BQY__297,COCA-COLA NUTRIBOOST Sữa Bánh Quy 297ml,NCC022THYTHY,CÔNG TY TNHH DƯỢC PHẨM - THƯƠNG MẠI THY THY,,,CÔNG TY TNHH THƯƠNG MẠI VÀ DỊCH VỤ MIRA GROUP,3d0c0069-8bc2-11f1-9b18-005056b2a5de,282,1a071ace-1ec3-49bc-b88e-fae46248e35e,301,3d619db5-8bc2-11f1-9b18-005056b2a5de,a38f9189-ad87-11ef-a35e-005056b28600
2026-07-21T00:00:00,Nhập kho mua hàng,NK000781,KHOKE01,Kho Kệ,01__NLU__MON__XLA__320,COCA-COLA Monster Nước Tăng Lực Xanh Lá 320ml,Thùng,1.0,455000.0,455000.0,0.0,0.0,0.0,Nước Tăng Lực,01__NLU__MON__XLA__320,COCA-COLA Monster Nước Tăng Lực Xanh Lá 320ml,NCC022THYTHY,CÔNG TY TNHH DƯỢC PHẨM - THƯƠNG MẠI THY THY,,,CÔNG TY TNHH THƯƠNG MẠI VÀ DỊCH VỤ MIRA GROUP,3d0c0069-8bc2-11f1-9b18-005056b2a5de,283,1a071ace-1ec3-49bc-b88e-fae46248e35e,301,3d619ddb-8bc2-11f1-9b18-005056b2a5de,a38f9189-ad87-11ef-a35e-005056b28600
2026-07-21T00:00:00,Nhập kho mua hàng,NK000782,KHOKE01,Kho Kệ,06__TXC__PAN__KER__300,PANTENE Kem Xả Mềm Tóc Miracles Keratin 300ml,Chai,5.0,86447.0,432233.0,0.0,0.0,0.0,Chăm Sóc Tóc,06__TXC__PAN__KER__300,PANTENE Kem Xả Mềm Tóc Miracles Keratin 300ml,NCC007DACHUNG,CHI NHÁNH CÔNG TY TNHH THƯƠNG MẠI ĐẮC HƯNG TẠI NINH THUẬN,,,CÔNG TY TNHH THƯƠNG MẠI VÀ DỊCH VỤ MIRA GROUP,3d0c0069-8bc2-11f1-9b18-005056b2a5de,284,2a0157e5-e15c-40c4-9c69-aea292c57b8c,301,3d619e05-8bc2-11f1-9b18-005056b2a5de,a38f9189-ad87-11ef-a35e-005056b28600
2026-07-21T00:00:00,Nhập kho mua hàng,NK000782,KHOKE01,Kho Kệ,06__DBC__GIL__CHH__50,GILLETTE Bọt Cạo Hương Chanh 50g,Chai,3.0,46970.0,140911.0,0.0,0.0,0.0,Chăm Sóc Da & Cơ Thể,06__DBC__GIL__CHH__50,GILLETTE Bọt Cạo Hương Chanh 50g,NCC007DACHUNG,CHI NHÁNH CÔNG TY TNHH THƯƠNG MẠI ĐẮC HƯNG TẠI NINH THUẬN,,,CÔNG TY TNHH THƯƠNG MẠI VÀ DỊCH VỤ MIRA GROUP,3d0c0069-8bc2-11f1-9b18-005056b2a5de,285,2a0157e5-e15c-40c4-9c69-aea292c57b8c,301,3d619e37-8bc2-11f1-9b18-005056b2a5de,a38f9189-ad87-11ef-a35e-005056b28600
2026-07-21T00:00:00,Nhập kho mua hàng,NK000782,KHOKE01,Kho Kệ,06__DCR__GIL__2,GILLETTE Dao Cạo Râu 2 Lưỡi,Cái,96.0,8534.0,819300.0,0.0,0.0,0.0,Chăm Sóc Da & Cơ Thể,06__DCR__GIL__2,GILLETTE Dao Cạo Râu 2 Lưỡi,NCC007DACHUNG,CHI NHÁNH CÔNG TY TNHH THƯƠNG MẠI ĐẮC HƯNG TẠI NINH THUẬN,,,CÔNG TY TNHH THƯƠNG MẠI VÀ DỊCH VỤ MIRA GROUP,3d0c0069-8bc2-11f1-9b18-005056b2a5de,286,2a0157e5-e15c-40c4-9c69-aea292c57b8c,301,3d619e5e-8bc2-11f1-9b18-005056b2a5de,a38f9189-ad87-11ef-a35e-005056b28600
2026-07-21T00:00:00,Nhập kho mua hàng,NK000783,KHOKE01,Kho Kệ,02__XXH__S2__CAY__34,S2 Xúc Xích Siume Cay Tứ Xuyên 34g,Hộp,2.0,200000.0,400000.0,0.0,0.0,0.0,Xúc Xích,02__XXH__S2__CAY__34,S2 Xúc Xích Siume Cay Tứ Xuyên 34g,NCC055CATTUONG,CÔNG TY TNHH TM VÀ DV PHÂN PHỐI CÁT TƯỜNG,,,CÔNG TY TNHH THƯƠNG MẠI VÀ DỊCH VỤ MIRA GROUP,3d0c0069-8bc2-11f1-9b18-005056b2a5de,287,a4387656-b580-44c1-bd20-874e04ab90d0,301,3d619e87-8bc2-11f1-9b18-005056b2a5de,a38f9189-ad87-11ef-a35e-005056b28600
2026-07-21T00:00:00,Nhập kho mua hàng,NK000783,KHOKE01,Kho Kệ,02__XXH__S2__BAP__34,S2 Xúc Xích Siume Bắp Ngọt 34g,Hộp,2.0,200000.0,400000.0,0.0,0.0,0.0,Xúc Xích,02__XXH__S2__BAP__34,S2 Xúc Xích Siume Bắp Ngọt 34g,NCC055CATTUONG,CÔNG TY TNHH TM VÀ DV PHÂN PHỐI CÁT TƯỜNG,,,CÔNG TY TNHH THƯƠNG MẠI VÀ DỊCH VỤ MIRA GROUP,3d0c0069-8bc2-11f1-9b18-005056b2a5de,288,a4387656-b580-44c1-bd20-874e04ab90d0,301,3d619eb4-8bc2-11f1-9b18-005056b2a5de,a38f9189-ad87-11ef-a35e-005056b28600
2026-07-21T00:00:00,Nhập kho mua hàng,NK000783,KHOKE01,Kho Kệ,02__XXH__S2__PMI__34,S2 Xúc Xích Siume Nhân Phô Mai 34g,Hộp,2.0,200000.0,400000.0,0.0,0.0,0.0,Xúc Xích,02__XXH__S2__PMI__34,S2 Xúc Xích Siume Nhân Phô Mai 34g,NCC055CATTUONG,CÔNG TY TNHH TM VÀ DV PHÂN PHỐI CÁT TƯỜNG,,,CÔNG TY TNHH THƯƠNG MẠI VÀ DỊCH VỤ MIRA GROUP,3d0c0069-8bc2-11f1-9b18-005056b2a5de,289,a4387656-b580-44c1-bd20-874e04ab90d0,301,3d619edb-8bc2-11f1-9b18-005056b2a5de,a38f9189-ad87-11ef-a35e-005056b28600
2026-07-25T00:00:00,Nhập kho mua hàng,NK000784,KHOKE01,Kho Kệ,02__MGO__ACE__GPM__131,ACECOOK SiuKay Gà Xốt Phô Mai Gói 131g,Thùng,1.0,286000.0,286000.0,0.0,0.0,0.0,Mì Gói,02__MGO__ACE__GPM__131,ACECOOK SiuKay Gà Xốt Phô Mai Gói 131g,NCC022THYTHY,CÔNG TY TNHH DƯỢC PHẨM - THƯƠNG MẠI THY THY,,,CÔNG TY TNHH THƯƠNG MẠI VÀ DỊCH VỤ MIRA GROUP,3d0c0069-8bc2-11f1-9b18-005056b2a5de,290,9e0fc4a0-6ae0-4f85-a428-3c449faf0742,301,3d619f02-8bc2-11f1-9b18-005056b2a5de,a38f9189-ad87-11ef-a35e-005056b28600
2026-07-25T00:00:00,Nhập kho mua hàng,NK000784,KHOKE01,Kho Kệ,02__MNT__NHO__HEO__64,ACECOOK NHỚ Miến Sườn Heo Tô 64g,Tô,12.0,14167.0,170000.0,0.0,0.0,0.0,Miến Tô,02__MNT__NHO__HEO__64,ACECOOK NHỚ Miến Sườn Heo Tô 64g,NCC022THYTHY,CÔNG TY TNHH DƯỢC PHẨM - THƯƠNG MẠI THY THY,,,CÔNG TY TNHH THƯƠNG MẠI VÀ DỊCH VỤ MIRA GROUP,3d0c0069-8bc2-11f1-9b18-005056b2a5de,291,9e0fc4a0-6ae0-4f85-a428-3c449faf0742,301,3d619f2d-8bc2-11f1-9b18-005056b2a5de,a38f9189-ad87-11ef-a35e-005056b28600
2026-07-25T00:00:00,Nhập kho mua hàng,NK000784,KHOKE01,Kho Kệ,02__MTO__SKY__HSN__96,ACECOOK SiuKay Mì Trộn Hải Sản Tô 96g,Thùng,1.0,173000.0,173000.0,0.0,0.0,0.0,Mì Tô,02__MTO__SKY__HSN__96,ACECOOK SiuKay Mì Trộn Hải Sản Tô 96g,NCC022THYTHY,CÔNG TY TNHH DƯỢC PHẨM - THƯƠNG MẠI THY THY,,,CÔNG TY TNHH THƯƠNG MẠI VÀ DỊCH VỤ MIRA GROUP,3d0c0069-8bc2-11f1-9b18-005056b2a5de,292,9e0fc4a0-6ae0-4f85-a428-3c449faf0742,301,3d619f58-8bc2-11f1-9b18-005056b2a5de,a38f9189-ad87-11ef-a35e-005056b28600
2026-07-25T00:00:00,Nhập kho mua hàng,NK000784,KHOKE01,Kho Kệ,02__MTO__NHO__LTT__84,ACECOOK NHỚ Mì Lẩu Thái Tô 84g,Thùng,3.0,147000.0,441000.0,0.0,0.0,0.0,Mì Tô,02__MTO__NHO__LTT__84,ACECOOK NHỚ Mì Lẩu Thái Tô 84g,NCC022THYTHY,CÔNG TY TNHH DƯỢC PHẨM - THƯƠNG MẠI THY THY,,,CÔNG TY TNHH THƯƠNG MẠI VÀ DỊCH VỤ MIRA GROUP,3d0c0069-8bc2-11f1-9b18-005056b2a5de,293,9e0fc4a0-6ae0-4f85-a428-3c449faf0742,301,3d619f80-8bc2-11f1-9b18-005056b2a5de,a38f9189-ad87-11ef-a35e-005056b28600
2026-07-25T00:00:00,Nhập kho mua hàng,NK000784,KHOKE01,Kho Kệ,02__MIL__MOD__LTT__67,ACECOOK MODERN Mì Ly Lẩu Thái Tôm 67g,Thùng,3.0,184000.0,552000.0,0.0,0.0,0.0,Mì Ly,02__MIL__MOD__LTT__67,ACECOOK MODERN Mì Ly Lẩu Thái Tôm 67g,NCC022THYTHY,CÔNG TY TNHH DƯỢC PHẨM - THƯƠNG MẠI THY THY,,,CÔNG TY TNHH THƯƠNG MẠI VÀ DỊCH VỤ MIRA GROUP,3d0c0069-8bc2-11f1-9b18-005056b2a5de,294,9e0fc4a0-6ae0-4f85-a428-3c449faf0742,301,3d619fa7-8bc2-11f1-9b18-005056b2a5de,a38f9189-ad87-11ef-a35e-005056b28600
2026-07-25T00:00:00,Nhập kho mua hàng,NK000784,KHOKE01,Kho Kệ,02__MGO__HAO__CAY__75,ACECOOK HẢO HẢO Mì Tôm Chua Cay Gói 75g,Gói,7.0,0.0,0.0,0.0,0.0,0.0,Mì Gói,02__MGO__HAO__CAY__75,ACECOOK HẢO HẢO Mì Tôm Chua Cay Gói 75g,NCC022THYTHY,CÔNG TY TNHH DƯỢC PHẨM - THƯƠNG MẠI THY THY,,,CÔNG TY TNHH THƯƠNG MẠI VÀ DỊCH VỤ MIRA GROUP,3d0c0069-8bc2-11f1-9b18-005056b2a5de,295,9e0fc4a0-6ae0-4f85-a428-3c449faf0742,301,3d619fd3-8bc2-11f1-9b18-005056b2a5de,a38f9189-ad87-11ef-a35e-005056b28600
2026-07-25T00:00:00,Nhập kho mua hàng,NK000784,KHOKE01,Kho Kệ,02__MIL__MOD__LTT__67,ACECOOK MODERN Mì Ly Lẩu Thái Tôm 67g,Ly,6.0,0.0,0.0,0.0,0.0,0.0,Mì Ly,02__MIL__MOD__LTT__67,ACECOOK MODERN Mì Ly Lẩu Thái Tôm 67g,NCC022THYTHY,CÔNG TY TNHH DƯỢC PHẨM - THƯƠNG MẠI THY THY,,,CÔNG TY TNHH THƯƠNG MẠI VÀ DỊCH VỤ MIRA GROUP,3d0c0069-8bc2-11f1-9b18-005056b2a5de,296,9e0fc4a0-6ae0-4f85-a428-3c449faf0742,301,3d619ffa-8bc2-11f1-9b18-005056b2a5de,a38f9189-ad87-11ef-a35e-005056b28600
2026-07-25T00:00:00,Nhập kho mua hàng,NK000784,KHOKE01,Kho Kệ,02__MIL__HAO__TCY__67,ACECOOK HẢO HẢO Mì Ly Tôm Chua Cay 67g,Thùng,5.0,212000.0,1060000.0,0.0,0.0,0.0,Mì Ly,02__MIL__HAO__TCY__67,ACECOOK HẢO HẢO Mì Ly Tôm Chua Cay 67g,NCC022THYTHY,CÔNG TY TNHH DƯỢC PHẨM - THƯƠNG MẠI THY THY,,,CÔNG TY TNHH THƯƠNG MẠI VÀ DỊCH VỤ MIRA GROUP,3d0c0069-8bc2-11f1-9b18-005056b2a5de,297,9e0fc4a0-6ae0-4f85-a428-3c449faf0742,301,3d61a022-8bc2-11f1-9b18-005056b2a5de,a38f9189-ad87-11ef-a35e-005056b28600
2026-07-26T00:00:00,Nhập kho mua hàng,NK000785,KHOKE01,Kho Kệ,04__SUO__BEN__CAM__300,BETAGEN Sữa Chua Uống Hương Cam 300ml,Chai,29.0,14897.0,432000.0,0.0,0.0,0.0,Sữa Chua Uống,04__SUO__BEN__CAM__300,BETAGEN Sữa Chua Uống Hương Cam 300ml,NCC016MOCTIENPHAT,Nguyễn Lê Kim Yến,,,CÔNG TY TNHH THƯƠNG MẠI VÀ DỊCH VỤ MIRA GROUP,3d0c0069-8bc2-11f1-9b18-005056b2a5de,298,d9fe1171-d6e8-4fd0-a87b-36764bc60d8d,301,3d61a04e-8bc2-11f1-9b18-005056b2a5de,a38f9189-ad87-11ef-a35e-005056b28600
2026-07-26T00:00:00,Nhập kho mua hàng,NK000785,KHOKE01,Kho Kệ,04__SUO__BEN__DAU__300,BETAGEN Sữa Chua Uống Hương Dâu 300ml,Chai,24.0,18000.0,432000.0,0.0,0.0,0.0,Sữa Chua Uống,04__SUO__BEN__DAU__300,BETAGEN Sữa Chua Uống Hương Dâu 300ml,NCC016MOCTIENPHAT,Nguyễn Lê Kim Yến,,,CÔNG TY TNHH THƯƠNG MẠI VÀ DỊCH VỤ MIRA GROUP,3d0c0069-8bc2-11f1-9b18-005056b2a5de,299,d9fe1171-d6e8-4fd0-a87b-36764bc60d8d,301,3d61a07a-8bc2-11f1-9b18-005056b2a5de,a38f9189-ad87-11ef-a35e-005056b28600
2026-07-26T00:00:00,Nhập kho mua hàng,NK000785,KHOKE01,Kho Kệ,04__SUO__BEN__IDG__300,BETAGEN Sữa Chua Uống Ít Đường 300ml,Chai,24.0,18000.0,432000.0,0.0,0.0,0.0,Sữa Chua Uống,04__SUO__BEN__IDG__300,BETAGEN Sữa Chua Uống Ít Đường 300ml,NCC016MOCTIENPHAT,Nguyễn Lê Kim Yến,,,CÔNG TY TNHH THƯƠNG MẠI VÀ DỊCH VỤ MIRA GROUP,3d0c0069-8bc2-11f1-9b18-005056b2a5de,300,d9fe1171-d6e8-4fd0-a87b-36764bc60d8d,301,3d61a0a2-8bc2-11f1-9b18-005056b2a5de,a38f9189-ad87-11ef-a35e-005056b28600
2026-07-26T00:00:00,Nhập kho mua hàng,NK000785,KHOKE01,Kho Kệ,04__SUO__BEN__DUA__300,BETAGEN Sữa Chua Uống Hương Dứa 300ml,Chai,24.0,18000.0,432000.0,0.0,0.0,0.0,Sữa Chua Uống,04__SUO__BEN__DUA__300,BETAGEN Sữa Chua Uống Hương Dứa 300ml,NCC016MOCTIENPHAT,Nguyễn Lê Kim Yến,,,CÔNG TY TNHH THƯƠNG MẠI VÀ DỊCH VỤ MIRA GROUP,3d0c0069-8bc2-11f1-9b18-005056b2a5de,301,d9fe1171-d6e8-4fd0-a87b-36764bc60d8d,301,3d61a0c9-8bc2-11f1-9b18-005056b2a5de,a38f9189-ad87-11ef-a35e-005056b28600
2026-07-27T00:00:00,Nhập kho mua hàng,NK000779,KHOKE01,Kho Kệ,06__RKD__COL__VMC__90,COLGATE Kem Đánh Răng VitaminC Thơm Mát 90g,Cái,24.0,15300.0,367200.0,0.0,0.0,0.0,Chăm Sóc Răng Miệng,06__RKD__COL__VMC__90,COLGATE Kem Đánh Răng VitaminC Thơm Mát 90g,NCC010LONGHUNG,CÔNG TY TRÁCH NHIỆM HỮU HẠN THƯƠNG MẠI SẢN XUẤT DỊCH VỤ LONG HƯNG,,,CÔNG TY TNHH THƯƠNG MẠI VÀ DỊCH VỤ MIRA GROUP,3d0c0069-8bc2-11f1-9b18-005056b2a5de,302,03afa0c3-7346-47e5-9994-dfd1213e7fd4,301,3d61a0f3-8bc2-11f1-9b18-005056b2a5de,a38f9189-ad87-11ef-a35e-005056b28600
2026-07-27T00:00:00,Nhập kho mua hàng,NK000779,KHOKE01,Kho Kệ,06__RKD__COL__TOT__150,COLGATE Kem Đánh Răng Total Active Prevention 150g,Cái,24.0,43500.0,1044000.0,0.0,0.0,0.0,Chăm Sóc Răng Miệng,06__RKD__COL__TOT__150,COLGATE Kem Đánh Răng Total Active Prevention 150g,NCC010LONGHUNG,CÔNG TY TRÁCH NHIỆM HỮU HẠN THƯƠNG MẠI SẢN XUẤT DỊCH VỤ LONG HƯNG,,,CÔNG TY TNHH THƯƠNG MẠI VÀ DỊCH VỤ MIRA GROUP,3d0c0069-8bc2-11f1-9b18-005056b2a5de,303,03afa0c3-7346-47e5-9994-dfd1213e7fd4,301,3d61a11e-8bc2-11f1-9b18-005056b2a5de,a38f9189-ad87-11ef-a35e-005056b28600
2026-07-27T00:00:00,Nhập kho mua hàng,NK000786,KHOKE01,Kho Kệ,03__SRO__OFO__BBQ__5,OFOOD Lá Kim Vị BBQ 5g,Bịch,12.0,23000.0,276000.0,0.0,0.0,0.0,Snack Rong Biển,03__SRO__OFO__BBQ__5,OFOOD Lá Kim Vị BBQ 5g,NCC020BAMECO,CÔNG TY TNHH BAMECO,,,CÔNG TY TNHH THƯƠNG MẠI VÀ DỊCH VỤ MIRA GROUP,3d0c0069-8bc2-11f1-9b18-005056b2a5de,304,8d28e9f9-12a8-41e7-8890-c5c7f5d05b4f,301,3d61a146-8bc2-11f1-9b18-005056b2a5de,a38f9189-ad87-11ef-a35e-005056b28600
2026-07-27T00:00:00,Nhập kho mua hàng,NK000786,KHOKE01,Kho Kệ,03__SRO__OFO__TTG__6,OFOOD Snack Rong Biển Cuộn Nướng Vị Truyền Thống 6g,Hộp,5.0,63000.0,315000.0,0.0,0.0,0.0,Snack Rong Biển,03__SRO__OFO__TTG__6,OFOOD Snack Rong Biển Cuộn Nướng Vị Truyền Thống 6g,NCC020BAMECO,CÔNG TY TNHH BAMECO,,,CÔNG TY TNHH THƯƠNG MẠI VÀ DỊCH VỤ MIRA GROUP,3d0c0069-8bc2-11f1-9b18-005056b2a5de,305,8d28e9f9-12a8-41e7-8890-c5c7f5d05b4f,301,3d61a16f-8bc2-11f1-9b18-005056b2a5de,a38f9189-ad87-11ef-a35e-005056b28600
2026-07-27T00:00:00,Nhập kho mua hàng,NK000786,KHOKE01,Kho Kệ,03__SRO__OFO__PMI__5,OFOOD Lá Kim Vị Phô Mai 5g,Bịch,12.0,23000.0,276000.0,0.0,0.0,0.0,Snack Rong Biển,03__SRO__OFO__PMI__5,OFOOD Lá Kim Vị Phô Mai 5g,NCC020BAMECO,CÔNG TY TNHH BAMECO,,,CÔNG TY TNHH THƯƠNG MẠI VÀ DỊCH VỤ MIRA GROUP,3d0c0069-8bc2-11f1-9b18-005056b2a5de,306,8d28e9f9-12a8-41e7-8890-c5c7f5d05b4f,301,3d61a198-8bc2-11f1-9b18-005056b2a5de,a38f9189-ad87-11ef-a35e-005056b28600
2026-07-27T00:00:00,Nhập kho mua hàng,NK000786,KHOKE01,Kho Kệ,02__TOL__OFO__PMI__105,OFOOD Tokpokki Hàn Quốc Vị Phô Mai Ly 105g,Hộp,24.0,21500.0,516000.0,0.0,0.0,0.0,Tokpokki Ly,02__TOL__OFO__PMI__105,OFOOD Tokpokki Hàn Quốc Vị Phô Mai Ly 105g,NCC020BAMECO,CÔNG TY TNHH BAMECO,,,CÔNG TY TNHH THƯƠNG MẠI VÀ DỊCH VỤ MIRA GROUP,3d0c0069-8bc2-11f1-9b18-005056b2a5de,307,8d28e9f9-12a8-41e7-8890-c5c7f5d05b4f,301,3d61a1c1-8bc2-11f1-9b18-005056b2a5de,a38f9189-ad87-11ef-a35e-005056b28600
2026-07-27T00:00:00,Nhập kho mua hàng,NK000786,KHOKE01,Kho Kệ,02__TOL__OFO__TTG__105,OFOOD Tokpokki Hàn Quốc Vị Truyền Thống Ly 105g,Hộp,24.0,21500.0,516000.0,0.0,0.0,0.0,Tokpokki Ly,02__TOL__OFO__TTG__105,OFOOD Tokpokki Hàn Quốc Vị Truyền Thống Ly 105g,NCC020BAMECO,CÔNG TY TNHH BAMECO,,,CÔNG TY TNHH THƯƠNG MẠI VÀ DỊCH VỤ MIRA GROUP,3d0c0069-8bc2-11f1-9b18-005056b2a5de,308,8d28e9f9-12a8-41e7-8890-c5c7f5d05b4f,301,3d61a1e8-8bc2-11f1-9b18-005056b2a5de,a38f9189-ad87-11ef-a35e-005056b28600
2026-07-28T00:00:00,Nhập kho mua hàng,NK000787,KHOKE01,Kho Kệ,01__NLU__RED__CDO__145,REDBULL Nước Tăng Lực Chai Thủy Tinh Đỏ 145ml,Thùng,1.0,481000.0,481000.0,0.0,0.0,0.0,Nước Tăng Lực,01__NLU__RED__CDO__145,REDBULL Nước Tăng Lực Chai Thủy Tinh Đỏ 145ml,NCC015LAMMINHNGUYEN,CÔNG TY TRÁCH NHIỆM HỮU HẠN LÂM MINH NGUYÊN,,,CÔNG TY TNHH THƯƠNG MẠI VÀ DỊCH VỤ MIRA GROUP,3d0c0069-8bc2-11f1-9b18-005056b2a5de,309,c61dd096-0d85-43f5-a4db-14732fca4c43,301,3d61a211-8bc2-11f1-9b18-005056b2a5de,a38f9189-ad87-11ef-a35e-005056b28600
2026-07-28T00:00:00,Nhập kho mua hàng,NK000787,KHOKE01,Kho Kệ,01__NLU__RED__CDE__145,REDBULL Nước Tăng Lực Chai Thủy Tinh Đen 145ml,Thùng,1.0,481000.0,481000.0,0.0,0.0,0.0,Nước Tăng Lực,01__NLU__RED__CDE__145,REDBULL Nước Tăng Lực Chai Thủy Tinh Đen 145ml,NCC015LAMMINHNGUYEN,CÔNG TY TRÁCH NHIỆM HỮU HẠN LÂM MINH NGUYÊN,,,CÔNG TY TNHH THƯƠNG MẠI VÀ DỊCH VỤ MIRA GROUP,3d0c0069-8bc2-11f1-9b18-005056b2a5de,310,c61dd096-0d85-43f5-a4db-14732fca4c43,301,3d61a23b-8bc2-11f1-9b18-005056b2a5de,a38f9189-ad87-11ef-a35e-005056b28600
2026-07-28T00:00:00,Nhập kho mua hàng,NK000787,KHOKE01,Kho Kệ,01__NLU__RED__CXA__145,REDBULL Nước Tăng Lực Chai Thủy Tinh Xanh 145ml,Thùng,1.0,481000.0,481000.0,0.0,0.0,0.0,Nước Tăng Lực,01__NLU__RED__CXA__145,REDBULL Nước Tăng Lực Chai Thủy Tinh Xanh 145ml,NCC015LAMMINHNGUYEN,CÔNG TY TRÁCH NHIỆM HỮU HẠN LÂM MINH NGUYÊN,,,CÔNG TY TNHH THƯƠNG MẠI VÀ DỊCH VỤ MIRA GROUP,3d0c0069-8bc2-11f1-9b18-005056b2a5de,311,c61dd096-0d85-43f5-a4db-14732fca4c43,301,3d61a262-8bc2-11f1-9b18-005056b2a5de,a38f9189-ad87-11ef-a35e-005056b28600
2026-07-28T00:00:00,Nhập kho mua hàng,NK000787,KHOKE01,Kho Kệ,01__NLU__RED__VAG__250,REDBULL Nước Tăng Lực Vàng Việt 250ml,Lon,4.0,0.0,0.0,0.0,0.0,0.0,Nước Tăng Lực,01__NLU__RED__VAG__250,REDBULL Nước Tăng Lực Vàng Việt 250ml,NCC015LAMMINHNGUYEN,CÔNG TY TRÁCH NHIỆM HỮU HẠN LÂM MINH NGUYÊN,,,CÔNG TY TNHH THƯƠNG MẠI VÀ DỊCH VỤ MIRA GROUP,3d0c0069-8bc2-11f1-9b18-005056b2a5de,312,c61dd096-0d85-43f5-a4db-14732fca4c43,301,3d61a28c-8bc2-11f1-9b18-005056b2a5de,a38f9189-ad87-11ef-a35e-005056b28600
2026-07-28T00:00:00,Nhập kho mua hàng,NK000787,KHOKE01,Kho Kệ,01__NLU__RED__VAG__250,REDBULL Nước Tăng Lực Vàng Việt 250ml,Thùng,2.0,237000.0,474000.0,0.0,0.0,0.0,Nước Tăng Lực,01__NLU__RED__VAG__250,REDBULL Nước Tăng Lực Vàng Việt 250ml,NCC015LAMMINHNGUYEN,CÔNG TY TRÁCH NHIỆM HỮU HẠN LÂM MINH NGUYÊN,,,CÔNG TY TNHH THƯƠNG MẠI VÀ DỊCH VỤ MIRA GROUP,3d0c0069-8bc2-11f1-9b18-005056b2a5de,313,c61dd096-0d85-43f5-a4db-14732fca4c43,301,3d61a2b4-8bc2-11f1-9b18-005056b2a5de,a38f9189-ad87-11ef-a35e-005056b28600
2026-07-28T00:00:00,Nhập kho mua hàng,NK000788,KHOKE01,Kho Kệ,01__NLO__AQU__CHI__500,PEPSICO Aquafina Nước Lọc Chai 500ml,Thùng,10.0,92000.0,920000.0,0.0,0.0,0.0,Nước Lọc Chai,01__NLO__AQU__CHI__500,PEPSICO Aquafina Nước Lọc Chai 500ml,NCC025HAIVY,CÔNG TY TNHH TM – TH– HẢI VY,,,CÔNG TY TNHH THƯƠNG MẠI VÀ DỊCH VỤ MIRA GROUP,3d0c0069-8bc2-11f1-9b18-005056b2a5de,314,62d85235-b5b9-4c23-9648-adb596c076aa,301,3d61a2dc-8bc2-11f1-9b18-005056b2a5de,a38f9189-ad87-11ef-a35e-005056b28600
2026-07-28T00:00:00,Nhập kho mua hàng,NK000788,KHOKE01,Kho Kệ,01__NGA__7UP__CHI__390,PEPSICO 7Up Chai 390ml,Thùng,1.0,121000.0,121000.0,0.0,0.0,0.0,Nước Có Ga,01__NGA__7UP__CHI__390,PEPSICO 7Up Chai 390ml,NCC025HAIVY,CÔNG TY TNHH TM – TH– HẢI VY,,,CÔNG TY TNHH THƯƠNG MẠI VÀ DỊCH VỤ MIRA GROUP,3d0c0069-8bc2-11f1-9b18-005056b2a5de,315,62d85235-b5b9-4c23-9648-adb596c076aa,301,3d61a305-8bc2-11f1-9b18-005056b2a5de,a38f9189-ad87-11ef-a35e-005056b28600
2026-07-28T00:00:00,Nhập kho mua hàng,NK000788,KHOKE01,Kho Kệ,01__NGA__STI__DAU__330,PEPSICO Sting Dâu Chai 330ml,Thùng,3.0,186000.0,558000.0,0.0,0.0,0.0,Nước Có Ga,01__NGA__STI__DAU__330,PEPSICO Sting Dâu Chai 330ml,NCC025HAIVY,CÔNG TY TNHH TM – TH– HẢI VY,,,CÔNG TY TNHH THƯƠNG MẠI VÀ DỊCH VỤ MIRA GROUP,3d0c0069-8bc2-11f1-9b18-005056b2a5de,316,62d85235-b5b9-4c23-9648-adb596c076aa,301,3d61a331-8bc2-11f1-9b18-005056b2a5de,a38f9189-ad87-11ef-a35e-005056b28600
2026-07-28T00:00:00,Nhập kho mua hàng,NK000788,KHOKE01,Kho Kệ,01__NGA__PEP__LON__320,PEPSICO Lon 320ml,Thùng,3.0,174000.0,522000.0,0.0,0.0,0.0,Nước Có Ga,01__NGA__PEP__LON__320,PEPSICO Lon 320ml,NCC025HAIVY,CÔNG TY TNHH TM – TH– HẢI VY,,,CÔNG TY TNHH THƯƠNG MẠI VÀ DỊCH VỤ MIRA GROUP,3d0c0069-8bc2-11f1-9b18-005056b2a5de,317,62d85235-b5b9-4c23-9648-adb596c076aa,301,3d61a358-8bc2-11f1-9b18-005056b2a5de,a38f9189-ad87-11ef-a35e-005056b28600
2026-07-28T00:00:00,Nhập kho mua hàng,NK000788,KHOKE01,Kho Kệ,01__NLO__AQU__CHI__1500,PEPSICO Aquafina Nước Lọc Chai 1.5L,Thùng,10.0,95000.0,950000.0,0.0,0.0,0.0,Nước Lọc Chai,01__NLO__AQU__CHI__1500,PEPSICO Aquafina Nước Lọc Chai 1.5L,NCC025HAIVY,CÔNG TY TNHH TM – TH– HẢI VY,,,CÔNG TY TNHH THƯƠNG MẠI VÀ DỊCH VỤ MIRA GROUP,3d0c0069-8bc2-11f1-9b18-005056b2a5de,318,62d85235-b5b9-4c23-9648-adb596c076aa,301,3d61a37f-8bc2-11f1-9b18-005056b2a5de,a38f9189-ad87-11ef-a35e-005056b28600
2026-07-28T00:00:00,Nhập kho mua hàng,NK000788,KHOKE01,Kho Kệ,01__NGA__MIR__CHI__390,PEPSICO Mirinda Chai 390ml,Thùng,1.0,121000.0,121000.0,0.0,0.0,0.0,Nước Có Ga,01__NGA__MIR__CHI__390,PEPSICO Mirinda Chai 390ml,NCC025HAIVY,CÔNG TY TNHH TM – TH– HẢI VY,,,CÔNG TY TNHH THƯƠNG MẠI VÀ DỊCH VỤ MIRA GROUP,3d0c0069-8bc2-11f1-9b18-005056b2a5de,319,62d85235-b5b9-4c23-9648-adb596c076aa,301,3d61a3aa-8bc2-11f1-9b18-005056b2a5de,a38f9189-ad87-11ef-a35e-005056b28600
2026-07-28T00:00:00,Nhập kho mua hàng,NK000788,KHOKE01,Kho Kệ,01__NBD__REV__CMI__500,PEPSICO Revive Chanh Muối Chai 500ml,Thùng,1.0,160000.0,160000.0,0.0,0.0,0.0,Nước Bù Điện Giải,01__NBD__REV__CMI__500,PEPSICO Revive Chanh Muối Chai 500ml,NCC025HAIVY,CÔNG TY TNHH TM – TH– HẢI VY,,,CÔNG TY TNHH THƯƠNG MẠI VÀ DỊCH VỤ MIRA GROUP,3d0c0069-8bc2-11f1-9b18-005056b2a5de,320,62d85235-b5b9-4c23-9648-adb596c076aa,301,3d61a3d0-8bc2-11f1-9b18-005056b2a5de,a38f9189-ad87-11ef-a35e-005056b28600
2026-07-28T00:00:00,Nhập kho mua hàng,NK000788,KHOKE01,Kho Kệ,01__NBD__REV__CHI__500,PEPSICO Revive Chai 500ml,Thùng,1.0,166000.0,166000.0,0.0,0.0,0.0,Nước Bù Điện Giải,01__NBD__REV__CHI__500,PEPSICO Revive Chai 500ml,NCC025HAIVY,CÔNG TY TNHH TM – TH– HẢI VY,,,CÔNG TY TNHH THƯƠNG MẠI VÀ DỊCH VỤ MIRA GROUP,3d0c0069-8bc2-11f1-9b18-005056b2a5de,321,62d85235-b5b9-4c23-9648-adb596c076aa,301,3d61a3f7-8bc2-11f1-9b18-005056b2a5de,a38f9189-ad87-11ef-a35e-005056b28600
2026-07-28T00:00:00,Nhập kho mua hàng,NK000788,KHOKE01,Kho Kệ,01__TDC__TEA__CHH__450,PEPSICO Olong TEA+ Chanh Chai 450ml,Thùng,1.0,169000.0,169000.0,0.0,0.0,0.0,Trà Đóng Chai,01__TDC__TEA__CHH__450,PEPSICO Olong TEA+ Chanh Chai 450ml,NCC025HAIVY,CÔNG TY TNHH TM – TH– HẢI VY,,,CÔNG TY TNHH THƯƠNG MẠI VÀ DỊCH VỤ MIRA GROUP,3d0c0069-8bc2-11f1-9b18-005056b2a5de,322,62d85235-b5b9-4c23-9648-adb596c076aa,301,3d61a41e-8bc2-11f1-9b18-005056b2a5de,a38f9189-ad87-11ef-a35e-005056b28600
2026-07-28T00:00:00,Nhập kho mua hàng,NK000789,KHOKE01,Kho Kệ,01__NTR__KIC__DAO__490,KIRIN Ice+ Nước Trái Cây Vị Đào 490ml,Chai,6.0,0.0,0.0,0.0,0.0,0.0,Nước Trái Cây,01__NTR__KIC__DAO__490,KIRIN Ice+ Nước Trái Cây Vị Đào 490ml,NCC019HUNGPHAT,CÔNG TY TNHH PHÂN PHỐI HÙNG PHÁT,,,CÔNG TY TNHH THƯƠNG MẠI VÀ DỊCH VỤ MIRA GROUP,3d0c0069-8bc2-11f1-9b18-005056b2a5de,323,48e369be-f229-4dae-9819-e83cb148d052,301,3d61a44d-8bc2-11f1-9b18-005056b2a5de,a38f9189-ad87-11ef-a35e-005056b28600
2026-07-28T00:00:00,Nhập kho mua hàng,NK000789,KHOKE01,Kho Kệ,01__TDC__WON__BDO__280,WONDERFARM Trà Bí Đao Chai 280ml,Thùng,2.0,127000.0,254000.0,0.0,0.0,0.0,Trà Đóng Chai,01__TDC__WON__BDO__280,WONDERFARM Trà Bí Đao Chai 280ml,NCC019HUNGPHAT,CÔNG TY TNHH PHÂN PHỐI HÙNG PHÁT,,,CÔNG TY TNHH THƯƠNG MẠI VÀ DỊCH VỤ MIRA GROUP,3d0c0069-8bc2-11f1-9b18-005056b2a5de,324,48e369be-f229-4dae-9819-e83cb148d052,301,3d61a474-8bc2-11f1-9b18-005056b2a5de,a38f9189-ad87-11ef-a35e-005056b28600
2026-07-28T00:00:00,Nhập kho mua hàng,NK000789,KHOKE01,Kho Kệ,01__TDC__KIL__SSA__440,KIRIN Latte Socola Sữa 440ml,Thùng,1.0,192000.0,192000.0,0.0,0.0,0.0,Trà Đóng Chai,01__TDC__KIL__SSA__440,KIRIN Latte Socola Sữa 440ml,NCC019HUNGPHAT,CÔNG TY TNHH PHÂN PHỐI HÙNG PHÁT,,,CÔNG TY TNHH THƯƠNG MẠI VÀ DỊCH VỤ MIRA GROUP,3d0c0069-8bc2-11f1-9b18-005056b2a5de,325,48e369be-f229-4dae-9819-e83cb148d052,301,3d61a49b-8bc2-11f1-9b18-005056b2a5de,a38f9189-ad87-11ef-a35e-005056b28600
2026-07-28T00:00:00,Nhập kho mua hàng,NK000789,KHOKE01,Kho Kệ,01__TDL__WON__BDO__310,WONDERFARM Trà Bí Đao Lon 310ml,Thùng,2.0,149000.0,298000.0,0.0,0.0,0.0,Trà Đóng Lon,01__TDL__WON__BDO__310,WONDERFARM Trà Bí Đao Lon 310ml,NCC019HUNGPHAT,CÔNG TY TNHH PHÂN PHỐI HÙNG PHÁT,,,CÔNG TY TNHH THƯƠNG MẠI VÀ DỊCH VỤ MIRA GROUP,3d0c0069-8bc2-11f1-9b18-005056b2a5de,326,48e369be-f229-4dae-9819-e83cb148d052,301,3d61a4c4-8bc2-11f1-9b18-005056b2a5de,a38f9189-ad87-11ef-a35e-005056b28600
2026-07-28T00:00:00,Nhập kho mua hàng,NK000789,KHOKE01,Kho Kệ,01__NTR__KIC__NHO__490,KIRIN Ice+ Nước Trái Cây Vị Nho 490ml,Thùng,1.0,168000.0,168000.0,0.0,0.0,0.0,Nước Trái Cây,01__NTR__KIC__NHO__490,KIRIN Ice+ Nước Trái Cây Vị Nho 490ml,NCC019HUNGPHAT,CÔNG TY TNHH PHÂN PHỐI HÙNG PHÁT,,,CÔNG TY TNHH THƯƠNG MẠI VÀ DỊCH VỤ MIRA GROUP,3d0c0069-8bc2-11f1-9b18-005056b2a5de,327,48e369be-f229-4dae-9819-e83cb148d052,301,3d61a4eb-8bc2-11f1-9b18-005056b2a5de,a38f9189-ad87-11ef-a35e-005056b28600
2026-07-28T00:00:00,Nhập kho mua hàng,NK000789,KHOKE01,Kho Kệ,01__NTR__KIC__DAO__490,KIRIN Ice+ Nước Trái Cây Vị Đào 490ml,Thùng,1.0,168000.0,168000.0,0.0,0.0,0.0,Nước Trái Cây,01__NTR__KIC__DAO__490,KIRIN Ice+ Nước Trái Cây Vị Đào 490ml,NCC019HUNGPHAT,CÔNG TY TNHH PHÂN PHỐI HÙNG PHÁT,,,CÔNG TY TNHH THƯƠNG MẠI VÀ DỊCH VỤ MIRA GROUP,3d0c0069-8bc2-11f1-9b18-005056b2a5de,328,48e369be-f229-4dae-9819-e83cb148d052,301,3d61a511-8bc2-11f1-9b18-005056b2a5de,a38f9189-ad87-11ef-a35e-005056b28600
2026-07-28T00:00:00,Nhập kho mua hàng,NK000789,KHOKE01,Kho Kệ,01__TDC__KIL__TSA__440,KIRIN Latte Trà Sữa 440ml,Thùng,1.0,192000.0,192000.0,0.0,0.0,0.0,Trà Đóng Chai,01__TDC__KIL__TSA__440,KIRIN Latte Trà Sữa 440ml,NCC019HUNGPHAT,CÔNG TY TNHH PHÂN PHỐI HÙNG PHÁT,,,CÔNG TY TNHH THƯƠNG MẠI VÀ DỊCH VỤ MIRA GROUP,3d0c0069-8bc2-11f1-9b18-005056b2a5de,329,48e369be-f229-4dae-9819-e83cb148d052,301,3d61a538-8bc2-11f1-9b18-005056b2a5de,a38f9189-ad87-11ef-a35e-005056b28600
2026-07-28T00:00:00,Nhập kho mua hàng,NK000790,KHOKE01,Kho Kệ,03DPGPOCDUA70,POCA Đậu Phộng Rắc Rắc Vị Nước Cốt Dừa 70g,Bịch,48.0,6333.0,304000.0,0.0,0.0,0.0,Đậu Phộng,03DPGPOCDUA70,POCA Đậu Phộng Rắc Rắc Vị Nước Cốt Dừa 70g,NCC028SONGPHATTHINH,CÔNG TY TRÁCH NHIỆM HỮU HẠN THƯƠNG MẠI SONG PHÁT THỊNH,,,CÔNG TY TNHH THƯƠNG MẠI VÀ DỊCH VỤ MIRA GROUP,3d0c0069-8bc2-11f1-9b18-005056b2a5de,330,59996fe6-4412-4db6-b85b-fccccfe6718c,301,3d61a565-8bc2-11f1-9b18-005056b2a5de,a38f9189-ad87-11ef-a35e-005056b28600
2026-07-28T00:00:00,Nhập kho mua hàng,NK000790,KHOKE01,Kho Kệ,03__SKT__LAY__BBQ__53,LAYS Snack Vị Sườn Nướng BBQ Brazil Bịch 53g,Bịch,10.0,8500.0,85000.0,0.0,0.0,0.0,Snack Khoai Tây,03__SKT__LAY__BBQ__53,LAYS Snack Vị Sườn Nướng BBQ Brazil Bịch 53g,NCC028SONGPHATTHINH,CÔNG TY TRÁCH NHIỆM HỮU HẠN THƯƠNG MẠI SONG PHÁT THỊNH,,,CÔNG TY TNHH THƯƠNG MẠI VÀ DỊCH VỤ MIRA GROUP,3d0c0069-8bc2-11f1-9b18-005056b2a5de,331,59996fe6-4412-4db6-b85b-fccccfe6718c,301,3d61a58e-8bc2-11f1-9b18-005056b2a5de,a38f9189-ad87-11ef-a35e-005056b28600
2026-07-28T00:00:00,Nhập kho mua hàng,NK000790,KHOKE01,Kho Kệ,03DPGPOCMUC70,POCA Đậu Phộng Rắc Rắc Vị Mực Cay 70g,Bịch,40.0,7600.0,304000.0,0.0,0.0,0.0,Đậu Phộng,03DPGPOCMUC70,POCA Đậu Phộng Rắc Rắc Vị Mực Cay 70g,NCC028SONGPHATTHINH,CÔNG TY TRÁCH NHIỆM HỮU HẠN THƯƠNG MẠI SONG PHÁT THỊNH,,,CÔNG TY TNHH THƯƠNG MẠI VÀ DỊCH VỤ MIRA GROUP,3d0c0069-8bc2-11f1-9b18-005056b2a5de,332,59996fe6-4412-4db6-b85b-fccccfe6718c,301,3d61a5b6-8bc2-11f1-9b18-005056b2a5de,a38f9189-ad87-11ef-a35e-005056b28600
2026-07-28T00:00:00,Nhập kho mua hàng,NK000790,KHOKE01,Kho Kệ,03__SKT__LAY__TNN__53,LAYS Snack Vị Khoai Tây Tự Nhiên Bịch 53g,Bịch,11.0,7727.0,85000.0,0.0,0.0,0.0,Snack Khoai Tây,03__SKT__LAY__TNN__53,LAYS Snack Vị Khoai Tây Tự Nhiên Bịch 53g,NCC028SONGPHATTHINH,CÔNG TY TRÁCH NHIỆM HỮU HẠN THƯƠNG MẠI SONG PHÁT THỊNH,,,CÔNG TY TNHH THƯƠNG MẠI VÀ DỊCH VỤ MIRA GROUP,3d0c0069-8bc2-11f1-9b18-005056b2a5de,333,59996fe6-4412-4db6-b85b-fccccfe6718c,301,3d61a5e0-8bc2-11f1-9b18-005056b2a5de,a38f9189-ad87-11ef-a35e-005056b28600
2026-07-28T00:00:00,Nhập kho mua hàng,NK000790,KHOKE01,Kho Kệ,03__SKT__LAY__TEX__90,LAYS Snack Vị Thăn Bò Nướng Texas 90g,Bịch,10.0,16500.0,165000.0,0.0,0.0,0.0,Snack Khoai Tây,03__SKT__LAY__TEX__90,LAYS Snack Vị Thăn Bò Nướng Texas 90g,NCC028SONGPHATTHINH,CÔNG TY TRÁCH NHIỆM HỮU HẠN THƯƠNG MẠI SONG PHÁT THỊNH,,,CÔNG TY TNHH THƯƠNG MẠI VÀ DỊCH VỤ MIRA GROUP,3d0c0069-8bc2-11f1-9b18-005056b2a5de,334,59996fe6-4412-4db6-b85b-fccccfe6718c,301,3d61a609-8bc2-11f1-9b18-005056b2a5de,a38f9189-ad87-11ef-a35e-005056b28600
2026-07-28T00:00:00,Nhập kho mua hàng,NK000790,KHOKE01,Kho Kệ,LSVSNBBB301,LAYS Snack Vị Sườn Nướng BBQ Brazil Bịch 31g,Bịch,2.0,0.0,0.0,0.0,0.0,0.0,,LSVSNBBB301,LAYS Snack Vị Sườn Nướng BBQ Brazil Bịch 31g,NCC028SONGPHATTHINH,CÔNG TY TRÁCH NHIỆM HỮU HẠN THƯƠNG MẠI SONG PHÁT THỊNH,,,CÔNG TY TNHH THƯƠNG MẠI VÀ DỊCH VỤ MIRA GROUP,3d0c0069-8bc2-11f1-9b18-005056b2a5de,335,59996fe6-4412-4db6-b85b-fccccfe6718c,301,3d61a631-8bc2-11f1-9b18-005056b2a5de,a38f9189-ad87-11ef-a35e-005056b28600
2026-07-28T00:00:00,Nhập kho mua hàng,NK000791,KHOKE01,Kho Kệ,03__BMI__KID__DLO__40,KIDO Bánh Phô Mai Castella Hương Vị Đài Loan 40g,Bịch,5.0,8730.0,43650.0,0.0,0.0,0.0,,03__BMI__KID__DLO__40,KIDO Bánh Phô Mai Castella Hương Vị Đài Loan 40g,NCC006TRUCNHI,CÔNG TY TRÁCH NHIỆM HỮU HẠN THƯƠNG MẠI VÀ DỊCH VỤ TRÚC NHI,,,CÔNG TY TNHH THƯƠNG MẠI VÀ DỊCH VỤ MIRA GROUP,3d0c0069-8bc2-11f1-9b18-005056b2a5de,336,e5657911-def3-41ee-a379-516e7ed56ceb,301,3d61a65a-8bc2-11f1-9b18-005056b2a5de,a38f9189-ad87-11ef-a35e-005056b28600
2026-07-28T00:00:00,Nhập kho mua hàng,NK000791,KHOKE01,Kho Kệ,03__BMI__KID__SOC__55,KIDO Bánh Mì Vị Socola 55g,Bịch,5.0,6305.0,31525.0,0.0,0.0,0.0,Bánh Mì Mềm,03__BMI__KID__SOC__55,KIDO Bánh Mì Vị Socola 55g,NCC006TRUCNHI,CÔNG TY TRÁCH NHIỆM HỮU HẠN THƯƠNG MẠI VÀ DỊCH VỤ TRÚC NHI,,,CÔNG TY TNHH THƯƠNG MẠI VÀ DỊCH VỤ MIRA GROUP,3d0c0069-8bc2-11f1-9b18-005056b2a5de,337,e5657911-def3-41ee-a379-516e7ed56ceb,301,3d61a685-8bc2-11f1-9b18-005056b2a5de,a38f9189-ad87-11ef-a35e-005056b28600
2026-07-28T00:00:00,Nhập kho mua hàng,NK000791,KHOKE01,Kho Kệ,03__BMI__KID__SUA__55,KIDO Bánh Mì Vị Bơ Sữa 55g,Bịch,5.0,6305.0,31525.0,0.0,0.0,0.0,Bánh Mì Mềm,03__BMI__KID__SUA__55,KIDO Bánh Mì Vị Bơ Sữa 55g,NCC006TRUCNHI,CÔNG TY TRÁCH NHIỆM HỮU HẠN THƯƠNG MẠI VÀ DỊCH VỤ TRÚC NHI,,,CÔNG TY TNHH THƯƠNG MẠI VÀ DỊCH VỤ MIRA GROUP,3d0c0069-8bc2-11f1-9b18-005056b2a5de,338,e5657911-def3-41ee-a379-516e7ed56ceb,301,3d61a6ae-8bc2-11f1-9b18-005056b2a5de,a38f9189-ad87-11ef-a35e-005056b28600
2026-07-28T00:00:00,Nhập kho mua hàng,NK000791,KHOKE01,Kho Kệ,03__BMI__KDY__TMI__30,KIDO Dora-yaki Bánh Chà Bông Xốt Trứng Muối Bịch 30g,Bịch,10.0,5141.0,51410.0,0.0,0.0,0.0,Bánh Mì Mềm,03__BMI__KDY__TMI__30,KIDO Dora-yaki Bánh Chà Bông Xốt Trứng Muối Bịch 30g,NCC006TRUCNHI,CÔNG TY TRÁCH NHIỆM HỮU HẠN THƯƠNG MẠI VÀ DỊCH VỤ TRÚC NHI,,,CÔNG TY TNHH THƯƠNG MẠI VÀ DỊCH VỤ MIRA GROUP,3d0c0069-8bc2-11f1-9b18-005056b2a5de,339,e5657911-def3-41ee-a379-516e7ed56ceb,301,3d61a6da-8bc2-11f1-9b18-005056b2a5de,a38f9189-ad87-11ef-a35e-005056b28600
2026-07-28T00:00:00,Nhập kho mua hàng,NK000791,KHOKE01,Kho Kệ,03__BMI__KDY__SOC__30,KIDO Dora-yaki Bánh Vị Socola,Bịch,15.0,3427.0,51410.0,0.0,0.0,0.0,Bánh Mì Mềm,03__BMI__KDY__SOC__30,KIDO Dora-yaki Bánh Vị Socola,NCC006TRUCNHI,CÔNG TY TRÁCH NHIỆM HỮU HẠN THƯƠNG MẠI VÀ DỊCH VỤ TRÚC NHI,,,CÔNG TY TNHH THƯƠNG MẠI VÀ DỊCH VỤ MIRA GROUP,3d0c0069-8bc2-11f1-9b18-005056b2a5de,340,e5657911-def3-41ee-a379-516e7ed56ceb,301,3d61a704-8bc2-11f1-9b18-005056b2a5de,a38f9189-ad87-11ef-a35e-005056b28600
2026-07-28T00:00:00,Nhập kho mua hàng,NK000791,KHOKE01,Kho Kệ,03__BMI__KDY__DDO__30,KIDO Dora-yaki Bánh Đậu Đỏ,Bịch,10.0,5141.0,51410.0,0.0,0.0,0.0,Bánh Mì Mềm,03__BMI__KDY__DDO__30,KIDO Dora-yaki Bánh Đậu Đỏ,NCC006TRUCNHI,CÔNG TY TRÁCH NHIỆM HỮU HẠN THƯƠNG MẠI VÀ DỊCH VỤ TRÚC NHI,,,CÔNG TY TNHH THƯƠNG MẠI VÀ DỊCH VỤ MIRA GROUP,3d0c0069-8bc2-11f1-9b18-005056b2a5de,341,e5657911-def3-41ee-a379-516e7ed56ceb,301,3d61a72a-8bc2-11f1-9b18-005056b2a5de,a38f9189-ad87-11ef-a35e-005056b28600
2026-07-28T00:00:00,Nhập kho mua hàng,NK000791,KHOKE01,Kho Kệ,03__BMI__KID__SGP__55,KIDO Bánh Chà Bông Xốt Sigapore 55g,Bịch,5.0,8730.0,43650.0,0.0,0.0,0.0,Bánh Mì Mềm,03__BMI__KID__SGP__55,KIDO Bánh Chà Bông Xốt Sigapore 55g,NCC006TRUCNHI,CÔNG TY TRÁCH NHIỆM HỮU HẠN THƯƠNG MẠI VÀ DỊCH VỤ TRÚC NHI,,,CÔNG TY TNHH THƯƠNG MẠI VÀ DỊCH VỤ MIRA GROUP,3d0c0069-8bc2-11f1-9b18-005056b2a5de,342,e5657911-def3-41ee-a379-516e7ed56ceb,301,3d61a751-8bc2-11f1-9b18-005056b2a5de,a38f9189-ad87-11ef-a35e-005056b28600
2026-07-28T00:00:00,Nhập kho mua hàng,NK000791,KHOKE01,Kho Kệ,03__BMI__KDY__BBQ__30,KIDO Dora-yaki Bánh Xốt BBQ Bịch 30g,Bịch,10.0,5141.0,51410.0,0.0,0.0,0.0,Bánh Mì Mềm,03__BMI__KDY__BBQ__30,KIDO Dora-yaki Bánh Xốt BBQ Bịch 30g,NCC006TRUCNHI,CÔNG TY TRÁCH NHIỆM HỮU HẠN THƯƠNG MẠI VÀ DỊCH VỤ TRÚC NHI,,,CÔNG TY TNHH THƯƠNG MẠI VÀ DỊCH VỤ MIRA GROUP,3d0c0069-8bc2-11f1-9b18-005056b2a5de,343,e5657911-def3-41ee-a379-516e7ed56ceb,301,3d61a77a-8bc2-11f1-9b18-005056b2a5de,a38f9189-ad87-11ef-a35e-005056b28600
2026-07-28T00:00:00,Nhập kho mua hàng,NK000791,KHOKE01,Kho Kệ,03__BMI__KID__HKK__55,KIDO Bánh Gà Nướng Xốt Hồng Kong 55g,Bịch,5.0,8730.0,43650.0,0.0,0.0,0.0,Bánh Mì Mềm,03__BMI__KID__HKK__55,KIDO Bánh Gà Nướng Xốt Hồng Kong 55g,NCC006TRUCNHI,CÔNG TY TRÁCH NHIỆM HỮU HẠN THƯƠNG MẠI VÀ DỊCH VỤ TRÚC NHI,,,CÔNG TY TNHH THƯƠNG MẠI VÀ DỊCH VỤ MIRA GROUP,3d0c0069-8bc2-11f1-9b18-005056b2a5de,344,e5657911-def3-41ee-a379-516e7ed56ceb,301,3d61a7a4-8bc2-11f1-9b18-005056b2a5de,a38f9189-ad87-11ef-a35e-005056b28600
2026-07-28T00:00:00,Nhập kho mua hàng,NK000791,KHOKE01,Kho Kệ,03__BMI__KID__SUA__80,KIDO Bánh Mì 6 Múi Vị Bơ Sữa 80g,Bịch,5.0,8245.0,41225.0,0.0,0.0,0.0,Bánh Mì Mềm,03__BMI__KID__SUA__80,KIDO Bánh Mì 6 Múi Vị Bơ Sữa 80g,NCC006TRUCNHI,CÔNG TY TRÁCH NHIỆM HỮU HẠN THƯƠNG MẠI VÀ DỊCH VỤ TRÚC NHI,,,CÔNG TY TNHH THƯƠNG MẠI VÀ DỊCH VỤ MIRA GROUP,3d0c0069-8bc2-11f1-9b18-005056b2a5de,345,e5657911-def3-41ee-a379-516e7ed56ceb,301,3d61a7cb-8bc2-11f1-9b18-005056b2a5de,a38f9189-ad87-11ef-a35e-005056b28600
2026-07-28T00:00:00,Nhập kho mua hàng,NK000791,KHOKE01,Kho Kệ,03__BMI__KDY__PMI__30,KIDO Dora-yaki Bánh Chà Bông Xốt Phô Mai Bịch 30g,Bịch,10.0,5141.0,51410.0,0.0,0.0,0.0,Bánh Mì Mềm,03__BMI__KDY__PMI__30,KIDO Dora-yaki Bánh Chà Bông Xốt Phô Mai Bịch 30g,NCC006TRUCNHI,CÔNG TY TRÁCH NHIỆM HỮU HẠN THƯƠNG MẠI VÀ DỊCH VỤ TRÚC NHI,,,CÔNG TY TNHH THƯƠNG MẠI VÀ DỊCH VỤ MIRA GROUP,3d0c0069-8bc2-11f1-9b18-005056b2a5de,346,e5657911-def3-41ee-a379-516e7ed56ceb,301,3d61a7f1-8bc2-11f1-9b18-005056b2a5de,a38f9189-ad87-11ef-a35e-005056b28600
2026-07-28T00:00:00,Nhập kho mua hàng,NK000791,KHOKE01,Kho Kệ,03__BMI__KDY__XBO__150,KIDO Dora-yaki Bánh Chà Bông Xốt Bơ 150g,Bịch,10.0,5141.0,51410.0,0.0,0.0,0.0,Bánh Mì Mềm,03__BMI__KDY__XBO__150,KIDO Dora-yaki Bánh Chà Bông Xốt Bơ 150g,NCC006TRUCNHI,CÔNG TY TRÁCH NHIỆM HỮU HẠN THƯƠNG MẠI VÀ DỊCH VỤ TRÚC NHI,,,CÔNG TY TNHH THƯƠNG MẠI VÀ DỊCH VỤ MIRA GROUP,3d0c0069-8bc2-11f1-9b18-005056b2a5de,347,e5657911-def3-41ee-a379-516e7ed56ceb,301,3d61a81c-8bc2-11f1-9b18-005056b2a5de,a38f9189-ad87-11ef-a35e-005056b28600
2026-07-28T00:00:00,Nhập kho mua hàng,NK000792,KHOKE01,Kho Kệ,01__NLU__MON__XDG__320,COCA-COLA Monster Nước Tăng Lực Xanh Dương 320ml,Thùng,1.0,455000.0,455000.0,0.0,0.0,0.0,Nước Tăng Lực,01__NLU__MON__XDG__320,COCA-COLA Monster Nước Tăng Lực Xanh Dương 320ml,NCC022THYTHY,CÔNG TY TNHH DƯỢC PHẨM - THƯƠNG MẠI THY THY,,,CÔNG TY TNHH THƯƠNG MẠI VÀ DỊCH VỤ MIRA GROUP,3d0c0069-8bc2-11f1-9b18-005056b2a5de,348,e0f4c8a4-0fc8-4029-a3b7-4366d2058bc4,301,3d61a844-8bc2-11f1-9b18-005056b2a5de,a38f9189-ad87-11ef-a35e-005056b28600
2026-07-28T00:00:00,Nhập kho mua hàng,NK000792,KHOKE01,Kho Kệ,01__STC__NUT__DAU__297,COCA-COLA Nutriboost Sữa Dâu 297ml,Thùng,1.0,184000.0,184000.0,0.0,0.0,0.0,Sữa Trái Cây,01__STC__NUT__DAU__297,COCA-COLA Nutriboost Sữa Dâu 297ml,NCC022THYTHY,CÔNG TY TNHH DƯỢC PHẨM - THƯƠNG MẠI THY THY,,,CÔNG TY TNHH THƯƠNG MẠI VÀ DỊCH VỤ MIRA GROUP,3d0c0069-8bc2-11f1-9b18-005056b2a5de,349,e0f4c8a4-0fc8-4029-a3b7-4366d2058bc4,301,3d61a86c-8bc2-11f1-9b18-005056b2a5de,a38f9189-ad87-11ef-a35e-005056b28600
2026-07-28T00:00:00,Nhập kho mua hàng,NK000792,KHOKE01,Kho Kệ,01__NLU__MON__XLA__320,COCA-COLA Monster Nước Tăng Lực Xanh Lá 320ml,Thùng,1.0,455000.0,455000.0,0.0,0.0,0.0,Nước Tăng Lực,01__NLU__MON__XLA__320,COCA-COLA Monster Nước Tăng Lực Xanh Lá 320ml,NCC022THYTHY,CÔNG TY TNHH DƯỢC PHẨM - THƯƠNG MẠI THY THY,,,CÔNG TY TNHH THƯƠNG MẠI VÀ DỊCH VỤ MIRA GROUP,3d0c0069-8bc2-11f1-9b18-005056b2a5de,350,e0f4c8a4-0fc8-4029-a3b7-4366d2058bc4,301,3d61a897-8bc2-11f1-9b18-005056b2a5de,a38f9189-ad87-11ef-a35e-005056b28600
2026-07-28T00:00:00,Nhập kho mua hàng,NK000792,KHOKE01,Kho Kệ,01__NGA__COC__ZER__320,COCA-COLA Zero Sugar Lon 320ml,Thùng,1.0,192000.0,192000.0,0.0,0.0,0.0,Nước Có Ga,01__NGA__COC__ZER__320,COCA-COLA Zero Sugar Lon 320ml,NCC022THYTHY,CÔNG TY TNHH DƯỢC PHẨM - THƯƠNG MẠI THY THY,,,CÔNG TY TNHH THƯƠNG MẠI VÀ DỊCH VỤ MIRA GROUP,3d0c0069-8bc2-11f1-9b18-005056b2a5de,351,e0f4c8a4-0fc8-4029-a3b7-4366d2058bc4,301,3d61a8c0-8bc2-11f1-9b18-005056b2a5de,a38f9189-ad87-11ef-a35e-005056b28600
2026-07-28T00:00:00,Nhập kho mua hàng,NK000792,KHOKE01,Kho Kệ,01__NGA__COC__LON__320,COCA-COLA Lon 320ml,Thùng,3.0,184000.0,552000.0,0.0,0.0,0.0,Nước Có Ga,01__NGA__COC__LON__320,COCA-COLA Lon 320ml,NCC022THYTHY,CÔNG TY TNHH DƯỢC PHẨM - THƯƠNG MẠI THY THY,,,CÔNG TY TNHH THƯƠNG MẠI VÀ DỊCH VỤ MIRA GROUP,3d0c0069-8bc2-11f1-9b18-005056b2a5de,352,e0f4c8a4-0fc8-4029-a3b7-4366d2058bc4,301,3d61a8e7-8bc2-11f1-9b18-005056b2a5de,a38f9189-ad87-11ef-a35e-005056b28600
2026-07-28T00:00:00,Nhập kho mua hàng,NK000792,KHOKE01,Kho Kệ,01__STC__NUT__CAM__297,COCA-COLA Nutriboost Sữa Mật Ong Cam 297ml,Thùng,1.0,184000.0,184000.0,0.0,0.0,0.0,Sữa Trái Cây,01__STC__NUT__CAM__297,COCA-COLA Nutriboost Sữa Mật Ong Cam 297ml,NCC022THYTHY,CÔNG TY TNHH DƯỢC PHẨM - THƯƠNG MẠI THY THY,,,CÔNG TY TNHH THƯƠNG MẠI VÀ DỊCH VỤ MIRA GROUP,3d0c0069-8bc2-11f1-9b18-005056b2a5de,353,e0f4c8a4-0fc8-4029-a3b7-4366d2058bc4,301,3d61a90e-8bc2-11f1-9b18-005056b2a5de,a38f9189-ad87-11ef-a35e-005056b28600
2026-07-28T00:00:00,Nhập kho mua hàng,NK000792,KHOKE01,Kho Kệ,01__NGA__COC__AQA__390,COCA-COLA Aquarius Chai 390 ml,Thùng,1.0,155000.0,155000.0,0.0,0.0,0.0,Nước Có Ga,01__NGA__COC__AQA__390,COCA-COLA Aquarius Chai 390 ml,NCC022THYTHY,CÔNG TY TNHH DƯỢC PHẨM - THƯƠNG MẠI THY THY,,,CÔNG TY TNHH THƯƠNG MẠI VÀ DỊCH VỤ MIRA GROUP,3d0c0069-8bc2-11f1-9b18-005056b2a5de,354,e0f4c8a4-0fc8-4029-a3b7-4366d2058bc4,301,3d61a938-8bc2-11f1-9b18-005056b2a5de,a38f9189-ad87-11ef-a35e-005056b28600
2026-07-28T00:00:00,Nhập kho mua hàng,NK000792,KHOKE01,Kho Kệ,01__NGA__COC__LIG__320,COCA-COLA Light Lon 320ml,Thùng,1.0,198000.0,198000.0,0.0,0.0,0.0,Nước Có Ga,01__NGA__COC__LIG__320,COCA-COLA Light Lon 320ml,NCC022THYTHY,CÔNG TY TNHH DƯỢC PHẨM - THƯƠNG MẠI THY THY,,,CÔNG TY TNHH THƯƠNG MẠI VÀ DỊCH VỤ MIRA GROUP,3d0c0069-8bc2-11f1-9b18-005056b2a5de,355,e0f4c8a4-0fc8-4029-a3b7-4366d2058bc4,301,3d61a960-8bc2-11f1-9b18-005056b2a5de,a38f9189-ad87-11ef-a35e-005056b28600
2026-07-28T00:00:00,Nhập kho mua hàng,NK000793,KHOKE01,Kho Kệ,02__MTO__OMA__CXO__96,OMACHI Mì Tô Cua Xốt Ớt 96g*12,Thùng,2.0,156000.0,312000.0,0.0,0.0,0.0,Mì Tô,02__MTO__OMA__CXO__96,OMACHI Mì Tô Cua Xốt Ớt 96g*12,NCC011TRUCNGUYEN,CÔNG TY TRÁCH NHIỆM HỮU HẠN THƯƠNG MẠI VÀ DỊCH VỤ TRÚC NGUYÊN,,,CÔNG TY TNHH THƯƠNG MẠI VÀ DỊCH VỤ MIRA GROUP,3d0c0069-8bc2-11f1-9b18-005056b2a5de,356,0c2c0542-516a-4138-999f-e6706dd607b0,301,3d61a989-8bc2-11f1-9b18-005056b2a5de,a38f9189-ad87-11ef-a35e-005056b28600
2026-07-28T00:00:00,Nhập kho mua hàng,NK000793,KHOKE01,Kho Kệ,01__TDC__MAS__DAO__500,MASAN Trà Bupnon 365 Hương Đào 500ml,Thùng,2.0,174000.0,348000.0,0.0,0.0,0.0,Trà Đóng Chai,01__TDC__MAS__DAO__500,MASAN Trà Bupnon 365 Hương Đào 500ml,NCC011TRUCNGUYEN,CÔNG TY TRÁCH NHIỆM HỮU HẠN THƯƠNG MẠI VÀ DỊCH VỤ TRÚC NGUYÊN,,,CÔNG TY TNHH THƯƠNG MẠI VÀ DỊCH VỤ MIRA GROUP,3d0c0069-8bc2-11f1-9b18-005056b2a5de,357,0c2c0542-516a-4138-999f-e6706dd607b0,301,3d61a9b4-8bc2-11f1-9b18-005056b2a5de,a38f9189-ad87-11ef-a35e-005056b28600
2026-07-28T00:00:00,Nhập kho mua hàng,NK000793,KHOKE01,Kho Kệ,01__TDC__MAS__OLD__500,MASAN Trà Bupnon 365 Trà Ô Long Vị Đào 500ml,Thùng,1.0,174000.0,174000.0,0.0,0.0,0.0,Trà Đóng Chai,01__TDC__MAS__OLD__500,MASAN Trà Bupnon 365 Trà Ô Long Vị Đào 500ml,NCC011TRUCNGUYEN,CÔNG TY TRÁCH NHIỆM HỮU HẠN THƯƠNG MẠI VÀ DỊCH VỤ TRÚC NGUYÊN,,,CÔNG TY TNHH THƯƠNG MẠI VÀ DỊCH VỤ MIRA GROUP,3d0c0069-8bc2-11f1-9b18-005056b2a5de,358,0c2c0542-516a-4138-999f-e6706dd607b0,301,3d61a9dc-8bc2-11f1-9b18-005056b2a5de,a38f9189-ad87-11ef-a35e-005056b28600
2026-07-28T00:00:00,Nhập kho mua hàng,NK000793,KHOKE01,Kho Kệ,01__NGA__VHO__KHO__500,VĨNH HẢO Nước Khoáng Có Ga 500ml,Thùng,1.0,115000.0,115000.0,0.0,0.0,0.0,Nước Có Ga,01__NGA__VHO__KHO__500,VĨNH HẢO Nước Khoáng Có Ga 500ml,NCC011TRUCNGUYEN,CÔNG TY TRÁCH NHIỆM HỮU HẠN THƯƠNG MẠI VÀ DỊCH VỤ TRÚC NGUYÊN,,,CÔNG TY TNHH THƯƠNG MẠI VÀ DỊCH VỤ MIRA GROUP,3d0c0069-8bc2-11f1-9b18-005056b2a5de,359,0c2c0542-516a-4138-999f-e6706dd607b0,301,3d61aa04-8bc2-11f1-9b18-005056b2a5de,a38f9189-ad87-11ef-a35e-005056b28600
2026-07-28T00:00:00,Nhập kho mua hàng,NK000793,KHOKE01,Kho Kệ,02__MTO__OMA__PMI__105,OMACHI Mì Tô Trộn Tôm Phô Mai Trứng Muối 105g*12,Thùng,2.0,156000.0,312000.0,0.0,0.0,0.0,Mì Tô,02__MTO__OMA__PMI__105,OMACHI Mì Tô Trộn Tôm Phô Mai Trứng Muối 105g*12,NCC011TRUCNGUYEN,CÔNG TY TRÁCH NHIỆM HỮU HẠN THƯƠNG MẠI VÀ DỊCH VỤ TRÚC NGUYÊN,,,CÔNG TY TNHH THƯƠNG MẠI VÀ DỊCH VỤ MIRA GROUP,3d0c0069-8bc2-11f1-9b18-005056b2a5de,360,0c2c0542-516a-4138-999f-e6706dd607b0,301,3d61aa2c-8bc2-11f1-9b18-005056b2a5de,a38f9189-ad87-11ef-a35e-005056b28600
2026-07-28T00:00:00,Nhập kho mua hàng,NK000793,KHOKE01,Kho Kệ,01__NLO__VHO__0GA__500,VĨNH HẢO Nước Khoáng Không Ga 500ml,Thùng,2.0,69000.0,138000.0,0.0,0.0,0.0,Nước Lọc Chai,01__NLO__VHO__0GA__500,VĨNH HẢO Nước Khoáng Không Ga 500ml,NCC011TRUCNGUYEN,CÔNG TY TRÁCH NHIỆM HỮU HẠN THƯƠNG MẠI VÀ DỊCH VỤ TRÚC NGUYÊN,,,CÔNG TY TNHH THƯƠNG MẠI VÀ DỊCH VỤ MIRA GROUP,3d0c0069-8bc2-11f1-9b18-005056b2a5de,361,0c2c0542-516a-4138-999f-e6706dd607b0,301,3d61aa59-8bc2-11f1-9b18-005056b2a5de,a38f9189-ad87-11ef-a35e-005056b28600
2026-07-28T00:00:00,Nhập kho mua hàng,NK000793,KHOKE01,Kho Kệ,01__NGA__VHO__LEM__500,VĨNH HẢO Lemona Nước Khoáng Chanh 500ml,Thùng,1.0,129000.0,129000.0,0.0,0.0,0.0,Nước Có Ga,01__NGA__VHO__LEM__500,VĨNH HẢO Lemona Nước Khoáng Chanh 500ml,NCC011TRUCNGUYEN,CÔNG TY TRÁCH NHIỆM HỮU HẠN THƯƠNG MẠI VÀ DỊCH VỤ TRÚC NGUYÊN,,,CÔNG TY TNHH THƯƠNG MẠI VÀ DỊCH VỤ MIRA GROUP,3d0c0069-8bc2-11f1-9b18-005056b2a5de,362,0c2c0542-516a-4138-999f-e6706dd607b0,301,3d61aa81-8bc2-11f1-9b18-005056b2a5de,a38f9189-ad87-11ef-a35e-005056b28600
2026-07-28T00:00:00,Nhập kho mua hàng,NK000793,KHOKE01,Kho Kệ,02__XXH__PON__CAY__28,PONNIE Xúc Xích Giòn Ăn Liền Vị Cay 28g,Hộp,2.0,95000.0,190000.0,0.0,0.0,0.0,Xúc Xích,02__XXH__PON__CAY__28,PONNIE Xúc Xích Giòn Ăn Liền Vị Cay 28g,NCC011TRUCNGUYEN,CÔNG TY TRÁCH NHIỆM HỮU HẠN THƯƠNG MẠI VÀ DỊCH VỤ TRÚC NGUYÊN,,,CÔNG TY TNHH THƯƠNG MẠI VÀ DỊCH VỤ MIRA GROUP,3d0c0069-8bc2-11f1-9b18-005056b2a5de,363,0c2c0542-516a-4138-999f-e6706dd607b0,301,3d61aaa9-8bc2-11f1-9b18-005056b2a5de,a38f9189-ad87-11ef-a35e-005056b28600
2026-07-28T00:00:00,Nhập kho mua hàng,NK000793,KHOKE01,Kho Kệ,02__XXH__PON__HEO__60,PONNIE Xúc Xích Dinh Dưỡng Bin&Bon Heo,Thùng,4.0,280000.0,1120000.0,0.0,0.0,0.0,Xúc Xích,02__XXH__PON__HEO__60,PONNIE Xúc Xích Dinh Dưỡng Bin&Bon Heo,NCC011TRUCNGUYEN,CÔNG TY TRÁCH NHIỆM HỮU HẠN THƯƠNG MẠI VÀ DỊCH VỤ TRÚC NGUYÊN,,,CÔNG TY TNHH THƯƠNG MẠI VÀ DỊCH VỤ MIRA GROUP,3d0c0069-8bc2-11f1-9b18-005056b2a5de,364,0c2c0542-516a-4138-999f-e6706dd607b0,301,3d61aad4-8bc2-11f1-9b18-005056b2a5de,a38f9189-ad87-11ef-a35e-005056b28600
2026-07-28T00:00:00,Nhập kho mua hàng,NK000793,KHOKE01,Kho Kệ,02__MTO__OMA__BBC__105,OMACHI Mì Tô Trộn Xốt Spaghetti Bò Bằm Cà Chua 105g*12,Thùng,2.0,156000.0,312000.0,0.0,0.0,0.0,Mì Tô,02__MTO__OMA__BBC__105,OMACHI Mì Tô Trộn Xốt Spaghetti Bò Bằm Cà Chua 105g*12,NCC011TRUCNGUYEN,CÔNG TY TRÁCH NHIỆM HỮU HẠN THƯƠNG MẠI VÀ DỊCH VỤ TRÚC NGUYÊN,,,CÔNG TY TNHH THƯƠNG MẠI VÀ DỊCH VỤ MIRA GROUP,3d0c0069-8bc2-11f1-9b18-005056b2a5de,365,0c2c0542-516a-4138-999f-e6706dd607b0,301,3d61aafb-8bc2-11f1-9b18-005056b2a5de,a38f9189-ad87-11ef-a35e-005056b28600
2026-07-28T00:00:00,Nhập kho mua hàng,NK000793,KHOKE01,Kho Kệ,02__XXH__PON__SNG__28,PONNIE Xúc Xích Giòn Ăn Liền Vị Sườn Nướng 28g,Hộp,2.0,95000.0,190000.0,0.0,0.0,0.0,Xúc Xích,02__XXH__PON__SNG__28,PONNIE Xúc Xích Giòn Ăn Liền Vị Sườn Nướng 28g,NCC011TRUCNGUYEN,CÔNG TY TRÁCH NHIỆM HỮU HẠN THƯƠNG MẠI VÀ DỊCH VỤ TRÚC NGUYÊN,,,CÔNG TY TNHH THƯƠNG MẠI VÀ DỊCH VỤ MIRA GROUP,3d0c0069-8bc2-11f1-9b18-005056b2a5de,366,0c2c0542-516a-4138-999f-e6706dd607b0,301,3d61ab23-8bc2-11f1-9b18-005056b2a5de,a38f9189-ad87-11ef-a35e-005056b28600
2026-07-28T00:00:00,Nhập kho mua hàng,NK000793,KHOKE01,Kho Kệ,01__TDC__MAS__MOG__500,MASAN Trà Bupnon 365 Hương Mật Ong 500ml,Thùng,1.0,174000.0,174000.0,0.0,0.0,0.0,Trà Đóng Chai,01__TDC__MAS__MOG__500,MASAN Trà Bupnon 365 Hương Mật Ong 500ml,NCC011TRUCNGUYEN,CÔNG TY TRÁCH NHIỆM HỮU HẠN THƯƠNG MẠI VÀ DỊCH VỤ TRÚC NGUYÊN,,,CÔNG TY TNHH THƯƠNG MẠI VÀ DỊCH VỤ MIRA GROUP,3d0c0069-8bc2-11f1-9b18-005056b2a5de,367,0c2c0542-516a-4138-999f-e6706dd607b0,301,3d61ab4c-8bc2-11f1-9b18-005056b2a5de,a38f9189-ad87-11ef-a35e-005056b28600
2026-07-28T00:00:00,Nhập kho mua hàng,NK000793,KHOKE01,Kho Kệ,02__MTO__OMA__TXN__104,OMACHI Mì Tô Trộn Thịt Xiên Nướng 104g*12,Thùng,2.0,156000.0,312000.0,0.0,0.0,0.0,Mì Tô,02__MTO__OMA__TXN__104,OMACHI Mì Tô Trộn Thịt Xiên Nướng 104g*12,NCC011TRUCNGUYEN,CÔNG TY TRÁCH NHIỆM HỮU HẠN THƯƠNG MẠI VÀ DỊCH VỤ TRÚC NGUYÊN,,,CÔNG TY TNHH THƯƠNG MẠI VÀ DỊCH VỤ MIRA GROUP,3d0c0069-8bc2-11f1-9b18-005056b2a5de,368,0c2c0542-516a-4138-999f-e6706dd607b0,301,3d61ab73-8bc2-11f1-9b18-005056b2a5de,a38f9189-ad87-11ef-a35e-005056b28600
2026-07-28T00:00:00,Nhập kho mua hàng,NK000793,KHOKE01,Kho Kệ,02__MTO__OMA__S5Q__96,OMACHI Mì Tô Sườn Hầm Ngủ Quả 96g*18,Thùng,2.0,216000.0,432000.0,0.0,0.0,0.0,Mì Tô,02__MTO__OMA__S5Q__96,OMACHI Mì Tô Sườn Hầm Ngủ Quả 96g*18,NCC011TRUCNGUYEN,CÔNG TY TRÁCH NHIỆM HỮU HẠN THƯƠNG MẠI VÀ DỊCH VỤ TRÚC NGUYÊN,,,CÔNG TY TNHH THƯƠNG MẠI VÀ DỊCH VỤ MIRA GROUP,3d0c0069-8bc2-11f1-9b18-005056b2a5de,369,0c2c0542-516a-4138-999f-e6706dd607b0,301,3d61ab9c-8bc2-11f1-9b18-005056b2a5de,a38f9189-ad87-11ef-a35e-005056b28600
2026-07-28T00:00:00,Nhập kho mua hàng,NK000793,KHOKE01,Kho Kệ,02__MIL__OMA__S5Q__70,OMACHI Mì Ly Sườn Hầm Ngủ Quả 70g*24,Thùng,1.0,228000.0,228000.0,0.0,0.0,0.0,Mì Ly,02__MIL__OMA__S5Q__70,OMACHI Mì Ly Sườn Hầm Ngủ Quả 70g*24,NCC011TRUCNGUYEN,CÔNG TY TRÁCH NHIỆM HỮU HẠN THƯƠNG MẠI VÀ DỊCH VỤ TRÚC NGUYÊN,,,CÔNG TY TNHH THƯƠNG MẠI VÀ DỊCH VỤ MIRA GROUP,3d0c0069-8bc2-11f1-9b18-005056b2a5de,370,0c2c0542-516a-4138-999f-e6706dd607b0,301,3d61abc4-8bc2-11f1-9b18-005056b2a5de,a38f9189-ad87-11ef-a35e-005056b28600
2026-07-28T00:00:00,Nhập kho mua hàng,NK000794,KHOKE01,Kho Kệ,03__KCU__SKI__SCA__40,SKITTLES Kẹo Trái Cây Vị Sữa Chua 40g,Bịch,20.0,13000.0,260000.0,0.0,0.0,0.0,Kẹo Cứng,03__KCU__SKI__SCA__40,SKITTLES Kẹo Trái Cây Vị Sữa Chua 40g,NCC005BAOTIN,CÔNG TY TNHH THƯƠNG MẠI VÀ DỊCH VỤ BẢO TÍN NINH THUẬN,,,CÔNG TY TNHH THƯƠNG MẠI VÀ DỊCH VỤ MIRA GROUP,3d0c0069-8bc2-11f1-9b18-005056b2a5de,371,21f3b6a8-e9aa-4b85-9d93-7547fbac21aa,301,3d61abf0-8bc2-11f1-9b18-005056b2a5de,a38f9189-ad87-11ef-a35e-005056b28600
2026-07-28T00:00:00,Nhập kho mua hàng,NK000794,KHOKE01,Kho Kệ,03__KDE__SKI__SCA__43,SKITTLES Kẹo Dẻo Vị Sữa Chua Trái Cây 42.5g,Bịch,12.0,17000.0,204000.0,0.0,0.0,0.0,Kẹo Dẻo,03__KDE__SKI__SCA__43,SKITTLES Kẹo Dẻo Vị Sữa Chua Trái Cây 42.5g,NCC005BAOTIN,CÔNG TY TNHH THƯƠNG MẠI VÀ DỊCH VỤ BẢO TÍN NINH THUẬN,,,CÔNG TY TNHH THƯƠNG MẠI VÀ DỊCH VỤ MIRA GROUP,3d0c0069-8bc2-11f1-9b18-005056b2a5de,372,21f3b6a8-e9aa-4b85-9d93-7547fbac21aa,301,3d61ac19-8bc2-11f1-9b18-005056b2a5de,a38f9189-ad87-11ef-a35e-005056b28600
2026-07-28T00:00:00,Nhập kho mua hàng,NK000794,KHOKE01,Kho Kệ,03__KGU__DOU__CAM__24,DOUBLEMINT Tuýp Ngậm Hương Cam 23.8g,Tuýp,14.0,22000.0,308000.0,0.0,0.0,0.0,Kẹo Gum,03__KGU__DOU__CAM__24,DOUBLEMINT Tuýp Ngậm Hương Cam 23.8g,NCC005BAOTIN,CÔNG TY TNHH THƯƠNG MẠI VÀ DỊCH VỤ BẢO TÍN NINH THUẬN,,,CÔNG TY TNHH THƯƠNG MẠI VÀ DỊCH VỤ MIRA GROUP,3d0c0069-8bc2-11f1-9b18-005056b2a5de,373,21f3b6a8-e9aa-4b85-9d93-7547fbac21aa,301,3d61ac41-8bc2-11f1-9b18-005056b2a5de,a38f9189-ad87-11ef-a35e-005056b28600
2026-07-28T00:00:00,Nhập kho mua hàng,NK000794,KHOKE01,Kho Kệ,03__KCU__SKI__CHU__40,SKITTLES Kẹo Trái Cây Vị Chua 40g,Bịch,20.0,13000.0,260000.0,0.0,0.0,0.0,Kẹo Cứng,03__KCU__SKI__CHU__40,SKITTLES Kẹo Trái Cây Vị Chua 40g,NCC005BAOTIN,CÔNG TY TNHH THƯƠNG MẠI VÀ DỊCH VỤ BẢO TÍN NINH THUẬN,,,CÔNG TY TNHH THƯƠNG MẠI VÀ DỊCH VỤ MIRA GROUP,3d0c0069-8bc2-11f1-9b18-005056b2a5de,374,21f3b6a8-e9aa-4b85-9d93-7547fbac21aa,301,3d61ac6c-8bc2-11f1-9b18-005056b2a5de,a38f9189-ad87-11ef-a35e-005056b28600
2026-07-28T00:00:00,Nhập kho mua hàng,NK000794,KHOKE01,Kho Kệ,03__KGU__DOU__BHA__24,DOUBLEMINT Tuýp Ngậm Bạc Hà 23.8g,Hũ,14.0,22000.0,308000.0,0.0,0.0,0.0,Kẹo Gum,03__KGU__DOU__BHA__24,DOUBLEMINT Tuýp Ngậm Bạc Hà 23.8g,NCC005BAOTIN,CÔNG TY TNHH THƯƠNG MẠI VÀ DỊCH VỤ BẢO TÍN NINH THUẬN,,,CÔNG TY TNHH THƯƠNG MẠI VÀ DỊCH VỤ MIRA GROUP,3d0c0069-8bc2-11f1-9b18-005056b2a5de,375,21f3b6a8-e9aa-4b85-9d93-7547fbac21aa,301,3d61ac97-8bc2-11f1-9b18-005056b2a5de,a38f9189-ad87-11ef-a35e-005056b28600
2026-07-28T00:00:00,Nhập kho mua hàng,NK000794,KHOKE01,Kho Kệ,03__KSO__MNM__SUA__37,M&M's Kẹo Socola Sữa 37g,Bịch,24.0,20000.0,480000.0,0.0,0.0,0.0,Kẹo Socola,03__KSO__MNM__SUA__37,M&M's Kẹo Socola Sữa 37g,NCC005BAOTIN,CÔNG TY TNHH THƯƠNG MẠI VÀ DỊCH VỤ BẢO TÍN NINH THUẬN,,,CÔNG TY TNHH THƯƠNG MẠI VÀ DỊCH VỤ MIRA GROUP,3d0c0069-8bc2-11f1-9b18-005056b2a5de,376,21f3b6a8-e9aa-4b85-9d93-7547fbac21aa,301,3d61acbf-8bc2-11f1-9b18-005056b2a5de,a38f9189-ad87-11ef-a35e-005056b28600
2026-07-28T00:00:00,Nhập kho mua hàng,NK000795,KHOKE01,Kho Kệ,03__SRO__TBR__CLA__3,TAOKENOI BIG ROLL Snack Rong Biển Classic 3g,Hộp,12.0,39204.0,470448.0,0.0,0.0,0.0,Snack Rong Biển,03__SRO__TBR__CLA__3,TAOKENOI BIG ROLL Snack Rong Biển Classic 3g,NCC051QUOCTUAN,HỘ KINH DOANH QUỐC TUÂN,,,CÔNG TY TNHH THƯƠNG MẠI VÀ DỊCH VỤ MIRA GROUP,3d0c0069-8bc2-11f1-9b18-005056b2a5de,377,6e59e79c-0745-4b9d-b165-0cb746e084c5,301,3d61ace8-8bc2-11f1-9b18-005056b2a5de,a38f9189-ad87-11ef-a35e-005056b28600
2026-07-28T00:00:00,Nhập kho mua hàng,NK000795,KHOKE01,Kho Kệ,03__SRO__TBR__CAY__3,TAOKENOI BIG ROLL Snack Rong Biển Vị Cay,Hộp,12.0,39204.0,470448.0,0.0,0.0,0.0,Snack Rong Biển,03__SRO__TBR__CAY__3,TAOKENOI BIG ROLL Snack Rong Biển Vị Cay,NCC051QUOCTUAN,HỘ KINH DOANH QUỐC TUÂN,,,CÔNG TY TNHH THƯƠNG MẠI VÀ DỊCH VỤ MIRA GROUP,3d0c0069-8bc2-11f1-9b18-005056b2a5de,378,6e59e79c-0745-4b9d-b165-0cb746e084c5,301,3d61ad14-8bc2-11f1-9b18-005056b2a5de,a38f9189-ad87-11ef-a35e-005056b28600
2026-07-29T00:00:00,Nhập kho mua hàng,NK000796,KHOKE01,Kho Kệ,03__BLA__GIZ__CHO__90,GIZZA Bánh Tươi Chocolate 90g,Cái,21.0,11048.0,232000.0,0.0,0.0,0.0,Bánh Bông Lan,03__BLA__GIZ__CHO__90,GIZZA Bánh Tươi Chocolate 90g,NCC013THIENPHU,CÔNG TY TNHH THIÊN PHÚ PHAN RANG,,,CÔNG TY TNHH THƯƠNG MẠI VÀ DỊCH VỤ MIRA GROUP,3d0c0069-8bc2-11f1-9b18-005056b2a5de,379,77d5cdbb-8f7b-4df7-a54a-5f0086ba9409,301,3d61ad3c-8bc2-11f1-9b18-005056b2a5de,a38f9189-ad87-11ef-a35e-005056b28600
2026-07-29T00:00:00,Nhập kho mua hàng,NK000796,KHOKE01,Kho Kệ,03__BLA__GIZ__MAT__90,GIZZA Bánh Tươi Matcha 90g,Cái,21.0,11048.0,232000.0,0.0,0.0,0.0,Bánh Bông Lan,03__BLA__GIZ__MAT__90,GIZZA Bánh Tươi Matcha 90g,NCC013THIENPHU,CÔNG TY TNHH THIÊN PHÚ PHAN RANG,,,CÔNG TY TNHH THƯƠNG MẠI VÀ DỊCH VỤ MIRA GROUP,3d0c0069-8bc2-11f1-9b18-005056b2a5de,380,77d5cdbb-8f7b-4df7-a54a-5f0086ba9409,301,3d61ad63-8bc2-11f1-9b18-005056b2a5de,a38f9189-ad87-11ef-a35e-005056b28600
2026-07-29T00:00:00,Nhập kho mua hàng,NK000796,KHOKE01,Kho Kệ,GBTCD901,GIZZA Bánh Tươi Chanh Dây 90g,Chiếc,21.0,11048.0,232000.0,0.0,0.0,0.0,Bánh Bông Lan,GBTCD901,GIZZA Bánh Tươi Chanh Dây 90g,NCC013THIENPHU,CÔNG TY TNHH THIÊN PHÚ PHAN RANG,,,CÔNG TY TNHH THƯƠNG MẠI VÀ DỊCH VỤ MIRA GROUP,3d0c0069-8bc2-11f1-9b18-005056b2a5de,381,77d5cdbb-8f7b-4df7-a54a-5f0086ba9409,301,3d61ad8e-8bc2-11f1-9b18-005056b2a5de,a38f9189-ad87-11ef-a35e-005056b28600
2026-07-29T00:00:00,Nhập kho mua hàng,NK000796,KHOKE01,Kho Kệ,03__BLA__GIZ__ORI__90,GIZZA Bánh Tươi Original 90g,Cái,21.0,11048.0,232000.0,0.0,0.0,0.0,Bánh Bông Lan,03__BLA__GIZ__ORI__90,GIZZA Bánh Tươi Original 90g,NCC013THIENPHU,CÔNG TY TNHH THIÊN PHÚ PHAN RANG,,,CÔNG TY TNHH THƯƠNG MẠI VÀ DỊCH VỤ MIRA GROUP,3d0c0069-8bc2-11f1-9b18-005056b2a5de,382,77d5cdbb-8f7b-4df7-a54a-5f0086ba9409,301,3d61adb6-8bc2-11f1-9b18-005056b2a5de,a38f9189-ad87-11ef-a35e-005056b28600
2026-07-29T00:00:00,Nhập kho mua hàng,NK000797,KHOKE01,Kho Kệ,14__KEO__CEL__SVA__66,CELANO Kem Ốc Quế Cone Socola Vani 66g,Cái,7.0,0.0,0.0,0.0,0.0,0.0,Kem Ốc,14__KEO__CEL__SVA__66,CELANO Kem Ốc Quế Cone Socola Vani 66g,NCC006TRUCNHI,CÔNG TY TRÁCH NHIỆM HỮU HẠN THƯƠNG MẠI VÀ DỊCH VỤ TRÚC NHI,,,CÔNG TY TNHH THƯƠNG MẠI VÀ DỊCH VỤ MIRA GROUP,3d0c0069-8bc2-11f1-9b18-005056b2a5de,383,914782e6-7fdf-4abe-baed-1e535090a045,301,3d61addd-8bc2-11f1-9b18-005056b2a5de,a38f9189-ad87-11ef-a35e-005056b28600
2026-07-29T00:00:00,Nhập kho mua hàng,NK000797,KHOKE01,Kho Kệ,14__KEB__CEL__VDD__70,CELANO Kem Bánh Cá Vani Đậu Đỏ 70g,Thùng,1.0,309000.0,309000.0,0.0,0.0,0.0,Kem Bánh,14__KEB__CEL__VDD__70,CELANO Kem Bánh Cá Vani Đậu Đỏ 70g,NCC006TRUCNHI,CÔNG TY TRÁCH NHIỆM HỮU HẠN THƯƠNG MẠI VÀ DỊCH VỤ TRÚC NHI,,,CÔNG TY TNHH THƯƠNG MẠI VÀ DỊCH VỤ MIRA GROUP,3d0c0069-8bc2-11f1-9b18-005056b2a5de,384,914782e6-7fdf-4abe-baed-1e535090a045,301,3d61ae05-8bc2-11f1-9b18-005056b2a5de,a38f9189-ad87-11ef-a35e-005056b28600
2026-07-29T00:00:00,Nhập kho mua hàng,NK000797,KHOKE01,Kho Kệ,14__KEO__CEL__DAU__66,CELANO Kem Ốc Quế Cone Dâu Vani 66g,Cái,2.0,0.0,0.0,0.0,0.0,0.0,Kem Ốc,14__KEO__CEL__DAU__66,CELANO Kem Ốc Quế Cone Dâu Vani 66g,NCC006TRUCNHI,CÔNG TY TRÁCH NHIỆM HỮU HẠN THƯƠNG MẠI VÀ DỊCH VỤ TRÚC NHI,,,CÔNG TY TNHH THƯƠNG MẠI VÀ DỊCH VỤ MIRA GROUP,3d0c0069-8bc2-11f1-9b18-005056b2a5de,385,914782e6-7fdf-4abe-baed-1e535090a045,301,3d61ae34-8bc2-11f1-9b18-005056b2a5de,a38f9189-ad87-11ef-a35e-005056b28600
2026-07-29T00:00:00,Nhập kho mua hàng,NK000797,KHOKE01,Kho Kệ,14__KEQ__MER__DXH__60,MERINO Kem Que Lõi Xốt Đậu Xanh 60g,Thùng,1.0,315000.0,315000.0,0.0,0.0,0.0,Kem Que,14__KEQ__MER__DXH__60,MERINO Kem Que Lõi Xốt Đậu Xanh 60g,NCC006TRUCNHI,CÔNG TY TRÁCH NHIỆM HỮU HẠN THƯƠNG MẠI VÀ DỊCH VỤ TRÚC NHI,,,CÔNG TY TNHH THƯƠNG MẠI VÀ DỊCH VỤ MIRA GROUP,3d0c0069-8bc2-11f1-9b18-005056b2a5de,386,914782e6-7fdf-4abe-baed-1e535090a045,301,3d61ae5b-8bc2-11f1-9b18-005056b2a5de,a38f9189-ad87-11ef-a35e-005056b28600
2026-07-29T00:00:00,Nhập kho mua hàng,NK000797,KHOKE01,Kho Kệ,14__KEO__CEL__DAU__66,CELANO Kem Ốc Quế Cone Dâu Vani 66g,Thùng,1.0,336000.0,336000.0,0.0,0.0,0.0,Kem Ốc,14__KEO__CEL__DAU__66,CELANO Kem Ốc Quế Cone Dâu Vani 66g,NCC006TRUCNHI,CÔNG TY TRÁCH NHIỆM HỮU HẠN THƯƠNG MẠI VÀ DỊCH VỤ TRÚC NHI,,,CÔNG TY TNHH THƯƠNG MẠI VÀ DỊCH VỤ MIRA GROUP,3d0c0069-8bc2-11f1-9b18-005056b2a5de,387,914782e6-7fdf-4abe-baed-1e535090a045,301,3d61ae83-8bc2-11f1-9b18-005056b2a5de,a38f9189-ad87-11ef-a35e-005056b28600
2026-07-29T00:00:00,Nhập kho mua hàng,NK000797,KHOKE01,Kho Kệ,14__KEQ__CEL__SHN__53,CELANO Kem Que Socola Hạnh Nhân 53g,Thùng,1.0,340000.0,340000.0,0.0,0.0,0.0,Kem Que,14__KEQ__CEL__SHN__53,CELANO Kem Que Socola Hạnh Nhân 53g,NCC006TRUCNHI,CÔNG TY TRÁCH NHIỆM HỮU HẠN THƯƠNG MẠI VÀ DỊCH VỤ TRÚC NHI,,,CÔNG TY TNHH THƯƠNG MẠI VÀ DỊCH VỤ MIRA GROUP,3d0c0069-8bc2-11f1-9b18-005056b2a5de,388,914782e6-7fdf-4abe-baed-1e535090a045,301,3d61aeae-8bc2-11f1-9b18-005056b2a5de,a38f9189-ad87-11ef-a35e-005056b28600
2026-07-29T00:00:00,Nhập kho mua hàng,NK000797,KHOKE01,Kho Kệ,14__KEO__MER__SOC__60,MERINO Kem Ốc Quế S.Teen Socola 60g,Thùng,1.0,263000.0,263000.0,0.0,0.0,0.0,Kem Ốc,14__KEO__MER__SOC__60,MERINO Kem Ốc Quế S.Teen Socola 60g,NCC006TRUCNHI,CÔNG TY TRÁCH NHIỆM HỮU HẠN THƯƠNG MẠI VÀ DỊCH VỤ TRÚC NHI,,,CÔNG TY TNHH THƯƠNG MẠI VÀ DỊCH VỤ MIRA GROUP,3d0c0069-8bc2-11f1-9b18-005056b2a5de,389,914782e6-7fdf-4abe-baed-1e535090a045,301,3d61aed6-8bc2-11f1-9b18-005056b2a5de,a38f9189-ad87-11ef-a35e-005056b28600
2026-07-29T00:00:00,Nhập kho mua hàng,NK000797,KHOKE01,Kho Kệ,14__KEQ__CEL__XOI__60,CELANO Kem Que Xoài 60g,Thùng,1.0,336000.0,336000.0,0.0,0.0,0.0,Kem Que,14__KEQ__CEL__XOI__60,CELANO Kem Que Xoài 60g,NCC006TRUCNHI,CÔNG TY TRÁCH NHIỆM HỮU HẠN THƯƠNG MẠI VÀ DỊCH VỤ TRÚC NHI,,,CÔNG TY TNHH THƯƠNG MẠI VÀ DỊCH VỤ MIRA GROUP,3d0c0069-8bc2-11f1-9b18-005056b2a5de,390,914782e6-7fdf-4abe-baed-1e535090a045,301,3d61aefe-8bc2-11f1-9b18-005056b2a5de,a38f9189-ad87-11ef-a35e-005056b28600
2026-07-29T00:00:00,Nhập kho mua hàng,NK000797,KHOKE01,Kho Kệ,14__KEO__CEL__HDE__66,CELANO Kem Ốc Quế Cone Hạt Dẻ Cười 66g,Thùng,1.0,336000.0,336000.0,0.0,0.0,0.0,Kem Ốc,14__KEO__CEL__HDE__66,CELANO Kem Ốc Quế Cone Hạt Dẻ Cười 66g,NCC006TRUCNHI,CÔNG TY TRÁCH NHIỆM HỮU HẠN THƯƠNG MẠI VÀ DỊCH VỤ TRÚC NHI,,,CÔNG TY TNHH THƯƠNG MẠI VÀ DỊCH VỤ MIRA GROUP,3d0c0069-8bc2-11f1-9b18-005056b2a5de,391,914782e6-7fdf-4abe-baed-1e535090a045,301,3d61af27-8bc2-11f1-9b18-005056b2a5de,a38f9189-ad87-11ef-a35e-005056b28600
2026-07-29T00:00:00,Nhập kho mua hàng,NK000797,KHOKE01,Kho Kệ,14__KEH__MER__SDA__95,MERINO Kem Hộp Sữa Dừa 95ml,Thùng,1.0,216000.0,216000.0,0.0,0.0,0.0,Kem Hộp,14__KEH__MER__SDA__95,MERINO Kem Hộp Sữa Dừa 95ml,NCC006TRUCNHI,CÔNG TY TRÁCH NHIỆM HỮU HẠN THƯƠNG MẠI VÀ DỊCH VỤ TRÚC NHI,,,CÔNG TY TNHH THƯƠNG MẠI VÀ DỊCH VỤ MIRA GROUP,3d0c0069-8bc2-11f1-9b18-005056b2a5de,392,914782e6-7fdf-4abe-baed-1e535090a045,301,3d61af4f-8bc2-11f1-9b18-005056b2a5de,a38f9189-ad87-11ef-a35e-005056b28600
2026-07-29T00:00:00,Nhập kho mua hàng,NK000797,KHOKE01,Kho Kệ,14__KEQ__MER__CSO__68,MERINO Kem Que Cacao Socola 68g,Cái,30.0,10500.0,315000.0,0.0,0.0,0.0,Kem Que,14__KEQ__MER__CSO__68,MERINO Kem Que Cacao Socola 68g,NCC006TRUCNHI,CÔNG TY TRÁCH NHIỆM HỮU HẠN THƯƠNG MẠI VÀ DỊCH VỤ TRÚC NHI,,,CÔNG TY TNHH THƯƠNG MẠI VÀ DỊCH VỤ MIRA GROUP,3d0c0069-8bc2-11f1-9b18-005056b2a5de,393,914782e6-7fdf-4abe-baed-1e535090a045,301,3d61af76-8bc2-11f1-9b18-005056b2a5de,a38f9189-ad87-11ef-a35e-005056b28600
2026-07-29T00:00:00,Nhập kho mua hàng,NK000797,KHOKE01,Kho Kệ,14__KES__MER__PMI__50,MERINO Kem Sữa Chua Dẻo Phô Mai 50g,Thùng,1.0,224000.0,224000.0,0.0,0.0,0.0,Kem Sữa Chua Dẻo,14__KES__MER__PMI__50,MERINO Kem Sữa Chua Dẻo Phô Mai 50g,NCC006TRUCNHI,CÔNG TY TRÁCH NHIỆM HỮU HẠN THƯƠNG MẠI VÀ DỊCH VỤ TRÚC NHI,,,CÔNG TY TNHH THƯƠNG MẠI VÀ DỊCH VỤ MIRA GROUP,3d0c0069-8bc2-11f1-9b18-005056b2a5de,394,914782e6-7fdf-4abe-baed-1e535090a045,301,3d61af9d-8bc2-11f1-9b18-005056b2a5de,a38f9189-ad87-11ef-a35e-005056b28600
2026-07-29T00:00:00,Nhập kho mua hàng,NK000797,KHOKE01,Kho Kệ,14__KEQ__CEL__TCS__75,CELANO Kem Que Trân Châu Sữa Dừa 75g,Thùng,1.0,336000.0,336000.0,0.0,0.0,0.0,Kem Que,14__KEQ__CEL__TCS__75,CELANO Kem Que Trân Châu Sữa Dừa 75g,NCC006TRUCNHI,CÔNG TY TRÁCH NHIỆM HỮU HẠN THƯƠNG MẠI VÀ DỊCH VỤ TRÚC NHI,,,CÔNG TY TNHH THƯƠNG MẠI VÀ DỊCH VỤ MIRA GROUP,3d0c0069-8bc2-11f1-9b18-005056b2a5de,395,914782e6-7fdf-4abe-baed-1e535090a045,301,3d61afc8-8bc2-11f1-9b18-005056b2a5de,a38f9189-ad87-11ef-a35e-005056b28600
2026-07-29T00:00:00,Nhập kho mua hàng,NK000798,KHOKE01,Kho Kệ,02__MIL__VIF__CUA__90,VIFON Mì Trộn Cua Xốt Me Ly 90g,Thùng,1.0,251000.0,251000.0,0.0,0.0,0.0,Mì Ly,02__MIL__VIF__CUA__90,VIFON Mì Trộn Cua Xốt Me Ly 90g,NCC019HUNGPHAT,CÔNG TY TNHH PHÂN PHỐI HÙNG PHÁT,,,CÔNG TY TNHH THƯƠNG MẠI VÀ DỊCH VỤ MIRA GROUP,3d0c0069-8bc2-11f1-9b18-005056b2a5de,396,99d3a774-206d-4e55-87ce-b47d14c8628c,301,3d61aff1-8bc2-11f1-9b18-005056b2a5de,a38f9189-ad87-11ef-a35e-005056b28600
2026-07-29T00:00:00,Nhập kho mua hàng,NK000798,KHOKE01,Kho Kệ,02__MIL__VIF__GCY__115,VIFON Mì Trộn Sốt Gà Cay Ly 115g,Ly,3.0,0.0,0.0,0.0,0.0,0.0,Mì Ly,02__MIL__VIF__GCY__115,VIFON Mì Trộn Sốt Gà Cay Ly 115g,NCC019HUNGPHAT,CÔNG TY TNHH PHÂN PHỐI HÙNG PHÁT,,,CÔNG TY TNHH THƯƠNG MẠI VÀ DỊCH VỤ MIRA GROUP,3d0c0069-8bc2-11f1-9b18-005056b2a5de,397,99d3a774-206d-4e55-87ce-b47d14c8628c,301,3d61b019-8bc2-11f1-9b18-005056b2a5de,a38f9189-ad87-11ef-a35e-005056b28600
2026-07-29T00:00:00,Nhập kho mua hàng,NK000798,KHOKE01,Kho Kệ,02__MIL__VIF__TEX__115,VIFON MÌ Trộn Bò Texas Ly 115g,Thùng,2.0,223000.0,446000.0,0.0,0.0,0.0,Mì Ly,02__MIL__VIF__TEX__115,VIFON MÌ Trộn Bò Texas Ly 115g,NCC019HUNGPHAT,CÔNG TY TNHH PHÂN PHỐI HÙNG PHÁT,,,CÔNG TY TNHH THƯƠNG MẠI VÀ DỊCH VỤ MIRA GROUP,3d0c0069-8bc2-11f1-9b18-005056b2a5de,398,99d3a774-206d-4e55-87ce-b47d14c8628c,301,3d61b043-8bc2-11f1-9b18-005056b2a5de,a38f9189-ad87-11ef-a35e-005056b28600
2026-07-29T00:00:00,Nhập kho mua hàng,NK000798,KHOKE01,Kho Kệ,02__MIL__VIF__GCY__115,VIFON Mì Trộn Sốt Gà Cay Ly 115g,Thùng,1.0,251000.0,251000.0,0.0,0.0,0.0,Mì Ly,02__MIL__VIF__GCY__115,VIFON Mì Trộn Sốt Gà Cay Ly 115g,NCC019HUNGPHAT,CÔNG TY TNHH PHÂN PHỐI HÙNG PHÁT,,,CÔNG TY TNHH THƯƠNG MẠI VÀ DỊCH VỤ MIRA GROUP,3d0c0069-8bc2-11f1-9b18-005056b2a5de,399,99d3a774-206d-4e55-87ce-b47d14c8628c,301,3d61b06b-8bc2-11f1-9b18-005056b2a5de,a38f9189-ad87-11ef-a35e-005056b28600
2026-07-30T00:00:00,Nhập kho mua hàng,NK000799,KHOKE01,Kho Kệ,06__VSB__SOF__COM__2617,SOFY Skin Comfort Băng Vệ Sinh 26cm 17 Miếng,Bịch,6.0,68108.0,408645.0,0.0,0.0,0.0,Chăm Sóc Vệ Sinh Cá Nhân,06__VSB__SOF__COM__2617,SOFY Skin Comfort Băng Vệ Sinh 26cm 17 Miếng,NCC014DONGVAN,CÔNG TY TNHH THƯƠNG MẠI - DỊCH VỤ ĐÔNG VÂN,,,CÔNG TY TNHH THƯƠNG MẠI VÀ DỊCH VỤ MIRA GROUP,3d0c0069-8bc2-11f1-9b18-005056b2a5de,400,27098b0f-ba66-4a51-b7ad-8f5431a450b1,301,3d61b093-8bc2-11f1-9b18-005056b2a5de,a38f9189-ad87-11ef-a35e-005056b28600
2026-07-30T00:00:00,Nhập kho mua hàng,NK000799,KHOKE01,Kho Kệ,06__VSB__DIA__STH__8MT2,DIANA BVS Siêu Thấm 8 Miếng Tặng 2,Bịch,6.0,20069.0,120416.0,0.0,0.0,0.0,Chăm Sóc Vệ Sinh Cá Nhân,06__VSB__DIA__STH__8MT2,DIANA BVS Siêu Thấm 8 Miếng Tặng 2,NCC014DONGVAN,CÔNG TY TNHH THƯƠNG MẠI - DỊCH VỤ ĐÔNG VÂN,,,CÔNG TY TNHH THƯƠNG MẠI VÀ DỊCH VỤ MIRA GROUP,3d0c0069-8bc2-11f1-9b18-005056b2a5de,401,27098b0f-ba66-4a51-b7ad-8f5431a450b1,301,3d61b0bb-8bc2-11f1-9b18-005056b2a5de,a38f9189-ad87-11ef-a35e-005056b28600
2026-07-30T00:00:00,Nhập kho mua hàng,NK000799,KHOKE01,Kho Kệ,06__VSB__SOF__COM__268,SOFY SKIN Comfort Băng Vệ Sinh 26cm 8 Miếng,Bịch,6.0,31667.0,190000.0,0.0,0.0,0.0,Chăm Sóc Vệ Sinh Cá Nhân,06__VSB__SOF__COM__268,SOFY SKIN Comfort Băng Vệ Sinh 26cm 8 Miếng,NCC014DONGVAN,CÔNG TY TNHH THƯƠNG MẠI - DỊCH VỤ ĐÔNG VÂN,,,CÔNG TY TNHH THƯƠNG MẠI VÀ DỊCH VỤ MIRA GROUP,3d0c0069-8bc2-11f1-9b18-005056b2a5de,402,27098b0f-ba66-4a51-b7ad-8f5431a450b1,301,3d61b0e6-8bc2-11f1-9b18-005056b2a5de,a38f9189-ad87-11ef-a35e-005056b28600
2026-07-30T00:00:00,Nhập kho mua hàng,NK000799,KHOKE01,Kho Kệ,06__VSU__FRE__BHA__20,FRESSI Care Khăn Giấy Ướt Bạc Hà Bịch 20M,Bịch,22.0,11455.0,252000.0,0.0,0.0,0.0,Chăm Sóc Vệ Sinh Cá Nhân,06__VSU__FRE__BHA__20,FRESSI Care Khăn Giấy Ướt Bạc Hà Bịch 20M,NCC014DONGVAN,CÔNG TY TNHH THƯƠNG MẠI - DỊCH VỤ ĐÔNG VÂN,,,CÔNG TY TNHH THƯƠNG MẠI VÀ DỊCH VỤ MIRA GROUP,3d0c0069-8bc2-11f1-9b18-005056b2a5de,403,27098b0f-ba66-4a51-b7ad-8f5431a450b1,301,3d61b10e-8bc2-11f1-9b18-005056b2a5de,a38f9189-ad87-11ef-a35e-005056b28600
2026-07-30T00:00:00,Nhập kho mua hàng,NK000799,KHOKE01,Kho Kệ,06__VSU__FRE__BIC__20,FRESSI Care Khăn Giấy Ướt Bịch 20 Miếng,Bịch,20.0,10250.0,205000.0,0.0,0.0,0.0,Chăm Sóc Vệ Sinh Cá Nhân,06__VSU__FRE__BIC__20,FRESSI Care Khăn Giấy Ướt Bịch 20 Miếng,NCC014DONGVAN,CÔNG TY TNHH THƯƠNG MẠI - DỊCH VỤ ĐÔNG VÂN,,,CÔNG TY TNHH THƯƠNG MẠI VÀ DỊCH VỤ MIRA GROUP,3d0c0069-8bc2-11f1-9b18-005056b2a5de,404,27098b0f-ba66-4a51-b7ad-8f5431a450b1,301,3d61b136-8bc2-11f1-9b18-005056b2a5de,a38f9189-ad87-11ef-a35e-005056b28600
