sku_code,inventory_item_name,inventory_item_category_name,unit_name,sold_quantity,sold_amount,delivery_quantity,delivery_amount,packing_quantity,packing_amount,pending_quantity,pending_amount,canel_quantity,canel_amount,fail_quantity,fail_amount,return_quantity,return_amount,stock_quantity,stock_amount,available_quantity,available_amount,parent_sku_code,parent_inventory_item_name,account_object_name,inventory_item_type_name,summary_inventory_by_order_status_id,inventory_item_id,session_id,detail_id,unit_id,account_object_id
01__BCH__KEN__BAC__330,HEINEKEN Bạc Bia Chai Tết 330ml,Bia Chai,Chai,0.0,0.0,0.0,0.0,0.0,0.0,0.0,0.0,0.0,0.0,0.0,0.0,0.0,0.0,0.0,0.0,0.0,0.0,01__BCH__KEN__BAC__330,HEINEKEN Bạc Bia Chai Tết 330ml,,Hàng hóa,aec88ee8-8bc9-11f1-9b18-005056b2a5de,ff5ccbda-22bc-446b-9ad5-5546325beb11,aea7bdfe-8bc9-11f1-9b18-005056b2a5de,1,097330eb-f92d-4b88-95a8-1a83fd3d8065,
01__BLO__BLC__164__250,1664 BLANC Bia Lon 250ml,Bia Lon,Lon,0.0,0.0,0.0,0.0,0.0,0.0,0.0,0.0,0.0,0.0,0.0,0.0,0.0,0.0,-5.0,-115000.0,-5.0,-115000.0,01__BLO__BLC__164__250,1664 BLANC Bia Lon 250ml,,Hàng hóa,aec89736-8bc9-11f1-9b18-005056b2a5de,9ee9512e-33d3-4980-9b3a-18657fde9a32,aea7bdfe-8bc9-11f1-9b18-005056b2a5de,2,675a42b3-8acd-451e-b184-edaeaebec5b7,
01__BLO__BLC__164__330,1664 BLANC Bia Lon 330ml,Bia Lon,Lon,0.0,0.0,0.0,0.0,0.0,0.0,0.0,0.0,0.0,0.0,0.0,0.0,0.0,0.0,24.0,576000.0,24.0,576000.0,01__BLO__BLC__164__330,1664 BLANC Bia Lon 330ml,CÔNG TY TNHH MM MEGA MARKET (VIỆT NAM),Hàng hóa,aec89820-8bc9-11f1-9b18-005056b2a5de,9dffea9a-1e7d-47a6-b704-38830a21e33c,aea7bdfe-8bc9-11f1-9b18-005056b2a5de,3,675a42b3-8acd-451e-b184-edaeaebec5b7,
01__BLO__BUD__LON__250,BUDWEISER Bia Lon 250ml,Bia Lon,Lon,0.0,0.0,0.0,0.0,0.0,0.0,0.0,0.0,0.0,0.0,0.0,0.0,0.0,0.0,-10.0,-220000.0,-10.0,-220000.0,01__BLO__BUD__LON__250,BUDWEISER Bia Lon 250ml,,Hàng hóa,aec8992a-8bc9-11f1-9b18-005056b2a5de,980e2373-eba1-4c90-8a9b-568c576f3f2c,aea7bdfe-8bc9-11f1-9b18-005056b2a5de,4,675a42b3-8acd-451e-b184-edaeaebec5b7,
01__BLO__CAR__LON__330,CARLSBERG Bia Lon 330ml,Bia Lon,Lon,0.0,0.0,0.0,0.0,0.0,0.0,0.0,0.0,0.0,0.0,0.0,0.0,0.0,0.0,10.0,260000.0,10.0,260000.0,01__BLO__CAR__LON__330,CARLSBERG Bia Lon 330ml,,Hàng hóa,aec899e5-8bc9-11f1-9b18-005056b2a5de,a218506b-981c-40c4-b958-05d2c459f168,aea7bdfe-8bc9-11f1-9b18-005056b2a5de,5,675a42b3-8acd-451e-b184-edaeaebec5b7,
01__BLO__HGD__DAO__500,HOEGAARDEN White Đào (Peach) Bia Lon 500ml,Bia Lon,Lon,0.0,0.0,0.0,0.0,0.0,0.0,0.0,0.0,0.0,0.0,0.0,0.0,0.0,0.0,0.0,0.0,0.0,0.0,01__BLO__HGD__DAO__500,HOEGAARDEN White Đào (Peach) Bia Lon 500ml,,Hàng hóa,aec89aad-8bc9-11f1-9b18-005056b2a5de,ac15866e-e85d-43a8-a40e-3a95a8958964,aea7bdfe-8bc9-11f1-9b18-005056b2a5de,6,675a42b3-8acd-451e-b184-edaeaebec5b7,
01__BLO__HGD__ROS__250,HOEGAARDEN Rose Bia Lon 250ml,Bia Lon,Lon,0.0,0.0,0.0,0.0,0.0,0.0,0.0,0.0,0.0,0.0,0.0,0.0,0.0,0.0,16.0,416000.0,16.0,416000.0,01__BLO__HGD__ROS__250,HOEGAARDEN Rose Bia Lon 250ml,,Hàng hóa,aec89b4b-8bc9-11f1-9b18-005056b2a5de,03e92136-95f9-450c-8cef-5f9f1507c702,aea7bdfe-8bc9-11f1-9b18-005056b2a5de,7,675a42b3-8acd-451e-b184-edaeaebec5b7,
01__BLO__HGD__TRG__250,HOEGAARDEN White Bia Lon 250ml,Bia Lon,Lon,0.0,0.0,0.0,0.0,0.0,0.0,0.0,0.0,0.0,0.0,0.0,0.0,0.0,0.0,15.0,390000.0,15.0,390000.0,01__BLO__HGD__TRG__250,HOEGAARDEN White Bia Lon 250ml,,Hàng hóa,aec89be8-8bc9-11f1-9b18-005056b2a5de,f2a0a540-7766-46e5-91be-d64f9c2c0fe4,aea7bdfe-8bc9-11f1-9b18-005056b2a5de,8,675a42b3-8acd-451e-b184-edaeaebec5b7,
01__BLO__KEN__BAC__250,HEINEKEN Bạc Bia Lon 250ml,Bia Lon,Lon,0.0,0.0,0.0,0.0,0.0,0.0,0.0,0.0,0.0,0.0,0.0,0.0,0.0,0.0,98.0,2156000.0,98.0,2156000.0,01__BLO__KEN__BAC__250,HEINEKEN Bạc Bia Lon 250ml,,Hàng hóa,aec89c81-8bc9-11f1-9b18-005056b2a5de,f5428d74-046d-4429-93f0-abd0b3d6674e,aea7bdfe-8bc9-11f1-9b18-005056b2a5de,9,675a42b3-8acd-451e-b184-edaeaebec5b7,
01__BLO__KEN__BAC__330,HEINEKEN Bạc Bia Lon 330ml,Bia Lon,Lon,0.0,0.0,0.0,0.0,0.0,0.0,0.0,0.0,0.0,0.0,0.0,0.0,0.0,0.0,109.0,2943000.0,109.0,2943000.0,01__BLO__KEN__BAC__330,HEINEKEN Bạc Bia Lon 330ml,,Hàng hóa,aec89e10-8bc9-11f1-9b18-005056b2a5de,11374cb3-13e5-4cf6-bbf8-367eb2a8ca5b,aea7bdfe-8bc9-11f1-9b18-005056b2a5de,10,675a42b3-8acd-451e-b184-edaeaebec5b7,
01__BLO__SAP__LON__330,SAPPORO Bia Lon 330ml,Bia Lon,Lon,0.0,0.0,0.0,0.0,0.0,0.0,0.0,0.0,0.0,0.0,0.0,0.0,0.0,0.0,27.0,810000.0,27.0,810000.0,01__BLO__SAP__LON__330,SAPPORO Bia Lon 330ml,,Hàng hóa,aec89eb9-8bc9-11f1-9b18-005056b2a5de,32da260b-e5dd-4314-86ae-1e0fc63ffb48,aea7bdfe-8bc9-11f1-9b18-005056b2a5de,11,675a42b3-8acd-451e-b184-edaeaebec5b7,
01__BLO__SAP__PRE__330,SAPPORO Premium 100 Bia Lon 330ml,Bia Lon,Lon,0.0,0.0,0.0,0.0,0.0,0.0,0.0,0.0,0.0,0.0,0.0,0.0,0.0,0.0,24.0,768000.0,24.0,768000.0,01__BLO__SAP__PRE__330,SAPPORO Premium 100 Bia Lon 330ml,,Hàng hóa,aec89f5f-8bc9-11f1-9b18-005056b2a5de,1c6a4f7f-23a9-4ba7-a2e7-46d84a3cddbb,aea7bdfe-8bc9-11f1-9b18-005056b2a5de,12,675a42b3-8acd-451e-b184-edaeaebec5b7,
01__BLO__SGN__LON__330,SAIGON Bia Lon 330ml,Bia Lon,Lon,0.0,0.0,0.0,0.0,0.0,0.0,0.0,0.0,0.0,0.0,0.0,0.0,0.0,0.0,131.0,2096000.0,131.0,2096000.0,01__BLO__SGN__LON__330,SAIGON Bia Lon 330ml,,Hàng hóa,aec89ff6-8bc9-11f1-9b18-005056b2a5de,0fcd9987-409e-468d-8ab2-5d77d086f697,aea7bdfe-8bc9-11f1-9b18-005056b2a5de,13,675a42b3-8acd-451e-b184-edaeaebec5b7,
01__BLO__TIG__BAC__250,TIGER Bạc Bia Lon 250ml,Bia Lon,Lon,0.0,0.0,0.0,0.0,0.0,0.0,0.0,0.0,0.0,0.0,0.0,0.0,0.0,0.0,227.0,4086000.0,227.0,4086000.0,01__BLO__TIG__BAC__250,TIGER Bạc Bia Lon 250ml,,Hàng hóa,aec8a088-8bc9-11f1-9b18-005056b2a5de,f298b5d8-addd-410a-8190-7a3340051d3b,aea7bdfe-8bc9-11f1-9b18-005056b2a5de,14,675a42b3-8acd-451e-b184-edaeaebec5b7,
01__BLO__TIG__BAC__330,TIGER Bạc Bia Lon 330ml,Bia Lon,Lon,0.0,0.0,0.0,0.0,0.0,0.0,0.0,0.0,0.0,0.0,0.0,0.0,0.0,0.0,74.0,1776000.0,74.0,1776000.0,01__BLO__TIG__BAC__330,TIGER Bạc Bia Lon 330ml,,Hàng hóa,aec8a128-8bc9-11f1-9b18-005056b2a5de,11229080-16db-4766-b903-83f2a08f8163,aea7bdfe-8bc9-11f1-9b18-005056b2a5de,15,675a42b3-8acd-451e-b184-edaeaebec5b7,
01__BLO__TIG__MEL__330,TIGER Soju Wonder Melon Bia Lon 330ml,Bia Lon,Lon,0.0,0.0,0.0,0.0,0.0,0.0,0.0,0.0,0.0,0.0,0.0,0.0,0.0,0.0,0.0,0.0,0.0,0.0,01__BLO__TIG__MEL__330,TIGER Soju Wonder Melon Bia Lon 330ml,,Hàng hóa,aec8a1e3-8bc9-11f1-9b18-005056b2a5de,7835ecba-2b7a-4784-a702-bafa239ae5e9,aea7bdfe-8bc9-11f1-9b18-005056b2a5de,16,675a42b3-8acd-451e-b184-edaeaebec5b7,
01__BLO__TIG__NAU__330,TIGER Nâu Bia Lon 330ml,Bia Lon,Lon,0.0,0.0,0.0,0.0,0.0,0.0,0.0,0.0,0.0,0.0,0.0,0.0,0.0,0.0,81.0,1701000.0,81.0,1701000.0,01__BLO__TIG__NAU__330,TIGER Nâu Bia Lon 330ml,,Hàng hóa,aec8a2c1-8bc9-11f1-9b18-005056b2a5de,65041986-36dc-44c9-9e9b-d2d86d06bf22,aea7bdfe-8bc9-11f1-9b18-005056b2a5de,17,675a42b3-8acd-451e-b184-edaeaebec5b7,
01__BLO__TIG__PLU__330,TIGER Soju Cheeky Plum Bia Lon 330ml,Bia Lon,Lon,0.0,0.0,0.0,0.0,0.0,0.0,0.0,0.0,0.0,0.0,0.0,0.0,0.0,0.0,0.0,0.0,0.0,0.0,01__BLO__TIG__PLU__330,TIGER Soju Cheeky Plum Bia Lon 330ml,,Hàng hóa,aec8a39f-8bc9-11f1-9b18-005056b2a5de,4f581d02-4865-41ca-9301-5876823e44e4,aea7bdfe-8bc9-11f1-9b18-005056b2a5de,18,675a42b3-8acd-451e-b184-edaeaebec5b7,
01__BLO__TUB__ICE__320,TUBORG ICE Crisp Lager Bia Lon 320ml,Bia Lon,Lon,0.0,0.0,0.0,0.0,0.0,0.0,0.0,0.0,0.0,0.0,0.0,0.0,0.0,0.0,19.0,494000.0,19.0,494000.0,01__BLO__TUB__ICE__320,TUBORG ICE Crisp Lager Bia Lon 320ml,,Hàng hóa,aec8a4eb-8bc9-11f1-9b18-005056b2a5de,6db36756-5f55-48f3-95c0-2f6a3b2d8c47,aea7bdfe-8bc9-11f1-9b18-005056b2a5de,19,675a42b3-8acd-451e-b184-edaeaebec5b7,
01__CPL__HLD__LON__185,HIGHLAND Cà Phê Sữa Đá Lon 185ml,Cà Phê Lon,Lon,0.0,0.0,0.0,0.0,0.0,0.0,0.0,0.0,0.0,0.0,0.0,0.0,0.0,0.0,0.0,0.0,0.0,0.0,01__CPL__HLD__LON__185,HIGHLAND Cà Phê Sữa Đá Lon 185ml,,Hàng hóa,aec8a58e-8bc9-11f1-9b18-005056b2a5de,3d998041-5ed6-4bfb-9041-f43e1bf50533,aea7bdfe-8bc9-11f1-9b18-005056b2a5de,20,675a42b3-8acd-451e-b184-edaeaebec5b7,
01__CPL__HLD__LON__235,HIGHLAND Cà Phê Sữa Lon 235ml,Cà Phê Lon,Lon,2.0,50000.0,0.0,0.0,0.0,0.0,0.0,0.0,0.0,0.0,0.0,0.0,0.0,0.0,23.0,575000.0,23.0,575000.0,01__CPL__HLD__LON__235,HIGHLAND Cà Phê Sữa Lon 235ml,,Hàng hóa,aec8a630-8bc9-11f1-9b18-005056b2a5de,09662628-fb8b-435a-a016-bf8ecf322b89,aea7bdfe-8bc9-11f1-9b18-005056b2a5de,21,675a42b3-8acd-451e-b184-edaeaebec5b7,
01__NBD__CVI__CAM__140,C-VITT Nước Cam Vitamin 140ml,Nước Bù Điện Giải,Chai,0.0,0.0,0.0,0.0,0.0,0.0,0.0,0.0,0.0,0.0,0.0,0.0,0.0,0.0,1.0,28000.0,1.0,28000.0,01__NBD__CVI__CAM__140,C-VITT Nước Cam Vitamin 140ml,,Hàng hóa,aec8a6cb-8bc9-11f1-9b18-005056b2a5de,69d1bcb3-ea0b-4c1c-b116-9f4d1baa5dad,aea7bdfe-8bc9-11f1-9b18-005056b2a5de,22,097330eb-f92d-4b88-95a8-1a83fd3d8065,
01__NBD__CVI__CHH__140,C-VITT Nước Chanh Vitamin 140ml,Nước Bù Điện Giải,Chai,0.0,0.0,0.0,0.0,0.0,0.0,0.0,0.0,0.0,0.0,0.0,0.0,0.0,0.0,6.0,168000.0,6.0,168000.0,01__NBD__CVI__CHH__140,C-VITT Nước Chanh Vitamin 140ml,,Hàng hóa,aec8a777-8bc9-11f1-9b18-005056b2a5de,acdf31d4-3ac2-4031-bffb-36afbfe74795,aea7bdfe-8bc9-11f1-9b18-005056b2a5de,23,097330eb-f92d-4b88-95a8-1a83fd3d8065,
01__NBD__CVI__LUU__140,C-VITT Nước Hương Lựu 140ml,Nước Bù Điện Giải,Chai,0.0,0.0,0.0,0.0,0.0,0.0,0.0,0.0,0.0,0.0,0.0,0.0,0.0,0.0,-2.0,-56000.0,-2.0,-56000.0,01__NBD__CVI__LUU__140,C-VITT Nước Hương Lựu 140ml,,Hàng hóa,aec8a811-8bc9-11f1-9b18-005056b2a5de,5083211d-c80d-4515-a97d-43f77116c3c0,aea7bdfe-8bc9-11f1-9b18-005056b2a5de,24,097330eb-f92d-4b88-95a8-1a83fd3d8065,
01__NBD__REV__CHI__500,PEPSICO Revive Chai 500ml,Nước Bù Điện Giải,Chai,2.0,28000.0,0.0,0.0,0.0,0.0,0.0,0.0,0.0,0.0,0.0,0.0,0.0,0.0,33.0,462000.0,33.0,462000.0,01__NBD__REV__CHI__500,PEPSICO Revive Chai 500ml,,Hàng hóa,aec8a8b8-8bc9-11f1-9b18-005056b2a5de,72e86341-ac8c-4db0-a410-bf879a20de02,aea7bdfe-8bc9-11f1-9b18-005056b2a5de,25,097330eb-f92d-4b88-95a8-1a83fd3d8065,
01__NBD__REV__CMI__500,PEPSICO Revive Chanh Muối Chai 500ml,Nước Bù Điện Giải,Chai,0.0,0.0,0.0,0.0,0.0,0.0,0.0,0.0,0.0,0.0,0.0,0.0,0.0,0.0,42.0,588000.0,42.0,588000.0,01__NBD__REV__CMI__500,PEPSICO Revive Chanh Muối Chai 500ml,,Hàng hóa,aec8a955-8bc9-11f1-9b18-005056b2a5de,33c13587-ea65-4b74-be9b-2b8b6d3c1220,aea7bdfe-8bc9-11f1-9b18-005056b2a5de,26,097330eb-f92d-4b88-95a8-1a83fd3d8065,
01__NGA__7UP__CHI__320,PEPSICO 7UP Lon 320ml,Nước Có Ga,Lon,0.0,0.0,0.0,0.0,0.0,0.0,0.0,0.0,0.0,0.0,0.0,0.0,0.0,0.0,83.0,1079000.0,83.0,1079000.0,01__NGA__7UP__CHI__320,PEPSICO 7UP Lon 320ml,,Hàng hóa,aec8a9f5-8bc9-11f1-9b18-005056b2a5de,dc459cb4-4ee0-460c-a3b8-f3df3860e8e0,aea7bdfe-8bc9-11f1-9b18-005056b2a5de,27,675a42b3-8acd-451e-b184-edaeaebec5b7,
01__NGA__7UP__CHI__390,PEPSICO 7Up Chai 390ml,Nước Có Ga,Chai,0.0,0.0,0.0,0.0,0.0,0.0,0.0,0.0,0.0,0.0,0.0,0.0,0.0,0.0,43.0,559000.0,43.0,559000.0,01__NGA__7UP__CHI__390,PEPSICO 7Up Chai 390ml,,Hàng hóa,aec8aa8a-8bc9-11f1-9b18-005056b2a5de,352b69e5-be75-4716-b91b-d39b0b57902a,aea7bdfe-8bc9-11f1-9b18-005056b2a5de,28,097330eb-f92d-4b88-95a8-1a83fd3d8065,
01__NGA__CDG__KEM__320,CHƯƠNG DƯƠNG Soda Kem Lon 320ml,Nước Có Ga,Lon,0.0,0.0,0.0,0.0,0.0,0.0,0.0,0.0,0.0,0.0,0.0,0.0,0.0,0.0,0.0,0.0,0.0,0.0,01__NGA__CDG__KEM__320,CHƯƠNG DƯƠNG Soda Kem Lon 320ml,,Hàng hóa,aec8ab2c-8bc9-11f1-9b18-005056b2a5de,f4e78d20-dbd0-43c7-9b9c-1316736ec79e,aea7bdfe-8bc9-11f1-9b18-005056b2a5de,29,675a42b3-8acd-451e-b184-edaeaebec5b7,
01__NGA__CDG__SXI__320,CHƯƠNG DƯƠNG Sá Xị Nguyên Bản Lon 320ml,Nước Có Ga,Lon,0.0,0.0,0.0,0.0,0.0,0.0,0.0,0.0,0.0,0.0,0.0,0.0,0.0,0.0,3.0,36000.0,3.0,36000.0,01__NGA__CDG__SXI__320,CHƯƠNG DƯƠNG Sá Xị Nguyên Bản Lon 320ml,,Hàng hóa,aec8abc5-8bc9-11f1-9b18-005056b2a5de,5e6229a7-b244-4618-bc27-7c35c78bc498,aea7bdfe-8bc9-11f1-9b18-005056b2a5de,30,675a42b3-8acd-451e-b184-edaeaebec5b7,
01__NGA__COC__AQA__390,COCA-COLA Aquarius Chai 390 ml,Nước Có Ga,Chai,0.0,0.0,0.0,0.0,0.0,0.0,0.0,0.0,0.0,0.0,0.0,0.0,0.0,0.0,62.0,806000.0,62.0,806000.0,01__NGA__COC__AQA__390,COCA-COLA Aquarius Chai 390 ml,,Hàng hóa,aec8ac61-8bc9-11f1-9b18-005056b2a5de,2917be29-7a15-4a76-930a-c90d7fe4c531,aea7bdfe-8bc9-11f1-9b18-005056b2a5de,31,097330eb-f92d-4b88-95a8-1a83fd3d8065,
01__NGA__COC__CAM__320,COCA-COLA Fanta Hương Cam Lon 320ml,Nước Có Ga,Lon,0.0,0.0,0.0,0.0,0.0,0.0,0.0,0.0,0.0,0.0,0.0,0.0,0.0,0.0,24.0,312000.0,24.0,312000.0,01__NGA__COC__CAM__320,COCA-COLA Fanta Hương Cam Lon 320ml,,Hàng hóa,aec8b5cd-8bc9-11f1-9b18-005056b2a5de,9d63ff72-8dd9-421a-9e69-2c31ca1f76df,aea7bdfe-8bc9-11f1-9b18-005056b2a5de,32,675a42b3-8acd-451e-b184-edaeaebec5b7,
01__NGA__COC__DAU__320,COCA-COLA Fanta Hương Dâu Lon 320ml,Nước Có Ga,Lon,1.0,13000.0,0.0,0.0,0.0,0.0,0.0,0.0,0.0,0.0,0.0,0.0,0.0,0.0,28.0,364000.0,28.0,364000.0,01__NGA__COC__DAU__320,COCA-COLA Fanta Hương Dâu Lon 320ml,,Hàng hóa,aec8b69e-8bc9-11f1-9b18-005056b2a5de,31a86bc3-00ed-4be9-bfb3-b1051edb0908,aea7bdfe-8bc9-11f1-9b18-005056b2a5de,33,675a42b3-8acd-451e-b184-edaeaebec5b7,
01__NGA__COC__LIG__320,COCA-COLA Light Lon 320ml,Nước Có Ga,Lon,0.0,0.0,0.0,0.0,0.0,0.0,0.0,0.0,0.0,0.0,0.0,0.0,0.0,0.0,32.0,480000.0,32.0,480000.0,01__NGA__COC__LIG__320,COCA-COLA Light Lon 320ml,,Hàng hóa,aec8b74c-8bc9-11f1-9b18-005056b2a5de,c5e1275d-35e7-4d0d-92cb-f526c28a428d,aea7bdfe-8bc9-11f1-9b18-005056b2a5de,34,675a42b3-8acd-451e-b184-edaeaebec5b7,
01__NGA__COC__LON__320,COCA-COLA Lon 320ml,Nước Có Ga,Lon,0.0,0.0,0.0,0.0,0.0,0.0,0.0,0.0,0.0,0.0,0.0,0.0,0.0,0.0,76.0,1140000.0,76.0,1140000.0,01__NGA__COC__LON__320,COCA-COLA Lon 320ml,,Hàng hóa,aec8b823-8bc9-11f1-9b18-005056b2a5de,02778fce-ccba-4e22-ad85-a2d6e51df304,aea7bdfe-8bc9-11f1-9b18-005056b2a5de,35,675a42b3-8acd-451e-b184-edaeaebec5b7,
01__NGA__COC__SDA__320,COCA-COLA Schweppes Soda Lon 320ml,Nước Có Ga,Lon,0.0,0.0,0.0,0.0,0.0,0.0,0.0,0.0,0.0,0.0,0.0,0.0,0.0,0.0,1.0,12000.0,1.0,12000.0,01__NGA__COC__SDA__320,COCA-COLA Schweppes Soda Lon 320ml,,Hàng hóa,aec8b8d8-8bc9-11f1-9b18-005056b2a5de,9f516cc4-1508-4153-aba2-c0b616b97c34,aea7bdfe-8bc9-11f1-9b18-005056b2a5de,36,675a42b3-8acd-451e-b184-edaeaebec5b7,
01__NGA__COC__SPR__320,COCA-COLA Sprite Lon 320ml,Nước Có Ga,Lon,0.0,0.0,0.0,0.0,0.0,0.0,0.0,0.0,0.0,0.0,0.0,0.0,0.0,0.0,21.0,273000.0,21.0,273000.0,01__NGA__COC__SPR__320,COCA-COLA Sprite Lon 320ml,,Hàng hóa,aec8b97a-8bc9-11f1-9b18-005056b2a5de,647328eb-0433-423d-bb0b-8977db245275,aea7bdfe-8bc9-11f1-9b18-005056b2a5de,37,675a42b3-8acd-451e-b184-edaeaebec5b7,
01__NGA__COC__ZER__320,COCA-COLA Zero Sugar Lon 320ml,Nước Có Ga,Lon,0.0,0.0,0.0,0.0,0.0,0.0,0.0,0.0,0.0,0.0,0.0,0.0,0.0,0.0,30.0,450000.0,30.0,450000.0,01__NGA__COC__ZER__320,COCA-COLA Zero Sugar Lon 320ml,,Hàng hóa,aec8ba19-8bc9-11f1-9b18-005056b2a5de,3048249d-7e18-454e-acf0-2781c1daab51,aea7bdfe-8bc9-11f1-9b18-005056b2a5de,38,675a42b3-8acd-451e-b184-edaeaebec5b7,
01__NGA__MIR__CHI__390,PEPSICO Mirinda Chai 390ml,Nước Có Ga,Chai,0.0,0.0,0.0,0.0,0.0,0.0,0.0,0.0,0.0,0.0,0.0,0.0,0.0,0.0,47.0,470000.0,47.0,470000.0,01__NGA__MIR__CHI__390,PEPSICO Mirinda Chai 390ml,,Hàng hóa,aec8babe-8bc9-11f1-9b18-005056b2a5de,82827821-b930-4d3a-acd1-befabb7c71e8,aea7bdfe-8bc9-11f1-9b18-005056b2a5de,39,097330eb-f92d-4b88-95a8-1a83fd3d8065,
01__NGA__MRD__CAM__320,PEPSICO Mirinda Cam Lon 320ml,Nước Có Ga,Lon,1.0,13000.0,0.0,0.0,0.0,0.0,0.0,0.0,0.0,0.0,0.0,0.0,0.0,0.0,1.0,13000.0,1.0,13000.0,01__NGA__MRD__CAM__320,PEPSICO Mirinda Cam Lon 320ml,,Hàng hóa,aec8bb57-8bc9-11f1-9b18-005056b2a5de,42ed7b64-3e2e-4694-b7c9-5c339348738a,aea7bdfe-8bc9-11f1-9b18-005056b2a5de,40,675a42b3-8acd-451e-b184-edaeaebec5b7,
01__NGA__MRD__XXI__320,PEPSICO Mirinda Xá Xị Lon 320ml,Nước Có Ga,Lon,0.0,0.0,0.0,0.0,0.0,0.0,0.0,0.0,0.0,0.0,0.0,0.0,0.0,0.0,23.0,276000.0,23.0,276000.0,01__NGA__MRD__XXI__320,PEPSICO Mirinda Xá Xị Lon 320ml,,Hàng hóa,aec8bbf6-8bc9-11f1-9b18-005056b2a5de,33d8fe07-f339-4378-83ee-2ea536734149,aea7bdfe-8bc9-11f1-9b18-005056b2a5de,41,675a42b3-8acd-451e-b184-edaeaebec5b7,
01__NGA__PEP__CHI__390,PEPSICO Chai 390ml,Nước Có Ga,Chai,2.0,24000.0,0.0,0.0,0.0,0.0,0.0,0.0,0.0,0.0,0.0,0.0,0.0,0.0,19.0,228000.0,19.0,228000.0,01__NGA__PEP__CHI__390,PEPSICO Chai 390ml,,Hàng hóa,aec8bc98-8bc9-11f1-9b18-005056b2a5de,01435f11-2e0c-497b-adfa-9c765c52364c,aea7bdfe-8bc9-11f1-9b18-005056b2a5de,42,097330eb-f92d-4b88-95a8-1a83fd3d8065,
01__NGA__PEP__LON__320,PEPSICO Lon 320ml,Nước Có Ga,Lon,1.0,15000.0,0.0,0.0,0.0,0.0,0.0,0.0,0.0,0.0,0.0,0.0,0.0,0.0,62.0,930000.0,62.0,930000.0,01__NGA__PEP__LON__320,PEPSICO Lon 320ml,,Hàng hóa,aec8bd37-8bc9-11f1-9b18-005056b2a5de,89e66f05-7256-4094-abc9-c21eaad4ab2a,aea7bdfe-8bc9-11f1-9b18-005056b2a5de,43,675a42b3-8acd-451e-b184-edaeaebec5b7,
01__NGA__ROC__LON__250,PEPSICO Rockstar Lon 250ml,Nước Có Ga,Lon,1.0,14000.0,0.0,0.0,0.0,0.0,0.0,0.0,0.0,0.0,0.0,0.0,0.0,0.0,12.0,168000.0,12.0,168000.0,01__NGA__ROC__LON__250,PEPSICO Rockstar Lon 250ml,,Hàng hóa,aec8bdf0-8bc9-11f1-9b18-005056b2a5de,e019de91-92ed-48a9-bd83-a3364b7017da,aea7bdfe-8bc9-11f1-9b18-005056b2a5de,44,675a42b3-8acd-451e-b184-edaeaebec5b7,
01__NGA__STI__DAU__330,PEPSICO Sting Dâu Chai 330ml,Nước Có Ga,Chai,0.0,0.0,0.0,0.0,0.0,0.0,0.0,0.0,0.0,0.0,0.0,0.0,0.0,0.0,60.0,900000.0,60.0,900000.0,01__NGA__STI__DAU__330,PEPSICO Sting Dâu Chai 330ml,,Hàng hóa,aec8bec3-8bc9-11f1-9b18-005056b2a5de,c363ca46-f417-444a-bb74-d94340f7f095,aea7bdfe-8bc9-11f1-9b18-005056b2a5de,45,097330eb-f92d-4b88-95a8-1a83fd3d8065,
01__NGA__STI__VAG__330,PEPSICO Sting Vàng Chai 330ml,Nước Có Ga,Chai,0.0,0.0,0.0,0.0,0.0,0.0,0.0,0.0,0.0,0.0,0.0,0.0,0.0,0.0,30.0,450000.0,30.0,450000.0,01__NGA__STI__VAG__330,PEPSICO Sting Vàng Chai 330ml,,Hàng hóa,aec8bf5d-8bc9-11f1-9b18-005056b2a5de,55cc1a49-e683-4d3c-b867-9b33c86d07c8,aea7bdfe-8bc9-11f1-9b18-005056b2a5de,46,097330eb-f92d-4b88-95a8-1a83fd3d8065,
01__NGA__VHO__KHO__500,VĨNH HẢO Nước Khoáng Có Ga 500ml,Nước Có Ga,Chai,1.0,8000.0,0.0,0.0,0.0,0.0,0.0,0.0,0.0,0.0,0.0,0.0,0.0,0.0,94.0,752000.0,94.0,752000.0,01__NGA__VHO__KHO__500,VĨNH HẢO Nước Khoáng Có Ga 500ml,,Hàng hóa,aec8c0b3-8bc9-11f1-9b18-005056b2a5de,db13f685-50b5-4a00-825a-13b67f13371a,aea7bdfe-8bc9-11f1-9b18-005056b2a5de,47,097330eb-f92d-4b88-95a8-1a83fd3d8065,
01__NGA__VHO__LEM__500,VĨNH HẢO Lemona Nước Khoáng Chanh 500ml,Nước Có Ga,Chai,1.0,12000.0,0.0,0.0,0.0,0.0,0.0,0.0,0.0,0.0,0.0,0.0,0.0,0.0,32.0,384000.0,32.0,384000.0,01__NGA__VHO__LEM__500,VĨNH HẢO Lemona Nước Khoáng Chanh 500ml,,Hàng hóa,aec8c14e-8bc9-11f1-9b18-005056b2a5de,d069e214-b97d-44cc-89f4-cc4b7f1b0654,aea7bdfe-8bc9-11f1-9b18-005056b2a5de,48,097330eb-f92d-4b88-95a8-1a83fd3d8065,
01__NGA__WEL__DTY__355,WELCH's Soda Vị Dâu Tây 355ml,Nước Có Ga,Lon,0.0,0.0,0.0,0.0,0.0,0.0,0.0,0.0,0.0,0.0,0.0,0.0,0.0,0.0,-7.0,-182000.0,-7.0,-182000.0,01__NGA__WEL__DTY__355,WELCH's Soda Vị Dâu Tây 355ml,,Hàng hóa,aec8c1e9-8bc9-11f1-9b18-005056b2a5de,da5a8469-abf8-462f-9818-fc728f97a87c,aea7bdfe-8bc9-11f1-9b18-005056b2a5de,49,675a42b3-8acd-451e-b184-edaeaebec5b7,
01__NGA__WEL__KCL__355,WELCH's Soda Vị Nho Tím Không Calo 355ml,Nước Có Ga,Lon,0.0,0.0,0.0,0.0,0.0,0.0,0.0,0.0,0.0,0.0,0.0,0.0,0.0,0.0,5.0,130000.0,5.0,130000.0,01__NGA__WEL__KCL__355,WELCH's Soda Vị Nho Tím Không Calo 355ml,,Hàng hóa,aec8c27d-8bc9-11f1-9b18-005056b2a5de,62890f17-365f-41da-891c-1455db2a5bba,aea7bdfe-8bc9-11f1-9b18-005056b2a5de,50,675a42b3-8acd-451e-b184-edaeaebec5b7,
01__NGA__WEL__NMD__355,WELCH's Soda Vị Nho Mẫu Đơn 355ml,Nước Có Ga,Lon,0.0,0.0,0.0,0.0,0.0,0.0,0.0,0.0,0.0,0.0,0.0,0.0,0.0,0.0,12.0,312000.0,12.0,312000.0,01__NGA__WEL__NMD__355,WELCH's Soda Vị Nho Mẫu Đơn 355ml,,Hàng hóa,aec8c340-8bc9-11f1-9b18-005056b2a5de,f28650c9-b55d-4200-8c67-a4db11649dfa,aea7bdfe-8bc9-11f1-9b18-005056b2a5de,51,675a42b3-8acd-451e-b184-edaeaebec5b7,
01__NGA__WEL__NTI__355,WELCH's Soda Vị Nho Tím 355ml,Nước Có Ga,Lon,0.0,0.0,0.0,0.0,0.0,0.0,0.0,0.0,0.0,0.0,0.0,0.0,0.0,0.0,2.0,52000.0,2.0,52000.0,01__NGA__WEL__NTI__355,WELCH's Soda Vị Nho Tím 355ml,,Hàng hóa,aec8c3d7-8bc9-11f1-9b18-005056b2a5de,ce8bf8dd-6bb6-4814-98db-1a8452426e5c,aea7bdfe-8bc9-11f1-9b18-005056b2a5de,52,675a42b3-8acd-451e-b184-edaeaebec5b7,
01__NLM__BOW__KIW__320,STRONGBOW Nước Trái Cây Lên Men Kiwi 320ml,Nước Lên Men,Lon,0.0,0.0,0.0,0.0,0.0,0.0,0.0,0.0,0.0,0.0,0.0,0.0,0.0,0.0,5.0,150000.0,5.0,150000.0,01__NLM__BOW__KIW__320,STRONGBOW Nước Trái Cây Lên Men Kiwi 320ml,,Hàng hóa,aec8c477-8bc9-11f1-9b18-005056b2a5de,05b62e7b-82d2-47ae-88d2-7e4a9ffa516c,aea7bdfe-8bc9-11f1-9b18-005056b2a5de,53,675a42b3-8acd-451e-b184-edaeaebec5b7,
01__NLM__BOW__POM__320,STRONGBOW Nước Trái Cây Lên Men Pomegranate 320ml,Nước Lên Men,Lon,0.0,0.0,0.0,0.0,0.0,0.0,0.0,0.0,0.0,0.0,0.0,0.0,0.0,0.0,14.0,420000.0,14.0,420000.0,01__NLM__BOW__POM__320,STRONGBOW Nước Trái Cây Lên Men Pomegranate 320ml,,Hàng hóa,aec8c582-8bc9-11f1-9b18-005056b2a5de,14943d8e-3bae-47aa-b4bf-5bcaf862de02,aea7bdfe-8bc9-11f1-9b18-005056b2a5de,54,675a42b3-8acd-451e-b184-edaeaebec5b7,
01__NLM__BOW__TAO__320,STRONGBOW Nước Táo Lên Men Gold Apple 320ml,Nước Lên Men,Lon,0.0,0.0,0.0,0.0,0.0,0.0,0.0,0.0,0.0,0.0,0.0,0.0,0.0,0.0,13.0,455000.0,13.0,455000.0,01__NLM__BOW__TAO__320,STRONGBOW Nước Táo Lên Men Gold Apple 320ml,,Hàng hóa,aec8c620-8bc9-11f1-9b18-005056b2a5de,e7a1ff37-71ea-43c7-9882-8a10910d36d0,aea7bdfe-8bc9-11f1-9b18-005056b2a5de,55,675a42b3-8acd-451e-b184-edaeaebec5b7,
01__NLM__CHL__CAM__320,CHILL Nước COCKTAIL Cam 320ml,Nước Lên Men,Lon,0.0,0.0,0.0,0.0,0.0,0.0,0.0,0.0,0.0,0.0,0.0,0.0,0.0,0.0,0.0,0.0,0.0,0.0,01__NLM__CHL__CAM__320,CHILL Nước COCKTAIL Cam 320ml,,Hàng hóa,aec8c6b8-8bc9-11f1-9b18-005056b2a5de,f76d8d3b-adcf-4f1d-a385-9a435197bfd4,aea7bdfe-8bc9-11f1-9b18-005056b2a5de,56,675a42b3-8acd-451e-b184-edaeaebec5b7,
01__NLM__CHL__DAO__320,CHILL Nước COCKTAIL Đào 320ml,Nước Lên Men,Lon,0.0,0.0,0.0,0.0,0.0,0.0,0.0,0.0,0.0,0.0,0.0,0.0,0.0,0.0,0.0,0.0,0.0,0.0,01__NLM__CHL__DAO__320,CHILL Nước COCKTAIL Đào 320ml,,Hàng hóa,aec8c74a-8bc9-11f1-9b18-005056b2a5de,da47440b-476a-4809-9e41-67dc556fb2b6,aea7bdfe-8bc9-11f1-9b18-005056b2a5de,57,675a42b3-8acd-451e-b184-edaeaebec5b7,
01__NLM__CHL__DAU__320,CHILL Nước COCKTAIL Dâu 320ml,Nước Lên Men,Lon,0.0,0.0,0.0,0.0,0.0,0.0,0.0,0.0,0.0,0.0,0.0,0.0,0.0,0.0,0.0,0.0,0.0,0.0,01__NLM__CHL__DAU__320,CHILL Nước COCKTAIL Dâu 320ml,,Hàng hóa,aec8c7da-8bc9-11f1-9b18-005056b2a5de,2ce94a1a-6ba6-4c25-9335-431737b9c100,aea7bdfe-8bc9-11f1-9b18-005056b2a5de,58,675a42b3-8acd-451e-b184-edaeaebec5b7,
01__NLM__CHL__NHO__320,CHILL Nước COCKTAIL Nho 320ml,Nước Lên Men,Lon,0.0,0.0,0.0,0.0,0.0,0.0,0.0,0.0,0.0,0.0,0.0,0.0,0.0,0.0,0.0,0.0,0.0,0.0,01__NLM__CHL__NHO__320,CHILL Nước COCKTAIL Nho 320ml,,Hàng hóa,aec8c872-8bc9-11f1-9b18-005056b2a5de,bb59c751-c481-4c97-99cd-7eb0009d79d5,aea7bdfe-8bc9-11f1-9b18-005056b2a5de,59,675a42b3-8acd-451e-b184-edaeaebec5b7,
01__NLM__CHL__VAI__320,CHILL Nước COCKTAIL Vải 320ml,Nước Lên Men,Lon,0.0,0.0,0.0,0.0,0.0,0.0,0.0,0.0,0.0,0.0,0.0,0.0,0.0,0.0,0.0,0.0,0.0,0.0,01__NLM__CHL__VAI__320,CHILL Nước COCKTAIL Vải 320ml,,Hàng hóa,aec8c90c-8bc9-11f1-9b18-005056b2a5de,33acc2c6-ba96-4d78-9294-48c555dda35b,aea7bdfe-8bc9-11f1-9b18-005056b2a5de,60,675a42b3-8acd-451e-b184-edaeaebec5b7,
01__NLM__CHL__VQT__320,CHILL Nước COCKTAIL Việt Quất 320ml,Nước Lên Men,Lon,0.0,0.0,0.0,0.0,0.0,0.0,0.0,0.0,0.0,0.0,0.0,0.0,0.0,0.0,0.0,0.0,0.0,0.0,01__NLM__CHL__VQT__320,CHILL Nước COCKTAIL Việt Quất 320ml,,Hàng hóa,aec8c9ab-8bc9-11f1-9b18-005056b2a5de,ed5d32ba-8ae8-4bcd-8907-193ccb2dc8fe,aea7bdfe-8bc9-11f1-9b18-005056b2a5de,61,675a42b3-8acd-451e-b184-edaeaebec5b7,
01__NLO__AQU__CHI__1500,PEPSICO Aquafina Nước Lọc Chai 1.5L,Nước Lọc Chai,Chai,0.0,0.0,0.0,0.0,0.0,0.0,0.0,0.0,0.0,0.0,0.0,0.0,0.0,0.0,136.0,2448000.0,136.0,2448000.0,01__NLO__AQU__CHI__1500,PEPSICO Aquafina Nước Lọc Chai 1.5L,,Hàng hóa,aec8ca3f-8bc9-11f1-9b18-005056b2a5de,0b251d2d-1241-4542-928e-e2aa7a420b51,aea7bdfe-8bc9-11f1-9b18-005056b2a5de,62,097330eb-f92d-4b88-95a8-1a83fd3d8065,
01__NLO__AQU__CHI__500,PEPSICO Aquafina Nước Lọc Chai 500ml,Nước Lọc Chai,Chai,1.0,8000.0,0.0,0.0,0.0,0.0,0.0,0.0,0.0,0.0,0.0,0.0,0.0,0.0,258.0,2064000.0,258.0,2064000.0,01__NLO__AQU__CHI__500,PEPSICO Aquafina Nước Lọc Chai 500ml,,Hàng hóa,aec8cad9-8bc9-11f1-9b18-005056b2a5de,9c7b3e63-93c2-468c-ab30-cf48c17ce34f,aea7bdfe-8bc9-11f1-9b18-005056b2a5de,63,097330eb-f92d-4b88-95a8-1a83fd3d8065,
01__NLO__LAV__CHI__5000,LAVIE Chai 5L,Nước Lọc Chai,Chai,0.0,0.0,0.0,0.0,0.0,0.0,0.0,0.0,0.0,0.0,0.0,0.0,0.0,0.0,19.0,703000.0,19.0,703000.0,01__NLO__LAV__CHI__5000,LAVIE Chai 5L,,Hàng hóa,aec8cb71-8bc9-11f1-9b18-005056b2a5de,fa987949-6e73-4320-b4e7-df61f5a15125,aea7bdfe-8bc9-11f1-9b18-005056b2a5de,64,097330eb-f92d-4b88-95a8-1a83fd3d8065,
01__NLO__LAV__DNE__500,LAVIE Vị Dịu Nhẹ Chai 500ml,Nước Lọc Chai,Chai,0.0,0.0,0.0,0.0,0.0,0.0,0.0,0.0,0.0,0.0,0.0,0.0,0.0,0.0,44.0,352000.0,44.0,352000.0,01__NLO__LAV__DNE__500,LAVIE Vị Dịu Nhẹ Chai 500ml,,Hàng hóa,aec8cc09-8bc9-11f1-9b18-005056b2a5de,8b58dbd3-01ba-4256-b20f-64da8f8d2b37,aea7bdfe-8bc9-11f1-9b18-005056b2a5de,65,097330eb-f92d-4b88-95a8-1a83fd3d8065,
01__NLO__LAV__NBN__500,LAVIE Nguyên Bản Chai 500ml,Nước Lọc Chai,Chai,0.0,0.0,0.0,0.0,0.0,0.0,0.0,0.0,0.0,0.0,0.0,0.0,0.0,0.0,74.0,592000.0,74.0,592000.0,01__NLO__LAV__NBN__500,LAVIE Nguyên Bản Chai 500ml,,Hàng hóa,aec8cc9c-8bc9-11f1-9b18-005056b2a5de,28364e6b-75d0-467a-9ba4-1b66fba0d90f,aea7bdfe-8bc9-11f1-9b18-005056b2a5de,66,097330eb-f92d-4b88-95a8-1a83fd3d8065,
01__NLO__VHO__0GA__1500,VĨNH HẢO Nước Khoáng Không Ga 1.5L,Nước Lọc Chai,Chai,0.0,0.0,0.0,0.0,0.0,0.0,0.0,0.0,0.0,0.0,0.0,0.0,0.0,0.0,1.0,16000.0,1.0,16000.0,01__NLO__VHO__0GA__1500,VĨNH HẢO Nước Khoáng Không Ga 1.5L,,Hàng hóa,aec8cd59-8bc9-11f1-9b18-005056b2a5de,a90da21d-1f80-41bd-ae3b-e77ea8517dc8,aea7bdfe-8bc9-11f1-9b18-005056b2a5de,67,097330eb-f92d-4b88-95a8-1a83fd3d8065,
01__NLO__VHO__0GA__500,VĨNH HẢO Nước Khoáng Không Ga 500ml,Nước Lọc Chai,Chai,0.0,0.0,0.0,0.0,0.0,0.0,0.0,0.0,0.0,0.0,0.0,0.0,0.0,0.0,60.0,420000.0,60.0,420000.0,01__NLO__VHO__0GA__500,VĨNH HẢO Nước Khoáng Không Ga 500ml,,Hàng hóa,aec8cded-8bc9-11f1-9b18-005056b2a5de,e2b99b86-d0e8-49b5-a9c8-5d5ed3860086,aea7bdfe-8bc9-11f1-9b18-005056b2a5de,68,097330eb-f92d-4b88-95a8-1a83fd3d8065,
01__NLU__COM__LUU__330,COMPACT Nước Tăng Lực Vị Lựu Chai 330ml,Nước Tăng Lực,Chai,0.0,0.0,0.0,0.0,0.0,0.0,0.0,0.0,0.0,0.0,0.0,0.0,0.0,0.0,6.0,78000.0,6.0,78000.0,01__NLU__COM__LUU__330,COMPACT Nước Tăng Lực Vị Lựu Chai 330ml,,Hàng hóa,aec8ce81-8bc9-11f1-9b18-005056b2a5de,9dc22f12-b3b8-4a8c-9bda-d58e93b582e7,aea7bdfe-8bc9-11f1-9b18-005056b2a5de,69,097330eb-f92d-4b88-95a8-1a83fd3d8065,
01__NLU__LIP__MNN__250,LIPOVITAN Nước Tăng Lực Mật Nhân Lon 250ml,Nước Tăng Lực,Lon,0.0,0.0,0.0,0.0,0.0,0.0,0.0,0.0,0.0,0.0,0.0,0.0,0.0,0.0,35.0,525000.0,35.0,525000.0,01__NLU__LIP__MNN__250,LIPOVITAN Nước Tăng Lực Mật Nhân Lon 250ml,,Hàng hóa,aec8cf1a-8bc9-11f1-9b18-005056b2a5de,801d18ec-5fc1-485b-9048-2dbf7829d255,aea7bdfe-8bc9-11f1-9b18-005056b2a5de,70,675a42b3-8acd-451e-b184-edaeaebec5b7,
01__NLU__LIP__MOG__250,LIPOVITAN Nước Tăng Lực Mật Ong Lon 250ml,Nước Tăng Lực,Lon,0.0,0.0,0.0,0.0,0.0,0.0,0.0,0.0,0.0,0.0,0.0,0.0,0.0,0.0,14.0,210000.0,14.0,210000.0,01__NLU__LIP__MOG__250,LIPOVITAN Nước Tăng Lực Mật Ong Lon 250ml,,Hàng hóa,aec8cfba-8bc9-11f1-9b18-005056b2a5de,af2025fc-7388-4eee-a6d7-f084e2c3daac,aea7bdfe-8bc9-11f1-9b18-005056b2a5de,71,675a42b3-8acd-451e-b184-edaeaebec5b7,
01__NLU__MON__DEN__355,COCA-COLA Monster Nước Tăng Lực Đen 355ml,Nước Tăng Lực,Lon,0.0,0.0,0.0,0.0,0.0,0.0,0.0,0.0,0.0,0.0,0.0,0.0,0.0,0.0,8.0,264000.0,8.0,264000.0,01__NLU__MON__DEN__355,COCA-COLA Monster Nước Tăng Lực Đen 355ml,,Hàng hóa,aec8d04c-8bc9-11f1-9b18-005056b2a5de,e85f0b1e-bd58-4f2f-b656-e28ec289371c,aea7bdfe-8bc9-11f1-9b18-005056b2a5de,72,675a42b3-8acd-451e-b184-edaeaebec5b7,
01__NLU__MON__HOG__320,COCA-COLA Monster Nước Tăng Lực Hồng 320ml,Nước Tăng Lực,Lon,0.0,0.0,0.0,0.0,0.0,0.0,0.0,0.0,0.0,0.0,0.0,0.0,0.0,0.0,21.0,693000.0,21.0,693000.0,01__NLU__MON__HOG__320,COCA-COLA Monster Nước Tăng Lực Hồng 320ml,,Hàng hóa,aec8d0e1-8bc9-11f1-9b18-005056b2a5de,b3c565f5-4ef3-406b-a10d-e44a93e328ac,aea7bdfe-8bc9-11f1-9b18-005056b2a5de,73,675a42b3-8acd-451e-b184-edaeaebec5b7,
01__NLU__MON__TRG__355,COCA-COLA Monster Ultra Nước Tăng Lực Trắng 355ml,Nước Tăng Lực,Lon,0.0,0.0,0.0,0.0,0.0,0.0,0.0,0.0,0.0,0.0,0.0,0.0,0.0,0.0,27.0,891000.0,27.0,891000.0,01__NLU__MON__TRG__355,COCA-COLA Monster Ultra Nước Tăng Lực Trắng 355ml,,Hàng hóa,aec8d17c-8bc9-11f1-9b18-005056b2a5de,19ba6e16-c278-4418-8472-f8313a770ec0,aea7bdfe-8bc9-11f1-9b18-005056b2a5de,74,675a42b3-8acd-451e-b184-edaeaebec5b7,
01__NLU__MON__XDG__320,COCA-COLA Monster Nước Tăng Lực Xanh Dương 320ml,Nước Tăng Lực,Lon,0.0,0.0,0.0,0.0,0.0,0.0,0.0,0.0,0.0,0.0,0.0,0.0,0.0,0.0,6.0,198000.0,6.0,198000.0,01__NLU__MON__XDG__320,COCA-COLA Monster Nước Tăng Lực Xanh Dương 320ml,,Hàng hóa,aec8d213-8bc9-11f1-9b18-005056b2a5de,fb3bfb9b-e502-4b1f-bbeb-d709db115d11,aea7bdfe-8bc9-11f1-9b18-005056b2a5de,75,675a42b3-8acd-451e-b184-edaeaebec5b7,
01__NLU__MON__XLA__320,COCA-COLA Monster Nước Tăng Lực Xanh Lá 320ml,Nước Tăng Lực,Lon,0.0,0.0,0.0,0.0,0.0,0.0,0.0,0.0,0.0,0.0,0.0,0.0,0.0,0.0,70.0,2310000.0,70.0,2310000.0,01__NLU__MON__XLA__320,COCA-COLA Monster Nước Tăng Lực Xanh Lá 320ml,,Hàng hóa,aec8d334-8bc9-11f1-9b18-005056b2a5de,791e3592-d43c-47cd-948b-65199e1add53,aea7bdfe-8bc9-11f1-9b18-005056b2a5de,76,675a42b3-8acd-451e-b184-edaeaebec5b7,
01__NLU__RED__CDE__145,REDBULL Nước Tăng Lực Chai Thủy Tinh Đen 145ml,Nước Tăng Lực,Chai,0.0,0.0,0.0,0.0,0.0,0.0,0.0,0.0,0.0,0.0,0.0,0.0,0.0,0.0,49.0,735000.0,49.0,735000.0,01__NLU__RED__CDE__145,REDBULL Nước Tăng Lực Chai Thủy Tinh Đen 145ml,,Hàng hóa,aec8d3ce-8bc9-11f1-9b18-005056b2a5de,81bed724-5831-4f07-9d2c-ed2969ad5374,aea7bdfe-8bc9-11f1-9b18-005056b2a5de,77,097330eb-f92d-4b88-95a8-1a83fd3d8065,
01__NLU__RED__CDO__145,REDBULL Nước Tăng Lực Chai Thủy Tinh Đỏ 145ml,Nước Tăng Lực,Chai,0.0,0.0,0.0,0.0,0.0,0.0,0.0,0.0,0.0,0.0,0.0,0.0,0.0,0.0,65.0,975000.0,65.0,975000.0,01__NLU__RED__CDO__145,REDBULL Nước Tăng Lực Chai Thủy Tinh Đỏ 145ml,,Hàng hóa,aec8d466-8bc9-11f1-9b18-005056b2a5de,350ba9ba-1167-4ece-a7b9-9c17fdcefcfa,aea7bdfe-8bc9-11f1-9b18-005056b2a5de,78,097330eb-f92d-4b88-95a8-1a83fd3d8065,
01__NLU__RED__CXA__145,REDBULL Nước Tăng Lực Chai Thủy Tinh Xanh 145ml,Nước Tăng Lực,Chai,0.0,0.0,0.0,0.0,0.0,0.0,0.0,0.0,0.0,0.0,0.0,0.0,0.0,0.0,64.0,960000.0,64.0,960000.0,01__NLU__RED__CXA__145,REDBULL Nước Tăng Lực Chai Thủy Tinh Xanh 145ml,,Hàng hóa,aec8d500-8bc9-11f1-9b18-005056b2a5de,774b4b27-616b-47b5-9f81-ae388f1cd2a9,aea7bdfe-8bc9-11f1-9b18-005056b2a5de,79,097330eb-f92d-4b88-95a8-1a83fd3d8065,
01__NLU__RED__TH2__250,REDBULL Nước Tăng Lực Vàng Thailand 250ml,Nước Tăng Lực,Lon,0.0,0.0,0.0,0.0,0.0,0.0,0.0,0.0,0.0,0.0,0.0,0.0,0.0,0.0,3.0,60000.0,3.0,60000.0,01__NLU__RED__TH2__250,REDBULL Nước Tăng Lực Vàng Thailand 250ml,,Hàng hóa,aec8d598-8bc9-11f1-9b18-005056b2a5de,9139ef17-9161-4d98-9b54-0077f7787762,aea7bdfe-8bc9-11f1-9b18-005056b2a5de,80,675a42b3-8acd-451e-b184-edaeaebec5b7,
01__NLU__RED__VAG__250,REDBULL Nước Tăng Lực Vàng Việt 250ml,Nước Tăng Lực,Lon,1.0,17000.0,0.0,0.0,0.0,0.0,0.0,0.0,0.0,0.0,0.0,0.0,0.0,0.0,80.0,1360000.0,80.0,1360000.0,01__NLU__RED__VAG__250,REDBULL Nước Tăng Lực Vàng Việt 250ml,,Hàng hóa,aec8d62d-8bc9-11f1-9b18-005056b2a5de,f965db1e-663f-4e22-ab98-499a55aa90ea,aea7bdfe-8bc9-11f1-9b18-005056b2a5de,81,675a42b3-8acd-451e-b184-edaeaebec5b7,
01__NLU__RED__XDG__250,REDBULL Nước Tăng Lực Xanh Dương 250ml,Nước Tăng Lực,Lon,0.0,0.0,0.0,0.0,0.0,0.0,0.0,0.0,0.0,0.0,0.0,0.0,0.0,0.0,0.0,0.0,0.0,0.0,01__NLU__RED__XDG__250,REDBULL Nước Tăng Lực Xanh Dương 250ml,,Hàng hóa,aec8d96e-8bc9-11f1-9b18-005056b2a5de,e11d0c2a-5f85-44ca-affc-486ff8e0102a,aea7bdfe-8bc9-11f1-9b18-005056b2a5de,82,675a42b3-8acd-451e-b184-edaeaebec5b7,
01__NLU__WUP__247__245,WAKE UP 247 Lon Nước Tăng Lực 245ml,Nước Tăng Lực,Lon,0.0,0.0,0.0,0.0,0.0,0.0,0.0,0.0,0.0,0.0,0.0,0.0,0.0,0.0,18.0,270000.0,18.0,270000.0,01__NLU__WUP__247__245,WAKE UP 247 Lon Nước Tăng Lực 245ml,,Hàng hóa,aec8da2c-8bc9-11f1-9b18-005056b2a5de,f14796e2-dff7-4865-b8ae-654678419ffc,aea7bdfe-8bc9-11f1-9b18-005056b2a5de,83,675a42b3-8acd-451e-b184-edaeaebec5b7,
01__NLU__WUP__247__330,WAKE UP 247 Chai Nước Tăng Lực Vị Cafe 330ml,Nước Tăng Lực,Chai,0.0,0.0,0.0,0.0,0.0,0.0,0.0,0.0,0.0,0.0,0.0,0.0,0.0,0.0,18.0,270000.0,18.0,270000.0,01__NLU__WUP__247__330,WAKE UP 247 Chai Nước Tăng Lực Vị Cafe 330ml,,Hàng hóa,aec8dacd-8bc9-11f1-9b18-005056b2a5de,f48cbd8e-3847-46d1-93ca-66ee0632fa12,aea7bdfe-8bc9-11f1-9b18-005056b2a5de,84,097330eb-f92d-4b88-95a8-1a83fd3d8065,
01__NSU__SKY__HOP__6,SKYNEST Tổ Yến Thiên Nhiên 18%,Nước Sức Khỏe,Hộp,0.0,0.0,0.0,0.0,0.0,0.0,0.0,0.0,0.0,0.0,0.0,0.0,0.0,0.0,0.0,0.0,0.0,0.0,01__NSU__SKY__HOP__6,SKYNEST Tổ Yến Thiên Nhiên 18%,,Hàng hóa,aec8db66-8bc9-11f1-9b18-005056b2a5de,55586f7d-7bf6-45c5-8d62-8e868ff778bd,aea7bdfe-8bc9-11f1-9b18-005056b2a5de,85,097330eb-f92d-4b88-95a8-1a83fd3d8064,
01__NSU__SKY__LON__190,SKYNEST Nước Yến Sào Lon 190ml,Nước Sức Khỏe,Lon,0.0,0.0,0.0,0.0,0.0,0.0,0.0,0.0,0.0,0.0,0.0,0.0,0.0,0.0,15.0,225000.0,15.0,225000.0,01__NSU__SKY__LON__190,SKYNEST Nước Yến Sào Lon 190ml,,Hàng hóa,aec8dc07-8bc9-11f1-9b18-005056b2a5de,e80104b2-3680-4951-b0fb-92a3a3814bfa,aea7bdfe-8bc9-11f1-9b18-005056b2a5de,86,675a42b3-8acd-451e-b184-edaeaebec5b7,
01__NSU__WOO__ALO__500,WOOJING Nước Nha Đam Dr.Aloe 500ml,Nước Sức Khỏe,Chai,0.0,0.0,0.0,0.0,0.0,0.0,0.0,0.0,0.0,0.0,0.0,0.0,0.0,0.0,23.0,805000.0,23.0,805000.0,01__NSU__WOO__ALO__500,WOOJING Nước Nha Đam Dr.Aloe 500ml,,Hàng hóa,aec8dca3-8bc9-11f1-9b18-005056b2a5de,9722ff2a-a856-4d43-bd2a-0c4ed5ba7bad,aea7bdfe-8bc9-11f1-9b18-005056b2a5de,87,097330eb-f92d-4b88-95a8-1a83fd3d8065,
01__NSU__WOO__CHI__500,WOOJING Nước Gạo Hàn Quốc 500ml,Nước Sức Khỏe,Chai,0.0,0.0,0.0,0.0,0.0,0.0,0.0,0.0,0.0,0.0,0.0,0.0,0.0,0.0,0.0,0.0,0.0,0.0,01__NSU__WOO__CHI__500,WOOJING Nước Gạo Hàn Quốc 500ml,,Hàng hóa,aec8dd3b-8bc9-11f1-9b18-005056b2a5de,3a2bd197-df35-4392-b7f5-34fd1e713457,aea7bdfe-8bc9-11f1-9b18-005056b2a5de,88,097330eb-f92d-4b88-95a8-1a83fd3d8065,
01__NSU__WOO__MAT__500,WOOJING Nước Gạo Matcha HQ 500ml,Nước Sức Khỏe,Chai,0.0,0.0,0.0,0.0,0.0,0.0,0.0,0.0,0.0,0.0,0.0,0.0,0.0,0.0,-6.0,-216000.0,-6.0,-216000.0,01__NSU__WOO__MAT__500,WOOJING Nước Gạo Matcha HQ 500ml,,Hàng hóa,aec8dddc-8bc9-11f1-9b18-005056b2a5de,bf83fdf0-01d6-422d-8d25-fe0db04db570,aea7bdfe-8bc9-11f1-9b18-005056b2a5de,89,097330eb-f92d-4b88-95a8-1a83fd3d8065,
01__NTR__FRU__LUU__290,FRUTIVAL Nước Hạt Húng Quế Hương Lựu Chai 290ml,Nước Trái Cây,Chai,0.0,0.0,0.0,0.0,0.0,0.0,0.0,0.0,0.0,0.0,0.0,0.0,0.0,0.0,14.0,490000.0,14.0,490000.0,01__NTR__FRU__LUU__290,FRUTIVAL Nước Hạt Húng Quế Hương Lựu Chai 290ml,,Hàng hóa,aec8de7c-8bc9-11f1-9b18-005056b2a5de,488ab345-f5fe-40dc-9fa0-dcc2c543350e,aea7bdfe-8bc9-11f1-9b18-005056b2a5de,90,097330eb-f92d-4b88-95a8-1a83fd3d8065,
01__NTR__JEL__ACE__150,JELE Nước Ép Trái Cây Vita A&E 150g,Nước Trái Cây,Gói,0.0,0.0,0.0,0.0,0.0,0.0,0.0,0.0,0.0,0.0,0.0,0.0,0.0,0.0,-1.0,-18000.0,-1.0,-18000.0,01__NTR__JEL__ACE__150,JELE Nước Ép Trái Cây Vita A&E 150g,,Hàng hóa,aec8df18-8bc9-11f1-9b18-005056b2a5de,ae82f43e-a168-4ad4-b3fc-ca4801134fef,aea7bdfe-8bc9-11f1-9b18-005056b2a5de,91,097330eb-f92d-4b88-95a8-1a83fd3d8067,
01__NTR__JEL__BLA__150,JELE Nước Ép Trái Cây BLACKCUR 150g,Nước Trái Cây,Gói,0.0,0.0,0.0,0.0,0.0,0.0,0.0,0.0,0.0,0.0,0.0,0.0,0.0,0.0,3.0,54000.0,3.0,54000.0,01__NTR__JEL__BLA__150,JELE Nước Ép Trái Cây BLACKCUR 150g,,Hàng hóa,aec8dfb0-8bc9-11f1-9b18-005056b2a5de,07816395-fab5-40d5-a2d3-d3924c1aeb30,aea7bdfe-8bc9-11f1-9b18-005056b2a5de,92,097330eb-f92d-4b88-95a8-1a83fd3d8067,
01__NTR__JEL__CAR__150,JELE Nước Ép Trái Cây Carnitine And Vitamin C 150g,Nước Trái Cây,Gói,0.0,0.0,0.0,0.0,0.0,0.0,0.0,0.0,0.0,0.0,0.0,0.0,0.0,0.0,3.0,54000.0,3.0,54000.0,01__NTR__JEL__CAR__150,JELE Nước Ép Trái Cây Carnitine And Vitamin C 150g,,Hàng hóa,aec8e048-8bc9-11f1-9b18-005056b2a5de,a1bde083-fe90-44a1-b443-19617d9cc519,aea7bdfe-8bc9-11f1-9b18-005056b2a5de,93,097330eb-f92d-4b88-95a8-1a83fd3d8067,
01__NTR__JEL__COL__150,JELE Nước Ép Trái Cây Collagen And Vitamin C 150g,Nước Trái Cây,Gói,0.0,0.0,0.0,0.0,0.0,0.0,0.0,0.0,0.0,0.0,0.0,0.0,0.0,0.0,4.0,72000.0,4.0,72000.0,01__NTR__JEL__COL__150,JELE Nước Ép Trái Cây Collagen And Vitamin C 150g,,Hàng hóa,aec8e0e1-8bc9-11f1-9b18-005056b2a5de,b7cf61de-5c43-40e2-9491-c89d5ec82fcb,aea7bdfe-8bc9-11f1-9b18-005056b2a5de,94,097330eb-f92d-4b88-95a8-1a83fd3d8067,
01__NTR__JEL__HIG__150,JELE Nước Ép Trái Cây High Vitamin C 150g,Nước Trái Cây,Gói,0.0,0.0,0.0,0.0,0.0,0.0,0.0,0.0,0.0,0.0,0.0,0.0,0.0,0.0,1.0,18000.0,1.0,18000.0,01__NTR__JEL__HIG__150,JELE Nước Ép Trái Cây High Vitamin C 150g,,Hàng hóa,aec8e17f-8bc9-11f1-9b18-005056b2a5de,801152c4-0c2a-4e19-b565-c43702d94083,aea7bdfe-8bc9-11f1-9b18-005056b2a5de,95,097330eb-f92d-4b88-95a8-1a83fd3d8067,
01__NTR__KIC__DAO__490,KIRIN Ice+ Nước Trái Cây Vị Đào 490ml,Nước Trái Cây,Chai,0.0,0.0,0.0,0.0,0.0,0.0,0.0,0.0,0.0,0.0,0.0,0.0,0.0,0.0,43.0,559000.0,43.0,559000.0,01__NTR__KIC__DAO__490,KIRIN Ice+ Nước Trái Cây Vị Đào 490ml,,Hàng hóa,aec8e218-8bc9-11f1-9b18-005056b2a5de,8bd31047-06b3-41fc-8efc-294e88c8a8b9,aea7bdfe-8bc9-11f1-9b18-005056b2a5de,96,097330eb-f92d-4b88-95a8-1a83fd3d8065,
01__NTR__KIC__DLI__490,KIRIN Ice+ Nước Trái Cây Vị Dưa LướI 490ml,Nước Trái Cây,Chai,0.0,0.0,0.0,0.0,0.0,0.0,0.0,0.0,0.0,0.0,0.0,0.0,0.0,0.0,24.0,312000.0,24.0,312000.0,01__NTR__KIC__DLI__490,KIRIN Ice+ Nước Trái Cây Vị Dưa LướI 490ml,,Hàng hóa,aec8e2bc-8bc9-11f1-9b18-005056b2a5de,ed8ff328-71ed-43a6-a518-4b8b79148399,aea7bdfe-8bc9-11f1-9b18-005056b2a5de,97,097330eb-f92d-4b88-95a8-1a83fd3d8065,
01__NTR__KIC__NHO__490,KIRIN Ice+ Nước Trái Cây Vị Nho 490ml,Nước Trái Cây,Chai,0.0,0.0,0.0,0.0,0.0,0.0,0.0,0.0,0.0,0.0,0.0,0.0,0.0,0.0,33.0,429000.0,33.0,429000.0,01__NTR__KIC__NHO__490,KIRIN Ice+ Nước Trái Cây Vị Nho 490ml,,Hàng hóa,aec8e356-8bc9-11f1-9b18-005056b2a5de,c06d80d5-ee27-4e9d-b2ad-4817f5bb96d1,aea7bdfe-8bc9-11f1-9b18-005056b2a5de,98,097330eb-f92d-4b88-95a8-1a83fd3d8065,
01__NTR__MOG__DAU__320,MOGU Nước Ép Vị Dâu 320ml,Nước Trái Cây,Chai,0.0,0.0,0.0,0.0,0.0,0.0,0.0,0.0,0.0,0.0,0.0,0.0,0.0,0.0,6.0,156000.0,6.0,156000.0,01__NTR__MOG__DAU__320,MOGU Nước Ép Vị Dâu 320ml,,Hàng hóa,aec8e400-8bc9-11f1-9b18-005056b2a5de,7c5203a1-34c3-4129-b923-ffeb3de00402,aea7bdfe-8bc9-11f1-9b18-005056b2a5de,99,097330eb-f92d-4b88-95a8-1a83fd3d8065,
01__NTR__MOG__DUA__320,MOGU Nước Ép Vị Dừa 320ml,Nước Trái Cây,Chai,0.0,0.0,0.0,0.0,0.0,0.0,0.0,0.0,0.0,0.0,0.0,0.0,0.0,0.0,0.0,0.0,0.0,0.0,01__NTR__MOG__DUA__320,MOGU Nước Ép Vị Dừa 320ml,,Hàng hóa,aec8e4e7-8bc9-11f1-9b18-005056b2a5de,def2ec22-f6c7-4173-8ec6-fcb1ca0dd729,aea7bdfe-8bc9-11f1-9b18-005056b2a5de,100,097330eb-f92d-4b88-95a8-1a83fd3d8065,
01__NTR__MOG__DUS__320,MOGU Nước Ép Vị Dứa 320ml,Nước Trái Cây,Chai,0.0,0.0,0.0,0.0,0.0,0.0,0.0,0.0,0.0,0.0,0.0,0.0,0.0,0.0,9.0,234000.0,9.0,234000.0,01__NTR__MOG__DUS__320,MOGU Nước Ép Vị Dứa 320ml,,Hàng hóa,aec8e5c0-8bc9-11f1-9b18-005056b2a5de,d7050d4a-da3e-4e2e-9b74-256f408b302a,aea7bdfe-8bc9-11f1-9b18-005056b2a5de,101,097330eb-f92d-4b88-95a8-1a83fd3d8065,
01__NTR__MOG__NHO__320,MOGU Nước Ép Vị Nho 320ml,Nước Trái Cây,Chai,0.0,0.0,0.0,0.0,0.0,0.0,0.0,0.0,0.0,0.0,0.0,0.0,0.0,0.0,0.0,0.0,0.0,0.0,01__NTR__MOG__NHO__320,MOGU Nước Ép Vị Nho 320ml,,Hàng hóa,aec8e697-8bc9-11f1-9b18-005056b2a5de,18e6af07-424c-4981-83d4-bedc0e1ffaaf,aea7bdfe-8bc9-11f1-9b18-005056b2a5de,102,097330eb-f92d-4b88-95a8-1a83fd3d8065,
01__NTR__MOG__OOI__320,MOGU Nước Ép Vị Ổi 320ml,Nước Trái Cây,Chai,0.0,0.0,0.0,0.0,0.0,0.0,0.0,0.0,0.0,0.0,0.0,0.0,0.0,0.0,0.0,0.0,0.0,0.0,01__NTR__MOG__OOI__320,MOGU Nước Ép Vị Ổi 320ml,,Hàng hóa,aec8e77a-8bc9-11f1-9b18-005056b2a5de,f07407ad-918c-45db-baf1-4d68a7e992d5,aea7bdfe-8bc9-11f1-9b18-005056b2a5de,103,097330eb-f92d-4b88-95a8-1a83fd3d8065,
01__NTR__MOG__TAO__320,MOGU Nước Ép Vị Táo 320ml,Nước Trái Cây,Chai,0.0,0.0,0.0,0.0,0.0,0.0,0.0,0.0,0.0,0.0,0.0,0.0,0.0,0.0,0.0,0.0,0.0,0.0,01__NTR__MOG__TAO__320,MOGU Nước Ép Vị Táo 320ml,,Hàng hóa,aec8e964-8bc9-11f1-9b18-005056b2a5de,5a28dbab-e51d-49cb-85da-5e306e2a62ed,aea7bdfe-8bc9-11f1-9b18-005056b2a5de,104,097330eb-f92d-4b88-95a8-1a83fd3d8065,
01__NTR__MOG__VAI__320,MOGU Nước Ép Vị Vải 320ml,Nước Trái Cây,Chai,0.0,0.0,0.0,0.0,0.0,0.0,0.0,0.0,0.0,0.0,0.0,0.0,0.0,0.0,3.0,78000.0,3.0,78000.0,01__NTR__MOG__VAI__320,MOGU Nước Ép Vị Vải 320ml,,Hàng hóa,aec8ea4d-8bc9-11f1-9b18-005056b2a5de,fad879c5-c3cc-4068-99a9-3acf64251778,aea7bdfe-8bc9-11f1-9b18-005056b2a5de,105,097330eb-f92d-4b88-95a8-1a83fd3d8065,
01__NTR__MOG__XOA__320,MOGU Nước Ép Vị Xoài 320ml,Nước Trái Cây,Chai,0.0,0.0,0.0,0.0,0.0,0.0,0.0,0.0,0.0,0.0,0.0,0.0,0.0,0.0,17.0,442000.0,17.0,442000.0,01__NTR__MOG__XOA__320,MOGU Nước Ép Vị Xoài 320ml,,Hàng hóa,aec8eb34-8bc9-11f1-9b18-005056b2a5de,91db77f3-b440-4ab9-8a1c-51260ff3e916,aea7bdfe-8bc9-11f1-9b18-005056b2a5de,106,097330eb-f92d-4b88-95a8-1a83fd3d8065,
01__NTR__WON__NME__310,WONDERFARM Nước Me Lon 310ml,Nước Trái Cây,Lon,0.0,0.0,0.0,0.0,0.0,0.0,0.0,0.0,0.0,0.0,0.0,0.0,0.0,0.0,0.0,0.0,0.0,0.0,01__NTR__WON__NME__310,WONDERFARM Nước Me Lon 310ml,,Hàng hóa,aec8ec10-8bc9-11f1-9b18-005056b2a5de,766c0326-3650-4a51-b38e-532c3c51f648,aea7bdfe-8bc9-11f1-9b18-005056b2a5de,107,675a42b3-8acd-451e-b184-edaeaebec5b7,
01__RSJ__DAM__CLA__360,DAMSO Rượu Soju Hàn Quốc Truyền Thống 360ml,Rượu Soju,Chai,0.0,0.0,0.0,0.0,0.0,0.0,0.0,0.0,0.0,0.0,0.0,0.0,0.0,0.0,-3.0,-270000.0,-3.0,-270000.0,01__RSJ__DAM__CLA__360,DAMSO Rượu Soju Hàn Quốc Truyền Thống 360ml,,Hàng hóa,aec8ecee-8bc9-11f1-9b18-005056b2a5de,c6740238-638d-477c-a01f-aa6e05a8bb9e,aea7bdfe-8bc9-11f1-9b18-005056b2a5de,108,097330eb-f92d-4b88-95a8-1a83fd3d8065,
01__RSJ__DAM__DAO__360,DAMSO Rượu Soju Hàn Quốc Vị Đào 360ml,Rượu Soju,Chai,0.0,0.0,0.0,0.0,0.0,0.0,0.0,0.0,0.0,0.0,0.0,0.0,0.0,0.0,0.0,0.0,0.0,0.0,01__RSJ__DAM__DAO__360,DAMSO Rượu Soju Hàn Quốc Vị Đào 360ml,,Hàng hóa,aec8edce-8bc9-11f1-9b18-005056b2a5de,853c1209-b1b3-40dc-8e74-748da160cf38,aea7bdfe-8bc9-11f1-9b18-005056b2a5de,109,097330eb-f92d-4b88-95a8-1a83fd3d8065,
01__RSJ__DAM__NHO__360,DAMSO Rượu Soju Hàn Quốc Vị Nho Xanh 360ml,Rượu Soju,Chai,0.0,0.0,0.0,0.0,0.0,0.0,0.0,0.0,0.0,0.0,0.0,0.0,0.0,0.0,-6.0,-540000.0,-6.0,-540000.0,01__RSJ__DAM__NHO__360,DAMSO Rượu Soju Hàn Quốc Vị Nho Xanh 360ml,,Hàng hóa,aec8eebb-8bc9-11f1-9b18-005056b2a5de,42abd3f4-efea-479d-82ac-45a9a0604f19,aea7bdfe-8bc9-11f1-9b18-005056b2a5de,110,097330eb-f92d-4b88-95a8-1a83fd3d8065,
01__RSJ__DAM__TAO__360,DAMSO Rượu Soju Hàn Quốc Vị Táo 360ml,Rượu Soju,Chai,0.0,0.0,0.0,0.0,0.0,0.0,0.0,0.0,0.0,0.0,0.0,0.0,0.0,0.0,-7.0,-630000.0,-7.0,-630000.0,01__RSJ__DAM__TAO__360,DAMSO Rượu Soju Hàn Quốc Vị Táo 360ml,,Hàng hóa,aec8efa6-8bc9-11f1-9b18-005056b2a5de,7b84cc97-078b-41c9-b4a9-2031c57d9809,aea7bdfe-8bc9-11f1-9b18-005056b2a5de,111,097330eb-f92d-4b88-95a8-1a83fd3d8065,
01__RSJ__DAM__VQT__360,DAMSO Rượu Soju Hàn Quốc Vị Việt Quất 360ml,Rượu Soju,Chai,0.0,0.0,0.0,0.0,0.0,0.0,0.0,0.0,0.0,0.0,0.0,0.0,0.0,0.0,-6.0,-540000.0,-6.0,-540000.0,01__RSJ__DAM__VQT__360,DAMSO Rượu Soju Hàn Quốc Vị Việt Quất 360ml,,Hàng hóa,aec8f097-8bc9-11f1-9b18-005056b2a5de,7851a6ac-099b-45cc-915b-13acbb286352,aea7bdfe-8bc9-11f1-9b18-005056b2a5de,112,097330eb-f92d-4b88-95a8-1a83fd3d8065,
01__STC__NUT__BQY__297,COCA-COLA NUTRIBOOST Sữa Bánh Quy 297ml,Sữa Trái Cây,Chai,0.0,0.0,0.0,0.0,0.0,0.0,0.0,0.0,0.0,0.0,0.0,0.0,0.0,0.0,-4.0,-60000.0,-4.0,-60000.0,01__STC__NUT__BQY__297,COCA-COLA NUTRIBOOST Sữa Bánh Quy 297ml,,Hàng hóa,aec8f1cb-8bc9-11f1-9b18-005056b2a5de,b8065d81-89af-4205-be4b-fd1bbd4ec395,aea7bdfe-8bc9-11f1-9b18-005056b2a5de,113,097330eb-f92d-4b88-95a8-1a83fd3d8065,
01__STC__NUT__CAM__297,COCA-COLA Nutriboost Sữa Mật Ong Cam 297ml,Sữa Trái Cây,Chai,0.0,0.0,0.0,0.0,0.0,0.0,0.0,0.0,0.0,0.0,0.0,0.0,0.0,0.0,42.0,630000.0,42.0,630000.0,01__STC__NUT__CAM__297,COCA-COLA Nutriboost Sữa Mật Ong Cam 297ml,,Hàng hóa,aec8f2b5-8bc9-11f1-9b18-005056b2a5de,c00e50b0-9272-44f4-b0a5-69086176b60f,aea7bdfe-8bc9-11f1-9b18-005056b2a5de,114,097330eb-f92d-4b88-95a8-1a83fd3d8065,
01__STC__NUT__DAU__297,COCA-COLA Nutriboost Sữa Dâu 297ml,Sữa Trái Cây,Chai,2.0,30000.0,0.0,0.0,0.0,0.0,0.0,0.0,0.0,0.0,0.0,0.0,0.0,0.0,38.0,570000.0,38.0,570000.0,01__STC__NUT__DAU__297,COCA-COLA Nutriboost Sữa Dâu 297ml,,Hàng hóa,aec8f3ab-8bc9-11f1-9b18-005056b2a5de,0c6edd74-63ab-439c-a297-620dd05661bf,aea7bdfe-8bc9-11f1-9b18-005056b2a5de,115,097330eb-f92d-4b88-95a8-1a83fd3d8065,
01__STC__TWI__CAM__320,PEPSICO Twister Sữa Trái cây Vị Cam 320ml,Sữa Trái Cây,Chai,0.0,0.0,0.0,0.0,0.0,0.0,0.0,0.0,0.0,0.0,0.0,0.0,0.0,0.0,27.0,378000.0,27.0,378000.0,01__STC__TWI__CAM__320,PEPSICO Twister Sữa Trái cây Vị Cam 320ml,,Hàng hóa,aec8f49f-8bc9-11f1-9b18-005056b2a5de,e1a4a5a0-011e-430f-838e-7a259a0cc3f4,aea7bdfe-8bc9-11f1-9b18-005056b2a5de,116,097330eb-f92d-4b88-95a8-1a83fd3d8065,
01__STC__TWI__DAU__320,PEPSICO Twister Sữa Trái cây Vị Dâu 320ml,Sữa Trái Cây,Chai,0.0,0.0,0.0,0.0,0.0,0.0,0.0,0.0,0.0,0.0,0.0,0.0,0.0,0.0,42.0,588000.0,42.0,588000.0,01__STC__TWI__DAU__320,PEPSICO Twister Sữa Trái cây Vị Dâu 320ml,,Hàng hóa,aec8f593-8bc9-11f1-9b18-005056b2a5de,7e749f05-a66d-41ba-918d-9360d5e36a8b,aea7bdfe-8bc9-11f1-9b18-005056b2a5de,117,097330eb-f92d-4b88-95a8-1a83fd3d8065,
01__STC__VNU__BAP__240,VIETNUTRI Sữa Bắp Lon 240ml,Sữa Trái Cây,Lon,0.0,0.0,0.0,0.0,0.0,0.0,0.0,0.0,0.0,0.0,0.0,0.0,0.0,0.0,15.0,225000.0,15.0,225000.0,01__STC__VNU__BAP__240,VIETNUTRI Sữa Bắp Lon 240ml,,Hàng hóa,aec8f694-8bc9-11f1-9b18-005056b2a5de,1283057a-a0e3-4361-891d-9853a737d88b,aea7bdfe-8bc9-11f1-9b18-005056b2a5de,118,675a42b3-8acd-451e-b184-edaeaebec5b7,
01__STC__VNU__DNH__240,VIETNUTRI Sữa Đậu Nành Lon 240ml,Sữa Trái Cây,Lon,0.0,0.0,0.0,0.0,0.0,0.0,0.0,0.0,0.0,0.0,0.0,0.0,0.0,0.0,36.0,540000.0,36.0,540000.0,01__STC__VNU__DNH__240,VIETNUTRI Sữa Đậu Nành Lon 240ml,,Hàng hóa,aec8f794-8bc9-11f1-9b18-005056b2a5de,64bf7b7a-5dac-4d30-9b4c-be35ecee4561,aea7bdfe-8bc9-11f1-9b18-005056b2a5de,119,675a42b3-8acd-451e-b184-edaeaebec5b7,
01__TDC__CHA__TDO__350,CHASIAM Trà Sữa Thái Đỏ Chai 350ml,Trà Đóng Chai,Chai,0.0,0.0,0.0,0.0,0.0,0.0,0.0,0.0,0.0,0.0,0.0,0.0,0.0,0.0,1.0,40000.0,1.0,40000.0,01__TDC__CHA__TDO__350,CHASIAM Trà Sữa Thái Đỏ Chai 350ml,,Hàng hóa,aec8f849-8bc9-11f1-9b18-005056b2a5de,7645b60e-6b7d-4d1c-a30d-5489a33b08eb,aea7bdfe-8bc9-11f1-9b18-005056b2a5de,120,097330eb-f92d-4b88-95a8-1a83fd3d8065,
01__TDC__CHA__TXA__350,CHASIAM Trà Sữa Thái Xanh Chai 350ml,Trà Đóng Chai,Chai,0.0,0.0,0.0,0.0,0.0,0.0,0.0,0.0,0.0,0.0,0.0,0.0,0.0,0.0,3.0,120000.0,3.0,120000.0,01__TDC__CHA__TXA__350,CHASIAM Trà Sữa Thái Xanh Chai 350ml,,Hàng hóa,aec8f8e5-8bc9-11f1-9b18-005056b2a5de,2e389903-2041-43cf-b6f3-226929f126f4,aea7bdfe-8bc9-11f1-9b18-005056b2a5de,121,097330eb-f92d-4b88-95a8-1a83fd3d8065,
01__TDC__COZ__DAO__455,COZY Trà Đào Sả Chai 455ml,Trà Đóng Chai,Chai,0.0,0.0,0.0,0.0,0.0,0.0,0.0,0.0,0.0,0.0,0.0,0.0,0.0,0.0,1.0,12000.0,1.0,12000.0,01__TDC__COZ__DAO__455,COZY Trà Đào Sả Chai 455ml,,Hàng hóa,aec8f97e-8bc9-11f1-9b18-005056b2a5de,87f026c3-d3b4-406d-bf69-2feece121fd2,aea7bdfe-8bc9-11f1-9b18-005056b2a5de,122,097330eb-f92d-4b88-95a8-1a83fd3d8065,
01__TDC__COZ__TAC__455,COZY Trà Tắc Mật Ong Chai 455ml,Trà Đóng Chai,Chai,0.0,0.0,0.0,0.0,0.0,0.0,0.0,0.0,0.0,0.0,0.0,0.0,0.0,0.0,0.0,0.0,0.0,0.0,01__TDC__COZ__TAC__455,COZY Trà Tắc Mật Ong Chai 455ml,,Hàng hóa,aec8fa15-8bc9-11f1-9b18-005056b2a5de,ecd4dd3e-1be6-44c1-aa40-003166e74721,aea7bdfe-8bc9-11f1-9b18-005056b2a5de,123,097330eb-f92d-4b88-95a8-1a83fd3d8065,
01__TDC__COZ__VAI__455,COZY Trà Vải Chai 455ml,Trà Đóng Chai,Chai,0.0,0.0,0.0,0.0,0.0,0.0,0.0,0.0,0.0,0.0,0.0,0.0,0.0,0.0,0.0,0.0,0.0,0.0,01__TDC__COZ__VAI__455,COZY Trà Vải Chai 455ml,,Hàng hóa,aec8fadb-8bc9-11f1-9b18-005056b2a5de,d7dcbf9a-92ef-4993-8684-63f9af9ccbec,aea7bdfe-8bc9-11f1-9b18-005056b2a5de,124,097330eb-f92d-4b88-95a8-1a83fd3d8065,
01__TDC__COZ__XOA__455,COZY Trà Ô Long Xoài Chai 455ml,Trà Đóng Chai,Chai,0.0,0.0,0.0,0.0,0.0,0.0,0.0,0.0,0.0,0.0,0.0,0.0,0.0,0.0,0.0,0.0,0.0,0.0,01__TDC__COZ__XOA__455,COZY Trà Ô Long Xoài Chai 455ml,,Hàng hóa,aec8fbd0-8bc9-11f1-9b18-005056b2a5de,509dc08c-af8a-42f3-8029-60b3d0b53ea9,aea7bdfe-8bc9-11f1-9b18-005056b2a5de,125,097330eb-f92d-4b88-95a8-1a83fd3d8065,
01__TDC__KIC__DAO__490,KIRIN Ice+ Trà Trái Cây Vị Đào 490ml,Trà Đóng Chai,Chai,1.0,13000.0,0.0,0.0,0.0,0.0,0.0,0.0,0.0,0.0,0.0,0.0,0.0,0.0,45.0,585000.0,45.0,585000.0,01__TDC__KIC__DAO__490,KIRIN Ice+ Trà Trái Cây Vị Đào 490ml,,Hàng hóa,aec8fcbb-8bc9-11f1-9b18-005056b2a5de,d41db35c-0b5d-4981-94f4-d00fac7ac65f,aea7bdfe-8bc9-11f1-9b18-005056b2a5de,126,097330eb-f92d-4b88-95a8-1a83fd3d8065,
01__TDC__KIC__TKI__490,KIRIN Ice+ Trà Trái Cây Vị Trà Táo Kiwi 490ml,Trà Đóng Chai,Chai,0.0,0.0,0.0,0.0,0.0,0.0,0.0,0.0,0.0,0.0,0.0,0.0,0.0,0.0,25.0,325000.0,25.0,325000.0,01__TDC__KIC__TKI__490,KIRIN Ice+ Trà Trái Cây Vị Trà Táo Kiwi 490ml,,Hàng hóa,aec8fd9e-8bc9-11f1-9b18-005056b2a5de,b3478045-fcdc-41e5-9a38-4ea97dd32613,aea7bdfe-8bc9-11f1-9b18-005056b2a5de,127,097330eb-f92d-4b88-95a8-1a83fd3d8065,
01__TDC__KIL__CAR__440,KIRIN Latte Coffee & Caramel 440ml,Trà Đóng Chai,Chai,0.0,0.0,0.0,0.0,0.0,0.0,0.0,0.0,0.0,0.0,0.0,0.0,0.0,0.0,73.0,1095000.0,73.0,1095000.0,01__TDC__KIL__CAR__440,KIRIN Latte Coffee & Caramel 440ml,,Hàng hóa,aec8fe8a-8bc9-11f1-9b18-005056b2a5de,9fc84c6b-2cbf-4dd9-9388-debb1df2e7ed,aea7bdfe-8bc9-11f1-9b18-005056b2a5de,128,097330eb-f92d-4b88-95a8-1a83fd3d8065,
01__TDC__KIL__DSA__440,KIRIN Latte Hỗn Hợp Dâu Sữa 440ml,Trà Đóng Chai,Chai,0.0,0.0,0.0,0.0,0.0,0.0,0.0,0.0,0.0,0.0,0.0,0.0,0.0,0.0,26.0,390000.0,26.0,390000.0,01__TDC__KIL__DSA__440,KIRIN Latte Hỗn Hợp Dâu Sữa 440ml,,Hàng hóa,aec8ffdd-8bc9-11f1-9b18-005056b2a5de,4073d102-8766-4ef0-a9ea-566f664b2c8b,aea7bdfe-8bc9-11f1-9b18-005056b2a5de,129,097330eb-f92d-4b88-95a8-1a83fd3d8065,
01__TDC__KIL__MCS__440,KIRIN Latte Mãng Cầu Sữa 440ml,Trà Đóng Chai,Chai,0.0,0.0,0.0,0.0,0.0,0.0,0.0,0.0,0.0,0.0,0.0,0.0,0.0,0.0,31.0,465000.0,31.0,465000.0,01__TDC__KIL__MCS__440,KIRIN Latte Mãng Cầu Sữa 440ml,,Hàng hóa,aec900a4-8bc9-11f1-9b18-005056b2a5de,009369b9-0b61-4a49-a4ef-6f417b61e131,aea7bdfe-8bc9-11f1-9b18-005056b2a5de,130,097330eb-f92d-4b88-95a8-1a83fd3d8065,
01__TDC__KIL__SSA__440,KIRIN Latte Socola Sữa 440ml,Trà Đóng Chai,Chai,0.0,0.0,0.0,0.0,0.0,0.0,0.0,0.0,0.0,0.0,0.0,0.0,0.0,0.0,34.0,510000.0,34.0,510000.0,01__TDC__KIL__SSA__440,KIRIN Latte Socola Sữa 440ml,,Hàng hóa,aec90bf9-8bc9-11f1-9b18-005056b2a5de,63c26d57-c118-4e44-bd69-93f59c356ede,aea7bdfe-8bc9-11f1-9b18-005056b2a5de,131,097330eb-f92d-4b88-95a8-1a83fd3d8065,
01__TDC__KIL__TSA__440,KIRIN Latte Trà Sữa 440ml,Trà Đóng Chai,Chai,0.0,0.0,0.0,0.0,0.0,0.0,0.0,0.0,0.0,0.0,0.0,0.0,0.0,0.0,22.0,330000.0,22.0,330000.0,01__TDC__KIL__TSA__440,KIRIN Latte Trà Sữa 440ml,,Hàng hóa,aec90d1e-8bc9-11f1-9b18-005056b2a5de,b504589d-871c-400e-9c3a-24186fb1888d,aea7bdfe-8bc9-11f1-9b18-005056b2a5de,132,097330eb-f92d-4b88-95a8-1a83fd3d8065,
01__TDC__KIR__SCC__280,KIRIN Imuse Vị Sữa Chua & Chanh 280ml,Trà Đóng Chai,Chai,0.0,0.0,0.0,0.0,0.0,0.0,0.0,0.0,0.0,0.0,0.0,0.0,0.0,0.0,0.0,0.0,0.0,0.0,01__TDC__KIR__SCC__280,KIRIN Imuse Vị Sữa Chua & Chanh 280ml,,Hàng hóa,aec90ec5-8bc9-11f1-9b18-005056b2a5de,cca49032-2cee-4d80-a928-7051571d82dc,aea7bdfe-8bc9-11f1-9b18-005056b2a5de,133,097330eb-f92d-4b88-95a8-1a83fd3d8065,
01__TDC__KIR__TSA__345,KIRIN Trà Sữa Anh Quốc 345ml,Trà Đóng Chai,Chai,0.0,0.0,0.0,0.0,0.0,0.0,0.0,0.0,0.0,0.0,0.0,0.0,0.0,0.0,24.0,360000.0,24.0,360000.0,01__TDC__KIR__TSA__345,KIRIN Trà Sữa Anh Quốc 345ml,,Hàng hóa,aec90f73-8bc9-11f1-9b18-005056b2a5de,dfcb1c12-d1c0-4a3a-8c37-05877ff44ce1,aea7bdfe-8bc9-11f1-9b18-005056b2a5de,134,097330eb-f92d-4b88-95a8-1a83fd3d8065,
01__TDC__KIR__TXH__345,KIRIN Trà Xanh Nhật 345ml,Trà Đóng Chai,Chai,0.0,0.0,0.0,0.0,0.0,0.0,0.0,0.0,0.0,0.0,0.0,0.0,0.0,0.0,23.0,345000.0,23.0,345000.0,01__TDC__KIR__TXH__345,KIRIN Trà Xanh Nhật 345ml,,Hàng hóa,aec91006-8bc9-11f1-9b18-005056b2a5de,9696a38d-ee72-42c2-973a-0a4e51a07603,aea7bdfe-8bc9-11f1-9b18-005056b2a5de,135,097330eb-f92d-4b88-95a8-1a83fd3d8065,
01__TDC__MAS__CAU__500,MASAN Trà Bupnon 365 Hương Mãng Cầu 500ml,Trà Đóng Chai,Chai,0.0,0.0,0.0,0.0,0.0,0.0,0.0,0.0,0.0,0.0,0.0,0.0,0.0,0.0,2.0,28000.0,2.0,28000.0,01__TDC__MAS__CAU__500,MASAN Trà Bupnon 365 Hương Mãng Cầu 500ml,,Hàng hóa,aec910a0-8bc9-11f1-9b18-005056b2a5de,cffdbf74-ad7d-4102-9789-8da092604a5f,aea7bdfe-8bc9-11f1-9b18-005056b2a5de,136,097330eb-f92d-4b88-95a8-1a83fd3d8065,
01__TDC__MAS__CSA__500,MASAN Trà Bupnon 365 Hương Chanh Sả 500ml,Trà Đóng Chai,Chai,0.0,0.0,0.0,0.0,0.0,0.0,0.0,0.0,0.0,0.0,0.0,0.0,0.0,0.0,-1.0,-14000.0,-1.0,-14000.0,01__TDC__MAS__CSA__500,MASAN Trà Bupnon 365 Hương Chanh Sả 500ml,,Hàng hóa,aec9115e-8bc9-11f1-9b18-005056b2a5de,b6d1b1c6-a38c-4eb4-a924-013bacdb8fb2,aea7bdfe-8bc9-11f1-9b18-005056b2a5de,137,097330eb-f92d-4b88-95a8-1a83fd3d8065,
01__TDC__MAS__DAO__500,MASAN Trà Bupnon 365 Hương Đào 500ml,Trà Đóng Chai,Chai,0.0,0.0,0.0,0.0,0.0,0.0,0.0,0.0,0.0,0.0,0.0,0.0,0.0,0.0,43.0,602000.0,43.0,602000.0,01__TDC__MAS__DAO__500,MASAN Trà Bupnon 365 Hương Đào 500ml,,Hàng hóa,aec911f1-8bc9-11f1-9b18-005056b2a5de,488d537f-e39c-42ee-8dd7-c4d023849171,aea7bdfe-8bc9-11f1-9b18-005056b2a5de,138,097330eb-f92d-4b88-95a8-1a83fd3d8065,
01__TDC__MAS__MOG__500,MASAN Trà Bupnon 365 Hương Mật Ong 500ml,Trà Đóng Chai,Chai,1.0,14000.0,0.0,0.0,0.0,0.0,0.0,0.0,0.0,0.0,0.0,0.0,0.0,0.0,33.0,462000.0,33.0,462000.0,01__TDC__MAS__MOG__500,MASAN Trà Bupnon 365 Hương Mật Ong 500ml,,Hàng hóa,aec91287-8bc9-11f1-9b18-005056b2a5de,bf17035d-f665-4179-9c4e-13065b8fbf26,aea7bdfe-8bc9-11f1-9b18-005056b2a5de,139,097330eb-f92d-4b88-95a8-1a83fd3d8065,
01__TDC__MAS__OLD__500,MASAN Trà Bupnon 365 Trà Ô Long Vị Đào 500ml,Trà Đóng Chai,Chai,1.0,14000.0,0.0,0.0,0.0,0.0,0.0,0.0,0.0,0.0,0.0,0.0,0.0,0.0,24.0,336000.0,24.0,336000.0,01__TDC__MAS__OLD__500,MASAN Trà Bupnon 365 Trà Ô Long Vị Đào 500ml,,Hàng hóa,aec9131a-8bc9-11f1-9b18-005056b2a5de,121f2b65-eb5c-48f2-b5e4-85b22a600d60,aea7bdfe-8bc9-11f1-9b18-005056b2a5de,140,097330eb-f92d-4b88-95a8-1a83fd3d8065,
01__TDC__TEA__CHH__1500,PEPSICO Olong TEA+ Chanh Chai 1500ml,Trà Đóng Chai,Chai,0.0,0.0,0.0,0.0,0.0,0.0,0.0,0.0,0.0,0.0,0.0,0.0,0.0,0.0,0.0,0.0,0.0,0.0,01__TDC__TEA__CHH__1500,PEPSICO Olong TEA+ Chanh Chai 1500ml,,Hàng hóa,aec913ae-8bc9-11f1-9b18-005056b2a5de,89731f88-6b6c-4919-8f0d-670c13d7d32a,aea7bdfe-8bc9-11f1-9b18-005056b2a5de,141,097330eb-f92d-4b88-95a8-1a83fd3d8065,
01__TDC__TEA__CHH__450,PEPSICO Olong TEA+ Chanh Chai 450ml,Trà Đóng Chai,Chai,0.0,0.0,0.0,0.0,0.0,0.0,0.0,0.0,0.0,0.0,0.0,0.0,0.0,0.0,48.0,672000.0,48.0,672000.0,01__TDC__TEA__CHH__450,PEPSICO Olong TEA+ Chanh Chai 450ml,,Hàng hóa,aec9143e-8bc9-11f1-9b18-005056b2a5de,9c0bc1a0-f764-4955-9373-96356d100bf6,aea7bdfe-8bc9-11f1-9b18-005056b2a5de,142,097330eb-f92d-4b88-95a8-1a83fd3d8065,
01__TDC__TEA__XAH__450,PEPSICO Olong TEA+ Trà Xanh Chai 450ml,Trà Đóng Chai,Chai,0.0,0.0,0.0,0.0,0.0,0.0,0.0,0.0,0.0,0.0,0.0,0.0,0.0,0.0,33.0,462000.0,33.0,462000.0,01__TDC__TEA__XAH__450,PEPSICO Olong TEA+ Trà Xanh Chai 450ml,,Hàng hóa,aec914ce-8bc9-11f1-9b18-005056b2a5de,841d02cb-5bfd-4fe6-8f6d-e63760b6e38b,aea7bdfe-8bc9-11f1-9b18-005056b2a5de,143,097330eb-f92d-4b88-95a8-1a83fd3d8065,
01__TDC__THT__CTN__350,TH True Tea Trà Xanh Vị Chanh Tự Nhiên 350ml,Trà Đóng Chai,Chai,0.0,0.0,0.0,0.0,0.0,0.0,0.0,0.0,0.0,0.0,0.0,0.0,0.0,0.0,116.0,1624000.0,116.0,1624000.0,01__TDC__THT__CTN__350,TH True Tea Trà Xanh Vị Chanh Tự Nhiên 350ml,,Hàng hóa,aec91566-8bc9-11f1-9b18-005056b2a5de,8338409e-987f-4334-9380-0f237ce113a1,aea7bdfe-8bc9-11f1-9b18-005056b2a5de,144,097330eb-f92d-4b88-95a8-1a83fd3d8065,
01__TDC__THT__DAO__350,TH True Tea Trà Đào 350ml,Trà Đóng Chai,Chai,0.0,0.0,0.0,0.0,0.0,0.0,0.0,0.0,0.0,0.0,0.0,0.0,0.0,0.0,32.0,480000.0,32.0,480000.0,01__TDC__THT__DAO__350,TH True Tea Trà Đào 350ml,,Hàng hóa,aec9180d-8bc9-11f1-9b18-005056b2a5de,45de13be-447f-4a8f-87da-0dc7c4ee9068,aea7bdfe-8bc9-11f1-9b18-005056b2a5de,145,097330eb-f92d-4b88-95a8-1a83fd3d8065,
01__TDC__THT__OLO__350,TH True Tea Ô Long Tự Nhiên 350ml,Trà Đóng Chai,Chai,0.0,0.0,0.0,0.0,0.0,0.0,0.0,0.0,0.0,0.0,0.0,0.0,0.0,0.0,26.0,390000.0,26.0,390000.0,01__TDC__THT__OLO__350,TH True Tea Ô Long Tự Nhiên 350ml,,Hàng hóa,aec918bc-8bc9-11f1-9b18-005056b2a5de,d03a89f4-f8ec-4da5-b3d3-565a147219bd,aea7bdfe-8bc9-11f1-9b18-005056b2a5de,146,097330eb-f92d-4b88-95a8-1a83fd3d8065,
01__TDC__THT__TAC__350,TH True Tea Trà Tắc 350ml,Trà Đóng Chai,Chai,0.0,0.0,0.0,0.0,0.0,0.0,0.0,0.0,0.0,0.0,0.0,0.0,0.0,0.0,25.0,375000.0,25.0,375000.0,01__TDC__THT__TAC__350,TH True Tea Trà Tắc 350ml,,Hàng hóa,aec9199e-8bc9-11f1-9b18-005056b2a5de,b486018c-0622-4797-a1d6-20741b7f71e7,aea7bdfe-8bc9-11f1-9b18-005056b2a5de,147,097330eb-f92d-4b88-95a8-1a83fd3d8065,
01__TDC__THT__TOI__350,TH True Tea Trà Ổi 350ml,Trà Đóng Chai,Chai,0.0,0.0,0.0,0.0,0.0,0.0,0.0,0.0,0.0,0.0,0.0,0.0,0.0,0.0,21.0,315000.0,21.0,315000.0,01__TDC__THT__TOI__350,TH True Tea Trà Ổi 350ml,,Hàng hóa,aec91a93-8bc9-11f1-9b18-005056b2a5de,ca981f57-1dc8-4c9c-84c1-fa0e9dcd3a0c,aea7bdfe-8bc9-11f1-9b18-005056b2a5de,148,097330eb-f92d-4b88-95a8-1a83fd3d8065,
01__TDC__THT__VAI__350,TH True Tea Trà Vải 350ml,Trà Đóng Chai,Chai,0.0,0.0,0.0,0.0,0.0,0.0,0.0,0.0,0.0,0.0,0.0,0.0,0.0,0.0,24.0,360000.0,24.0,360000.0,01__TDC__THT__VAI__350,TH True Tea Trà Vải 350ml,,Hàng hóa,aec91b50-8bc9-11f1-9b18-005056b2a5de,ce265a50-6cc3-4f0e-a992-126cee727c7f,aea7bdfe-8bc9-11f1-9b18-005056b2a5de,149,097330eb-f92d-4b88-95a8-1a83fd3d8065,
01__TDC__WON__BDO__280,WONDERFARM Trà Bí Đao Chai 280ml,Trà Đóng Chai,Chai,0.0,0.0,0.0,0.0,0.0,0.0,0.0,0.0,0.0,0.0,0.0,0.0,0.0,0.0,53.0,530000.0,53.0,530000.0,01__TDC__WON__BDO__280,WONDERFARM Trà Bí Đao Chai 280ml,,Hàng hóa,aec91be4-8bc9-11f1-9b18-005056b2a5de,43f2d7b4-6dc5-4b0b-85db-55e7af872d01,aea7bdfe-8bc9-11f1-9b18-005056b2a5de,150,097330eb-f92d-4b88-95a8-1a83fd3d8065,
01__TDC__WON__BDO__440,WONDERFARM Trà Bí Đao Chai 440ml,Trà Đóng Chai,Chai,0.0,0.0,0.0,0.0,0.0,0.0,0.0,0.0,0.0,0.0,0.0,0.0,0.0,0.0,0.0,0.0,0.0,0.0,01__TDC__WON__BDO__440,WONDERFARM Trà Bí Đao Chai 440ml,,Hàng hóa,aec91c7a-8bc9-11f1-9b18-005056b2a5de,80dd45ec-7833-4a7c-a976-4bad3be22612,aea7bdfe-8bc9-11f1-9b18-005056b2a5de,151,097330eb-f92d-4b88-95a8-1a83fd3d8065,
01__TDC__WON__CHH__345,WONDERFARM Trà Xanh Hương Chanh 345ml,Trà Đóng Chai,Chai,0.0,0.0,0.0,0.0,0.0,0.0,0.0,0.0,0.0,0.0,0.0,0.0,0.0,0.0,0.0,0.0,0.0,0.0,01__TDC__WON__CHH__345,WONDERFARM Trà Xanh Hương Chanh 345ml,,Hàng hóa,aec91d12-8bc9-11f1-9b18-005056b2a5de,50e81662-44d9-4ed8-b6b3-84acfd666688,aea7bdfe-8bc9-11f1-9b18-005056b2a5de,152,097330eb-f92d-4b88-95a8-1a83fd3d8065,
01__TDH__COZ__DAO__225,COZY Trà Đào Sả Hộp 225ml,Trà Đóng Hộp,Hộp,0.0,0.0,0.0,0.0,0.0,0.0,0.0,0.0,0.0,0.0,0.0,0.0,0.0,0.0,0.0,0.0,0.0,0.0,01__TDH__COZ__DAO__225,COZY Trà Đào Sả Hộp 225ml,,Hàng hóa,aec91dc5-8bc9-11f1-9b18-005056b2a5de,4155f2aa-4c12-400b-8065-e51ab584f656,aea7bdfe-8bc9-11f1-9b18-005056b2a5de,153,097330eb-f92d-4b88-95a8-1a83fd3d8064,
01__TDL__WON__BDO__310,WONDERFARM Trà Bí Đao Lon 310ml,Trà Đóng Lon,Lon,2.0,24000.0,0.0,0.0,0.0,0.0,0.0,0.0,0.0,0.0,0.0,0.0,0.0,0.0,58.0,696000.0,58.0,696000.0,01__TDL__WON__BDO__310,WONDERFARM Trà Bí Đao Lon 310ml,,Hàng hóa,aec91e55-8bc9-11f1-9b18-005056b2a5de,3d08ad2f-ef7a-45e4-bb7f-61541accc609,aea7bdfe-8bc9-11f1-9b18-005056b2a5de,154,675a42b3-8acd-451e-b184-edaeaebec5b7,
01NLUREDTHA250,REDBULL Nước Tăng Lực Vàng Thailand 250ml,Nước Tăng Lực,Lon,0.0,0.0,0.0,0.0,0.0,0.0,0.0,0.0,0.0,0.0,0.0,0.0,0.0,0.0,0.0,0.0,0.0,0.0,01NLUREDTHA250,REDBULL Nước Tăng Lực Vàng Thailand 250ml,,Hàng hóa,aec91ee8-8bc9-11f1-9b18-005056b2a5de,c86c7b4b-b5ad-4d41-885a-70b717468e7c,aea7bdfe-8bc9-11f1-9b18-005056b2a5de,155,675a42b3-8acd-451e-b184-edaeaebec5b7,
02__CGI__YDP__BDO__50,YẾN ĐẠI PHÁT Cháo Tổ Yến Trẻ Em Cá Hồi Bí Đỏ 50g,Cháo Gói,Gói,0.0,0.0,0.0,0.0,0.0,0.0,0.0,0.0,0.0,0.0,0.0,0.0,0.0,0.0,2.0,28000.0,2.0,28000.0,02__CGI__YDP__BDO__50,YẾN ĐẠI PHÁT Cháo Tổ Yến Trẻ Em Cá Hồi Bí Đỏ 50g,,Hàng hóa,aec91f9d-8bc9-11f1-9b18-005056b2a5de,7be49b9d-0c1d-471e-9d04-5d461868be0e,aea7bdfe-8bc9-11f1-9b18-005056b2a5de,156,097330eb-f92d-4b88-95a8-1a83fd3d8067,
02__CGI__YDP__DXH__50,YẾN ĐẠI PHÁT Cháo Sườn Non Yến Mạch Đậu Xanh Gói 50g,Cháo Gói,Gói,0.0,0.0,0.0,0.0,0.0,0.0,0.0,0.0,0.0,0.0,0.0,0.0,0.0,0.0,43.0,516000.0,43.0,516000.0,02__CGI__YDP__DXH__50,YẾN ĐẠI PHÁT Cháo Sườn Non Yến Mạch Đậu Xanh Gói 50g,,Hàng hóa,aec92033-8bc9-11f1-9b18-005056b2a5de,c3f186bb-1995-45a4-9679-734301b8295c,aea7bdfe-8bc9-11f1-9b18-005056b2a5de,157,097330eb-f92d-4b88-95a8-1a83fd3d8067,
02__CGI__YDP__YEN__50,YẾN ĐẠI PHÁT Cháo Tổ Yến Thịt Bằm 50g,Cháo Gói,Gói,0.0,0.0,0.0,0.0,0.0,0.0,0.0,0.0,0.0,0.0,0.0,0.0,0.0,0.0,46.0,644000.0,46.0,644000.0,02__CGI__YDP__YEN__50,YẾN ĐẠI PHÁT Cháo Tổ Yến Thịt Bằm 50g,,Hàng hóa,aec920e0-8bc9-11f1-9b18-005056b2a5de,ad833c66-348c-4df1-b97c-f17a1154e70c,aea7bdfe-8bc9-11f1-9b18-005056b2a5de,158,097330eb-f92d-4b88-95a8-1a83fd3d8067,
02__DBV__CTR__BCH__500,CẦU TRE Bò Viên Ngon Bịch 500g,Đồ Đông Lạnh,Bịch,0.0,0.0,0.0,0.0,0.0,0.0,0.0,0.0,0.0,0.0,0.0,0.0,0.0,0.0,2.0,206000.0,2.0,206000.0,02__DBV__CTR__BCH__500,CẦU TRE Bò Viên Ngon Bịch 500g,,Hàng hóa,aec92175-8bc9-11f1-9b18-005056b2a5de,a863bd58-8bf4-400e-9a51-45679d08cf4c,aea7bdfe-8bc9-11f1-9b18-005056b2a5de,159,097330eb-f92d-4b88-95a8-1a83fd3d8011,
02__DCG__CTR__BCH__500,CẦU TRE Chả Giò Bánh Tráng Thịt Bịch 500g,Đồ Đông Lạnh,Bịch,0.0,0.0,0.0,0.0,0.0,0.0,0.0,0.0,0.0,0.0,0.0,0.0,0.0,0.0,5.0,350000.0,5.0,350000.0,02__DCG__CTR__BCH__500,CẦU TRE Chả Giò Bánh Tráng Thịt Bịch 500g,,Hàng hóa,aec92208-8bc9-11f1-9b18-005056b2a5de,d8fa4db7-dfb7-4466-89e8-2f021f25e970,aea7bdfe-8bc9-11f1-9b18-005056b2a5de,160,097330eb-f92d-4b88-95a8-1a83fd3d8011,
02__DCG__CTR__TTH__400,CẦU TRE Chả Giò Da Xốp Tôm Thịt Bịch 400g,Đồ Đông Lạnh,Bịch,0.0,0.0,0.0,0.0,0.0,0.0,0.0,0.0,0.0,0.0,0.0,0.0,0.0,0.0,2.0,184000.0,2.0,184000.0,02__DCG__CTR__TTH__400,CẦU TRE Chả Giò Da Xốp Tôm Thịt Bịch 400g,,Hàng hóa,aec922b7-8bc9-11f1-9b18-005056b2a5de,39af18c8-497b-457b-851f-68b9c7f3cb7a,aea7bdfe-8bc9-11f1-9b18-005056b2a5de,161,097330eb-f92d-4b88-95a8-1a83fd3d8011,
02__DCV__CTR__BCH__500,CẦU TRE Cá Viên Ngon Bịch 500g,Đồ Đông Lạnh,Bịch,0.0,0.0,0.0,0.0,0.0,0.0,0.0,0.0,0.0,0.0,0.0,0.0,0.0,0.0,4.0,256000.0,4.0,256000.0,02__DCV__CTR__BCH__500,CẦU TRE Cá Viên Ngon Bịch 500g,,Hàng hóa,aec9240b-8bc9-11f1-9b18-005056b2a5de,bd3b0309-2aac-44fd-85fc-9b428728e726,aea7bdfe-8bc9-11f1-9b18-005056b2a5de,162,097330eb-f92d-4b88-95a8-1a83fd3d8011,
02__DHC__CTR__THI__500,CẦU TRE Há Cảo Thịt Bịch 500g,Đồ Đông Lạnh,Bịch,0.0,0.0,0.0,0.0,0.0,0.0,0.0,0.0,0.0,0.0,0.0,0.0,0.0,0.0,3.0,210000.0,3.0,210000.0,02__DHC__CTR__THI__500,CẦU TRE Há Cảo Thịt Bịch 500g,,Hàng hóa,aec924ac-8bc9-11f1-9b18-005056b2a5de,e85a6d05-f6da-4c36-bdf8-54a9c0adb181,aea7bdfe-8bc9-11f1-9b18-005056b2a5de,163,097330eb-f92d-4b88-95a8-1a83fd3d8011,
02__DMD__BIB__BCH__250,BIBIGO Mandu Hải Sản Bịch 250g,Đồ Đông Lạnh,Bịch,0.0,0.0,0.0,0.0,0.0,0.0,0.0,0.0,0.0,0.0,0.0,0.0,0.0,0.0,0.0,0.0,0.0,0.0,02__DMD__BIB__BCH__250,BIBIGO Mandu Hải Sản Bịch 250g,,Hàng hóa,aec9253e-8bc9-11f1-9b18-005056b2a5de,cedb1ce4-4b42-4083-8f93-96e94894b219,aea7bdfe-8bc9-11f1-9b18-005056b2a5de,164,097330eb-f92d-4b88-95a8-1a83fd3d8011,
02__DXM__CTR__THI__500,CẦU TRE Xíu Mại Thịt Bịch 500g,Đồ Đông Lạnh,Bịch,0.0,0.0,0.0,0.0,0.0,0.0,0.0,0.0,0.0,0.0,0.0,0.0,0.0,0.0,1.0,95000.0,1.0,95000.0,02__DXM__CTR__THI__500,CẦU TRE Xíu Mại Thịt Bịch 500g,,Hàng hóa,aec92621-8bc9-11f1-9b18-005056b2a5de,2144a4d4-9805-49ee-aef3-75e8168d0f92,aea7bdfe-8bc9-11f1-9b18-005056b2a5de,165,097330eb-f92d-4b88-95a8-1a83fd3d8011,
02__DXX__CTR__BCH__500,CẦU TRE Xúc Xích Khỏe Bịch 500g,Đồ Đông Lạnh,Bịch,0.0,0.0,0.0,0.0,0.0,0.0,0.0,0.0,0.0,0.0,0.0,0.0,0.0,0.0,2.0,150000.0,2.0,150000.0,02__DXX__CTR__BCH__500,CẦU TRE Xúc Xích Khỏe Bịch 500g,,Hàng hóa,aec926e7-8bc9-11f1-9b18-005056b2a5de,9cb71a01-fdbd-4d29-8a37-3062b228e0f0,aea7bdfe-8bc9-11f1-9b18-005056b2a5de,166,097330eb-f92d-4b88-95a8-1a83fd3d8011,
02__HCA__DWN__CAY__150,DONGWON Cá Ngừ Vị Ớt Hộp 150g,Cá Hộp,Hộp,0.0,0.0,0.0,0.0,0.0,0.0,0.0,0.0,0.0,0.0,0.0,0.0,0.0,0.0,2.0,128000.0,2.0,128000.0,02__HCA__DWN__CAY__150,DONGWON Cá Ngừ Vị Ớt Hộp 150g,,Hàng hóa,aec92781-8bc9-11f1-9b18-005056b2a5de,26a183cc-3302-47a5-971a-10cc6e92ee4f,aea7bdfe-8bc9-11f1-9b18-005056b2a5de,167,097330eb-f92d-4b88-95a8-1a83fd3d8064,
02__HCA__DWN__CNU__150,DONGWON Cá Ngừ Trắng Hộp 150g,Cá Hộp,Hộp,0.0,0.0,0.0,0.0,0.0,0.0,0.0,0.0,0.0,0.0,0.0,0.0,0.0,0.0,4.0,256000.0,4.0,256000.0,02__HCA__DWN__CNU__150,DONGWON Cá Ngừ Trắng Hộp 150g,,Hàng hóa,aec92831-8bc9-11f1-9b18-005056b2a5de,9a620ea6-a220-40e0-8553-86225bf45c95,aea7bdfe-8bc9-11f1-9b18-005056b2a5de,168,097330eb-f92d-4b88-95a8-1a83fd3d8064,
02__HCA__VIS__XCA__150,VISSAN Mai Vàng Cá Hộp Xốt Cà 150g,Cá Hộp,Hộp,1.0,20000.0,0.0,0.0,0.0,0.0,0.0,0.0,0.0,0.0,0.0,0.0,0.0,0.0,6.0,120000.0,6.0,120000.0,02__HCA__VIS__XCA__150,VISSAN Mai Vàng Cá Hộp Xốt Cà 150g,,Hàng hóa,aec928c7-8bc9-11f1-9b18-005056b2a5de,ba995aed-9ada-4f45-af64-2218b35a0b93,aea7bdfe-8bc9-11f1-9b18-005056b2a5de,169,097330eb-f92d-4b88-95a8-1a83fd3d8064,
02__HGI__CSU__HSN__77,CHINSU Story Hủ Tiếu Mỹ Tho Hải Sản Gói 77g,Hủ Tiếu Gói,Gói,0.0,0.0,0.0,0.0,0.0,0.0,0.0,0.0,0.0,0.0,0.0,0.0,0.0,0.0,4.0,56000.0,4.0,56000.0,02__HGI__CSU__HSN__77,CHINSU Story Hủ Tiếu Mỹ Tho Hải Sản Gói 77g,,Hàng hóa,aec92961-8bc9-11f1-9b18-005056b2a5de,06d1aa5f-76b5-4141-9d7a-be2127fe9d8b,aea7bdfe-8bc9-11f1-9b18-005056b2a5de,170,097330eb-f92d-4b88-95a8-1a83fd3d8067,
02__HGI__NSN__BKO__75,ACECOOK Nhịp Sống Hủ Tiếu Bò Kho Gói 75g,Hủ Tiếu Gói,Gói,0.0,0.0,0.0,0.0,0.0,0.0,0.0,0.0,0.0,0.0,0.0,0.0,0.0,0.0,0.0,0.0,0.0,0.0,02__HGI__NSN__BKO__75,ACECOOK Nhịp Sống Hủ Tiếu Bò Kho Gói 75g,,Hàng hóa,aec929f5-8bc9-11f1-9b18-005056b2a5de,a2f62243-01f0-4c01-8db2-78bc63645088,aea7bdfe-8bc9-11f1-9b18-005056b2a5de,171,097330eb-f92d-4b88-95a8-1a83fd3d8067,
02__HGI__NSN__HEO__70,ACECOOK Nhịp Sống Hủ Tiếu Sườn Heo Gói 70g,Hủ Tiếu Gói,Gói,0.0,0.0,0.0,0.0,0.0,0.0,0.0,0.0,0.0,0.0,0.0,0.0,0.0,0.0,5.0,70000.0,5.0,70000.0,02__HGI__NSN__HEO__70,ACECOOK Nhịp Sống Hủ Tiếu Sườn Heo Gói 70g,,Hàng hóa,aec92a85-8bc9-11f1-9b18-005056b2a5de,a490488e-5336-4be9-adb9-553d130c8d5b,aea7bdfe-8bc9-11f1-9b18-005056b2a5de,172,097330eb-f92d-4b88-95a8-1a83fd3d8067,
02__HGI__NSN__NVG__71,ACECOOK Hủ Tiếu Nam Vang Gói 71g,Hủ Tiếu Gói,Gói,0.0,0.0,0.0,0.0,0.0,0.0,0.0,0.0,0.0,0.0,0.0,0.0,0.0,0.0,3.0,42000.0,3.0,42000.0,02__HGI__NSN__NVG__71,ACECOOK Hủ Tiếu Nam Vang Gói 71g,,Hàng hóa,aec92b1c-8bc9-11f1-9b18-005056b2a5de,f11cae50-fc24-4a35-af30-e82f409bfe86,aea7bdfe-8bc9-11f1-9b18-005056b2a5de,173,097330eb-f92d-4b88-95a8-1a83fd3d8067,
02__HOB__VIS__2LT__170,VISSAN Bò 2 Lát Hộp 170g,Bò Hộp,Hộp,0.0,0.0,0.0,0.0,0.0,0.0,0.0,0.0,0.0,0.0,0.0,0.0,0.0,0.0,0.0,0.0,0.0,0.0,02__HOB__VIS__2LT__170,VISSAN Bò 2 Lát Hộp 170g,,Hàng hóa,aec92baf-8bc9-11f1-9b18-005056b2a5de,4b68eb2e-e3b8-4e68-a309-a79a5010ca93,aea7bdfe-8bc9-11f1-9b18-005056b2a5de,174,097330eb-f92d-4b88-95a8-1a83fd3d8064,
02__HOP__VIS__GAN__170,VISSAN Pate Gan Heo Hộp 170g,Pate Hộp,Hộp,0.0,0.0,0.0,0.0,0.0,0.0,0.0,0.0,0.0,0.0,0.0,0.0,0.0,0.0,5.0,210000.0,5.0,210000.0,02__HOP__VIS__GAN__170,VISSAN Pate Gan Heo Hộp 170g,,Hàng hóa,aec92c41-8bc9-11f1-9b18-005056b2a5de,d75e0f36-3a9e-470b-b441-e953066a51cb,aea7bdfe-8bc9-11f1-9b18-005056b2a5de,175,097330eb-f92d-4b88-95a8-1a83fd3d8064,
02__HOP__VIS__HEO__170,VISSAN Pate Thịt Heo Hộp 170g,Pate Hộp,Hộp,0.0,0.0,0.0,0.0,0.0,0.0,0.0,0.0,0.0,0.0,0.0,0.0,0.0,0.0,18.0,684000.0,18.0,684000.0,02__HOP__VIS__HEO__170,VISSAN Pate Thịt Heo Hộp 170g,,Hàng hóa,aec92cea-8bc9-11f1-9b18-005056b2a5de,0aa32b88-edd9-4672-9428-cdcb6498e400,aea7bdfe-8bc9-11f1-9b18-005056b2a5de,176,097330eb-f92d-4b88-95a8-1a83fd3d8064,
02__HOX__VIS__XCA__150,VISSAN Xíu Mại Xốt Cà Hộp 150g,Xíu Mại Hộp,Hộp,0.0,0.0,0.0,0.0,0.0,0.0,0.0,0.0,0.0,0.0,0.0,0.0,0.0,0.0,0.0,0.0,0.0,0.0,02__HOX__VIS__XCA__150,VISSAN Xíu Mại Xốt Cà Hộp 150g,,Hàng hóa,aec92d80-8bc9-11f1-9b18-005056b2a5de,916afeae-f102-4120-9a39-308414539b05,aea7bdfe-8bc9-11f1-9b18-005056b2a5de,177,097330eb-f92d-4b88-95a8-1a83fd3d8064,
02__KBT__MEI__BCH__1621,MEIZAN Bánh Tráng 16x21cm,Đồ Khô,Bịch,0.0,0.0,0.0,0.0,0.0,0.0,0.0,0.0,0.0,0.0,0.0,0.0,0.0,0.0,0.0,0.0,0.0,0.0,02__KBT__MEI__BCH__1621,MEIZAN Bánh Tráng 16x21cm,,Hàng hóa,aec92e20-8bc9-11f1-9b18-005056b2a5de,18e3d587-1cbd-49c9-a83f-ffec6a3b2f75,aea7bdfe-8bc9-11f1-9b18-005056b2a5de,178,097330eb-f92d-4b88-95a8-1a83fd3d8011,
02__KMI__MEI__CHY__250,MEIZAN Mì Chay Cao Cấp 250g,Đồ Khô Mì,Bịch,0.0,0.0,0.0,0.0,0.0,0.0,0.0,0.0,0.0,0.0,0.0,0.0,0.0,0.0,11.0,143000.0,11.0,143000.0,02__KMI__MEI__CHY__250,MEIZAN Mì Chay Cao Cấp 250g,,Hàng hóa,aec92eb0-8bc9-11f1-9b18-005056b2a5de,3a252901-06a9-47de-87cf-500226c94ef2,aea7bdfe-8bc9-11f1-9b18-005056b2a5de,179,097330eb-f92d-4b88-95a8-1a83fd3d8011,
02__KMI__MEI__TRG__250,MEIZAN Mì Trứng Cao Cấp 250g,Đồ Khô Mì,Bịch,0.0,0.0,0.0,0.0,0.0,0.0,0.0,0.0,0.0,0.0,0.0,0.0,0.0,0.0,14.0,308000.0,14.0,308000.0,02__KMI__MEI__TRG__250,MEIZAN Mì Trứng Cao Cấp 250g,,Hàng hóa,aec92f44-8bc9-11f1-9b18-005056b2a5de,2475f176-dbfd-4dd9-9e80-1e9556968193,aea7bdfe-8bc9-11f1-9b18-005056b2a5de,180,097330eb-f92d-4b88-95a8-1a83fd3d8011,
02__KNI__MEI__DAI__200,MEIZAN Nui Cao Cấp Ống Dài 200g,Đồ Khô Nui,Bịch,0.0,0.0,0.0,0.0,0.0,0.0,0.0,0.0,0.0,0.0,0.0,0.0,0.0,0.0,18.0,288000.0,18.0,288000.0,02__KNI__MEI__DAI__200,MEIZAN Nui Cao Cấp Ống Dài 200g,,Hàng hóa,aec92fd9-8bc9-11f1-9b18-005056b2a5de,ef164e08-ef3c-4dd2-8902-6abf5322ec70,aea7bdfe-8bc9-11f1-9b18-005056b2a5de,181,097330eb-f92d-4b88-95a8-1a83fd3d8011,
02__KNI__MEI__GAO__200,MEIZAN Nui Gạo Cao Cấp Chữ C 200g,Đồ Khô Nui,Bịch,0.0,0.0,0.0,0.0,0.0,0.0,0.0,0.0,0.0,0.0,0.0,0.0,0.0,0.0,20.0,320000.0,20.0,320000.0,02__KNI__MEI__GAO__200,MEIZAN Nui Gạo Cao Cấp Chữ C 200g,,Hàng hóa,aec9306b-8bc9-11f1-9b18-005056b2a5de,5a286f25-a3c3-4f4f-9e8c-fb48851bbd11,aea7bdfe-8bc9-11f1-9b18-005056b2a5de,182,097330eb-f92d-4b88-95a8-1a83fd3d8011,
02__KNI__MEI__RAU__200,MEIZAN Nui Rau Củ Cao Cấp Chữ C 200g,Đồ Khô Nui,Bịch,0.0,0.0,0.0,0.0,0.0,0.0,0.0,0.0,0.0,0.0,0.0,0.0,0.0,0.0,18.0,288000.0,18.0,288000.0,02__KNI__MEI__RAU__200,MEIZAN Nui Rau Củ Cao Cấp Chữ C 200g,,Hàng hóa,aec930fe-8bc9-11f1-9b18-005056b2a5de,292a95de-d331-48b5-8a5c-f04755017d74,aea7bdfe-8bc9-11f1-9b18-005056b2a5de,183,097330eb-f92d-4b88-95a8-1a83fd3d8011,
02__LTS__HAI__CCX__282,HAIDILAO Lẩu Tự Sôi Cà Chua Xương Hầm 282g,Lẩu Tự Sôi,Hộp,0.0,0.0,0.0,0.0,0.0,0.0,0.0,0.0,0.0,0.0,0.0,0.0,0.0,0.0,0.0,0.0,0.0,0.0,02__LTS__HAI__CCX__282,HAIDILAO Lẩu Tự Sôi Cà Chua Xương Hầm 282g,,Hàng hóa,aec93192-8bc9-11f1-9b18-005056b2a5de,27c56c71-93f7-44ad-90fe-4a2a8a4fe0d2,aea7bdfe-8bc9-11f1-9b18-005056b2a5de,184,097330eb-f92d-4b88-95a8-1a83fd3d8064,
02__LTS__OMA__CUA__300,OMACHI Lẩu Tự Sôi Bắp Bò Riêu Cua 300g,Lẩu Tự Sôi,Tô,0.0,0.0,0.0,0.0,0.0,0.0,0.0,0.0,0.0,0.0,0.0,0.0,0.0,0.0,0.0,0.0,0.0,0.0,02__LTS__OMA__CUA__300,OMACHI Lẩu Tự Sôi Bắp Bò Riêu Cua 300g,,Hàng hóa,aec93226-8bc9-11f1-9b18-005056b2a5de,1883b1b4-54e8-4a44-8c62-42320a38a140,aea7bdfe-8bc9-11f1-9b18-005056b2a5de,185,b6482b1f-e8c5-4921-ad59-6b055022c7e2,
02__MGO__ACE__GPM__131,ACECOOK SiuKay Gà Xốt Phô Mai Gói 131g,Mì Gói,Gói,2.0,48000.0,0.0,0.0,0.0,0.0,0.0,0.0,0.0,0.0,0.0,0.0,0.0,0.0,10.0,240000.0,10.0,240000.0,02__MGO__ACE__GPM__131,ACECOOK SiuKay Gà Xốt Phô Mai Gói 131g,,Hàng hóa,aec932b9-8bc9-11f1-9b18-005056b2a5de,e8197731-6182-47d9-a64e-abeccac7eb91,aea7bdfe-8bc9-11f1-9b18-005056b2a5de,186,097330eb-f92d-4b88-95a8-1a83fd3d8067,
02__MGO__ACE__LTT__81,ACECOOK Mì Lẩu Thái Tôm Gói 81g,Mì Gói,Gói,0.0,0.0,0.0,0.0,0.0,0.0,0.0,0.0,0.0,0.0,0.0,0.0,0.0,0.0,42.0,504000.0,42.0,504000.0,02__MGO__ACE__LTT__81,ACECOOK Mì Lẩu Thái Tôm Gói 81g,,Hàng hóa,aec9334b-8bc9-11f1-9b18-005056b2a5de,e03347be-661a-499c-8b67-1501de184708,aea7bdfe-8bc9-11f1-9b18-005056b2a5de,187,097330eb-f92d-4b88-95a8-1a83fd3d8067,
02__MGO__DNT__TBM__83,ACECOOK Đệ Nhất Mì Gia Vị Thịt Bằm Gói 83g,Mì Gói,Gói,0.0,0.0,0.0,0.0,0.0,0.0,0.0,0.0,0.0,0.0,0.0,0.0,0.0,0.0,12.0,144000.0,12.0,144000.0,02__MGO__DNT__TBM__83,ACECOOK Đệ Nhất Mì Gia Vị Thịt Bằm Gói 83g,,Hàng hóa,aec933de-8bc9-11f1-9b18-005056b2a5de,bce765ca-0390-4f70-a186-7c783fcea76a,aea7bdfe-8bc9-11f1-9b18-005056b2a5de,188,097330eb-f92d-4b88-95a8-1a83fd3d8067,
02__MGO__HAO__BST__88,ACECOOK HẢO HẢO Premium Mì Trộn Bò Sa tế Gói 88g,Mì Gói,Gói,0.0,0.0,0.0,0.0,0.0,0.0,0.0,0.0,0.0,0.0,0.0,0.0,0.0,0.0,0.0,0.0,0.0,0.0,02__MGO__HAO__BST__88,ACECOOK HẢO HẢO Premium Mì Trộn Bò Sa tế Gói 88g,,Hàng hóa,aec9346f-8bc9-11f1-9b18-005056b2a5de,6377f419-6201-4026-a00c-8aea0cc80b53,aea7bdfe-8bc9-11f1-9b18-005056b2a5de,189,097330eb-f92d-4b88-95a8-1a83fd3d8067,
02__MGO__HAO__CAY__75,ACECOOK HẢO HẢO Mì Tôm Chua Cay Gói 75g,Mì Gói,Gói,0.0,0.0,0.0,0.0,0.0,0.0,0.0,0.0,0.0,0.0,0.0,0.0,0.0,0.0,27.0,162000.0,27.0,162000.0,02__MGO__HAO__CAY__75,ACECOOK HẢO HẢO Mì Tôm Chua Cay Gói 75g,,Hàng hóa,aec934ff-8bc9-11f1-9b18-005056b2a5de,0d72dbc9-99f3-4c92-a057-cc611a7a554b,aea7bdfe-8bc9-11f1-9b18-005056b2a5de,190,097330eb-f92d-4b88-95a8-1a83fd3d8067,
02__MGO__HAO__GVG__74,ACECOOK HẢO HẢO Mì Gà Vàng Gói 74g,Mì Gói,Gói,0.0,0.0,0.0,0.0,0.0,0.0,0.0,0.0,0.0,0.0,0.0,0.0,0.0,0.0,12.0,72000.0,12.0,72000.0,02__MGO__HAO__GVG__74,ACECOOK HẢO HẢO Mì Gà Vàng Gói 74g,,Hàng hóa,aec93630-8bc9-11f1-9b18-005056b2a5de,9516d258-a699-4e04-9dc2-1655e595267e,aea7bdfe-8bc9-11f1-9b18-005056b2a5de,191,097330eb-f92d-4b88-95a8-1a83fd3d8067,
02__MGO__HAO__TCC__88,ACECOOK HẢO HẢO Premium Mì Tôm Chua Cay Gói 88g,Mì Gói,Gói,0.0,0.0,0.0,0.0,0.0,0.0,0.0,0.0,0.0,0.0,0.0,0.0,0.0,0.0,0.0,0.0,0.0,0.0,02__MGO__HAO__TCC__88,ACECOOK HẢO HẢO Premium Mì Tôm Chua Cay Gói 88g,,Hàng hóa,aec936d9-8bc9-11f1-9b18-005056b2a5de,91646d2d-285f-4754-9160-52d2d24cf3a5,aea7bdfe-8bc9-11f1-9b18-005056b2a5de,192,097330eb-f92d-4b88-95a8-1a83fd3d8067,
02__MGO__HAO__XTC__75,ACECOOK HẢO HẢO Mì Xào Tôm Chua Ngọt Gói 75g,Mì Gói,Gói,0.0,0.0,0.0,0.0,0.0,0.0,0.0,0.0,0.0,0.0,0.0,0.0,0.0,0.0,-18.0,-108000.0,-18.0,-108000.0,02__MGO__HAO__XTC__75,ACECOOK HẢO HẢO Mì Xào Tôm Chua Ngọt Gói 75g,,Hàng hóa,aec9376e-8bc9-11f1-9b18-005056b2a5de,054f1664-f4ed-4883-a82e-27374588d561,aea7bdfe-8bc9-11f1-9b18-005056b2a5de,193,097330eb-f92d-4b88-95a8-1a83fd3d8067,
02__MGO__IND__KBC__91,INDOMIE Mì Xào Khô Bò Cay Goreng Gói 91g,Mì Gói,Gói,0.0,0.0,0.0,0.0,0.0,0.0,0.0,0.0,0.0,0.0,0.0,0.0,0.0,0.0,14.0,140000.0,14.0,140000.0,02__MGO__IND__KBC__91,INDOMIE Mì Xào Khô Bò Cay Goreng Gói 91g,,Hàng hóa,aec937ff-8bc9-11f1-9b18-005056b2a5de,6ed6ab78-3809-4fee-86c5-70e1903aed76,aea7bdfe-8bc9-11f1-9b18-005056b2a5de,194,097330eb-f92d-4b88-95a8-1a83fd3d8067,
02__MGO__IND__KCN__79,INDOMIE Mì Xào Khô Cay Nồng Goreng Gói 79g,Mì Gói,Gói,0.0,0.0,0.0,0.0,0.0,0.0,0.0,0.0,0.0,0.0,0.0,0.0,0.0,0.0,0.0,0.0,0.0,0.0,02__MGO__IND__KCN__79,INDOMIE Mì Xào Khô Cay Nồng Goreng Gói 79g,,Hàng hóa,aec93891-8bc9-11f1-9b18-005056b2a5de,50fc8084-3134-409a-8fed-6020bf26c262,aea7bdfe-8bc9-11f1-9b18-005056b2a5de,195,097330eb-f92d-4b88-95a8-1a83fd3d8067,
02__MGO__IND__KDB__85,INDOMIE Mì Xào Khô Đặc Biệt Gói 85g,Mì Gói,Gói,0.0,0.0,0.0,0.0,0.0,0.0,0.0,0.0,0.0,0.0,0.0,0.0,0.0,0.0,-6.0,-72000.0,-6.0,-72000.0,02__MGO__IND__KDB__85,INDOMIE Mì Xào Khô Đặc Biệt Gói 85g,,Hàng hóa,aec93925-8bc9-11f1-9b18-005056b2a5de,70ece99d-595b-466b-9c69-c87e90489b94,aea7bdfe-8bc9-11f1-9b18-005056b2a5de,196,097330eb-f92d-4b88-95a8-1a83fd3d8067,
02__MGO__IND__KSU__80,INDOMIE Mì Xào Khô Vị Sườn Gói 80g,Mì Gói,Gói,6.0,72000.0,0.0,0.0,0.0,0.0,0.0,0.0,0.0,0.0,0.0,0.0,0.0,0.0,-7.0,-84000.0,-7.0,-84000.0,02__MGO__IND__KSU__80,INDOMIE Mì Xào Khô Vị Sườn Gói 80g,,Hàng hóa,aec939c4-8bc9-11f1-9b18-005056b2a5de,935c5d3a-604d-4568-b005-0d5415f2e7fc,aea7bdfe-8bc9-11f1-9b18-005056b2a5de,197,097330eb-f92d-4b88-95a8-1a83fd3d8067,
02__MGO__JIN__CAY__120,OTOKI MÌ Gói JIN Cay 120g,Mì Gói,Gói,0.0,0.0,0.0,0.0,0.0,0.0,0.0,0.0,0.0,0.0,0.0,0.0,0.0,0.0,22.0,440000.0,22.0,440000.0,02__MGO__JIN__CAY__120,OTOKI MÌ Gói JIN Cay 120g,,Hàng hóa,aec93a55-8bc9-11f1-9b18-005056b2a5de,8c2838f8-c2d6-4d65-8471-fd082c5604e9,aea7bdfe-8bc9-11f1-9b18-005056b2a5de,198,097330eb-f92d-4b88-95a8-1a83fd3d8067,
02__MGO__KOK__BXC__95,KOKOMI 90 Mì Xào Vị Bò Xốt Cà Gói 95g*30,Mì Gói,Gói,0.0,0.0,0.0,0.0,0.0,0.0,0.0,0.0,0.0,0.0,0.0,0.0,0.0,0.0,1.0,8000.0,1.0,8000.0,02__MGO__KOK__BXC__95,KOKOMI 90 Mì Xào Vị Bò Xốt Cà Gói 95g*30,,Hàng hóa,aec93ae4-8bc9-11f1-9b18-005056b2a5de,7d3fe9e3-cc2f-451d-bf24-6571644c1dd7,aea7bdfe-8bc9-11f1-9b18-005056b2a5de,199,097330eb-f92d-4b88-95a8-1a83fd3d8067,
02__MGO__KOK__CAY__65,KOKOMI Mì Gói Tôm Chua Cay 65g*30,Mì Gói,Gói,0.0,0.0,0.0,0.0,0.0,0.0,0.0,0.0,0.0,0.0,0.0,0.0,0.0,0.0,0.0,0.0,0.0,0.0,02__MGO__KOK__CAY__65,KOKOMI Mì Gói Tôm Chua Cay 65g*30,,Hàng hóa,aec93b76-8bc9-11f1-9b18-005056b2a5de,8c422147-a625-4cd8-a4e6-48e675d16584,aea7bdfe-8bc9-11f1-9b18-005056b2a5de,200,097330eb-f92d-4b88-95a8-1a83fd3d8067,
02__MGO__KOK__CAY__90,KOKOMI 90 Mì Gói Tôm Chua Cay 90g*30,Mì Gói,Gói,0.0,0.0,0.0,0.0,0.0,0.0,0.0,0.0,0.0,0.0,0.0,0.0,0.0,0.0,-25.0,-200000.0,-25.0,-200000.0,02__MGO__KOK__CAY__90,KOKOMI 90 Mì Gói Tôm Chua Cay 90g*30,,Hàng hóa,aec93c24-8bc9-11f1-9b18-005056b2a5de,33b73798-4b86-4904-84df-1ee6df19c68b,aea7bdfe-8bc9-11f1-9b18-005056b2a5de,201,097330eb-f92d-4b88-95a8-1a83fd3d8067,
02__MGO__KOK__SCY__90,KOKOMI 90 Mì Gói Sườn Hành Phi 90g*30,Mì Gói,Gói,0.0,0.0,0.0,0.0,0.0,0.0,0.0,0.0,0.0,0.0,0.0,0.0,0.0,0.0,25.0,200000.0,25.0,200000.0,02__MGO__KOK__SCY__90,KOKOMI 90 Mì Gói Sườn Hành Phi 90g*30,,Hàng hóa,aec93cd0-8bc9-11f1-9b18-005056b2a5de,838b0d43-b8b5-4c0b-a881-759d25c5291f,aea7bdfe-8bc9-11f1-9b18-005056b2a5de,202,097330eb-f92d-4b88-95a8-1a83fd3d8067,
02__MGO__KOK__XHS__95,KOKOMI 90 Mì Gói Vị Hải Sản Cay Tê 90g*30,Mì Gói,Gói,0.0,0.0,0.0,0.0,0.0,0.0,0.0,0.0,0.0,0.0,0.0,0.0,0.0,0.0,24.0,192000.0,24.0,192000.0,02__MGO__KOK__XHS__95,KOKOMI 90 Mì Gói Vị Hải Sản Cay Tê 90g*30,,Hàng hóa,aec94370-8bc9-11f1-9b18-005056b2a5de,a8d22de2-a1c0-4efd-b293-96ff822796ff,aea7bdfe-8bc9-11f1-9b18-005056b2a5de,203,097330eb-f92d-4b88-95a8-1a83fd3d8067,
02__MGO__MLK__STE__65,MILIKET Mì Gói Sa Tế 65g,Mì Gói,Gói,0.0,0.0,0.0,0.0,0.0,0.0,0.0,0.0,0.0,0.0,0.0,0.0,0.0,0.0,24.0,120000.0,24.0,120000.0,02__MGO__MLK__STE__65,MILIKET Mì Gói Sa Tế 65g,,Hàng hóa,aec94412-8bc9-11f1-9b18-005056b2a5de,1d215449-e3ab-427d-8896-3285a97508b1,aea7bdfe-8bc9-11f1-9b18-005056b2a5de,204,097330eb-f92d-4b88-95a8-1a83fd3d8067,
02__MGO__MLK__TTG__60,MILIKET Mì Gói Truyền Thống 60g,Mì Gói,Gói,0.0,0.0,0.0,0.0,0.0,0.0,0.0,0.0,0.0,0.0,0.0,0.0,0.0,0.0,15.0,75000.0,15.0,75000.0,02__MGO__MLK__TTG__60,MILIKET Mì Gói Truyền Thống 60g,,Hàng hóa,aec944a6-8bc9-11f1-9b18-005056b2a5de,1976bd27-6161-48da-a524-b05fa935bbac,aea7bdfe-8bc9-11f1-9b18-005056b2a5de,205,097330eb-f92d-4b88-95a8-1a83fd3d8067,
02__MGO__OMA__BOO__81,OMACHI Mì Gói Xốt Bò Hầm 81g*30,Mì Gói,Gói,0.0,0.0,0.0,0.0,0.0,0.0,0.0,0.0,0.0,0.0,0.0,0.0,0.0,0.0,45.0,585000.0,45.0,585000.0,02__MGO__OMA__BOO__81,OMACHI Mì Gói Xốt Bò Hầm 81g*30,,Hàng hóa,aec94539-8bc9-11f1-9b18-005056b2a5de,c41f32ce-b709-46e0-af11-1a62cb421f17,aea7bdfe-8bc9-11f1-9b18-005056b2a5de,206,097330eb-f92d-4b88-95a8-1a83fd3d8067,
02__MGO__OMA__LTC__80,OMACHI Mì Gói Lẩu Tôm Càng 80g*30,Mì Gói,Gói,0.0,0.0,0.0,0.0,0.0,0.0,0.0,0.0,0.0,0.0,0.0,0.0,0.0,0.0,1.0,13000.0,1.0,13000.0,02__MGO__OMA__LTC__80,OMACHI Mì Gói Lẩu Tôm Càng 80g*30,,Hàng hóa,aec945c9-8bc9-11f1-9b18-005056b2a5de,99372fb2-7696-42c1-b0f0-195ec9ee47ab,aea7bdfe-8bc9-11f1-9b18-005056b2a5de,207,097330eb-f92d-4b88-95a8-1a83fd3d8067,
02__MGO__OMA__S5Q__80,OMACHI Mì Gói Sườn Hầm Ngũ Quả 80g*30,Mì Gói,Gói,0.0,0.0,0.0,0.0,0.0,0.0,0.0,0.0,0.0,0.0,0.0,0.0,0.0,0.0,0.0,0.0,0.0,0.0,02__MGO__OMA__S5Q__80,OMACHI Mì Gói Sườn Hầm Ngũ Quả 80g*30,,Hàng hóa,aec94c2c-8bc9-11f1-9b18-005056b2a5de,3a500254-37ec-454a-aad3-d0b03dd7b554,aea7bdfe-8bc9-11f1-9b18-005056b2a5de,208,097330eb-f92d-4b88-95a8-1a83fd3d8067,
02__MGO__OMA__XOT__126,OMACHI Mì Gói Cua Xốt Ớt 126g*24,Mì Gói,Gói,0.0,0.0,0.0,0.0,0.0,0.0,0.0,0.0,0.0,0.0,0.0,0.0,0.0,0.0,29.0,609000.0,29.0,609000.0,02__MGO__OMA__XOT__126,OMACHI Mì Gói Cua Xốt Ớt 126g*24,,Hàng hóa,aec94d3a-8bc9-11f1-9b18-005056b2a5de,1afb18d6-5f6e-4698-9a29-e930b8c10f7f,aea7bdfe-8bc9-11f1-9b18-005056b2a5de,209,097330eb-f92d-4b88-95a8-1a83fd3d8067,
02__MGO__SAM__DEN__140,SAMYANG Mì Gói Khô Gà Cay Đen 140g,Mì Gói,Gói,0.0,0.0,0.0,0.0,0.0,0.0,0.0,0.0,0.0,0.0,0.0,0.0,0.0,0.0,1.0,34000.0,1.0,34000.0,02__MGO__SAM__DEN__140,SAMYANG Mì Gói Khô Gà Cay Đen 140g,,Hàng hóa,aec94e8e-8bc9-11f1-9b18-005056b2a5de,8ec11f84-62db-4f21-b307-44355ecde97f,aea7bdfe-8bc9-11f1-9b18-005056b2a5de,210,097330eb-f92d-4b88-95a8-1a83fd3d8067,
02__MGO__SAM__GCY__145,SAMYANG Mì Gói Gà Cay Đỏ 145g,Mì Gói,Gói,0.0,0.0,0.0,0.0,0.0,0.0,0.0,0.0,0.0,0.0,0.0,0.0,0.0,0.0,50.0,1800000.0,50.0,1800000.0,02__MGO__SAM__GCY__145,SAMYANG Mì Gói Gà Cay Đỏ 145g,,Hàng hóa,aec94f2e-8bc9-11f1-9b18-005056b2a5de,f3074f3c-1490-4eca-8a6d-39bc5bf9ef40,aea7bdfe-8bc9-11f1-9b18-005056b2a5de,211,097330eb-f92d-4b88-95a8-1a83fd3d8067,
02__MGO__SAM__HOG__130,SAMYANG Mì Gói Khô Gà Cay Hồng 130g,Mì Gói,Gói,0.0,0.0,0.0,0.0,0.0,0.0,0.0,0.0,0.0,0.0,0.0,0.0,0.0,0.0,-3.0,-108000.0,-3.0,-108000.0,02__MGO__SAM__HOG__130,SAMYANG Mì Gói Khô Gà Cay Hồng 130g,,Hàng hóa,aec95007-8bc9-11f1-9b18-005056b2a5de,9101927c-1a1b-4234-9501-4bed86203c41,aea7bdfe-8bc9-11f1-9b18-005056b2a5de,212,097330eb-f92d-4b88-95a8-1a83fd3d8067,
02__MGO__SAM__VAG__140,SAMYANG Mì Gói Khô Gà Cay Vàng 140g,Mì Gói,Gói,0.0,0.0,0.0,0.0,0.0,0.0,0.0,0.0,0.0,0.0,0.0,0.0,0.0,0.0,-3.0,-108000.0,-3.0,-108000.0,02__MGO__SAM__VAG__140,SAMYANG Mì Gói Khô Gà Cay Vàng 140g,,Hàng hóa,aec9510c-8bc9-11f1-9b18-005056b2a5de,afb81e12-3229-460b-95ba-2144024d0dcd,aea7bdfe-8bc9-11f1-9b18-005056b2a5de,213,097330eb-f92d-4b88-95a8-1a83fd3d8067,
02__MGO__SED__GCY__87,SEDAAP Mì Trộn Gà Cay Hàn Quốc Gói 87g,Mì Gói,Gói,0.0,0.0,0.0,0.0,0.0,0.0,0.0,0.0,0.0,0.0,0.0,0.0,0.0,0.0,16.0,256000.0,16.0,256000.0,02__MGO__SED__GCY__87,SEDAAP Mì Trộn Gà Cay Hàn Quốc Gói 87g,,Hàng hóa,aec951eb-8bc9-11f1-9b18-005056b2a5de,5147ad6a-0503-4c27-8e2e-123db110c210,aea7bdfe-8bc9-11f1-9b18-005056b2a5de,214,097330eb-f92d-4b88-95a8-1a83fd3d8067,
02__MGO__SED__PMI__86,SEDAAP Mì Trộn Gà Cay Phô Mai Gói 86g,Mì Gói,Gói,0.0,0.0,0.0,0.0,0.0,0.0,0.0,0.0,0.0,0.0,0.0,0.0,0.0,0.0,25.0,400000.0,25.0,400000.0,02__MGO__SED__PMI__86,SEDAAP Mì Trộn Gà Cay Phô Mai Gói 86g,,Hàng hóa,aec952ba-8bc9-11f1-9b18-005056b2a5de,71ed7cf2-8191-4c5e-889c-0a2ae19c9609,aea7bdfe-8bc9-11f1-9b18-005056b2a5de,215,097330eb-f92d-4b88-95a8-1a83fd3d8067,
02__MGO__SED__XAO__90,SEDAAP Mì Trộn Vị Mì Xào Gói 90g,Mì Gói,Gói,0.0,0.0,0.0,0.0,0.0,0.0,0.0,0.0,0.0,0.0,0.0,0.0,0.0,0.0,0.0,0.0,0.0,0.0,02__MGO__SED__XAO__90,SEDAAP Mì Trộn Vị Mì Xào Gói 90g,,Hàng hóa,aec9538d-8bc9-11f1-9b18-005056b2a5de,f41e5300-866a-46d2-b5de-e365ed0b146f,aea7bdfe-8bc9-11f1-9b18-005056b2a5de,216,097330eb-f92d-4b88-95a8-1a83fd3d8067,
02__MGO__SKY__HSN__128,ACECOOK SiuKay Mì Hải Sản Gói 128g*24,Mì Gói,Gói,1.0,24000.0,0.0,0.0,0.0,0.0,0.0,0.0,0.0,0.0,0.0,0.0,0.0,0.0,30.0,720000.0,30.0,720000.0,02__MGO__SKY__HSN__128,ACECOOK SiuKay Mì Hải Sản Gói 128g*24,,Hàng hóa,aec9546a-8bc9-11f1-9b18-005056b2a5de,838fb0fd-2d0c-4bbb-b0c5-9daa4c5a023b,aea7bdfe-8bc9-11f1-9b18-005056b2a5de,217,097330eb-f92d-4b88-95a8-1a83fd3d8067,
02__MGO__SKY__VBO__128,ACECOOK SiuKay Mì Vị Bò Gói 128g,Mì Gói,Gói,0.0,0.0,0.0,0.0,0.0,0.0,0.0,0.0,0.0,0.0,0.0,0.0,0.0,0.0,24.0,480000.0,24.0,480000.0,02__MGO__SKY__VBO__128,ACECOOK SiuKay Mì Vị Bò Gói 128g,,Hàng hóa,aec95550-8bc9-11f1-9b18-005056b2a5de,575ab54d-71e7-4b6d-af0d-793b1e590237,aea7bdfe-8bc9-11f1-9b18-005056b2a5de,218,097330eb-f92d-4b88-95a8-1a83fd3d8067,
02__MGO__YEU__CAY__120,OTOKI Mì Gói YEUL Cay 120g,Mì Gói,Gói,0.0,0.0,0.0,0.0,0.0,0.0,0.0,0.0,0.0,0.0,0.0,0.0,0.0,0.0,21.0,420000.0,21.0,420000.0,02__MGO__YEU__CAY__120,OTOKI Mì Gói YEUL Cay 120g,,Hàng hóa,aec95628-8bc9-11f1-9b18-005056b2a5de,d7b4da4c-19ef-4793-8739-b2c8ab0e8b22,aea7bdfe-8bc9-11f1-9b18-005056b2a5de,219,097330eb-f92d-4b88-95a8-1a83fd3d8067,
02__MIL__HAO__TCY__67,ACECOOK HẢO HẢO Mì Ly Tôm Chua Cay 67g,Mì Ly,Ly,3.0,54000.0,0.0,0.0,0.0,0.0,0.0,0.0,0.0,0.0,0.0,0.0,0.0,0.0,105.0,1890000.0,105.0,1890000.0,02__MIL__HAO__TCY__67,ACECOOK HẢO HẢO Mì Ly Tôm Chua Cay 67g,,Hàng hóa,aec9582a-8bc9-11f1-9b18-005056b2a5de,5259be17-00c9-4d63-993d-bf5630ae3cac,aea7bdfe-8bc9-11f1-9b18-005056b2a5de,220,0a0154e9-97da-471f-a528-3620c35b3e76,
02__MIL__KOK__CAY__65,KOKOMI Mì Ly Tôm Chua Cay 65g*24,Mì Ly,Ly,1.0,12000.0,0.0,0.0,0.0,0.0,0.0,0.0,0.0,0.0,0.0,0.0,0.0,0.0,39.0,468000.0,39.0,468000.0,02__MIL__KOK__CAY__65,KOKOMI Mì Ly Tôm Chua Cay 65g*24,,Hàng hóa,aec95910-8bc9-11f1-9b18-005056b2a5de,19d24afb-4802-4955-9611-4c1752b947cd,aea7bdfe-8bc9-11f1-9b18-005056b2a5de,221,0a0154e9-97da-471f-a528-3620c35b3e76,
02__MIL__KOK__THT__90,KOKOMI 90 Mì Ly Có Cây Thịt 90g*24,Mì Ly,Ly,0.0,0.0,0.0,0.0,0.0,0.0,0.0,0.0,0.0,0.0,0.0,0.0,0.0,0.0,0.0,0.0,0.0,0.0,02__MIL__KOK__THT__90,KOKOMI 90 Mì Ly Có Cây Thịt 90g*24,,Hàng hóa,aec959fe-8bc9-11f1-9b18-005056b2a5de,971d4f03-ee67-4750-afc5-30170fffca02,aea7bdfe-8bc9-11f1-9b18-005056b2a5de,222,0a0154e9-97da-471f-a528-3620c35b3e76,
02__MIL__KOR__BXO__65,KORENO Mì Xào Vị Bò Xào Ly 65g,Mì Ly,Ly,0.0,0.0,0.0,0.0,0.0,0.0,0.0,0.0,0.0,0.0,0.0,0.0,0.0,0.0,28.0,504000.0,28.0,504000.0,02__MIL__KOR__BXO__65,KORENO Mì Xào Vị Bò Xào Ly 65g,,Hàng hóa,aec95ae4-8bc9-11f1-9b18-005056b2a5de,24a09840-3340-484f-9165-a5361817cb03,aea7bdfe-8bc9-11f1-9b18-005056b2a5de,223,0a0154e9-97da-471f-a528-3620c35b3e76,
02__MIL__KOR__DEN__68,KORENO Mì Trộn Tương Đen Ly 68g,Mì Ly,Ly,0.0,0.0,0.0,0.0,0.0,0.0,0.0,0.0,0.0,0.0,0.0,0.0,0.0,0.0,55.0,990000.0,55.0,990000.0,02__MIL__KOR__DEN__68,KORENO Mì Trộn Tương Đen Ly 68g,,Hàng hóa,aec95c2b-8bc9-11f1-9b18-005056b2a5de,a0e5aa6b-1333-45f7-9e89-40608ea13554,aea7bdfe-8bc9-11f1-9b18-005056b2a5de,224,0a0154e9-97da-471f-a528-3620c35b3e76,
02__MIL__KOR__LTI__65,KORENO Mì Lẩu Thái Ly 65g,Mì Ly,Ly,0.0,0.0,0.0,0.0,0.0,0.0,0.0,0.0,0.0,0.0,0.0,0.0,0.0,0.0,20.0,360000.0,20.0,360000.0,02__MIL__KOR__LTI__65,KORENO Mì Lẩu Thái Ly 65g,,Hàng hóa,aec95d2c-8bc9-11f1-9b18-005056b2a5de,b3ada2a5-2c7f-4b47-a211-bba1b3b6e1ab,aea7bdfe-8bc9-11f1-9b18-005056b2a5de,225,0a0154e9-97da-471f-a528-3620c35b3e76,
02__MIL__KOR__PMI__65,KORENO M.X Vị Bò Phô Mai Cay Ly 65g,Mì Ly,Bịch,0.0,0.0,0.0,0.0,0.0,0.0,0.0,0.0,0.0,0.0,0.0,0.0,0.0,0.0,45.0,810000.0,45.0,810000.0,02__MIL__KOR__PMI__65,KORENO M.X Vị Bò Phô Mai Cay Ly 65g,,Hàng hóa,aec95e19-8bc9-11f1-9b18-005056b2a5de,235efc82-aa6a-4fee-9bdd-a1fda99d472a,aea7bdfe-8bc9-11f1-9b18-005056b2a5de,226,097330eb-f92d-4b88-95a8-1a83fd3d8011,
02__MIL__MAM__TBM__60,MAMA Mì Ly Thịt Bằm 60g,Mì Ly,Ly,0.0,0.0,0.0,0.0,0.0,0.0,0.0,0.0,0.0,0.0,0.0,0.0,0.0,0.0,0.0,0.0,0.0,0.0,02__MIL__MAM__TBM__60,MAMA Mì Ly Thịt Bằm 60g,,Hàng hóa,aec95ef9-8bc9-11f1-9b18-005056b2a5de,f7139822-656f-4623-b929-5ad5c613beb5,aea7bdfe-8bc9-11f1-9b18-005056b2a5de,227,0a0154e9-97da-471f-a528-3620c35b3e76,
02__MIL__MAM__TYM__60,MAMA Mì Ly TomYum 60g,Mì Ly,Ly,0.0,0.0,0.0,0.0,0.0,0.0,0.0,0.0,0.0,0.0,0.0,0.0,0.0,0.0,1.0,30000.0,1.0,30000.0,02__MIL__MAM__TYM__60,MAMA Mì Ly TomYum 60g,,Hàng hóa,aec95fec-8bc9-11f1-9b18-005056b2a5de,797ae5d6-0139-491f-aecb-5337895cfe22,aea7bdfe-8bc9-11f1-9b18-005056b2a5de,228,0a0154e9-97da-471f-a528-3620c35b3e76,
02__MIL__MOD__BKY__66,ACECOOK MODERN Xtreme Mì Ly Bò Kay 66g,Mì Ly,Ly,0.0,0.0,0.0,0.0,0.0,0.0,0.0,0.0,0.0,0.0,0.0,0.0,0.0,0.0,68.0,1020000.0,68.0,1020000.0,02__MIL__MOD__BKY__66,ACECOOK MODERN Xtreme Mì Ly Bò Kay 66g,,Hàng hóa,aec9611b-8bc9-11f1-9b18-005056b2a5de,dd07d3b3-e94b-45d7-b533-1a30964694ae,aea7bdfe-8bc9-11f1-9b18-005056b2a5de,229,0a0154e9-97da-471f-a528-3620c35b3e76,
02__MIL__MOD__KCI__66,ACECOOK MODERN Xtreme Mì Ly Vị Kim Chi 66g,Mì Ly,Ly,0.0,0.0,0.0,0.0,0.0,0.0,0.0,0.0,0.0,0.0,0.0,0.0,0.0,0.0,2.0,24000.0,2.0,24000.0,02__MIL__MOD__KCI__66,ACECOOK MODERN Xtreme Mì Ly Vị Kim Chi 66g,,Hàng hóa,aec9620c-8bc9-11f1-9b18-005056b2a5de,adc45ae9-fe89-4ba2-8f73-86088de32378,aea7bdfe-8bc9-11f1-9b18-005056b2a5de,230,0a0154e9-97da-471f-a528-3620c35b3e76,
02__MIL__MOD__LTT__67,ACECOOK MODERN Mì Ly Lẩu Thái Tôm 67g,Mì Ly,Ly,1.0,15000.0,0.0,0.0,0.0,0.0,0.0,0.0,0.0,0.0,0.0,0.0,0.0,0.0,58.0,870000.0,58.0,870000.0,02__MIL__MOD__LTT__67,ACECOOK MODERN Mì Ly Lẩu Thái Tôm 67g,,Hàng hóa,aec962e2-8bc9-11f1-9b18-005056b2a5de,f4df8b62-1088-4f7d-96fb-14f5710a1560,aea7bdfe-8bc9-11f1-9b18-005056b2a5de,231,0a0154e9-97da-471f-a528-3620c35b3e76,
02__MIL__NIS__TYM__70,NISSIN Mì Ly Thái Tom Yum 70g,Mì Ly,Ly,0.0,0.0,0.0,0.0,0.0,0.0,0.0,0.0,0.0,0.0,0.0,0.0,0.0,0.0,0.0,0.0,0.0,0.0,02__MIL__NIS__TYM__70,NISSIN Mì Ly Thái Tom Yum 70g,,Hàng hóa,aec963bc-8bc9-11f1-9b18-005056b2a5de,8efda1f0-8b78-4a5c-96b7-686454155b2a,aea7bdfe-8bc9-11f1-9b18-005056b2a5de,232,0a0154e9-97da-471f-a528-3620c35b3e76,
02__MIL__NSM__RED__68,NONGSHIM Mì Ly Shin Red Super 68g,Mì Ly,Ly,0.0,0.0,0.0,0.0,0.0,0.0,0.0,0.0,0.0,0.0,0.0,0.0,0.0,0.0,16.0,480000.0,16.0,480000.0,02__MIL__NSM__RED__68,NONGSHIM Mì Ly Shin Red Super 68g,,Hàng hóa,aec964c4-8bc9-11f1-9b18-005056b2a5de,1cf9860c-f261-4a58-a6ea-ae675dcb2ba3,aea7bdfe-8bc9-11f1-9b18-005056b2a5de,233,0a0154e9-97da-471f-a528-3620c35b3e76,
02__MIL__NSM__SHN,NONGSHIM Mì Ly Shin 68g,Mì Ly,Ly,0.0,0.0,0.0,0.0,0.0,0.0,0.0,0.0,0.0,0.0,0.0,0.0,0.0,0.0,1.0,35000.0,1.0,35000.0,02__MIL__NSM__SHN,NONGSHIM Mì Ly Shin 68g,,Hàng hóa,aec9659d-8bc9-11f1-9b18-005056b2a5de,6c49e1e9-44af-491f-87f8-4ed91ab9b64c,aea7bdfe-8bc9-11f1-9b18-005056b2a5de,234,0a0154e9-97da-471f-a528-3620c35b3e76,
02__MIL__NSM__SHN__68,NONGSHIM Mì Ly Shin 68g,Mì Ly,Ly,0.0,0.0,0.0,0.0,0.0,0.0,0.0,0.0,0.0,0.0,0.0,0.0,0.0,0.0,-6.0,-150000.0,-6.0,-150000.0,02__MIL__NSM__SHN__68,NONGSHIM Mì Ly Shin 68g,,Hàng hóa,aec96679-8bc9-11f1-9b18-005056b2a5de,0c3a7776-5245-42d1-9317-ddd179fd5c92,aea7bdfe-8bc9-11f1-9b18-005056b2a5de,235,0a0154e9-97da-471f-a528-3620c35b3e76,
02__MIL__OMA__BOO__113,OMACHI Mì Ly Xốt Bò Hầm Có Cây Thịt 113g*24,Mì Ly,Ly,0.0,0.0,0.0,0.0,0.0,0.0,0.0,0.0,0.0,0.0,0.0,0.0,0.0,0.0,16.0,400000.0,16.0,400000.0,02__MIL__OMA__BOO__113,OMACHI Mì Ly Xốt Bò Hầm Có Cây Thịt 113g*24,,Hàng hóa,aec9675f-8bc9-11f1-9b18-005056b2a5de,6d55b31a-1c89-48da-b3f3-f019ec326fd0,aea7bdfe-8bc9-11f1-9b18-005056b2a5de,236,0a0154e9-97da-471f-a528-3620c35b3e76,
02__MIL__OMA__BOO__69,OMACHI Mì Ly Xốt Bò Hầm 69g*24,Mì Ly,Ly,1.0,18000.0,0.0,0.0,0.0,0.0,0.0,0.0,0.0,0.0,0.0,0.0,0.0,0.0,57.0,1026000.0,57.0,1026000.0,02__MIL__OMA__BOO__69,OMACHI Mì Ly Xốt Bò Hầm 69g*24,,Hàng hóa,aec96848-8bc9-11f1-9b18-005056b2a5de,33367770-a01a-4fab-ab6d-46e4dd5dbe5b,aea7bdfe-8bc9-11f1-9b18-005056b2a5de,237,0a0154e9-97da-471f-a528-3620c35b3e76,
02__MIL__OMA__LTC__112,OMACHI Mì Ly Lẩu Tôm Càng Có Cây Thịt 112g*24,Mì Ly,Ly,0.0,0.0,0.0,0.0,0.0,0.0,0.0,0.0,0.0,0.0,0.0,0.0,0.0,0.0,8.0,200000.0,8.0,200000.0,02__MIL__OMA__LTC__112,OMACHI Mì Ly Lẩu Tôm Càng Có Cây Thịt 112g*24,,Hàng hóa,aec9693c-8bc9-11f1-9b18-005056b2a5de,4414af6b-3769-4be5-8f27-5498b1460bf1,aea7bdfe-8bc9-11f1-9b18-005056b2a5de,238,0a0154e9-97da-471f-a528-3620c35b3e76,
02__MIL__OMA__LTC__67,OMACHI Mì Ly Lẩu Tôm Càng 67g*24,Mì Ly,Ly,0.0,0.0,0.0,0.0,0.0,0.0,0.0,0.0,0.0,0.0,0.0,0.0,0.0,0.0,32.0,576000.0,32.0,576000.0,02__MIL__OMA__LTC__67,OMACHI Mì Ly Lẩu Tôm Càng 67g*24,,Hàng hóa,aec96a59-8bc9-11f1-9b18-005056b2a5de,af930aeb-9a67-483c-9794-3f0b58473ed0,aea7bdfe-8bc9-11f1-9b18-005056b2a5de,239,0a0154e9-97da-471f-a528-3620c35b3e76,
02__MIL__OMA__S5Q__70,OMACHI Mì Ly Sườn Hầm Ngủ Quả 70g*24,Mì Ly,Ly,0.0,0.0,0.0,0.0,0.0,0.0,0.0,0.0,0.0,0.0,0.0,0.0,0.0,0.0,50.0,900000.0,50.0,900000.0,02__MIL__OMA__S5Q__70,OMACHI Mì Ly Sườn Hầm Ngủ Quả 70g*24,,Hàng hóa,aec96b96-8bc9-11f1-9b18-005056b2a5de,6f5cb659-62b5-488c-bfe1-19d6bb9f1a00,aea7bdfe-8bc9-11f1-9b18-005056b2a5de,240,0a0154e9-97da-471f-a528-3620c35b3e76,
02__MIL__OMA__THT__115,OMACHI Mì Ly Sườn Hầm Ngủ Quả Có Cây Thịt 115g*24,Mì Ly,Ly,0.0,0.0,0.0,0.0,0.0,0.0,0.0,0.0,0.0,0.0,0.0,0.0,0.0,0.0,0.0,0.0,0.0,0.0,02__MIL__OMA__THT__115,OMACHI Mì Ly Sườn Hầm Ngủ Quả Có Cây Thịt 115g*24,,Hàng hóa,aec96c9d-8bc9-11f1-9b18-005056b2a5de,3d2b3607-f35d-47a5-8ac6-0d8893e2b93d,aea7bdfe-8bc9-11f1-9b18-005056b2a5de,241,0a0154e9-97da-471f-a528-3620c35b3e76,
02__MIL__OTT__TDN__70,OTTOGI Mì Ly Xốt Tương Đen Jin jjajang 70g,Mì Ly,Ly,0.0,0.0,0.0,0.0,0.0,0.0,0.0,0.0,0.0,0.0,0.0,0.0,0.0,0.0,0.0,0.0,0.0,0.0,02__MIL__OTT__TDN__70,OTTOGI Mì Ly Xốt Tương Đen Jin jjajang 70g,,Hàng hóa,aec96d98-8bc9-11f1-9b18-005056b2a5de,e6451bbe-55f2-49d1-97ba-f9d5e742b0c4,aea7bdfe-8bc9-11f1-9b18-005056b2a5de,242,0a0154e9-97da-471f-a528-3620c35b3e76,
02__MIL__SAM__GCY__70,SAMYANG Mì Ly Khô Gà Cay Đen 70g,Mì Ly,Ly,0.0,0.0,0.0,0.0,0.0,0.0,0.0,0.0,0.0,0.0,0.0,0.0,0.0,0.0,6.0,228000.0,6.0,228000.0,02__MIL__SAM__GCY__70,SAMYANG Mì Ly Khô Gà Cay Đen 70g,,Hàng hóa,aec96ee8-8bc9-11f1-9b18-005056b2a5de,6b680b71-6b76-4e41-8520-0c1abd85a1e9,aea7bdfe-8bc9-11f1-9b18-005056b2a5de,243,0a0154e9-97da-471f-a528-3620c35b3e76,
02__MIL__SAM__NAR__80,SAMYANG Mì Ly Khô Gà Cay NARA Hồng 80g,Mì Ly,Ly,1.0,40000.0,0.0,0.0,0.0,0.0,0.0,0.0,0.0,0.0,0.0,0.0,0.0,0.0,-18.0,-720000.0,-18.0,-720000.0,02__MIL__SAM__NAR__80,SAMYANG Mì Ly Khô Gà Cay NARA Hồng 80g,,Hàng hóa,aec96fe2-8bc9-11f1-9b18-005056b2a5de,e792ec3e-9075-48cb-88fd-8258c1c11831,aea7bdfe-8bc9-11f1-9b18-005056b2a5de,244,0a0154e9-97da-471f-a528-3620c35b3e76,
02__MIL__SAM__PMI__70,SAMYANG Mì Ly Khô Phô Mai Vàng 70g,Mì Ly,Ly,0.0,0.0,0.0,0.0,0.0,0.0,0.0,0.0,0.0,0.0,0.0,0.0,0.0,0.0,3.0,120000.0,3.0,120000.0,02__MIL__SAM__PMI__70,SAMYANG Mì Ly Khô Phô Mai Vàng 70g,,Hàng hóa,aec970dc-8bc9-11f1-9b18-005056b2a5de,12eac41d-7f9b-44f2-afb8-fcdea8dca7a8,aea7bdfe-8bc9-11f1-9b18-005056b2a5de,245,0a0154e9-97da-471f-a528-3620c35b3e76,
02__MIL__VIF__CUA__90,VIFON Mì Trộn Cua Xốt Me Ly 90g,Mì Ly,Ly,0.0,0.0,0.0,0.0,0.0,0.0,0.0,0.0,0.0,0.0,0.0,0.0,0.0,0.0,37.0,740000.0,37.0,740000.0,02__MIL__VIF__CUA__90,VIFON Mì Trộn Cua Xốt Me Ly 90g,,Hàng hóa,aec971d4-8bc9-11f1-9b18-005056b2a5de,7bf7c4a1-2b8c-4bb0-9e6a-a071e3b69e1e,aea7bdfe-8bc9-11f1-9b18-005056b2a5de,246,0a0154e9-97da-471f-a528-3620c35b3e76,
02__MIL__VIF__GCY__115,VIFON Mì Trộn Sốt Gà Cay Ly 115g,Mì Ly,Ly,0.0,0.0,0.0,0.0,0.0,0.0,0.0,0.0,0.0,0.0,0.0,0.0,0.0,0.0,19.0,684000.0,19.0,684000.0,02__MIL__VIF__GCY__115,VIFON Mì Trộn Sốt Gà Cay Ly 115g,,Hàng hóa,aec972cc-8bc9-11f1-9b18-005056b2a5de,d27cd293-aa2a-4884-b7ae-f022c09e4235,aea7bdfe-8bc9-11f1-9b18-005056b2a5de,247,0a0154e9-97da-471f-a528-3620c35b3e76,
02__MIL__VIF__TEX__115,VIFON MÌ Trộn Bò Texas Ly 115g,Mì Ly,Ly,0.0,0.0,0.0,0.0,0.0,0.0,0.0,0.0,0.0,0.0,0.0,0.0,0.0,0.0,23.0,736000.0,23.0,736000.0,02__MIL__VIF__TEX__115,VIFON MÌ Trộn Bò Texas Ly 115g,,Hàng hóa,aec973c1-8bc9-11f1-9b18-005056b2a5de,db3d0e4f-ec37-4815-b13d-54059eff2d30,aea7bdfe-8bc9-11f1-9b18-005056b2a5de,248,0a0154e9-97da-471f-a528-3620c35b3e76,
02__MNG__CSU__GAA__62,CHINSU Story Miến Gà Lá Chanh Gói 62g,Miến Gói,Gói,0.0,0.0,0.0,0.0,0.0,0.0,0.0,0.0,0.0,0.0,0.0,0.0,0.0,0.0,7.0,91000.0,7.0,91000.0,02__MNG__CSU__GAA__62,CHINSU Story Miến Gà Lá Chanh Gói 62g,,Hàng hóa,aec974b6-8bc9-11f1-9b18-005056b2a5de,d235a247-ec15-4be5-9c56-1c8250349b66,aea7bdfe-8bc9-11f1-9b18-005056b2a5de,249,097330eb-f92d-4b88-95a8-1a83fd3d8067,
02__MNG__PHG__HEO__55,ACECOOK Miến Phú Hương Sườn Heo Gói 55g,Miến Gói,Gói,0.0,0.0,0.0,0.0,0.0,0.0,0.0,0.0,0.0,0.0,0.0,0.0,0.0,0.0,12.0,192000.0,12.0,192000.0,02__MNG__PHG__HEO__55,ACECOOK Miến Phú Hương Sườn Heo Gói 55g,,Hàng hóa,aec976eb-8bc9-11f1-9b18-005056b2a5de,8df27c15-ee11-48c8-ace2-3012a2289f72,aea7bdfe-8bc9-11f1-9b18-005056b2a5de,250,097330eb-f92d-4b88-95a8-1a83fd3d8067,
02__MNG__PHG__LTT__60,ACECOOK Miến Phú Hương Lẩu Thái Tôm Gói 60g,Miến Gói,Gói,0.0,0.0,0.0,0.0,0.0,0.0,0.0,0.0,0.0,0.0,0.0,0.0,0.0,0.0,27.0,432000.0,27.0,432000.0,02__MNG__PHG__LTT__60,ACECOOK Miến Phú Hương Lẩu Thái Tôm Gói 60g,,Hàng hóa,aec977e6-8bc9-11f1-9b18-005056b2a5de,ecf62208-cc73-4609-8f4e-07ad723db987,aea7bdfe-8bc9-11f1-9b18-005056b2a5de,251,097330eb-f92d-4b88-95a8-1a83fd3d8067,
02__MNG__PHG__TBM__55,ACECOOK Miến Phú Hương Thịt Bằm Gói 55g,Miến Gói,Gói,0.0,0.0,0.0,0.0,0.0,0.0,0.0,0.0,0.0,0.0,0.0,0.0,0.0,0.0,18.0,288000.0,18.0,288000.0,02__MNG__PHG__TBM__55,ACECOOK Miến Phú Hương Thịt Bằm Gói 55g,,Hàng hóa,aec9792d-8bc9-11f1-9b18-005056b2a5de,e58de060-8cfa-4d86-9986-70bad66564bc,aea7bdfe-8bc9-11f1-9b18-005056b2a5de,252,097330eb-f92d-4b88-95a8-1a83fd3d8067,
02__MNT__NHO__HEO__64,ACECOOK NHỚ Miến Sườn Heo Tô 64g,Miến Tô,Tô,0.0,0.0,0.0,0.0,0.0,0.0,0.0,0.0,0.0,0.0,0.0,0.0,0.0,0.0,12.0,336000.0,12.0,336000.0,02__MNT__NHO__HEO__64,ACECOOK NHỚ Miến Sườn Heo Tô 64g,,Hàng hóa,aec97a25-8bc9-11f1-9b18-005056b2a5de,a4da1000-a95b-4c02-a4a7-9e2e836468d1,aea7bdfe-8bc9-11f1-9b18-005056b2a5de,253,b6482b1f-e8c5-4921-ad59-6b055022c7e2,
02__MTO__CDH__TMI__90,CUNG ĐÌNH Kool Mì Tô Trứng Muối 90g,Mì Tô,Tô,0.0,0.0,0.0,0.0,0.0,0.0,0.0,0.0,0.0,0.0,0.0,0.0,0.0,0.0,0.0,0.0,0.0,0.0,02__MTO__CDH__TMI__90,CUNG ĐÌNH Kool Mì Tô Trứng Muối 90g,,Hàng hóa,aec97b2d-8bc9-11f1-9b18-005056b2a5de,2e9e2a9d-7317-4802-81d2-26030d2fde43,aea7bdfe-8bc9-11f1-9b18-005056b2a5de,254,b6482b1f-e8c5-4921-ad59-6b055022c7e2,
02__MTO__KOO__BBQ__105,CUNG ĐÌNH Kool Mì Tô Trộn BBQ 105g,Mì Tô,Tô,2.0,44000.0,0.0,0.0,0.0,0.0,0.0,0.0,0.0,0.0,0.0,0.0,0.0,0.0,13.0,286000.0,13.0,286000.0,02__MTO__KOO__BBQ__105,CUNG ĐÌNH Kool Mì Tô Trộn BBQ 105g,,Hàng hóa,aec97c77-8bc9-11f1-9b18-005056b2a5de,79290a43-da42-4903-8680-718764145f93,aea7bdfe-8bc9-11f1-9b18-005056b2a5de,255,b6482b1f-e8c5-4921-ad59-6b055022c7e2,
02__MTO__KOO__SPA__105,CUNG ĐÌNH Kool Mì Tô Trộn Spaghetti 105g,Mì Tô,Tô,2.0,44000.0,0.0,0.0,0.0,0.0,0.0,0.0,0.0,0.0,0.0,0.0,0.0,0.0,13.0,286000.0,13.0,286000.0,02__MTO__KOO__SPA__105,CUNG ĐÌNH Kool Mì Tô Trộn Spaghetti 105g,,Hàng hóa,aec97dab-8bc9-11f1-9b18-005056b2a5de,1da573af-36a9-4bf6-a383-667890a25aae,aea7bdfe-8bc9-11f1-9b18-005056b2a5de,256,b6482b1f-e8c5-4921-ad59-6b055022c7e2,
02__MTO__KOO__TCC__85,CUNG ĐÌNH Mì Tô Lẩu Tôm Chua Cay 85g,Mì Tô,Tô,0.0,0.0,0.0,0.0,0.0,0.0,0.0,0.0,0.0,0.0,0.0,0.0,0.0,0.0,2.0,40000.0,2.0,40000.0,02__MTO__KOO__TCC__85,CUNG ĐÌNH Mì Tô Lẩu Tôm Chua Cay 85g,,Hàng hóa,aec97eae-8bc9-11f1-9b18-005056b2a5de,6724d324-5a00-4732-a210-625358dd2df0,aea7bdfe-8bc9-11f1-9b18-005056b2a5de,257,b6482b1f-e8c5-4921-ad59-6b055022c7e2,
02__MTO__MIL__HSN__1,MILIKET Mì Tô Trộn Hải Sản HQ,Mì Tô,Tô,0.0,0.0,0.0,0.0,0.0,0.0,0.0,0.0,0.0,0.0,0.0,0.0,0.0,0.0,0.0,0.0,0.0,0.0,02__MTO__MIL__HSN__1,MILIKET Mì Tô Trộn Hải Sản HQ,,Hàng hóa,aec97fae-8bc9-11f1-9b18-005056b2a5de,9a3b0edc-f8c8-4843-ac90-6bdaf56afd2c,aea7bdfe-8bc9-11f1-9b18-005056b2a5de,258,b6482b1f-e8c5-4921-ad59-6b055022c7e2,
02__MTO__MIL__PMI__1,MILIKET Mì Tô Trộn Phô Mai HQ,Mì Tô,Tô,0.0,0.0,0.0,0.0,0.0,0.0,0.0,0.0,0.0,0.0,0.0,0.0,0.0,0.0,0.0,0.0,0.0,0.0,02__MTO__MIL__PMI__1,MILIKET Mì Tô Trộn Phô Mai HQ,,Hàng hóa,aec980a3-8bc9-11f1-9b18-005056b2a5de,921375e9-948d-4a2d-9f3d-4c6a7c7584e1,aea7bdfe-8bc9-11f1-9b18-005056b2a5de,259,b6482b1f-e8c5-4921-ad59-6b055022c7e2,
02__MTO__NHO__LTT__84,ACECOOK NHỚ Mì Lẩu Thái Tô 84g,Mì Tô,Tô,0.0,0.0,0.0,0.0,0.0,0.0,0.0,0.0,0.0,0.0,0.0,0.0,0.0,0.0,35.0,875000.0,35.0,875000.0,02__MTO__NHO__LTT__84,ACECOOK NHỚ Mì Lẩu Thái Tô 84g,,Hàng hóa,aec9819f-8bc9-11f1-9b18-005056b2a5de,fe91d7ff-38f3-43c3-bd7e-31e6b72c5a17,aea7bdfe-8bc9-11f1-9b18-005056b2a5de,260,b6482b1f-e8c5-4921-ad59-6b055022c7e2,
02__MTO__NSM__CHA__123,NONGSHIM Mì Tô CHAPAGETI 123g,Mì Tô,Tô,0.0,0.0,0.0,0.0,0.0,0.0,0.0,0.0,0.0,0.0,0.0,0.0,0.0,0.0,0.0,0.0,0.0,0.0,02__MTO__NSM__CHA__123,NONGSHIM Mì Tô CHAPAGETI 123g,,Hàng hóa,aec98295-8bc9-11f1-9b18-005056b2a5de,de117559-b841-4331-a200-360237a35fda,aea7bdfe-8bc9-11f1-9b18-005056b2a5de,261,b6482b1f-e8c5-4921-ad59-6b055022c7e2,
02__MTO__NSM__CHI__100,NONGSHIM Mì Tô Spicy Chicken Flavour 100g,Mì Tô,Tô,0.0,0.0,0.0,0.0,0.0,0.0,0.0,0.0,0.0,0.0,0.0,0.0,0.0,0.0,-4.0,-152000.0,-4.0,-152000.0,02__MTO__NSM__CHI__100,NONGSHIM Mì Tô Spicy Chicken Flavour 100g,,Hàng hóa,aec9838c-8bc9-11f1-9b18-005056b2a5de,9546c28c-14ae-4f00-94e1-05fef41678d3,aea7bdfe-8bc9-11f1-9b18-005056b2a5de,262,b6482b1f-e8c5-4921-ad59-6b055022c7e2,
02__MTO__NSM__HOT__100,NONGSHIM Mì Tô Hot & Spicy 100g,Mì Tô,Tô,0.0,0.0,0.0,0.0,0.0,0.0,0.0,0.0,0.0,0.0,0.0,0.0,0.0,0.0,4.0,152000.0,4.0,152000.0,02__MTO__NSM__HOT__100,NONGSHIM Mì Tô Hot & Spicy 100g,,Hàng hóa,aec9848a-8bc9-11f1-9b18-005056b2a5de,cf96d0d8-04ee-4a6b-b31b-b45de24a9caf,aea7bdfe-8bc9-11f1-9b18-005056b2a5de,263,b6482b1f-e8c5-4921-ad59-6b055022c7e2,
02__MTO__NSM__MDO__114,NONGSHIM Mì Tô Shin 114g,Mì Tô,Tô,0.0,0.0,0.0,0.0,0.0,0.0,0.0,0.0,0.0,0.0,0.0,0.0,0.0,0.0,-26.0,-1040000.0,-26.0,-1040000.0,02__MTO__NSM__MDO__114,NONGSHIM Mì Tô Shin 114g,,Hàng hóa,aec98581-8bc9-11f1-9b18-005056b2a5de,3dbc9a33-7978-4b42-8117-87153c81692e,aea7bdfe-8bc9-11f1-9b18-005056b2a5de,264,b6482b1f-e8c5-4921-ad59-6b055022c7e2,
02__MTO__OMA__BBC__105,OMACHI Mì Tô Trộn Xốt Spaghetti Bò Bằm Cà Chua 105g*12,Mì Tô,Tô,0.0,0.0,0.0,0.0,0.0,0.0,0.0,0.0,0.0,0.0,0.0,0.0,0.0,0.0,32.0,832000.0,32.0,832000.0,02__MTO__OMA__BBC__105,OMACHI Mì Tô Trộn Xốt Spaghetti Bò Bằm Cà Chua 105g*12,,Hàng hóa,aec98678-8bc9-11f1-9b18-005056b2a5de,2bd4d1d5-1aa8-44cb-9181-a5b75f7c2b6d,aea7bdfe-8bc9-11f1-9b18-005056b2a5de,265,b6482b1f-e8c5-4921-ad59-6b055022c7e2,
02__MTO__OMA__BHA__96,OMACHI Mì Tô Xốt Bò Hầm 96g*18,Mì Tô,Tô,1.0,24000.0,0.0,0.0,0.0,0.0,0.0,0.0,0.0,0.0,0.0,0.0,0.0,0.0,28.0,672000.0,28.0,672000.0,02__MTO__OMA__BHA__96,OMACHI Mì Tô Xốt Bò Hầm 96g*18,,Hàng hóa,aec9876e-8bc9-11f1-9b18-005056b2a5de,65dd8472-a543-4f74-bc90-c8a3709a7b4d,aea7bdfe-8bc9-11f1-9b18-005056b2a5de,266,b6482b1f-e8c5-4921-ad59-6b055022c7e2,
02__MTO__OMA__CXO__96,OMACHI Mì Tô Cua Xốt Ớt 96g*12,Mì Tô,Tô,0.0,0.0,0.0,0.0,0.0,0.0,0.0,0.0,0.0,0.0,0.0,0.0,0.0,0.0,36.0,936000.0,36.0,936000.0,02__MTO__OMA__CXO__96,OMACHI Mì Tô Cua Xốt Ớt 96g*12,,Hàng hóa,aec98863-8bc9-11f1-9b18-005056b2a5de,55b82c71-a97a-4346-883a-36141227ba69,aea7bdfe-8bc9-11f1-9b18-005056b2a5de,267,b6482b1f-e8c5-4921-ad59-6b055022c7e2,
02__MTO__OMA__PMI__105,OMACHI Mì Tô Trộn Tôm Phô Mai Trứng Muối 105g*12,Mì Tô,Tô,0.0,0.0,0.0,0.0,0.0,0.0,0.0,0.0,0.0,0.0,0.0,0.0,0.0,0.0,31.0,744000.0,31.0,744000.0,02__MTO__OMA__PMI__105,OMACHI Mì Tô Trộn Tôm Phô Mai Trứng Muối 105g*12,,Hàng hóa,aec98958-8bc9-11f1-9b18-005056b2a5de,0546d881-7e2c-4b4f-be9f-011ab40e40a6,aea7bdfe-8bc9-11f1-9b18-005056b2a5de,268,b6482b1f-e8c5-4921-ad59-6b055022c7e2,
02__MTO__OMA__S5Q__96,OMACHI Mì Tô Sườn Hầm Ngủ Quả 96g*18,Mì Tô,Tô,1.0,24000.0,0.0,0.0,0.0,0.0,0.0,0.0,0.0,0.0,0.0,0.0,0.0,0.0,39.0,936000.0,39.0,936000.0,02__MTO__OMA__S5Q__96,OMACHI Mì Tô Sườn Hầm Ngủ Quả 96g*18,,Hàng hóa,aec98a53-8bc9-11f1-9b18-005056b2a5de,0b80cf75-7ac3-44b2-b26e-47274f718597,aea7bdfe-8bc9-11f1-9b18-005056b2a5de,269,b6482b1f-e8c5-4921-ad59-6b055022c7e2,
02__MTO__OMA__TXN__104,OMACHI Mì Tô Trộn Thịt Xiên Nướng 104g*12,Mì Tô,Tô,0.0,0.0,0.0,0.0,0.0,0.0,0.0,0.0,0.0,0.0,0.0,0.0,0.0,0.0,29.0,754000.0,29.0,754000.0,02__MTO__OMA__TXN__104,OMACHI Mì Tô Trộn Thịt Xiên Nướng 104g*12,,Hàng hóa,aec98b4a-8bc9-11f1-9b18-005056b2a5de,c6f6a37f-07d1-42d7-98a6-18e54319d073,aea7bdfe-8bc9-11f1-9b18-005056b2a5de,270,b6482b1f-e8c5-4921-ad59-6b055022c7e2,
02__MTO__OTO__DEN__115,OTOKI MÌ Tô Xốt Tương Đen 115g,Mì Tô,Tô,0.0,0.0,0.0,0.0,0.0,0.0,0.0,0.0,0.0,0.0,0.0,0.0,0.0,0.0,-4.0,-136000.0,-4.0,-136000.0,02__MTO__OTO__DEN__115,OTOKI MÌ Tô Xốt Tương Đen 115g,,Hàng hóa,aec98c3e-8bc9-11f1-9b18-005056b2a5de,a406169e-88d0-4f1d-be17-c8b2df609db4,aea7bdfe-8bc9-11f1-9b18-005056b2a5de,271,b6482b1f-e8c5-4921-ad59-6b055022c7e2,
02__MTO__OTO__KCI__105,OTOKI Mì Tô Kim Chi 105g,Mì Tô,Tô,0.0,0.0,0.0,0.0,0.0,0.0,0.0,0.0,0.0,0.0,0.0,0.0,0.0,0.0,3.0,90000.0,3.0,90000.0,02__MTO__OTO__KCI__105,OTOKI Mì Tô Kim Chi 105g,,Hàng hóa,aec98f52-8bc9-11f1-9b18-005056b2a5de,3760a865-2ad0-42d1-972d-8f854608ed16,aea7bdfe-8bc9-11f1-9b18-005056b2a5de,272,b6482b1f-e8c5-4921-ad59-6b055022c7e2,
02__MTO__OTT__JIN__110,OTTOGI Mì Tô Jin Cay 110g,Mì Tô,Ly,0.0,0.0,0.0,0.0,0.0,0.0,0.0,0.0,0.0,0.0,0.0,0.0,0.0,0.0,3.0,75000.0,3.0,75000.0,02__MTO__OTT__JIN__110,OTTOGI Mì Tô Jin Cay 110g,,Hàng hóa,aec990b4-8bc9-11f1-9b18-005056b2a5de,dd834afb-ad00-4fac-b577-d7eae2266668,aea7bdfe-8bc9-11f1-9b18-005056b2a5de,273,0a0154e9-97da-471f-a528-3620c35b3e76,
02__MTO__SKY__HSN__96,ACECOOK SiuKay Mì Trộn Hải Sản Tô 96g,Mì Tô,Tô,0.0,0.0,0.0,0.0,0.0,0.0,0.0,0.0,0.0,0.0,0.0,0.0,0.0,0.0,31.0,868000.0,31.0,868000.0,02__MTO__SKY__HSN__96,ACECOOK SiuKay Mì Trộn Hải Sản Tô 96g,,Hàng hóa,aec991b6-8bc9-11f1-9b18-005056b2a5de,fe644aa9-20dc-4bc4-880f-99f2d7a213ef,aea7bdfe-8bc9-11f1-9b18-005056b2a5de,274,b6482b1f-e8c5-4921-ad59-6b055022c7e2,
02__MTO__YEU__CAY__105,OTOKI Mì Tô YEUL Cay 105g,Mì Tô,Tô,0.0,0.0,0.0,0.0,0.0,0.0,0.0,0.0,0.0,0.0,0.0,0.0,0.0,0.0,-10.0,-280000.0,-10.0,-280000.0,02__MTO__YEU__CAY__105,OTOKI Mì Tô YEUL Cay 105g,,Hàng hóa,aec9929c-8bc9-11f1-9b18-005056b2a5de,c03b38c0-554f-46bc-965b-0b886eb5a59c,aea7bdfe-8bc9-11f1-9b18-005056b2a5de,275,b6482b1f-e8c5-4921-ad59-6b055022c7e2,
02__PGI__DNT__BOO__68,ACECOOK Đệ Nhất Phở Bò Gói 68g,Phở Gói,Gói,0.0,0.0,0.0,0.0,0.0,0.0,0.0,0.0,0.0,0.0,0.0,0.0,0.0,0.0,0.0,0.0,0.0,0.0,02__PGI__DNT__BOO__68,ACECOOK Đệ Nhất Phở Bò Gói 68g,,Hàng hóa,aec9939c-8bc9-11f1-9b18-005056b2a5de,f0eabe94-3ef8-40a5-b88c-6ce49330e6e7,aea7bdfe-8bc9-11f1-9b18-005056b2a5de,276,097330eb-f92d-4b88-95a8-1a83fd3d8067,
02__PGI__DNT__GAA__67,ACECOOK Đệ Nhất Phở Gà Gói 67g,Phở Gói,Gói,0.0,0.0,0.0,0.0,0.0,0.0,0.0,0.0,0.0,0.0,0.0,0.0,0.0,0.0,0.0,0.0,0.0,0.0,02__PGI__DNT__GAA__67,ACECOOK Đệ Nhất Phở Gà Gói 67g,,Hàng hóa,aec99499-8bc9-11f1-9b18-005056b2a5de,bf002d93-ee21-4b61-9d89-bc4816898557,aea7bdfe-8bc9-11f1-9b18-005056b2a5de,277,097330eb-f92d-4b88-95a8-1a83fd3d8067,
02__PTO__NHO__BOO__74,ACECOOK NHỚ Phở Bò Tô 74g,Phở Tô,Tô,0.0,0.0,0.0,0.0,0.0,0.0,0.0,0.0,0.0,0.0,0.0,0.0,0.0,0.0,12.0,300000.0,12.0,300000.0,02__PTO__NHO__BOO__74,ACECOOK NHỚ Phở Bò Tô 74g,,Hàng hóa,aec995a5-8bc9-11f1-9b18-005056b2a5de,d1416c37-3795-4c61-9ba3-f0eef13489bf,aea7bdfe-8bc9-11f1-9b18-005056b2a5de,278,b6482b1f-e8c5-4921-ad59-6b055022c7e2,
02__TOG__OFO__PMI__140,OFOOD Tokpokki Hàn Quốc Vị Phô Mai Gói 140g,Tokpokki Gói,Gói,0.0,0.0,0.0,0.0,0.0,0.0,0.0,0.0,0.0,0.0,0.0,0.0,0.0,0.0,0.0,0.0,0.0,0.0,02__TOG__OFO__PMI__140,OFOOD Tokpokki Hàn Quốc Vị Phô Mai Gói 140g,,Hàng hóa,aec997b0-8bc9-11f1-9b18-005056b2a5de,4509ea94-7df7-4bc9-8071-505edb63f3ae,aea7bdfe-8bc9-11f1-9b18-005056b2a5de,279,097330eb-f92d-4b88-95a8-1a83fd3d8067,
02__TOG__OFO__TTG__140,OFOOD Tokpokki Hàn Quốc Vị Truyền Thống Gói 140g,Tokpokki Gói,Gói,0.0,0.0,0.0,0.0,0.0,0.0,0.0,0.0,0.0,0.0,0.0,0.0,0.0,0.0,0.0,0.0,0.0,0.0,02__TOG__OFO__TTG__140,OFOOD Tokpokki Hàn Quốc Vị Truyền Thống Gói 140g,,Hàng hóa,aec998ab-8bc9-11f1-9b18-005056b2a5de,74a8631d-7e26-4364-a6c1-fdb96fcf325d,aea7bdfe-8bc9-11f1-9b18-005056b2a5de,280,097330eb-f92d-4b88-95a8-1a83fd3d8067,
02__TOL__OFO__PMI__105,OFOOD Tokpokki Hàn Quốc Vị Phô Mai Ly 105g,Tokpokki Ly,Hộp,0.0,0.0,0.0,0.0,0.0,0.0,0.0,0.0,0.0,0.0,0.0,0.0,0.0,0.0,28.0,1092000.0,28.0,1092000.0,02__TOL__OFO__PMI__105,OFOOD Tokpokki Hàn Quốc Vị Phô Mai Ly 105g,,Hàng hóa,aec999fd-8bc9-11f1-9b18-005056b2a5de,48c8f143-171b-4f4b-9d27-831e75c322f8,aea7bdfe-8bc9-11f1-9b18-005056b2a5de,281,097330eb-f92d-4b88-95a8-1a83fd3d8064,
02__TOL__OFO__TTG__105,OFOOD Tokpokki Hàn Quốc Vị Truyền Thống Ly 105g,Tokpokki Ly,Hộp,0.0,0.0,0.0,0.0,0.0,0.0,0.0,0.0,0.0,0.0,0.0,0.0,0.0,0.0,33.0,1287000.0,33.0,1287000.0,02__TOL__OFO__TTG__105,OFOOD Tokpokki Hàn Quốc Vị Truyền Thống Ly 105g,,Hàng hóa,aec99b0b-8bc9-11f1-9b18-005056b2a5de,a5fe4c31-343c-473e-b247-64bbdcd85e9b,aea7bdfe-8bc9-11f1-9b18-005056b2a5de,282,097330eb-f92d-4b88-95a8-1a83fd3d8064,
02__XXH__HDH__PMI__500,HOA DOANH HOT DOG Xúc Xích Phô Mai 500g,,Cái,0.0,0.0,0.0,0.0,0.0,0.0,0.0,0.0,0.0,0.0,0.0,0.0,0.0,0.0,1.0,22000.0,1.0,22000.0,02__XXH__HDH__PMI__500,HOA DOANH HOT DOG Xúc Xích Phô Mai 500g,,Hàng hóa,aec99c5a-8bc9-11f1-9b18-005056b2a5de,7fa6fc4c-706c-477a-be4d-b065d1c77567,aea7bdfe-8bc9-11f1-9b18-005056b2a5de,283,097330eb-f92d-4b88-95a8-1a83fd3d8061,
02__XXH__MAS__PBB__72,MASAN Xúc Xích Heo Cao Bồi Lắc Phô Mai Bắp Bơ 72g,Xúc Xích,Hũ,0.0,0.0,0.0,0.0,0.0,0.0,0.0,0.0,0.0,0.0,0.0,0.0,0.0,0.0,2.0,30000.0,2.0,30000.0,02__XXH__MAS__PBB__72,MASAN Xúc Xích Heo Cao Bồi Lắc Phô Mai Bắp Bơ 72g,,Hàng hóa,aec99da4-8bc9-11f1-9b18-005056b2a5de,36c614fe-67b6-4465-8ae0-56f2b091cacc,aea7bdfe-8bc9-11f1-9b18-005056b2a5de,284,315cd7c9-f951-4e88-888d-9acc60b4a4fc,
02__XXH__MAS__PMI__72,MASAN Xúc Xích Heo Cao Bồi Lắc Phô Mai 72g,Xúc Xích,Hũ,0.0,0.0,0.0,0.0,0.0,0.0,0.0,0.0,0.0,0.0,0.0,0.0,0.0,0.0,1.0,15000.0,1.0,15000.0,02__XXH__MAS__PMI__72,MASAN Xúc Xích Heo Cao Bồi Lắc Phô Mai 72g,,Hàng hóa,aec99eae-8bc9-11f1-9b18-005056b2a5de,aae5d89d-bfa5-4f53-a7c6-e093f7c5f9e9,aea7bdfe-8bc9-11f1-9b18-005056b2a5de,285,315cd7c9-f951-4e88-888d-9acc60b4a4fc,
02__XXH__MAS__SPA__72,MASAN Xúc Xích Heo Cao Bồi Xốt Spaghetti 72g,Xúc Xích,Hũ,0.0,0.0,0.0,0.0,0.0,0.0,0.0,0.0,0.0,0.0,0.0,0.0,0.0,0.0,0.0,0.0,0.0,0.0,02__XXH__MAS__SPA__72,MASAN Xúc Xích Heo Cao Bồi Xốt Spaghetti 72g,,Hàng hóa,aec99fa9-8bc9-11f1-9b18-005056b2a5de,df5e4f4d-f136-4e08-a540-b41d06feec2f,aea7bdfe-8bc9-11f1-9b18-005056b2a5de,286,315cd7c9-f951-4e88-888d-9acc60b4a4fc,
02__XXH__MAS__TNG__64,MASAN Xúc Xích Heo Cao Bồi Thịt Nướng Phô Mai 64g,Xúc Xích,Hũ,0.0,0.0,0.0,0.0,0.0,0.0,0.0,0.0,0.0,0.0,0.0,0.0,0.0,0.0,0.0,0.0,0.0,0.0,02__XXH__MAS__TNG__64,MASAN Xúc Xích Heo Cao Bồi Thịt Nướng Phô Mai 64g,,Hàng hóa,aec9a0a4-8bc9-11f1-9b18-005056b2a5de,4a820029-7b89-43ae-b070-0a23e148bae5,aea7bdfe-8bc9-11f1-9b18-005056b2a5de,287,315cd7c9-f951-4e88-888d-9acc60b4a4fc,
02__XXH__MAS__TSA__72,MASAN Xúc Xích Heo Cao Bồi Xốt Tôm Sữa 72g,Xúc Xích,Hũ,0.0,0.0,0.0,0.0,0.0,0.0,0.0,0.0,0.0,0.0,0.0,0.0,0.0,0.0,0.0,0.0,0.0,0.0,02__XXH__MAS__TSA__72,MASAN Xúc Xích Heo Cao Bồi Xốt Tôm Sữa 72g,,Hàng hóa,aec9a214-8bc9-11f1-9b18-005056b2a5de,408d23bb-f2d2-4381-a5a6-5d8d7dc582a7,aea7bdfe-8bc9-11f1-9b18-005056b2a5de,288,315cd7c9-f951-4e88-888d-9acc60b4a4fc,
02__XXH__MAS__XTM__70,MASAN Xúc Xích Heo Cao Bồi Xốt Trứng Muối Hũ 70g,Xúc Xích,Hũ,0.0,0.0,0.0,0.0,0.0,0.0,0.0,0.0,0.0,0.0,0.0,0.0,0.0,0.0,0.0,0.0,0.0,0.0,02__XXH__MAS__XTM__70,MASAN Xúc Xích Heo Cao Bồi Xốt Trứng Muối Hũ 70g,,Hàng hóa,aec9a31a-8bc9-11f1-9b18-005056b2a5de,9a7f4031-4cf6-456a-b190-ef0aea181360,aea7bdfe-8bc9-11f1-9b18-005056b2a5de,289,315cd7c9-f951-4e88-888d-9acc60b4a4fc,
02__XXH__OFO__PMI__62,OFOOD Xúc Xích Xốt Phô Mai Hũ 62g,Xúc Xích,Hũ,0.0,0.0,0.0,0.0,0.0,0.0,0.0,0.0,0.0,0.0,0.0,0.0,0.0,0.0,9.0,126000.0,9.0,126000.0,02__XXH__OFO__PMI__62,OFOOD Xúc Xích Xốt Phô Mai Hũ 62g,,Hàng hóa,aec9a415-8bc9-11f1-9b18-005056b2a5de,df7f0252-1179-4e6a-961b-4cae32faae76,aea7bdfe-8bc9-11f1-9b18-005056b2a5de,290,315cd7c9-f951-4e88-888d-9acc60b4a4fc,
02__XXH__OFO__SPA__62,OFOOD Xúc Xích Xốt Spaghetti Hũ 62g,Xúc Xích,Hũ,0.0,0.0,0.0,0.0,0.0,0.0,0.0,0.0,0.0,0.0,0.0,0.0,0.0,0.0,0.0,0.0,0.0,0.0,02__XXH__OFO__SPA__62,OFOOD Xúc Xích Xốt Spaghetti Hũ 62g,,Hàng hóa,aec9a523-8bc9-11f1-9b18-005056b2a5de,883951a0-8e2b-4720-84d2-2299db405fba,aea7bdfe-8bc9-11f1-9b18-005056b2a5de,291,315cd7c9-f951-4e88-888d-9acc60b4a4fc,
02__XXH__OFO__TOK__62,OFOOD Xúc Xích Xốt Tokpokki Hũ 62g,Xúc Xích,Hũ,0.0,0.0,0.0,0.0,0.0,0.0,0.0,0.0,0.0,0.0,0.0,0.0,0.0,0.0,0.0,0.0,0.0,0.0,02__XXH__OFO__TOK__62,OFOOD Xúc Xích Xốt Tokpokki Hũ 62g,,Hàng hóa,aec9a613-8bc9-11f1-9b18-005056b2a5de,c1bf49c8-f85d-4f14-89e0-3533a4331d30,aea7bdfe-8bc9-11f1-9b18-005056b2a5de,292,315cd7c9-f951-4e88-888d-9acc60b4a4fc,
02__XXH__PON__BAP__28,PONNIE Xúc Xích Giòn Ăn Liền Vị Bắp 28g,Xúc Xích,Cái,0.0,0.0,0.0,0.0,0.0,0.0,0.0,0.0,0.0,0.0,0.0,0.0,0.0,0.0,12.0,108000.0,12.0,108000.0,02__XXH__PON__BAP__28,PONNIE Xúc Xích Giòn Ăn Liền Vị Bắp 28g,,Hàng hóa,aec9a709-8bc9-11f1-9b18-005056b2a5de,32e17b2e-27b2-43d3-aea0-5f489ce90e72,aea7bdfe-8bc9-11f1-9b18-005056b2a5de,293,097330eb-f92d-4b88-95a8-1a83fd3d8061,
02__XXH__PON__CAY__28,PONNIE Xúc Xích Giòn Ăn Liền Vị Cay 28g,Xúc Xích,Cái,2.0,18000.0,0.0,0.0,0.0,0.0,0.0,0.0,0.0,0.0,0.0,0.0,0.0,0.0,40.0,360000.0,40.0,360000.0,02__XXH__PON__CAY__28,PONNIE Xúc Xích Giòn Ăn Liền Vị Cay 28g,,Hàng hóa,aec9a80e-8bc9-11f1-9b18-005056b2a5de,6c4948af-903c-4506-adce-a492c879a82b,aea7bdfe-8bc9-11f1-9b18-005056b2a5de,294,097330eb-f92d-4b88-95a8-1a83fd3d8061,
02__XXH__PON__HEO__210,PONNIE Xúc Xích Dinh Dưỡng Bin&Bon Heo Bịch 210g,Xúc Xích,Bịch,0.0,0.0,0.0,0.0,0.0,0.0,0.0,0.0,0.0,0.0,0.0,0.0,0.0,0.0,2.0,50000.0,2.0,50000.0,02__XXH__PON__HEO__210,PONNIE Xúc Xích Dinh Dưỡng Bin&Bon Heo Bịch 210g,,Hàng hóa,aec9a905-8bc9-11f1-9b18-005056b2a5de,479fb5a9-7622-40eb-bd2b-b4870f7f9c1f,aea7bdfe-8bc9-11f1-9b18-005056b2a5de,295,097330eb-f92d-4b88-95a8-1a83fd3d8011,
02__XXH__PON__HEO__60,PONNIE Xúc Xích Dinh Dưỡng Bin&Bon Heo,Xúc Xích,Cái,16.0,90000.0,0.0,0.0,0.0,0.0,0.0,0.0,0.0,0.0,0.0,0.0,0.0,0.0,514.0,3084000.0,514.0,3084000.0,02__XXH__PON__HEO__60,PONNIE Xúc Xích Dinh Dưỡng Bin&Bon Heo,,Hàng hóa,aec9a9ee-8bc9-11f1-9b18-005056b2a5de,00b62c79-bfed-435f-8b35-3a1d324ad8c1,aea7bdfe-8bc9-11f1-9b18-005056b2a5de,296,097330eb-f92d-4b88-95a8-1a83fd3d8061,
02__XXH__PON__PMI__45,PONNIE Xúc Xích Nhân Phô Mai 45g,Xúc Xích,Cái,0.0,0.0,0.0,0.0,0.0,0.0,0.0,0.0,0.0,0.0,0.0,0.0,0.0,0.0,2.0,30000.0,2.0,30000.0,02__XXH__PON__PMI__45,PONNIE Xúc Xích Nhân Phô Mai 45g,,Hàng hóa,aec9aaea-8bc9-11f1-9b18-005056b2a5de,2b5e38a6-8351-454a-a735-445ef54959f8,aea7bdfe-8bc9-11f1-9b18-005056b2a5de,297,097330eb-f92d-4b88-95a8-1a83fd3d8061,
02__XXH__PON__SNG__28,PONNIE Xúc Xích Giòn Ăn Liền Vị Sườn Nướng 28g,Xúc Xích,Cái,0.0,0.0,0.0,0.0,0.0,0.0,0.0,0.0,0.0,0.0,0.0,0.0,0.0,0.0,35.0,315000.0,35.0,315000.0,02__XXH__PON__SNG__28,PONNIE Xúc Xích Giòn Ăn Liền Vị Sườn Nướng 28g,,Hàng hóa,aec9abcf-8bc9-11f1-9b18-005056b2a5de,36e39ff8-2004-44f6-9918-c76460a311cd,aea7bdfe-8bc9-11f1-9b18-005056b2a5de,298,097330eb-f92d-4b88-95a8-1a83fd3d8061,
02__XXH__S2__BAP__34,S2 Xúc Xích Siume Bắp Ngọt 34g,Xúc Xích,Cái,0.0,0.0,0.0,0.0,0.0,0.0,0.0,0.0,0.0,0.0,0.0,0.0,0.0,0.0,97.0,776000.0,97.0,776000.0,02__XXH__S2__BAP__34,S2 Xúc Xích Siume Bắp Ngọt 34g,,Hàng hóa,aec9acc1-8bc9-11f1-9b18-005056b2a5de,3e8a3b88-eed8-4aa4-aa70-9c1df37c6691,aea7bdfe-8bc9-11f1-9b18-005056b2a5de,299,097330eb-f92d-4b88-95a8-1a83fd3d8061,
02__XXH__S2__CAY__34,S2 Xúc Xích Siume Cay Tứ Xuyên 34g,Xúc Xích,Cái,0.0,0.0,0.0,0.0,0.0,0.0,0.0,0.0,0.0,0.0,0.0,0.0,0.0,0.0,93.0,744000.0,93.0,744000.0,02__XXH__S2__CAY__34,S2 Xúc Xích Siume Cay Tứ Xuyên 34g,,Hàng hóa,aec9adda-8bc9-11f1-9b18-005056b2a5de,591c61c0-c581-47d3-8315-06d7d11a8269,aea7bdfe-8bc9-11f1-9b18-005056b2a5de,300,097330eb-f92d-4b88-95a8-1a83fd3d8061,
02__XXH__S2__PMI__34,S2 Xúc Xích Siume Nhân Phô Mai 34g,Xúc Xích,Cái,0.0,0.0,0.0,0.0,0.0,0.0,0.0,0.0,0.0,0.0,0.0,0.0,0.0,0.0,81.0,648000.0,81.0,648000.0,02__XXH__S2__PMI__34,S2 Xúc Xích Siume Nhân Phô Mai 34g,,Hàng hóa,aec9aee5-8bc9-11f1-9b18-005056b2a5de,0c406a73-02b5-4938-91ba-5d04d20b608a,aea7bdfe-8bc9-11f1-9b18-005056b2a5de,301,097330eb-f92d-4b88-95a8-1a83fd3d8061,
02__XXH__VIS__DDG__1,VISSAN Xúc Xích Dinh Dưỡng,Xúc Xích,Cái,0.0,0.0,0.0,0.0,0.0,0.0,0.0,0.0,0.0,0.0,0.0,0.0,0.0,0.0,8.0,40000.0,8.0,40000.0,02__XXH__VIS__DDG__1,VISSAN Xúc Xích Dinh Dưỡng,,Hàng hóa,aec9afff-8bc9-11f1-9b18-005056b2a5de,dab8960c-70f2-4733-a9a9-688823b548ea,aea7bdfe-8bc9-11f1-9b18-005056b2a5de,302,097330eb-f92d-4b88-95a8-1a83fd3d8061,
02__XXH__VIS__HEO__90,VISSAN Xúc Xích Tiệt Trùng Heo Bịch 90g (5 cây),Xúc Xích,Bịch,0.0,0.0,0.0,0.0,0.0,0.0,0.0,0.0,0.0,0.0,0.0,0.0,0.0,0.0,28.0,420000.0,28.0,420000.0,02__XXH__VIS__HEO__90,VISSAN Xúc Xích Tiệt Trùng Heo Bịch 90g (5 cây),,Hàng hóa,aec9b216-8bc9-11f1-9b18-005056b2a5de,294b2c32-4751-4f83-a1fd-0b7e8818700a,aea7bdfe-8bc9-11f1-9b18-005056b2a5de,303,097330eb-f92d-4b88-95a8-1a83fd3d8011,
03__BGO__OAN__NBO__120,ORION An Bánh Gạo Ngô Nướng Bơ 120g (16 gói),Bánh Gạo,Bịch,0.0,0.0,0.0,0.0,0.0,0.0,0.0,0.0,0.0,0.0,0.0,0.0,0.0,0.0,11.0,385000.0,11.0,385000.0,03__BGO__OAN__NBO__120,ORION An Bánh Gạo Ngô Nướng Bơ 120g (16 gói),,Hàng hóa,aec9b38a-8bc9-11f1-9b18-005056b2a5de,d6a2af82-4877-4a44-9aab-96f15a613955,aea7bdfe-8bc9-11f1-9b18-005056b2a5de,304,097330eb-f92d-4b88-95a8-1a83fd3d8011,
03__BGO__OAN__PMI__1,ORION An Bánh Gạo Khoai Tây Phô Mai Nướng,Bánh Gạo,Bịch,0.0,0.0,0.0,0.0,0.0,0.0,0.0,0.0,0.0,0.0,0.0,0.0,0.0,0.0,0.0,0.0,0.0,0.0,03__BGO__OAN__PMI__1,ORION An Bánh Gạo Khoai Tây Phô Mai Nướng,,Hàng hóa,aec9b455-8bc9-11f1-9b18-005056b2a5de,545f89d4-03de-446e-87c5-e75e47a311b2,aea7bdfe-8bc9-11f1-9b18-005056b2a5de,305,097330eb-f92d-4b88-95a8-1a83fd3d8011,
03__BGO__OAN__RTT__145,ORION An Bánh Gạo Ruốc Thịt Đậm Đà 145g (14 gói),Bánh Gạo,Bịch,0.0,0.0,0.0,0.0,0.0,0.0,0.0,0.0,0.0,0.0,0.0,0.0,0.0,0.0,9.0,405000.0,9.0,405000.0,03__BGO__OAN__RTT__145,ORION An Bánh Gạo Ruốc Thịt Đậm Đà 145g (14 gói),,Hàng hóa,aec9b558-8bc9-11f1-9b18-005056b2a5de,edd70c47-27b1-4c5f-acaa-4a66c8dd3b9c,aea7bdfe-8bc9-11f1-9b18-005056b2a5de,306,097330eb-f92d-4b88-95a8-1a83fd3d8011,
03__BGO__OAN__TAO__111,ORION An Bánh Gạo Vị Tảo 111g (14 gói),Bánh Gạo,Bịch,0.0,0.0,0.0,0.0,0.0,0.0,0.0,0.0,0.0,0.0,0.0,0.0,0.0,0.0,7.0,161000.0,7.0,161000.0,03__BGO__OAN__TAO__111,ORION An Bánh Gạo Vị Tảo 111g (14 gói),,Hàng hóa,aec9b606-8bc9-11f1-9b18-005056b2a5de,fafd2609-a5b8-458d-825b-b81b5429c2c7,aea7bdfe-8bc9-11f1-9b18-005056b2a5de,307,097330eb-f92d-4b88-95a8-1a83fd3d8011,
03__BGO__OAN__TAO__174,ORION An Bánh Gạo Vị Tảo 174.9g (22 gói),Bánh Gạo,Bịch,0.0,0.0,0.0,0.0,0.0,0.0,0.0,0.0,0.0,0.0,0.0,0.0,0.0,0.0,0.0,0.0,0.0,0.0,03__BGO__OAN__TAO__174,ORION An Bánh Gạo Vị Tảo 174.9g (22 gói),,Hàng hóa,aec9b758-8bc9-11f1-9b18-005056b2a5de,6831f077-0224-4faa-849b-8a70b894c1f6,aea7bdfe-8bc9-11f1-9b18-005056b2a5de,308,097330eb-f92d-4b88-95a8-1a83fd3d8011,
03__BGO__OAN__TNN__151,ORION An Bánh Gạo Vị Tự Nhiên 151g (14 gói),Bánh Gạo,Bịch,0.0,0.0,0.0,0.0,0.0,0.0,0.0,0.0,0.0,0.0,0.0,0.0,0.0,0.0,9.0,207000.0,9.0,207000.0,03__BGO__OAN__TNN__151,ORION An Bánh Gạo Vị Tự Nhiên 151g (14 gói),,Hàng hóa,aec9b7f2-8bc9-11f1-9b18-005056b2a5de,8672ef29-2f2d-478a-b670-2c130d775eb5,aea7bdfe-8bc9-11f1-9b18-005056b2a5de,309,097330eb-f92d-4b88-95a8-1a83fd3d8011,
03__BGO__OAN__TNN__226,ORION An Bánh Gạo Vị Tự Nhiên 226g (28 gói),Bánh Gạo,Bịch,0.0,0.0,0.0,0.0,0.0,0.0,0.0,0.0,0.0,0.0,0.0,0.0,0.0,0.0,0.0,0.0,0.0,0.0,03__BGO__OAN__TNN__226,ORION An Bánh Gạo Vị Tự Nhiên 226g (28 gói),,Hàng hóa,aec9b8bc-8bc9-11f1-9b18-005056b2a5de,9f2305d5-9a64-4196-8374-288f30be27f8,aea7bdfe-8bc9-11f1-9b18-005056b2a5de,310,097330eb-f92d-4b88-95a8-1a83fd3d8011,
03__BGO__POC__BIH__108,POCA Làng Gạo 108g,Bánh Gạo,Bịch,0.0,0.0,0.0,0.0,0.0,0.0,0.0,0.0,0.0,0.0,0.0,0.0,0.0,0.0,11.0,440000.0,11.0,440000.0,03__BGO__POC__BIH__108,POCA Làng Gạo 108g,,Hàng hóa,aec9b954-8bc9-11f1-9b18-005056b2a5de,aeebe371-ba4b-41a7-9b98-39dd811c4eef,aea7bdfe-8bc9-11f1-9b18-005056b2a5de,311,097330eb-f92d-4b88-95a8-1a83fd3d8011,
03__BGO__POC__CUA__48,POCA Làng Gạo Vị Cua Nướng Cay 48g,Bánh Gạo,Bịch,0.0,0.0,0.0,0.0,0.0,0.0,0.0,0.0,0.0,0.0,0.0,0.0,0.0,0.0,-2.0,-40000.0,-2.0,-40000.0,03__BGO__POC__CUA__48,POCA Làng Gạo Vị Cua Nướng Cay 48g,,Hàng hóa,aec9b9ec-8bc9-11f1-9b18-005056b2a5de,f7393725-b1e3-46f7-9b4a-b1973477ed48,aea7bdfe-8bc9-11f1-9b18-005056b2a5de,312,097330eb-f92d-4b88-95a8-1a83fd3d8011,
03__BGO__POC__PMI__48,POCA Làng Gạo Vị Phô Mai 48g,Bánh Gạo,Bịch,0.0,0.0,0.0,0.0,0.0,0.0,0.0,0.0,0.0,0.0,0.0,0.0,0.0,0.0,-1.0,-20000.0,-1.0,-20000.0,03__BGO__POC__PMI__48,POCA Làng Gạo Vị Phô Mai 48g,,Hàng hóa,aec9ba7e-8bc9-11f1-9b18-005056b2a5de,3bf02278-daed-4e0d-80a1-ac68b3595a9a,aea7bdfe-8bc9-11f1-9b18-005056b2a5de,313,097330eb-f92d-4b88-95a8-1a83fd3d8011,
03__BGO__RJI__CSA__145,RICHY JINJU Bánh Gạo Cốm Sữa 145g (16 gói),Bánh Gạo,Bịch,0.0,0.0,0.0,0.0,0.0,0.0,0.0,0.0,0.0,0.0,0.0,0.0,0.0,0.0,7.0,266000.0,7.0,266000.0,03__BGO__RJI__CSA__145,RICHY JINJU Bánh Gạo Cốm Sữa 145g (16 gói),,Hàng hóa,aec9bb11-8bc9-11f1-9b18-005056b2a5de,9a03b80d-c5e9-4d7a-a8a6-7312b0bc330c,aea7bdfe-8bc9-11f1-9b18-005056b2a5de,314,097330eb-f92d-4b88-95a8-1a83fd3d8011,
03__BGO__RJI__GMO__100,RICHY JINJU Bánh Gạo Ganjang Mật Ong 100g,Bánh Gạo,Bịch,0.0,0.0,0.0,0.0,0.0,0.0,0.0,0.0,0.0,0.0,0.0,0.0,0.0,0.0,0.0,0.0,0.0,0.0,03__BGO__RJI__GMO__100,RICHY JINJU Bánh Gạo Ganjang Mật Ong 100g,,Hàng hóa,aec9bba1-8bc9-11f1-9b18-005056b2a5de,be14a98d-97a8-4e30-a3a8-5868a82262d0,aea7bdfe-8bc9-11f1-9b18-005056b2a5de,315,097330eb-f92d-4b88-95a8-1a83fd3d8011,
03__BGO__WAN__BAP__170,WANT WANT Bánh Gạo Cuộn Vị Bắp Thanh Ngọt 170g,Bánh Gạo,Bịch,0.0,0.0,0.0,0.0,0.0,0.0,0.0,0.0,0.0,0.0,0.0,0.0,0.0,0.0,3.0,105000.0,3.0,105000.0,03__BGO__WAN__BAP__170,WANT WANT Bánh Gạo Cuộn Vị Bắp Thanh Ngọt 170g,,Hàng hóa,aec9bc31-8bc9-11f1-9b18-005056b2a5de,47a1dd94-513b-4992-a94f-2a1426be76d3,aea7bdfe-8bc9-11f1-9b18-005056b2a5de,316,097330eb-f92d-4b88-95a8-1a83fd3d8011,
03__BGO__WAN__PMI__170,WANT WANT Bánh Gạo Cuộn Vị Phô Mai 170g,Bánh Gạo,Bịch,0.0,0.0,0.0,0.0,0.0,0.0,0.0,0.0,0.0,0.0,0.0,0.0,0.0,0.0,0.0,0.0,0.0,0.0,03__BGO__WAN__PMI__170,WANT WANT Bánh Gạo Cuộn Vị Phô Mai 170g,,Hàng hóa,aec9bcc2-8bc9-11f1-9b18-005056b2a5de,abae35c5-f622-4e4c-a479-1075f38add79,aea7bdfe-8bc9-11f1-9b18-005056b2a5de,317,097330eb-f92d-4b88-95a8-1a83fd3d8011,
03__BGO__WAN__RBN__170,WANT WANT Bánh Gạo Cuộn Vị Rong Biển 170g,Bánh Gạo,Bịch,0.0,0.0,0.0,0.0,0.0,0.0,0.0,0.0,0.0,0.0,0.0,0.0,0.0,0.0,1.0,35000.0,1.0,35000.0,03__BGO__WAN__RBN__170,WANT WANT Bánh Gạo Cuộn Vị Rong Biển 170g,,Hàng hóa,aec9bd85-8bc9-11f1-9b18-005056b2a5de,f734fc92-3e63-4684-9597-40fbe3bddd58,aea7bdfe-8bc9-11f1-9b18-005056b2a5de,318,097330eb-f92d-4b88-95a8-1a83fd3d8011,
03__BLA__GIZ__CHO__90,GIZZA Bánh Tươi Chocolate 90g,Bánh Bông Lan,Cái,0.0,0.0,0.0,0.0,0.0,0.0,0.0,0.0,0.0,0.0,0.0,0.0,0.0,0.0,28.0,560000.0,28.0,560000.0,03__BLA__GIZ__CHO__90,GIZZA Bánh Tươi Chocolate 90g,,Hàng hóa,aec9be34-8bc9-11f1-9b18-005056b2a5de,e8d2b071-681c-42aa-b97f-4fab15b2572f,aea7bdfe-8bc9-11f1-9b18-005056b2a5de,319,097330eb-f92d-4b88-95a8-1a83fd3d8061,
03__BLA__GIZ__MAT__90,GIZZA Bánh Tươi Matcha 90g,Bánh Bông Lan,Cái,0.0,0.0,0.0,0.0,0.0,0.0,0.0,0.0,0.0,0.0,0.0,0.0,0.0,0.0,19.0,380000.0,19.0,380000.0,03__BLA__GIZ__MAT__90,GIZZA Bánh Tươi Matcha 90g,,Hàng hóa,aec9bec5-8bc9-11f1-9b18-005056b2a5de,09d24ef3-cf0a-43a4-8ee3-aefde59d6f00,aea7bdfe-8bc9-11f1-9b18-005056b2a5de,320,097330eb-f92d-4b88-95a8-1a83fd3d8061,
03__BLA__GIZ__ORI__90,GIZZA Bánh Tươi Original 90g,Bánh Bông Lan,Cái,0.0,0.0,0.0,0.0,0.0,0.0,0.0,0.0,0.0,0.0,0.0,0.0,0.0,0.0,-7.0,-140000.0,-7.0,-140000.0,03__BLA__GIZ__ORI__90,GIZZA Bánh Tươi Original 90g,,Hàng hóa,aec9bf56-8bc9-11f1-9b18-005056b2a5de,81b50640-2576-4965-ba60-44ee792ee537,aea7bdfe-8bc9-11f1-9b18-005056b2a5de,321,097330eb-f92d-4b88-95a8-1a83fd3d8061,
03__BLA__HCA__DUA__25,HURA Castella Bánh Ăn Sáng Xốt Phô Mai Dừa Bịch 25g,Bánh Bông Lan,Bịch,0.0,0.0,0.0,0.0,0.0,0.0,0.0,0.0,0.0,0.0,0.0,0.0,0.0,0.0,48.0,336000.0,48.0,336000.0,03__BLA__HCA__DUA__25,HURA Castella Bánh Ăn Sáng Xốt Phô Mai Dừa Bịch 25g,,Hàng hóa,aec9bfec-8bc9-11f1-9b18-005056b2a5de,d527d586-40e6-48ae-b508-1ce429c08011,aea7bdfe-8bc9-11f1-9b18-005056b2a5de,322,097330eb-f92d-4b88-95a8-1a83fd3d8011,
03__BLA__HCA__PMI__25,HURA Castella Bánh Ăn Sáng Xốt Phô Mai Trứng Muối Bịch 25g,Bánh Bông Lan,Bịch,0.0,0.0,0.0,0.0,0.0,0.0,0.0,0.0,0.0,0.0,0.0,0.0,0.0,0.0,3.0,21000.0,3.0,21000.0,03__BLA__HCA__PMI__25,HURA Castella Bánh Ăn Sáng Xốt Phô Mai Trứng Muối Bịch 25g,,Hàng hóa,aec9c07f-8bc9-11f1-9b18-005056b2a5de,a7cdc2a9-ea2e-47d0-8db9-8a819848dd79,aea7bdfe-8bc9-11f1-9b18-005056b2a5de,323,097330eb-f92d-4b88-95a8-1a83fd3d8011,
03__BLA__HDE__BSA__168,HURA DELI Bánh Bông Lan Bơ Sữa Gói Nhỏ,Bánh Bông Lan,Hộp,0.0,0.0,0.0,0.0,0.0,0.0,0.0,0.0,0.0,0.0,0.0,0.0,0.0,0.0,20.0,140000.0,20.0,140000.0,03__BLA__HDE__BSA__168,HURA DELI Bánh Bông Lan Bơ Sữa Gói Nhỏ,,Hàng hóa,aec9c118-8bc9-11f1-9b18-005056b2a5de,b5ee4c19-4ea9-45ea-80b8-ae6c8c1528e8,aea7bdfe-8bc9-11f1-9b18-005056b2a5de,324,097330eb-f92d-4b88-95a8-1a83fd3d8064,
03__BLA__HDE__CDA__168,HURA DELI Bánh Bông Lan Cốm Dừa Gói Nhỏ,Bánh Bông Lan,Hộp,0.0,0.0,0.0,0.0,0.0,0.0,0.0,0.0,0.0,0.0,0.0,0.0,0.0,0.0,-12.0,-84000.0,-12.0,-84000.0,03__BLA__HDE__CDA__168,HURA DELI Bánh Bông Lan Cốm Dừa Gói Nhỏ,,Hàng hóa,aec9c1ac-8bc9-11f1-9b18-005056b2a5de,e7122cda-af6b-41cb-abc3-25008e0f15d6,aea7bdfe-8bc9-11f1-9b18-005056b2a5de,325,097330eb-f92d-4b88-95a8-1a83fd3d8064,
03__BLA__HSW__DAU__36,HURA Swissroll Bánh Trứng Cuộn Kem Dâu 36g,Bánh Bông Lan,Hộp,0.0,0.0,0.0,0.0,0.0,0.0,0.0,0.0,0.0,0.0,0.0,0.0,0.0,0.0,11.0,110000.0,11.0,110000.0,03__BLA__HSW__DAU__36,HURA Swissroll Bánh Trứng Cuộn Kem Dâu 36g,,Hàng hóa,aec9c241-8bc9-11f1-9b18-005056b2a5de,49880b41-109e-4ea8-8b4b-5c28aa6a0589,aea7bdfe-8bc9-11f1-9b18-005056b2a5de,326,097330eb-f92d-4b88-95a8-1a83fd3d8064,
03__BLA__HSW__SUA__36,HURA Swissroll Bánh Trứng Cuộn Kem Hương Bơ Sữa 36g,Bánh Bông Lan,Hộp,0.0,0.0,0.0,0.0,0.0,0.0,0.0,0.0,0.0,0.0,0.0,0.0,0.0,0.0,4.0,40000.0,4.0,40000.0,03__BLA__HSW__SUA__36,HURA Swissroll Bánh Trứng Cuộn Kem Hương Bơ Sữa 36g,,Hàng hóa,aec9c2d2-8bc9-11f1-9b18-005056b2a5de,0591e389-1773-4405-b55b-e6dd778b6d06,aea7bdfe-8bc9-11f1-9b18-005056b2a5de,327,097330eb-f92d-4b88-95a8-1a83fd3d8064,
03__BLA__LOT__BOU__324,LOTTE Chocolat Bánh Bouchee Vị Socola,Bánh Bông Lan,Hộp,0.0,0.0,0.0,0.0,0.0,0.0,0.0,0.0,0.0,0.0,0.0,0.0,0.0,0.0,36.0,252000.0,36.0,252000.0,03__BLA__LOT__BOU__324,LOTTE Chocolat Bánh Bouchee Vị Socola,,Hàng hóa,aec9c36b-8bc9-11f1-9b18-005056b2a5de,a09739ac-d08c-49c5-8249-73050d275463,aea7bdfe-8bc9-11f1-9b18-005056b2a5de,328,097330eb-f92d-4b88-95a8-1a83fd3d8064,
03__BLA__LOT__SOC__169,LOTTE Chocolat Bánh Socola,Bánh Bông Lan,Hộp,0.0,0.0,0.0,0.0,0.0,0.0,0.0,0.0,0.0,0.0,0.0,0.0,0.0,0.0,1.0,33000.0,1.0,33000.0,03__BLA__LOT__SOC__169,LOTTE Chocolat Bánh Socola,,Hàng hóa,aec9c3fe-8bc9-11f1-9b18-005056b2a5de,a9399f1b-08c1-431d-b1c3-6150b6df99ea,aea7bdfe-8bc9-11f1-9b18-005056b2a5de,329,097330eb-f92d-4b88-95a8-1a83fd3d8064,
03__BLA__LOT__SOC__340,LOTTE Chocolat Bánh Socola Pie,Bánh Bông Lan,Hộp,0.0,0.0,0.0,0.0,0.0,0.0,0.0,0.0,0.0,0.0,0.0,0.0,0.0,0.0,38.0,266000.0,38.0,266000.0,03__BLA__LOT__SOC__340,LOTTE Chocolat Bánh Socola Pie,,Hàng hóa,aec9c48e-8bc9-11f1-9b18-005056b2a5de,96ee8428-419b-4e3a-a949-c75afd07a994,aea7bdfe-8bc9-11f1-9b18-005056b2a5de,330,097330eb-f92d-4b88-95a8-1a83fd3d8064,
03__BLA__LOT__TXH__169,LOTTE Chocolat Bánh Trà Xanh,Bánh Bông Lan,Hộp,0.0,0.0,0.0,0.0,0.0,0.0,0.0,0.0,0.0,0.0,0.0,0.0,0.0,0.0,1.0,33000.0,1.0,33000.0,03__BLA__LOT__TXH__169,LOTTE Chocolat Bánh Trà Xanh,,Hàng hóa,aec9c51d-8bc9-11f1-9b18-005056b2a5de,e6248444-1ad9-4a2c-9336-16342b953831,aea7bdfe-8bc9-11f1-9b18-005056b2a5de,331,097330eb-f92d-4b88-95a8-1a83fd3d8064,
03__BLA__LOT__TXH__340,LOTTE Chocolate Vị Trà Xanh,Bánh Bông Lan,Hộp,0.0,0.0,0.0,0.0,0.0,0.0,0.0,0.0,0.0,0.0,0.0,0.0,0.0,0.0,14.0,98000.0,14.0,98000.0,03__BLA__LOT__TXH__340,LOTTE Chocolate Vị Trà Xanh,,Hàng hóa,aec9c5ac-8bc9-11f1-9b18-005056b2a5de,61b4af60-fb64-4c80-87a7-e6c162ee6726,aea7bdfe-8bc9-11f1-9b18-005056b2a5de,332,097330eb-f92d-4b88-95a8-1a83fd3d8064,
03__BLA__OCC__PK2__73,ORION Chocopie 72.6g (2 gói),Bánh Bông Lan,Hộp,0.0,0.0,0.0,0.0,0.0,0.0,0.0,0.0,0.0,0.0,0.0,0.0,0.0,0.0,1.0,13000.0,1.0,13000.0,03__BLA__OCC__PK2__73,ORION Chocopie 72.6g (2 gói),,Hàng hóa,aec9c66b-8bc9-11f1-9b18-005056b2a5de,289c1db3-bc0b-4f05-82ea-2a3f18c06b5d,aea7bdfe-8bc9-11f1-9b18-005056b2a5de,333,097330eb-f92d-4b88-95a8-1a83fd3d8064,
03__BLA__OCC__PK6__218,ORION Chocopie,Bánh Bông Lan,Hộp,0.0,0.0,0.0,0.0,0.0,0.0,0.0,0.0,0.0,0.0,0.0,0.0,0.0,0.0,2.0,16000.0,2.0,16000.0,03__BLA__OCC__PK6__218,ORION Chocopie,,Hàng hóa,aec9c72a-8bc9-11f1-9b18-005056b2a5de,0cde41c2-c1ce-4c30-a3a5-43f68729bffb,aea7bdfe-8bc9-11f1-9b18-005056b2a5de,334,097330eb-f92d-4b88-95a8-1a83fd3d8064,
03__BLA__OCT__PK6__141,ORION Custas Nhân Kem Gói Nhỏ,Bánh Bông Lan,Hộp,0.0,0.0,0.0,0.0,0.0,0.0,0.0,0.0,0.0,0.0,0.0,0.0,0.0,0.0,34.0,272000.0,34.0,272000.0,03__BLA__OCT__PK6__141,ORION Custas Nhân Kem Gói Nhỏ,,Hàng hóa,aec9c986-8bc9-11f1-9b18-005056b2a5de,a0720f5c-adb7-4aa6-9e23-b92ba8c8a853,aea7bdfe-8bc9-11f1-9b18-005056b2a5de,335,097330eb-f92d-4b88-95a8-1a83fd3d8064,
03__BLA__ORO__HAZ__140,ORION Opera Chocolate Hazelnut 140g,Bánh Bông Lan,Hộp,0.0,0.0,0.0,0.0,0.0,0.0,0.0,0.0,0.0,0.0,0.0,0.0,0.0,0.0,0.0,0.0,0.0,0.0,03__BLA__ORO__HAZ__140,ORION Opera Chocolate Hazelnut 140g,,Hàng hóa,aec9ca27-8bc9-11f1-9b18-005056b2a5de,adef85fe-7731-4af8-a374-1d1221d93d90,aea7bdfe-8bc9-11f1-9b18-005056b2a5de,336,097330eb-f92d-4b88-95a8-1a83fd3d8064,
03__BMI__KDY__BBQ__30,KIDO Dora-yaki Bánh Xốt BBQ Bịch 30g,Bánh Mì Mềm,Bịch,0.0,0.0,0.0,0.0,0.0,0.0,0.0,0.0,0.0,0.0,0.0,0.0,0.0,0.0,38.0,380000.0,38.0,380000.0,03__BMI__KDY__BBQ__30,KIDO Dora-yaki Bánh Xốt BBQ Bịch 30g,,Hàng hóa,aec9cb58-8bc9-11f1-9b18-005056b2a5de,98158487-b992-4075-9480-26b418c5a0ef,aea7bdfe-8bc9-11f1-9b18-005056b2a5de,337,097330eb-f92d-4b88-95a8-1a83fd3d8011,
03__BMI__KDY__DDO__30,KIDO Dora-yaki Bánh Đậu Đỏ,Bánh Mì Mềm,Bịch,0.0,0.0,0.0,0.0,0.0,0.0,0.0,0.0,0.0,0.0,0.0,0.0,0.0,0.0,26.0,260000.0,26.0,260000.0,03__BMI__KDY__DDO__30,KIDO Dora-yaki Bánh Đậu Đỏ,,Hàng hóa,aec9cc10-8bc9-11f1-9b18-005056b2a5de,87f218fb-764c-4b2a-9389-d0d38c02228d,aea7bdfe-8bc9-11f1-9b18-005056b2a5de,338,097330eb-f92d-4b88-95a8-1a83fd3d8011,
03__BMI__KDY__PMI__30,KIDO Dora-yaki Bánh Chà Bông Xốt Phô Mai Bịch 30g,Bánh Mì Mềm,Bịch,0.0,0.0,0.0,0.0,0.0,0.0,0.0,0.0,0.0,0.0,0.0,0.0,0.0,0.0,28.0,280000.0,28.0,280000.0,03__BMI__KDY__PMI__30,KIDO Dora-yaki Bánh Chà Bông Xốt Phô Mai Bịch 30g,,Hàng hóa,aec9cd76-8bc9-11f1-9b18-005056b2a5de,01392e5a-9636-4c15-b75a-01a9d5c1548d,aea7bdfe-8bc9-11f1-9b18-005056b2a5de,339,097330eb-f92d-4b88-95a8-1a83fd3d8011,
03__BMI__KDY__SOC__30,KIDO Dora-yaki Bánh Vị Socola,Bánh Mì Mềm,Bịch,0.0,0.0,0.0,0.0,0.0,0.0,0.0,0.0,0.0,0.0,0.0,0.0,0.0,0.0,50.0,500000.0,50.0,500000.0,03__BMI__KDY__SOC__30,KIDO Dora-yaki Bánh Vị Socola,,Hàng hóa,aec9ce10-8bc9-11f1-9b18-005056b2a5de,6783a387-2e7d-4068-a9b9-0ddc67304322,aea7bdfe-8bc9-11f1-9b18-005056b2a5de,340,097330eb-f92d-4b88-95a8-1a83fd3d8011,
03__BMI__KDY__TMI__30,KIDO Dora-yaki Bánh Chà Bông Xốt Trứng Muối Bịch 30g,Bánh Mì Mềm,Bịch,0.0,0.0,0.0,0.0,0.0,0.0,0.0,0.0,0.0,0.0,0.0,0.0,0.0,0.0,29.0,290000.0,29.0,290000.0,03__BMI__KDY__TMI__30,KIDO Dora-yaki Bánh Chà Bông Xốt Trứng Muối Bịch 30g,,Hàng hóa,aec9ced3-8bc9-11f1-9b18-005056b2a5de,52ca55bc-51e5-4925-a5b6-d73f29badfdd,aea7bdfe-8bc9-11f1-9b18-005056b2a5de,341,097330eb-f92d-4b88-95a8-1a83fd3d8011,
03__BMI__KDY__XBO__150,KIDO Dora-yaki Bánh Chà Bông Xốt Bơ 150g,Bánh Mì Mềm,Bịch,0.0,0.0,0.0,0.0,0.0,0.0,0.0,0.0,0.0,0.0,0.0,0.0,0.0,0.0,55.0,550000.0,55.0,550000.0,03__BMI__KDY__XBO__150,KIDO Dora-yaki Bánh Chà Bông Xốt Bơ 150g,,Hàng hóa,aec9cf68-8bc9-11f1-9b18-005056b2a5de,9f04550c-3924-4e2a-923f-b36d53ee4c55,aea7bdfe-8bc9-11f1-9b18-005056b2a5de,342,097330eb-f92d-4b88-95a8-1a83fd3d8011,
03__BMI__KID__CUC__80,KIDO Bánh Mì Hoa Cúc 80g,Bánh Mì Mềm,Bịch,0.0,0.0,0.0,0.0,0.0,0.0,0.0,0.0,0.0,0.0,0.0,0.0,0.0,0.0,7.0,140000.0,7.0,140000.0,03__BMI__KID__CUC__80,KIDO Bánh Mì Hoa Cúc 80g,,Hàng hóa,aec9d001-8bc9-11f1-9b18-005056b2a5de,feb1ef9f-3223-44ce-86ed-443656b39259,aea7bdfe-8bc9-11f1-9b18-005056b2a5de,343,097330eb-f92d-4b88-95a8-1a83fd3d8011,
03__BMI__KID__DLO__40,KIDO Bánh Phô Mai Castella Hương Vị Đài Loan 40g,,Bịch,0.0,0.0,0.0,0.0,0.0,0.0,0.0,0.0,0.0,0.0,0.0,0.0,0.0,0.0,11.0,165000.0,11.0,165000.0,03__BMI__KID__DLO__40,KIDO Bánh Phô Mai Castella Hương Vị Đài Loan 40g,,Hàng hóa,aec9d098-8bc9-11f1-9b18-005056b2a5de,bdaeebf2-3361-47d1-82ae-c0ed5caf3436,aea7bdfe-8bc9-11f1-9b18-005056b2a5de,344,097330eb-f92d-4b88-95a8-1a83fd3d8011,
03__BMI__KID__DUA__80,KIDO Bánh Mì 6 Múi Kem Lá Dứa 80g,Bánh Mì Mềm,Bịch,0.0,0.0,0.0,0.0,0.0,0.0,0.0,0.0,0.0,0.0,0.0,0.0,0.0,0.0,0.0,0.0,0.0,0.0,03__BMI__KID__DUA__80,KIDO Bánh Mì 6 Múi Kem Lá Dứa 80g,,Hàng hóa,aec9d12c-8bc9-11f1-9b18-005056b2a5de,6bc714e6-2045-4b79-97ca-4f6d011c400a,aea7bdfe-8bc9-11f1-9b18-005056b2a5de,345,097330eb-f92d-4b88-95a8-1a83fd3d8011,
03__BMI__KID__HKK__55,KIDO Bánh Gà Nướng Xốt Hồng Kong 55g,Bánh Mì Mềm,Bịch,0.0,0.0,0.0,0.0,0.0,0.0,0.0,0.0,0.0,0.0,0.0,0.0,0.0,0.0,6.0,90000.0,6.0,90000.0,03__BMI__KID__HKK__55,KIDO Bánh Gà Nướng Xốt Hồng Kong 55g,,Hàng hóa,aec9d1bf-8bc9-11f1-9b18-005056b2a5de,f9d5aef6-9d2b-4618-b308-ee3d78e55d67,aea7bdfe-8bc9-11f1-9b18-005056b2a5de,346,097330eb-f92d-4b88-95a8-1a83fd3d8011,
03__BMI__KID__SGP__55,KIDO Bánh Chà Bông Xốt Sigapore 55g,Bánh Mì Mềm,Bịch,0.0,0.0,0.0,0.0,0.0,0.0,0.0,0.0,0.0,0.0,0.0,0.0,0.0,0.0,16.0,240000.0,16.0,240000.0,03__BMI__KID__SGP__55,KIDO Bánh Chà Bông Xốt Sigapore 55g,,Hàng hóa,aec9d284-8bc9-11f1-9b18-005056b2a5de,9dc12ba5-b66f-41e1-9228-9f2d4247546b,aea7bdfe-8bc9-11f1-9b18-005056b2a5de,347,097330eb-f92d-4b88-95a8-1a83fd3d8011,
03__BMI__KID__SOC__55,KIDO Bánh Mì Vị Socola 55g,Bánh Mì Mềm,Bịch,1.0,12000.0,0.0,0.0,0.0,0.0,0.0,0.0,0.0,0.0,0.0,0.0,0.0,0.0,9.0,108000.0,9.0,108000.0,03__BMI__KID__SOC__55,KIDO Bánh Mì Vị Socola 55g,,Hàng hóa,aec9d318-8bc9-11f1-9b18-005056b2a5de,34a2b17e-2e5f-4cfb-90a0-ff59a7427327,aea7bdfe-8bc9-11f1-9b18-005056b2a5de,348,097330eb-f92d-4b88-95a8-1a83fd3d8011,
03__BMI__KID__SUA__55,KIDO Bánh Mì Vị Bơ Sữa 55g,Bánh Mì Mềm,Bịch,0.0,0.0,0.0,0.0,0.0,0.0,0.0,0.0,0.0,0.0,0.0,0.0,0.0,0.0,6.0,72000.0,6.0,72000.0,03__BMI__KID__SUA__55,KIDO Bánh Mì Vị Bơ Sữa 55g,,Hàng hóa,aec9d3a7-8bc9-11f1-9b18-005056b2a5de,a9b82a10-d3e8-4e19-b568-24a4779baf7f,aea7bdfe-8bc9-11f1-9b18-005056b2a5de,349,097330eb-f92d-4b88-95a8-1a83fd3d8011,
03__BMI__KID__SUA__80,KIDO Bánh Mì 6 Múi Vị Bơ Sữa 80g,Bánh Mì Mềm,Bịch,0.0,0.0,0.0,0.0,0.0,0.0,0.0,0.0,0.0,0.0,0.0,0.0,0.0,0.0,8.0,120000.0,8.0,120000.0,03__BMI__KID__SUA__80,KIDO Bánh Mì 6 Múi Vị Bơ Sữa 80g,,Hàng hóa,aec9d437-8bc9-11f1-9b18-005056b2a5de,f78ba506-a6cb-43da-86d4-010afa5afd1d,aea7bdfe-8bc9-11f1-9b18-005056b2a5de,350,097330eb-f92d-4b88-95a8-1a83fd3d8011,
03__BMI__KID__TAK__55,KIDO Bánh TAKOYAKI Xốt Nhật Bản 55g,Bánh Mì Mềm,Bịch,0.0,0.0,0.0,0.0,0.0,0.0,0.0,0.0,0.0,0.0,0.0,0.0,0.0,0.0,0.0,0.0,0.0,0.0,03__BMI__KID__TAK__55,KIDO Bánh TAKOYAKI Xốt Nhật Bản 55g,,Hàng hóa,aec9d4e4-8bc9-11f1-9b18-005056b2a5de,a23e7eda-cbd3-436f-8d0f-d859760a3f60,aea7bdfe-8bc9-11f1-9b18-005056b2a5de,351,097330eb-f92d-4b88-95a8-1a83fd3d8011,
03__BMI__OCB__BAG__36,ORION C'Est Bon Bánh Baguette Bịch 36g,Bánh Mì Mềm,Bịch,0.0,0.0,0.0,0.0,0.0,0.0,0.0,0.0,0.0,0.0,0.0,0.0,0.0,0.0,-5.0,-50000.0,-5.0,-50000.0,03__BMI__OCB__BAG__36,ORION C'Est Bon Bánh Baguette Bịch 36g,,Hàng hóa,aec9d577-8bc9-11f1-9b18-005056b2a5de,aba8ad40-0c3b-4e23-9f23-be63015d44e8,aea7bdfe-8bc9-11f1-9b18-005056b2a5de,352,097330eb-f92d-4b88-95a8-1a83fd3d8011,
03__BMI__OCB__KPM__101,ORION C'Est Bon Bánh Kem Phô Mai,Bánh Mì Mềm,Bịch,0.0,0.0,0.0,0.0,0.0,0.0,0.0,0.0,0.0,0.0,0.0,0.0,0.0,0.0,11.0,88000.0,11.0,88000.0,03__BMI__OCB__KPM__101,ORION C'Est Bon Bánh Kem Phô Mai,,Hàng hóa,aec9d608-8bc9-11f1-9b18-005056b2a5de,4865397a-370d-452a-b572-64d174f600f6,aea7bdfe-8bc9-11f1-9b18-005056b2a5de,353,097330eb-f92d-4b88-95a8-1a83fd3d8011,
03__BMI__OCB__MOC__1,ORION C'Est Bon Bánh Mochi Cốm Dừa,Bánh Mì Mềm,Cái,0.0,0.0,0.0,0.0,0.0,0.0,0.0,0.0,0.0,0.0,0.0,0.0,0.0,0.0,5.0,50000.0,5.0,50000.0,03__BMI__OCB__MOC__1,ORION C'Est Bon Bánh Mochi Cốm Dừa,,Hàng hóa,aec9d698-8bc9-11f1-9b18-005056b2a5de,87abce21-6cb2-4594-8667-5ec0e2e6634e,aea7bdfe-8bc9-11f1-9b18-005056b2a5de,354,097330eb-f92d-4b88-95a8-1a83fd3d8061,
03__BMI__OCB__PMC__147,ORION C'Est Bon Bánh Sandwich,Bánh Mì Mềm,Bịch,0.0,0.0,0.0,0.0,0.0,0.0,0.0,0.0,0.0,0.0,0.0,0.0,0.0,0.0,16.0,144000.0,16.0,144000.0,03__BMI__OCB__PMC__147,ORION C'Est Bon Bánh Sandwich,,Hàng hóa,aec9d729-8bc9-11f1-9b18-005056b2a5de,a08fa467-5fcb-47f1-b943-911a1d1a942d,aea7bdfe-8bc9-11f1-9b18-005056b2a5de,355,097330eb-f92d-4b88-95a8-1a83fd3d8011,
03__BMI__OCB__TGA__85,ORION C'Est Bon Bánh Sợi Thịt Gà 85g,Bánh Mì Mềm,Bịch,0.0,0.0,0.0,0.0,0.0,0.0,0.0,0.0,0.0,0.0,0.0,0.0,0.0,0.0,19.0,152000.0,19.0,152000.0,03__BMI__OCB__TGA__85,ORION C'Est Bon Bánh Sợi Thịt Gà 85g,,Hàng hóa,aec9d7b9-8bc9-11f1-9b18-005056b2a5de,d1ef4875-46cb-4967-999e-160e0a417a79,aea7bdfe-8bc9-11f1-9b18-005056b2a5de,356,097330eb-f92d-4b88-95a8-1a83fd3d8011,
03__BMI__RKA__PMC__192,RICHY KARO Bánh Phô Mai Chà Bông 192g (8 gói),Bánh Mì Mềm,Bịch,0.0,0.0,0.0,0.0,0.0,0.0,0.0,0.0,0.0,0.0,0.0,0.0,0.0,0.0,9.0,486000.0,9.0,486000.0,03__BMI__RKA__PMC__192,RICHY KARO Bánh Phô Mai Chà Bông 192g (8 gói),,Hàng hóa,aec9d84c-8bc9-11f1-9b18-005056b2a5de,5d59be7f-1053-42b6-82f3-aa536d912ce5,aea7bdfe-8bc9-11f1-9b18-005056b2a5de,357,097330eb-f92d-4b88-95a8-1a83fd3d8011,
03__BMI__RKA__TCB__156,RICHY KARO Bánh Trứng Tươi Chà Bông 156g (6 gói),Bánh Mì Mềm,Bịch,0.0,0.0,0.0,0.0,0.0,0.0,0.0,0.0,0.0,0.0,0.0,0.0,0.0,0.0,4.0,192000.0,4.0,192000.0,03__BMI__RKA__TCB__156,RICHY KARO Bánh Trứng Tươi Chà Bông 156g (6 gói),,Hàng hóa,aec9d8dd-8bc9-11f1-9b18-005056b2a5de,ef942313-a667-44e9-88b0-39b7c65b8996,aea7bdfe-8bc9-11f1-9b18-005056b2a5de,358,097330eb-f92d-4b88-95a8-1a83fd3d8011,
03__BQU__AFC__LMI__1,KINHDO AFC Bánh Quy Vị Lúa Mì,Bánh Quy,Hộp,0.0,0.0,0.0,0.0,0.0,0.0,0.0,0.0,0.0,0.0,0.0,0.0,0.0,0.0,0.0,0.0,0.0,0.0,03__BQU__AFC__LMI__1,KINHDO AFC Bánh Quy Vị Lúa Mì,,Hàng hóa,aec9d970-8bc9-11f1-9b18-005056b2a5de,70e0b507-017e-4a26-a725-cb15767d53ea,aea7bdfe-8bc9-11f1-9b18-005056b2a5de,359,097330eb-f92d-4b88-95a8-1a83fd3d8064,
03__BQU__AFC__RAU__1,KINHDO AFC Bánh Quy Vị Rau,Bánh Quy,Hộp,0.0,0.0,0.0,0.0,0.0,0.0,0.0,0.0,0.0,0.0,0.0,0.0,0.0,0.0,0.0,0.0,0.0,0.0,03__BQU__AFC__RAU__1,KINHDO AFC Bánh Quy Vị Rau,,Hàng hóa,aec9da01-8bc9-11f1-9b18-005056b2a5de,6f89db2b-e2f4-45c9-a6e2-002eb3066ebe,aea7bdfe-8bc9-11f1-9b18-005056b2a5de,360,097330eb-f92d-4b88-95a8-1a83fd3d8064,
03__BQU__AFC__TAO__1,KINHDO AFC Bánh Quy Vị Tảo Biển,Bánh Quy,Hộp,0.0,0.0,0.0,0.0,0.0,0.0,0.0,0.0,0.0,0.0,0.0,0.0,0.0,0.0,0.0,0.0,0.0,0.0,03__BQU__AFC__TAO__1,KINHDO AFC Bánh Quy Vị Tảo Biển,,Hàng hóa,aec9da91-8bc9-11f1-9b18-005056b2a5de,d3cab05b-eed8-4518-a4d4-13b2aa5d850c,aea7bdfe-8bc9-11f1-9b18-005056b2a5de,361,097330eb-f92d-4b88-95a8-1a83fd3d8064,
03__BQU__GER__PMI__180,GERY Cheese Crackers Bánh Quy Phô Mai Hộp 180g,Bánh Quy,Hộp,0.0,0.0,0.0,0.0,0.0,0.0,0.0,0.0,0.0,0.0,0.0,0.0,0.0,0.0,1.0,50000.0,1.0,50000.0,03__BQU__GER__PMI__180,GERY Cheese Crackers Bánh Quy Phô Mai Hộp 180g,,Hàng hóa,aec9db21-8bc9-11f1-9b18-005056b2a5de,b9611c24-29cb-45d1-adf5-15e14c27d053,aea7bdfe-8bc9-11f1-9b18-005056b2a5de,362,097330eb-f92d-4b88-95a8-1a83fd3d8064,
03__BQU__GOU__QME__128,ORION GOUTE Bánh Quy Mè 158g (4 gói),Bánh Quy,Hộp,0.0,0.0,0.0,0.0,0.0,0.0,0.0,0.0,0.0,0.0,0.0,0.0,0.0,0.0,0.0,0.0,0.0,0.0,03__BQU__GOU__QME__128,ORION GOUTE Bánh Quy Mè 158g (4 gói),,Hàng hóa,aec9dbb0-8bc9-11f1-9b18-005056b2a5de,4d81986e-f799-462c-bce1-73e22ae5e0b0,aea7bdfe-8bc9-11f1-9b18-005056b2a5de,363,097330eb-f92d-4b88-95a8-1a83fd3d8064,
03__BQU__HCO__GLT__250,HAPPY COOKIES Bánh Quy Ăn Kiêng Vị Gạo Lứt Hộp 250g,Bánh Quy,Hộp,0.0,0.0,0.0,0.0,0.0,0.0,0.0,0.0,0.0,0.0,0.0,0.0,0.0,0.0,4.0,220000.0,4.0,220000.0,03__BQU__HCO__GLT__250,HAPPY COOKIES Bánh Quy Ăn Kiêng Vị Gạo Lứt Hộp 250g,,Hàng hóa,aec9dc3f-8bc9-11f1-9b18-005056b2a5de,b958591f-10b7-423f-866a-7524ddf2b069,aea7bdfe-8bc9-11f1-9b18-005056b2a5de,364,097330eb-f92d-4b88-95a8-1a83fd3d8064,
03__BQU__HCO__YMH__250,HAPPY COOKIES Bánh Quy Ăn Kiêng Vị Yến Mạch Hộp 250g,Bánh Quy,Hộp,0.0,0.0,0.0,0.0,0.0,0.0,0.0,0.0,0.0,0.0,0.0,0.0,0.0,0.0,0.0,0.0,0.0,0.0,03__BQU__HCO__YMH__250,HAPPY COOKIES Bánh Quy Ăn Kiêng Vị Yến Mạch Hộp 250g,,Hàng hóa,aec9dcd1-8bc9-11f1-9b18-005056b2a5de,e5c0a84c-bae5-4c88-b5f1-cefc66b14070,aea7bdfe-8bc9-11f1-9b18-005056b2a5de,365,097330eb-f92d-4b88-95a8-1a83fd3d8064,
03__BQU__LU__VER__200,LU Bánh Quy Veritable 200g,Bánh Quy,Gói,0.0,0.0,0.0,0.0,0.0,0.0,0.0,0.0,0.0,0.0,0.0,0.0,0.0,0.0,7.0,532000.0,7.0,532000.0,03__BQU__LU__VER__200,LU Bánh Quy Veritable 200g,,Hàng hóa,aec9de0b-8bc9-11f1-9b18-005056b2a5de,2fc0c064-5901-4a00-8412-0f45be1b2920,aea7bdfe-8bc9-11f1-9b18-005056b2a5de,366,097330eb-f92d-4b88-95a8-1a83fd3d8067,
03__BQU__ORE__SOC__20,OREO Bánh Quy Hương Socola 20g,Bánh Quy,Bịch,0.0,0.0,0.0,0.0,0.0,0.0,0.0,0.0,0.0,0.0,0.0,0.0,0.0,0.0,87.0,783000.0,87.0,783000.0,03__BQU__ORE__SOC__20,OREO Bánh Quy Hương Socola 20g,,Hàng hóa,aec9decd-8bc9-11f1-9b18-005056b2a5de,3731e54d-ea7e-4726-b4f4-f44f10e72125,aea7bdfe-8bc9-11f1-9b18-005056b2a5de,367,097330eb-f92d-4b88-95a8-1a83fd3d8011,
03__BQU__ORE__SOC__64,OREO Bánh Quy Hương Socola Lớn 64g,Bánh Quy,Bịch,0.0,0.0,0.0,0.0,0.0,0.0,0.0,0.0,0.0,0.0,0.0,0.0,0.0,0.0,16.0,192000.0,16.0,192000.0,03__BQU__ORE__SOC__64,OREO Bánh Quy Hương Socola Lớn 64g,,Hàng hóa,aec9df63-8bc9-11f1-9b18-005056b2a5de,03b2d81d-08c0-4922-aaa5-24e8a29e287a,aea7bdfe-8bc9-11f1-9b18-005056b2a5de,368,097330eb-f92d-4b88-95a8-1a83fd3d8011,
03__BQU__ORE__VAN__20,OREO Bánh Quy Hương Vani 20g,Bánh Quy,Bịch,0.0,0.0,0.0,0.0,0.0,0.0,0.0,0.0,0.0,0.0,0.0,0.0,0.0,0.0,41.0,369000.0,41.0,369000.0,03__BQU__ORE__VAN__20,OREO Bánh Quy Hương Vani 20g,,Hàng hóa,aec9dff8-8bc9-11f1-9b18-005056b2a5de,acd33e82-2807-4051-a076-a79f818078a2,aea7bdfe-8bc9-11f1-9b18-005056b2a5de,369,097330eb-f92d-4b88-95a8-1a83fd3d8011,
03__BQU__ORE__VAN__64,OREO Bánh Quy Hương Vani Lớn 64g,Bánh Quy,Bịch,0.0,0.0,0.0,0.0,0.0,0.0,0.0,0.0,0.0,0.0,0.0,0.0,0.0,0.0,18.0,216000.0,18.0,216000.0,03__BQU__ORE__VAN__64,OREO Bánh Quy Hương Vani Lớn 64g,,Hàng hóa,aec9e094-8bc9-11f1-9b18-005056b2a5de,88d5b5d4-4509-43a8-aeb1-aca85c12132a,aea7bdfe-8bc9-11f1-9b18-005056b2a5de,370,097330eb-f92d-4b88-95a8-1a83fd3d8011,
03__BQU__ORO__SOC__54,ORION Miz Bánh Quy Socola 54g,Bánh Quy,Bịch,0.0,0.0,0.0,0.0,0.0,0.0,0.0,0.0,0.0,0.0,0.0,0.0,0.0,0.0,0.0,0.0,0.0,0.0,03__BQU__ORO__SOC__54,ORION Miz Bánh Quy Socola 54g,,Hàng hóa,aec9e128-8bc9-11f1-9b18-005056b2a5de,4573c09d-0985-4871-9709-700623b3a3ac,aea7bdfe-8bc9-11f1-9b18-005056b2a5de,371,097330eb-f92d-4b88-95a8-1a83fd3d8011,
03__BQU__RIT__PMI__106,RITZ Bánh Quy Kem Phô Mai Hộp 106g,Bánh Quy,Hộp,0.0,0.0,0.0,0.0,0.0,0.0,0.0,0.0,0.0,0.0,0.0,0.0,0.0,0.0,0.0,0.0,0.0,0.0,03__BQU__RIT__PMI__106,RITZ Bánh Quy Kem Phô Mai Hộp 106g,,Hàng hóa,aec9e1bc-8bc9-11f1-9b18-005056b2a5de,909821c9-cb03-42d3-94a8-92a3bbd9b3f4,aea7bdfe-8bc9-11f1-9b18-005056b2a5de,372,097330eb-f92d-4b88-95a8-1a83fd3d8064,
03__BQU__RIT__SAN__1,RITZ Crackers Sandwich Cheese 118g,Bánh Quy,Gói,0.0,0.0,0.0,0.0,0.0,0.0,0.0,0.0,0.0,0.0,0.0,0.0,0.0,0.0,13.0,390000.0,13.0,390000.0,03__BQU__RIT__SAN__1,RITZ Crackers Sandwich Cheese 118g,,Hàng hóa,aec9e252-8bc9-11f1-9b18-005056b2a5de,b4835ed4-2ca9-41e6-8731-f1afa465dba7,aea7bdfe-8bc9-11f1-9b18-005056b2a5de,373,097330eb-f92d-4b88-95a8-1a83fd3d8067,
03__BQU__RKE__NOU__186,RICHY KENJU Bánh Kem Dẻo Nougat 186g,Bánh Quy,Bịch,0.0,0.0,0.0,0.0,0.0,0.0,0.0,0.0,0.0,0.0,0.0,0.0,0.0,0.0,8.0,400000.0,8.0,400000.0,03__BQU__RKE__NOU__186,RICHY KENJU Bánh Kem Dẻo Nougat 186g,,Hàng hóa,aec9e312-8bc9-11f1-9b18-005056b2a5de,d25d3c58-ee5a-4dc4-a180-54f3748ceddb,aea7bdfe-8bc9-11f1-9b18-005056b2a5de,374,097330eb-f92d-4b88-95a8-1a83fd3d8011,
03__BQU__RKE__RCU__192,RICHY KENJU Bánh Quy Rau Củ 192g,Bánh Quy,Bịch,0.0,0.0,0.0,0.0,0.0,0.0,0.0,0.0,0.0,0.0,0.0,0.0,0.0,0.0,1.0,46000.0,1.0,46000.0,03__BQU__RKE__RCU__192,RICHY KENJU Bánh Quy Rau Củ 192g,,Hàng hóa,aec9e3aa-8bc9-11f1-9b18-005056b2a5de,4e32b5db-8cf5-4b04-aa3c-db785aa9dbbf,aea7bdfe-8bc9-11f1-9b18-005056b2a5de,375,097330eb-f92d-4b88-95a8-1a83fd3d8011,
03__BQU__RKE__RCU__288,RICHY KENJU Bánh Quy Rau Củ Hộp 288g (24 gói),Bánh Quy,Bịch,0.0,0.0,0.0,0.0,0.0,0.0,0.0,0.0,0.0,0.0,0.0,0.0,0.0,0.0,8.0,528000.0,8.0,528000.0,03__BQU__RKE__RCU__288,RICHY KENJU Bánh Quy Rau Củ Hộp 288g (24 gói),,Hàng hóa,aec9e43c-8bc9-11f1-9b18-005056b2a5de,f74742fc-5b9e-416f-b61b-003cea36001b,aea7bdfe-8bc9-11f1-9b18-005056b2a5de,376,097330eb-f92d-4b88-95a8-1a83fd3d8011,
03__BQU__RKE__TOM__192,RICHY KENJU Bánh Quy Vị Tôm 192g,Bánh Quy,Bịch,0.0,0.0,0.0,0.0,0.0,0.0,0.0,0.0,0.0,0.0,0.0,0.0,0.0,0.0,0.0,0.0,0.0,0.0,03__BQU__RKE__TOM__192,RICHY KENJU Bánh Quy Vị Tôm 192g,,Hàng hóa,aec9e4d3-8bc9-11f1-9b18-005056b2a5de,2a373e0b-3da3-4897-a517-4f66e5ef6248,aea7bdfe-8bc9-11f1-9b18-005056b2a5de,377,097330eb-f92d-4b88-95a8-1a83fd3d8011,
03__BXO__BUN__SOC__43,KINDER BUNENO Bánh Socola 43g,Bánh Xốp,Cái,0.0,0.0,0.0,0.0,0.0,0.0,0.0,0.0,0.0,0.0,0.0,0.0,0.0,0.0,49.0,2205000.0,49.0,2205000.0,03__BXO__BUN__SOC__43,KINDER BUNENO Bánh Socola 43g,,Hàng hóa,aec9e567-8bc9-11f1-9b18-005056b2a5de,a3a14b99-d869-4841-9535-8030dcf6b055,aea7bdfe-8bc9-11f1-9b18-005056b2a5de,378,097330eb-f92d-4b88-95a8-1a83fd3d8061,
03__BXO__KAL__SDU__24,KALPA Bánh Xốp Kem Phủ Socola Dừa 24g,Bánh Xốp,Bịch,0.0,0.0,0.0,0.0,0.0,0.0,0.0,0.0,0.0,0.0,0.0,0.0,0.0,0.0,3.0,24000.0,3.0,24000.0,03__BXO__KAL__SDU__24,KALPA Bánh Xốp Kem Phủ Socola Dừa 24g,,Hàng hóa,aec9e6ad-8bc9-11f1-9b18-005056b2a5de,89d426c7-5074-441f-9686-a41760a4829a,aea7bdfe-8bc9-11f1-9b18-005056b2a5de,379,097330eb-f92d-4b88-95a8-1a83fd3d8011,
03__BXO__KCH__PMI__1,KIDO Chocolatos Bánh Xốp Cuộn Vị Phô Mai,Bánh Xốp,Bịch,0.0,0.0,0.0,0.0,0.0,0.0,0.0,0.0,0.0,0.0,0.0,0.0,0.0,0.0,128.0,384000.0,128.0,384000.0,03__BXO__KCH__PMI__1,KIDO Chocolatos Bánh Xốp Cuộn Vị Phô Mai,,Hàng hóa,aec9e742-8bc9-11f1-9b18-005056b2a5de,812ec377-7c57-4c3e-ada6-33f538e570e7,aea7bdfe-8bc9-11f1-9b18-005056b2a5de,380,097330eb-f92d-4b88-95a8-1a83fd3d8011,
03__BXO__KCH__SOC__1,KIDO Chocolatos Bánh Xốp Cuộn Vị Socola,Bánh Xốp,Cái,0.0,0.0,0.0,0.0,0.0,0.0,0.0,0.0,0.0,0.0,0.0,0.0,0.0,0.0,139.0,417000.0,139.0,417000.0,03__BXO__KCH__SOC__1,KIDO Chocolatos Bánh Xốp Cuộn Vị Socola,,Hàng hóa,aec9e810-8bc9-11f1-9b18-005056b2a5de,5df3f1b9-dbbb-439e-8d20-f824f10dfa45,aea7bdfe-8bc9-11f1-9b18-005056b2a5de,381,097330eb-f92d-4b88-95a8-1a83fd3d8061,
03__BXO__KCH__SOD__1,KIDO Chocolatos Bánh Xốp Cuộn Vị Socola Đen,Bánh Xốp,Cái,0.0,0.0,0.0,0.0,0.0,0.0,0.0,0.0,0.0,0.0,0.0,0.0,0.0,0.0,116.0,348000.0,116.0,348000.0,03__BXO__KCH__SOD__1,KIDO Chocolatos Bánh Xốp Cuộn Vị Socola Đen,,Hàng hóa,aec9e8bd-8bc9-11f1-9b18-005056b2a5de,208ba11f-14d3-41ef-af54-116b27c536c6,aea7bdfe-8bc9-11f1-9b18-005056b2a5de,382,097330eb-f92d-4b88-95a8-1a83fd3d8061,
03__BXO__KCH__VAN__1,KIDO Chocolatos Bánh Xốp Cuộn Hương Vani,Bánh Xốp,Cái,0.0,0.0,0.0,0.0,0.0,0.0,0.0,0.0,0.0,0.0,0.0,0.0,0.0,0.0,149.0,447000.0,149.0,447000.0,03__BXO__KCH__VAN__1,KIDO Chocolatos Bánh Xốp Cuộn Hương Vani,,Hàng hóa,aec9e952-8bc9-11f1-9b18-005056b2a5de,436a7603-d1f0-47d7-b4da-1e20189738ef,aea7bdfe-8bc9-11f1-9b18-005056b2a5de,383,097330eb-f92d-4b88-95a8-1a83fd3d8061,
03__BXO__KID__SDN__336,KIDO Chocolatos Bánh Xốp Cuộn Vị Socola Đen 336g,Bánh Xốp,Hộp,0.0,0.0,0.0,0.0,0.0,0.0,0.0,0.0,0.0,0.0,0.0,0.0,0.0,0.0,5.0,350000.0,5.0,350000.0,03__BXO__KID__SDN__336,KIDO Chocolatos Bánh Xốp Cuộn Vị Socola Đen 336g,,Hàng hóa,aec9e9ea-8bc9-11f1-9b18-005056b2a5de,f2cf11a7-ad73-46f8-8239-73f888687cb4,aea7bdfe-8bc9-11f1-9b18-005056b2a5de,384,097330eb-f92d-4b88-95a8-1a83fd3d8064,
03__BXO__KID__SOC__336,KIDO Chocolatos Bánh Xốp Cuộn Vị Socola 336g,Bánh Xốp,Hộp,0.0,0.0,0.0,0.0,0.0,0.0,0.0,0.0,0.0,0.0,0.0,0.0,0.0,0.0,4.0,280000.0,4.0,280000.0,03__BXO__KID__SOC__336,KIDO Chocolatos Bánh Xốp Cuộn Vị Socola 336g,,Hàng hóa,aec9ea7f-8bc9-11f1-9b18-005056b2a5de,bf07900e-15b7-4ee4-b666-49fd9863804c,aea7bdfe-8bc9-11f1-9b18-005056b2a5de,385,097330eb-f92d-4b88-95a8-1a83fd3d8064,
03__BXO__KID__VAN__288,KIDO Chocolatos Bánh Xốp Cuộn Hương Vani 288g,Bánh Xốp,Hộp,0.0,0.0,0.0,0.0,0.0,0.0,0.0,0.0,0.0,0.0,0.0,0.0,0.0,0.0,7.0,490000.0,7.0,490000.0,03__BXO__KID__VAN__288,KIDO Chocolatos Bánh Xốp Cuộn Hương Vani 288g,,Hàng hóa,aec9eb17-8bc9-11f1-9b18-005056b2a5de,d04fbcd2-b50f-4fc0-93c0-9c4fed0bb947,aea7bdfe-8bc9-11f1-9b18-005056b2a5de,386,097330eb-f92d-4b88-95a8-1a83fd3d8064,
03__BXO__KIT__DAU__17,KITKAT Bánh Xốp Dâu Gói 17g,Bánh Xốp,Cái,0.0,0.0,0.0,0.0,0.0,0.0,0.0,0.0,0.0,0.0,0.0,0.0,0.0,0.0,0.0,0.0,0.0,0.0,03__BXO__KIT__DAU__17,KITKAT Bánh Xốp Dâu Gói 17g,,Hàng hóa,aec9ebab-8bc9-11f1-9b18-005056b2a5de,7b3eca23-c87b-43bc-aebe-ee38067683f2,aea7bdfe-8bc9-11f1-9b18-005056b2a5de,387,097330eb-f92d-4b88-95a8-1a83fd3d8061,
03__BXO__KIT__MLO__16,KITKAT Bánh Xốp Milo Gói 16g,Bánh Xốp,Cái,0.0,0.0,0.0,0.0,0.0,0.0,0.0,0.0,0.0,0.0,0.0,0.0,0.0,0.0,126.0,2520000.0,126.0,2520000.0,03__BXO__KIT__MLO__16,KITKAT Bánh Xốp Milo Gói 16g,,Hàng hóa,aec9ec40-8bc9-11f1-9b18-005056b2a5de,dc27945b-decc-43a3-ac6f-77bc4e0c44ee,aea7bdfe-8bc9-11f1-9b18-005056b2a5de,388,097330eb-f92d-4b88-95a8-1a83fd3d8061,
03__BXO__KIT__SCS__15,KITKAT Bánh Xốp Socola Sữa Gói 15g,Bánh Xốp,Cái,0.0,0.0,0.0,0.0,0.0,0.0,0.0,0.0,0.0,0.0,0.0,0.0,0.0,0.0,1.0,13000.0,1.0,13000.0,03__BXO__KIT__SCS__15,KITKAT Bánh Xốp Socola Sữa Gói 15g,,Hàng hóa,aec9ecd3-8bc9-11f1-9b18-005056b2a5de,1c2decf8-bd88-4c5f-a6f7-e4737365c632,aea7bdfe-8bc9-11f1-9b18-005056b2a5de,389,097330eb-f92d-4b88-95a8-1a83fd3d8061,
03__BXO__KIT__TXH__17,KITKAT Bánh Xốp Trà Xanh Gói 17g,Bánh Xốp,Cái,0.0,0.0,0.0,0.0,0.0,0.0,0.0,0.0,0.0,0.0,0.0,0.0,0.0,0.0,131.0,2751000.0,131.0,2751000.0,03__BXO__KIT__TXH__17,KITKAT Bánh Xốp Trà Xanh Gói 17g,,Hàng hóa,aec9ed65-8bc9-11f1-9b18-005056b2a5de,4c9dde93-79ac-4125-93d9-8251a3b968a7,aea7bdfe-8bc9-11f1-9b18-005056b2a5de,390,097330eb-f92d-4b88-95a8-1a83fd3d8061,
03__CCY__ROP__CBO__80,ROP Cơm Cháy Chà Bông Túi 80g,Cơm Cháy,Túi,0.0,0.0,0.0,0.0,0.0,0.0,0.0,0.0,0.0,0.0,0.0,0.0,0.0,0.0,2.0,90000.0,2.0,90000.0,03__CCY__ROP__CBO__80,ROP Cơm Cháy Chà Bông Túi 80g,,Hàng hóa,aec9edf7-8bc9-11f1-9b18-005056b2a5de,0785f19a-a240-49ba-9cd4-7c6962afbf70,aea7bdfe-8bc9-11f1-9b18-005056b2a5de,391,097330eb-f92d-4b88-95a8-1a83fd3d8068,
03__CCY__ROP__PMT__80,ROP Cơm Cháy Phôi Mai Trứng Muối Túi 80g,Cơm Cháy,Túi,0.0,0.0,0.0,0.0,0.0,0.0,0.0,0.0,0.0,0.0,0.0,0.0,0.0,0.0,2.0,110000.0,2.0,110000.0,03__CCY__ROP__PMT__80,ROP Cơm Cháy Phôi Mai Trứng Muối Túi 80g,,Hàng hóa,aec9ee92-8bc9-11f1-9b18-005056b2a5de,da59048b-7927-4d8f-832e-d33c166f66ee,aea7bdfe-8bc9-11f1-9b18-005056b2a5de,392,097330eb-f92d-4b88-95a8-1a83fd3d8068,
03__CCY__ROP__RBI__80,ROP Cơm Cháy Rong Biển Chà Bông Túi 80g,Cơm Cháy,Túi,0.0,0.0,0.0,0.0,0.0,0.0,0.0,0.0,0.0,0.0,0.0,0.0,0.0,0.0,0.0,0.0,0.0,0.0,03__CCY__ROP__RBI__80,ROP Cơm Cháy Rong Biển Chà Bông Túi 80g,,Hàng hóa,aec9ef52-8bc9-11f1-9b18-005056b2a5de,b833d9c0-4227-46f1-8cd2-9a0ce79c78b9,aea7bdfe-8bc9-11f1-9b18-005056b2a5de,393,097330eb-f92d-4b88-95a8-1a83fd3d8068,
03__CFG__NES__DDO__288,NESCAFE 3in1 Đỏ Vị Nguyên Bản Hộp 288g,Cà Phê Gói,Hộp,0.0,0.0,0.0,0.0,0.0,0.0,0.0,0.0,0.0,0.0,0.0,0.0,0.0,0.0,3.0,249000.0,3.0,249000.0,03__CFG__NES__DDO__288,NESCAFE 3in1 Đỏ Vị Nguyên Bản Hộp 288g,,Hàng hóa,aec9f015-8bc9-11f1-9b18-005056b2a5de,1eef0917-e16e-4920-a2b8-b2e91f49e893,aea7bdfe-8bc9-11f1-9b18-005056b2a5de,394,097330eb-f92d-4b88-95a8-1a83fd3d8064,
03__CFG__NES__DEN__240,NESCAFE Việt Đen Đá Hộp 240g (15 gói),Cà Phê Gói,Hộp,0.0,0.0,0.0,0.0,0.0,0.0,0.0,0.0,0.0,0.0,0.0,0.0,0.0,0.0,3.0,252000.0,3.0,252000.0,03__CFG__NES__DEN__240,NESCAFE Việt Đen Đá Hộp 240g (15 gói),,Hàng hóa,aec9f141-8bc9-11f1-9b18-005056b2a5de,209b1d6b-1e41-4b72-9ad5-99ff02e90849,aea7bdfe-8bc9-11f1-9b18-005056b2a5de,395,097330eb-f92d-4b88-95a8-1a83fd3d8064,
03__CFG__NES__KEM__288,NESCAFE 3in1 Vị Kem Sữa Hộp 288g,Cà Phê Gói,Hộp,0.0,0.0,0.0,0.0,0.0,0.0,0.0,0.0,0.0,0.0,0.0,0.0,0.0,0.0,3.0,219000.0,3.0,219000.0,03__CFG__NES__KEM__288,NESCAFE 3in1 Vị Kem Sữa Hộp 288g,,Hàng hóa,aec9f1d6-8bc9-11f1-9b18-005056b2a5de,28131e21-1d3a-4816-948c-ded31c5da348,aea7bdfe-8bc9-11f1-9b18-005056b2a5de,396,097330eb-f92d-4b88-95a8-1a83fd3d8064,
03__CFG__NES__XAH__288,NESCAFE 3in1 Xanh Vị Rang Đậm,Cà Phê Gói,Hộp,0.0,0.0,0.0,0.0,0.0,0.0,0.0,0.0,0.0,0.0,0.0,0.0,0.0,0.0,-27.0,-189000.0,-27.0,-189000.0,03__CFG__NES__XAH__288,NESCAFE 3in1 Xanh Vị Rang Đậm,,Hàng hóa,aec9f269-8bc9-11f1-9b18-005056b2a5de,d32f3196-464a-4baf-ba09-65aa1383832a,aea7bdfe-8bc9-11f1-9b18-005056b2a5de,397,097330eb-f92d-4b88-95a8-1a83fd3d8064,
03__CFG__VNC__ORI__20,VINACAFE Gold Original Gói 20g,Cà Phê Gói,Gói,0.0,0.0,0.0,0.0,0.0,0.0,0.0,0.0,0.0,0.0,0.0,0.0,0.0,0.0,12.0,60000.0,12.0,60000.0,03__CFG__VNC__ORI__20,VINACAFE Gold Original Gói 20g,,Hàng hóa,aec9f458-8bc9-11f1-9b18-005056b2a5de,10849591-c3ce-4741-b0fb-c026cd20099f,aea7bdfe-8bc9-11f1-9b18-005056b2a5de,398,097330eb-f92d-4b88-95a8-1a83fd3d8067,
03__CFG__VNC__SDA__29,VINACAFE Chất Sài Gòn Cà Phê Sữa Đá Gói 29g,Cà Phê Gói,Gói,0.0,0.0,0.0,0.0,0.0,0.0,0.0,0.0,0.0,0.0,0.0,0.0,0.0,0.0,0.0,0.0,0.0,0.0,03__CFG__VNC__SDA__29,VINACAFE Chất Sài Gòn Cà Phê Sữa Đá Gói 29g,,Hàng hóa,aec9f502-8bc9-11f1-9b18-005056b2a5de,58aee8d1-c1f9-475f-af9a-66f7f768dc24,aea7bdfe-8bc9-11f1-9b18-005056b2a5de,399,097330eb-f92d-4b88-95a8-1a83fd3d8067,
03__CFH__TNN__CLA__204,TRUNG NGUYÊN Legend Classic Cà Phê Hòa Tan 204g,Cà Phê Hộp,Hộp,0.0,0.0,0.0,0.0,0.0,0.0,0.0,0.0,0.0,0.0,0.0,0.0,0.0,0.0,2.0,124000.0,2.0,124000.0,03__CFH__TNN__CLA__204,TRUNG NGUYÊN Legend Classic Cà Phê Hòa Tan 204g,,Hàng hóa,aec9f596-8bc9-11f1-9b18-005056b2a5de,a08f8a92-609d-42d6-89cd-0db71bbcb835,aea7bdfe-8bc9-11f1-9b18-005056b2a5de,400,097330eb-f92d-4b88-95a8-1a83fd3d8064,
03__CFH__TNN__GOU__500,TRUNG NGUYÊN Gourmet Blend Cà Phê Rang Xay 500g,Cà Phê Hộp,Hộp,0.0,0.0,0.0,0.0,0.0,0.0,0.0,0.0,0.0,0.0,0.0,0.0,0.0,0.0,11.0,1947000.0,11.0,1947000.0,03__CFH__TNN__GOU__500,TRUNG NGUYÊN Gourmet Blend Cà Phê Rang Xay 500g,,Hàng hóa,aec9f62d-8bc9-11f1-9b18-005056b2a5de,a664ff9a-80a8-49f6-bd20-e446aa256fac,aea7bdfe-8bc9-11f1-9b18-005056b2a5de,401,097330eb-f92d-4b88-95a8-1a83fd3d8064,
03__CFH__TNN__PAS__224,TRUNG NGUYÊN Legend Passiona Cà Phê Hòa Tan 224g,Cà Phê Hộp,Hộp,0.0,0.0,0.0,0.0,0.0,0.0,0.0,0.0,0.0,0.0,0.0,0.0,0.0,0.0,7.0,630000.0,7.0,630000.0,03__CFH__TNN__PAS__224,TRUNG NGUYÊN Legend Passiona Cà Phê Hòa Tan 224g,,Hàng hóa,aec9f6c4-8bc9-11f1-9b18-005056b2a5de,15d5e764-ca19-4e4c-86d8-a59e2fd5b7c5,aea7bdfe-8bc9-11f1-9b18-005056b2a5de,402,097330eb-f92d-4b88-95a8-1a83fd3d8064,
03__CFH__TNN__STO__340,TRUNG NGUYÊN Sáng Tạo 1 Cà Phê Rang Xay 340g,Cà Phê Hộp,Hộp,0.0,0.0,0.0,0.0,0.0,0.0,0.0,0.0,0.0,0.0,0.0,0.0,0.0,0.0,4.0,384000.0,4.0,384000.0,03__CFH__TNN__STO__340,TRUNG NGUYÊN Sáng Tạo 1 Cà Phê Rang Xay 340g,,Hàng hóa,aec9f75a-8bc9-11f1-9b18-005056b2a5de,899f1709-540c-4e96-8bbe-2679e2b36893,aea7bdfe-8bc9-11f1-9b18-005056b2a5de,403,097330eb-f92d-4b88-95a8-1a83fd3d8064,
03__CGA__ALA__CNG__26,ALACO Chân Gà Rút Xương Vị Cay Ngọt 26g,Chân Gà,Cái,3.0,42000.0,0.0,0.0,0.0,0.0,0.0,0.0,0.0,0.0,0.0,0.0,0.0,0.0,-29.0,-406000.0,-29.0,-406000.0,03__CGA__ALA__CNG__26,ALACO Chân Gà Rút Xương Vị Cay Ngọt 26g,,Hàng hóa,aec9f81e-8bc9-11f1-9b18-005056b2a5de,a1b7093f-87d3-469c-806e-4a20921805f4,aea7bdfe-8bc9-11f1-9b18-005056b2a5de,404,097330eb-f92d-4b88-95a8-1a83fd3d8061,
03__CGA__ALA__ORI__26,ALACO Chân Gà R.X Truyền Thống 26g,Chân Gà,Cái,1.0,14000.0,0.0,0.0,0.0,0.0,0.0,0.0,0.0,0.0,0.0,0.0,0.0,0.0,-30.0,-420000.0,-30.0,-420000.0,03__CGA__ALA__ORI__26,ALACO Chân Gà R.X Truyền Thống 26g,,Hàng hóa,aec9f8b3-8bc9-11f1-9b18-005056b2a5de,cdfb3e78-caa9-469b-a3f3-8ca45ac64bdc,aea7bdfe-8bc9-11f1-9b18-005056b2a5de,405,097330eb-f92d-4b88-95a8-1a83fd3d8061,
03__CGA__ALA__TCA__35,ALACO Chân Gà Vị Tê Cay 35g,Chân Gà,Cái,0.0,0.0,0.0,0.0,0.0,0.0,0.0,0.0,0.0,0.0,0.0,0.0,0.0,0.0,0.0,0.0,0.0,0.0,03__CGA__ALA__TCA__35,ALACO Chân Gà Vị Tê Cay 35g,,Hàng hóa,aec9f948-8bc9-11f1-9b18-005056b2a5de,1f481ef9-bfb0-45ba-a751-f7a12f771333,aea7bdfe-8bc9-11f1-9b18-005056b2a5de,406,097330eb-f92d-4b88-95a8-1a83fd3d8061,
03__DPG__TAN__MIX__200,TÂN TÂN Đậu Phộng Mix Hộp 200g,Đậu Phộng,Hộp,0.0,0.0,0.0,0.0,0.0,0.0,0.0,0.0,0.0,0.0,0.0,0.0,0.0,0.0,23.0,1656000.0,23.0,1656000.0,03__DPG__TAN__MIX__200,TÂN TÂN Đậu Phộng Mix Hộp 200g,,Hàng hóa,aec9fa07-8bc9-11f1-9b18-005056b2a5de,d5840b67-59e4-4647-8b47-0ca754e9d630,aea7bdfe-8bc9-11f1-9b18-005056b2a5de,407,097330eb-f92d-4b88-95a8-1a83fd3d8064,
03__DPG__TAN__TCY__28,TÂN TÂN Đậu Phộng Vị Tôm Gói 28g,Đậu Phộng,Gói,0.0,0.0,0.0,0.0,0.0,0.0,0.0,0.0,0.0,0.0,0.0,0.0,0.0,0.0,36.0,288000.0,36.0,288000.0,03__DPG__TAN__TCY__28,TÂN TÂN Đậu Phộng Vị Tôm Gói 28g,,Hàng hóa,aec9fac9-8bc9-11f1-9b18-005056b2a5de,5d1f1335-be20-4eb3-9acb-4c58eca6c2af,aea7bdfe-8bc9-11f1-9b18-005056b2a5de,408,097330eb-f92d-4b88-95a8-1a83fd3d8067,
03__DPG__TAN__TOT__200,TÂN TÂN Đậu Phộng Tỏi Ớt Hộp 200g,Đậu Phộng,Hộp,0.0,0.0,0.0,0.0,0.0,0.0,0.0,0.0,0.0,0.0,0.0,0.0,0.0,0.0,17.0,1275000.0,17.0,1275000.0,03__DPG__TAN__TOT__200,TÂN TÂN Đậu Phộng Tỏi Ớt Hộp 200g,,Hàng hóa,aec9fb5d-8bc9-11f1-9b18-005056b2a5de,ab03a635-8665-4037-b8fe-82312381d4d6,aea7bdfe-8bc9-11f1-9b18-005056b2a5de,409,097330eb-f92d-4b88-95a8-1a83fd3d8064,
03__DPG__TAN__TOT__28,TÂN TÂN Đậu Phộng Nước Cốt Dừa 28g,Đậu Phộng,Gói,0.0,0.0,0.0,0.0,0.0,0.0,0.0,0.0,0.0,0.0,0.0,0.0,0.0,0.0,15.0,120000.0,15.0,120000.0,03__DPG__TAN__TOT__28,TÂN TÂN Đậu Phộng Nước Cốt Dừa 28g,,Hàng hóa,aec9fbf0-8bc9-11f1-9b18-005056b2a5de,284a3c20-e934-45e8-83a0-9698f91894f5,aea7bdfe-8bc9-11f1-9b18-005056b2a5de,410,097330eb-f92d-4b88-95a8-1a83fd3d8067,
03__HBI__TDT__MUO__50,TRƯỜNG ĐẠT Hạt Bí Rang Củi Vị Muối Truyền Thống 50g,Hạt Bí,Bịch,0.0,0.0,0.0,0.0,0.0,0.0,0.0,0.0,0.0,0.0,0.0,0.0,0.0,0.0,14.0,210000.0,14.0,210000.0,03__HBI__TDT__MUO__50,TRƯỜNG ĐẠT Hạt Bí Rang Củi Vị Muối Truyền Thống 50g,,Hàng hóa,aec9fc85-8bc9-11f1-9b18-005056b2a5de,d6aba3a4-6216-491b-88bf-197f4670dcc2,aea7bdfe-8bc9-11f1-9b18-005056b2a5de,411,097330eb-f92d-4b88-95a8-1a83fd3d8011,
03__HBI__TDT__MUO__500,TRƯỜNG ĐẠT Hạt Bí Rang Củi Vị Muối Truyền Thống 500g,Hạt Bí,Bịch,0.0,0.0,0.0,0.0,0.0,0.0,0.0,0.0,0.0,0.0,0.0,0.0,0.0,0.0,0.0,0.0,0.0,0.0,03__HBI__TDT__MUO__500,TRƯỜNG ĐẠT Hạt Bí Rang Củi Vị Muối Truyền Thống 500g,,Hàng hóa,aec9fd1d-8bc9-11f1-9b18-005056b2a5de,3f6cd4e1-8c5d-476f-841f-43df36825d9c,aea7bdfe-8bc9-11f1-9b18-005056b2a5de,412,097330eb-f92d-4b88-95a8-1a83fd3d8011,
03__HDA__TDT__CUI__40,TRƯỜNG ĐẠT Hạt Dưa Rang Củi 40g,Hạt Dưa,Bịch,0.0,0.0,0.0,0.0,0.0,0.0,0.0,0.0,0.0,0.0,0.0,0.0,0.0,0.0,151.0,2265000.0,151.0,2265000.0,03__HDA__TDT__CUI__40,TRƯỜNG ĐẠT Hạt Dưa Rang Củi 40g,,Hàng hóa,aec9fdc4-8bc9-11f1-9b18-005056b2a5de,cb0c5437-09a5-4a1d-97a3-d991ff8d6b22,aea7bdfe-8bc9-11f1-9b18-005056b2a5de,413,097330eb-f92d-4b88-95a8-1a83fd3d8011,
03__HDA__TDT__CUI__500,TRƯỜNG ĐẠT Hạt Dưa Rang Củi 500g,Hạt Dưa,Bịch,0.0,0.0,0.0,0.0,0.0,0.0,0.0,0.0,0.0,0.0,0.0,0.0,0.0,0.0,3.0,450000.0,3.0,450000.0,03__HDA__TDT__CUI__500,TRƯỜNG ĐẠT Hạt Dưa Rang Củi 500g,,Hàng hóa,aec9fe67-8bc9-11f1-9b18-005056b2a5de,34097d14-cfd5-4c17-a770-62d57f60c544,aea7bdfe-8bc9-11f1-9b18-005056b2a5de,414,097330eb-f92d-4b88-95a8-1a83fd3d8011,
03__HDG__CHA__BIH__130,CHACHEER Hạt Hướng Dương Dừa 130g,Hạt Hướng Dương,Bịch,0.0,0.0,0.0,0.0,0.0,0.0,0.0,0.0,0.0,0.0,0.0,0.0,0.0,0.0,17.0,714000.0,17.0,714000.0,03__HDG__CHA__BIH__130,CHACHEER Hạt Hướng Dương Dừa 130g,,Hàng hóa,aec9ff26-8bc9-11f1-9b18-005056b2a5de,1166326d-f085-442a-9252-5abaf245c1e0,aea7bdfe-8bc9-11f1-9b18-005056b2a5de,415,097330eb-f92d-4b88-95a8-1a83fd3d8011,
03__HDG__CHA__DUA__40,CHACHEER Hạt Hướng Dương Dừa 40g,Hạt Hướng Dương,Bịch,0.0,0.0,0.0,0.0,0.0,0.0,0.0,0.0,0.0,0.0,0.0,0.0,0.0,0.0,0.0,0.0,0.0,0.0,03__HDG__CHA__DUA__40,CHACHEER Hạt Hướng Dương Dừa 40g,,Hàng hóa,aec9ffc0-8bc9-11f1-9b18-005056b2a5de,490bbbb2-9cad-45fb-8e4c-e579679cdffd,aea7bdfe-8bc9-11f1-9b18-005056b2a5de,416,097330eb-f92d-4b88-95a8-1a83fd3d8011,
03__HDG__CHA__NAM__100,CHACHEER Hạt Hướng Dương Nấm Trufle 100g,Hạt Hướng Dương,Bịch,0.0,0.0,0.0,0.0,0.0,0.0,0.0,0.0,0.0,0.0,0.0,0.0,0.0,0.0,0.0,0.0,0.0,0.0,03__HDG__CHA__NAM__100,CHACHEER Hạt Hướng Dương Nấm Trufle 100g,,Hàng hóa,aeca005e-8bc9-11f1-9b18-005056b2a5de,de779616-0e4a-41ca-a2fd-c051643add4f,aea7bdfe-8bc9-11f1-9b18-005056b2a5de,417,097330eb-f92d-4b88-95a8-1a83fd3d8011,
03__HDG__TDT__DUA__40,TRƯỜNG ĐẠT Hạt Hướng Dương Vị Dừa 40g,Hạt Hướng Dương,Bịch,0.0,0.0,0.0,0.0,0.0,0.0,0.0,0.0,0.0,0.0,0.0,0.0,0.0,0.0,48.0,672000.0,48.0,672000.0,03__HDG__TDT__DUA__40,TRƯỜNG ĐẠT Hạt Hướng Dương Vị Dừa 40g,,Hàng hóa,aeca0125-8bc9-11f1-9b18-005056b2a5de,eb990db2-07c3-4379-8c8a-684eb1fbf713,aea7bdfe-8bc9-11f1-9b18-005056b2a5de,418,097330eb-f92d-4b88-95a8-1a83fd3d8011,
03__KCU__APL__2CH__84,ALPENLIEBE Kẹo 2CHEW Dâu & Nho 84g,Kẹo Cứng,Bịch,0.0,0.0,0.0,0.0,0.0,0.0,0.0,0.0,0.0,0.0,0.0,0.0,0.0,0.0,0.0,0.0,0.0,0.0,03__KCU__APL__2CH__84,ALPENLIEBE Kẹo 2CHEW Dâu & Nho 84g,,Hàng hóa,aeca01b7-8bc9-11f1-9b18-005056b2a5de,66cb25ff-3453-48ea-94bb-5e0f4ab531ec,aea7bdfe-8bc9-11f1-9b18-005056b2a5de,419,097330eb-f92d-4b88-95a8-1a83fd3d8011,
03__KCU__BIB__HME__70,BIBICA Migita Kẹo Hương Me 70g,Kẹo Cứng,Bịch,0.0,0.0,0.0,0.0,0.0,0.0,0.0,0.0,0.0,0.0,0.0,0.0,0.0,0.0,1.0,12000.0,1.0,12000.0,03__KCU__BIB__HME__70,BIBICA Migita Kẹo Hương Me 70g,,Hàng hóa,aeca024d-8bc9-11f1-9b18-005056b2a5de,f6ef52a6-97de-4304-be35-f2fa308a70be,aea7bdfe-8bc9-11f1-9b18-005056b2a5de,420,097330eb-f92d-4b88-95a8-1a83fd3d8011,
03__KCU__CHU__POP__110,CHUPA CHUPS Kẹo Mút Mega Pop 110g,Kẹo Cứng,Bịch,0.0,0.0,0.0,0.0,0.0,0.0,0.0,0.0,0.0,0.0,0.0,0.0,0.0,0.0,0.0,0.0,0.0,0.0,03__KCU__CHU__POP__110,CHUPA CHUPS Kẹo Mút Mega Pop 110g,,Hàng hóa,aeca02e3-8bc9-11f1-9b18-005056b2a5de,aa9f69a1-e871-4224-bf85-cf4ec342cb16,aea7bdfe-8bc9-11f1-9b18-005056b2a5de,421,097330eb-f92d-4b88-95a8-1a83fd3d8011,
03__KCU__DYN__BHA__112,DYNAMITE Kẹo Bạc Hà Nhân Socola 112g,Kẹo Cứng,Bịch,0.0,0.0,0.0,0.0,0.0,0.0,0.0,0.0,0.0,0.0,0.0,0.0,0.0,0.0,0.0,0.0,0.0,0.0,03__KCU__DYN__BHA__112,DYNAMITE Kẹo Bạc Hà Nhân Socola 112g,,Hàng hóa,aeca0379-8bc9-11f1-9b18-005056b2a5de,62bf2374-b2a7-48b3-8f6f-e6b084b54bcc,aea7bdfe-8bc9-11f1-9b18-005056b2a5de,422,097330eb-f92d-4b88-95a8-1a83fd3d8011,
03__KCU__DYN__OHG__96,DYNAMITE Kẹo Ổi Hồng Muối Ớt 96g,Kẹo Cứng,Bịch,0.0,0.0,0.0,0.0,0.0,0.0,0.0,0.0,0.0,0.0,0.0,0.0,0.0,0.0,0.0,0.0,0.0,0.0,03__KCU__DYN__OHG__96,DYNAMITE Kẹo Ổi Hồng Muối Ớt 96g,,Hàng hóa,aeca04aa-8bc9-11f1-9b18-005056b2a5de,b80eec97-4f95-4c92-97b5-4ef9e94ee717,aea7bdfe-8bc9-11f1-9b18-005056b2a5de,423,097330eb-f92d-4b88-95a8-1a83fd3d8011,
03__KCU__DYN__SBH__112,DYNAMITE Kẹo Nhai Nhân Socola Hương Bạc Hà 112g (Đỏ),Kẹo Cứng,Bịch,0.0,0.0,0.0,0.0,0.0,0.0,0.0,0.0,0.0,0.0,0.0,0.0,0.0,0.0,0.0,0.0,0.0,0.0,03__KCU__DYN__SBH__112,DYNAMITE Kẹo Nhai Nhân Socola Hương Bạc Hà 112g (Đỏ),,Hàng hóa,aeca053d-8bc9-11f1-9b18-005056b2a5de,eae8bdd9-c3a3-4bb9-ae97-c10dc68ffb01,aea7bdfe-8bc9-11f1-9b18-005056b2a5de,424,097330eb-f92d-4b88-95a8-1a83fd3d8011,
03__KCU__DYN__XMO__96,DYNAMITE Kẹo Xoài Muối Ớt 96g,Kẹo Cứng,Bịch,0.0,0.0,0.0,0.0,0.0,0.0,0.0,0.0,0.0,0.0,0.0,0.0,0.0,0.0,0.0,0.0,0.0,0.0,03__KCU__DYN__XMO__96,DYNAMITE Kẹo Xoài Muối Ớt 96g,,Hàng hóa,aeca05d3-8bc9-11f1-9b18-005056b2a5de,e93539cf-1c34-4ef7-adda-5c0ebdc6db2d,aea7bdfe-8bc9-11f1-9b18-005056b2a5de,425,097330eb-f92d-4b88-95a8-1a83fd3d8011,
03__KCU__ESP__CAP__150,ESPREZZO Kẹo Cà Phê Nhân Cà Phê 150g,Kẹo Cứng,Bịch,0.0,0.0,0.0,0.0,0.0,0.0,0.0,0.0,0.0,0.0,0.0,0.0,0.0,0.0,1.0,28000.0,1.0,28000.0,03__KCU__ESP__CAP__150,ESPREZZO Kẹo Cà Phê Nhân Cà Phê 150g,,Hàng hóa,aeca0664-8bc9-11f1-9b18-005056b2a5de,9d5a9f1a-51bf-4276-b6a4-d6a31754b9b9,aea7bdfe-8bc9-11f1-9b18-005056b2a5de,426,097330eb-f92d-4b88-95a8-1a83fd3d8011,
03__KCU__ESP__MOC__150,ESPREZZO Kẹo Cà Phê Nhân Mocha 150g,Kẹo Cứng,Bịch,0.0,0.0,0.0,0.0,0.0,0.0,0.0,0.0,0.0,0.0,0.0,0.0,0.0,0.0,1.0,28000.0,1.0,28000.0,03__KCU__ESP__MOC__150,ESPREZZO Kẹo Cà Phê Nhân Mocha 150g,,Hàng hóa,aeca06fe-8bc9-11f1-9b18-005056b2a5de,b903ab19-2069-4cf7-8a59-50fe273d8cc5,aea7bdfe-8bc9-11f1-9b18-005056b2a5de,427,097330eb-f92d-4b88-95a8-1a83fd3d8011,
03__KCU__ESP__VAN__150,ESPREZZO Kẹo Cà Phê Nhân Vanila 150g,Kẹo Cứng,Bịch,0.0,0.0,0.0,0.0,0.0,0.0,0.0,0.0,0.0,0.0,0.0,0.0,0.0,0.0,0.0,0.0,0.0,0.0,03__KCU__ESP__VAN__150,ESPREZZO Kẹo Cà Phê Nhân Vanila 150g,,Hàng hóa,aeca07d2-8bc9-11f1-9b18-005056b2a5de,2888d5f5-5978-421f-88e3-0be1e311e539,aea7bdfe-8bc9-11f1-9b18-005056b2a5de,428,097330eb-f92d-4b88-95a8-1a83fd3d8011,
03__KCU__FIS__BHA__25,FISHERMAN's FRIEND Kẹo Cay Con Tàu Hương Bạc Hà 25g,Kẹo Cứng,Bịch,0.0,0.0,0.0,0.0,0.0,0.0,0.0,0.0,0.0,0.0,0.0,0.0,0.0,0.0,1.0,33000.0,1.0,33000.0,03__KCU__FIS__BHA__25,FISHERMAN's FRIEND Kẹo Cay Con Tàu Hương Bạc Hà 25g,,Hàng hóa,aeca0868-8bc9-11f1-9b18-005056b2a5de,66a5fcd3-d2e4-48ba-b81e-be1def0d7a01,aea7bdfe-8bc9-11f1-9b18-005056b2a5de,429,097330eb-f92d-4b88-95a8-1a83fd3d8011,
03__KCU__FIS__CHE__25,FISHERMAN'S FRIEND Kẹo Cay Con Tàu Hương Cherry 25g,Kẹo Cứng,Bịch,0.0,0.0,0.0,0.0,0.0,0.0,0.0,0.0,0.0,0.0,0.0,0.0,0.0,0.0,0.0,0.0,0.0,0.0,03__KCU__FIS__CHE__25,FISHERMAN'S FRIEND Kẹo Cay Con Tàu Hương Cherry 25g,,Hàng hóa,aeca0928-8bc9-11f1-9b18-005056b2a5de,0c273acd-cd8d-4b8a-aad3-9d22b606e1f1,aea7bdfe-8bc9-11f1-9b18-005056b2a5de,430,097330eb-f92d-4b88-95a8-1a83fd3d8011,
03__KCU__FIS__QUT__25,FISHERMAN'S FRIEND Kẹo Cay Con Tàu Hương Quýt 25g,Kẹo Cứng,Bịch,0.0,0.0,0.0,0.0,0.0,0.0,0.0,0.0,0.0,0.0,0.0,0.0,0.0,0.0,0.0,0.0,0.0,0.0,03__KCU__FIS__QUT__25,FISHERMAN'S FRIEND Kẹo Cay Con Tàu Hương Quýt 25g,,Hàng hóa,aeca09b8-8bc9-11f1-9b18-005056b2a5de,5975a344-39dd-47f4-82e5-6d48f7141397,aea7bdfe-8bc9-11f1-9b18-005056b2a5de,431,097330eb-f92d-4b88-95a8-1a83fd3d8011,
03__KCU__FIS__SPE__25,FISHERMAN'S FRIEND Kẹo Cay Con Tàu Hương Spearmint 25g,Kẹo Cứng,Bịch,0.0,0.0,0.0,0.0,0.0,0.0,0.0,0.0,0.0,0.0,0.0,0.0,0.0,0.0,1.0,33000.0,1.0,33000.0,03__KCU__FIS__SPE__25,FISHERMAN'S FRIEND Kẹo Cay Con Tàu Hương Spearmint 25g,,Hàng hóa,aeca0a4b-8bc9-11f1-9b18-005056b2a5de,5fd9ed36-9248-4c35-aa02-837898490f7c,aea7bdfe-8bc9-11f1-9b18-005056b2a5de,432,097330eb-f92d-4b88-95a8-1a83fd3d8011,
03__KCU__FRE__APP__150,FRES Kẹo Apple Peach Bịch 150g,Kẹo Cứng,Bịch,0.0,0.0,0.0,0.0,0.0,0.0,0.0,0.0,0.0,0.0,0.0,0.0,0.0,0.0,0.0,0.0,0.0,0.0,03__KCU__FRE__APP__150,FRES Kẹo Apple Peach Bịch 150g,,Hàng hóa,aeca0adf-8bc9-11f1-9b18-005056b2a5de,83dc65d5-d68e-449f-96e9-24523dc7448d,aea7bdfe-8bc9-11f1-9b18-005056b2a5de,433,097330eb-f92d-4b88-95a8-1a83fd3d8011,
03__KCU__FRE__GOI__150,FRES Kẹo The Bịch 150g,Kẹo Cứng,Bịch,0.0,0.0,0.0,0.0,0.0,0.0,0.0,0.0,0.0,0.0,0.0,0.0,0.0,0.0,1.0,28000.0,1.0,28000.0,03__KCU__FRE__GOI__150,FRES Kẹo The Bịch 150g,,Hàng hóa,aeca0b6d-8bc9-11f1-9b18-005056b2a5de,8010c8d8-1bb5-47c8-a9c6-c703da2c82a3,aea7bdfe-8bc9-11f1-9b18-005056b2a5de,434,097330eb-f92d-4b88-95a8-1a83fd3d8011,
03__KCU__GIN__GUG__125,GINGERBON Kẹo Gừng Chanh Mật Ong Vàng 125g,Kẹo Cứng,Bịch,0.0,0.0,0.0,0.0,0.0,0.0,0.0,0.0,0.0,0.0,0.0,0.0,0.0,0.0,0.0,0.0,0.0,0.0,03__KCU__GIN__GUG__125,GINGERBON Kẹo Gừng Chanh Mật Ong Vàng 125g,,Hàng hóa,aeca0c01-8bc9-11f1-9b18-005056b2a5de,17816cf9-5130-4abb-b179-b013f59a784d,aea7bdfe-8bc9-11f1-9b18-005056b2a5de,435,097330eb-f92d-4b88-95a8-1a83fd3d8011,
03__KCU__GIN__HOG__125,GINGERBON Kẹo Gừng Hồng Bịch 125g,Kẹo Cứng,Bịch,0.0,0.0,0.0,0.0,0.0,0.0,0.0,0.0,0.0,0.0,0.0,0.0,0.0,0.0,1.0,31000.0,1.0,31000.0,03__KCU__GIN__HOG__125,GINGERBON Kẹo Gừng Hồng Bịch 125g,,Hàng hóa,aeca0c90-8bc9-11f1-9b18-005056b2a5de,aa6bfc06-ba0d-4f3a-b32b-6dc76c2d211d,aea7bdfe-8bc9-11f1-9b18-005056b2a5de,436,097330eb-f92d-4b88-95a8-1a83fd3d8011,
03__KCU__GOL__ACT__109,GOLIA ACTIVE+ Kẹo 108.9g,Kẹo Cứng,Bịch,0.0,0.0,0.0,0.0,0.0,0.0,0.0,0.0,0.0,0.0,0.0,0.0,0.0,0.0,6.0,180000.0,6.0,180000.0,03__KCU__GOL__ACT__109,GOLIA ACTIVE+ Kẹo 108.9g,,Hàng hóa,aeca0d20-8bc9-11f1-9b18-005056b2a5de,c6750fbe-c443-4173-8065-09c5065ccc99,aea7bdfe-8bc9-11f1-9b18-005056b2a5de,437,097330eb-f92d-4b88-95a8-1a83fd3d8011,
03__KCU__KOP__CFE__135,KOPIKO Kẹo Cà Phê 135g,Kẹo Cứng,Bịch,0.0,0.0,0.0,0.0,0.0,0.0,0.0,0.0,0.0,0.0,0.0,0.0,0.0,0.0,0.0,0.0,0.0,0.0,03__KCU__KOP__CFE__135,KOPIKO Kẹo Cà Phê 135g,,Hàng hóa,aeca0ddd-8bc9-11f1-9b18-005056b2a5de,1384b968-2bf4-4b39-a4d4-19050f0dc3e9,aea7bdfe-8bc9-11f1-9b18-005056b2a5de,438,097330eb-f92d-4b88-95a8-1a83fd3d8011,
03__KCU__MTS__QMO__1,MENTOS Kẹo Nhai Hương Quả Mọng,Kẹo Cứng,Bịch,0.0,0.0,0.0,0.0,0.0,0.0,0.0,0.0,0.0,0.0,0.0,0.0,0.0,0.0,10.0,120000.0,10.0,120000.0,03__KCU__MTS__QMO__1,MENTOS Kẹo Nhai Hương Quả Mọng,,Hàng hóa,aeca0e6e-8bc9-11f1-9b18-005056b2a5de,4640dc76-a9cf-496f-a42e-6d17b63ded61,aea7bdfe-8bc9-11f1-9b18-005056b2a5de,439,097330eb-f92d-4b88-95a8-1a83fd3d8011,
03__KCU__ORO__BHA__84,ORION Kẹo Cứng Họng Bạc Hà Thảo Mộc 84g,Kẹo Cứng,Bịch,0.0,0.0,0.0,0.0,0.0,0.0,0.0,0.0,0.0,0.0,0.0,0.0,0.0,0.0,11.0,231000.0,11.0,231000.0,03__KCU__ORO__BHA__84,ORION Kẹo Cứng Họng Bạc Hà Thảo Mộc 84g,,Hàng hóa,aeca0f2a-8bc9-11f1-9b18-005056b2a5de,5019a4a9-08d2-4cee-b3b9-b27f3a9126f7,aea7bdfe-8bc9-11f1-9b18-005056b2a5de,440,097330eb-f92d-4b88-95a8-1a83fd3d8011,
03__KCU__ORO__GMO__84,ORION Kẹo Cứng Họng Gừng Mật Ong 84g,Kẹo Cứng,Bịch,0.0,0.0,0.0,0.0,0.0,0.0,0.0,0.0,0.0,0.0,0.0,0.0,0.0,0.0,0.0,0.0,0.0,0.0,03__KCU__ORO__GMO__84,ORION Kẹo Cứng Họng Gừng Mật Ong 84g,,Hàng hóa,aeca0fbb-8bc9-11f1-9b18-005056b2a5de,0f448f3c-fb97-474a-9cbb-80d89fb527d8,aea7bdfe-8bc9-11f1-9b18-005056b2a5de,441,097330eb-f92d-4b88-95a8-1a83fd3d8011,
03__KCU__ORO__QMO__84,ORION Kẹo Cứng Họng Quất Mật Ong 84g,Kẹo Cứng,Bịch,0.0,0.0,0.0,0.0,0.0,0.0,0.0,0.0,0.0,0.0,0.0,0.0,0.0,0.0,11.0,231000.0,11.0,231000.0,03__KCU__ORO__QMO__84,ORION Kẹo Cứng Họng Quất Mật Ong 84g,,Hàng hóa,aeca104d-8bc9-11f1-9b18-005056b2a5de,ddb8504c-813e-4ed9-adad-83678cc2a2a8,aea7bdfe-8bc9-11f1-9b18-005056b2a5de,442,097330eb-f92d-4b88-95a8-1a83fd3d8011,
03__KCU__PLA__COL__22,PLAYMORE Kẹo The Cool 22g,Kẹo Cứng,Hũ,0.0,0.0,0.0,0.0,0.0,0.0,0.0,0.0,0.0,0.0,0.0,0.0,0.0,0.0,0.0,0.0,0.0,0.0,03__KCU__PLA__COL__22,PLAYMORE Kẹo The Cool 22g,,Hàng hóa,aeca1120-8bc9-11f1-9b18-005056b2a5de,0e111024-6e14-49e1-9314-80bcc30f43d6,aea7bdfe-8bc9-11f1-9b18-005056b2a5de,443,315cd7c9-f951-4e88-888d-9acc60b4a4fc,
03__KCU__PLA__DAO__22,PLAYMORE Kẹo Đào Sakura 22g,Kẹo Cứng,Hũ,0.0,0.0,0.0,0.0,0.0,0.0,0.0,0.0,0.0,0.0,0.0,0.0,0.0,0.0,0.0,0.0,0.0,0.0,03__KCU__PLA__DAO__22,PLAYMORE Kẹo Đào Sakura 22g,,Hàng hóa,aeca11b1-8bc9-11f1-9b18-005056b2a5de,c3271556-f7e7-41cf-a47b-56e5f7f3fbb9,aea7bdfe-8bc9-11f1-9b18-005056b2a5de,444,315cd7c9-f951-4e88-888d-9acc60b4a4fc,
03__KCU__PLA__DHU__22,PLAYMORE Kẹo Dưa Hấu 22g,Kẹo Cứng,Hũ,0.0,0.0,0.0,0.0,0.0,0.0,0.0,0.0,0.0,0.0,0.0,0.0,0.0,0.0,1.0,42000.0,1.0,42000.0,03__KCU__PLA__DHU__22,PLAYMORE Kẹo Dưa Hấu 22g,,Hàng hóa,aeca1240-8bc9-11f1-9b18-005056b2a5de,411baaef-7dec-4744-b56b-284178af05ed,aea7bdfe-8bc9-11f1-9b18-005056b2a5de,445,315cd7c9-f951-4e88-888d-9acc60b4a4fc,
03__KCU__PLA__TXH__22,PLAYMORE Kẹo The Táo Xanh 22g,Kẹo Cứng,Hũ,0.0,0.0,0.0,0.0,0.0,0.0,0.0,0.0,0.0,0.0,0.0,0.0,0.0,0.0,0.0,0.0,0.0,0.0,03__KCU__PLA__TXH__22,PLAYMORE Kẹo The Táo Xanh 22g,,Hàng hóa,aeca12d1-8bc9-11f1-9b18-005056b2a5de,5b89d713-4ab5-45dd-a2d8-6d8fc16217e0,aea7bdfe-8bc9-11f1-9b18-005056b2a5de,446,315cd7c9-f951-4e88-888d-9acc60b4a4fc,
03__KCU__SKI__CHU__40,SKITTLES Kẹo Trái Cây Vị Chua 40g,Kẹo Cứng,Bịch,0.0,0.0,0.0,0.0,0.0,0.0,0.0,0.0,0.0,0.0,0.0,0.0,0.0,0.0,21.0,546000.0,21.0,546000.0,03__KCU__SKI__CHU__40,SKITTLES Kẹo Trái Cây Vị Chua 40g,,Hàng hóa,aeca1364-8bc9-11f1-9b18-005056b2a5de,4fe07b6a-6500-4acc-aa83-4b919256e9be,aea7bdfe-8bc9-11f1-9b18-005056b2a5de,447,097330eb-f92d-4b88-95a8-1a83fd3d8011,
03__KCU__SKI__ORI__45,SKITTLES Kẹo Trái Cây Vị Truyền Thống 45g,Kẹo Cứng,Bịch,0.0,0.0,0.0,0.0,0.0,0.0,0.0,0.0,0.0,0.0,0.0,0.0,0.0,0.0,24.0,720000.0,24.0,720000.0,03__KCU__SKI__ORI__45,SKITTLES Kẹo Trái Cây Vị Truyền Thống 45g,,Hàng hóa,aeca13f2-8bc9-11f1-9b18-005056b2a5de,adeb3fd6-b267-4fb3-9703-169eab6dcd41,aea7bdfe-8bc9-11f1-9b18-005056b2a5de,448,097330eb-f92d-4b88-95a8-1a83fd3d8011,
03__KCU__SKI__SCA__40,SKITTLES Kẹo Trái Cây Vị Sữa Chua 40g,Kẹo Cứng,Bịch,0.0,0.0,0.0,0.0,0.0,0.0,0.0,0.0,0.0,0.0,0.0,0.0,0.0,0.0,28.0,728000.0,28.0,728000.0,03__KCU__SKI__SCA__40,SKITTLES Kẹo Trái Cây Vị Sữa Chua 40g,,Hàng hóa,aeca1482-8bc9-11f1-9b18-005056b2a5de,828f95c1-dbad-466d-a92f-a00030a0d50a,aea7bdfe-8bc9-11f1-9b18-005056b2a5de,449,097330eb-f92d-4b88-95a8-1a83fd3d8011,
03__KCU__THA__VIC__120,THÁI LAN Kẹo Chanh Muối Vitamin C 120g,Kẹo Cứng,Bịch,0.0,0.0,0.0,0.0,0.0,0.0,0.0,0.0,0.0,0.0,0.0,0.0,0.0,0.0,5.0,200000.0,5.0,200000.0,03__KCU__THA__VIC__120,THÁI LAN Kẹo Chanh Muối Vitamin C 120g,,Hàng hóa,aeca1515-8bc9-11f1-9b18-005056b2a5de,d1eb7968-85f6-4672-a3e1-3ae795b8cf3f,aea7bdfe-8bc9-11f1-9b18-005056b2a5de,450,097330eb-f92d-4b88-95a8-1a83fd3d8011,
03__KCU__XYL__BLU__60,LOTTE Kẹo Bluemarine Không Đường 60g,Kẹo Cứng,Bịch,0.0,0.0,0.0,0.0,0.0,0.0,0.0,0.0,0.0,0.0,0.0,0.0,0.0,0.0,6.0,228000.0,6.0,228000.0,03__KCU__XYL__BLU__60,LOTTE Kẹo Bluemarine Không Đường 60g,,Hàng hóa,aeca15a6-8bc9-11f1-9b18-005056b2a5de,fe792dd8-0d9d-4332-b8ee-3dbf151c88b7,aea7bdfe-8bc9-11f1-9b18-005056b2a5de,451,097330eb-f92d-4b88-95a8-1a83fd3d8011,
03__KCU__XYL__CHH__74,LOTTE Kẹo Hương Chanh Không Đường 74g,Kẹo Cứng,Bịch,0.0,0.0,0.0,0.0,0.0,0.0,0.0,0.0,0.0,0.0,0.0,0.0,0.0,0.0,4.0,152000.0,4.0,152000.0,03__KCU__XYL__CHH__74,LOTTE Kẹo Hương Chanh Không Đường 74g,,Hàng hóa,aeca16ed-8bc9-11f1-9b18-005056b2a5de,b997f289-dfb5-4aee-9295-9f83dc0594db,aea7bdfe-8bc9-11f1-9b18-005056b2a5de,452,097330eb-f92d-4b88-95a8-1a83fd3d8011,
03__KDE__CHU__BEL__50,CHUPA CHUPS Kẹo Dẻo Sugar BELT 1M*50g,Kẹo Dẻo,Bịch,0.0,0.0,0.0,0.0,0.0,0.0,0.0,0.0,0.0,0.0,0.0,0.0,0.0,0.0,42.0,840000.0,42.0,840000.0,03__KDE__CHU__BEL__50,CHUPA CHUPS Kẹo Dẻo Sugar BELT 1M*50g,,Hàng hóa,aeca177e-8bc9-11f1-9b18-005056b2a5de,948594b1-8d4f-41fa-8d9c-594a7338e9dd,aea7bdfe-8bc9-11f1-9b18-005056b2a5de,453,097330eb-f92d-4b88-95a8-1a83fd3d8011,
03__KDE__CHU__DAU__105,CHUPA CHUPS Kẹo Mút Hương Dâu,Kẹo Cứng,Bịch,0.0,0.0,0.0,0.0,0.0,0.0,0.0,0.0,0.0,0.0,0.0,0.0,0.0,0.0,7.0,70000.0,7.0,70000.0,03__KDE__CHU__DAU__105,CHUPA CHUPS Kẹo Mút Hương Dâu,,Hàng hóa,aeca1813-8bc9-11f1-9b18-005056b2a5de,e986cb52-c76e-4a7f-b12b-7c122c14d26c,aea7bdfe-8bc9-11f1-9b18-005056b2a5de,454,097330eb-f92d-4b88-95a8-1a83fd3d8011,
03__KDE__CHU__HOP__105,CHUPA CHUPS Kẹo Dẻo Gieo Quẻ Hộp 105g,Kẹo Dẻo,Hộp,0.0,0.0,0.0,0.0,0.0,0.0,0.0,0.0,0.0,0.0,0.0,0.0,0.0,0.0,0.0,0.0,0.0,0.0,03__KDE__CHU__HOP__105,CHUPA CHUPS Kẹo Dẻo Gieo Quẻ Hộp 105g,,Hàng hóa,aeca18a6-8bc9-11f1-9b18-005056b2a5de,46b00225-510a-4979-a593-fe3384fd266b,aea7bdfe-8bc9-11f1-9b18-005056b2a5de,455,097330eb-f92d-4b88-95a8-1a83fd3d8064,
03__KDE__CHU__MUT__7,CHUPA CHUPS Kẹo Mút Hương Tổng Hợp,Kẹo Cứng,Cái,1.0,3000.0,0.0,0.0,0.0,0.0,0.0,0.0,0.0,0.0,0.0,0.0,0.0,0.0,135.0,405000.0,135.0,405000.0,03__KDE__CHU__MUT__7,CHUPA CHUPS Kẹo Mút Hương Tổng Hợp,,Hàng hóa,aeca1967-8bc9-11f1-9b18-005056b2a5de,1f218227-5da6-4b17-861e-e2fff3ffde63,aea7bdfe-8bc9-11f1-9b18-005056b2a5de,456,097330eb-f92d-4b88-95a8-1a83fd3d8061,
03__KDE__CHU__TCY__7,CHUPA CHUPS Kẹo Dẻo S.BELT 7g,Kẹo Dẻo,Cái,0.0,0.0,0.0,0.0,0.0,0.0,0.0,0.0,0.0,0.0,0.0,0.0,0.0,0.0,0.0,0.0,0.0,0.0,03__KDE__CHU__TCY__7,CHUPA CHUPS Kẹo Dẻo S.BELT 7g,,Hàng hóa,aeca1a32-8bc9-11f1-9b18-005056b2a5de,e7681373-71cd-4883-b5d7-37ff62da81bf,aea7bdfe-8bc9-11f1-9b18-005056b2a5de,457,097330eb-f92d-4b88-95a8-1a83fd3d8061,
03__KDE__HAR__BDO__80,HARIBO HAPPYCOLA Kẹo Dẻo Bịch Đỏ 80g,Kẹo Dẻo,Bịch,0.0,0.0,0.0,0.0,0.0,0.0,0.0,0.0,0.0,0.0,0.0,0.0,0.0,0.0,6.0,240000.0,6.0,240000.0,03__KDE__HAR__BDO__80,HARIBO HAPPYCOLA Kẹo Dẻo Bịch Đỏ 80g,,Hàng hóa,aeca1ac9-8bc9-11f1-9b18-005056b2a5de,b098ba4e-d635-4113-ba0b-d7d5d5258efa,aea7bdfe-8bc9-11f1-9b18-005056b2a5de,458,097330eb-f92d-4b88-95a8-1a83fd3d8011,
03__KDE__HAR__VAG__80,HARIBO GOLDBEARS Kẹo Dẻo Bịch Vàng 80g,Kẹo Dẻo,Bịch,0.0,0.0,0.0,0.0,0.0,0.0,0.0,0.0,0.0,0.0,0.0,0.0,0.0,0.0,12.0,480000.0,12.0,480000.0,03__KDE__HAR__VAG__80,HARIBO GOLDBEARS Kẹo Dẻo Bịch Vàng 80g,,Hàng hóa,aeca1b73-8bc9-11f1-9b18-005056b2a5de,baffac4e-f459-4ffe-8567-3d3b3029543c,aea7bdfe-8bc9-11f1-9b18-005056b2a5de,459,097330eb-f92d-4b88-95a8-1a83fd3d8011,
03__KDE__HAR__XAH__80,HARIBO GOLDBEARS Kẹo Dẻo Starmix Xanh 80g,Kẹo Dẻo,Bịch,0.0,0.0,0.0,0.0,0.0,0.0,0.0,0.0,0.0,0.0,0.0,0.0,0.0,0.0,6.0,252000.0,6.0,252000.0,03__KDE__HAR__XAH__80,HARIBO GOLDBEARS Kẹo Dẻo Starmix Xanh 80g,,Hàng hóa,aeca1c07-8bc9-11f1-9b18-005056b2a5de,14744dda-5794-4562-8176-53bcbebe480e,aea7bdfe-8bc9-11f1-9b18-005056b2a5de,460,097330eb-f92d-4b88-95a8-1a83fd3d8011,
03__KDE__HAR__XLC__80,HARIBO WORMS Kẹo Dẻo Bịch Xanh Lá Cây 80g,Kẹo Dẻo,Bịch,0.0,0.0,0.0,0.0,0.0,0.0,0.0,0.0,0.0,0.0,0.0,0.0,0.0,0.0,10.0,400000.0,10.0,400000.0,03__KDE__HAR__XLC__80,HARIBO WORMS Kẹo Dẻo Bịch Xanh Lá Cây 80g,,Hàng hóa,aeca1c9c-8bc9-11f1-9b18-005056b2a5de,5ae13f42-cc4d-487e-9988-f54e2a9a82e9,aea7bdfe-8bc9-11f1-9b18-005056b2a5de,461,097330eb-f92d-4b88-95a8-1a83fd3d8011,
03__KDE__ORO__CDY__24,ORION Kẹo Dẻo Boom Chanh Dây 24g,Kẹo Dẻo,Bịch,0.0,0.0,0.0,0.0,0.0,0.0,0.0,0.0,0.0,0.0,0.0,0.0,0.0,0.0,0.0,0.0,0.0,0.0,03__KDE__ORO__CDY__24,ORION Kẹo Dẻo Boom Chanh Dây 24g,,Hàng hóa,aeca1d30-8bc9-11f1-9b18-005056b2a5de,3adcdafc-8979-43ee-b094-be89fb71a509,aea7bdfe-8bc9-11f1-9b18-005056b2a5de,462,097330eb-f92d-4b88-95a8-1a83fd3d8011,
03__KDE__ORO__CHN__25,ORION Kẹo Dẻo King Chun 25g,Kẹo Dẻo,Bịch,0.0,0.0,0.0,0.0,0.0,0.0,0.0,0.0,0.0,0.0,0.0,0.0,0.0,0.0,1.0,6000.0,1.0,6000.0,03__KDE__ORO__CHN__25,ORION Kẹo Dẻo King Chun 25g,,Hàng hóa,aeca1dc4-8bc9-11f1-9b18-005056b2a5de,0074e7fb-a5f8-4029-a8cb-69d1beb29bbc,aea7bdfe-8bc9-11f1-9b18-005056b2a5de,463,097330eb-f92d-4b88-95a8-1a83fd3d8011,
03__KDE__ORO__DAO__25,ORION Kẹo Dẻo Boom Đào 25g,Kẹo Dẻo,Bịch,0.0,0.0,0.0,0.0,0.0,0.0,0.0,0.0,0.0,0.0,0.0,0.0,0.0,0.0,11.0,77000.0,11.0,77000.0,03__KDE__ORO__DAO__25,ORION Kẹo Dẻo Boom Đào 25g,,Hàng hóa,aeca1e58-8bc9-11f1-9b18-005056b2a5de,d5138fd4-0b9a-4e89-a291-f465d62e52c7,aea7bdfe-8bc9-11f1-9b18-005056b2a5de,464,097330eb-f92d-4b88-95a8-1a83fd3d8011,
03__KDE__ORO__DAU__25,ORION Kẹo Dẻo Boom Dâu 25g,Kẹo Dẻo,Bịch,0.0,0.0,0.0,0.0,0.0,0.0,0.0,0.0,0.0,0.0,0.0,0.0,0.0,0.0,11.0,77000.0,11.0,77000.0,03__KDE__ORO__DAU__25,ORION Kẹo Dẻo Boom Dâu 25g,,Hàng hóa,aeca1eec-8bc9-11f1-9b18-005056b2a5de,a80fdadd-8b14-4e81-b54d-f66db5555b2b,aea7bdfe-8bc9-11f1-9b18-005056b2a5de,465,097330eb-f92d-4b88-95a8-1a83fd3d8011,
03__KDE__ORO__HTC__29,ORION Kẹo Dẻo King HảI Tặc 28.5g,Kẹo Dẻo,Bịch,0.0,0.0,0.0,0.0,0.0,0.0,0.0,0.0,0.0,0.0,0.0,0.0,0.0,0.0,2.0,12000.0,2.0,12000.0,03__KDE__ORO__HTC__29,ORION Kẹo Dẻo King HảI Tặc 28.5g,,Hàng hóa,aeca1f7e-8bc9-11f1-9b18-005056b2a5de,ca641e45-da12-4f21-9978-778bf0b92cdb,aea7bdfe-8bc9-11f1-9b18-005056b2a5de,466,097330eb-f92d-4b88-95a8-1a83fd3d8011,
03__KDE__ORO__ME__25,ORION Kẹo Dẻo Boom Me 25g,Kẹo Dẻo,Bịch,0.0,0.0,0.0,0.0,0.0,0.0,0.0,0.0,0.0,0.0,0.0,0.0,0.0,0.0,0.0,0.0,0.0,0.0,03__KDE__ORO__ME__25,ORION Kẹo Dẻo Boom Me 25g,,Hàng hóa,aeca200f-8bc9-11f1-9b18-005056b2a5de,6271b5b0-87d7-43d6-b0eb-6dfa8609514c,aea7bdfe-8bc9-11f1-9b18-005056b2a5de,467,097330eb-f92d-4b88-95a8-1a83fd3d8011,
03__KDE__ORO__NHO__25,ORION Kẹo Dẻo Boom Nho 25g,Kẹo Dẻo,Bịch,0.0,0.0,0.0,0.0,0.0,0.0,0.0,0.0,0.0,0.0,0.0,0.0,0.0,0.0,7.0,49000.0,7.0,49000.0,03__KDE__ORO__NHO__25,ORION Kẹo Dẻo Boom Nho 25g,,Hàng hóa,aeca20a5-8bc9-11f1-9b18-005056b2a5de,b01d3902-1a54-4206-956e-3445c725d962,aea7bdfe-8bc9-11f1-9b18-005056b2a5de,468,097330eb-f92d-4b88-95a8-1a83fd3d8011,
03__KDE__ORO__XLM__24,ORION Kẹo Dẻo Boom Xoài Lắc MuốI Ớt 23.5g,Kẹo Dẻo,Bịch,0.0,0.0,0.0,0.0,0.0,0.0,0.0,0.0,0.0,0.0,0.0,0.0,0.0,0.0,4.0,28000.0,4.0,28000.0,03__KDE__ORO__XLM__24,ORION Kẹo Dẻo Boom Xoài Lắc MuốI Ớt 23.5g,,Hàng hóa,aeca213f-8bc9-11f1-9b18-005056b2a5de,4d2fd55b-8733-4798-aded-7e56b4f7197e,aea7bdfe-8bc9-11f1-9b18-005056b2a5de,469,097330eb-f92d-4b88-95a8-1a83fd3d8011,
03__KDE__PLA__SCA__64,PLAYMORE Kẹo Dẻo Sữa Chua 64g,Kẹo Dẻo,Hộp,0.0,0.0,0.0,0.0,0.0,0.0,0.0,0.0,0.0,0.0,0.0,0.0,0.0,0.0,0.0,0.0,0.0,0.0,03__KDE__PLA__SCA__64,PLAYMORE Kẹo Dẻo Sữa Chua 64g,,Hàng hóa,aeca21d2-8bc9-11f1-9b18-005056b2a5de,56f205f5-5455-42bf-8404-b5edcea964a6,aea7bdfe-8bc9-11f1-9b18-005056b2a5de,470,097330eb-f92d-4b88-95a8-1a83fd3d8064,
03__KDE__PLA__XHH__64,PLAYMORE Kẹo Dẻo Xếp Hình 64g,Kẹo Dẻo,Hộp,0.0,0.0,0.0,0.0,0.0,0.0,0.0,0.0,0.0,0.0,0.0,0.0,0.0,0.0,5.0,225000.0,5.0,225000.0,03__KDE__PLA__XHH__64,PLAYMORE Kẹo Dẻo Xếp Hình 64g,,Hàng hóa,aeca2262-8bc9-11f1-9b18-005056b2a5de,12274d2c-73a9-4128-aaae-f9a01eee648f,aea7bdfe-8bc9-11f1-9b18-005056b2a5de,471,097330eb-f92d-4b88-95a8-1a83fd3d8064,
03__KDE__SKI__SCA__43,SKITTLES Kẹo Dẻo Vị Sữa Chua Trái Cây 42.5g,Kẹo Dẻo,Bịch,0.0,0.0,0.0,0.0,0.0,0.0,0.0,0.0,0.0,0.0,0.0,0.0,0.0,0.0,15.0,510000.0,15.0,510000.0,03__KDE__SKI__SCA__43,SKITTLES Kẹo Dẻo Vị Sữa Chua Trái Cây 42.5g,,Hàng hóa,aeca22f4-8bc9-11f1-9b18-005056b2a5de,6d1a4ae6-6523-4fb4-a30d-81c50f401b21,aea7bdfe-8bc9-11f1-9b18-005056b2a5de,472,097330eb-f92d-4b88-95a8-1a83fd3d8011,
03__KDE__SUG__TCY__210,SUGUS Kẹo Mềm Hương Trái Cây 210g,Kẹo Dẻo,Bịch,0.0,0.0,0.0,0.0,0.0,0.0,0.0,0.0,0.0,0.0,0.0,0.0,0.0,0.0,0.0,0.0,0.0,0.0,03__KDE__SUG__TCY__210,SUGUS Kẹo Mềm Hương Trái Cây 210g,,Hàng hóa,aeca2387-8bc9-11f1-9b18-005056b2a5de,565c4965-7765-479d-a734-59246c0175aa,aea7bdfe-8bc9-11f1-9b18-005056b2a5de,473,097330eb-f92d-4b88-95a8-1a83fd3d8011,
03__KDE__VNT__DAO__30,VIETNUTRI Kẹo Thạch Zummy KID Jelly Đào 30g,Kẹo Dẻo,Cái,0.0,0.0,0.0,0.0,0.0,0.0,0.0,0.0,0.0,0.0,0.0,0.0,0.0,0.0,37.0,111000.0,37.0,111000.0,03__KDE__VNT__DAO__30,VIETNUTRI Kẹo Thạch Zummy KID Jelly Đào 30g,,Hàng hóa,aeca2419-8bc9-11f1-9b18-005056b2a5de,64b32f93-2bec-4f0e-99c5-fdc9ed2c4eee,aea7bdfe-8bc9-11f1-9b18-005056b2a5de,474,097330eb-f92d-4b88-95a8-1a83fd3d8061,
03__KDE__VNT__DAU__30,VIETNUTRI Kẹo Thạch Zummy KID Jelly Dâu 30g,Kẹo Dẻo,Cái,0.0,0.0,0.0,0.0,0.0,0.0,0.0,0.0,0.0,0.0,0.0,0.0,0.0,0.0,38.0,114000.0,38.0,114000.0,03__KDE__VNT__DAU__30,VIETNUTRI Kẹo Thạch Zummy KID Jelly Dâu 30g,,Hàng hóa,aeca2659-8bc9-11f1-9b18-005056b2a5de,b8f07964-2f48-4aa6-b533-ed80202913d4,aea7bdfe-8bc9-11f1-9b18-005056b2a5de,475,097330eb-f92d-4b88-95a8-1a83fd3d8061,
03__KDE__VNT__XOA__30,VIETNUTRI Kẹo Thạch Zummy KID Jelly Xoài 30g,Kẹo Dẻo,Cái,0.0,0.0,0.0,0.0,0.0,0.0,0.0,0.0,0.0,0.0,0.0,0.0,0.0,0.0,37.0,111000.0,37.0,111000.0,03__KDE__VNT__XOA__30,VIETNUTRI Kẹo Thạch Zummy KID Jelly Xoài 30g,,Hàng hóa,aeca2701-8bc9-11f1-9b18-005056b2a5de,eae3146f-97c9-4f3f-ad23-677ee0f7d312,aea7bdfe-8bc9-11f1-9b18-005056b2a5de,476,097330eb-f92d-4b88-95a8-1a83fd3d8061,
03__KGU__COL__BHA__40,COOLAIR Kẹo Gum Hương Bạc Hà 40g,Kẹo Gum,Hũ,0.0,0.0,0.0,0.0,0.0,0.0,0.0,0.0,0.0,0.0,0.0,0.0,0.0,0.0,0.0,0.0,0.0,0.0,03__KGU__COL__BHA__40,COOLAIR Kẹo Gum Hương Bạc Hà 40g,,Hàng hóa,aeca2795-8bc9-11f1-9b18-005056b2a5de,5db4d81a-d1d6-4d6d-a815-6a70bd8ccc07,aea7bdfe-8bc9-11f1-9b18-005056b2a5de,477,315cd7c9-f951-4e88-888d-9acc60b4a4fc,
03__KGU__COL__MOG__40,COOLAIR Kẹo Gum Hương Quả Mọng 40g,Kẹo Gum,Hũ,0.0,0.0,0.0,0.0,0.0,0.0,0.0,0.0,0.0,0.0,0.0,0.0,0.0,0.0,0.0,0.0,0.0,0.0,03__KGU__COL__MOG__40,COOLAIR Kẹo Gum Hương Quả Mọng 40g,,Hàng hóa,aeca282a-8bc9-11f1-9b18-005056b2a5de,f3ef839f-65f1-4d32-90ea-3dc4e685f9ec,aea7bdfe-8bc9-11f1-9b18-005056b2a5de,478,315cd7c9-f951-4e88-888d-9acc60b4a4fc,
03__KGU__COL__VAG__40,COOLAIR Kẹo Gum Hương Chanh Mật Ong Vàng 40g,Kẹo Gum,Hũ,0.0,0.0,0.0,0.0,0.0,0.0,0.0,0.0,0.0,0.0,0.0,0.0,0.0,0.0,0.0,0.0,0.0,0.0,03__KGU__COL__VAG__40,COOLAIR Kẹo Gum Hương Chanh Mật Ong Vàng 40g,,Hàng hóa,aeca28c7-8bc9-11f1-9b18-005056b2a5de,f87d0d3a-f963-4a7e-b07f-12780acae60d,aea7bdfe-8bc9-11f1-9b18-005056b2a5de,479,315cd7c9-f951-4e88-888d-9acc60b4a4fc,
03__KGU__COL__XDG__55,COOLAIR Kẹo Gum Khuynh Diệp Hũ Xanh Dương 55.4g,Kẹo Gum,Hũ,0.0,0.0,0.0,0.0,0.0,0.0,0.0,0.0,0.0,0.0,0.0,0.0,0.0,0.0,15.0,600000.0,15.0,600000.0,03__KGU__COL__XDG__55,COOLAIR Kẹo Gum Khuynh Diệp Hũ Xanh Dương 55.4g,,Hàng hóa,aeca2964-8bc9-11f1-9b18-005056b2a5de,71325bae-61ea-490b-9e3f-f991d9851049,aea7bdfe-8bc9-11f1-9b18-005056b2a5de,480,315cd7c9-f951-4e88-888d-9acc60b4a4fc,
03__KGU__DOU__BHA__24,DOUBLEMINT Tuýp Ngậm Bạc Hà 23.8g,Kẹo Gum,Hũ,0.0,0.0,0.0,0.0,0.0,0.0,0.0,0.0,0.0,0.0,0.0,0.0,0.0,0.0,21.0,840000.0,21.0,840000.0,03__KGU__DOU__BHA__24,DOUBLEMINT Tuýp Ngậm Bạc Hà 23.8g,,Hàng hóa,aeca2a9a-8bc9-11f1-9b18-005056b2a5de,429e2668-7d6b-4b98-bdc8-34d97d42cab5,aea7bdfe-8bc9-11f1-9b18-005056b2a5de,481,315cd7c9-f951-4e88-888d-9acc60b4a4fc,
03__KGU__DOU__BHA__58,DOUBLEMINT Kẹo Gum Bạc Hà 58.4g,Kẹo Gum,Hũ,0.0,0.0,0.0,0.0,0.0,0.0,0.0,0.0,0.0,0.0,0.0,0.0,0.0,0.0,12.0,480000.0,12.0,480000.0,03__KGU__DOU__BHA__58,DOUBLEMINT Kẹo Gum Bạc Hà 58.4g,,Hàng hóa,aeca2b33-8bc9-11f1-9b18-005056b2a5de,9b40c645-13a4-4341-920b-736efe2ff01a,aea7bdfe-8bc9-11f1-9b18-005056b2a5de,482,315cd7c9-f951-4e88-888d-9acc60b4a4fc,
03__KGU__DOU__CAM__24,DOUBLEMINT Tuýp Ngậm Hương Cam 23.8g,Kẹo Gum,Tuýp,0.0,0.0,0.0,0.0,0.0,0.0,0.0,0.0,0.0,0.0,0.0,0.0,0.0,0.0,14.0,560000.0,14.0,560000.0,03__KGU__DOU__CAM__24,DOUBLEMINT Tuýp Ngậm Hương Cam 23.8g,,Hàng hóa,aeca2c4c-8bc9-11f1-9b18-005056b2a5de,1b5d4288-c974-4508-adf7-36f0cac46565,aea7bdfe-8bc9-11f1-9b18-005056b2a5de,483,097330eb-f92d-4b88-95a8-1a83fd3d8069,
03__KGU__DOU__PK5__14,DOUBLEMINT Kẹo Gum 5Sticks 13.5g,Kẹo Gum,Cái,0.0,0.0,0.0,0.0,0.0,0.0,0.0,0.0,0.0,0.0,0.0,0.0,0.0,0.0,2.0,14000.0,2.0,14000.0,03__KGU__DOU__PK5__14,DOUBLEMINT Kẹo Gum 5Sticks 13.5g,,Hàng hóa,aeca2d2f-8bc9-11f1-9b18-005056b2a5de,285073fb-e891-40e6-83a6-7636f43a7fbf,aea7bdfe-8bc9-11f1-9b18-005056b2a5de,484,097330eb-f92d-4b88-95a8-1a83fd3d8061,
03__KGU__LOT__CAM__13,"LOTTE Kẹo Gum Fusen Nomi Cam 13,8g",Kẹo Gum,Hộp,0.0,0.0,0.0,0.0,0.0,0.0,0.0,0.0,0.0,0.0,0.0,0.0,0.0,0.0,1.0,10000.0,1.0,10000.0,03__KGU__LOT__CAM__13,"LOTTE Kẹo Gum Fusen Nomi Cam 13,8g",,Hàng hóa,aeca2dca-8bc9-11f1-9b18-005056b2a5de,d6ef4963-180f-492c-a8d3-5618c2541827,aea7bdfe-8bc9-11f1-9b18-005056b2a5de,485,097330eb-f92d-4b88-95a8-1a83fd3d8064,
03__KGU__LOT__CCH__13,"LOTTE Kẹo Gum Fusen Nomi Cola Chanh 13,8g",Kẹo Gum,Hộp,0.0,0.0,0.0,0.0,0.0,0.0,0.0,0.0,0.0,0.0,0.0,0.0,0.0,0.0,0.0,0.0,0.0,0.0,03__KGU__LOT__CCH__13,"LOTTE Kẹo Gum Fusen Nomi Cola Chanh 13,8g",,Hàng hóa,aeca2e79-8bc9-11f1-9b18-005056b2a5de,5a10b03e-8436-4752-8138-b27815191d99,aea7bdfe-8bc9-11f1-9b18-005056b2a5de,486,097330eb-f92d-4b88-95a8-1a83fd3d8064,
03__KGU__MTS__BHA__35,MENTOS Kẹo Ngậm Không Đường Hương Bạc Hà Hũ 35g,Kẹo Gum,Hũ,0.0,0.0,0.0,0.0,0.0,0.0,0.0,0.0,0.0,0.0,0.0,0.0,0.0,0.0,24.0,1152000.0,24.0,1152000.0,03__KGU__MTS__BHA__35,MENTOS Kẹo Ngậm Không Đường Hương Bạc Hà Hũ 35g,,Hàng hóa,aeca2f64-8bc9-11f1-9b18-005056b2a5de,285bf2c1-363e-407f-aa76-48f879238a4c,aea7bdfe-8bc9-11f1-9b18-005056b2a5de,487,315cd7c9-f951-4e88-888d-9acc60b4a4fc,
03__KGU__TIC__BHA__15,TICTAC Kẹo Bạc Hà Lục 14.5g,Kẹo Gum,Hộp,0.0,0.0,0.0,0.0,0.0,0.0,0.0,0.0,0.0,0.0,0.0,0.0,0.0,0.0,1.0,20000.0,1.0,20000.0,03__KGU__TIC__BHA__15,TICTAC Kẹo Bạc Hà Lục 14.5g,,Hàng hóa,aeca304c-8bc9-11f1-9b18-005056b2a5de,0f53e4aa-4fa7-4d7b-b7f0-a245ed90e30c,aea7bdfe-8bc9-11f1-9b18-005056b2a5de,488,097330eb-f92d-4b88-95a8-1a83fd3d8064,
03__KGU__TIC__CAM__15,TICTAC Kẹo Vị Cam 14.5g,Kẹo Gum,Hộp,0.0,0.0,0.0,0.0,0.0,0.0,0.0,0.0,0.0,0.0,0.0,0.0,0.0,0.0,0.0,0.0,0.0,0.0,03__KGU__TIC__CAM__15,TICTAC Kẹo Vị Cam 14.5g,,Hàng hóa,aeca311d-8bc9-11f1-9b18-005056b2a5de,7259339d-ab0b-44c9-8b79-fe856e301de1,aea7bdfe-8bc9-11f1-9b18-005056b2a5de,489,097330eb-f92d-4b88-95a8-1a83fd3d8064,
03__KGU__XYL__XDG__130,LOTTE XYLITOL Kẹo Gum Cool Hũ Xanh Dương 130.5g,Kẹo Gum,Hũ,0.0,0.0,0.0,0.0,0.0,0.0,0.0,0.0,0.0,0.0,0.0,0.0,0.0,0.0,1.0,70000.0,1.0,70000.0,03__KGU__XYL__XDG__130,LOTTE XYLITOL Kẹo Gum Cool Hũ Xanh Dương 130.5g,,Hàng hóa,aeca31ba-8bc9-11f1-9b18-005056b2a5de,007d7412-f40e-4609-b10c-68a9c168454b,aea7bdfe-8bc9-11f1-9b18-005056b2a5de,490,315cd7c9-f951-4e88-888d-9acc60b4a4fc,
03__KGU__XYL__XDG__55,LOTTE XYLITOL Kẹo Gum Cool Hũ Xanh Dương 55.1g,Kẹo Gum,Hũ,0.0,0.0,0.0,0.0,0.0,0.0,0.0,0.0,0.0,0.0,0.0,0.0,0.0,0.0,26.0,1040000.0,26.0,1040000.0,03__KGU__XYL__XDG__55,LOTTE XYLITOL Kẹo Gum Cool Hũ Xanh Dương 55.1g,,Hàng hóa,aeca3272-8bc9-11f1-9b18-005056b2a5de,495de5ac-e3a8-4d7a-adf2-32cc941a0293,aea7bdfe-8bc9-11f1-9b18-005056b2a5de,491,315cd7c9-f951-4e88-888d-9acc60b4a4fc,
03__KGU__XYL__XLA__130,LOTTE XYLITOL Kẹo Gum Cool Hũ Xanh Lá 130.5g,Kẹo Gum,Hũ,0.0,0.0,0.0,0.0,0.0,0.0,0.0,0.0,0.0,0.0,0.0,0.0,0.0,0.0,29.0,2030000.0,29.0,2030000.0,03__KGU__XYL__XLA__130,LOTTE XYLITOL Kẹo Gum Cool Hũ Xanh Lá 130.5g,,Hàng hóa,aeca3312-8bc9-11f1-9b18-005056b2a5de,abcef88e-78b3-4b61-88f6-4efcf03968c8,aea7bdfe-8bc9-11f1-9b18-005056b2a5de,492,315cd7c9-f951-4e88-888d-9acc60b4a4fc,
03__KGU__XYL__XLA__55,LOTTE XYLITOL Kẹo Gum Lime Mint Hũ Xanh Lá 55.1g,Kẹo Gum,Hũ,0.0,0.0,0.0,0.0,0.0,0.0,0.0,0.0,0.0,0.0,0.0,0.0,0.0,0.0,24.0,960000.0,24.0,960000.0,03__KGU__XYL__XLA__55,LOTTE XYLITOL Kẹo Gum Lime Mint Hũ Xanh Lá 55.1g,,Hàng hóa,aeca33a6-8bc9-11f1-9b18-005056b2a5de,c6ba5aa6-1cce-4183-afa3-3a4d4bd74a18,aea7bdfe-8bc9-11f1-9b18-005056b2a5de,493,315cd7c9-f951-4e88-888d-9acc60b4a4fc,
03__KNO__POP__CHH__10,POPZA Kẹo Nổ Thái Lan Hương Chanh 10g,Kẹo Nổ,Bịch,0.0,0.0,0.0,0.0,0.0,0.0,0.0,0.0,0.0,0.0,0.0,0.0,0.0,0.0,0.0,0.0,0.0,0.0,03__KNO__POP__CHH__10,POPZA Kẹo Nổ Thái Lan Hương Chanh 10g,,Hàng hóa,aeca3442-8bc9-11f1-9b18-005056b2a5de,eafc91fb-50ef-4d92-8a30-25810dbce612,aea7bdfe-8bc9-11f1-9b18-005056b2a5de,494,097330eb-f92d-4b88-95a8-1a83fd3d8011,
03__KNO__POP__COL__10,POPZA Kẹo Nổ Thái Lan Hương Cola 10g,Kẹo Nổ,Bịch,0.0,0.0,0.0,0.0,0.0,0.0,0.0,0.0,0.0,0.0,0.0,0.0,0.0,0.0,3.0,30000.0,3.0,30000.0,03__KNO__POP__COL__10,POPZA Kẹo Nổ Thái Lan Hương Cola 10g,,Hàng hóa,aeca34d8-8bc9-11f1-9b18-005056b2a5de,0a22e92f-7ee2-43a0-b808-f22adeee509c,aea7bdfe-8bc9-11f1-9b18-005056b2a5de,495,097330eb-f92d-4b88-95a8-1a83fd3d8011,
03__KSO__FER__SOC__62,"FERRORO ROCHER Socola 62,5g",Kẹo Socola,Hộp,0.0,0.0,0.0,0.0,0.0,0.0,0.0,0.0,0.0,0.0,0.0,0.0,0.0,0.0,0.0,0.0,0.0,0.0,03__KSO__FER__SOC__62,"FERRORO ROCHER Socola 62,5g",,Hàng hóa,aeca356e-8bc9-11f1-9b18-005056b2a5de,1fb382fb-87e4-45a8-a021-2114c320aa59,aea7bdfe-8bc9-11f1-9b18-005056b2a5de,496,097330eb-f92d-4b88-95a8-1a83fd3d8064,
03__KSO__KIN__HOG__20,KINDER JOY Kẹo Socola Hồng 20g,Kẹo Socola,Cái,0.0,0.0,0.0,0.0,0.0,0.0,0.0,0.0,0.0,0.0,0.0,0.0,0.0,0.0,1.0,44000.0,1.0,44000.0,03__KSO__KIN__HOG__20,KINDER JOY Kẹo Socola Hồng 20g,,Hàng hóa,aeca35ff-8bc9-11f1-9b18-005056b2a5de,7ca3f176-a8bb-4d8d-82b5-1e94b87734ba,aea7bdfe-8bc9-11f1-9b18-005056b2a5de,497,097330eb-f92d-4b88-95a8-1a83fd3d8061,
03__KSO__KIN__XAH__20,KINDER JOY Kẹo Socola Xanh 20g,Kẹo Socola,Cái,0.0,0.0,0.0,0.0,0.0,0.0,0.0,0.0,0.0,0.0,0.0,0.0,0.0,0.0,0.0,0.0,0.0,0.0,03__KSO__KIN__XAH__20,KINDER JOY Kẹo Socola Xanh 20g,,Hàng hóa,aeca369b-8bc9-11f1-9b18-005056b2a5de,65998737-3182-4243-ad64-4228565f4a12,aea7bdfe-8bc9-11f1-9b18-005056b2a5de,498,097330eb-f92d-4b88-95a8-1a83fd3d8061,
03__KSO__MNM__DPG__37,M&M's Kẹo Socola Đậu Phộng 37g,Kẹo Socola,Bịch,0.0,0.0,0.0,0.0,0.0,0.0,0.0,0.0,0.0,0.0,0.0,0.0,0.0,0.0,0.0,0.0,0.0,0.0,03__KSO__MNM__DPG__37,M&M's Kẹo Socola Đậu Phộng 37g,,Hàng hóa,aeca3731-8bc9-11f1-9b18-005056b2a5de,fb05c121-4512-4c3b-bd85-fdbb7c53421f,aea7bdfe-8bc9-11f1-9b18-005056b2a5de,499,097330eb-f92d-4b88-95a8-1a83fd3d8011,
03__KSO__MNM__SUA__37,M&M's Kẹo Socola Sữa 37g,Kẹo Socola,Bịch,0.0,0.0,0.0,0.0,0.0,0.0,0.0,0.0,0.0,0.0,0.0,0.0,0.0,0.0,25.0,900000.0,25.0,900000.0,03__KSO__MNM__SUA__37,M&M's Kẹo Socola Sữa 37g,,Hàng hóa,aeca37c5-8bc9-11f1-9b18-005056b2a5de,a3c13716-97aa-4fba-bdbc-261ecf4586d5,aea7bdfe-8bc9-11f1-9b18-005056b2a5de,500,097330eb-f92d-4b88-95a8-1a83fd3d8011,
03__KSO__NES__MLO__25,NESTLE Socola Viên Milo Gói 25g,Kẹo Socola,Bịch,0.0,0.0,0.0,0.0,0.0,0.0,0.0,0.0,0.0,0.0,0.0,0.0,0.0,0.0,0.0,0.0,0.0,0.0,03__KSO__NES__MLO__25,NESTLE Socola Viên Milo Gói 25g,,Hàng hóa,aeca3859-8bc9-11f1-9b18-005056b2a5de,f912206c-f5d1-48b7-8e29-dd1973a2daa4,aea7bdfe-8bc9-11f1-9b18-005056b2a5de,501,097330eb-f92d-4b88-95a8-1a83fd3d8011,
03__KSO__SNI__CAR__40,SNICKERS Socola Nhân Đậu Phộng Vị Bơ Caramel 40g,Kẹo Socola,Bịch,0.0,0.0,0.0,0.0,0.0,0.0,0.0,0.0,0.0,0.0,0.0,0.0,0.0,0.0,0.0,0.0,0.0,0.0,03__KSO__SNI__CAR__40,SNICKERS Socola Nhân Đậu Phộng Vị Bơ Caramel 40g,,Hàng hóa,aeca38ed-8bc9-11f1-9b18-005056b2a5de,800df1c8-de3e-4ca0-b2f0-e87cef43ab90,aea7bdfe-8bc9-11f1-9b18-005056b2a5de,502,097330eb-f92d-4b88-95a8-1a83fd3d8011,
03__KSO__SNI__DPG__35,SNICKERS Socola Nhân Đậu Phộng 35g,Kẹo Socola,Bịch,0.0,0.0,0.0,0.0,0.0,0.0,0.0,0.0,0.0,0.0,0.0,0.0,0.0,0.0,75.0,2250000.0,75.0,2250000.0,03__KSO__SNI__DPG__35,SNICKERS Socola Nhân Đậu Phộng 35g,,Hàng hóa,aeca3983-8bc9-11f1-9b18-005056b2a5de,a0b6a1e3-3aa6-4450-8e0c-7fe1d2e46573,aea7bdfe-8bc9-11f1-9b18-005056b2a5de,503,097330eb-f92d-4b88-95a8-1a83fd3d8011,
03__SBN__OIS__BCH__68,OISHI Snack Bắp Ngọt 68g,Snack Bắp,Bịch,0.0,0.0,0.0,0.0,0.0,0.0,0.0,0.0,0.0,0.0,0.0,0.0,0.0,0.0,-23.0,-345000.0,-23.0,-345000.0,03__SBN__OIS__BCH__68,OISHI Snack Bắp Ngọt 68g,,Hàng hóa,aeca3b22-8bc9-11f1-9b18-005056b2a5de,dd07c28d-ce4e-450f-902e-717e3acc2ccd,aea7bdfe-8bc9-11f1-9b18-005056b2a5de,504,097330eb-f92d-4b88-95a8-1a83fd3d8011,
03__SBN__OIS__BNB__68,OISHI Snack Bắp 4 Lớp Vị Bắp Nướng Bơ 68g,Snack Bắp,Bịch,0.0,0.0,0.0,0.0,0.0,0.0,0.0,0.0,0.0,0.0,0.0,0.0,0.0,0.0,33.0,495000.0,33.0,495000.0,03__SBN__OIS__BNB__68,OISHI Snack Bắp 4 Lớp Vị Bắp Nướng Bơ 68g,,Hàng hóa,aeca3bf5-8bc9-11f1-9b18-005056b2a5de,43ddc705-829d-46ee-959e-50afd49729a7,aea7bdfe-8bc9-11f1-9b18-005056b2a5de,505,097330eb-f92d-4b88-95a8-1a83fd3d8011,
03__SBN__OIS__BPM__1,OISHI Snack Bắp Vị Phô Mai,Snack Bắp,Bịch,0.0,0.0,0.0,0.0,0.0,0.0,0.0,0.0,0.0,0.0,0.0,0.0,0.0,0.0,-17.0,-255000.0,-17.0,-255000.0,03__SBN__OIS__BPM__1,OISHI Snack Bắp Vị Phô Mai,,Hàng hóa,aeca3cba-8bc9-11f1-9b18-005056b2a5de,2baefa17-8766-4731-b3dc-5804518504ca,aea7bdfe-8bc9-11f1-9b18-005056b2a5de,506,097330eb-f92d-4b88-95a8-1a83fd3d8011,
03__SBN__OIS__CAY__68,OISHI Snack Bắp 4 Lớp Vị Sriracha Vị Cay 68g,Snack Bắp,Bịch,0.0,0.0,0.0,0.0,0.0,0.0,0.0,0.0,0.0,0.0,0.0,0.0,0.0,0.0,-16.0,-240000.0,-16.0,-240000.0,03__SBN__OIS__CAY__68,OISHI Snack Bắp 4 Lớp Vị Sriracha Vị Cay 68g,,Hàng hóa,aeca3e12-8bc9-11f1-9b18-005056b2a5de,116ffb44-c709-46a7-a059-f01ed6955282,aea7bdfe-8bc9-11f1-9b18-005056b2a5de,507,097330eb-f92d-4b88-95a8-1a83fd3d8011,
03__SBN__OIS__PMI__68,OISHI Snack Bắp 4 Lớp Vị Phô Mai 68g,Snack Bắp,Chiếc,0.0,0.0,0.0,0.0,0.0,0.0,0.0,0.0,0.0,0.0,0.0,0.0,0.0,0.0,-27.0,-405000.0,-27.0,-405000.0,03__SBN__OIS__PMI__68,OISHI Snack Bắp 4 Lớp Vị Phô Mai 68g,,Hàng hóa,aeca3ebf-8bc9-11f1-9b18-005056b2a5de,f8d0c6de-0a16-4823-b609-155d930f2659,aea7bdfe-8bc9-11f1-9b18-005056b2a5de,508,097330eb-f92d-4b88-95a8-1a83fd3d8062,
03__SBN__ORO__BAP__70,ORION Snack Corn Chip Vị Bắp Nướng Bơ 70g,Snack Bắp,Bịch,0.0,0.0,0.0,0.0,0.0,0.0,0.0,0.0,0.0,0.0,0.0,0.0,0.0,0.0,18.0,288000.0,18.0,288000.0,03__SBN__ORO__BAP__70,ORION Snack Corn Chip Vị Bắp Nướng Bơ 70g,,Hàng hóa,aeca3f5c-8bc9-11f1-9b18-005056b2a5de,9f8b4169-179b-40bb-af08-8373d5622fd7,aea7bdfe-8bc9-11f1-9b18-005056b2a5de,509,097330eb-f92d-4b88-95a8-1a83fd3d8011,
03__SBN__ORO__NBO__35,ORION Snack Corn Chip Vị Bắp Nướng Bơ 35g,Snack Bắp,Bịch,0.0,0.0,0.0,0.0,0.0,0.0,0.0,0.0,0.0,0.0,0.0,0.0,0.0,0.0,6.0,42000.0,6.0,42000.0,03__SBN__ORO__NBO__35,ORION Snack Corn Chip Vị Bắp Nướng Bơ 35g,,Hàng hóa,aeca4097-8bc9-11f1-9b18-005056b2a5de,416d455e-d2ea-47b5-b72b-1f658d687a31,aea7bdfe-8bc9-11f1-9b18-005056b2a5de,510,097330eb-f92d-4b88-95a8-1a83fd3d8011,
03__SKH__BAF__BOO__30,BATRAFOOD BT Trộn Sa Tế Bò 25g,Snack Khác,Bịch,0.0,0.0,0.0,0.0,0.0,0.0,0.0,0.0,0.0,0.0,0.0,0.0,0.0,0.0,34.0,340000.0,34.0,340000.0,03__SKH__BAF__BOO__30,BATRAFOOD BT Trộn Sa Tế Bò 25g,,Hàng hóa,aeca4133-8bc9-11f1-9b18-005056b2a5de,49ea87fb-2c57-483e-a96a-0ba8a26cfe72,aea7bdfe-8bc9-11f1-9b18-005056b2a5de,511,097330eb-f92d-4b88-95a8-1a83fd3d8011,
03__SKH__BAF__CAN__45,BATRAFOOD BT Khô Cá Nướng Fishi 45g,Snack Khác,Bịch,0.0,0.0,0.0,0.0,0.0,0.0,0.0,0.0,0.0,0.0,0.0,0.0,0.0,0.0,2.0,40000.0,2.0,40000.0,03__SKH__BAF__CAN__45,BATRAFOOD BT Khô Cá Nướng Fishi 45g,,Hàng hóa,aeca41c7-8bc9-11f1-9b18-005056b2a5de,26334272-5951-443f-b8c3-f49b5cd000d9,aea7bdfe-8bc9-11f1-9b18-005056b2a5de,512,097330eb-f92d-4b88-95a8-1a83fd3d8011,
03__SKH__BAF__GCY__45,BATRAFOOD BT Nướng Phủ Gà Cay Chycky 45g,Snack Khác,Bịch,0.0,0.0,0.0,0.0,0.0,0.0,0.0,0.0,0.0,0.0,0.0,0.0,0.0,0.0,1.0,20000.0,1.0,20000.0,03__SKH__BAF__GCY__45,BATRAFOOD BT Nướng Phủ Gà Cay Chycky 45g,,Hàng hóa,aeca4297-8bc9-11f1-9b18-005056b2a5de,019e96de-6c3a-47d9-a1a3-2a195e84b8b4,aea7bdfe-8bc9-11f1-9b18-005056b2a5de,513,097330eb-f92d-4b88-95a8-1a83fd3d8011,
03__SKH__BAF__MUC__45,BATRAFOOD BT Khô Mực Nướng SquiDy 45g,Snack Khác,Bịch,0.0,0.0,0.0,0.0,0.0,0.0,0.0,0.0,0.0,0.0,0.0,0.0,0.0,0.0,0.0,0.0,0.0,0.0,03__SKH__BAF__MUC__45,BATRAFOOD BT Khô Mực Nướng SquiDy 45g,,Hàng hóa,aeca4330-8bc9-11f1-9b18-005056b2a5de,7e7e8d3c-5fed-4643-ae3b-77c22acf189f,aea7bdfe-8bc9-11f1-9b18-005056b2a5de,514,097330eb-f92d-4b88-95a8-1a83fd3d8011,
03__SKH__BAF__PMI__30,BATRAFOOD BT Trộn Phô Mai,Snack Khác,Bịch,0.0,0.0,0.0,0.0,0.0,0.0,0.0,0.0,0.0,0.0,0.0,0.0,0.0,0.0,38.0,760000.0,38.0,760000.0,03__SKH__BAF__PMI__30,BATRAFOOD BT Trộn Phô Mai,,Hàng hóa,aeca4402-8bc9-11f1-9b18-005056b2a5de,fea3d1d0-4a2e-44b2-aed6-4ef48a5936f0,aea7bdfe-8bc9-11f1-9b18-005056b2a5de,515,097330eb-f92d-4b88-95a8-1a83fd3d8011,
03__SKH__BAF__RGB__30,BATRAFOOD BT Trộn Rong Biển Gà Cay 30g,Snack Khác,Bịch,0.0,0.0,0.0,0.0,0.0,0.0,0.0,0.0,0.0,0.0,0.0,0.0,0.0,0.0,46.0,460000.0,46.0,460000.0,03__SKH__BAF__RGB__30,BATRAFOOD BT Trộn Rong Biển Gà Cay 30g,,Hàng hóa,aeca44c9-8bc9-11f1-9b18-005056b2a5de,905b8ebe-b744-4502-918d-fee684b32d1a,aea7bdfe-8bc9-11f1-9b18-005056b2a5de,516,097330eb-f92d-4b88-95a8-1a83fd3d8011,
03__SKH__BAF__TMHK__30,BATRAFOOD BT Trộn Trứng Muối Hoàng Kim,Snack Khác,Bịch,0.0,0.0,0.0,0.0,0.0,0.0,0.0,0.0,0.0,0.0,0.0,0.0,0.0,0.0,46.0,460000.0,46.0,460000.0,03__SKH__BAF__TMHK__30,BATRAFOOD BT Trộn Trứng Muối Hoàng Kim,,Hàng hóa,aeca4598-8bc9-11f1-9b18-005056b2a5de,e9bbbab7-e414-4be4-aa3a-fb9058e82b09,aea7bdfe-8bc9-11f1-9b18-005056b2a5de,517,097330eb-f92d-4b88-95a8-1a83fd3d8011,
03__SKH__BAF__TOI__45,BATRAFOOD BT Nướng Mắm Tỏi Ori 45g,Snack Khác,Bịch,0.0,0.0,0.0,0.0,0.0,0.0,0.0,0.0,0.0,0.0,0.0,0.0,0.0,0.0,1.0,20000.0,1.0,20000.0,03__SKH__BAF__TOI__45,BATRAFOOD BT Nướng Mắm Tỏi Ori 45g,,Hàng hóa,aeca4664-8bc9-11f1-9b18-005056b2a5de,b3edf433-0406-49cd-9c51-0ff0f5234e9f,aea7bdfe-8bc9-11f1-9b18-005056b2a5de,518,097330eb-f92d-4b88-95a8-1a83fd3d8011,
03__SKH__BAF__TOM__45,BATRAFOOD BT Nướng Sốt Tôm Cay Tik Tik 45g,Snack Khác,Bịch,0.0,0.0,0.0,0.0,0.0,0.0,0.0,0.0,0.0,0.0,0.0,0.0,0.0,0.0,0.0,0.0,0.0,0.0,03__SKH__BAF__TOM__45,BATRAFOOD BT Nướng Sốt Tôm Cay Tik Tik 45g,,Hàng hóa,aeca475c-8bc9-11f1-9b18-005056b2a5de,214459f1-354a-4593-8b44-a88b05373ab2,aea7bdfe-8bc9-11f1-9b18-005056b2a5de,519,097330eb-f92d-4b88-95a8-1a83fd3d8011,
03__SKH__BAF__XAH__30,BATRAFOOD BT Trộn Xoài Xanh Muối Ớt 30g,Snack Khác,Bịch,0.0,0.0,0.0,0.0,0.0,0.0,0.0,0.0,0.0,0.0,0.0,0.0,0.0,0.0,1.0,10000.0,1.0,10000.0,03__SKH__BAF__XAH__30,BATRAFOOD BT Trộn Xoài Xanh Muối Ớt 30g,,Hàng hóa,aeca4800-8bc9-11f1-9b18-005056b2a5de,946bed0b-8944-45cf-90e1-e6b10ec44d5f,aea7bdfe-8bc9-11f1-9b18-005056b2a5de,520,097330eb-f92d-4b88-95a8-1a83fd3d8011,
03__SKH__BEN__CDO__22,BENTO Max Extreme Snack Hải Sản Cay Ngọt Đỏ 22g,Snack Khác,Bịch,0.0,0.0,0.0,0.0,0.0,0.0,0.0,0.0,0.0,0.0,0.0,0.0,0.0,0.0,15.0,420000.0,15.0,420000.0,03__SKH__BEN__CDO__22,BENTO Max Extreme Snack Hải Sản Cay Ngọt Đỏ 22g,,Hàng hóa,aeca4895-8bc9-11f1-9b18-005056b2a5de,b85caea4-78e1-47eb-8bbf-1cdb117f50f4,aea7bdfe-8bc9-11f1-9b18-005056b2a5de,521,097330eb-f92d-4b88-95a8-1a83fd3d8011,
03__SKH__BEN__DEN__18,BENTO Snack Hải Sản Vị Ớt Cực Cay Đen 18g,Snack Khác,Bịch,0.0,0.0,0.0,0.0,0.0,0.0,0.0,0.0,0.0,0.0,0.0,0.0,0.0,0.0,2.0,60000.0,2.0,60000.0,03__SKH__BEN__DEN__18,BENTO Snack Hải Sản Vị Ớt Cực Cay Đen 18g,,Hàng hóa,aeca4929-8bc9-11f1-9b18-005056b2a5de,c4ba4f0b-f5de-47d6-8c88-67ba62f91f35,aea7bdfe-8bc9-11f1-9b18-005056b2a5de,522,097330eb-f92d-4b88-95a8-1a83fd3d8011,
03__SKH__BEN__MEX__20,BENTO Snack Hải Sản Tẩm Vị Mexican 20g,Snack Khác,Bịch,0.0,0.0,0.0,0.0,0.0,0.0,0.0,0.0,0.0,0.0,0.0,0.0,0.0,0.0,0.0,0.0,0.0,0.0,03__SKH__BEN__MEX__20,BENTO Snack Hải Sản Tẩm Vị Mexican 20g,,Hàng hóa,aeca49d1-8bc9-11f1-9b18-005056b2a5de,96c51514-c87c-4f94-bd74-ab5ff2306abb,aea7bdfe-8bc9-11f1-9b18-005056b2a5de,523,097330eb-f92d-4b88-95a8-1a83fd3d8011,
03__SKH__BEN__XAH__22,BENTO Max Extreme Snack Hải Sản Cay Nồng Xanh Dương 22g,Snack Khác,Bịch,0.0,0.0,0.0,0.0,0.0,0.0,0.0,0.0,0.0,0.0,0.0,0.0,0.0,0.0,31.0,868000.0,31.0,868000.0,03__SKH__BEN__XAH__22,BENTO Max Extreme Snack Hải Sản Cay Nồng Xanh Dương 22g,,Hàng hóa,aeca4a65-8bc9-11f1-9b18-005056b2a5de,7009b15d-379b-4d65-894c-44ae04f1e94f,aea7bdfe-8bc9-11f1-9b18-005056b2a5de,524,097330eb-f92d-4b88-95a8-1a83fd3d8011,
03__SKH__BTZ__DO__18,BITEEZ Cá Tẩm Vị Mực Cay Đậm Đà Đỏ 18g,Snack Khác,Bịch,0.0,0.0,0.0,0.0,0.0,0.0,0.0,0.0,0.0,0.0,0.0,0.0,0.0,0.0,0.0,0.0,0.0,0.0,03__SKH__BTZ__DO__18,BITEEZ Cá Tẩm Vị Mực Cay Đậm Đà Đỏ 18g,,Hàng hóa,aeca4af9-8bc9-11f1-9b18-005056b2a5de,1a0e7874-d420-4478-8da2-7ad1e1913fbd,aea7bdfe-8bc9-11f1-9b18-005056b2a5de,525,097330eb-f92d-4b88-95a8-1a83fd3d8011,
03__SKH__BTZ__XAH__18,BITEEZ Cá Tẩm Vị Mực Cay Ngọt Xanh 18g,Snack Khác,Bịch,0.0,0.0,0.0,0.0,0.0,0.0,0.0,0.0,0.0,0.0,0.0,0.0,0.0,0.0,0.0,0.0,0.0,0.0,03__SKH__BTZ__XAH__18,BITEEZ Cá Tẩm Vị Mực Cay Ngọt Xanh 18g,,Hàng hóa,aeca4c08-8bc9-11f1-9b18-005056b2a5de,82ac1604-055e-4893-9d31-80ec0211409a,aea7bdfe-8bc9-11f1-9b18-005056b2a5de,526,097330eb-f92d-4b88-95a8-1a83fd3d8011,
03__SKH__DOR__CAM__20,DORKBUA Snack Que Cam Thịt Heo Xông Khói 20g,Snack Khác,Bịch,0.0,0.0,0.0,0.0,0.0,0.0,0.0,0.0,0.0,0.0,0.0,0.0,0.0,0.0,0.0,0.0,0.0,0.0,03__SKH__DOR__CAM__20,DORKBUA Snack Que Cam Thịt Heo Xông Khói 20g,,Hàng hóa,aeca4cc5-8bc9-11f1-9b18-005056b2a5de,95cf64c9-fd0a-4e9d-bdaa-679f9fb2a83d,aea7bdfe-8bc9-11f1-9b18-005056b2a5de,527,097330eb-f92d-4b88-95a8-1a83fd3d8011,
03__SKH__DOR__CAM__50,DORKBUA Snack Que Cam Thịt Heo Xông Khói 50g,Snack Khác,Bịch,0.0,0.0,0.0,0.0,0.0,0.0,0.0,0.0,0.0,0.0,0.0,0.0,0.0,0.0,21.0,336000.0,21.0,336000.0,03__SKH__DOR__CAM__50,DORKBUA Snack Que Cam Thịt Heo Xông Khói 50g,,Hàng hóa,aeca4d6b-8bc9-11f1-9b18-005056b2a5de,62f05d94-08aa-4b0f-b814-ac25650d720f,aea7bdfe-8bc9-11f1-9b18-005056b2a5de,528,097330eb-f92d-4b88-95a8-1a83fd3d8011,
03__SKH__DOR__DDO__20,DORKBUA Snack Que Đỏ Thịt Heo Xông Khói 20g,Snack Khác,Bịch,0.0,0.0,0.0,0.0,0.0,0.0,0.0,0.0,0.0,0.0,0.0,0.0,0.0,0.0,2.0,20000.0,2.0,20000.0,03__SKH__DOR__DDO__20,DORKBUA Snack Que Đỏ Thịt Heo Xông Khói 20g,,Hàng hóa,aeca4dff-8bc9-11f1-9b18-005056b2a5de,b830c974-fc26-41aa-a09f-319d80e3b279,aea7bdfe-8bc9-11f1-9b18-005056b2a5de,529,097330eb-f92d-4b88-95a8-1a83fd3d8011,
03__SKH__DOR__DDO__55,DORKBUA Snack Que Đỏ Thịt Heo Xông Khói 55g,Snack Khác,Bịch,1.0,16000.0,0.0,0.0,0.0,0.0,0.0,0.0,0.0,0.0,0.0,0.0,0.0,0.0,-6.0,-96000.0,-6.0,-96000.0,03__SKH__DOR__DDO__55,DORKBUA Snack Que Đỏ Thịt Heo Xông Khói 55g,,Hàng hóa,aeca4e96-8bc9-11f1-9b18-005056b2a5de,91ba733e-b0f0-4284-9fb1-818a90ff693f,aea7bdfe-8bc9-11f1-9b18-005056b2a5de,530,097330eb-f92d-4b88-95a8-1a83fd3d8011,
03__SKH__ENA__HGA__30,GEMEZ ENAAK Snack Mì Hương Gà 30g,Snack Khác,Gói,0.0,0.0,0.0,0.0,0.0,0.0,0.0,0.0,0.0,0.0,0.0,0.0,0.0,0.0,56.0,560000.0,56.0,560000.0,03__SKH__ENA__HGA__30,GEMEZ ENAAK Snack Mì Hương Gà 30g,,Hàng hóa,aeca4f30-8bc9-11f1-9b18-005056b2a5de,a1293eac-c58e-4ea3-b0c5-0df17a90c548,aea7bdfe-8bc9-11f1-9b18-005056b2a5de,531,097330eb-f92d-4b88-95a8-1a83fd3d8067,
03__SKH__ENA__HOT__28,GEMEZ ENAAK Snack Mì Hương Ớt 28g,Snack Khác,Gói,0.0,0.0,0.0,0.0,0.0,0.0,0.0,0.0,0.0,0.0,0.0,0.0,0.0,0.0,41.0,410000.0,41.0,410000.0,03__SKH__ENA__HOT__28,GEMEZ ENAAK Snack Mì Hương Ớt 28g,,Hàng hóa,aeca4fc3-8bc9-11f1-9b18-005056b2a5de,fcad80e7-d965-41ec-b4b6-5a9d45b05db9,aea7bdfe-8bc9-11f1-9b18-005056b2a5de,532,097330eb-f92d-4b88-95a8-1a83fd3d8067,
03__SKH__GLO__2CO__39,GLICO Pocky Double Chocolate Hộp 39g,Snack Khác,Hộp,0.0,0.0,0.0,0.0,0.0,0.0,0.0,0.0,0.0,0.0,0.0,0.0,0.0,0.0,23.0,644000.0,23.0,644000.0,03__SKH__GLO__2CO__39,GLICO Pocky Double Chocolate Hộp 39g,,Hàng hóa,aeca5054-8bc9-11f1-9b18-005056b2a5de,cde37446-cccc-4004-9e27-99e95f73dd63,aea7bdfe-8bc9-11f1-9b18-005056b2a5de,533,097330eb-f92d-4b88-95a8-1a83fd3d8064,
03__SKH__GLO__CHO__40,GLICO Pocky Chocolate Hộp 40g,Snack Khác,Hộp,0.0,0.0,0.0,0.0,0.0,0.0,0.0,0.0,0.0,0.0,0.0,0.0,0.0,0.0,0.0,0.0,0.0,0.0,03__SKH__GLO__CHO__40,GLICO Pocky Chocolate Hộp 40g,,Hàng hóa,aeca50e6-8bc9-11f1-9b18-005056b2a5de,242937b6-5b69-4a9b-a6f5-12baed4248d3,aea7bdfe-8bc9-11f1-9b18-005056b2a5de,534,097330eb-f92d-4b88-95a8-1a83fd3d8064,
03__SKH__GLO__CRM__40,GLICO Pocky Cookies & Cream Hộp 40g,Snack Khác,Hộp,0.0,0.0,0.0,0.0,0.0,0.0,0.0,0.0,0.0,0.0,0.0,0.0,0.0,0.0,0.0,0.0,0.0,0.0,03__SKH__GLO__CRM__40,GLICO Pocky Cookies & Cream Hộp 40g,,Hàng hóa,aeca517d-8bc9-11f1-9b18-005056b2a5de,53db35d7-5088-44f3-bea7-1780e0109864,aea7bdfe-8bc9-11f1-9b18-005056b2a5de,535,097330eb-f92d-4b88-95a8-1a83fd3d8064,
03__SKH__GLO__DAU__38,GLICO Pocky Dâu Hộp 38g,Snack Khác,Hộp,0.0,0.0,0.0,0.0,0.0,0.0,0.0,0.0,0.0,0.0,0.0,0.0,0.0,0.0,0.0,0.0,0.0,0.0,03__SKH__GLO__DAU__38,GLICO Pocky Dâu Hộp 38g,,Hàng hóa,aeca520f-8bc9-11f1-9b18-005056b2a5de,7d63b2b0-a98e-48bf-8756-4cdff78b9815,aea7bdfe-8bc9-11f1-9b18-005056b2a5de,536,097330eb-f92d-4b88-95a8-1a83fd3d8064,
03__SKH__GLO__MAT__35,GLICO Pocky Milky Matcha Hộp 35g,Snack Khác,Hộp,0.0,0.0,0.0,0.0,0.0,0.0,0.0,0.0,0.0,0.0,0.0,0.0,0.0,0.0,1.0,28000.0,1.0,28000.0,03__SKH__GLO__MAT__35,GLICO Pocky Milky Matcha Hộp 35g,,Hàng hóa,aeca52a1-8bc9-11f1-9b18-005056b2a5de,7d7d54b6-d018-4461-947e-35855d9569ed,aea7bdfe-8bc9-11f1-9b18-005056b2a5de,537,097330eb-f92d-4b88-95a8-1a83fd3d8064,
03__SKH__GLO__SUA__40,GLICO Pocky Sữa Hộp 40g,Snack Khác,Hộp,0.0,0.0,0.0,0.0,0.0,0.0,0.0,0.0,0.0,0.0,0.0,0.0,0.0,0.0,0.0,0.0,0.0,0.0,03__SKH__GLO__SUA__40,GLICO Pocky Sữa Hộp 40g,,Hàng hóa,aeca5332-8bc9-11f1-9b18-005056b2a5de,d1570048-16e4-4683-8a7b-ec6ee403639b,aea7bdfe-8bc9-11f1-9b18-005056b2a5de,538,097330eb-f92d-4b88-95a8-1a83fd3d8064,
03__SKH__HNM__TOM__52,HANAMI Snack Tôm Thái Bịch 52g,Snack Khác,Bịch,0.0,0.0,0.0,0.0,0.0,0.0,0.0,0.0,0.0,0.0,0.0,0.0,0.0,0.0,0.0,0.0,0.0,0.0,03__SKH__HNM__TOM__52,HANAMI Snack Tôm Thái Bịch 52g,,Hàng hóa,aeca55f9-8bc9-11f1-9b18-005056b2a5de,e3f15e72-57ed-4ce7-85e8-c859fbdca848,aea7bdfe-8bc9-11f1-9b18-005056b2a5de,539,097330eb-f92d-4b88-95a8-1a83fd3d8011,
03__SKH__KRI__DAU__50,KIDO KRIZZI Bánh Snack Vị Dâu 50g,Snack Khác,Bịch,0.0,0.0,0.0,0.0,0.0,0.0,0.0,0.0,0.0,0.0,0.0,0.0,0.0,0.0,0.0,0.0,0.0,0.0,03__SKH__KRI__DAU__50,KIDO KRIZZI Bánh Snack Vị Dâu 50g,,Hàng hóa,aeca56a6-8bc9-11f1-9b18-005056b2a5de,e1ed72b6-72ee-44b4-b1b3-51ef032863ed,aea7bdfe-8bc9-11f1-9b18-005056b2a5de,540,097330eb-f92d-4b88-95a8-1a83fd3d8011,
03__SKH__KRI__MOC__50,KIDO KRIZZI Bánh Snack Mocha 50g,Snack Khác,Bịch,0.0,0.0,0.0,0.0,0.0,0.0,0.0,0.0,0.0,0.0,0.0,0.0,0.0,0.0,15.0,270000.0,15.0,270000.0,03__SKH__KRI__MOC__50,KIDO KRIZZI Bánh Snack Mocha 50g,,Hàng hóa,aeca573e-8bc9-11f1-9b18-005056b2a5de,d7e6409b-78f2-4250-a736-ed2bc6033c0a,aea7bdfe-8bc9-11f1-9b18-005056b2a5de,541,097330eb-f92d-4b88-95a8-1a83fd3d8011,
03__SKH__KRI__SOC__50,KIDO KRIZZI Bánh Snack Vị Socola 50g,Snack Khác,Bịch,0.0,0.0,0.0,0.0,0.0,0.0,0.0,0.0,0.0,0.0,0.0,0.0,0.0,0.0,3.0,54000.0,3.0,54000.0,03__SKH__KRI__SOC__50,KIDO KRIZZI Bánh Snack Vị Socola 50g,,Hàng hóa,aeca57cf-8bc9-11f1-9b18-005056b2a5de,eb82db6b-b840-49cd-a9a7-df9ca6f713c7,aea7bdfe-8bc9-11f1-9b18-005056b2a5de,542,097330eb-f92d-4b88-95a8-1a83fd3d8011,
03__SKH__LOT__CAC__40,LOTTE Toppo Bánh Que Nhân Socola Hương Cacao 40g,Snack Khác,Hộp,0.0,0.0,0.0,0.0,0.0,0.0,0.0,0.0,0.0,0.0,0.0,0.0,0.0,0.0,0.0,0.0,0.0,0.0,03__SKH__LOT__CAC__40,LOTTE Toppo Bánh Que Nhân Socola Hương Cacao 40g,,Hàng hóa,aeca5863-8bc9-11f1-9b18-005056b2a5de,31590bc4-fd7b-40b2-b178-e20bc95c59cc,aea7bdfe-8bc9-11f1-9b18-005056b2a5de,543,097330eb-f92d-4b88-95a8-1a83fd3d8064,
03__SKH__LOT__DAU__40,LOTTE Toppo Bánh Que Nhân Kem Dâu 40g,Snack Khác,Hộp,0.0,0.0,0.0,0.0,0.0,0.0,0.0,0.0,0.0,0.0,0.0,0.0,0.0,0.0,8.0,200000.0,8.0,200000.0,03__SKH__LOT__DAU__40,LOTTE Toppo Bánh Que Nhân Kem Dâu 40g,,Hàng hóa,aeca58f5-8bc9-11f1-9b18-005056b2a5de,86bce623-ea9f-4efb-91b7-d3bae96c6124,aea7bdfe-8bc9-11f1-9b18-005056b2a5de,544,097330eb-f92d-4b88-95a8-1a83fd3d8064,
03__SKH__LOT__DEN__37,LOTTE Bánh Gấu KOALA's Vỏ Và Nhân Socola Đen 37g,Snack Khác,Hộp,0.0,0.0,0.0,0.0,0.0,0.0,0.0,0.0,0.0,0.0,0.0,0.0,0.0,0.0,14.0,350000.0,14.0,350000.0,03__SKH__LOT__DEN__37,LOTTE Bánh Gấu KOALA's Vỏ Và Nhân Socola Đen 37g,,Hàng hóa,aeca5986-8bc9-11f1-9b18-005056b2a5de,63c45577-8060-42bf-b129-8a9042832865,aea7bdfe-8bc9-11f1-9b18-005056b2a5de,545,097330eb-f92d-4b88-95a8-1a83fd3d8064,
03__SKH__LOT__HOG__37,LOTTE Bánh Gấu KOALA's Nhân Kem Dâu 37g,Snack Khác,Hộp,0.0,0.0,0.0,0.0,0.0,0.0,0.0,0.0,0.0,0.0,0.0,0.0,0.0,0.0,18.0,450000.0,18.0,450000.0,03__SKH__LOT__HOG__37,LOTTE Bánh Gấu KOALA's Nhân Kem Dâu 37g,,Hàng hóa,aeca5a15-8bc9-11f1-9b18-005056b2a5de,bb1558bf-2e7c-4f89-aae0-8ea0b3a496c0,aea7bdfe-8bc9-11f1-9b18-005056b2a5de,546,097330eb-f92d-4b88-95a8-1a83fd3d8064,
03__SKH__LOT__TRA__37,LOTTE Bánh Gấu KOALA's Nhân Socola Trắng 37g,Snack Khác,Hộp,0.0,0.0,0.0,0.0,0.0,0.0,0.0,0.0,0.0,0.0,0.0,0.0,0.0,0.0,26.0,650000.0,26.0,650000.0,03__SKH__LOT__TRA__37,LOTTE Bánh Gấu KOALA's Nhân Socola Trắng 37g,,Hàng hóa,aeca5aa8-8bc9-11f1-9b18-005056b2a5de,80e804c4-5aec-4fcf-81d7-1fff81da3f85,aea7bdfe-8bc9-11f1-9b18-005056b2a5de,547,097330eb-f92d-4b88-95a8-1a83fd3d8064,
03__SKH__LOT__VAN__40,LOTTE Toppo Bánh Que Nhân Socola Vani 40g,Snack Khác,Hộp,0.0,0.0,0.0,0.0,0.0,0.0,0.0,0.0,0.0,0.0,0.0,0.0,0.0,0.0,4.0,100000.0,4.0,100000.0,03__SKH__LOT__VAN__40,LOTTE Toppo Bánh Que Nhân Socola Vani 40g,,Hàng hóa,aeca5b39-8bc9-11f1-9b18-005056b2a5de,24c6c102-acf6-4fe8-a99b-347896982fee,aea7bdfe-8bc9-11f1-9b18-005056b2a5de,548,097330eb-f92d-4b88-95a8-1a83fd3d8064,
03__SKH__LOT__XLA__37,LOTTE Bánh Gấu KOALA's Nhân Socola Xanh Lá 37g,Snack Khác,Hộp,0.0,0.0,0.0,0.0,0.0,0.0,0.0,0.0,0.0,0.0,0.0,0.0,0.0,0.0,20.0,500000.0,20.0,500000.0,03__SKH__LOT__XLA__37,LOTTE Bánh Gấu KOALA's Nhân Socola Xanh Lá 37g,,Hàng hóa,aeca5c05-8bc9-11f1-9b18-005056b2a5de,e3a42dfa-6f06-4da3-84db-79052cca95ca,aea7bdfe-8bc9-11f1-9b18-005056b2a5de,549,097330eb-f92d-4b88-95a8-1a83fd3d8064,
03__SKH__MEI__CAC__40,MEIJI HELLO PANDA Bánh Gấu Cacao Kem Socola 40g,Snack Khác,Bịch,0.0,0.0,0.0,0.0,0.0,0.0,0.0,0.0,0.0,0.0,0.0,0.0,0.0,0.0,0.0,0.0,0.0,0.0,03__SKH__MEI__CAC__40,MEIJI HELLO PANDA Bánh Gấu Cacao Kem Socola 40g,,Hàng hóa,aeca5c98-8bc9-11f1-9b18-005056b2a5de,00208705-a409-45c6-a203-604d17773381,aea7bdfe-8bc9-11f1-9b18-005056b2a5de,550,097330eb-f92d-4b88-95a8-1a83fd3d8011,
03__SKH__MEI__DAU__40,MEIJI HELLO PANDA Bánh Gấu Dâu 40g,Snack Khác,Hộp,0.0,0.0,0.0,0.0,0.0,0.0,0.0,0.0,0.0,0.0,0.0,0.0,0.0,0.0,0.0,0.0,0.0,0.0,03__SKH__MEI__DAU__40,MEIJI HELLO PANDA Bánh Gấu Dâu 40g,,Hàng hóa,aeca5d29-8bc9-11f1-9b18-005056b2a5de,e359fd08-1a1d-4eb4-851f-4dbefbd72c08,aea7bdfe-8bc9-11f1-9b18-005056b2a5de,551,097330eb-f92d-4b88-95a8-1a83fd3d8064,
03__SKH__MEI__SOC__40,MEIJI HELLO PANDA Bánh Gấu Socola 40g,Snack Khác,Hộp,0.0,0.0,0.0,0.0,0.0,0.0,0.0,0.0,0.0,0.0,0.0,0.0,0.0,0.0,1.0,40000.0,1.0,40000.0,03__SKH__MEI__SOC__40,MEIJI HELLO PANDA Bánh Gấu Socola 40g,,Hàng hóa,aeca5def-8bc9-11f1-9b18-005056b2a5de,bc25a0bd-a523-4061-a442-adcc5a7ea051,aea7bdfe-8bc9-11f1-9b18-005056b2a5de,552,097330eb-f92d-4b88-95a8-1a83fd3d8064,
03__SKH__MEI__SUA__40,MEIJI HELLO PANDA Bánh Gấu Sữa 40g,Snack Khác,Hộp,0.0,0.0,0.0,0.0,0.0,0.0,0.0,0.0,0.0,0.0,0.0,0.0,0.0,0.0,0.0,0.0,0.0,0.0,03__SKH__MEI__SUA__40,MEIJI HELLO PANDA Bánh Gấu Sữa 40g,,Hàng hóa,aeca5e7f-8bc9-11f1-9b18-005056b2a5de,3942643c-bd4f-4ebc-bee2-3b0b7a027c9a,aea7bdfe-8bc9-11f1-9b18-005056b2a5de,553,097330eb-f92d-4b88-95a8-1a83fd3d8064,
03__SKH__MIX__CAY__25,MIX Bánh Que Vị Ớt Cay 25g,Snack Khác,Bịch,0.0,0.0,0.0,0.0,0.0,0.0,0.0,0.0,0.0,0.0,0.0,0.0,0.0,0.0,0.0,0.0,0.0,0.0,03__SKH__MIX__CAY__25,MIX Bánh Que Vị Ớt Cay 25g,,Hàng hóa,aeca5f0e-8bc9-11f1-9b18-005056b2a5de,297dadb1-81ce-4dbd-802c-bde0d81fc5d3,aea7bdfe-8bc9-11f1-9b18-005056b2a5de,554,097330eb-f92d-4b88-95a8-1a83fd3d8011,
03__SKH__MIX__GCY__150,MIX Bánh Que Vị Gà Cay Hũ 150g,Snack Khác,Hũ,0.0,0.0,0.0,0.0,0.0,0.0,0.0,0.0,0.0,0.0,0.0,0.0,0.0,0.0,0.0,0.0,0.0,0.0,03__SKH__MIX__GCY__150,MIX Bánh Que Vị Gà Cay Hũ 150g,,Hàng hóa,aeca5faf-8bc9-11f1-9b18-005056b2a5de,d06abbbb-7424-4fe3-9e7c-20b6f4d35ca6,aea7bdfe-8bc9-11f1-9b18-005056b2a5de,555,315cd7c9-f951-4e88-888d-9acc60b4a4fc,
03__SKH__MIX__GCY__25,MIX Bánh Que Vị Gà Cay 25g,Snack Khác,Bịch,0.0,0.0,0.0,0.0,0.0,0.0,0.0,0.0,0.0,0.0,0.0,0.0,0.0,0.0,0.0,0.0,0.0,0.0,03__SKH__MIX__GCY__25,MIX Bánh Que Vị Gà Cay 25g,,Hàng hóa,aeca6040-8bc9-11f1-9b18-005056b2a5de,9de64ca6-e661-4af8-9345-b1f9dd8cd541,aea7bdfe-8bc9-11f1-9b18-005056b2a5de,556,097330eb-f92d-4b88-95a8-1a83fd3d8011,
03__SKH__MIX__GCY__50,MIX Bánh Que Vị Gà Cay 50g,Snack Khác,Bịch,0.0,0.0,0.0,0.0,0.0,0.0,0.0,0.0,0.0,0.0,0.0,0.0,0.0,0.0,2.0,50000.0,2.0,50000.0,03__SKH__MIX__GCY__50,MIX Bánh Que Vị Gà Cay 50g,,Hàng hóa,aeca60d5-8bc9-11f1-9b18-005056b2a5de,3d8aa384-0c4c-468c-bf3b-f7d5fc03a5f3,aea7bdfe-8bc9-11f1-9b18-005056b2a5de,557,097330eb-f92d-4b88-95a8-1a83fd3d8011,
03__SKH__MIX__HAN__50,MIX Bánh Que Vị Gà Cay Hàn Quốc 50g,Snack Khác,Bịch,0.0,0.0,0.0,0.0,0.0,0.0,0.0,0.0,0.0,0.0,0.0,0.0,0.0,0.0,0.0,0.0,0.0,0.0,03__SKH__MIX__HAN__50,MIX Bánh Que Vị Gà Cay Hàn Quốc 50g,,Hàng hóa,aeca6165-8bc9-11f1-9b18-005056b2a5de,87d081a9-54d5-49f2-a9d4-fbbfb058bb1f,aea7bdfe-8bc9-11f1-9b18-005056b2a5de,558,097330eb-f92d-4b88-95a8-1a83fd3d8011,
03__SKH__MIX__OCY__50,MIX Bánh Que Vị Ớt Cay 50g,Snack Khác,Bịch,0.0,0.0,0.0,0.0,0.0,0.0,0.0,0.0,0.0,0.0,0.0,0.0,0.0,0.0,-1.0,-25000.0,-1.0,-25000.0,03__SKH__MIX__OCY__50,MIX Bánh Que Vị Ớt Cay 50g,,Hàng hóa,aeca61f7-8bc9-11f1-9b18-005056b2a5de,33a0aa0d-4651-4def-ae12-e5910f1eccfe,aea7bdfe-8bc9-11f1-9b18-005056b2a5de,559,097330eb-f92d-4b88-95a8-1a83fd3d8011,
03__SKH__MIX__TXK__50,MIX Bánh Que Vị Thịt Xông Khói 50g,Snack Khác,Bịch,0.0,0.0,0.0,0.0,0.0,0.0,0.0,0.0,0.0,0.0,0.0,0.0,0.0,0.0,1.0,30000.0,1.0,30000.0,03__SKH__MIX__TXK__50,MIX Bánh Que Vị Thịt Xông Khói 50g,,Hàng hóa,aeca6288-8bc9-11f1-9b18-005056b2a5de,8947c35b-2cb2-4aef-b15e-2f257e5356f7,aea7bdfe-8bc9-11f1-9b18-005056b2a5de,560,097330eb-f92d-4b88-95a8-1a83fd3d8011,
03__SKH__OIS__BDO__68,OISHI Snack Bí Đỏ 68g,Snack Khác,Bịch,0.0,0.0,0.0,0.0,0.0,0.0,0.0,0.0,0.0,0.0,0.0,0.0,0.0,0.0,1.0,15000.0,1.0,15000.0,03__SKH__OIS__BDO__68,OISHI Snack Bí Đỏ 68g,,Hàng hóa,aeca6320-8bc9-11f1-9b18-005056b2a5de,443f2e50-e184-4aba-aa96-6a452161f2de,aea7bdfe-8bc9-11f1-9b18-005056b2a5de,561,097330eb-f92d-4b88-95a8-1a83fd3d8011,
03__SKH__OIS__CUA__68,OISHI Snack Cua Vị Xốt Chua Ngọt 68g,Snack Khác,Bịch,0.0,0.0,0.0,0.0,0.0,0.0,0.0,0.0,0.0,0.0,0.0,0.0,0.0,0.0,-12.0,-180000.0,-12.0,-180000.0,03__SKH__OIS__CUA__68,OISHI Snack Cua Vị Xốt Chua Ngọt 68g,,Hàng hóa,aeca63ae-8bc9-11f1-9b18-005056b2a5de,76604878-6041-4d6e-9513-2acd90ef7e09,aea7bdfe-8bc9-11f1-9b18-005056b2a5de,562,097330eb-f92d-4b88-95a8-1a83fd3d8011,
03__SKH__OIS__DBT__68,OISHI Snack Tôm Cay Đặc Biệt 68g,Snack Khác,Bịch,0.0,0.0,0.0,0.0,0.0,0.0,0.0,0.0,0.0,0.0,0.0,0.0,0.0,0.0,11.0,165000.0,11.0,165000.0,03__SKH__OIS__DBT__68,OISHI Snack Tôm Cay Đặc Biệt 68g,,Hàng hóa,aeca643f-8bc9-11f1-9b18-005056b2a5de,71e54049-a026-4e51-87c1-ef12c61a956b,aea7bdfe-8bc9-11f1-9b18-005056b2a5de,563,097330eb-f92d-4b88-95a8-1a83fd3d8011,
03__SKH__OIS__MUC__68,OISHI Snack Tôm Vị Mực Nướng Muối Ớt 68g,Snack Khác,Bịch,0.0,0.0,0.0,0.0,0.0,0.0,0.0,0.0,0.0,0.0,0.0,0.0,0.0,0.0,3.0,45000.0,3.0,45000.0,03__SKH__OIS__MUC__68,OISHI Snack Tôm Vị Mực Nướng Muối Ớt 68g,,Hàng hóa,aeca64cd-8bc9-11f1-9b18-005056b2a5de,2a8a70f1-94f4-45ab-979f-0dd78d73b767,aea7bdfe-8bc9-11f1-9b18-005056b2a5de,564,097330eb-f92d-4b88-95a8-1a83fd3d8011,
03__SKH__OIS__MUC_68,OISHI Snack Mực Indo 68g,Snack Khác,Bịch,0.0,0.0,0.0,0.0,0.0,0.0,0.0,0.0,0.0,0.0,0.0,0.0,0.0,0.0,-14.0,-210000.0,-14.0,-210000.0,03__SKH__OIS__MUC_68,OISHI Snack Mực Indo 68g,,Hàng hóa,aeca6563-8bc9-11f1-9b18-005056b2a5de,07156cfd-e8ba-4bb0-83fb-f4f5146ad26a,aea7bdfe-8bc9-11f1-9b18-005056b2a5de,565,097330eb-f92d-4b88-95a8-1a83fd3d8011,
03__SKH__OIS__PMI__68,OISHI Snack Phô Mai Miếng 68g,Snack Khác,Bịch,1.0,16000.0,0.0,0.0,0.0,0.0,0.0,0.0,0.0,0.0,0.0,0.0,0.0,0.0,-21.0,-336000.0,-21.0,-336000.0,03__SKH__OIS__PMI__68,OISHI Snack Phô Mai Miếng 68g,,Hàng hóa,aeca65f3-8bc9-11f1-9b18-005056b2a5de,9110e59d-158f-42d2-b980-b7e8fb8ea308,aea7bdfe-8bc9-11f1-9b18-005056b2a5de,566,097330eb-f92d-4b88-95a8-1a83fd3d8011,
03__SKH__OIS__TCY__68,OISHI Snack Tôm Cay 68g,Snack Khác,Bịch,0.0,0.0,0.0,0.0,0.0,0.0,0.0,0.0,0.0,0.0,0.0,0.0,0.0,0.0,-29.0,-464000.0,-29.0,-464000.0,03__SKH__OIS__TCY__68,OISHI Snack Tôm Cay 68g,,Hàng hóa,aeca6682-8bc9-11f1-9b18-005056b2a5de,04c51890-696f-4601-a550-015702630fff,aea7bdfe-8bc9-11f1-9b18-005056b2a5de,567,097330eb-f92d-4b88-95a8-1a83fd3d8011,
03__SKH__OIS__VMC__68,OISHI Snack Viên Vị Mực Cay 68g,Snack Khác,Bịch,1.0,15000.0,0.0,0.0,0.0,0.0,0.0,0.0,0.0,0.0,0.0,0.0,0.0,0.0,-8.0,-120000.0,-8.0,-120000.0,03__SKH__OIS__VMC__68,OISHI Snack Viên Vị Mực Cay 68g,,Hàng hóa,aeca67b5-8bc9-11f1-9b18-005056b2a5de,ec04bcb6-29f4-4b76-9b7c-cf1731225ab7,aea7bdfe-8bc9-11f1-9b18-005056b2a5de,568,097330eb-f92d-4b88-95a8-1a83fd3d8011,
03__SKH__OIS__VTA__68,OISHI Snack Viên Vị Takoyaki Nhật Bản 68g,Snack Khác,Bịch,2.0,30000.0,0.0,0.0,0.0,0.0,0.0,0.0,0.0,0.0,0.0,0.0,0.0,0.0,-11.0,-165000.0,-11.0,-165000.0,03__SKH__OIS__VTA__68,OISHI Snack Viên Vị Takoyaki Nhật Bản 68g,,Hàng hóa,aeca684b-8bc9-11f1-9b18-005056b2a5de,fd18a464-f530-4323-9a0e-1053da87c106,aea7bdfe-8bc9-11f1-9b18-005056b2a5de,569,097330eb-f92d-4b88-95a8-1a83fd3d8011,
03__SKH__OIS__ZCV__80,OISHI Snack Pillows Nhân Socola Vị Cookies và Vani Túi Zip 80g,Snack Khác,Bịch,0.0,0.0,0.0,0.0,0.0,0.0,0.0,0.0,0.0,0.0,0.0,0.0,0.0,0.0,-18.0,-288000.0,-18.0,-288000.0,03__SKH__OIS__ZCV__80,OISHI Snack Pillows Nhân Socola Vị Cookies và Vani Túi Zip 80g,,Hàng hóa,aeca6915-8bc9-11f1-9b18-005056b2a5de,9480a41c-ad89-4027-a3ec-e43150eeaf49,aea7bdfe-8bc9-11f1-9b18-005056b2a5de,570,097330eb-f92d-4b88-95a8-1a83fd3d8011,
03__SKH__OIS__ZHA__80,OISHI Snack Pillows Nhân Socola Vị Hazelnut Túi Zip 80g,Snack Khác,Bịch,0.0,0.0,0.0,0.0,0.0,0.0,0.0,0.0,0.0,0.0,0.0,0.0,0.0,0.0,-12.0,-192000.0,-12.0,-192000.0,03__SKH__OIS__ZHA__80,OISHI Snack Pillows Nhân Socola Vị Hazelnut Túi Zip 80g,,Hàng hóa,aeca69be-8bc9-11f1-9b18-005056b2a5de,94865658-ab4c-4deb-9fb7-e19b4c85a3c2,aea7bdfe-8bc9-11f1-9b18-005056b2a5de,571,097330eb-f92d-4b88-95a8-1a83fd3d8011,
03__SKH__OIS__ZKM__80,OISHI Snack Pillows Nhân Socola Vị Khoai Môn Túi Zip 80g,Snack Khác,Bịch,0.0,0.0,0.0,0.0,0.0,0.0,0.0,0.0,0.0,0.0,0.0,0.0,0.0,0.0,-8.0,-128000.0,-8.0,-128000.0,03__SKH__OIS__ZKM__80,OISHI Snack Pillows Nhân Socola Vị Khoai Môn Túi Zip 80g,,Hàng hóa,aeca6a5e-8bc9-11f1-9b18-005056b2a5de,174a28f6-3444-4aee-8ce9-da1abae8566d,aea7bdfe-8bc9-11f1-9b18-005056b2a5de,572,097330eb-f92d-4b88-95a8-1a83fd3d8011,
03__SKH__OIS__ZMA__75,OISHI Snack Nhúng Matcha Túi Zip 75g,Snack Khác,Bịch,0.0,0.0,0.0,0.0,0.0,0.0,0.0,0.0,0.0,0.0,0.0,0.0,0.0,0.0,-3.0,-48000.0,-3.0,-48000.0,03__SKH__OIS__ZMA__75,OISHI Snack Nhúng Matcha Túi Zip 75g,,Hàng hóa,aeca6af3-8bc9-11f1-9b18-005056b2a5de,4b648c80-325d-4080-b67c-86ac9d4382ce,aea7bdfe-8bc9-11f1-9b18-005056b2a5de,573,097330eb-f92d-4b88-95a8-1a83fd3d8011,
03__SKH__OIS__ZMO__70,OISHI Snack Tôm Xốt Tương Mật Ong Túi Zip 70g,Snack Khác,Bịch,0.0,0.0,0.0,0.0,0.0,0.0,0.0,0.0,0.0,0.0,0.0,0.0,0.0,0.0,-24.0,-384000.0,-24.0,-384000.0,03__SKH__OIS__ZMO__70,OISHI Snack Tôm Xốt Tương Mật Ong Túi Zip 70g,,Hàng hóa,aeca6b85-8bc9-11f1-9b18-005056b2a5de,0d20a05d-ee1c-4db7-824a-e424f5c96adc,aea7bdfe-8bc9-11f1-9b18-005056b2a5de,574,097330eb-f92d-4b88-95a8-1a83fd3d8011,
03__SKH__OIS__ZSD__80,OISHI Snack Pillows Nhân Socola Vị Sữa Dừa Túi Zip 80g,Snack Khác,Bịch,0.0,0.0,0.0,0.0,0.0,0.0,0.0,0.0,0.0,0.0,0.0,0.0,0.0,0.0,-12.0,-192000.0,-12.0,-192000.0,03__SKH__OIS__ZSD__80,OISHI Snack Pillows Nhân Socola Vị Sữa Dừa Túi Zip 80g,,Hàng hóa,aeca6c17-8bc9-11f1-9b18-005056b2a5de,da897518-fae0-42f6-956a-52bf26667b78,aea7bdfe-8bc9-11f1-9b18-005056b2a5de,575,097330eb-f92d-4b88-95a8-1a83fd3d8011,
03__SKH__OIS__ZSO__75,OISHI Snack Nhúng Socola Túi Zip 75g,Snack Khác,Bịch,0.0,0.0,0.0,0.0,0.0,0.0,0.0,0.0,0.0,0.0,0.0,0.0,0.0,0.0,2.0,32000.0,2.0,32000.0,03__SKH__OIS__ZSO__75,OISHI Snack Nhúng Socola Túi Zip 75g,,Hàng hóa,aeca6cb3-8bc9-11f1-9b18-005056b2a5de,1cdf8027-a80a-440b-9a7f-9210819c3d49,aea7bdfe-8bc9-11f1-9b18-005056b2a5de,576,097330eb-f92d-4b88-95a8-1a83fd3d8011,
03__SKH__OIS__ZSO__80,OISHI Snack Pillows Nhân Socola Túi Zip 80g,Snack Khác,Bịch,0.0,0.0,0.0,0.0,0.0,0.0,0.0,0.0,0.0,0.0,0.0,0.0,0.0,0.0,-22.0,-352000.0,-22.0,-352000.0,03__SKH__OIS__ZSO__80,OISHI Snack Pillows Nhân Socola Túi Zip 80g,,Hàng hóa,aeca6d4a-8bc9-11f1-9b18-005056b2a5de,2298425c-e686-464b-8258-5745aa141f11,aea7bdfe-8bc9-11f1-9b18-005056b2a5de,577,097330eb-f92d-4b88-95a8-1a83fd3d8011,
03__SKH__OIS__ZTB__65,OISHI Snack Xoắn Vị Tôm Xốt Bơ Tỏi Túi Zip 65g,Snack Khác,Bịch,0.0,0.0,0.0,0.0,0.0,0.0,0.0,0.0,0.0,0.0,0.0,0.0,0.0,0.0,0.0,0.0,0.0,0.0,03__SKH__OIS__ZTB__65,OISHI Snack Xoắn Vị Tôm Xốt Bơ Tỏi Túi Zip 65g,,Hàng hóa,aeca6ddd-8bc9-11f1-9b18-005056b2a5de,bd992bb8-e04e-40b1-b9e9-7b76f2fba5ad,aea7bdfe-8bc9-11f1-9b18-005056b2a5de,578,097330eb-f92d-4b88-95a8-1a83fd3d8011,
03__SKH__OIS__ZTC__65,OISHI Snack Tôm Cay Nồng Túi Zip 65g,Snack Khác,Bịch,0.0,0.0,0.0,0.0,0.0,0.0,0.0,0.0,0.0,0.0,0.0,0.0,0.0,0.0,-35.0,-560000.0,-35.0,-560000.0,03__SKH__OIS__ZTC__65,OISHI Snack Tôm Cay Nồng Túi Zip 65g,,Hàng hóa,aeca6e74-8bc9-11f1-9b18-005056b2a5de,0c1173d1-e75c-4e9a-b8ab-8007fbbb71c2,aea7bdfe-8bc9-11f1-9b18-005056b2a5de,579,097330eb-f92d-4b88-95a8-1a83fd3d8011,
03__SKH__OIS__ZTM__65,OISHI Snack Xoắn Vị Xốt Trứng Muối Túi Zip 65g,Snack Khác,Bịch,0.0,0.0,0.0,0.0,0.0,0.0,0.0,0.0,0.0,0.0,0.0,0.0,0.0,0.0,10.0,160000.0,10.0,160000.0,03__SKH__OIS__ZTM__65,OISHI Snack Xoắn Vị Xốt Trứng Muối Túi Zip 65g,,Hàng hóa,aeca6f04-8bc9-11f1-9b18-005056b2a5de,c9d2fd2e-552d-4d09-9faf-501e60a02229,aea7bdfe-8bc9-11f1-9b18-005056b2a5de,580,097330eb-f92d-4b88-95a8-1a83fd3d8011,
03__SKH__OJB__BBT__35,ORION Jungle Boy Snack Bò Bít Tết 35g,Snack Khác,Hộp,0.0,0.0,0.0,0.0,0.0,0.0,0.0,0.0,0.0,0.0,0.0,0.0,0.0,0.0,5.0,80000.0,5.0,80000.0,03__SKH__OJB__BBT__35,ORION Jungle Boy Snack Bò Bít Tết 35g,,Hàng hóa,aeca6f9a-8bc9-11f1-9b18-005056b2a5de,f03ba0a9-cccf-4721-8a16-205d5b0ccca1,aea7bdfe-8bc9-11f1-9b18-005056b2a5de,581,097330eb-f92d-4b88-95a8-1a83fd3d8064,
03__SKH__OJB__PML__35,ORION Jungle Boy Snack Phô Mai LắK 35g,Snack Khác,Hộp,0.0,0.0,0.0,0.0,0.0,0.0,0.0,0.0,0.0,0.0,0.0,0.0,0.0,0.0,8.0,128000.0,8.0,128000.0,03__SKH__OJB__PML__35,ORION Jungle Boy Snack Phô Mai LắK 35g,,Hàng hóa,aeca706b-8bc9-11f1-9b18-005056b2a5de,96ccdbab-8d0a-4de1-b9bd-4a2cfcb2dd10,aea7bdfe-8bc9-11f1-9b18-005056b2a5de,582,097330eb-f92d-4b88-95a8-1a83fd3d8064,
03__SKH__OMB__GSB__35,ORION Marine Boy Snack Vị Gà Sốt Bơ Tỏi 35g,Snack Khác,Hộp,0.0,0.0,0.0,0.0,0.0,0.0,0.0,0.0,0.0,0.0,0.0,0.0,0.0,0.0,7.0,112000.0,7.0,112000.0,03__SKH__OMB__GSB__35,ORION Marine Boy Snack Vị Gà Sốt Bơ Tỏi 35g,,Hàng hóa,aeca7148-8bc9-11f1-9b18-005056b2a5de,05b80e52-921f-47bf-85cd-3cc1967b9498,aea7bdfe-8bc9-11f1-9b18-005056b2a5de,583,097330eb-f92d-4b88-95a8-1a83fd3d8064,
03__SKH__OMB__RBN__35,ORION Marine Boy Snack Vị Rong Biển Tuyết Xanh 35g,Snack Khác,Hộp,0.0,0.0,0.0,0.0,0.0,0.0,0.0,0.0,0.0,0.0,0.0,0.0,0.0,0.0,1.0,16000.0,1.0,16000.0,03__SKH__OMB__RBN__35,ORION Marine Boy Snack Vị Rong Biển Tuyết Xanh 35g,,Hàng hóa,aeca728a-8bc9-11f1-9b18-005056b2a5de,3c3905cc-279f-481e-8e0e-e181a25ccd4a,aea7bdfe-8bc9-11f1-9b18-005056b2a5de,584,097330eb-f92d-4b88-95a8-1a83fd3d8064,
03__SKH__OMB__TNG__35,ORION Marine Boy Snack Vị Tôm Nướng Môi Đỏ 35g,Snack Khác,Hộp,0.0,0.0,0.0,0.0,0.0,0.0,0.0,0.0,0.0,0.0,0.0,0.0,0.0,0.0,8.0,128000.0,8.0,128000.0,03__SKH__OMB__TNG__35,ORION Marine Boy Snack Vị Tôm Nướng Môi Đỏ 35g,,Hàng hóa,aeca7330-8bc9-11f1-9b18-005056b2a5de,8be4bc84-8a22-4d86-9594-19b3023ca33e,aea7bdfe-8bc9-11f1-9b18-005056b2a5de,585,097330eb-f92d-4b88-95a8-1a83fd3d8064,
03__SKH__ORO__CXH__145,ORION Bánh Con Cá Bống Bang Mochi Cốm Xanh 145g,Snack Khác,Bịch,0.0,0.0,0.0,0.0,0.0,0.0,0.0,0.0,0.0,0.0,0.0,0.0,0.0,0.0,9.0,360000.0,9.0,360000.0,03__SKH__ORO__CXH__145,ORION Bánh Con Cá Bống Bang Mochi Cốm Xanh 145g,,Hàng hóa,aeca73e7-8bc9-11f1-9b18-005056b2a5de,da887dab-3dea-4672-8f7b-f1473d0899c1,aea7bdfe-8bc9-11f1-9b18-005056b2a5de,586,097330eb-f92d-4b88-95a8-1a83fd3d8011,
03__SKH__ORO__PIZ__50,ORION Ostar Swing 2Mix Snack Vị Pizza Cà Chua 50g,Snack Khác,Bịch,0.0,0.0,0.0,0.0,0.0,0.0,0.0,0.0,0.0,0.0,0.0,0.0,0.0,0.0,0.0,0.0,0.0,0.0,03__SKH__ORO__PIZ__50,ORION Ostar Swing 2Mix Snack Vị Pizza Cà Chua 50g,,Hàng hóa,aeca7482-8bc9-11f1-9b18-005056b2a5de,dd402149-f154-45b8-8e29-bf8e4797548b,aea7bdfe-8bc9-11f1-9b18-005056b2a5de,587,097330eb-f92d-4b88-95a8-1a83fd3d8011,
03__SKH__ORO__PMC__50,ORION Ostar 2Mix Snack Vị Phô Mai Cay 50g,Snack Khác,Bịch,0.0,0.0,0.0,0.0,0.0,0.0,0.0,0.0,0.0,0.0,0.0,0.0,0.0,0.0,0.0,0.0,0.0,0.0,03__SKH__ORO__PMC__50,ORION Ostar 2Mix Snack Vị Phô Mai Cay 50g,,Hàng hóa,aeca751d-8bc9-11f1-9b18-005056b2a5de,bb05ffff-c50c-4e5c-b2fd-2dac8d04b362,aea7bdfe-8bc9-11f1-9b18-005056b2a5de,588,097330eb-f92d-4b88-95a8-1a83fd3d8011,
03__SKH__ORO__RUA__60,ORION Snack Mai Rùa Masita Vị Bắp Bơ 60g,Snack Khác,Bịch,0.0,0.0,0.0,0.0,0.0,0.0,0.0,0.0,0.0,0.0,0.0,0.0,0.0,0.0,13.0,208000.0,13.0,208000.0,03__SKH__ORO__RUA__60,ORION Snack Mai Rùa Masita Vị Bắp Bơ 60g,,Hàng hóa,aeca75b4-8bc9-11f1-9b18-005056b2a5de,90a61bb3-4961-4a88-835d-1788386173f9,aea7bdfe-8bc9-11f1-9b18-005056b2a5de,589,097330eb-f92d-4b88-95a8-1a83fd3d8011,
03__SKH__ORO__SDD__145,ORION Bánh Con Cá Bống Bang Mochi Socola Đậu Đỏ 145g,Snack Khác,Bịch,0.0,0.0,0.0,0.0,0.0,0.0,0.0,0.0,0.0,0.0,0.0,0.0,0.0,0.0,5.0,200000.0,5.0,200000.0,03__SKH__ORO__SDD__145,ORION Bánh Con Cá Bống Bang Mochi Socola Đậu Đỏ 145g,,Hàng hóa,aeca7648-8bc9-11f1-9b18-005056b2a5de,78f29ee6-b939-406e-a69a-477272c485f6,aea7bdfe-8bc9-11f1-9b18-005056b2a5de,590,097330eb-f92d-4b88-95a8-1a83fd3d8011,
03__SKH__ORT__PMI__32,ORION Toonies Snack Phô Mai Bùng Nổ 32g,Snack Khác,Bịch,0.0,0.0,0.0,0.0,0.0,0.0,0.0,0.0,0.0,0.0,0.0,0.0,0.0,0.0,0.0,0.0,0.0,0.0,03__SKH__ORT__PMI__32,ORION Toonies Snack Phô Mai Bùng Nổ 32g,,Hàng hóa,aeca7700-8bc9-11f1-9b18-005056b2a5de,782306da-f7e5-4252-97d9-cbfeb58973a0,aea7bdfe-8bc9-11f1-9b18-005056b2a5de,591,097330eb-f92d-4b88-95a8-1a83fd3d8011,
03__SKH__ORT__PMI__60,ORION Toonies Snack Phô Mai Bùng Nổ 60g,Snack Khác,Bịch,0.0,0.0,0.0,0.0,0.0,0.0,0.0,0.0,0.0,0.0,0.0,0.0,0.0,0.0,5.0,80000.0,5.0,80000.0,03__SKH__ORT__PMI__60,ORION Toonies Snack Phô Mai Bùng Nổ 60g,,Hàng hóa,aeca7795-8bc9-11f1-9b18-005056b2a5de,bb964480-8d6a-4230-849a-87cc068bfccb,aea7bdfe-8bc9-11f1-9b18-005056b2a5de,592,097330eb-f92d-4b88-95a8-1a83fd3d8011,
03__SKH__ORT__SOC__60,ORION Toonies Snack Socola 60g,Snack Khác,Bịch,0.0,0.0,0.0,0.0,0.0,0.0,0.0,0.0,0.0,0.0,0.0,0.0,0.0,0.0,12.0,192000.0,12.0,192000.0,03__SKH__ORT__SOC__60,ORION Toonies Snack Socola 60g,,Hàng hóa,aeca782b-8bc9-11f1-9b18-005056b2a5de,207ce9d4-c1cd-4ede-a640-7b3913727c23,aea7bdfe-8bc9-11f1-9b18-005056b2a5de,593,097330eb-f92d-4b88-95a8-1a83fd3d8011,
03__SKH__POC__BBQ__60,POCA Snack Que Giòn Sườn Nướng BBQ 60g,Snack Khác,Bịch,0.0,0.0,0.0,0.0,0.0,0.0,0.0,0.0,0.0,0.0,0.0,0.0,0.0,0.0,2.0,30000.0,2.0,30000.0,03__SKH__POC__BBQ__60,POCA Snack Que Giòn Sườn Nướng BBQ 60g,,Hàng hóa,aeca78be-8bc9-11f1-9b18-005056b2a5de,ef9f5a32-da0f-4191-bef3-2ed441241f21,aea7bdfe-8bc9-11f1-9b18-005056b2a5de,594,097330eb-f92d-4b88-95a8-1a83fd3d8011,
03__SKH__POC__BLL__60,POCA Snack Bò Lúc Lắc 60g,Snack Khác,Bịch,0.0,0.0,0.0,0.0,0.0,0.0,0.0,0.0,0.0,0.0,0.0,0.0,0.0,0.0,0.0,0.0,0.0,0.0,03__SKH__POC__BLL__60,POCA Snack Bò Lúc Lắc 60g,,Hàng hóa,aeca7950-8bc9-11f1-9b18-005056b2a5de,6abb6024-1e26-48d1-a5c1-dd34e750cc63,aea7bdfe-8bc9-11f1-9b18-005056b2a5de,595,097330eb-f92d-4b88-95a8-1a83fd3d8011,
03__SKH__POC__GAQ__60,POCA Snack Gà Quay Da Giòn 60g,Snack Khác,Bịch,0.0,0.0,0.0,0.0,0.0,0.0,0.0,0.0,0.0,0.0,0.0,0.0,0.0,0.0,-10.0,-150000.0,-10.0,-150000.0,03__SKH__POC__GAQ__60,POCA Snack Gà Quay Da Giòn 60g,,Hàng hóa,aeca7a8e-8bc9-11f1-9b18-005056b2a5de,e5486ff3-0721-4b6b-8073-25ab68b4a39a,aea7bdfe-8bc9-11f1-9b18-005056b2a5de,596,097330eb-f92d-4b88-95a8-1a83fd3d8011,
03__SKH__POC__MUC__60,POCA Snack Mực Lăn Muối Ớt 60g,Snack Khác,Bịch,0.0,0.0,0.0,0.0,0.0,0.0,0.0,0.0,0.0,0.0,0.0,0.0,0.0,0.0,0.0,0.0,0.0,0.0,03__SKH__POC__MUC__60,POCA Snack Mực Lăn Muối Ớt 60g,,Hàng hóa,aeca7b27-8bc9-11f1-9b18-005056b2a5de,a5cfb3dc-5b80-446a-bea7-60c41c582c84,aea7bdfe-8bc9-11f1-9b18-005056b2a5de,597,097330eb-f92d-4b88-95a8-1a83fd3d8011,
03__SKH__POC__PSU__30,POCA Snack Mũ Pháp Sư 30g,Snack Khác,Bịch,0.0,0.0,0.0,0.0,0.0,0.0,0.0,0.0,0.0,0.0,0.0,0.0,0.0,0.0,0.0,0.0,0.0,0.0,03__SKH__POC__PSU__30,POCA Snack Mũ Pháp Sư 30g,,Hàng hóa,aeca7bbd-8bc9-11f1-9b18-005056b2a5de,f68fad84-d61f-47d9-8953-2b36e52a141f,aea7bdfe-8bc9-11f1-9b18-005056b2a5de,598,097330eb-f92d-4b88-95a8-1a83fd3d8011,
03__SKH__POC__TAO__60,POCA Snack Cua Vị Tảo Biển 60g,Snack Khác,Bịch,0.0,0.0,0.0,0.0,0.0,0.0,0.0,0.0,0.0,0.0,0.0,0.0,0.0,0.0,4.0,60000.0,4.0,60000.0,03__SKH__POC__TAO__60,POCA Snack Cua Vị Tảo Biển 60g,,Hàng hóa,aeca7c50-8bc9-11f1-9b18-005056b2a5de,e70f642d-ac63-44c2-8e5a-5ff273db1b18,aea7bdfe-8bc9-11f1-9b18-005056b2a5de,599,097330eb-f92d-4b88-95a8-1a83fd3d8011,
03__SKH__POC__TOM__60,POCA Snack Phồng Tôm 60g,Snack Khác,Bịch,0.0,0.0,0.0,0.0,0.0,0.0,0.0,0.0,0.0,0.0,0.0,0.0,0.0,0.0,0.0,0.0,0.0,0.0,03__SKH__POC__TOM__60,POCA Snack Phồng Tôm 60g,,Hàng hóa,aeca7ce3-8bc9-11f1-9b18-005056b2a5de,299b43b9-b72e-45f2-a505-9905fd5c58dc,aea7bdfe-8bc9-11f1-9b18-005056b2a5de,600,097330eb-f92d-4b88-95a8-1a83fd3d8011,
03__SKH__SBT__GLT__285,SBT Lương Khô Ăn Kiêng Gạo Lứt 285g,Snack Khác,Bịch,0.0,0.0,0.0,0.0,0.0,0.0,0.0,0.0,0.0,0.0,0.0,0.0,0.0,0.0,10.0,430000.0,10.0,430000.0,03__SKH__SBT__GLT__285,SBT Lương Khô Ăn Kiêng Gạo Lứt 285g,,Hàng hóa,aeca7db2-8bc9-11f1-9b18-005056b2a5de,8a7929ea-d873-493c-a9be-5047bcf9d7c0,aea7bdfe-8bc9-11f1-9b18-005056b2a5de,601,097330eb-f92d-4b88-95a8-1a83fd3d8011,
03__SKH__SBT__HDU__285,SBT Lương Khô Hạt Điều 285g,Snack Khác,Bịch,0.0,0.0,0.0,0.0,0.0,0.0,0.0,0.0,0.0,0.0,0.0,0.0,0.0,0.0,15.0,645000.0,15.0,645000.0,03__SKH__SBT__HDU__285,SBT Lương Khô Hạt Điều 285g,,Hàng hóa,aeca7f91-8bc9-11f1-9b18-005056b2a5de,8ebdefaa-9d9e-46e7-ade9-06d9893ce2c1,aea7bdfe-8bc9-11f1-9b18-005056b2a5de,602,097330eb-f92d-4b88-95a8-1a83fd3d8011,
03__SKH__SBT__MAT__285,SBT Lương Khô Matcha 285g,Snack Khác,Bịch,0.0,0.0,0.0,0.0,0.0,0.0,0.0,0.0,0.0,0.0,0.0,0.0,0.0,0.0,0.0,0.0,0.0,0.0,03__SKH__SBT__MAT__285,SBT Lương Khô Matcha 285g,,Hàng hóa,aeca8037-8bc9-11f1-9b18-005056b2a5de,1f2e9630-9e8d-47d2-a4ee-31b23f95fd17,aea7bdfe-8bc9-11f1-9b18-005056b2a5de,603,097330eb-f92d-4b88-95a8-1a83fd3d8011,
03__SKH__SBT__OCH__285,SBT Lương Khô Óc Chó 285g,Snack Khác,Bịch,0.0,0.0,0.0,0.0,0.0,0.0,0.0,0.0,0.0,0.0,0.0,0.0,0.0,0.0,13.0,559000.0,13.0,559000.0,03__SKH__SBT__OCH__285,SBT Lương Khô Óc Chó 285g,,Hàng hóa,aeca80cb-8bc9-11f1-9b18-005056b2a5de,b3f98591-dd6d-4695-add5-0f06f53f9021,aea7bdfe-8bc9-11f1-9b18-005056b2a5de,604,097330eb-f92d-4b88-95a8-1a83fd3d8011,
03__SKH__SBT__SOC__285,SBT Lương Khô Socola Chip 285g,Snack Khác,Bịch,0.0,0.0,0.0,0.0,0.0,0.0,0.0,0.0,0.0,0.0,0.0,0.0,0.0,0.0,15.0,645000.0,15.0,645000.0,03__SKH__SBT__SOC__285,SBT Lương Khô Socola Chip 285g,,Hàng hóa,aeca815f-8bc9-11f1-9b18-005056b2a5de,b67abbe2-916f-49be-b560-5af2afc0eb9d,aea7bdfe-8bc9-11f1-9b18-005056b2a5de,605,097330eb-f92d-4b88-95a8-1a83fd3d8011,
03__SKT__LAY__BBQ__53,LAYS Snack Vị Sườn Nướng BBQ Brazil Bịch 53g,Snack Khoai Tây,Bịch,0.0,0.0,0.0,0.0,0.0,0.0,0.0,0.0,0.0,0.0,0.0,0.0,0.0,0.0,22.0,352000.0,22.0,352000.0,03__SKT__LAY__BBQ__53,LAYS Snack Vị Sườn Nướng BBQ Brazil Bịch 53g,,Hàng hóa,aeca82cd-8bc9-11f1-9b18-005056b2a5de,75d560ab-6537-4c4c-a866-e89764acc83f,aea7bdfe-8bc9-11f1-9b18-005056b2a5de,606,097330eb-f92d-4b88-95a8-1a83fd3d8011,
03__SKT__LAY__BBQ__90,LAYS Snack Vị Sườn Nướng BBQ Brazil Bịch 90g,Snack Khoai Tây,Bịch,0.0,0.0,0.0,0.0,0.0,0.0,0.0,0.0,0.0,0.0,0.0,0.0,0.0,0.0,15.0,450000.0,15.0,450000.0,03__SKT__LAY__BBQ__90,LAYS Snack Vị Sườn Nướng BBQ Brazil Bịch 90g,,Hàng hóa,aeca8370-8bc9-11f1-9b18-005056b2a5de,151de13f-105b-4a55-9aec-b85e7589e12f,aea7bdfe-8bc9-11f1-9b18-005056b2a5de,607,097330eb-f92d-4b88-95a8-1a83fd3d8011,
03__SKT__LAY__BOW__100,LAYS STAX Khoai Tây Miếng Vị Bò Wagyu Xốt Nấm Truffle Lon 100g,Snack Khoai Tây,Lon,0.0,0.0,0.0,0.0,0.0,0.0,0.0,0.0,0.0,0.0,0.0,0.0,0.0,0.0,9.0,486000.0,9.0,486000.0,03__SKT__LAY__BOW__100,LAYS STAX Khoai Tây Miếng Vị Bò Wagyu Xốt Nấm Truffle Lon 100g,,Hàng hóa,aeca840c-8bc9-11f1-9b18-005056b2a5de,e4ff48cb-c2ab-4268-b411-78f207bfc51f,aea7bdfe-8bc9-11f1-9b18-005056b2a5de,608,675a42b3-8acd-451e-b184-edaeaebec5b7,
03__SKT__LAY__HTY__42,LAYS STAX Khoai Tây Miếng Vị Hành Tây Lon 42g,Snack Khoai Tây,Lon,0.0,0.0,0.0,0.0,0.0,0.0,0.0,0.0,0.0,0.0,0.0,0.0,0.0,0.0,0.0,0.0,0.0,0.0,03__SKT__LAY__HTY__42,LAYS STAX Khoai Tây Miếng Vị Hành Tây Lon 42g,,Hàng hóa,aeca84b1-8bc9-11f1-9b18-005056b2a5de,9ddeb318-8e0b-467d-a674-ac57f309267c,aea7bdfe-8bc9-11f1-9b18-005056b2a5de,609,675a42b3-8acd-451e-b184-edaeaebec5b7,
03__SKT__LAY__KCA__100,LAYS STAX Vị Hành Tây Lon 100g,Snack Khoai Tây,Lon,0.0,0.0,0.0,0.0,0.0,0.0,0.0,0.0,0.0,0.0,0.0,0.0,0.0,0.0,0.0,0.0,0.0,0.0,03__SKT__LAY__KCA__100,LAYS STAX Vị Hành Tây Lon 100g,,Hàng hóa,aeca8545-8bc9-11f1-9b18-005056b2a5de,90861a99-6de6-4c7c-adf9-069674239cd5,aea7bdfe-8bc9-11f1-9b18-005056b2a5de,610,675a42b3-8acd-451e-b184-edaeaebec5b7,
03__SKT__LAY__LON__42,LAYS STAX Khoai Tây Miếng Vị Tôm Hùm Nướng Lon 42g,Snack Khoai Tây,Lon,0.0,0.0,0.0,0.0,0.0,0.0,0.0,0.0,0.0,0.0,0.0,0.0,0.0,0.0,44.0,1320000.0,44.0,1320000.0,03__SKT__LAY__LON__42,LAYS STAX Khoai Tây Miếng Vị Tôm Hùm Nướng Lon 42g,,Hàng hóa,aeca85da-8bc9-11f1-9b18-005056b2a5de,487398f4-8149-4ce0-a757-5795f2c84659,aea7bdfe-8bc9-11f1-9b18-005056b2a5de,611,675a42b3-8acd-451e-b184-edaeaebec5b7,
03__SKT__LAY__MUC__100,LAYS STAX Vị Mực Xốt Cay Lon 100g,Snack Khoai Tây,Lon,0.0,0.0,0.0,0.0,0.0,0.0,0.0,0.0,0.0,0.0,0.0,0.0,0.0,0.0,13.0,702000.0,13.0,702000.0,03__SKT__LAY__MUC__100,LAYS STAX Vị Mực Xốt Cay Lon 100g,,Hàng hóa,aeca8670-8bc9-11f1-9b18-005056b2a5de,d57c127d-d310-4b8f-890f-bdd52f7bf623,aea7bdfe-8bc9-11f1-9b18-005056b2a5de,612,675a42b3-8acd-451e-b184-edaeaebec5b7,
03__SKT__LAY__PAQ__42,LAYS STAX Khoai Tây Miếng Vị Phô Mai Anh Quốc Lon 42g,Snack Khoai Tây,Lon,0.0,0.0,0.0,0.0,0.0,0.0,0.0,0.0,0.0,0.0,0.0,0.0,0.0,0.0,22.0,660000.0,22.0,660000.0,03__SKT__LAY__PAQ__42,LAYS STAX Khoai Tây Miếng Vị Phô Mai Anh Quốc Lon 42g,,Hàng hóa,aeca8704-8bc9-11f1-9b18-005056b2a5de,0fe5b0ee-d7af-42f5-8b63-f405c51d18ea,aea7bdfe-8bc9-11f1-9b18-005056b2a5de,613,675a42b3-8acd-451e-b184-edaeaebec5b7,
03__SKT__LAY__PAQ__90,LAYS STAX Khoai Tây Miếng Vị Phô Mai Anh Quốc Lon 90g,Snack Khoai Tây,Lon,0.0,0.0,0.0,0.0,0.0,0.0,0.0,0.0,0.0,0.0,0.0,0.0,0.0,0.0,24.0,1296000.0,24.0,1296000.0,03__SKT__LAY__PAQ__90,LAYS STAX Khoai Tây Miếng Vị Phô Mai Anh Quốc Lon 90g,,Hàng hóa,aeca8795-8bc9-11f1-9b18-005056b2a5de,ab6203ea-620a-49c1-b315-8d778370019d,aea7bdfe-8bc9-11f1-9b18-005056b2a5de,614,675a42b3-8acd-451e-b184-edaeaebec5b7,
03__SKT__LAY__PMI__100,LAYS STAX Khoai Tây Miếng Vị Phô Mai Lon 100g,Snack Khoai Tây,Lon,0.0,0.0,0.0,0.0,0.0,0.0,0.0,0.0,0.0,0.0,0.0,0.0,0.0,0.0,1.0,54000.0,1.0,54000.0,03__SKT__LAY__PMI__100,LAYS STAX Khoai Tây Miếng Vị Phô Mai Lon 100g,,Hàng hóa,aeca8829-8bc9-11f1-9b18-005056b2a5de,99e39752-9389-462b-bdbc-88a1c01f40e0,aea7bdfe-8bc9-11f1-9b18-005056b2a5de,615,675a42b3-8acd-451e-b184-edaeaebec5b7,
03__SKT__LAY__PMI__42,LAYS STAX Khoai Tây Miếng Vị Phô Mai Lon 42g,Snack Khoai Tây,Lon,0.0,0.0,0.0,0.0,0.0,0.0,0.0,0.0,0.0,0.0,0.0,0.0,0.0,0.0,10.0,300000.0,10.0,300000.0,03__SKT__LAY__PMI__42,LAYS STAX Khoai Tây Miếng Vị Phô Mai Lon 42g,,Hàng hóa,aeca88bc-8bc9-11f1-9b18-005056b2a5de,ccc6aff8-c587-4778-81fa-9bb630a28d86,aea7bdfe-8bc9-11f1-9b18-005056b2a5de,616,675a42b3-8acd-451e-b184-edaeaebec5b7,
03__SKT__LAY__PMI__53,LAYS Snack Vị Phô Mai Cheddar Bịch 53g,Snack Khoai Tây,Bịch,0.0,0.0,0.0,0.0,0.0,0.0,0.0,0.0,0.0,0.0,0.0,0.0,0.0,0.0,20.0,320000.0,20.0,320000.0,03__SKT__LAY__PMI__53,LAYS Snack Vị Phô Mai Cheddar Bịch 53g,,Hàng hóa,aeca8961-8bc9-11f1-9b18-005056b2a5de,48bf359b-08b8-41b4-8059-64e7be28c037,aea7bdfe-8bc9-11f1-9b18-005056b2a5de,617,097330eb-f92d-4b88-95a8-1a83fd3d8011,
03__SKT__LAY__PMI_53,LAYS Snack Vị Tôm Càng Đút Lò Phô Mai Tan Chảy 53g,Snack Khoai Tây,Bịch,0.0,0.0,0.0,0.0,0.0,0.0,0.0,0.0,0.0,0.0,0.0,0.0,0.0,0.0,5.0,80000.0,5.0,80000.0,03__SKT__LAY__PMI_53,LAYS Snack Vị Tôm Càng Đút Lò Phô Mai Tan Chảy 53g,,Hàng hóa,aeca89f6-8bc9-11f1-9b18-005056b2a5de,ca01e233-f7fc-4fa6-8515-4f5f209bc3cf,aea7bdfe-8bc9-11f1-9b18-005056b2a5de,618,097330eb-f92d-4b88-95a8-1a83fd3d8011,
03__SKT__LAY__TAO__53,LAYS Snack Vị Tảo Biển Nori Bịch 53g,Snack Khoai Tây,Bịch,0.0,0.0,0.0,0.0,0.0,0.0,0.0,0.0,0.0,0.0,0.0,0.0,0.0,0.0,17.0,272000.0,17.0,272000.0,03__SKT__LAY__TAO__53,LAYS Snack Vị Tảo Biển Nori Bịch 53g,,Hàng hóa,aeca8ac7-8bc9-11f1-9b18-005056b2a5de,cc473853-ad60-4c01-b99e-fd5be65e3ee8,aea7bdfe-8bc9-11f1-9b18-005056b2a5de,619,097330eb-f92d-4b88-95a8-1a83fd3d8011,
03__SKT__LAY__TEX__53,LAYS Snack Vị Thăn Bò Nướng Texas 53g,Snack Khoai Tây,Bịch,0.0,0.0,0.0,0.0,0.0,0.0,0.0,0.0,0.0,0.0,0.0,0.0,0.0,0.0,34.0,544000.0,34.0,544000.0,03__SKT__LAY__TEX__53,LAYS Snack Vị Thăn Bò Nướng Texas 53g,,Hàng hóa,aeca8b91-8bc9-11f1-9b18-005056b2a5de,ab47cafc-13d6-4b9c-88fc-5a5ace295d5c,aea7bdfe-8bc9-11f1-9b18-005056b2a5de,620,097330eb-f92d-4b88-95a8-1a83fd3d8011,
03__SKT__LAY__TEX__90,LAYS Snack Vị Thăn Bò Nướng Texas 90g,Snack Khoai Tây,Bịch,0.0,0.0,0.0,0.0,0.0,0.0,0.0,0.0,0.0,0.0,0.0,0.0,0.0,0.0,23.0,690000.0,23.0,690000.0,03__SKT__LAY__TEX__90,LAYS Snack Vị Thăn Bò Nướng Texas 90g,,Hàng hóa,aeca8c24-8bc9-11f1-9b18-005056b2a5de,661713c2-1f8c-43ff-8413-d5fdfa96edaa,aea7bdfe-8bc9-11f1-9b18-005056b2a5de,621,097330eb-f92d-4b88-95a8-1a83fd3d8011,
03__SKT__LAY__THM__100,LAYS STAX Vị Tôm Hùm Nướng Lon 100g,Snack Khoai Tây,Lon,0.0,0.0,0.0,0.0,0.0,0.0,0.0,0.0,0.0,0.0,0.0,0.0,0.0,0.0,8.0,432000.0,8.0,432000.0,03__SKT__LAY__THM__100,LAYS STAX Vị Tôm Hùm Nướng Lon 100g,,Hàng hóa,aeca8cb8-8bc9-11f1-9b18-005056b2a5de,1f2d7b8e-8a5f-4a15-bc9c-aa0bfb1403e9,aea7bdfe-8bc9-11f1-9b18-005056b2a5de,622,675a42b3-8acd-451e-b184-edaeaebec5b7,
03__SKT__LAY__THM__42,LAYS STAX Khoai Tây Miếng Vị Tôm Hùm Nướng Lon 42g,Snack Khoai Tây,Lon,0.0,0.0,0.0,0.0,0.0,0.0,0.0,0.0,0.0,0.0,0.0,0.0,0.0,0.0,-1.0,-30000.0,-1.0,-30000.0,03__SKT__LAY__THM__42,LAYS STAX Khoai Tây Miếng Vị Tôm Hùm Nướng Lon 42g,,Hàng hóa,aeca8d4d-8bc9-11f1-9b18-005056b2a5de,49a2d400-f678-43f1-9413-4f4c09014cd9,aea7bdfe-8bc9-11f1-9b18-005056b2a5de,623,675a42b3-8acd-451e-b184-edaeaebec5b7,
03__SKT__LAY__TNN__100,LAYS STAX Vị Tự Nhiên Lon 100g,Snack Khoai Tây,Lon,0.0,0.0,0.0,0.0,0.0,0.0,0.0,0.0,0.0,0.0,0.0,0.0,0.0,0.0,12.0,648000.0,12.0,648000.0,03__SKT__LAY__TNN__100,LAYS STAX Vị Tự Nhiên Lon 100g,,Hàng hóa,aeca8de7-8bc9-11f1-9b18-005056b2a5de,9f6e477f-7c7f-4308-982e-a32d59722bf6,aea7bdfe-8bc9-11f1-9b18-005056b2a5de,624,675a42b3-8acd-451e-b184-edaeaebec5b7,
03__SKT__LAY__TNN__42,LAYS STAX Khoai Tây Miếng Vị Tự Nhiên Lon 42g,Snack Khoai Tây,Lon,0.0,0.0,0.0,0.0,0.0,0.0,0.0,0.0,0.0,0.0,0.0,0.0,0.0,0.0,23.0,690000.0,23.0,690000.0,03__SKT__LAY__TNN__42,LAYS STAX Khoai Tây Miếng Vị Tự Nhiên Lon 42g,,Hàng hóa,aeca8f21-8bc9-11f1-9b18-005056b2a5de,907e1889-4fdd-49a3-8b8f-dbd6ec4356fa,aea7bdfe-8bc9-11f1-9b18-005056b2a5de,625,675a42b3-8acd-451e-b184-edaeaebec5b7,
03__SKT__LAY__TNN__53,LAYS Snack Vị Khoai Tây Tự Nhiên Bịch 53g,Snack Khoai Tây,Bịch,0.0,0.0,0.0,0.0,0.0,0.0,0.0,0.0,0.0,0.0,0.0,0.0,0.0,0.0,22.0,352000.0,22.0,352000.0,03__SKT__LAY__TNN__53,LAYS Snack Vị Khoai Tây Tự Nhiên Bịch 53g,,Hàng hóa,aeca8fb9-8bc9-11f1-9b18-005056b2a5de,b8cd6bfd-fee7-4cb0-a544-24a7fe302e0e,aea7bdfe-8bc9-11f1-9b18-005056b2a5de,626,097330eb-f92d-4b88-95a8-1a83fd3d8011,
03__SKT__LAY__TNN__90,LAYS Snack Vị Khoai Tây Tự Nhiên Bịch 90g,Snack Khoai Tây,Bịch,0.0,0.0,0.0,0.0,0.0,0.0,0.0,0.0,0.0,0.0,0.0,0.0,0.0,0.0,22.0,660000.0,22.0,660000.0,03__SKT__LAY__TNN__90,LAYS Snack Vị Khoai Tây Tự Nhiên Bịch 90g,,Hàng hóa,aeca908c-8bc9-11f1-9b18-005056b2a5de,b51fa6ee-c59e-4249-b748-e59be4acc534,aea7bdfe-8bc9-11f1-9b18-005056b2a5de,627,097330eb-f92d-4b88-95a8-1a83fd3d8011,
03__SKT__OOS__BMO__52,ORION Ostar Snack Bơ Mật Ong Bịch 52g,Snack Khoai Tây,Bịch,0.0,0.0,0.0,0.0,0.0,0.0,0.0,0.0,0.0,0.0,0.0,0.0,0.0,0.0,20.0,300000.0,20.0,300000.0,03__SKT__OOS__BMO__52,ORION Ostar Snack Bơ Mật Ong Bịch 52g,,Hàng hóa,aeca9124-8bc9-11f1-9b18-005056b2a5de,b3f4702e-10ab-4666-8af9-689680e01dfd,aea7bdfe-8bc9-11f1-9b18-005056b2a5de,628,097330eb-f92d-4b88-95a8-1a83fd3d8011,
03__SKT__OOS__HAN__55,ORION Ostar Snack Kim Chi Hàn Quốc Tết,,Bịch,0.0,0.0,0.0,0.0,0.0,0.0,0.0,0.0,0.0,0.0,0.0,0.0,0.0,0.0,0.0,0.0,0.0,0.0,03__SKT__OOS__HAN__55,ORION Ostar Snack Kim Chi Hàn Quốc Tết,,Hàng hóa,aeca91bc-8bc9-11f1-9b18-005056b2a5de,fd8ba525-345c-4f86-9184-5a291b752395,aea7bdfe-8bc9-11f1-9b18-005056b2a5de,629,097330eb-f92d-4b88-95a8-1a83fd3d8011,
03__SKT__OOS__KCI__55,ORION Ostar Snack Kim Chi Hàn Quốc Bịch 55g,Snack Khoai Tây,Bịch,0.0,0.0,0.0,0.0,0.0,0.0,0.0,0.0,0.0,0.0,0.0,0.0,0.0,0.0,9.0,135000.0,9.0,135000.0,03__SKT__OOS__KCI__55,ORION Ostar Snack Kim Chi Hàn Quốc Bịch 55g,,Hàng hóa,aeca9257-8bc9-11f1-9b18-005056b2a5de,548930a9-5cab-4f12-b70e-6bf05b3ebc89,aea7bdfe-8bc9-11f1-9b18-005056b2a5de,630,097330eb-f92d-4b88-95a8-1a83fd3d8011,
03__SKT__OOS__PMI__55,ORION Ostar Snack Phô Mai Trứng Muối Tết,Snack Khoai Tây,Bịch,0.0,0.0,0.0,0.0,0.0,0.0,0.0,0.0,0.0,0.0,0.0,0.0,0.0,0.0,0.0,0.0,0.0,0.0,03__SKT__OOS__PMI__55,ORION Ostar Snack Phô Mai Trứng Muối Tết,,Hàng hóa,aeca92ec-8bc9-11f1-9b18-005056b2a5de,39587303-4a03-4e4a-994f-f8158b4554ef,aea7bdfe-8bc9-11f1-9b18-005056b2a5de,631,097330eb-f92d-4b88-95a8-1a83fd3d8011,
03__SKT__OOS__PMI__56,ORION Ostar Snack Phô Mai Trứng Muối Bịch 56g,Snack Khoai Tây,Bịch,0.0,0.0,0.0,0.0,0.0,0.0,0.0,0.0,0.0,0.0,0.0,0.0,0.0,0.0,16.0,240000.0,16.0,240000.0,03__SKT__OOS__PMI__56,ORION Ostar Snack Phô Mai Trứng Muối Bịch 56g,,Hàng hóa,aeca9392-8bc9-11f1-9b18-005056b2a5de,262063bf-d888-435f-88f5-f1e8c99aeac1,aea7bdfe-8bc9-11f1-9b18-005056b2a5de,632,097330eb-f92d-4b88-95a8-1a83fd3d8011,
03__SKT__OOS__TAO__31,ORION Ostar Snack Tảo Biển Bịch 31g,Snack Khoai Tây,Bịch,0.0,0.0,0.0,0.0,0.0,0.0,0.0,0.0,0.0,0.0,0.0,0.0,0.0,0.0,10.0,100000.0,10.0,100000.0,03__SKT__OOS__TAO__31,ORION Ostar Snack Tảo Biển Bịch 31g,,Hàng hóa,aeca942c-8bc9-11f1-9b18-005056b2a5de,25ec8e11-1640-4a4f-ab9e-459c6cd8de64,aea7bdfe-8bc9-11f1-9b18-005056b2a5de,633,097330eb-f92d-4b88-95a8-1a83fd3d8011,
03__SKT__OOS__TAO__55,ORION Ostar Snack Vị Tảo Biển Tết,Snack Khoai Tây,Bịch,0.0,0.0,0.0,0.0,0.0,0.0,0.0,0.0,0.0,0.0,0.0,0.0,0.0,0.0,-1.0,-15000.0,-1.0,-15000.0,03__SKT__OOS__TAO__55,ORION Ostar Snack Vị Tảo Biển Tết,,Hàng hóa,aeca94c0-8bc9-11f1-9b18-005056b2a5de,06fd0843-4c19-4c60-bd11-713690f5c95f,aea7bdfe-8bc9-11f1-9b18-005056b2a5de,634,097330eb-f92d-4b88-95a8-1a83fd3d8011,
03__SKT__OOS__TBN__55,ORION Ostar Snack Tảo Biển Bịch 55g,Snack Khoai Tây,Bịch,0.0,0.0,0.0,0.0,0.0,0.0,0.0,0.0,0.0,0.0,0.0,0.0,0.0,0.0,15.0,225000.0,15.0,225000.0,03__SKT__OOS__TBN__55,ORION Ostar Snack Tảo Biển Bịch 55g,,Hàng hóa,aeca9555-8bc9-11f1-9b18-005056b2a5de,a5e53c28-1e01-4da6-8082-0497f93addbd,aea7bdfe-8bc9-11f1-9b18-005056b2a5de,635,097330eb-f92d-4b88-95a8-1a83fd3d8011,
03__SKT__OOS__TDD__55,ORION Ostar Snack Tảo Đậm Đặc Biệt Bịch 55g,Snack Khoai Tây,Bịch,0.0,0.0,0.0,0.0,0.0,0.0,0.0,0.0,0.0,0.0,0.0,0.0,0.0,0.0,-2.0,-30000.0,-2.0,-30000.0,03__SKT__OOS__TDD__55,ORION Ostar Snack Tảo Đậm Đặc Biệt Bịch 55g,,Hàng hóa,aeca95eb-8bc9-11f1-9b18-005056b2a5de,6aa81e9f-f365-48d4-a4c3-45d82a4a582c,aea7bdfe-8bc9-11f1-9b18-005056b2a5de,636,097330eb-f92d-4b88-95a8-1a83fd3d8011,
03__SKT__OOS__TNN__55,ORION Ostar Snack Khoai Tây Tự Nhiên Bịch 55g,Snack Khoai Tây,Bịch,0.0,0.0,0.0,0.0,0.0,0.0,0.0,0.0,0.0,0.0,0.0,0.0,0.0,0.0,21.0,315000.0,21.0,315000.0,03__SKT__OOS__TNN__55,ORION Ostar Snack Khoai Tây Tự Nhiên Bịch 55g,,Hàng hóa,aeca9681-8bc9-11f1-9b18-005056b2a5de,f24ed500-d2b3-43eb-9def-9c07bee0fb8c,aea7bdfe-8bc9-11f1-9b18-005056b2a5de,637,097330eb-f92d-4b88-95a8-1a83fd3d8011,
03__SKT__ORO__KLT__28,ORION Snack Khoai Lang Tím 28g,Snack Khoai Tây,Bịch,0.0,0.0,0.0,0.0,0.0,0.0,0.0,0.0,0.0,0.0,0.0,0.0,0.0,0.0,0.0,0.0,0.0,0.0,03__SKT__ORO__KLT__28,ORION Snack Khoai Lang Tím 28g,,Hàng hóa,aeca9716-8bc9-11f1-9b18-005056b2a5de,b5762a8d-025a-4087-a352-1a4f197e401c,aea7bdfe-8bc9-11f1-9b18-005056b2a5de,638,097330eb-f92d-4b88-95a8-1a83fd3d8011,
03__SKT__ORO__TAO__28,ORION Snack Khoai Tây Tayo Vị Tảo Ngọt Bịch 28g,Snack Khoai Tây,Bịch,0.0,0.0,0.0,0.0,0.0,0.0,0.0,0.0,0.0,0.0,0.0,0.0,0.0,0.0,-3.0,-24000.0,-3.0,-24000.0,03__SKT__ORO__TAO__28,ORION Snack Khoai Tây Tayo Vị Tảo Ngọt Bịch 28g,,Hàng hóa,aeca97ab-8bc9-11f1-9b18-005056b2a5de,3d0fa8d7-c797-4f0d-b645-f09782f7e00d,aea7bdfe-8bc9-11f1-9b18-005056b2a5de,639,097330eb-f92d-4b88-95a8-1a83fd3d8011,
03__SKT__ORO__TAY__45,ORION Snack Khoai Tây Tayo Xốt Chấm 45g,Snack Khoai Tây,Bịch,0.0,0.0,0.0,0.0,0.0,0.0,0.0,0.0,0.0,0.0,0.0,0.0,0.0,0.0,1.0,16000.0,1.0,16000.0,03__SKT__ORO__TAY__45,ORION Snack Khoai Tây Tayo Xốt Chấm 45g,,Hàng hóa,aeca9840-8bc9-11f1-9b18-005056b2a5de,19cf06d5-6e94-4f1b-9e38-bacee8359065,aea7bdfe-8bc9-11f1-9b18-005056b2a5de,640,097330eb-f92d-4b88-95a8-1a83fd3d8011,
03__SKT__ORO__TAY__60,ORION Snack Khoai Tây Tayo Vị Tảo Ngọt Bịch 60g,Snack Khoai Tây,Bịch,0.0,0.0,0.0,0.0,0.0,0.0,0.0,0.0,0.0,0.0,0.0,0.0,0.0,0.0,32.0,512000.0,32.0,512000.0,03__SKT__ORO__TAY__60,ORION Snack Khoai Tây Tayo Vị Tảo Ngọt Bịch 60g,,Hàng hóa,aeca98d4-8bc9-11f1-9b18-005056b2a5de,ddc1a326-9829-45dd-964b-dc0ab8949df2,aea7bdfe-8bc9-11f1-9b18-005056b2a5de,641,097330eb-f92d-4b88-95a8-1a83fd3d8011,
03__SKT__ORS__BBT__55,ORION Swing Snack Vị Bò Bít Tết Newyork Bịch 55g,Snack Khoai Tây,Bịch,0.0,0.0,0.0,0.0,0.0,0.0,0.0,0.0,0.0,0.0,0.0,0.0,0.0,0.0,10.0,160000.0,10.0,160000.0,03__SKT__ORS__BBT__55,ORION Swing Snack Vị Bò Bít Tết Newyork Bịch 55g,,Hàng hóa,aeca996a-8bc9-11f1-9b18-005056b2a5de,c407ec90-619a-4e4d-b82e-9f8154b9e3b2,aea7bdfe-8bc9-11f1-9b18-005056b2a5de,642,097330eb-f92d-4b88-95a8-1a83fd3d8011,
03__SKT__ORS__GAT__55,ORION Swing Snack Vị Gà Teriyaki Bịch 55g,Snack Khoai Tây,Bịch,0.0,0.0,0.0,0.0,0.0,0.0,0.0,0.0,0.0,0.0,0.0,0.0,0.0,0.0,18.0,288000.0,18.0,288000.0,03__SKT__ORS__GAT__55,ORION Swing Snack Vị Gà Teriyaki Bịch 55g,,Hàng hóa,aeca99ff-8bc9-11f1-9b18-005056b2a5de,f8b09eba-9cf4-4dc8-b01c-577cf441a5bd,aea7bdfe-8bc9-11f1-9b18-005056b2a5de,643,097330eb-f92d-4b88-95a8-1a83fd3d8011,
03__SKT__ORS__MOB__52,ORION Swing Snack Vị Mật Ong Bơ Tỏi 52g,Snack Khoai Tây,Bịch,0.0,0.0,0.0,0.0,0.0,0.0,0.0,0.0,0.0,0.0,0.0,0.0,0.0,0.0,1.0,16000.0,1.0,16000.0,03__SKT__ORS__MOB__52,ORION Swing Snack Vị Mật Ong Bơ Tỏi 52g,,Hàng hóa,aeca9a9d-8bc9-11f1-9b18-005056b2a5de,6132a1f8-2d41-4ca1-a8c0-80dc62216e65,aea7bdfe-8bc9-11f1-9b18-005056b2a5de,644,097330eb-f92d-4b88-95a8-1a83fd3d8011,
03__SKT__ORS__TAO__50,ORION Swing Snack Vị Tảo Hàn Quốc Bịch 50g,Snack Khoai Tây,Bịch,0.0,0.0,0.0,0.0,0.0,0.0,0.0,0.0,0.0,0.0,0.0,0.0,0.0,0.0,3.0,48000.0,3.0,48000.0,03__SKT__ORS__TAO__50,ORION Swing Snack Vị Tảo Hàn Quốc Bịch 50g,,Hàng hóa,aeca9b83-8bc9-11f1-9b18-005056b2a5de,749f5e57-6441-4657-9c18-84377a5fa5dc,aea7bdfe-8bc9-11f1-9b18-005056b2a5de,645,097330eb-f92d-4b88-95a8-1a83fd3d8011,
03__SKT__OSM__BNT__52,ORION Swing Maxx Snack Vị Bò Nướng Tiêu Đen Bịch 52g,Snack Khoai Tây,Bịch,0.0,0.0,0.0,0.0,0.0,0.0,0.0,0.0,0.0,0.0,0.0,0.0,0.0,0.0,18.0,288000.0,18.0,288000.0,03__SKT__OSM__BNT__52,ORION Swing Maxx Snack Vị Bò Nướng Tiêu Đen Bịch 52g,,Hàng hóa,aeca9c67-8bc9-11f1-9b18-005056b2a5de,15ea2d97-248d-491b-bbec-6dce23e6e7b3,aea7bdfe-8bc9-11f1-9b18-005056b2a5de,646,097330eb-f92d-4b88-95a8-1a83fd3d8011,
03__SKT__OSM__XGO__52,ORION Swing Maxx Snack Xốt Gochujang Bịch 52g,Snack Khoai Tây,Bịch,0.0,0.0,0.0,0.0,0.0,0.0,0.0,0.0,0.0,0.0,0.0,0.0,0.0,0.0,0.0,0.0,0.0,0.0,03__SKT__OSM__XGO__52,ORION Swing Maxx Snack Xốt Gochujang Bịch 52g,,Hàng hóa,aeca9d81-8bc9-11f1-9b18-005056b2a5de,e00292a7-d3b0-41cf-894f-f43fa3e17874,aea7bdfe-8bc9-11f1-9b18-005056b2a5de,647,097330eb-f92d-4b88-95a8-1a83fd3d8011,
03__SKT__PRI__HAH__102,PRINGLES Snack Khoai Tây Vị Kem Hành Lon 102g,Snack Khoai Tây,Lon,0.0,0.0,0.0,0.0,0.0,0.0,0.0,0.0,0.0,0.0,0.0,0.0,0.0,0.0,0.0,0.0,0.0,0.0,03__SKT__PRI__HAH__102,PRINGLES Snack Khoai Tây Vị Kem Hành Lon 102g,,Hàng hóa,aeca9e61-8bc9-11f1-9b18-005056b2a5de,64b8d02a-be26-4d6d-a9a5-6149653952c7,aea7bdfe-8bc9-11f1-9b18-005056b2a5de,648,675a42b3-8acd-451e-b184-edaeaebec5b7,
03__SKT__PRI__HAH__42,PRINGLES Snack Khoai Tây Vị Kem Hành Lon 42g,Snack Khoai Tây,Lon,0.0,0.0,0.0,0.0,0.0,0.0,0.0,0.0,0.0,0.0,0.0,0.0,0.0,0.0,0.0,0.0,0.0,0.0,03__SKT__PRI__HAH__42,PRINGLES Snack Khoai Tây Vị Kem Hành Lon 42g,,Hàng hóa,aeca9f04-8bc9-11f1-9b18-005056b2a5de,abc24de1-2c6f-4a4b-90ff-8c2798197f99,aea7bdfe-8bc9-11f1-9b18-005056b2a5de,649,675a42b3-8acd-451e-b184-edaeaebec5b7,
03__SKT__PRI__PMI__102,PRINGLES Snack Khoai Tây Vị Phô Mai Lon 102g,Snack Khoai Tây,Lon,0.0,0.0,0.0,0.0,0.0,0.0,0.0,0.0,0.0,0.0,0.0,0.0,0.0,0.0,0.0,0.0,0.0,0.0,03__SKT__PRI__PMI__102,PRINGLES Snack Khoai Tây Vị Phô Mai Lon 102g,,Hàng hóa,aeca9f9c-8bc9-11f1-9b18-005056b2a5de,d738875f-942a-4a44-886a-7184d21e8be8,aea7bdfe-8bc9-11f1-9b18-005056b2a5de,650,675a42b3-8acd-451e-b184-edaeaebec5b7,
03__SKT__PRI__TNN__102,PRINGLES Snack Khoai Tây Vị Tự Nhiên Lon 102g,Snack Khoai Tây,Lon,0.0,0.0,0.0,0.0,0.0,0.0,0.0,0.0,0.0,0.0,0.0,0.0,0.0,0.0,0.0,0.0,0.0,0.0,03__SKT__PRI__TNN__102,PRINGLES Snack Khoai Tây Vị Tự Nhiên Lon 102g,,Hàng hóa,aecaa032-8bc9-11f1-9b18-005056b2a5de,4d02dd8f-a2da-45dc-8703-7fe5500e49d4,aea7bdfe-8bc9-11f1-9b18-005056b2a5de,651,675a42b3-8acd-451e-b184-edaeaebec5b7,
03__SKT__PRI__TNN__42,PRINGLES Snack Khoai Tây Vị Tự Nhiên Lon 42g,Snack Khoai Tây,Lon,0.0,0.0,0.0,0.0,0.0,0.0,0.0,0.0,0.0,0.0,0.0,0.0,0.0,0.0,0.0,0.0,0.0,0.0,03__SKT__PRI__TNN__42,PRINGLES Snack Khoai Tây Vị Tự Nhiên Lon 42g,,Hàng hóa,aecaa0cd-8bc9-11f1-9b18-005056b2a5de,27d435e4-d892-4dbe-adec-94cd79bc9af9,aea7bdfe-8bc9-11f1-9b18-005056b2a5de,652,675a42b3-8acd-451e-b184-edaeaebec5b7,
03__SKT__PRI__VOT__102,PRINGLES Snack Khoai Tây Vị Ớt Lon 102g,Snack Khoai Tây,Lon,0.0,0.0,0.0,0.0,0.0,0.0,0.0,0.0,0.0,0.0,0.0,0.0,0.0,0.0,0.0,0.0,0.0,0.0,03__SKT__PRI__VOT__102,PRINGLES Snack Khoai Tây Vị Ớt Lon 102g,,Hàng hóa,aecaa222-8bc9-11f1-9b18-005056b2a5de,6df2d794-daf3-46d9-a55f-ca9dcea82dd6,aea7bdfe-8bc9-11f1-9b18-005056b2a5de,653,675a42b3-8acd-451e-b184-edaeaebec5b7,
03__SKT__SLI__BBQ__60,SLIDE Snack Khoai Tây Vị Thịt Nướng Lon 60g,Snack Khoai Tây,Lon,0.0,0.0,0.0,0.0,0.0,0.0,0.0,0.0,0.0,0.0,0.0,0.0,0.0,0.0,12.0,480000.0,12.0,480000.0,03__SKT__SLI__BBQ__60,SLIDE Snack Khoai Tây Vị Thịt Nướng Lon 60g,,Hàng hóa,aecaa2b8-8bc9-11f1-9b18-005056b2a5de,a5a4171c-df88-47b9-8004-94779271a3bf,aea7bdfe-8bc9-11f1-9b18-005056b2a5de,654,675a42b3-8acd-451e-b184-edaeaebec5b7,
03__SKT__SLI__CAY__60,SLIDE Snack Khoai Tây Vị Cay Lon 60g,Snack Khoai Tây,Lon,0.0,0.0,0.0,0.0,0.0,0.0,0.0,0.0,0.0,0.0,0.0,0.0,0.0,0.0,9.0,360000.0,9.0,360000.0,03__SKT__SLI__CAY__60,SLIDE Snack Khoai Tây Vị Cay Lon 60g,,Hàng hóa,aecaa34d-8bc9-11f1-9b18-005056b2a5de,7cd0ce01-1a82-4827-b0b3-beea1b576d13,aea7bdfe-8bc9-11f1-9b18-005056b2a5de,655,675a42b3-8acd-451e-b184-edaeaebec5b7,
03__SKT__SLI__CLA__60,SLIDE Snack Khoai Tây Vị Nguyên Bản Lon 60g,Snack Khoai Tây,Lon,0.0,0.0,0.0,0.0,0.0,0.0,0.0,0.0,0.0,0.0,0.0,0.0,0.0,0.0,16.0,640000.0,16.0,640000.0,03__SKT__SLI__CLA__60,SLIDE Snack Khoai Tây Vị Nguyên Bản Lon 60g,,Hàng hóa,aecaa3eb-8bc9-11f1-9b18-005056b2a5de,88fb26bd-478c-4a0b-a41f-d9f60615995b,aea7bdfe-8bc9-11f1-9b18-005056b2a5de,656,675a42b3-8acd-451e-b184-edaeaebec5b7,
03__SKT__SLI__HAH__145,SLIDE Snack Khoai Tây Vị Hành Lon 145g,Snack Khoai Tây,Lon,0.0,0.0,0.0,0.0,0.0,0.0,0.0,0.0,0.0,0.0,0.0,0.0,0.0,0.0,4.0,260000.0,4.0,260000.0,03__SKT__SLI__HAH__145,SLIDE Snack Khoai Tây Vị Hành Lon 145g,,Hàng hóa,aecaa4c3-8bc9-11f1-9b18-005056b2a5de,f28cb891-38ca-4fd3-b568-b6def76890fb,aea7bdfe-8bc9-11f1-9b18-005056b2a5de,657,675a42b3-8acd-451e-b184-edaeaebec5b7,
03__SKT__SLI__HAH__60,SLIDE Snack Khoai Tây Vị Hành Lon 60g,Snack Khoai Tây,Lon,0.0,0.0,0.0,0.0,0.0,0.0,0.0,0.0,0.0,0.0,0.0,0.0,0.0,0.0,11.0,440000.0,11.0,440000.0,03__SKT__SLI__HAH__60,SLIDE Snack Khoai Tây Vị Hành Lon 60g,,Hàng hóa,aecaa55e-8bc9-11f1-9b18-005056b2a5de,77af7eac-581b-41f0-962b-ac4923e8aefa,aea7bdfe-8bc9-11f1-9b18-005056b2a5de,658,675a42b3-8acd-451e-b184-edaeaebec5b7,
03__SKT__SLI__ORI__145,SLIDE KT Vị Nguyên Bản Lon 145g,Snack Khoai Tây,Lon,0.0,0.0,0.0,0.0,0.0,0.0,0.0,0.0,0.0,0.0,0.0,0.0,0.0,0.0,-12.0,-780000.0,-12.0,-780000.0,03__SKT__SLI__ORI__145,SLIDE KT Vị Nguyên Bản Lon 145g,,Hàng hóa,aecaa5f6-8bc9-11f1-9b18-005056b2a5de,04eabcdd-a5bb-4bc7-84d9-417841b19f8e,aea7bdfe-8bc9-11f1-9b18-005056b2a5de,659,675a42b3-8acd-451e-b184-edaeaebec5b7,
03__SKT__SLI__PMI__145,SLIDE Snack Khoai Tây Vị Phô Mai Lon 145g,Snack Khoai Tây,Lon,0.0,0.0,0.0,0.0,0.0,0.0,0.0,0.0,0.0,0.0,0.0,0.0,0.0,0.0,2.0,130000.0,2.0,130000.0,03__SKT__SLI__PMI__145,SLIDE Snack Khoai Tây Vị Phô Mai Lon 145g,,Hàng hóa,aecaa689-8bc9-11f1-9b18-005056b2a5de,d843f9ab-7f7e-40ce-814e-62fff82aeff7,aea7bdfe-8bc9-11f1-9b18-005056b2a5de,660,675a42b3-8acd-451e-b184-edaeaebec5b7,
03__SKT__SLI__PMI__60,SLIDE Snack Khoai Tây Vị Phô Mai Lon 60g,Snack Khoai Tây,Lon,0.0,0.0,0.0,0.0,0.0,0.0,0.0,0.0,0.0,0.0,0.0,0.0,0.0,0.0,6.0,240000.0,6.0,240000.0,03__SKT__SLI__PMI__60,SLIDE Snack Khoai Tây Vị Phô Mai Lon 60g,,Hàng hóa,aecaa71d-8bc9-11f1-9b18-005056b2a5de,a8df62fe-b41d-449b-b11b-60725b2dfb6e,aea7bdfe-8bc9-11f1-9b18-005056b2a5de,661,675a42b3-8acd-451e-b184-edaeaebec5b7,
03__SKT__SLI__TNG__145,SLIDE Khoai Tây Vị Thịt Nướng Lon 145g,Snack Khoai Tây,Lon,0.0,0.0,0.0,0.0,0.0,0.0,0.0,0.0,0.0,0.0,0.0,0.0,0.0,0.0,15.0,975000.0,15.0,975000.0,03__SKT__SLI__TNG__145,SLIDE Khoai Tây Vị Thịt Nướng Lon 145g,,Hàng hóa,aecaa96a-8bc9-11f1-9b18-005056b2a5de,35786227-0632-423b-850c-ac6abad140d6,aea7bdfe-8bc9-11f1-9b18-005056b2a5de,662,675a42b3-8acd-451e-b184-edaeaebec5b7,
03__SOT__MEI__DEN__50,MEIJI Socola Đen 50g,Socola Thanh,Thanh,0.0,0.0,0.0,0.0,0.0,0.0,0.0,0.0,0.0,0.0,0.0,0.0,0.0,0.0,6.0,450000.0,6.0,450000.0,03__SOT__MEI__DEN__50,MEIJI Socola Đen 50g,,Hàng hóa,aecaaa1b-8bc9-11f1-9b18-005056b2a5de,c7b40d0d-bfc3-4086-905c-dc1a86d33717,aea7bdfe-8bc9-11f1-9b18-005056b2a5de,663,097330eb-f92d-4b88-95a8-1a83fd3d8021,
03__SOT__MEI__SUA__50,MEIJI Socola Sữa 50g,Socola Thanh,Thanh,0.0,0.0,0.0,0.0,0.0,0.0,0.0,0.0,0.0,0.0,0.0,0.0,0.0,0.0,3.0,225000.0,3.0,225000.0,03__SOT__MEI__SUA__50,MEIJI Socola Sữa 50g,,Hàng hóa,aecaaaae-8bc9-11f1-9b18-005056b2a5de,bf4392f7-45ce-4947-8bd4-504f77bce875,aea7bdfe-8bc9-11f1-9b18-005056b2a5de,664,097330eb-f92d-4b88-95a8-1a83fd3d8021,
03__SRO__OFO__BBQ__5,OFOOD Lá Kim Vị BBQ 5g,Snack Rong Biển,Gói,0.0,0.0,0.0,0.0,0.0,0.0,0.0,0.0,0.0,0.0,0.0,0.0,0.0,0.0,52.0,832000.0,52.0,832000.0,03__SRO__OFO__BBQ__5,OFOOD Lá Kim Vị BBQ 5g,,Hàng hóa,aecaab42-8bc9-11f1-9b18-005056b2a5de,93228b04-35c4-43cf-847d-7b62c74a7f5b,aea7bdfe-8bc9-11f1-9b18-005056b2a5de,665,097330eb-f92d-4b88-95a8-1a83fd3d8067,
03__SRO__OFO__CAY__5,OFOOD Lá Kim Vị BBQ Cay 5g,Snack Rong Biển,Gói,0.0,0.0,0.0,0.0,0.0,0.0,0.0,0.0,0.0,0.0,0.0,0.0,0.0,0.0,74.0,1184000.0,74.0,1184000.0,03__SRO__OFO__CAY__5,OFOOD Lá Kim Vị BBQ Cay 5g,,Hàng hóa,aecaabd5-8bc9-11f1-9b18-005056b2a5de,8e971ae8-cb20-48f5-81fe-2d293960b306,aea7bdfe-8bc9-11f1-9b18-005056b2a5de,666,097330eb-f92d-4b88-95a8-1a83fd3d8067,
03__SRO__OFO__GIO__40,OFOOD Rong Biển Giòn Trộn Gia Vị Gói 40g,Snack Rong Biển,Gói,0.0,0.0,0.0,0.0,0.0,0.0,0.0,0.0,0.0,0.0,0.0,0.0,0.0,0.0,15.0,570000.0,15.0,570000.0,03__SRO__OFO__GIO__40,OFOOD Rong Biển Giòn Trộn Gia Vị Gói 40g,,Hàng hóa,aecaac6c-8bc9-11f1-9b18-005056b2a5de,ed84d8f2-1b89-49d0-8c73-54a3c2a6fa79,aea7bdfe-8bc9-11f1-9b18-005056b2a5de,667,097330eb-f92d-4b88-95a8-1a83fd3d8067,
03__SRO__OFO__KGA__40,OFOOD Rong Biển Giòn Trộn Khô Gà Gói 40g,Snack Rong Biển,Gói,0.0,0.0,0.0,0.0,0.0,0.0,0.0,0.0,0.0,0.0,0.0,0.0,0.0,0.0,20.0,760000.0,20.0,760000.0,03__SRO__OFO__KGA__40,OFOOD Rong Biển Giòn Trộn Khô Gà Gói 40g,,Hàng hóa,aecaad02-8bc9-11f1-9b18-005056b2a5de,69796506-85f4-4b9b-aeb0-5b9d3e382ab1,aea7bdfe-8bc9-11f1-9b18-005056b2a5de,668,097330eb-f92d-4b88-95a8-1a83fd3d8067,
03__SRO__OFO__MUC__6,OFOOD Snack Rong Biển Cuộn Nướng Vị Mực Gói 6g,Snack Rong Biển,Gói,0.0,0.0,0.0,0.0,0.0,0.0,0.0,0.0,0.0,0.0,0.0,0.0,0.0,0.0,0.0,0.0,0.0,0.0,03__SRO__OFO__MUC__6,OFOOD Snack Rong Biển Cuộn Nướng Vị Mực Gói 6g,,Hàng hóa,aecaad96-8bc9-11f1-9b18-005056b2a5de,deef6723-9127-4ff2-a048-7071c99cf10d,aea7bdfe-8bc9-11f1-9b18-005056b2a5de,669,097330eb-f92d-4b88-95a8-1a83fd3d8067,
03__SRO__OFO__OLI__12,OFOOD Rong Biển Lá Kim Tẩm Dầu Ô Liu 4g,Snack Rong Biển,Gói,0.0,0.0,0.0,0.0,0.0,0.0,0.0,0.0,0.0,0.0,0.0,0.0,0.0,0.0,18.0,216000.0,18.0,216000.0,03__SRO__OFO__OLI__12,OFOOD Rong Biển Lá Kim Tẩm Dầu Ô Liu 4g,,Hàng hóa,aecaae2b-8bc9-11f1-9b18-005056b2a5de,dc3bb962-d1fc-4109-8d32-5bf575bf269c,aea7bdfe-8bc9-11f1-9b18-005056b2a5de,670,097330eb-f92d-4b88-95a8-1a83fd3d8067,
03__SRO__OFO__PMI__5,OFOOD Lá Kim Vị Phô Mai 5g,Snack Rong Biển,Gói,0.0,0.0,0.0,0.0,0.0,0.0,0.0,0.0,0.0,0.0,0.0,0.0,0.0,0.0,53.0,848000.0,53.0,848000.0,03__SRO__OFO__PMI__5,OFOOD Lá Kim Vị Phô Mai 5g,,Hàng hóa,aecaaec1-8bc9-11f1-9b18-005056b2a5de,75bfb663-00a0-4d17-aa3c-437140edad8d,aea7bdfe-8bc9-11f1-9b18-005056b2a5de,671,097330eb-f92d-4b88-95a8-1a83fd3d8067,
03__SRO__OFO__PMI__6,OFOOD Snack Rong Biển Cuộn Nướng Vị Phô Mai Gói 6g,Snack Rong Biển,Gói,0.0,0.0,0.0,0.0,0.0,0.0,0.0,0.0,0.0,0.0,0.0,0.0,0.0,0.0,45.0,810000.0,45.0,810000.0,03__SRO__OFO__PMI__6,OFOOD Snack Rong Biển Cuộn Nướng Vị Phô Mai Gói 6g,,Hàng hóa,aecaaf51-8bc9-11f1-9b18-005056b2a5de,ca547973-e8ba-4028-9368-5e9a243bfd5e,aea7bdfe-8bc9-11f1-9b18-005056b2a5de,672,097330eb-f92d-4b88-95a8-1a83fd3d8067,
03__SRO__OFO__TEM__15,OFOOD Rong Biển Lá Kim Trẻ Em,Snack Rong Biển,Gói,0.0,0.0,0.0,0.0,0.0,0.0,0.0,0.0,0.0,0.0,0.0,0.0,0.0,0.0,1.0,12000.0,1.0,12000.0,03__SRO__OFO__TEM__15,OFOOD Rong Biển Lá Kim Trẻ Em,,Hàng hóa,aecaafe4-8bc9-11f1-9b18-005056b2a5de,d562d599-a852-4b9f-8eac-97ef6588db6b,aea7bdfe-8bc9-11f1-9b18-005056b2a5de,673,097330eb-f92d-4b88-95a8-1a83fd3d8067,
03__SRO__OFO__TTG__6,OFOOD Snack Rong Biển Cuộn Nướng Vị Truyền Thống 6g,Snack Rong Biển,Gói,0.0,0.0,0.0,0.0,0.0,0.0,0.0,0.0,0.0,0.0,0.0,0.0,0.0,0.0,50.0,900000.0,50.0,900000.0,03__SRO__OFO__TTG__6,OFOOD Snack Rong Biển Cuộn Nướng Vị Truyền Thống 6g,,Hàng hóa,aecab076-8bc9-11f1-9b18-005056b2a5de,8b9cce75-1ee8-426a-8706-9f9b8c03edc2,aea7bdfe-8bc9-11f1-9b18-005056b2a5de,674,097330eb-f92d-4b88-95a8-1a83fd3d8067,
03__SRO__TBB__CLA__6,TAOKENOI BIG BANG Snack Rong Biển Vị Truyền Thống 6g,Snack Rong Biển,Bịch,0.0,0.0,0.0,0.0,0.0,0.0,0.0,0.0,0.0,0.0,0.0,0.0,0.0,0.0,58.0,1044000.0,58.0,1044000.0,03__SRO__TBB__CLA__6,TAOKENOI BIG BANG Snack Rong Biển Vị Truyền Thống 6g,,Hàng hóa,aecab109-8bc9-11f1-9b18-005056b2a5de,0c2b50b3-e7d0-410a-9854-fc63417a3b10,aea7bdfe-8bc9-11f1-9b18-005056b2a5de,675,097330eb-f92d-4b88-95a8-1a83fd3d8011,
03__SRO__TBB__MUC__6,TAOKENOI BIG BANG Snack Rong Biển Vị Mực 6g,Snack Rong Biển,Bịch,0.0,0.0,0.0,0.0,0.0,0.0,0.0,0.0,0.0,0.0,0.0,0.0,0.0,0.0,71.0,1278000.0,71.0,1278000.0,03__SRO__TBB__MUC__6,TAOKENOI BIG BANG Snack Rong Biển Vị Mực 6g,,Hàng hóa,aecab19c-8bc9-11f1-9b18-005056b2a5de,b8a3ed1c-a5c2-4073-9ae1-c499a34a241e,aea7bdfe-8bc9-11f1-9b18-005056b2a5de,676,097330eb-f92d-4b88-95a8-1a83fd3d8011,
03__SRO__TBR__CAY__3,TAOKENOI BIG ROLL Snack Rong Biển Vị Cay,Snack Rong Biển,Bịch,0.0,0.0,0.0,0.0,0.0,0.0,0.0,0.0,0.0,0.0,0.0,0.0,0.0,0.0,85.0,1020000.0,85.0,1020000.0,03__SRO__TBR__CAY__3,TAOKENOI BIG ROLL Snack Rong Biển Vị Cay,,Hàng hóa,aecab240-8bc9-11f1-9b18-005056b2a5de,745d6e8d-7a20-4252-9fa3-c2619a14c983,aea7bdfe-8bc9-11f1-9b18-005056b2a5de,677,097330eb-f92d-4b88-95a8-1a83fd3d8011,
03__SRO__TBR__CLA__3,TAOKENOI BIG ROLL Snack Rong Biển Classic 3g,Snack Rong Biển,Bịch,0.0,0.0,0.0,0.0,0.0,0.0,0.0,0.0,0.0,0.0,0.0,0.0,0.0,0.0,100.0,1200000.0,100.0,1200000.0,03__SRO__TBR__CLA__3,TAOKENOI BIG ROLL Snack Rong Biển Classic 3g,,Hàng hóa,aecab373-8bc9-11f1-9b18-005056b2a5de,ff801f4f-0bda-4835-b9d6-641ac7228c41,aea7bdfe-8bc9-11f1-9b18-005056b2a5de,678,097330eb-f92d-4b88-95a8-1a83fd3d8011,
03__SRO__TBR__PK6__18,TAOKENOI BIG ROLL Snack Rong Biển Classic 18g (6 gói),Snack Rong Biển,Bịch,0.0,0.0,0.0,0.0,0.0,0.0,0.0,0.0,0.0,0.0,0.0,0.0,0.0,0.0,5.0,300000.0,5.0,300000.0,03__SRO__TBR__PK6__18,TAOKENOI BIG ROLL Snack Rong Biển Classic 18g (6 gói),,Hàng hóa,aecab40a-8bc9-11f1-9b18-005056b2a5de,e7d0fe9a-7fa4-4a54-91c6-4950300a493b,aea7bdfe-8bc9-11f1-9b18-005056b2a5de,679,097330eb-f92d-4b88-95a8-1a83fd3d8011,
03__TKB__FAN__VBO__1,FANSIPAN Thịt Sấy Vị Bò Sợi,Khô Bò,Bịch,0.0,0.0,0.0,0.0,0.0,0.0,0.0,0.0,0.0,0.0,0.0,0.0,0.0,0.0,0.0,0.0,0.0,0.0,03__TKB__FAN__VBO__1,FANSIPAN Thịt Sấy Vị Bò Sợi,,Hàng hóa,aecab4e7-8bc9-11f1-9b18-005056b2a5de,89125279-5d54-41fa-bdbc-810afb1ebdb0,aea7bdfe-8bc9-11f1-9b18-005056b2a5de,680,097330eb-f92d-4b88-95a8-1a83fd3d8011,
03__TKB__FAN__VGA__1,FANSIPAN Khô Gà Cay,Khô Gà,Bịch,0.0,0.0,0.0,0.0,0.0,0.0,0.0,0.0,0.0,0.0,0.0,0.0,0.0,0.0,7.0,140000.0,7.0,140000.0,03__TKB__FAN__VGA__1,FANSIPAN Khô Gà Cay,,Hàng hóa,aecab57b-8bc9-11f1-9b18-005056b2a5de,6c7e0ae1-c0ea-41c7-acd7-87e6623cdc4e,aea7bdfe-8bc9-11f1-9b18-005056b2a5de,681,097330eb-f92d-4b88-95a8-1a83fd3d8011,
03__TKB__FAN__VHO__1,FANSIPAN Thịt Sấy Vị Heo Cháy Tỏi,Khô Heo,Bịch,0.0,0.0,0.0,0.0,0.0,0.0,0.0,0.0,0.0,0.0,0.0,0.0,0.0,0.0,3.0,60000.0,3.0,60000.0,03__TKB__FAN__VHO__1,FANSIPAN Thịt Sấy Vị Heo Cháy Tỏi,,Hàng hóa,aecab726-8bc9-11f1-9b18-005056b2a5de,15c6e989-b5eb-4d8f-bfc0-4c7aa330450a,aea7bdfe-8bc9-11f1-9b18-005056b2a5de,682,097330eb-f92d-4b88-95a8-1a83fd3d8011,
03__TRH__COZ__ATI__50,COZY Trà Atiso 365 Hộp 50g,Trà Hộp,Hộp,0.0,0.0,0.0,0.0,0.0,0.0,0.0,0.0,0.0,0.0,0.0,0.0,0.0,0.0,3.0,72000.0,3.0,72000.0,03__TRH__COZ__ATI__50,COZY Trà Atiso 365 Hộp 50g,,Hàng hóa,aecab7c5-8bc9-11f1-9b18-005056b2a5de,5af7253e-8934-4339-8bf7-83c3734017e9,aea7bdfe-8bc9-11f1-9b18-005056b2a5de,683,097330eb-f92d-4b88-95a8-1a83fd3d8064,
03__TRH__COZ__HTR__50,COZY Hồng Trà Hộp 50g,Trà Hộp,Hộp,0.0,0.0,0.0,0.0,0.0,0.0,0.0,0.0,0.0,0.0,0.0,0.0,0.0,0.0,0.0,0.0,0.0,0.0,03__TRH__COZ__HTR__50,COZY Hồng Trà Hộp 50g,,Hàng hóa,aecab858-8bc9-11f1-9b18-005056b2a5de,c6425955-9fdd-4b9b-bdde-8dab5319fced,aea7bdfe-8bc9-11f1-9b18-005056b2a5de,684,097330eb-f92d-4b88-95a8-1a83fd3d8064,
03__TRH__COZ__NHA__50,COZY Hương Nhài Hộp 50g,Trà Hộp,Hộp,0.0,0.0,0.0,0.0,0.0,0.0,0.0,0.0,0.0,0.0,0.0,0.0,0.0,0.0,5.0,185000.0,5.0,185000.0,03__TRH__COZ__NHA__50,COZY Hương Nhài Hộp 50g,,Hàng hóa,aecab8ed-8bc9-11f1-9b18-005056b2a5de,ffd3c7cb-5c49-4e33-938c-12a237ef765e,aea7bdfe-8bc9-11f1-9b18-005056b2a5de,685,097330eb-f92d-4b88-95a8-1a83fd3d8064,
03__TRH__COZ__SEN__50,COZY Trà Hương Sen Hộp,Trà Hộp,Hộp,0.0,0.0,0.0,0.0,0.0,0.0,0.0,0.0,0.0,0.0,0.0,0.0,0.0,0.0,0.0,0.0,0.0,0.0,03__TRH__COZ__SEN__50,COZY Trà Hương Sen Hộp,,Hàng hóa,aecab982-8bc9-11f1-9b18-005056b2a5de,9497706c-a608-4d20-aa8e-0793ac10cff8,aea7bdfe-8bc9-11f1-9b18-005056b2a5de,686,097330eb-f92d-4b88-95a8-1a83fd3d8064,
03__TRH__COZ__TNN__50,COZY Trà Xanh Thái Nguyên Hộp 50g,Trà Hộp,Hộp,0.0,0.0,0.0,0.0,0.0,0.0,0.0,0.0,0.0,0.0,0.0,0.0,0.0,0.0,5.0,185000.0,5.0,185000.0,03__TRH__COZ__TNN__50,COZY Trà Xanh Thái Nguyên Hộp 50g,,Hàng hóa,aecaba13-8bc9-11f1-9b18-005056b2a5de,00a4296e-6f13-4b34-b55c-8bfc7bab3e88,aea7bdfe-8bc9-11f1-9b18-005056b2a5de,687,097330eb-f92d-4b88-95a8-1a83fd3d8064,
03BLAOREDDO60,OREO Bánh Socola Pie Đỏ,Bánh Bông Lan,Bịch,0.0,0.0,0.0,0.0,0.0,0.0,0.0,0.0,0.0,0.0,0.0,0.0,0.0,0.0,78.0,624000.0,78.0,624000.0,03BLAOREDDO60,OREO Bánh Socola Pie Đỏ,,Hàng hóa,aecabaa8-8bc9-11f1-9b18-005056b2a5de,61cddc69-293d-4cc3-b50b-cad1eace3ef5,aea7bdfe-8bc9-11f1-9b18-005056b2a5de,688,097330eb-f92d-4b88-95a8-1a83fd3d8011,
03BLAOREXAH60,OREO Bánh Socola Pie Xanh,Bánh Bông Lan,Bịch,1.0,8000.0,0.0,0.0,0.0,0.0,0.0,0.0,0.0,0.0,0.0,0.0,0.0,0.0,58.0,464000.0,58.0,464000.0,03BLAOREXAH60,OREO Bánh Socola Pie Xanh,,Hàng hóa,aecabb42-8bc9-11f1-9b18-005056b2a5de,50bee061-c1c5-450e-b79b-2b77fe27a828,aea7bdfe-8bc9-11f1-9b18-005056b2a5de,689,097330eb-f92d-4b88-95a8-1a83fd3d8011,
03DPGPOCDUA70,POCA Đậu Phộng Rắc Rắc Vị Nước Cốt Dừa 70g,Đậu Phộng,Bịch,0.0,0.0,0.0,0.0,0.0,0.0,0.0,0.0,0.0,0.0,0.0,0.0,0.0,0.0,63.0,945000.0,63.0,945000.0,03DPGPOCDUA70,POCA Đậu Phộng Rắc Rắc Vị Nước Cốt Dừa 70g,,Hàng hóa,aecabbd6-8bc9-11f1-9b18-005056b2a5de,fac0e80d-24fc-4154-8d54-6c9b2ea1e04c,aea7bdfe-8bc9-11f1-9b18-005056b2a5de,690,097330eb-f92d-4b88-95a8-1a83fd3d8011,
03DPGPOCMUC70,POCA Đậu Phộng Rắc Rắc Vị Mực Cay 70g,Đậu Phộng,Bịch,0.0,0.0,0.0,0.0,0.0,0.0,0.0,0.0,0.0,0.0,0.0,0.0,0.0,0.0,40.0,600000.0,40.0,600000.0,03DPGPOCMUC70,POCA Đậu Phộng Rắc Rắc Vị Mực Cay 70g,,Hàng hóa,aecabc6b-8bc9-11f1-9b18-005056b2a5de,3d9689dc-3fa4-4c3e-a53d-d0d9c676ee06,aea7bdfe-8bc9-11f1-9b18-005056b2a5de,691,097330eb-f92d-4b88-95a8-1a83fd3d8011,
04__5CU__BFS__BIC__500,B'FAST Bịch Ngũ Cốc 500g,Ngũ Cốc,Bịch,0.0,0.0,0.0,0.0,0.0,0.0,0.0,0.0,0.0,0.0,0.0,0.0,0.0,0.0,0.0,0.0,0.0,0.0,04__5CU__BFS__BIC__500,B'FAST Bịch Ngũ Cốc 500g,,Hàng hóa,aecabcfe-8bc9-11f1-9b18-005056b2a5de,fdd879ec-7b96-4d54-9edf-1b2ef21aa8ff,aea7bdfe-8bc9-11f1-9b18-005056b2a5de,692,097330eb-f92d-4b88-95a8-1a83fd3d8011,
04__5CU__KEL__HOP__150,KELLOGG's FROOT Ngũ Cốc 150g,Ngũ Cốc,Hộp,0.0,0.0,0.0,0.0,0.0,0.0,0.0,0.0,0.0,0.0,0.0,0.0,0.0,0.0,0.0,0.0,0.0,0.0,04__5CU__KEL__HOP__150,KELLOGG's FROOT Ngũ Cốc 150g,,Hàng hóa,aecabdad-8bc9-11f1-9b18-005056b2a5de,892d7db7-b632-49a0-a667-275c46203680,aea7bdfe-8bc9-11f1-9b18-005056b2a5de,693,097330eb-f92d-4b88-95a8-1a83fd3d8064,
04__PMM__CBC__DAU__78,CONBOCUOI Phô Mai Vuông Vị Dâu 78g,Phô Mai,Bịch,0.0,0.0,0.0,0.0,0.0,0.0,0.0,0.0,0.0,0.0,0.0,0.0,0.0,0.0,-1.0,-62000.0,-1.0,-62000.0,04__PMM__CBC__DAU__78,CONBOCUOI Phô Mai Vuông Vị Dâu 78g,CÔNG TY TNHH ANH PHƯƠNG NINH THUẬN,Hàng hóa,aecabe43-8bc9-11f1-9b18-005056b2a5de,fca7d0ee-768d-4754-99c9-03ee72a1eebd,aea7bdfe-8bc9-11f1-9b18-005056b2a5de,694,097330eb-f92d-4b88-95a8-1a83fd3d8011,
04__PMM__CBC__TTG__112,CONBOCUOI Phô Mai Vị Truyền Thống Hộp 8 Miếng 112g,Phô Mai,Hộp,0.0,0.0,0.0,0.0,0.0,0.0,0.0,0.0,0.0,0.0,0.0,0.0,0.0,0.0,0.0,0.0,0.0,0.0,04__PMM__CBC__TTG__112,CONBOCUOI Phô Mai Vị Truyền Thống Hộp 8 Miếng 112g,CÔNG TY TNHH ANH PHƯƠNG NINH THUẬN,Hàng hóa,aecabedc-8bc9-11f1-9b18-005056b2a5de,319e6969-fbd7-490b-9267-09b921bba286,aea7bdfe-8bc9-11f1-9b18-005056b2a5de,695,097330eb-f92d-4b88-95a8-1a83fd3d8064,
04__PMM__CBC__TTG__78,CONBOCUOI Phô Mai Vuông Vị Truyền Thống 78g,Phô Mai,Bịch,0.0,0.0,0.0,0.0,0.0,0.0,0.0,0.0,0.0,0.0,0.0,0.0,0.0,0.0,-5.0,-310000.0,-5.0,-310000.0,04__PMM__CBC__TTG__78,CONBOCUOI Phô Mai Vuông Vị Truyền Thống 78g,CÔNG TY TNHH ANH PHƯƠNG NINH THUẬN,Hàng hóa,aecabf76-8bc9-11f1-9b18-005056b2a5de,208a0e25-2335-45a2-b676-ca132a32d598,aea7bdfe-8bc9-11f1-9b18-005056b2a5de,696,097330eb-f92d-4b88-95a8-1a83fd3d8011,
04__PMM__CBC__VQT__78,CONBOCUOI Phô Mai Vuông Vị Việt Quất 78g,Phô Mai,Bịch,0.0,0.0,0.0,0.0,0.0,0.0,0.0,0.0,0.0,0.0,0.0,0.0,0.0,0.0,1.0,62000.0,1.0,62000.0,04__PMM__CBC__VQT__78,CONBOCUOI Phô Mai Vuông Vị Việt Quất 78g,CÔNG TY TNHH ANH PHƯƠNG NINH THUẬN,Hàng hóa,aecac043-8bc9-11f1-9b18-005056b2a5de,5a85a85b-18c7-4cde-9672-98372226e00d,aea7bdfe-8bc9-11f1-9b18-005056b2a5de,697,097330eb-f92d-4b88-95a8-1a83fd3d8011,
04__PMM__QBB__DLI__90,QBB Phô Mai Vị Dưa LướI 90g,Phô Mai,Hộp,0.0,0.0,0.0,0.0,0.0,0.0,0.0,0.0,0.0,0.0,0.0,0.0,0.0,0.0,9.0,990000.0,9.0,990000.0,04__PMM__QBB__DLI__90,QBB Phô Mai Vị Dưa LướI 90g,,Hàng hóa,aecac11d-8bc9-11f1-9b18-005056b2a5de,520f255f-ccbe-4a3e-9f9b-1f6cfcd2fc9c,aea7bdfe-8bc9-11f1-9b18-005056b2a5de,698,097330eb-f92d-4b88-95a8-1a83fd3d8064,
04__PMM__QBB__HAT__90,QBB Phô Mai Các Loại Hạt Dinh Dưỡng 90g,Phô Mai,Hộp,0.0,0.0,0.0,0.0,0.0,0.0,0.0,0.0,0.0,0.0,0.0,0.0,0.0,0.0,8.0,880000.0,8.0,880000.0,04__PMM__QBB__HAT__90,QBB Phô Mai Các Loại Hạt Dinh Dưỡng 90g,,Hàng hóa,aecac1c1-8bc9-11f1-9b18-005056b2a5de,1cf7177f-7c8c-46ee-a201-2ab4366744e6,aea7bdfe-8bc9-11f1-9b18-005056b2a5de,699,097330eb-f92d-4b88-95a8-1a83fd3d8064,
04__PMM__QBB__NHO__90,QBB Phô Mai Vị Nho 90g,Phô Mai,Hộp,0.0,0.0,0.0,0.0,0.0,0.0,0.0,0.0,0.0,0.0,0.0,0.0,0.0,0.0,1.0,110000.0,1.0,110000.0,04__PMM__QBB__NHO__90,QBB Phô Mai Vị Nho 90g,,Hàng hóa,aecac262-8bc9-11f1-9b18-005056b2a5de,17aa4dec-d078-4060-a829-526ba5305745,aea7bdfe-8bc9-11f1-9b18-005056b2a5de,700,097330eb-f92d-4b88-95a8-1a83fd3d8064,
04__PMM__QBB__VQT__90,QBB Phô Mai Dâu Mâm Xôi Việt Quất 90g,Phô Mai,Hộp,0.0,0.0,0.0,0.0,0.0,0.0,0.0,0.0,0.0,0.0,0.0,0.0,0.0,0.0,0.0,0.0,0.0,0.0,04__PMM__QBB__VQT__90,QBB Phô Mai Dâu Mâm Xôi Việt Quất 90g,,Hàng hóa,aecac32e-8bc9-11f1-9b18-005056b2a5de,d1653ef7-d279-4a5e-955f-0e15e7635272,aea7bdfe-8bc9-11f1-9b18-005056b2a5de,701,097330eb-f92d-4b88-95a8-1a83fd3d8064,
04__SAN__BVI__CDG__100,BA VÌ Sữa Chua Có Đường Hộp 100g,Sữa Chua Ăn,Hộp,0.0,0.0,0.0,0.0,0.0,0.0,0.0,0.0,0.0,0.0,0.0,0.0,0.0,0.0,35.0,245000.0,35.0,245000.0,04__SAN__BVI__CDG__100,BA VÌ Sữa Chua Có Đường Hộp 100g,,Hàng hóa,aecac3c7-8bc9-11f1-9b18-005056b2a5de,2d69dc02-ac07-493c-8ad3-66feebbe9583,aea7bdfe-8bc9-11f1-9b18-005056b2a5de,702,097330eb-f92d-4b88-95a8-1a83fd3d8064,
04__SAN__BVI__KDG__100,BA VÌ Sữa Chua Không Đường 100g,Sữa Chua Ăn,Hộp,0.0,0.0,0.0,0.0,0.0,0.0,0.0,0.0,0.0,0.0,0.0,0.0,0.0,0.0,48.0,336000.0,48.0,336000.0,04__SAN__BVI__KDG__100,BA VÌ Sữa Chua Không Đường 100g,,Hàng hóa,aecac45c-8bc9-11f1-9b18-005056b2a5de,3eafb481-6115-41d8-9b2a-b431dc329475,aea7bdfe-8bc9-11f1-9b18-005056b2a5de,703,097330eb-f92d-4b88-95a8-1a83fd3d8064,
04__SAN__BVI__NDM__100,BA VÌ Sữa Chua Nha Đam 100g,Sữa Chua Ăn,Hộp,0.0,0.0,0.0,0.0,0.0,0.0,0.0,0.0,0.0,0.0,0.0,0.0,0.0,0.0,18.0,126000.0,18.0,126000.0,04__SAN__BVI__NDM__100,BA VÌ Sữa Chua Nha Đam 100g,,Hàng hóa,aecac4f5-8bc9-11f1-9b18-005056b2a5de,45b21ab4-14d8-41e9-892a-07f96b70aad5,aea7bdfe-8bc9-11f1-9b18-005056b2a5de,704,097330eb-f92d-4b88-95a8-1a83fd3d8064,
04__SAN__BVI__PMI__100,BA VÌ Sữa Chua Phô Mai Hộp 70g,Sữa Chua Ăn,Hộp,0.0,0.0,0.0,0.0,0.0,0.0,0.0,0.0,0.0,0.0,0.0,0.0,0.0,0.0,49.0,392000.0,49.0,392000.0,04__SAN__BVI__PMI__100,BA VÌ Sữa Chua Phô Mai Hộp 70g,,Hàng hóa,aecac6e9-8bc9-11f1-9b18-005056b2a5de,cd1ee2ea-095b-4a16-8238-1192fdd8413e,aea7bdfe-8bc9-11f1-9b18-005056b2a5de,705,097330eb-f92d-4b88-95a8-1a83fd3d8064,
04__SAN__THY__CDG__100,TH True Sữa Chua Có Đường 100g,Sữa Chua Ăn,Hộp,0.0,0.0,0.0,0.0,0.0,0.0,0.0,0.0,0.0,0.0,0.0,0.0,0.0,0.0,24.0,240000.0,24.0,240000.0,04__SAN__THY__CDG__100,TH True Sữa Chua Có Đường 100g,,Hàng hóa,aecac7ca-8bc9-11f1-9b18-005056b2a5de,99b2a6ea-5485-4ac4-b9d2-e3b96e40a21f,aea7bdfe-8bc9-11f1-9b18-005056b2a5de,706,097330eb-f92d-4b88-95a8-1a83fd3d8064,
04__SAN__THY__IDT__100,TH True Sữa Chua Ít Đường 100g,Sữa Chua Ăn,Hộp,0.0,0.0,0.0,0.0,0.0,0.0,0.0,0.0,0.0,0.0,0.0,0.0,0.0,0.0,54.0,540000.0,54.0,540000.0,04__SAN__THY__IDT__100,TH True Sữa Chua Ít Đường 100g,,Hàng hóa,aecac8ca-8bc9-11f1-9b18-005056b2a5de,46b769b0-4194-4801-9064-c6d47ddad972,aea7bdfe-8bc9-11f1-9b18-005056b2a5de,707,097330eb-f92d-4b88-95a8-1a83fd3d8064,
04__SAN__THY__NDM__100,TH True Sữa Chua Nha Đam 100g,Sữa Chua Ăn,Hộp,0.0,0.0,0.0,0.0,0.0,0.0,0.0,0.0,0.0,0.0,0.0,0.0,0.0,0.0,35.0,420000.0,35.0,420000.0,04__SAN__THY__NDM__100,TH True Sữa Chua Nha Đam 100g,,Hàng hóa,aecac9bd-8bc9-11f1-9b18-005056b2a5de,1363a849-145d-4a60-bc7c-959a6b96319b,aea7bdfe-8bc9-11f1-9b18-005056b2a5de,708,097330eb-f92d-4b88-95a8-1a83fd3d8064,
04__SAN__VNM__0DG__100,VINAMILK Sữa Chua Ăn Không Đường 100g,Sữa Chua Ăn,Hộp,0.0,0.0,0.0,0.0,0.0,0.0,0.0,0.0,0.0,0.0,0.0,0.0,0.0,0.0,0.0,0.0,0.0,0.0,04__SAN__VNM__0DG__100,VINAMILK Sữa Chua Ăn Không Đường 100g,,Hàng hóa,aecacadd-8bc9-11f1-9b18-005056b2a5de,7a23abf6-1c16-4930-b58d-1fabb8def6ac,aea7bdfe-8bc9-11f1-9b18-005056b2a5de,709,097330eb-f92d-4b88-95a8-1a83fd3d8064,
04__SAN__VNM__CDG__100,VINAMILK Sữa Chua Ăn Có Đường 100g,Sữa Chua Ăn,Hộp,0.0,0.0,0.0,0.0,0.0,0.0,0.0,0.0,0.0,0.0,0.0,0.0,0.0,0.0,0.0,0.0,0.0,0.0,04__SAN__VNM__CDG__100,VINAMILK Sữa Chua Ăn Có Đường 100g,,Hàng hóa,aecacbc5-8bc9-11f1-9b18-005056b2a5de,6e63e4e0-cd20-4dad-9751-2e3e6561d6fe,aea7bdfe-8bc9-11f1-9b18-005056b2a5de,710,097330eb-f92d-4b88-95a8-1a83fd3d8064,
04__SAN__VNM__IDG__100,VINAMILK Sữa Chua Ăn Ít Đường 100g,Sữa Chua Ăn,Hộp,0.0,0.0,0.0,0.0,0.0,0.0,0.0,0.0,0.0,0.0,0.0,0.0,0.0,0.0,0.0,0.0,0.0,0.0,04__SAN__VNM__IDG__100,VINAMILK Sữa Chua Ăn Ít Đường 100g,,Hàng hóa,aecacd11-8bc9-11f1-9b18-005056b2a5de,ba3c4978-ad84-4faa-b311-4dd2e04eb87a,aea7bdfe-8bc9-11f1-9b18-005056b2a5de,711,097330eb-f92d-4b88-95a8-1a83fd3d8064,
04__SAN__VNM__NDM__100,VINAMILK Sữa Chua Ăn Nha Đam 100g,Sữa Chua Ăn,Hộp,0.0,0.0,0.0,0.0,0.0,0.0,0.0,0.0,0.0,0.0,0.0,0.0,0.0,0.0,0.0,0.0,0.0,0.0,04__SAN__VNM__NDM__100,VINAMILK Sữa Chua Ăn Nha Đam 100g,,Hàng hóa,aecacdae-8bc9-11f1-9b18-005056b2a5de,84133581-1d55-4f32-b3ed-37df37f93ce6,aea7bdfe-8bc9-11f1-9b18-005056b2a5de,712,097330eb-f92d-4b88-95a8-1a83fd3d8064,
04__SAN__VNM__VQT__100,VINAMILK Sữa Chua Ăn Việt Quất 100g,Sữa Chua Ăn,Hộp,0.0,0.0,0.0,0.0,0.0,0.0,0.0,0.0,0.0,0.0,0.0,0.0,0.0,0.0,0.0,0.0,0.0,0.0,04__SAN__VNM__VQT__100,VINAMILK Sữa Chua Ăn Việt Quất 100g,,Hàng hóa,aecace52-8bc9-11f1-9b18-005056b2a5de,3deedf1d-0b9e-430d-aed6-d9e61d9547da,aea7bdfe-8bc9-11f1-9b18-005056b2a5de,713,097330eb-f92d-4b88-95a8-1a83fd3d8064,
04__SBI__THM__IDG__220,THTruemilk Sữa Tươi TT Ít Đường Bịch 220ml,Sữa Bịch,Bịch,0.0,0.0,0.0,0.0,0.0,0.0,0.0,0.0,0.0,0.0,0.0,0.0,0.0,0.0,0.0,0.0,0.0,0.0,04__SBI__THM__IDG__220,THTruemilk Sữa Tươi TT Ít Đường Bịch 220ml,,Hàng hóa,aecacf2e-8bc9-11f1-9b18-005056b2a5de,ca613d00-dd10-40ba-a546-16a769f86ca5,aea7bdfe-8bc9-11f1-9b18-005056b2a5de,714,097330eb-f92d-4b88-95a8-1a83fd3d8011,
04__SBI__THM__ORG__220,THTruemilk Sữa Tươi TT Nguyên Chất Bịch 220ml,Sữa Bịch,Bịch,0.0,0.0,0.0,0.0,0.0,0.0,0.0,0.0,0.0,0.0,0.0,0.0,0.0,0.0,0.0,0.0,0.0,0.0,04__SBI__THM__ORG__220,THTruemilk Sữa Tươi TT Nguyên Chất Bịch 220ml,,Hàng hóa,aecacfcd-8bc9-11f1-9b18-005056b2a5de,5efad6e3-d961-4b61-8059-b08f245d6e1f,aea7bdfe-8bc9-11f1-9b18-005056b2a5de,715,097330eb-f92d-4b88-95a8-1a83fd3d8011,
04__SBI__VNM__IDG__220,VINAMILK Sữa Tươi TT Ít Đường Bịch 220ml,Sữa Bịch,Bịch,0.0,0.0,0.0,0.0,0.0,0.0,0.0,0.0,0.0,0.0,0.0,0.0,0.0,0.0,0.0,0.0,0.0,0.0,04__SBI__VNM__IDG__220,VINAMILK Sữa Tươi TT Ít Đường Bịch 220ml,,Hàng hóa,aecad067-8bc9-11f1-9b18-005056b2a5de,bfa1c56c-ba87-41be-b17a-f916d8d57b06,aea7bdfe-8bc9-11f1-9b18-005056b2a5de,716,097330eb-f92d-4b88-95a8-1a83fd3d8011,
04__SBO__MLO__HOP__285,MILO Sữa Bột Hộp 285g,Sữa Bột,Hộp,0.0,0.0,0.0,0.0,0.0,0.0,0.0,0.0,0.0,0.0,0.0,0.0,0.0,0.0,21.0,1785000.0,21.0,1785000.0,04__SBO__MLO__HOP__285,MILO Sữa Bột Hộp 285g,,Hàng hóa,aecad0fd-8bc9-11f1-9b18-005056b2a5de,218b779a-bf57-4cdb-90a4-9c5273ede519,aea7bdfe-8bc9-11f1-9b18-005056b2a5de,717,097330eb-f92d-4b88-95a8-1a83fd3d8064,
04__SDA__VNM__CAP__165,VINAMILK Creamer Đặc Ông Thọ Cà Phê Tuýp Nâu 165g,Sữa Đặc,Tuýp,0.0,0.0,0.0,0.0,0.0,0.0,0.0,0.0,0.0,0.0,0.0,0.0,0.0,0.0,5.0,150000.0,5.0,150000.0,04__SDA__VNM__CAP__165,VINAMILK Creamer Đặc Ông Thọ Cà Phê Tuýp Nâu 165g,,Hàng hóa,aecad1d7-8bc9-11f1-9b18-005056b2a5de,500694b5-ef07-4253-9713-02294478d5d7,aea7bdfe-8bc9-11f1-9b18-005056b2a5de,718,097330eb-f92d-4b88-95a8-1a83fd3d8069,
04__SDA__VNM__DDO__380,VINAMILK Sữa Đặc Ông Thọ Lon Đỏ 380g,Sữa Đặc,Hộp,0.0,0.0,0.0,0.0,0.0,0.0,0.0,0.0,0.0,0.0,0.0,0.0,0.0,0.0,1.0,34000.0,1.0,34000.0,04__SDA__VNM__DDO__380,VINAMILK Sữa Đặc Ông Thọ Lon Đỏ 380g,,Hàng hóa,aecad271-8bc9-11f1-9b18-005056b2a5de,c58665f8-8792-494f-a24a-ab26c8c2c65b,aea7bdfe-8bc9-11f1-9b18-005056b2a5de,719,097330eb-f92d-4b88-95a8-1a83fd3d8064,
04__SDA__VNM__MAT__165,VINAMILK Creamer Đặc Ông Thọ Matcha Tuýp Xanh Lá 165g,Sữa Đặc,Tuýp,0.0,0.0,0.0,0.0,0.0,0.0,0.0,0.0,0.0,0.0,0.0,0.0,0.0,0.0,0.0,0.0,0.0,0.0,04__SDA__VNM__MAT__165,VINAMILK Creamer Đặc Ông Thọ Matcha Tuýp Xanh Lá 165g,,Hàng hóa,aecad305-8bc9-11f1-9b18-005056b2a5de,d6c9f326-8325-4e42-bb82-5c916411d95b,aea7bdfe-8bc9-11f1-9b18-005056b2a5de,720,097330eb-f92d-4b88-95a8-1a83fd3d8069,
04__SDA__VNM__TDO__165,VINAMILK Creamer Đặc Ông Thọ Tuýp Đỏ 165g,Sữa Đặc,Tuýp,0.0,0.0,0.0,0.0,0.0,0.0,0.0,0.0,0.0,0.0,0.0,0.0,0.0,0.0,0.0,0.0,0.0,0.0,04__SDA__VNM__TDO__165,VINAMILK Creamer Đặc Ông Thọ Tuýp Đỏ 165g,,Hàng hóa,aecad3db-8bc9-11f1-9b18-005056b2a5de,22e08bbc-f086-4748-ab65-77e0109d9b0d,aea7bdfe-8bc9-11f1-9b18-005056b2a5de,721,097330eb-f92d-4b88-95a8-1a83fd3d8069,
04__SDA__VNM__XDG__380,VINAMILK Sữa Đặc Ông Thọ Hộp Xanh Dương 380g,Sữa Đặc,Hộp,0.0,0.0,0.0,0.0,0.0,0.0,0.0,0.0,0.0,0.0,0.0,0.0,0.0,0.0,0.0,0.0,0.0,0.0,04__SDA__VNM__XDG__380,VINAMILK Sữa Đặc Ông Thọ Hộp Xanh Dương 380g,,Hàng hóa,aecad4ab-8bc9-11f1-9b18-005056b2a5de,7462a41a-fb01-42a2-a23d-c81ca0444595,aea7bdfe-8bc9-11f1-9b18-005056b2a5de,722,097330eb-f92d-4b88-95a8-1a83fd3d8064,
04__SHG__BIN__CHU__200,BINGGRAE Sữa Chuối Hộp 200ml,Sữa Hộp Giấy,Hộp,0.0,0.0,0.0,0.0,0.0,0.0,0.0,0.0,0.0,0.0,0.0,0.0,0.0,0.0,11.0,308000.0,11.0,308000.0,04__SHG__BIN__CHU__200,BINGGRAE Sữa Chuối Hộp 200ml,,Hàng hóa,aecad564-8bc9-11f1-9b18-005056b2a5de,47807abb-3249-438d-abb5-312f98caf291,aea7bdfe-8bc9-11f1-9b18-005056b2a5de,723,097330eb-f92d-4b88-95a8-1a83fd3d8064,
04__SHG__BIN__DLI__200,BINGGRAE Sữa Dưa Lưới Hộp 200ml,Sữa Hộp Giấy,Hộp,2.0,56000.0,0.0,0.0,0.0,0.0,0.0,0.0,0.0,0.0,0.0,0.0,0.0,0.0,18.0,504000.0,18.0,504000.0,04__SHG__BIN__DLI__200,BINGGRAE Sữa Dưa Lưới Hộp 200ml,,Hàng hóa,aecad602-8bc9-11f1-9b18-005056b2a5de,7720427f-a87a-4604-9acd-0d46ae429922,aea7bdfe-8bc9-11f1-9b18-005056b2a5de,724,097330eb-f92d-4b88-95a8-1a83fd3d8064,
04__SHG__BIN__HDE__200,BINGGRAE Sữa Hạt Dẻ Hộp 200ml,Sữa Hộp Giấy,Hộp,0.0,0.0,0.0,0.0,0.0,0.0,0.0,0.0,0.0,0.0,0.0,0.0,0.0,0.0,8.0,224000.0,8.0,224000.0,04__SHG__BIN__HDE__200,BINGGRAE Sữa Hạt Dẻ Hộp 200ml,,Hàng hóa,aecad6db-8bc9-11f1-9b18-005056b2a5de,6385f5af-f735-436d-b91a-4d62b1aa8e43,aea7bdfe-8bc9-11f1-9b18-005056b2a5de,725,097330eb-f92d-4b88-95a8-1a83fd3d8064,
04__SHG__BIN__KMN__200,BINGGRAE Sữa Khoai Môn Hộp 200ml,Sữa Hộp Giấy,Hộp,0.0,0.0,0.0,0.0,0.0,0.0,0.0,0.0,0.0,0.0,0.0,0.0,0.0,0.0,12.0,336000.0,12.0,336000.0,04__SHG__BIN__KMN__200,BINGGRAE Sữa Khoai Môn Hộp 200ml,,Hàng hóa,aecad7c9-8bc9-11f1-9b18-005056b2a5de,418cd687-43ef-4756-ba2d-7a746db6a96a,aea7bdfe-8bc9-11f1-9b18-005056b2a5de,726,097330eb-f92d-4b88-95a8-1a83fd3d8064,
04__SHG__BVI__CAM__110,BA VÌ KAKA Sữa Tiệt Trùng Cam 110ml,Sữa Hộp Giấy,Hộp,0.0,0.0,0.0,0.0,0.0,0.0,0.0,0.0,0.0,0.0,0.0,0.0,0.0,0.0,38.0,228000.0,38.0,228000.0,04__SHG__BVI__CAM__110,BA VÌ KAKA Sữa Tiệt Trùng Cam 110ml,,Hàng hóa,aecad89c-8bc9-11f1-9b18-005056b2a5de,bc134c1a-aa43-4a4e-bc81-5677c5ee2ad8,aea7bdfe-8bc9-11f1-9b18-005056b2a5de,727,097330eb-f92d-4b88-95a8-1a83fd3d8064,
04__SHG__BVI__CAM__170,BA VÌ KAKA Sữa Tiệt Trùng Cam 170ml,Sữa Hộp Giấy,Hộp,0.0,0.0,0.0,0.0,0.0,0.0,0.0,0.0,0.0,0.0,0.0,0.0,0.0,0.0,10.0,90000.0,10.0,90000.0,04__SHG__BVI__CAM__170,BA VÌ KAKA Sữa Tiệt Trùng Cam 170ml,,Hàng hóa,aecad93c-8bc9-11f1-9b18-005056b2a5de,5f81201d-5e73-4c36-ae81-5458525dd23d,aea7bdfe-8bc9-11f1-9b18-005056b2a5de,728,097330eb-f92d-4b88-95a8-1a83fd3d8064,
04__SHG__BVI__DAU__110,BA VÌ KAKA Sữa Trái Cây Dâu 110ml,Sữa Hộp Giấy,Hộp,0.0,0.0,0.0,0.0,0.0,0.0,0.0,0.0,0.0,0.0,0.0,0.0,0.0,0.0,0.0,0.0,0.0,0.0,04__SHG__BVI__DAU__110,BA VÌ KAKA Sữa Trái Cây Dâu 110ml,,Hàng hóa,aecad9d8-8bc9-11f1-9b18-005056b2a5de,999d39cc-e46d-4de7-a538-027e0a107af1,aea7bdfe-8bc9-11f1-9b18-005056b2a5de,729,097330eb-f92d-4b88-95a8-1a83fd3d8064,
04__SHG__BVI__DAU__170,BA VÌ KAKA Sữa Trái Cây Dâu 170ml,Sữa Hộp Giấy,Hộp,0.0,0.0,0.0,0.0,0.0,0.0,0.0,0.0,0.0,0.0,0.0,0.0,0.0,0.0,0.0,0.0,0.0,0.0,04__SHG__BVI__DAU__170,BA VÌ KAKA Sữa Trái Cây Dâu 170ml,,Hàng hóa,aecada70-8bc9-11f1-9b18-005056b2a5de,eea5bfb3-16ad-4bd1-8156-8131e0373683,aea7bdfe-8bc9-11f1-9b18-005056b2a5de,730,097330eb-f92d-4b88-95a8-1a83fd3d8064,
04__SHG__BVI__TCY__110,BA VÌ KAKA Sữa Trái Cây Nhiệt Đới Hộp 110ml,Sữa Hộp Giấy,Hộp,0.0,0.0,0.0,0.0,0.0,0.0,0.0,0.0,0.0,0.0,0.0,0.0,0.0,0.0,0.0,0.0,0.0,0.0,04__SHG__BVI__TCY__110,BA VÌ KAKA Sữa Trái Cây Nhiệt Đới Hộp 110ml,,Hàng hóa,aecadb04-8bc9-11f1-9b18-005056b2a5de,ee13a667-af95-4d17-84bd-4005826bfb72,aea7bdfe-8bc9-11f1-9b18-005056b2a5de,731,097330eb-f92d-4b88-95a8-1a83fd3d8064,
04__SHG__HER__BQY__235,HERSHEY's Soyfresh Vị Bánh Quy Hàn Quốc 235ml,Sữa Hộp Giấy,Hộp,0.0,0.0,0.0,0.0,0.0,0.0,0.0,0.0,0.0,0.0,0.0,0.0,0.0,0.0,3.0,108000.0,3.0,108000.0,04__SHG__HER__BQY__235,HERSHEY's Soyfresh Vị Bánh Quy Hàn Quốc 235ml,,Hàng hóa,aecadb98-8bc9-11f1-9b18-005056b2a5de,25b04c64-0c80-4d0b-9453-ef1b32f3cca7,aea7bdfe-8bc9-11f1-9b18-005056b2a5de,732,097330eb-f92d-4b88-95a8-1a83fd3d8064,
04__SHG__HER__CAC__235,HERSHEY's Soyfresh Sữa Cookies & Creame 235ml,Sữa Hộp Giấy,Hộp,0.0,0.0,0.0,0.0,0.0,0.0,0.0,0.0,0.0,0.0,0.0,0.0,0.0,0.0,1.0,26000.0,1.0,26000.0,04__SHG__HER__CAC__235,HERSHEY's Soyfresh Sữa Cookies & Creame 235ml,,Hàng hóa,aecadc31-8bc9-11f1-9b18-005056b2a5de,04b636d4-9350-4f62-a66d-fcad71a54e24,aea7bdfe-8bc9-11f1-9b18-005056b2a5de,733,097330eb-f92d-4b88-95a8-1a83fd3d8064,
04__SHG__HER__MOC__236,HERSHEY's Soyfresh Sữa Cà Phê Mocha 236ml,Sữa Hộp Giấy,Hộp,0.0,0.0,0.0,0.0,0.0,0.0,0.0,0.0,0.0,0.0,0.0,0.0,0.0,0.0,0.0,0.0,0.0,0.0,04__SHG__HER__MOC__236,HERSHEY's Soyfresh Sữa Cà Phê Mocha 236ml,,Hàng hóa,aecadcc5-8bc9-11f1-9b18-005056b2a5de,a5084edb-0ae1-4bcf-a6c7-6bd6d29e646c,aea7bdfe-8bc9-11f1-9b18-005056b2a5de,734,097330eb-f92d-4b88-95a8-1a83fd3d8064,
04__SHG__HER__PRO__235,HERSHEY's Socola Protein Hàn Quốc 235ml,Sữa Hộp Giấy,Hộp,0.0,0.0,0.0,0.0,0.0,0.0,0.0,0.0,0.0,0.0,0.0,0.0,0.0,0.0,0.0,0.0,0.0,0.0,04__SHG__HER__PRO__235,HERSHEY's Socola Protein Hàn Quốc 235ml,,Hàng hóa,aecadd5d-8bc9-11f1-9b18-005056b2a5de,7fdd6ade-2f49-4830-a184-3800674f144e,aea7bdfe-8bc9-11f1-9b18-005056b2a5de,735,097330eb-f92d-4b88-95a8-1a83fd3d8064,
04__SHG__HER__SOC__235,HERSHEY's Soyfresh Sữa Socola Hàn Quốc 235ml,Sữa Hộp Giấy,Hộp,0.0,0.0,0.0,0.0,0.0,0.0,0.0,0.0,0.0,0.0,0.0,0.0,0.0,0.0,0.0,0.0,0.0,0.0,04__SHG__HER__SOC__235,HERSHEY's Soyfresh Sữa Socola Hàn Quốc 235ml,,Hàng hóa,aecaddf1-8bc9-11f1-9b18-005056b2a5de,61ceec2d-4c11-4b23-92bb-6cc85068fbe3,aea7bdfe-8bc9-11f1-9b18-005056b2a5de,736,097330eb-f92d-4b88-95a8-1a83fd3d8064,
04__SHG__HER__SOC__236,HERSHEY's Soyfresh Sữa Socola 236ml,Sữa Hộp Giấy,Hộp,0.0,0.0,0.0,0.0,0.0,0.0,0.0,0.0,0.0,0.0,0.0,0.0,0.0,0.0,13.0,338000.0,13.0,338000.0,04__SHG__HER__SOC__236,HERSHEY's Soyfresh Sữa Socola 236ml,,Hàng hóa,aecadeae-8bc9-11f1-9b18-005056b2a5de,0623216e-664d-4731-b2e6-79326188002c,aea7bdfe-8bc9-11f1-9b18-005056b2a5de,737,097330eb-f92d-4b88-95a8-1a83fd3d8064,
04__SHG__MLO__HOP__110,MILO Sữa Hộp 110ml,Sữa Hộp Giấy,Hộp,0.0,0.0,0.0,0.0,0.0,0.0,0.0,0.0,0.0,0.0,0.0,0.0,0.0,0.0,0.0,0.0,0.0,0.0,04__SHG__MLO__HOP__110,MILO Sữa Hộp 110ml,,Hàng hóa,aecae0e3-8bc9-11f1-9b18-005056b2a5de,605ae8f2-9285-4505-81cf-7dcf38db9269,aea7bdfe-8bc9-11f1-9b18-005056b2a5de,738,097330eb-f92d-4b88-95a8-1a83fd3d8064,
04__SHG__MLO__HOP__180,MILO Sữa Hộp 180ml,Sữa Hộp Giấy,Hộp,0.0,0.0,0.0,0.0,0.0,0.0,0.0,0.0,0.0,0.0,0.0,0.0,0.0,0.0,73.0,876000.0,73.0,876000.0,04__SHG__MLO__HOP__180,MILO Sữa Hộp 180ml,,Hàng hóa,aecae251-8bc9-11f1-9b18-005056b2a5de,48d35cd8-09c7-46a8-b89a-ed010580015d,aea7bdfe-8bc9-11f1-9b18-005056b2a5de,739,097330eb-f92d-4b88-95a8-1a83fd3d8064,
04__SHG__OVA__SOC__180,OVALTINE Sữa Lúa Mạch Socola 180ml,Sữa Hộp Giấy,Hộp,0.0,0.0,0.0,0.0,0.0,0.0,0.0,0.0,0.0,0.0,0.0,0.0,0.0,0.0,48.0,576000.0,48.0,576000.0,04__SHG__OVA__SOC__180,OVALTINE Sữa Lúa Mạch Socola 180ml,,Hàng hóa,aecae2ef-8bc9-11f1-9b18-005056b2a5de,a9bbd257-c3ac-4a72-8097-b399b08cd310,aea7bdfe-8bc9-11f1-9b18-005056b2a5de,740,097330eb-f92d-4b88-95a8-1a83fd3d8064,
04__SHG__THM__CAM__180,THTruemilk Mistori Cam 180ml,Sữa Hộp Giấy,Hộp,0.0,0.0,0.0,0.0,0.0,0.0,0.0,0.0,0.0,0.0,0.0,0.0,0.0,0.0,0.0,0.0,0.0,0.0,04__SHG__THM__CAM__180,THTruemilk Mistori Cam 180ml,,Hàng hóa,aecae38c-8bc9-11f1-9b18-005056b2a5de,a0094e11-6acb-4a91-8e9d-e2a15811a63f,aea7bdfe-8bc9-11f1-9b18-005056b2a5de,741,097330eb-f92d-4b88-95a8-1a83fd3d8064,
04__SHG__THM__CDG__110,THTruemilk Sữa Tươi TT Có Đường 110ml,Sữa Hộp Giấy,Hộp,0.0,0.0,0.0,0.0,0.0,0.0,0.0,0.0,0.0,0.0,0.0,0.0,0.0,0.0,0.0,0.0,0.0,0.0,04__SHG__THM__CDG__110,THTruemilk Sữa Tươi TT Có Đường 110ml,,Hàng hóa,aecae46b-8bc9-11f1-9b18-005056b2a5de,08eb5931-4d54-45d1-9f82-2b7c7d7389a1,aea7bdfe-8bc9-11f1-9b18-005056b2a5de,742,097330eb-f92d-4b88-95a8-1a83fd3d8064,
04__SHG__THM__CDG__180,TH Truemilk Sữa Tươi TT Có Đường 180ml,Sữa Hộp Giấy,Hộp,0.0,0.0,0.0,0.0,0.0,0.0,0.0,0.0,0.0,0.0,0.0,0.0,0.0,0.0,0.0,0.0,0.0,0.0,04__SHG__THM__CDG__180,TH Truemilk Sữa Tươi TT Có Đường 180ml,,Hàng hóa,aecae504-8bc9-11f1-9b18-005056b2a5de,b5e2de17-2881-4455-9562-cd3f59fd4e48,aea7bdfe-8bc9-11f1-9b18-005056b2a5de,743,097330eb-f92d-4b88-95a8-1a83fd3d8064,
04__SHG__THM__IDG__1000,THTruemilk Sữa Tươi TT Ít Đường 1L,Sữa Hộp Giấy,Hộp,0.0,0.0,0.0,0.0,0.0,0.0,0.0,0.0,0.0,0.0,0.0,0.0,0.0,0.0,0.0,0.0,0.0,0.0,04__SHG__THM__IDG__1000,THTruemilk Sữa Tươi TT Ít Đường 1L,,Hàng hóa,aecae59e-8bc9-11f1-9b18-005056b2a5de,eae6191b-2d31-4094-8b74-5e4cc0319624,aea7bdfe-8bc9-11f1-9b18-005056b2a5de,744,097330eb-f92d-4b88-95a8-1a83fd3d8064,
04__SHG__THM__IDG__110,THTruemilk Sữa Tươi TT Ít Đường 110ml,Sữa Hộp Giấy,Hộp,0.0,0.0,0.0,0.0,0.0,0.0,0.0,0.0,0.0,0.0,0.0,0.0,0.0,0.0,0.0,0.0,0.0,0.0,04__SHG__THM__IDG__110,THTruemilk Sữa Tươi TT Ít Đường 110ml,,Hàng hóa,aecae635-8bc9-11f1-9b18-005056b2a5de,9d89ab94-08af-4cd2-a283-447b5b4fdb0c,aea7bdfe-8bc9-11f1-9b18-005056b2a5de,745,097330eb-f92d-4b88-95a8-1a83fd3d8064,
04__SHG__THM__IDG__180,TH Truemilk Sữa Tươi TT Ít Đường 180ml,Sữa Hộp Giấy,Hộp,0.0,0.0,0.0,0.0,0.0,0.0,0.0,0.0,0.0,0.0,0.0,0.0,0.0,0.0,45.0,540000.0,45.0,540000.0,04__SHG__THM__IDG__180,TH Truemilk Sữa Tươi TT Ít Đường 180ml,,Hàng hóa,aecae6cc-8bc9-11f1-9b18-005056b2a5de,33cea9f1-8dd5-4886-b3f6-3192bede0c26,aea7bdfe-8bc9-11f1-9b18-005056b2a5de,746,097330eb-f92d-4b88-95a8-1a83fd3d8064,
04__SHG__THM__NHO__180,THTruemilk Mistori Nho 180ml,Sữa Hộp Giấy,Hộp,0.0,0.0,0.0,0.0,0.0,0.0,0.0,0.0,0.0,0.0,0.0,0.0,0.0,0.0,0.0,0.0,0.0,0.0,04__SHG__THM__NHO__180,THTruemilk Mistori Nho 180ml,,Hàng hóa,aecae763-8bc9-11f1-9b18-005056b2a5de,a0aa14c5-4d83-4db9-a643-43255ef1c4be,aea7bdfe-8bc9-11f1-9b18-005056b2a5de,747,097330eb-f92d-4b88-95a8-1a83fd3d8064,
04__SHG__THM__ORG__1000,THTruemilk Sữa Tươi TT Nguyên Chất 1L,Sữa Hộp Giấy,Hộp,0.0,0.0,0.0,0.0,0.0,0.0,0.0,0.0,0.0,0.0,0.0,0.0,0.0,0.0,0.0,0.0,0.0,0.0,04__SHG__THM__ORG__1000,THTruemilk Sữa Tươi TT Nguyên Chất 1L,,Hàng hóa,aecae7f9-8bc9-11f1-9b18-005056b2a5de,ef76a641-0c9c-43cc-9f37-2cce525ebb25,aea7bdfe-8bc9-11f1-9b18-005056b2a5de,748,097330eb-f92d-4b88-95a8-1a83fd3d8064,
04__SHG__THM__ORG__180,TH Truemilk Sữa Tươi TT Nguyên Chất 180ml,Sữa Hộp Giấy,Hộp,0.0,0.0,0.0,0.0,0.0,0.0,0.0,0.0,0.0,0.0,0.0,0.0,0.0,0.0,0.0,0.0,0.0,0.0,04__SHG__THM__ORG__180,TH Truemilk Sữa Tươi TT Nguyên Chất 180ml,,Hàng hóa,aecae893-8bc9-11f1-9b18-005056b2a5de,0efaa2c6-cbed-4ae7-8d57-1914b04334e3,aea7bdfe-8bc9-11f1-9b18-005056b2a5de,749,097330eb-f92d-4b88-95a8-1a83fd3d8064,
04__SHG__THM__VAN__180,THTruemilk Topkid Sữa Tươi TT Vani Organic 180ml,Sữa Hộp Giấy,Hộp,0.0,0.0,0.0,0.0,0.0,0.0,0.0,0.0,0.0,0.0,0.0,0.0,0.0,0.0,1.0,14000.0,1.0,14000.0,04__SHG__THM__VAN__180,THTruemilk Topkid Sữa Tươi TT Vani Organic 180ml,,Hàng hóa,aecae928-8bc9-11f1-9b18-005056b2a5de,d8700e6b-6336-46e7-849f-20ee2cd16005,aea7bdfe-8bc9-11f1-9b18-005056b2a5de,750,097330eb-f92d-4b88-95a8-1a83fd3d8064,
04__SHG__VNM__CDG__180,VINAMILK Sữa Tươi TT Có Đường 180ml,Sữa Hộp Giấy,Hộp,0.0,0.0,0.0,0.0,0.0,0.0,0.0,0.0,0.0,0.0,0.0,0.0,0.0,0.0,0.0,0.0,0.0,0.0,04__SHG__VNM__CDG__180,VINAMILK Sữa Tươi TT Có Đường 180ml,,Hàng hóa,aecaea00-8bc9-11f1-9b18-005056b2a5de,7f21a100-3c59-4f88-a4f0-b80daaec37dc,aea7bdfe-8bc9-11f1-9b18-005056b2a5de,751,097330eb-f92d-4b88-95a8-1a83fd3d8064,
04__SHG__VNM__CHU__180,VINAMILK Sữa Tươi TT Giảm Béo Chuối 180ml,Sữa Hộp Giấy,Hộp,0.0,0.0,0.0,0.0,0.0,0.0,0.0,0.0,0.0,0.0,0.0,0.0,0.0,0.0,0.0,0.0,0.0,0.0,04__SHG__VNM__CHU__180,VINAMILK Sữa Tươi TT Giảm Béo Chuối 180ml,,Hàng hóa,aecaeace-8bc9-11f1-9b18-005056b2a5de,c1d0767e-a44b-4878-9633-a697302c09e2,aea7bdfe-8bc9-11f1-9b18-005056b2a5de,752,097330eb-f92d-4b88-95a8-1a83fd3d8064,
04__SHG__VNM__DAU__180,VINAMILK Sữa Tươi TT Hương Dâu 180ml,Sữa Hộp Giấy,Hộp,0.0,0.0,0.0,0.0,0.0,0.0,0.0,0.0,0.0,0.0,0.0,0.0,0.0,0.0,0.0,0.0,0.0,0.0,04__SHG__VNM__DAU__180,VINAMILK Sữa Tươi TT Hương Dâu 180ml,,Hàng hóa,aecaeb85-8bc9-11f1-9b18-005056b2a5de,4586b07d-111e-4374-873a-3e4674e2beb0,aea7bdfe-8bc9-11f1-9b18-005056b2a5de,753,097330eb-f92d-4b88-95a8-1a83fd3d8064,
04__SHG__VNM__IDG__110,VINAMILK Sữa Tươi TT Ít Đường 110ml,Sữa Hộp Giấy,Hộp,0.0,0.0,0.0,0.0,0.0,0.0,0.0,0.0,0.0,0.0,0.0,0.0,0.0,0.0,0.0,0.0,0.0,0.0,04__SHG__VNM__IDG__110,VINAMILK Sữa Tươi TT Ít Đường 110ml,,Hàng hóa,aecaec1e-8bc9-11f1-9b18-005056b2a5de,b344c4a9-477d-400f-8c36-bd04ef94fcc7,aea7bdfe-8bc9-11f1-9b18-005056b2a5de,754,097330eb-f92d-4b88-95a8-1a83fd3d8064,
04__SHG__VNM__IDG__180,VINAMILK Sữa Tươi TT Ít Đường 180ml,Sữa Hộp Giấy,Hộp,0.0,0.0,0.0,0.0,0.0,0.0,0.0,0.0,0.0,0.0,0.0,0.0,0.0,0.0,48.0,480000.0,48.0,480000.0,04__SHG__VNM__IDG__180,VINAMILK Sữa Tươi TT Ít Đường 180ml,,Hàng hóa,aecaecb4-8bc9-11f1-9b18-005056b2a5de,f4f852fc-bad9-4c50-9a11-fc30dd6a30fa,aea7bdfe-8bc9-11f1-9b18-005056b2a5de,755,097330eb-f92d-4b88-95a8-1a83fd3d8064,
04__SHG__VNM__ODG__180,VINAMILK Sữa Tươi TT Không Đường 180ml,Sữa Hộp Giấy,Hộp,0.0,0.0,0.0,0.0,0.0,0.0,0.0,0.0,0.0,0.0,0.0,0.0,0.0,0.0,0.0,0.0,0.0,0.0,04__SHG__VNM__ODG__180,VINAMILK Sữa Tươi TT Không Đường 180ml,,Hàng hóa,aecaed4a-8bc9-11f1-9b18-005056b2a5de,3c907e40-f116-4c48-872a-2caa9c8a3345,aea7bdfe-8bc9-11f1-9b18-005056b2a5de,756,097330eb-f92d-4b88-95a8-1a83fd3d8064,
04__SHG__VNM__SOC__180,VINAMILK Sữa Tươi TT Socola 180ml,Sữa Hộp Giấy,Hộp,0.0,0.0,0.0,0.0,0.0,0.0,0.0,0.0,0.0,0.0,0.0,0.0,0.0,0.0,0.0,0.0,0.0,0.0,04__SHG__VNM__SOC__180,VINAMILK Sữa Tươi TT Socola 180ml,,Hàng hóa,aecaedde-8bc9-11f1-9b18-005056b2a5de,2d00194d-0766-4ab9-a9e2-cd5dc8ab08a3,aea7bdfe-8bc9-11f1-9b18-005056b2a5de,757,097330eb-f92d-4b88-95a8-1a83fd3d8064,
04__SUO__BEN__CAM__300,BETAGEN Sữa Chua Uống Hương Cam 300ml,Sữa Chua Uống,Chai,0.0,0.0,0.0,0.0,0.0,0.0,0.0,0.0,0.0,0.0,0.0,0.0,0.0,0.0,19.0,532000.0,19.0,532000.0,04__SUO__BEN__CAM__300,BETAGEN Sữa Chua Uống Hương Cam 300ml,,Hàng hóa,aecaee75-8bc9-11f1-9b18-005056b2a5de,1fe8d91a-1f42-47f8-8828-2d17299c49d2,aea7bdfe-8bc9-11f1-9b18-005056b2a5de,758,097330eb-f92d-4b88-95a8-1a83fd3d8065,
04__SUO__BEN__DAU__300,BETAGEN Sữa Chua Uống Hương Dâu 300ml,Sữa Chua Uống,Chai,0.0,0.0,0.0,0.0,0.0,0.0,0.0,0.0,0.0,0.0,0.0,0.0,0.0,0.0,24.0,672000.0,24.0,672000.0,04__SUO__BEN__DAU__300,BETAGEN Sữa Chua Uống Hương Dâu 300ml,,Hàng hóa,aecaef0b-8bc9-11f1-9b18-005056b2a5de,1c33c6e2-cf52-4b21-9138-f77f86eca992,aea7bdfe-8bc9-11f1-9b18-005056b2a5de,759,097330eb-f92d-4b88-95a8-1a83fd3d8065,
04__SUO__BEN__DUA__300,BETAGEN Sữa Chua Uống Hương Dứa 300ml,Sữa Chua Uống,Chai,0.0,0.0,0.0,0.0,0.0,0.0,0.0,0.0,0.0,0.0,0.0,0.0,0.0,0.0,21.0,588000.0,21.0,588000.0,04__SUO__BEN__DUA__300,BETAGEN Sữa Chua Uống Hương Dứa 300ml,,Hàng hóa,aecaefa7-8bc9-11f1-9b18-005056b2a5de,26c60b00-78bd-4ecc-b2f1-94e14b3970ce,aea7bdfe-8bc9-11f1-9b18-005056b2a5de,760,097330eb-f92d-4b88-95a8-1a83fd3d8065,
04__SUO__BEN__IDG__300,BETAGEN Sữa Chua Uống Ít Đường 300ml,Sữa Chua Uống,Chai,0.0,0.0,0.0,0.0,0.0,0.0,0.0,0.0,0.0,0.0,0.0,0.0,0.0,0.0,19.0,532000.0,19.0,532000.0,04__SUO__BEN__IDG__300,BETAGEN Sữa Chua Uống Ít Đường 300ml,,Hàng hóa,aecaf03b-8bc9-11f1-9b18-005056b2a5de,349ee124-26bd-4e49-bd97-cdd3a59266ec,aea7bdfe-8bc9-11f1-9b18-005056b2a5de,761,097330eb-f92d-4b88-95a8-1a83fd3d8065,
04__SUO__THY__CAM__110,TH True Yogurt Topkid Sữa Chua Uống Cam 110ml,Sữa Chua Uống,Hộp,0.0,0.0,0.0,0.0,0.0,0.0,0.0,0.0,0.0,0.0,0.0,0.0,0.0,0.0,0.0,0.0,0.0,0.0,04__SUO__THY__CAM__110,TH True Yogurt Topkid Sữa Chua Uống Cam 110ml,,Hàng hóa,aecaf0d3-8bc9-11f1-9b18-005056b2a5de,347e9eb0-f319-4bc7-b28e-e67ff6391d57,aea7bdfe-8bc9-11f1-9b18-005056b2a5de,762,097330eb-f92d-4b88-95a8-1a83fd3d8064,
04__SUO__THY__DAU__110,TH True Yogurt Topkid Sữa Chua Uống Dâu 110ml,Sữa Chua Uống,Hộp,0.0,0.0,0.0,0.0,0.0,0.0,0.0,0.0,0.0,0.0,0.0,0.0,0.0,0.0,0.0,0.0,0.0,0.0,04__SUO__THY__DAU__110,TH True Yogurt Topkid Sữa Chua Uống Dâu 110ml,,Hàng hóa,aecaf18e-8bc9-11f1-9b18-005056b2a5de,3cfec9e6-18f4-430d-97a8-f75859f4d89b,aea7bdfe-8bc9-11f1-9b18-005056b2a5de,763,097330eb-f92d-4b88-95a8-1a83fd3d8064,
04__SUO__VNM__DGG__65,VINAMILK Sữa Chua Uống Probi Hương Dưa Gang Lốc 5 Chai 65ml,Sữa Chua Uống,Chai,0.0,0.0,0.0,0.0,0.0,0.0,0.0,0.0,0.0,0.0,0.0,0.0,0.0,0.0,0.0,0.0,0.0,0.0,04__SUO__VNM__DGG__65,VINAMILK Sữa Chua Uống Probi Hương Dưa Gang Lốc 5 Chai 65ml,,Hàng hóa,aecaf2ba-8bc9-11f1-9b18-005056b2a5de,56a753d6-c639-459e-bf65-4f2c1280c030,aea7bdfe-8bc9-11f1-9b18-005056b2a5de,764,097330eb-f92d-4b88-95a8-1a83fd3d8065,
04__SUO__VNM__TTG__65,VINAMILK Sữa Chua Uống Probi Vị Truyền Thống Lốc 5 Chai 65ml,Sữa Chua Uống,Chai,0.0,0.0,0.0,0.0,0.0,0.0,0.0,0.0,0.0,0.0,0.0,0.0,0.0,0.0,0.0,0.0,0.0,0.0,04__SUO__VNM__TTG__65,VINAMILK Sữa Chua Uống Probi Vị Truyền Thống Lốc 5 Chai 65ml,,Hàng hóa,aecaf39e-8bc9-11f1-9b18-005056b2a5de,36ebeb97-1bb1-4202-86cd-ca30acf367c7,aea7bdfe-8bc9-11f1-9b18-005056b2a5de,765,097330eb-f92d-4b88-95a8-1a83fd3d8065,
05__GBG__MEI__BIC__150,MEIZAN Bột Chiên Giòn 150g,Gia Vị Nhà Bếp,Bịch,0.0,0.0,0.0,0.0,0.0,0.0,0.0,0.0,0.0,0.0,0.0,0.0,0.0,0.0,3.0,33000.0,3.0,33000.0,05__GBG__MEI__BIC__150,MEIZAN Bột Chiên Giòn 150g,,Hàng hóa,aecaf43f-8bc9-11f1-9b18-005056b2a5de,115346a1-21f9-4b37-be17-22dfe854c3ad,aea7bdfe-8bc9-11f1-9b18-005056b2a5de,766,097330eb-f92d-4b88-95a8-1a83fd3d8011,
05__GBM__MEI__BIC__500,MEIZAN Bột Mì Đa Dụng Cao Cấp 500g,Gia Vị Nhà Bếp,Bịch,0.0,0.0,0.0,0.0,0.0,0.0,0.0,0.0,0.0,0.0,0.0,0.0,0.0,0.0,16.0,208000.0,16.0,208000.0,05__GBM__MEI__BIC__500,MEIZAN Bột Mì Đa Dụng Cao Cấp 500g,,Hàng hóa,aecaf58d-8bc9-11f1-9b18-005056b2a5de,6b2b8a59-1f61-405f-b040-89f594b0ccb3,aea7bdfe-8bc9-11f1-9b18-005056b2a5de,767,097330eb-f92d-4b88-95a8-1a83fd3d8011,
05__GBP__MEI__BIC__150,MEIZAN Bột Bắp 150g,Gia Vị Nhà Bếp,Bịch,0.0,0.0,0.0,0.0,0.0,0.0,0.0,0.0,0.0,0.0,0.0,0.0,0.0,0.0,0.0,0.0,0.0,0.0,05__GBP__MEI__BIC__150,MEIZAN Bột Bắp 150g,,Hàng hóa,aecaf643-8bc9-11f1-9b18-005056b2a5de,db21a570-12eb-4622-9676-259d159ce885,aea7bdfe-8bc9-11f1-9b18-005056b2a5de,768,097330eb-f92d-4b88-95a8-1a83fd3d8011,
05__GBP__OTO__BIH__100,BOT PHO MAI OTOKI 100g,Gia Vị Nhà Bếp,Bịch,0.0,0.0,0.0,0.0,0.0,0.0,0.0,0.0,0.0,0.0,0.0,0.0,0.0,0.0,0.0,0.0,0.0,0.0,05__GBP__OTO__BIH__100,BOT PHO MAI OTOKI 100g,,Hàng hóa,aecaf6d6-8bc9-11f1-9b18-005056b2a5de,37ffab85-3cc6-4d7d-bfdb-1554f64a6f29,aea7bdfe-8bc9-11f1-9b18-005056b2a5de,769,097330eb-f92d-4b88-95a8-1a83fd3d8011,
05__GBV__TAN__MGR__80,TƯỜNG AN Bơ Thực Vật Margarine Vị Nguyên Bản 80g,Gia Vị Nhà Bếp,Hũ,0.0,0.0,0.0,0.0,0.0,0.0,0.0,0.0,0.0,0.0,0.0,0.0,0.0,0.0,3.0,30000.0,3.0,30000.0,05__GBV__TAN__MGR__80,TƯỜNG AN Bơ Thực Vật Margarine Vị Nguyên Bản 80g,,Hàng hóa,aecaf76e-8bc9-11f1-9b18-005056b2a5de,7c95d3cc-9703-47f1-8d47-2909ad1bf80b,aea7bdfe-8bc9-11f1-9b18-005056b2a5de,770,315cd7c9-f951-4e88-888d-9acc60b4a4fc,
05__GBX__MEI__BIC__400,MEIZAN Bột Bánh Xèo 400g,Gia Vị Nhà Bếp,Bịch,0.0,0.0,0.0,0.0,0.0,0.0,0.0,0.0,0.0,0.0,0.0,0.0,0.0,0.0,3.0,69000.0,3.0,69000.0,05__GBX__MEI__BIC__400,MEIZAN Bột Bánh Xèo 400g,,Hàng hóa,aecaf846-8bc9-11f1-9b18-005056b2a5de,a7bd2f7e-aaa8-45e6-bc94-1899e4e18e21,aea7bdfe-8bc9-11f1-9b18-005056b2a5de,771,097330eb-f92d-4b88-95a8-1a83fd3d8011,
05__GDA__KID__VIR__250,KIDO Dầu Ăn Olive Oil Extra Virgin 250ml,Gia Vị Nhà Bếp,Chai,0.0,0.0,0.0,0.0,0.0,0.0,0.0,0.0,0.0,0.0,0.0,0.0,0.0,0.0,12.0,1368000.0,12.0,1368000.0,05__GDA__KID__VIR__250,KIDO Dầu Ăn Olive Oil Extra Virgin 250ml,,Hàng hóa,aecaf8dd-8bc9-11f1-9b18-005056b2a5de,7460357d-6e52-4179-91fb-2562120741ea,aea7bdfe-8bc9-11f1-9b18-005056b2a5de,772,097330eb-f92d-4b88-95a8-1a83fd3d8065,
05__GDA__MEI__MET__100,MEIZAN Dầu Mè Thơm 100ml,Gia Vị Nhà Bếp,Chai,0.0,0.0,0.0,0.0,0.0,0.0,0.0,0.0,0.0,0.0,0.0,0.0,0.0,0.0,28.0,1008000.0,28.0,1008000.0,05__GDA__MEI__MET__100,MEIZAN Dầu Mè Thơm 100ml,,Hàng hóa,aecaf970-8bc9-11f1-9b18-005056b2a5de,176ca205-3624-41ed-8c79-92f6a82595c4,aea7bdfe-8bc9-11f1-9b18-005056b2a5de,773,097330eb-f92d-4b88-95a8-1a83fd3d8065,
05__GDA__MEI__VAG__1000,MEIZAN GOLD Dầu Ăn Cao Cấp 1L,Gia Vị Nhà Bếp,Chai,0.0,0.0,0.0,0.0,0.0,0.0,0.0,0.0,0.0,0.0,0.0,0.0,0.0,0.0,16.0,1072000.0,16.0,1072000.0,05__GDA__MEI__VAG__1000,MEIZAN GOLD Dầu Ăn Cao Cấp 1L,,Hàng hóa,aecafa07-8bc9-11f1-9b18-005056b2a5de,6f525fb5-4aaf-431a-825d-24f7095b3b13,aea7bdfe-8bc9-11f1-9b18-005056b2a5de,774,097330eb-f92d-4b88-95a8-1a83fd3d8065,
05__GDA__OLI__LIU__250,OLIVOILA Dầu Oliu Extra Virgin 250ml,Gia Vị Nhà Bếp,Chai,0.0,0.0,0.0,0.0,0.0,0.0,0.0,0.0,0.0,0.0,0.0,0.0,0.0,0.0,7.0,896000.0,7.0,896000.0,05__GDA__OLI__LIU__250,OLIVOILA Dầu Oliu Extra Virgin 250ml,,Hàng hóa,aecafa9c-8bc9-11f1-9b18-005056b2a5de,63fe9ce5-db90-43bd-abd3-61c3ba63a61d,aea7bdfe-8bc9-11f1-9b18-005056b2a5de,775,097330eb-f92d-4b88-95a8-1a83fd3d8065,
05__GDA__SIM__DNH__1000,SIMPLY Dầu Đậu Nành 1L,Gia Vị Nhà Bếp,Chai,0.0,0.0,0.0,0.0,0.0,0.0,0.0,0.0,0.0,0.0,0.0,0.0,0.0,0.0,24.0,1896000.0,24.0,1896000.0,05__GDA__SIM__DNH__1000,SIMPLY Dầu Đậu Nành 1L,,Hàng hóa,aecafb31-8bc9-11f1-9b18-005056b2a5de,7c0a75ea-a9bb-4fc2-970b-37a195a64c8c,aea7bdfe-8bc9-11f1-9b18-005056b2a5de,776,097330eb-f92d-4b88-95a8-1a83fd3d8065,
05__GDA__TAN__DAU__1000,TƯỜNG AN Dầu Đậu Nành 1L,Gia Vị Nhà Bếp,Chai,0.0,0.0,0.0,0.0,0.0,0.0,0.0,0.0,0.0,0.0,0.0,0.0,0.0,0.0,7.0,420000.0,7.0,420000.0,05__GDA__TAN__DAU__1000,TƯỜNG AN Dầu Đậu Nành 1L,,Hàng hóa,aecafbc3-8bc9-11f1-9b18-005056b2a5de,d903cb5a-8b2e-450b-88f4-2730058931c0,aea7bdfe-8bc9-11f1-9b18-005056b2a5de,777,097330eb-f92d-4b88-95a8-1a83fd3d8065,
05__GDA__TAN__DAU__400,TƯỜNG AN Dầu Đậu Nành 400ml,Gia Vị Nhà Bếp,Chai,0.0,0.0,0.0,0.0,0.0,0.0,0.0,0.0,0.0,0.0,0.0,0.0,0.0,0.0,18.0,630000.0,18.0,630000.0,05__GDA__TAN__DAU__400,TƯỜNG AN Dầu Đậu Nành 400ml,,Hàng hóa,aecafc55-8bc9-11f1-9b18-005056b2a5de,9e5856a0-bb09-42b9-b6b1-24d3c8183e2e,aea7bdfe-8bc9-11f1-9b18-005056b2a5de,778,097330eb-f92d-4b88-95a8-1a83fd3d8065,
05__GDG__CLM__TRN__270,CHOLIMEX Dầu Dấm Trộn Salad 270g,Gia Vị Nhà Bếp,Chai,0.0,0.0,0.0,0.0,0.0,0.0,0.0,0.0,0.0,0.0,0.0,0.0,0.0,0.0,9.0,216000.0,9.0,216000.0,05__GDG__CLM__TRN__270,CHOLIMEX Dầu Dấm Trộn Salad 270g,,Hàng hóa,aecafce9-8bc9-11f1-9b18-005056b2a5de,430c656c-09df-4b2b-b029-87625766f3e2,aea7bdfe-8bc9-11f1-9b18-005056b2a5de,779,097330eb-f92d-4b88-95a8-1a83fd3d8065,
05__GDH__CSU__SOD__150,CHINSU Dầu Hào Sò Điệp 150g,Gia Vị Nhà Bếp,Chai,0.0,0.0,0.0,0.0,0.0,0.0,0.0,0.0,0.0,0.0,0.0,0.0,0.0,0.0,8.0,120000.0,8.0,120000.0,05__GDH__CSU__SOD__150,CHINSU Dầu Hào Sò Điệp 150g,,Hàng hóa,aecafd7b-8bc9-11f1-9b18-005056b2a5de,e3097e83-e20b-418a-9488-80e509d33ffd,aea7bdfe-8bc9-11f1-9b18-005056b2a5de,780,097330eb-f92d-4b88-95a8-1a83fd3d8065,
05__GDH__MAG__BNU__350,MAGGI Dầu Hào Bào Ngư 350g,Gia Vị Nhà Bếp,Chai,0.0,0.0,0.0,0.0,0.0,0.0,0.0,0.0,0.0,0.0,0.0,0.0,0.0,0.0,8.0,256000.0,8.0,256000.0,05__GDH__MAG__BNU__350,MAGGI Dầu Hào Bào Ngư 350g,,Hàng hóa,aecafe0e-8bc9-11f1-9b18-005056b2a5de,9a356bc0-1ebb-4dc7-9134-49145201b276,aea7bdfe-8bc9-11f1-9b18-005056b2a5de,781,097330eb-f92d-4b88-95a8-1a83fd3d8065,
05__GDH__MAG__NAM__350,MAGGI Dầu Hào Nấm Hương 350g,Gia Vị Nhà Bếp,Chai,0.0,0.0,0.0,0.0,0.0,0.0,0.0,0.0,0.0,0.0,0.0,0.0,0.0,0.0,9.0,315000.0,9.0,315000.0,05__GDH__MAG__NAM__350,MAGGI Dầu Hào Nấm Hương 350g,,Hàng hóa,aecafe9e-8bc9-11f1-9b18-005056b2a5de,ae584d3a-88c0-4567-a40e-2567949df003,aea7bdfe-8bc9-11f1-9b18-005056b2a5de,782,097330eb-f92d-4b88-95a8-1a83fd3d8065,
05__GHN__CSU__NTH__400,CHINSU Hạt Nêm Ngọt Thanh 400g,Gia Vị Nhà Bếp,Bịch,0.0,0.0,0.0,0.0,0.0,0.0,0.0,0.0,0.0,0.0,0.0,0.0,0.0,0.0,2.0,76000.0,2.0,76000.0,05__GHN__CSU__NTH__400,CHINSU Hạt Nêm Ngọt Thanh 400g,,Hàng hóa,aecaff34-8bc9-11f1-9b18-005056b2a5de,a10c5832-f549-403e-9f89-0c08a33634eb,aea7bdfe-8bc9-11f1-9b18-005056b2a5de,783,097330eb-f92d-4b88-95a8-1a83fd3d8011,
05__GHN__CSU__RAU__400,CHINSU Hạt Nêm Ngọt Thanh Rau Củ & Nấm 400g,Gia Vị Nhà Bếp,Bịch,0.0,0.0,0.0,0.0,0.0,0.0,0.0,0.0,0.0,0.0,0.0,0.0,0.0,0.0,0.0,0.0,0.0,0.0,05__GHN__CSU__RAU__400,CHINSU Hạt Nêm Ngọt Thanh Rau Củ & Nấm 400g,,Hàng hóa,aecb0018-8bc9-11f1-9b18-005056b2a5de,bf953b17-ca7d-4db0-8515-53cc027e31f6,aea7bdfe-8bc9-11f1-9b18-005056b2a5de,784,097330eb-f92d-4b88-95a8-1a83fd3d8011,
05__GHN__KNO__ONG__170,KNOR Hạt Nêm Thịt Thăn Xương Ống Và Tủy 170g,Gia Vị Nhà Bếp,Bịch,0.0,0.0,0.0,0.0,0.0,0.0,0.0,0.0,0.0,0.0,0.0,0.0,0.0,0.0,13.0,260000.0,13.0,260000.0,05__GHN__KNO__ONG__170,KNOR Hạt Nêm Thịt Thăn Xương Ống Và Tủy 170g,,Hàng hóa,aecb00b2-8bc9-11f1-9b18-005056b2a5de,4f13a1b7-e537-4340-9471-61532d08fa88,aea7bdfe-8bc9-11f1-9b18-005056b2a5de,785,097330eb-f92d-4b88-95a8-1a83fd3d8011,
05__GHN__KNO__ORG__170,KNOR Hạt Nêm Nấm Hương Organic 170g,Gia Vị Nhà Bếp,Bịch,0.0,0.0,0.0,0.0,0.0,0.0,0.0,0.0,0.0,0.0,0.0,0.0,0.0,0.0,9.0,198000.0,9.0,198000.0,05__GHN__KNO__ORG__170,KNOR Hạt Nêm Nấm Hương Organic 170g,,Hàng hóa,aecb0184-8bc9-11f1-9b18-005056b2a5de,ace63551-dbd8-448f-b642-3154c972bcd2,aea7bdfe-8bc9-11f1-9b18-005056b2a5de,786,097330eb-f92d-4b88-95a8-1a83fd3d8011,
05__GHN__MAG__NAM__200,MAGGI Hạt Nêm Nấm Hương 200g,Gia Vị Nhà Bếp,Bịch,0.0,0.0,0.0,0.0,0.0,0.0,0.0,0.0,0.0,0.0,0.0,0.0,0.0,0.0,7.0,203000.0,7.0,203000.0,05__GHN__MAG__NAM__200,MAGGI Hạt Nêm Nấm Hương 200g,,Hàng hóa,aecb0217-8bc9-11f1-9b18-005056b2a5de,648c0739-ae07-4aee-9a32-91ccbc858007,aea7bdfe-8bc9-11f1-9b18-005056b2a5de,787,097330eb-f92d-4b88-95a8-1a83fd3d8011,
05__GMN__CSU__CHI__250,CHINSU Xốt Mayonnaise Nguyên Bản 250g,Gia Vị Nhà Bếp,Chai,0.0,0.0,0.0,0.0,0.0,0.0,0.0,0.0,0.0,0.0,0.0,0.0,0.0,0.0,1.0,40000.0,1.0,40000.0,05__GMN__CSU__CHI__250,CHINSU Xốt Mayonnaise Nguyên Bản 250g,,Hàng hóa,aecb02ab-8bc9-11f1-9b18-005056b2a5de,c1fe978b-afff-4631-9c58-da508cd14997,aea7bdfe-8bc9-11f1-9b18-005056b2a5de,788,097330eb-f92d-4b88-95a8-1a83fd3d8065,
05__GMO__CSU__DOO__200,CHINSU Xốt MuốI Ớt Đỏ 200g,Gia Vị Nhà Bếp,Chai,0.0,0.0,0.0,0.0,0.0,0.0,0.0,0.0,0.0,0.0,0.0,0.0,0.0,0.0,0.0,0.0,0.0,0.0,05__GMO__CSU__DOO__200,CHINSU Xốt MuốI Ớt Đỏ 200g,,Hàng hóa,aecb033d-8bc9-11f1-9b18-005056b2a5de,ab4bd46b-0283-4d22-9f52-6928659c97b6,aea7bdfe-8bc9-11f1-9b18-005056b2a5de,789,097330eb-f92d-4b88-95a8-1a83fd3d8065,
05__GMO__CSU__XAH__200,CHINSU Xốt Muối Ớt Xanh 200g,Gia Vị Nhà Bếp,Chai,0.0,0.0,0.0,0.0,0.0,0.0,0.0,0.0,0.0,0.0,0.0,0.0,0.0,0.0,0.0,0.0,0.0,0.0,05__GMO__CSU__XAH__200,CHINSU Xốt Muối Ớt Xanh 200g,,Hàng hóa,aecb03d2-8bc9-11f1-9b18-005056b2a5de,ab285342-6ce8-4423-a729-0d5192588e13,aea7bdfe-8bc9-11f1-9b18-005056b2a5de,790,097330eb-f92d-4b88-95a8-1a83fd3d8065,
05__GMO__DHF__CHH__200,DH FOOD Muối Ớt Chanh Hũ 100g,Gia Vị Nhà Bếp,Chai,0.0,0.0,0.0,0.0,0.0,0.0,0.0,0.0,0.0,0.0,0.0,0.0,0.0,0.0,0.0,0.0,0.0,0.0,05__GMO__DHF__CHH__200,DH FOOD Muối Ớt Chanh Hũ 100g,,Hàng hóa,aecb0466-8bc9-11f1-9b18-005056b2a5de,47c14a59-dc8c-4e38-81f8-5011c175eb07,aea7bdfe-8bc9-11f1-9b18-005056b2a5de,791,097330eb-f92d-4b88-95a8-1a83fd3d8065,
05__GMT__DHF__TNH__60,DH FOOD Muối Tôm Tây Ninh Hũ 60g,Gia Vị Nhà Bếp,Chai,0.0,0.0,0.0,0.0,0.0,0.0,0.0,0.0,0.0,0.0,0.0,0.0,0.0,0.0,1.0,15000.0,1.0,15000.0,05__GMT__DHF__TNH__60,DH FOOD Muối Tôm Tây Ninh Hũ 60g,,Hàng hóa,aecb04f8-8bc9-11f1-9b18-005056b2a5de,60057ca3-ab0c-4bda-b1ee-7998389e0ca7,aea7bdfe-8bc9-11f1-9b18-005056b2a5de,792,097330eb-f92d-4b88-95a8-1a83fd3d8065,
05__GNA__MEI__DDU__400,MEIZAN Bột Năng Đa Dụng Cao Cấp 400g,Gia Vị Nhà Bếp,Chai,0.0,0.0,0.0,0.0,0.0,0.0,0.0,0.0,0.0,0.0,0.0,0.0,0.0,0.0,11.0,198000.0,11.0,198000.0,05__GNA__MEI__DDU__400,MEIZAN Bột Năng Đa Dụng Cao Cấp 400g,,Hàng hóa,aecb0587-8bc9-11f1-9b18-005056b2a5de,8504bc7e-5076-4e51-a6ce-133c0b526488,aea7bdfe-8bc9-11f1-9b18-005056b2a5de,793,097330eb-f92d-4b88-95a8-1a83fd3d8065,
05__GND__WON__LON__160,WONDERFARM Nước Cốt Dừa Lon 160ml,Gia Vị Nhà Bếp,Lon,0.0,0.0,0.0,0.0,0.0,0.0,0.0,0.0,0.0,0.0,0.0,0.0,0.0,0.0,0.0,0.0,0.0,0.0,05__GND__WON__LON__160,WONDERFARM Nước Cốt Dừa Lon 160ml,,Hàng hóa,aecb061b-8bc9-11f1-9b18-005056b2a5de,1abab8a7-233f-4e07-80be-27ff62ded303,aea7bdfe-8bc9-11f1-9b18-005056b2a5de,794,675a42b3-8acd-451e-b184-edaeaebec5b7,
05__GNM__CLM__CHY__245,CHOLIMEX Nước Mắm Chay 245ml,Gia Vị Nhà Bếp,Chai,0.0,0.0,0.0,0.0,0.0,0.0,0.0,0.0,0.0,0.0,0.0,0.0,0.0,0.0,11.0,297000.0,11.0,297000.0,05__GNM__CLM__CHY__245,CHOLIMEX Nước Mắm Chay 245ml,,Hàng hóa,aecb06ac-8bc9-11f1-9b18-005056b2a5de,f6b606ae-8bf4-4b61-88c1-5c6a18665a14,aea7bdfe-8bc9-11f1-9b18-005056b2a5de,795,097330eb-f92d-4b88-95a8-1a83fd3d8065,
05__GNM__CSU__CCM__720,CHINSU Nước Mắm Cá Cơm Biển Đông 720ml,Gia Vị Nhà Bếp,Chai,0.0,0.0,0.0,0.0,0.0,0.0,0.0,0.0,0.0,0.0,0.0,0.0,0.0,0.0,8.0,512000.0,8.0,512000.0,05__GNM__CSU__CCM__720,CHINSU Nước Mắm Cá Cơm Biển Đông 720ml,,Hàng hóa,aecb0808-8bc9-11f1-9b18-005056b2a5de,13ded023-696c-4be2-b4da-2feb868352fa,aea7bdfe-8bc9-11f1-9b18-005056b2a5de,796,097330eb-f92d-4b88-95a8-1a83fd3d8065,
05__GNM__CSU__CHI__500,CHINSU Nước Mắm Nam Ngư Chai 500ml,Gia Vị Nhà Bếp,Chai,0.0,0.0,0.0,0.0,0.0,0.0,0.0,0.0,0.0,0.0,0.0,0.0,0.0,0.0,0.0,0.0,0.0,0.0,05__GNM__CSU__CHI__500,CHINSU Nước Mắm Nam Ngư Chai 500ml,,Hàng hóa,aecb08e7-8bc9-11f1-9b18-005056b2a5de,f02786aa-0d53-45b4-a470-ba659a25436a,aea7bdfe-8bc9-11f1-9b18-005056b2a5de,797,097330eb-f92d-4b88-95a8-1a83fd3d8065,
05__GST__CLM__TOM__90,CHOLIMEX Sa Tế Tôm 90g,Gia Vị Nhà Bếp,Chai,0.0,0.0,0.0,0.0,0.0,0.0,0.0,0.0,0.0,0.0,0.0,0.0,0.0,0.0,20.0,240000.0,20.0,240000.0,05__GST__CLM__TOM__90,CHOLIMEX Sa Tế Tôm 90g,,Hàng hóa,aecb09c7-8bc9-11f1-9b18-005056b2a5de,a4351ebc-1505-4739-b003-1314432ad64c,aea7bdfe-8bc9-11f1-9b18-005056b2a5de,798,097330eb-f92d-4b88-95a8-1a83fd3d8065,
05__GST__CSU__TOS__90,CHINSU Sa Tế Tôm Ớt Sả Tươi Chai 90g,Gia Vị Nhà Bếp,Chai,0.0,0.0,0.0,0.0,0.0,0.0,0.0,0.0,0.0,0.0,0.0,0.0,0.0,0.0,15.0,165000.0,15.0,165000.0,05__GST__CSU__TOS__90,CHINSU Sa Tế Tôm Ớt Sả Tươi Chai 90g,,Hàng hóa,aecb0c5e-8bc9-11f1-9b18-005056b2a5de,3860103f-922c-4c3c-a688-70a884a73b4e,aea7bdfe-8bc9-11f1-9b18-005056b2a5de,799,097330eb-f92d-4b88-95a8-1a83fd3d8065,
05__GTC__CLM__CHI__270,CHOLIMEX Tương Cà Chai 270g,Gia Vị Nhà Bếp,Chai,0.0,0.0,0.0,0.0,0.0,0.0,0.0,0.0,0.0,0.0,0.0,0.0,0.0,0.0,14.0,224000.0,14.0,224000.0,05__GTC__CLM__CHI__270,CHOLIMEX Tương Cà Chai 270g,,Hàng hóa,aecb0d3b-8bc9-11f1-9b18-005056b2a5de,72a629c9-9b85-480e-81c8-fa39ed3bbdd3,aea7bdfe-8bc9-11f1-9b18-005056b2a5de,800,097330eb-f92d-4b88-95a8-1a83fd3d8065,
05__GTC__CLM__GOI__10,CHOLIMEX Tương Cà Gói 10g,Gia Vị Nhà Bếp,Gói,0.0,0.0,0.0,0.0,0.0,0.0,0.0,0.0,0.0,0.0,0.0,0.0,0.0,0.0,353.0,353000.0,353.0,353000.0,05__GTC__CLM__GOI__10,CHOLIMEX Tương Cà Gói 10g,,Hàng hóa,aecb0de0-8bc9-11f1-9b18-005056b2a5de,d91f5988-7d67-4d0e-abd5-e1e4b1b9bb4c,aea7bdfe-8bc9-11f1-9b18-005056b2a5de,801,097330eb-f92d-4b88-95a8-1a83fd3d8067,
05__GTD__CLM__CHI__230,CHOLIMEX Tương Đen Chai 230g,Gia Vị Nhà Bếp,Chai,0.0,0.0,0.0,0.0,0.0,0.0,0.0,0.0,0.0,0.0,0.0,0.0,0.0,0.0,6.0,108000.0,6.0,108000.0,05__GTD__CLM__CHI__230,CHOLIMEX Tương Đen Chai 230g,,Hàng hóa,aecb0e78-8bc9-11f1-9b18-005056b2a5de,91e0f3ac-287b-4103-842a-3095925c9868,aea7bdfe-8bc9-11f1-9b18-005056b2a5de,802,097330eb-f92d-4b88-95a8-1a83fd3d8065,
05__GTH__CLM__CHI__250,CHOLIMEX Tương Hột Chai 250g,Gia Vị Nhà Bếp,Chai,0.0,0.0,0.0,0.0,0.0,0.0,0.0,0.0,0.0,0.0,0.0,0.0,0.0,0.0,9.0,126000.0,9.0,126000.0,05__GTH__CLM__CHI__250,CHOLIMEX Tương Hột Chai 250g,,Hàng hóa,aecb0f18-8bc9-11f1-9b18-005056b2a5de,afb92a6f-45ea-4bd5-a000-7e8bb12d2ec9,aea7bdfe-8bc9-11f1-9b18-005056b2a5de,803,097330eb-f92d-4b88-95a8-1a83fd3d8065,
05__GTO__CLM__CHI__250,CHOLIMEX Tương Ớt Nắp Xuôi 250g,Gia Vị Nhà Bếp,Chai,0.0,0.0,0.0,0.0,0.0,0.0,0.0,0.0,0.0,0.0,0.0,0.0,0.0,0.0,0.0,0.0,0.0,0.0,05__GTO__CLM__CHI__250,CHOLIMEX Tương Ớt Nắp Xuôi 250g,,Hàng hóa,aecb0fb4-8bc9-11f1-9b18-005056b2a5de,64895c25-cd0a-4158-967a-d2a8893cfc6b,aea7bdfe-8bc9-11f1-9b18-005056b2a5de,804,097330eb-f92d-4b88-95a8-1a83fd3d8065,
05__GTO__CLM__CHI__270,CHOLIMEX Tương Ớt Chai 270g,Gia Vị Nhà Bếp,Chai,0.0,0.0,0.0,0.0,0.0,0.0,0.0,0.0,0.0,0.0,0.0,0.0,0.0,0.0,6.0,96000.0,6.0,96000.0,05__GTO__CLM__CHI__270,CHOLIMEX Tương Ớt Chai 270g,,Hàng hóa,aecb104c-8bc9-11f1-9b18-005056b2a5de,f9cf80b7-8355-47c9-8f23-ac5c299068ac,aea7bdfe-8bc9-11f1-9b18-005056b2a5de,805,097330eb-f92d-4b88-95a8-1a83fd3d8065,
05__GTO__CLM__CNT__270,CHOLIMEX Tương Ớt Chua Ngọt Chai 270g,Gia Vị Nhà Bếp,Chai,0.0,0.0,0.0,0.0,0.0,0.0,0.0,0.0,0.0,0.0,0.0,0.0,0.0,0.0,1.0,16000.0,1.0,16000.0,05__GTO__CLM__CNT__270,CHOLIMEX Tương Ớt Chua Ngọt Chai 270g,,Hàng hóa,aecb10e0-8bc9-11f1-9b18-005056b2a5de,c4c1f961-55bc-4837-a478-ea8524eb035f,aea7bdfe-8bc9-11f1-9b18-005056b2a5de,806,097330eb-f92d-4b88-95a8-1a83fd3d8065,
05__GTO__CLM__GOI__10,CHOLIMEX Tương Ớt Gói 10g,Gia Vị Nhà Bếp,Gói,0.0,0.0,0.0,0.0,0.0,0.0,0.0,0.0,0.0,0.0,0.0,0.0,0.0,0.0,46.0,46000.0,46.0,46000.0,05__GTO__CLM__GOI__10,CHOLIMEX Tương Ớt Gói 10g,,Hàng hóa,aecb117c-8bc9-11f1-9b18-005056b2a5de,0e322206-1799-4101-9d4a-1f8364dd0fde,aea7bdfe-8bc9-11f1-9b18-005056b2a5de,807,097330eb-f92d-4b88-95a8-1a83fd3d8067,
05__GTO__CLM__XMI__270,CHOLIMEX Tương Ớt Xí Muội Chai 270g,Gia Vị Nhà Bếp,Chai,0.0,0.0,0.0,0.0,0.0,0.0,0.0,0.0,0.0,0.0,0.0,0.0,0.0,0.0,0.0,0.0,0.0,0.0,05__GTO__CLM__XMI__270,CHOLIMEX Tương Ớt Xí Muội Chai 270g,,Hàng hóa,aecb1211-8bc9-11f1-9b18-005056b2a5de,3652aa9c-e171-4121-aacb-5762871db5cd,aea7bdfe-8bc9-11f1-9b18-005056b2a5de,808,097330eb-f92d-4b88-95a8-1a83fd3d8065,
05__GTO__CSU__CHI__250,CHINSU Tương Ớt Chai 250g,Gia Vị Nhà Bếp,Chai,0.0,0.0,0.0,0.0,0.0,0.0,0.0,0.0,0.0,0.0,0.0,0.0,0.0,0.0,14.0,350000.0,14.0,350000.0,05__GTO__CSU__CHI__250,CHINSU Tương Ớt Chai 250g,,Hàng hóa,aecb12a6-8bc9-11f1-9b18-005056b2a5de,83a8d45e-485a-47b6-83cc-05df9aee7678,aea7bdfe-8bc9-11f1-9b18-005056b2a5de,809,097330eb-f92d-4b88-95a8-1a83fd3d8065,
05__GTO__CSU__CHI__500,CHINSU Tương Ớt Chai 500g,Gia Vị Nhà Bếp,Chai,0.0,0.0,0.0,0.0,0.0,0.0,0.0,0.0,0.0,0.0,0.0,0.0,0.0,0.0,0.0,0.0,0.0,0.0,05__GTO__CSU__CHI__500,CHINSU Tương Ớt Chai 500g,,Hàng hóa,aecb133e-8bc9-11f1-9b18-005056b2a5de,305fe073-fefb-4120-ab18-bc40b389b7a0,aea7bdfe-8bc9-11f1-9b18-005056b2a5de,810,097330eb-f92d-4b88-95a8-1a83fd3d8065,
05__GXD__CLM__GMN__150,CHOLIMEX Nước Tương Đậu Nành Giảm Mặn 150ml,Gia Vị Nhà Bếp,Chai,0.0,0.0,0.0,0.0,0.0,0.0,0.0,0.0,0.0,0.0,0.0,0.0,0.0,0.0,12.0,132000.0,12.0,132000.0,05__GXD__CLM__GMN__150,CHOLIMEX Nước Tương Đậu Nành Giảm Mặn 150ml,,Hàng hóa,aecb13d6-8bc9-11f1-9b18-005056b2a5de,38ddb06a-010c-4909-bd1e-63a79903cd5b,aea7bdfe-8bc9-11f1-9b18-005056b2a5de,811,097330eb-f92d-4b88-95a8-1a83fd3d8065,
05__GXD__CSU__NAM__330,CHINSU Nước Tương Nấm Shiitake 330ml,Gia Vị Nhà Bếp,Chai,0.0,0.0,0.0,0.0,0.0,0.0,0.0,0.0,0.0,0.0,0.0,0.0,0.0,0.0,21.0,420000.0,21.0,420000.0,05__GXD__CSU__NAM__330,CHINSU Nước Tương Nấm Shiitake 330ml,,Hàng hóa,aecb14b4-8bc9-11f1-9b18-005056b2a5de,6599afaa-9589-4cc3-b9fd-86b130188702,aea7bdfe-8bc9-11f1-9b18-005056b2a5de,812,097330eb-f92d-4b88-95a8-1a83fd3d8065,
05__GXD__CSU__TOI__330,CHINSU Nước Tương Tỏi Ớt Tươi 330ml,Gia Vị Nhà Bếp,Chai,0.0,0.0,0.0,0.0,0.0,0.0,0.0,0.0,0.0,0.0,0.0,0.0,0.0,0.0,19.0,437000.0,19.0,437000.0,05__GXD__CSU__TOI__330,CHINSU Nước Tương Tỏi Ớt Tươi 330ml,,Hàng hóa,aecb154d-8bc9-11f1-9b18-005056b2a5de,eb50d74c-ec7c-45a1-99ea-08a8ec4200a5,aea7bdfe-8bc9-11f1-9b18-005056b2a5de,813,097330eb-f92d-4b88-95a8-1a83fd3d8065,
05__GXD__CSU__TTT__500,CHINSU Tam Thái Tử Nước Tương Nhất Ca 500ml,Gia Vị Nhà Bếp,Chai,0.0,0.0,0.0,0.0,0.0,0.0,0.0,0.0,0.0,0.0,0.0,0.0,0.0,0.0,14.0,336000.0,14.0,336000.0,05__GXD__CSU__TTT__500,CHINSU Tam Thái Tử Nước Tương Nhất Ca 500ml,,Hàng hóa,aecb15e7-8bc9-11f1-9b18-005056b2a5de,adc08f8b-84be-478c-be3c-de0a52bd37a6,aea7bdfe-8bc9-11f1-9b18-005056b2a5de,814,097330eb-f92d-4b88-95a8-1a83fd3d8065,
05__GXD__MAG__DDO__300,MAGGI Xì Dầu Đậm Đặc Chai Đỏ 300ml,Gia Vị Nhà Bếp,Chai,0.0,0.0,0.0,0.0,0.0,0.0,0.0,0.0,0.0,0.0,0.0,0.0,0.0,0.0,10.0,250000.0,10.0,250000.0,05__GXD__MAG__DDO__300,MAGGI Xì Dầu Đậm Đặc Chai Đỏ 300ml,,Hàng hóa,aecb1691-8bc9-11f1-9b18-005056b2a5de,c7516920-f6bc-4af1-9fa5-28c17f29aba4,aea7bdfe-8bc9-11f1-9b18-005056b2a5de,815,097330eb-f92d-4b88-95a8-1a83fd3d8065,
05__GXD__MAG__DDO__700,MAGGI Xì Dầu Đậm Đặc Chai Đỏ 700ml,Gia Vị Nhà Bếp,Chai,0.0,0.0,0.0,0.0,0.0,0.0,0.0,0.0,0.0,0.0,0.0,0.0,0.0,0.0,8.0,344000.0,8.0,344000.0,05__GXD__MAG__DDO__700,MAGGI Xì Dầu Đậm Đặc Chai Đỏ 700ml,,Hàng hóa,aecb172a-8bc9-11f1-9b18-005056b2a5de,139ea9fe-1a71-4d47-8c1f-15dda8b44c18,aea7bdfe-8bc9-11f1-9b18-005056b2a5de,816,097330eb-f92d-4b88-95a8-1a83fd3d8065,
05__GXD__MAG__VAG__300,MAGGI Xì Dầu Đậu Nành Chai Vàng 300ml,Gia Vị Nhà Bếp,Chai,0.0,0.0,0.0,0.0,0.0,0.0,0.0,0.0,0.0,0.0,0.0,0.0,0.0,0.0,8.0,160000.0,8.0,160000.0,05__GXD__MAG__VAG__300,MAGGI Xì Dầu Đậu Nành Chai Vàng 300ml,,Hàng hóa,aecb17c3-8bc9-11f1-9b18-005056b2a5de,a012dec0-f28b-4c7e-8d00-99d7f6bd5b7e,aea7bdfe-8bc9-11f1-9b18-005056b2a5de,817,097330eb-f92d-4b88-95a8-1a83fd3d8065,
05__GXD__MAG__VAG__700,MAGGI Xì Dầu Đậu Nành Chai Vàng 700ml,Gia Vị Nhà Bếp,Chai,0.0,0.0,0.0,0.0,0.0,0.0,0.0,0.0,0.0,0.0,0.0,0.0,0.0,0.0,9.0,315000.0,9.0,315000.0,05__GXD__MAG__VAG__700,MAGGI Xì Dầu Đậu Nành Chai Vàng 700ml,,Hàng hóa,aecb185b-8bc9-11f1-9b18-005056b2a5de,3352daa3-b9e4-4097-b6b0-e8f4472426c9,aea7bdfe-8bc9-11f1-9b18-005056b2a5de,818,097330eb-f92d-4b88-95a8-1a83fd3d8065,
05__GXT__CLM__GCM__90,CHOLIMEX Xốt Gà Chiên Nước Mắm Gói 90g,Gia Vị Nhà Bếp,Gói,0.0,0.0,0.0,0.0,0.0,0.0,0.0,0.0,0.0,0.0,0.0,0.0,0.0,0.0,6.0,78000.0,6.0,78000.0,05__GXT__CLM__GCM__90,CHOLIMEX Xốt Gà Chiên Nước Mắm Gói 90g,,Hàng hóa,aecb18ef-8bc9-11f1-9b18-005056b2a5de,5d7f0dd2-2522-435f-abdc-85a7612b96ae,aea7bdfe-8bc9-11f1-9b18-005056b2a5de,819,097330eb-f92d-4b88-95a8-1a83fd3d8067,
05__GXT__CLM__LTI__280,CHOLIMEX Lẩu Thái Chai 280g,Gia Vị Nhà Bếp,Chai,0.0,0.0,0.0,0.0,0.0,0.0,0.0,0.0,0.0,0.0,0.0,0.0,0.0,0.0,10.0,250000.0,10.0,250000.0,05__GXT__CLM__LTI__280,CHOLIMEX Lẩu Thái Chai 280g,,Hàng hóa,aecb1983-8bc9-11f1-9b18-005056b2a5de,fa93dc4b-af2b-4433-970c-2c1ced57a7aa,aea7bdfe-8bc9-11f1-9b18-005056b2a5de,820,097330eb-f92d-4b88-95a8-1a83fd3d8065,
05__GXT__CLM__SXC__90,CHOLIMEX Gói Xốt Sườn Xào Chua Ngọt 90g,Gia Vị Nhà Bếp,Gói,0.0,0.0,0.0,0.0,0.0,0.0,0.0,0.0,0.0,0.0,0.0,0.0,0.0,0.0,9.0,126000.0,9.0,126000.0,05__GXT__CLM__SXC__90,CHOLIMEX Gói Xốt Sườn Xào Chua Ngọt 90g,,Hàng hóa,aecb1a1a-8bc9-11f1-9b18-005056b2a5de,66ec167a-170a-411c-aa97-ce1865235919,aea7bdfe-8bc9-11f1-9b18-005056b2a5de,821,097330eb-f92d-4b88-95a8-1a83fd3d8067,
05__GXT__CLM__TKT__50,CHOLIMEX Gói Gia Vị Kho Thịt 50g,Gia Vị Nhà Bếp,Gói,0.0,0.0,0.0,0.0,0.0,0.0,0.0,0.0,0.0,0.0,0.0,0.0,0.0,0.0,18.0,144000.0,18.0,144000.0,05__GXT__CLM__TKT__50,CHOLIMEX Gói Gia Vị Kho Thịt 50g,,Hàng hóa,aecb1ab0-8bc9-11f1-9b18-005056b2a5de,37428553-aef1-4d12-a015-2da530ab2992,aea7bdfe-8bc9-11f1-9b18-005056b2a5de,822,097330eb-f92d-4b88-95a8-1a83fd3d8067,
05__GXT__CLM__TNG__70,CHOLIMEX Gói Xốt Ướp Thịt Nướng 70g,Gia Vị Nhà Bếp,Gói,0.0,0.0,0.0,0.0,0.0,0.0,0.0,0.0,0.0,0.0,0.0,0.0,0.0,0.0,0.0,0.0,0.0,0.0,05__GXT__CLM__TNG__70,CHOLIMEX Gói Xốt Ướp Thịt Nướng 70g,,Hàng hóa,aecb1b43-8bc9-11f1-9b18-005056b2a5de,90309e28-1f6a-4f33-86a9-b19b180e5192,aea7bdfe-8bc9-11f1-9b18-005056b2a5de,823,097330eb-f92d-4b88-95a8-1a83fd3d8067,
05__GXT__CLM__XAX__70,CHOLIMEX Gói Xốt Ướp Xá Xíu 70g,Gia Vị Nhà Bếp,Gói,0.0,0.0,0.0,0.0,0.0,0.0,0.0,0.0,0.0,0.0,0.0,0.0,0.0,0.0,17.0,161500.0,17.0,161500.0,05__GXT__CLM__XAX__70,CHOLIMEX Gói Xốt Ướp Xá Xíu 70g,,Hàng hóa,aecb1bda-8bc9-11f1-9b18-005056b2a5de,c9e066a4-a9ab-4ae4-9d8e-7976de8b3ef5,aea7bdfe-8bc9-11f1-9b18-005056b2a5de,824,097330eb-f92d-4b88-95a8-1a83fd3d8067,
05__GXT__CSU__GCM__70,CHINSU Gói Xốt Gà Chiên Nước Mắm 70g,Gia Vị Nhà Bếp,Gói,0.0,0.0,0.0,0.0,0.0,0.0,0.0,0.0,0.0,0.0,0.0,0.0,0.0,0.0,7.0,70000.0,7.0,70000.0,05__GXT__CSU__GCM__70,CHINSU Gói Xốt Gà Chiên Nước Mắm 70g,,Hàng hóa,aecb1d2f-8bc9-11f1-9b18-005056b2a5de,810e0b42-c514-44de-9f4a-ede71b46eeec,aea7bdfe-8bc9-11f1-9b18-005056b2a5de,825,097330eb-f92d-4b88-95a8-1a83fd3d8067,
05__GXT__CSU__TKO__70,CHINSU Gói Xốt Thịt Kho 70g,Gia Vị Nhà Bếp,Gói,0.0,0.0,0.0,0.0,0.0,0.0,0.0,0.0,0.0,0.0,0.0,0.0,0.0,0.0,9.0,90000.0,9.0,90000.0,05__GXT__CSU__TKO__70,CHINSU Gói Xốt Thịt Kho 70g,,Hàng hóa,aecb1dca-8bc9-11f1-9b18-005056b2a5de,40d2fa11-a5e7-47a5-8788-9fe3a5dc20b8,aea7bdfe-8bc9-11f1-9b18-005056b2a5de,826,097330eb-f92d-4b88-95a8-1a83fd3d8067,
05__GXT__CSU__TNG__80,CHINSU Gói Xốt Thịt Nướng 80g,Gia Vị Nhà Bếp,Gói,0.0,0.0,0.0,0.0,0.0,0.0,0.0,0.0,0.0,0.0,0.0,0.0,0.0,0.0,12.0,120000.0,12.0,120000.0,05__GXT__CSU__TNG__80,CHINSU Gói Xốt Thịt Nướng 80g,,Hàng hóa,aecb1eea-8bc9-11f1-9b18-005056b2a5de,3b97ae03-0d68-4ab7-b2c9-8cf6bb6a6cec,aea7bdfe-8bc9-11f1-9b18-005056b2a5de,827,097330eb-f92d-4b88-95a8-1a83fd3d8067,
05__GXT__KNO__CCA__28,KNOR Gói Gia Vị Canh Chua 28g,Gia Vị Nhà Bếp,Gói,0.0,0.0,0.0,0.0,0.0,0.0,0.0,0.0,0.0,0.0,0.0,0.0,0.0,0.0,5.0,40000.0,5.0,40000.0,05__GXT__KNO__CCA__28,KNOR Gói Gia Vị Canh Chua 28g,,Hàng hóa,aecb1f86-8bc9-11f1-9b18-005056b2a5de,f3803b56-ce8a-4671-8316-66c5c37cb3a4,aea7bdfe-8bc9-11f1-9b18-005056b2a5de,828,097330eb-f92d-4b88-95a8-1a83fd3d8067,
05__GXT__KNO__CKO__28,KNOR Gói Gia Vị Cá Kho 28g,Gia Vị Nhà Bếp,Gói,0.0,0.0,0.0,0.0,0.0,0.0,0.0,0.0,0.0,0.0,0.0,0.0,0.0,0.0,5.0,40000.0,5.0,40000.0,05__GXT__KNO__CKO__28,KNOR Gói Gia Vị Cá Kho 28g,,Hàng hóa,aecb201e-8bc9-11f1-9b18-005056b2a5de,1ca5b3f8-4339-4a02-86d5-7468758582b5,aea7bdfe-8bc9-11f1-9b18-005056b2a5de,829,097330eb-f92d-4b88-95a8-1a83fd3d8067,
05__GXT__KNO__TKO__28,KNOR Gói Gia Vị Thịt Kho 28g,Gia Vị Nhà Bếp,Gói,0.0,0.0,0.0,0.0,0.0,0.0,0.0,0.0,0.0,0.0,0.0,0.0,0.0,0.0,5.0,40000.0,5.0,40000.0,05__GXT__KNO__TKO__28,KNOR Gói Gia Vị Thịt Kho 28g,,Hàng hóa,aecb20c8-8bc9-11f1-9b18-005056b2a5de,5d14ce10-56f4-4cc7-8c56-81e1a7c5026a,aea7bdfe-8bc9-11f1-9b18-005056b2a5de,830,097330eb-f92d-4b88-95a8-1a83fd3d8067,
05__GXT__OFO__CAH__50,OFOOD Rong Biển Hàn Quốc Nấu Canh Gói 50g,Gia Vị Nhà Bếp,Gói,0.0,0.0,0.0,0.0,0.0,0.0,0.0,0.0,0.0,0.0,0.0,0.0,0.0,0.0,9.0,495000.0,9.0,495000.0,05__GXT__OFO__CAH__50,OFOOD Rong Biển Hàn Quốc Nấu Canh Gói 50g,,Hàng hóa,aecb2160-8bc9-11f1-9b18-005056b2a5de,c118c805-b03d-4d0b-9fec-9ca6bb198712,aea7bdfe-8bc9-11f1-9b18-005056b2a5de,831,097330eb-f92d-4b88-95a8-1a83fd3d8067,
06__DBC__GIL__CHH__50,GILLETTE Bọt Cạo Hương Chanh 50g,Chăm Sóc Da & Cơ Thể,Chai,0.0,0.0,0.0,0.0,0.0,0.0,0.0,0.0,0.0,0.0,0.0,0.0,0.0,0.0,3.0,204000.0,3.0,204000.0,06__DBC__GIL__CHH__50,GILLETTE Bọt Cạo Hương Chanh 50g,,Hàng hóa,aecb21ff-8bc9-11f1-9b18-005056b2a5de,4f1a737d-2f73-4433-adb8-484f284bf998,aea7bdfe-8bc9-11f1-9b18-005056b2a5de,832,097330eb-f92d-4b88-95a8-1a83fd3d8065,
06__DCN__NVA__AUR__30,NIVEA Kem Chống Nắng Aura 30ml,Chăm Sóc Da & Cơ Thể,Tuýp,0.0,0.0,0.0,0.0,0.0,0.0,0.0,0.0,0.0,0.0,0.0,0.0,0.0,0.0,4.0,480000.0,4.0,480000.0,06__DCN__NVA__AUR__30,NIVEA Kem Chống Nắng Aura 30ml,,Hàng hóa,aecb2296-8bc9-11f1-9b18-005056b2a5de,90afda76-ff34-4046-b4a5-8b303b2c914b,aea7bdfe-8bc9-11f1-9b18-005056b2a5de,833,097330eb-f92d-4b88-95a8-1a83fd3d8069,
06__DCN__NVA__CAE__30,NIVEA Kem Chống Nắng C&E 30ml,Chăm Sóc Da & Cơ Thể,Tuýp,0.0,0.0,0.0,0.0,0.0,0.0,0.0,0.0,0.0,0.0,0.0,0.0,0.0,0.0,6.0,720000.0,6.0,720000.0,06__DCN__NVA__CAE__30,NIVEA Kem Chống Nắng C&E 30ml,,Hàng hóa,aecb232d-8bc9-11f1-9b18-005056b2a5de,3fe70ff9-2f22-447d-831d-c4f3bfd1c9ef,aea7bdfe-8bc9-11f1-9b18-005056b2a5de,834,097330eb-f92d-4b88-95a8-1a83fd3d8069,
06__DCN__VAS__BRI__200,VASELINE Brightening Defense Lotion 200ml,Chăm Sóc Da & Cơ Thể,Chai,0.0,0.0,0.0,0.0,0.0,0.0,0.0,0.0,0.0,0.0,0.0,0.0,0.0,0.0,8.0,720000.0,8.0,720000.0,06__DCN__VAS__BRI__200,VASELINE Brightening Defense Lotion 200ml,,Hàng hóa,aecb23c2-8bc9-11f1-9b18-005056b2a5de,502427fa-696f-40e7-8434-90efa3f1e537,aea7bdfe-8bc9-11f1-9b18-005056b2a5de,835,097330eb-f92d-4b88-95a8-1a83fd3d8065,
06__DCN__VAS__PER__200,VASELINE Perfect Youth Pro-Age Lotion 200ml,Chăm Sóc Da & Cơ Thể,Chai,0.0,0.0,0.0,0.0,0.0,0.0,0.0,0.0,0.0,0.0,0.0,0.0,0.0,0.0,9.0,810000.0,9.0,810000.0,06__DCN__VAS__PER__200,VASELINE Perfect Youth Pro-Age Lotion 200ml,,Hàng hóa,aecb245d-8bc9-11f1-9b18-005056b2a5de,4e546b4b-5835-4483-9def-b3f6dee6a040,aea7bdfe-8bc9-11f1-9b18-005056b2a5de,836,097330eb-f92d-4b88-95a8-1a83fd3d8065,
06__DCN__VAS__S50__300,VASELINE Serum Chống Nắng Spf 50+ 300ml,Chăm Sóc Da & Cơ Thể,Chai,0.0,0.0,0.0,0.0,0.0,0.0,0.0,0.0,0.0,0.0,0.0,0.0,0.0,0.0,3.0,480000.0,3.0,480000.0,06__DCN__VAS__S50__300,VASELINE Serum Chống Nắng Spf 50+ 300ml,,Hàng hóa,aecb24f3-8bc9-11f1-9b18-005056b2a5de,351f5dfa-9bbd-4388-825b-58bad21d956b,aea7bdfe-8bc9-11f1-9b18-005056b2a5de,837,097330eb-f92d-4b88-95a8-1a83fd3d8065,
06__DCR__GIL__2,GILLETTE Dao Cạo Râu 2 Lưỡi,Chăm Sóc Da & Cơ Thể,Cái,2.0,32000.0,0.0,0.0,0.0,0.0,0.0,0.0,0.0,0.0,0.0,0.0,0.0,0.0,75.0,1200000.0,75.0,1200000.0,06__DCR__GIL__2,GILLETTE Dao Cạo Râu 2 Lưỡi,,Hàng hóa,aecb258a-8bc9-11f1-9b18-005056b2a5de,1bf84443-e035-4f0d-b9a4-4137addc00ec,aea7bdfe-8bc9-11f1-9b18-005056b2a5de,838,097330eb-f92d-4b88-95a8-1a83fd3d8061,
06__DDM__NVA__CNG__200,NIVEA Sữa Dưỡng Thể Sáng Da Phục Hồi & Chống Nắng 200ml,Chăm Sóc Da & Cơ Thể,Chai,0.0,0.0,0.0,0.0,0.0,0.0,0.0,0.0,0.0,0.0,0.0,0.0,0.0,0.0,12.0,1260000.0,12.0,1260000.0,06__DDM__NVA__CNG__200,NIVEA Sữa Dưỡng Thể Sáng Da Phục Hồi & Chống Nắng 200ml,,Hàng hóa,aecb261f-8bc9-11f1-9b18-005056b2a5de,effc228d-9cb1-4b06-bffd-e9f2ae92feb9,aea7bdfe-8bc9-11f1-9b18-005056b2a5de,839,097330eb-f92d-4b88-95a8-1a83fd3d8065,
06__DDM__NVA__SBD__200,NIVEA Sữa Dưỡng Thể Dưỡng Sáng Ban Đêm 200ml,Chăm Sóc Da & Cơ Thể,Chai,0.0,0.0,0.0,0.0,0.0,0.0,0.0,0.0,0.0,0.0,0.0,0.0,0.0,0.0,5.0,475000.0,5.0,475000.0,06__DDM__NVA__SBD__200,NIVEA Sữa Dưỡng Thể Dưỡng Sáng Ban Đêm 200ml,,Hàng hóa,aecb26b9-8bc9-11f1-9b18-005056b2a5de,d823d1a0-f474-4d52-b715-13370e9574df,aea7bdfe-8bc9-11f1-9b18-005056b2a5de,840,097330eb-f92d-4b88-95a8-1a83fd3d8065,
06__DDM__VAS__DAM__300,VASELINE Gluta-Hya Dưỡng Sáng Da Ẩm Mượt 300ml,Chăm Sóc Da & Cơ Thể,Chai,0.0,0.0,0.0,0.0,0.0,0.0,0.0,0.0,0.0,0.0,0.0,0.0,0.0,0.0,0.0,0.0,0.0,0.0,06__DDM__VAS__DAM__300,VASELINE Gluta-Hya Dưỡng Sáng Da Ẩm Mượt 300ml,,Hàng hóa,aecb274d-8bc9-11f1-9b18-005056b2a5de,55ed3fc6-1fd4-4a6d-8173-036dab32a5e6,aea7bdfe-8bc9-11f1-9b18-005056b2a5de,841,097330eb-f92d-4b88-95a8-1a83fd3d8065,
06__DDM__VAS__SDA__300,VASELINE Gluta-Hya Dưỡng Sáng Da Không Lo 300ml,Chăm Sóc Da & Cơ Thể,Chai,0.0,0.0,0.0,0.0,0.0,0.0,0.0,0.0,0.0,0.0,0.0,0.0,0.0,0.0,6.0,780000.0,6.0,780000.0,06__DDM__VAS__SDA__300,VASELINE Gluta-Hya Dưỡng Sáng Da Không Lo 300ml,,Hàng hóa,aecb27e6-8bc9-11f1-9b18-005056b2a5de,70bc227a-808a-4b27-b15c-a44df007b2b4,aea7bdfe-8bc9-11f1-9b18-005056b2a5de,842,097330eb-f92d-4b88-95a8-1a83fd3d8065,
06__DKM__DOV__COL__45,DOVE Lăn Khử Mùi Tinh Chất Sáng Da Collagen 45ml,Chăm Sóc Da & Cơ Thể,Chai,0.0,0.0,0.0,0.0,0.0,0.0,0.0,0.0,0.0,0.0,0.0,0.0,0.0,0.0,4.0,340000.0,4.0,340000.0,06__DKM__DOV__COL__45,DOVE Lăn Khử Mùi Tinh Chất Sáng Da Collagen 45ml,,Hàng hóa,aecb287b-8bc9-11f1-9b18-005056b2a5de,bf19d147-4b2c-4920-a28a-e52aac3f607c,aea7bdfe-8bc9-11f1-9b18-005056b2a5de,843,097330eb-f92d-4b88-95a8-1a83fd3d8065,
06__DKM__DOV__VCE__45,DOVE Lăn Khử Mùi Tinh Chất Sáng Da Vit C&E 45ml,Chăm Sóc Da & Cơ Thể,Chai,0.0,0.0,0.0,0.0,0.0,0.0,0.0,0.0,0.0,0.0,0.0,0.0,0.0,0.0,6.0,510000.0,6.0,510000.0,06__DKM__DOV__VCE__45,DOVE Lăn Khử Mùi Tinh Chất Sáng Da Vit C&E 45ml,,Hàng hóa,aecb2911-8bc9-11f1-9b18-005056b2a5de,071ccffd-ae75-49b7-b1b7-9110468fa113,aea7bdfe-8bc9-11f1-9b18-005056b2a5de,844,097330eb-f92d-4b88-95a8-1a83fd3d8065,
06__DLD__GIL__LAM__5,GILLETTE Lưỡi Lam 5 x 20 x 50,Chăm Sóc Da & Cơ Thể,Cái,0.0,0.0,0.0,0.0,0.0,0.0,0.0,0.0,0.0,0.0,0.0,0.0,0.0,0.0,43.0,430000.0,43.0,430000.0,06__DLD__GIL__LAM__5,GILLETTE Lưỡi Lam 5 x 20 x 50,,Hàng hóa,aecb29b7-8bc9-11f1-9b18-005056b2a5de,0b0035f4-a964-4c03-9715-6299a37a6b26,aea7bdfe-8bc9-11f1-9b18-005056b2a5de,845,097330eb-f92d-4b88-95a8-1a83fd3d8061,
06__DLK__NVA__BNW__50,NIVEA Lăn Khử Mùi Nam Black & White 50ml,Chăm Sóc Da & Cơ Thể,Chai,0.0,0.0,0.0,0.0,0.0,0.0,0.0,0.0,0.0,0.0,0.0,0.0,0.0,0.0,6.0,600000.0,6.0,600000.0,06__DLK__NVA__BNW__50,NIVEA Lăn Khử Mùi Nam Black & White 50ml,,Hàng hóa,aecb2a4d-8bc9-11f1-9b18-005056b2a5de,263880c2-eaab-419b-b0e6-90a052154b5b,aea7bdfe-8bc9-11f1-9b18-005056b2a5de,846,097330eb-f92d-4b88-95a8-1a83fd3d8065,
06__DLK__NVA__COO__1,NIVEA Lăn Khử Mùi Nam Cool Fresh,Chăm Sóc Da & Cơ Thể,Chai,0.0,0.0,0.0,0.0,0.0,0.0,0.0,0.0,0.0,0.0,0.0,0.0,0.0,0.0,3.0,270000.0,3.0,270000.0,06__DLK__NVA__COO__1,NIVEA Lăn Khử Mùi Nam Cool Fresh,,Hàng hóa,aecb2ae4-8bc9-11f1-9b18-005056b2a5de,99994196-93d2-4e0a-b6d2-d874ba678b20,aea7bdfe-8bc9-11f1-9b18-005056b2a5de,847,097330eb-f92d-4b88-95a8-1a83fd3d8065,
06__DLK__NVA__DRY__50,NIVEA Lăn Khử Mùi Dry Comfort 50ml,Chăm Sóc Da & Cơ Thể,Chai,0.0,0.0,0.0,0.0,0.0,0.0,0.0,0.0,0.0,0.0,0.0,0.0,0.0,0.0,0.0,0.0,0.0,0.0,06__DLK__NVA__DRY__50,NIVEA Lăn Khử Mùi Dry Comfort 50ml,,Hàng hóa,aecb2b7b-8bc9-11f1-9b18-005056b2a5de,45dabc5c-8f74-492e-9577-997283b285ec,aea7bdfe-8bc9-11f1-9b18-005056b2a5de,848,097330eb-f92d-4b88-95a8-1a83fd3d8065,
06__DLK__NVA__FRE__50,NIVEA Lăn Khử Mùi Fresh Energy 50ml,Chăm Sóc Da & Cơ Thể,Chai,0.0,0.0,0.0,0.0,0.0,0.0,0.0,0.0,0.0,0.0,0.0,0.0,0.0,0.0,9.0,720000.0,9.0,720000.0,06__DLK__NVA__FRE__50,NIVEA Lăn Khử Mùi Fresh Energy 50ml,,Hàng hóa,aecb2c0f-8bc9-11f1-9b18-005056b2a5de,0d5de16e-440a-4a03-8136-5fd8a4aa9ca4,aea7bdfe-8bc9-11f1-9b18-005056b2a5de,849,097330eb-f92d-4b88-95a8-1a83fd3d8065,
06__DLK__NVA__IMP__50,NIVEA Lăn Khử Mùi Nam Dry Impact 50ml,Chăm Sóc Da & Cơ Thể,Chai,0.0,0.0,0.0,0.0,0.0,0.0,0.0,0.0,0.0,0.0,0.0,0.0,0.0,0.0,6.0,480000.0,6.0,480000.0,06__DLK__NVA__IMP__50,NIVEA Lăn Khử Mùi Nam Dry Impact 50ml,,Hàng hóa,aecb2ce7-8bc9-11f1-9b18-005056b2a5de,f41db33c-0150-4cc0-a354-98887ee95af1,aea7bdfe-8bc9-11f1-9b18-005056b2a5de,850,097330eb-f92d-4b88-95a8-1a83fd3d8065,
06__DLK__NVM__BNW__50,NIVEA MEN Lăn Khử Mùi Black & White Invisible Ultimate 50ml,Chăm Sóc Da & Cơ Thể,Chai,0.0,0.0,0.0,0.0,0.0,0.0,0.0,0.0,0.0,0.0,0.0,0.0,0.0,0.0,0.0,0.0,0.0,0.0,06__DLK__NVM__BNW__50,NIVEA MEN Lăn Khử Mùi Black & White Invisible Ultimate 50ml,,Hàng hóa,aecb2d7f-8bc9-11f1-9b18-005056b2a5de,2c17f5e9-30cc-4d32-8b89-c084870bdc6a,aea7bdfe-8bc9-11f1-9b18-005056b2a5de,851,097330eb-f92d-4b88-95a8-1a83fd3d8065,
06__DLK__XMN__FIR__25,XMEN Lăn Khử Mùi Fire 25ml,Chăm Sóc Da & Cơ Thể,Chai,0.0,0.0,0.0,0.0,0.0,0.0,0.0,0.0,0.0,0.0,0.0,0.0,0.0,0.0,6.0,270000.0,6.0,270000.0,06__DLK__XMN__FIR__25,XMEN Lăn Khử Mùi Fire 25ml,,Hàng hóa,aecb2e1c-8bc9-11f1-9b18-005056b2a5de,3eda8184-d76a-4ae3-87de-b1d7b0ddad8b,aea7bdfe-8bc9-11f1-9b18-005056b2a5de,852,097330eb-f92d-4b88-95a8-1a83fd3d8065,
06__DLK__XMN__WOO__25,XMEN Lăn Khủ Mùi Wood 25ml,Chăm Sóc Da & Cơ Thể,Chai,0.0,0.0,0.0,0.0,0.0,0.0,0.0,0.0,0.0,0.0,0.0,0.0,0.0,0.0,0.0,0.0,0.0,0.0,06__DLK__XMN__WOO__25,XMEN Lăn Khủ Mùi Wood 25ml,,Hàng hóa,aecb2f87-8bc9-11f1-9b18-005056b2a5de,65752c2f-a37f-44b3-993c-73a179aab451,aea7bdfe-8bc9-11f1-9b18-005056b2a5de,853,097330eb-f92d-4b88-95a8-1a83fd3d8065,
06__DRM__NVA__ACN__90,NIVEA Sữa Rửa Mặt Acne Care 90ml,Chăm Sóc Da & Cơ Thể,Chai,0.0,0.0,0.0,0.0,0.0,0.0,0.0,0.0,0.0,0.0,0.0,0.0,0.0,0.0,4.0,360000.0,4.0,360000.0,06__DRM__NVA__ACN__90,NIVEA Sữa Rửa Mặt Acne Care 90ml,,Hàng hóa,aecb301c-8bc9-11f1-9b18-005056b2a5de,6bc9bdfc-6fc5-4d66-a717-79c20f035bc4,aea7bdfe-8bc9-11f1-9b18-005056b2a5de,854,097330eb-f92d-4b88-95a8-1a83fd3d8065,
06__DRM__NVA__DSA__100,NIVEA Sữa Rửa Mặt Ngọc Trai Dưỡng Sáng 100g,Chăm Sóc Da & Cơ Thể,Chai,0.0,0.0,0.0,0.0,0.0,0.0,0.0,0.0,0.0,0.0,0.0,0.0,0.0,0.0,4.0,360000.0,4.0,360000.0,06__DRM__NVA__DSA__100,NIVEA Sữa Rửa Mặt Ngọc Trai Dưỡng Sáng 100g,,Hàng hóa,aecb30b0-8bc9-11f1-9b18-005056b2a5de,1123630f-eb59-43e2-a5c2-6f717d951194,aea7bdfe-8bc9-11f1-9b18-005056b2a5de,855,097330eb-f92d-4b88-95a8-1a83fd3d8065,
06__DRM__NVM__ACN__100,NIVEA MEN Sữa Rửa Mặt Acne Oil Clear 100g,Chăm Sóc Da & Cơ Thể,Chai,0.0,0.0,0.0,0.0,0.0,0.0,0.0,0.0,0.0,0.0,0.0,0.0,0.0,0.0,4.0,340000.0,4.0,340000.0,06__DRM__NVM__ACN__100,NIVEA MEN Sữa Rửa Mặt Acne Oil Clear 100g,,Hàng hóa,aecb3147-8bc9-11f1-9b18-005056b2a5de,d1f15302-0e56-4502-b96a-6fae2b2bb6f2,aea7bdfe-8bc9-11f1-9b18-005056b2a5de,856,097330eb-f92d-4b88-95a8-1a83fd3d8065,
06__DRM__NVM__BRI__100,NIVEA MEN Sữa Rửa Mặt Bright Oil Clear Foam 100g,Chăm Sóc Da & Cơ Thể,Chai,0.0,0.0,0.0,0.0,0.0,0.0,0.0,0.0,0.0,0.0,0.0,0.0,0.0,0.0,11.0,902000.0,11.0,902000.0,06__DRM__NVM__BRI__100,NIVEA MEN Sữa Rửa Mặt Bright Oil Clear Foam 100g,,Hàng hóa,aecb31e3-8bc9-11f1-9b18-005056b2a5de,aa696d79-aaa2-4338-a1be-f24a7f53b69e,aea7bdfe-8bc9-11f1-9b18-005056b2a5de,857,097330eb-f92d-4b88-95a8-1a83fd3d8065,
06__DRT__LBY__BVE__180,LIFEBUOY Nước Rửa Tay Bảo Vệ Vượt Trội 180g,Chăm Sóc Da & Cơ Thể,Chai,0.0,0.0,0.0,0.0,0.0,0.0,0.0,0.0,0.0,0.0,0.0,0.0,0.0,0.0,3.0,126000.0,3.0,126000.0,06__DRT__LBY__BVE__180,LIFEBUOY Nước Rửa Tay Bảo Vệ Vượt Trội 180g,,Hàng hóa,aecb327a-8bc9-11f1-9b18-005056b2a5de,eb950dc6-065e-4096-95e2-1d07704dc7fc,aea7bdfe-8bc9-11f1-9b18-005056b2a5de,858,097330eb-f92d-4b88-95a8-1a83fd3d8065,
06__DRT__LBY__CHH__180,LIFEBUOY Nước Rửa Tay Chanh Khử Mùi 180g,Chăm Sóc Da & Cơ Thể,Chai,0.0,0.0,0.0,0.0,0.0,0.0,0.0,0.0,0.0,0.0,0.0,0.0,0.0,0.0,3.0,126000.0,3.0,126000.0,06__DRT__LBY__CHH__180,LIFEBUOY Nước Rửa Tay Chanh Khử Mùi 180g,,Hàng hóa,aecb330f-8bc9-11f1-9b18-005056b2a5de,83f0af6a-6d06-4899-aaaa-3b8b74b5cd4e,aea7bdfe-8bc9-11f1-9b18-005056b2a5de,859,097330eb-f92d-4b88-95a8-1a83fd3d8065,
06__DRT__LBY__SDA__180,LIFEBUOY Nước Rửa Tay Sữa Dưỡng Ẩm 180g,Chăm Sóc Da & Cơ Thể,Chai,0.0,0.0,0.0,0.0,0.0,0.0,0.0,0.0,0.0,0.0,0.0,0.0,0.0,0.0,3.0,126000.0,3.0,126000.0,06__DRT__LBY__SDA__180,LIFEBUOY Nước Rửa Tay Sữa Dưỡng Ẩm 180g,,Hàng hóa,aecb34af-8bc9-11f1-9b18-005056b2a5de,2184278e-4d09-4eaf-b127-cccd01421a1e,aea7bdfe-8bc9-11f1-9b18-005056b2a5de,860,097330eb-f92d-4b88-95a8-1a83fd3d8065,
06__DSO__NVM__DAO__1,NIVEA Son Dưỡng Ẩm Đào,Chăm Sóc Da & Cơ Thể,Chai,0.0,0.0,0.0,0.0,0.0,0.0,0.0,0.0,0.0,0.0,0.0,0.0,0.0,0.0,7.0,525000.0,7.0,525000.0,06__DSO__NVM__DAO__1,NIVEA Son Dưỡng Ẩm Đào,,Hàng hóa,aecb3559-8bc9-11f1-9b18-005056b2a5de,ac6cc354-922b-4a1a-acc3-d15987c4a899,aea7bdfe-8bc9-11f1-9b18-005056b2a5de,861,097330eb-f92d-4b88-95a8-1a83fd3d8065,
06__DSO__NVM__DAU__1,NIVEA Son Dưỡng Ẩm Dâu,Chăm Sóc Da & Cơ Thể,Cái,0.0,0.0,0.0,0.0,0.0,0.0,0.0,0.0,0.0,0.0,0.0,0.0,0.0,0.0,2.0,150000.0,2.0,150000.0,06__DSO__NVM__DAU__1,NIVEA Son Dưỡng Ẩm Dâu,,Hàng hóa,aecb3633-8bc9-11f1-9b18-005056b2a5de,568b7130-2417-4d7a-8748-338d9f0e4333,aea7bdfe-8bc9-11f1-9b18-005056b2a5de,862,097330eb-f92d-4b88-95a8-1a83fd3d8061,
06__DSO__NVM__TNN__1,NIVEA Son Dưỡng Ẩm Tự Nhiên,Chăm Sóc Da & Cơ Thể,Chai,0.0,0.0,0.0,0.0,0.0,0.0,0.0,0.0,0.0,0.0,0.0,0.0,0.0,0.0,13.0,975000.0,13.0,975000.0,06__DSO__NVM__TNN__1,NIVEA Son Dưỡng Ẩm Tự Nhiên,,Hàng hóa,aecb36d2-8bc9-11f1-9b18-005056b2a5de,4e752dd3-af8f-4015-bcac-a52d2b815b79,aea7bdfe-8bc9-11f1-9b18-005056b2a5de,863,097330eb-f92d-4b88-95a8-1a83fd3d8065,
06__DST__DOV__DBO__500,DOVE Sữa Tắm Invigorating Dầu Bơ & Hoa Cúc 500g,Chăm Sóc Da & Cơ Thể,Chai,0.0,0.0,0.0,0.0,0.0,0.0,0.0,0.0,0.0,0.0,0.0,0.0,0.0,0.0,3.0,480000.0,3.0,480000.0,06__DST__DOV__DBO__500,DOVE Sữa Tắm Invigorating Dầu Bơ & Hoa Cúc 500g,,Hàng hóa,aecb376f-8bc9-11f1-9b18-005056b2a5de,8d6aeff6-da9b-46c6-8b67-b0584c0d937a,aea7bdfe-8bc9-11f1-9b18-005056b2a5de,864,097330eb-f92d-4b88-95a8-1a83fd3d8065,
06__DST__DOV__SAK__500,DOVE Sữa Tắm Radiance Hoa Sakura & Muối Hồng 500g,Chăm Sóc Da & Cơ Thể,Chai,0.0,0.0,0.0,0.0,0.0,0.0,0.0,0.0,0.0,0.0,0.0,0.0,0.0,0.0,1.0,160000.0,1.0,160000.0,06__DST__DOV__SAK__500,DOVE Sữa Tắm Radiance Hoa Sakura & Muối Hồng 500g,,Hàng hóa,aecb3809-8bc9-11f1-9b18-005056b2a5de,f2a1b985-ad96-4f92-b534-7ccfc6899964,aea7bdfe-8bc9-11f1-9b18-005056b2a5de,865,097330eb-f92d-4b88-95a8-1a83fd3d8065,
06__DST__LBY__BVE__350,LIFEBUOY Sữa Tắm Bảo Vệ Vượt Trội 350g,Chăm Sóc Da & Cơ Thể,Chai,0.0,0.0,0.0,0.0,0.0,0.0,0.0,0.0,0.0,0.0,0.0,0.0,0.0,0.0,7.0,525000.0,7.0,525000.0,06__DST__LBY__BVE__350,LIFEBUOY Sữa Tắm Bảo Vệ Vượt Trội 350g,,Hàng hóa,aecb389e-8bc9-11f1-9b18-005056b2a5de,26321ba2-abda-45cc-9afd-6a36b0f9459c,aea7bdfe-8bc9-11f1-9b18-005056b2a5de,866,097330eb-f92d-4b88-95a8-1a83fd3d8065,
06__DST__LBY__DAM__350,LIFEBUOY Sữa Tắm Sữa Dưỡng Ẩm 350g,Chăm Sóc Da & Cơ Thể,Chai,0.0,0.0,0.0,0.0,0.0,0.0,0.0,0.0,0.0,0.0,0.0,0.0,0.0,0.0,2.0,150000.0,2.0,150000.0,06__DST__LBY__DAM__350,LIFEBUOY Sữa Tắm Sữa Dưỡng Ẩm 350g,,Hàng hóa,aecb393d-8bc9-11f1-9b18-005056b2a5de,61635594-a3d5-4ec3-88cb-136303103c4b,aea7bdfe-8bc9-11f1-9b18-005056b2a5de,867,097330eb-f92d-4b88-95a8-1a83fd3d8065,
06__DSV__XMN__CLY__65,XMEN Sáp Vuốt Tóc ClayWax 65g,Chăm Sóc Tóc,Hộp,0.0,0.0,0.0,0.0,0.0,0.0,0.0,0.0,0.0,0.0,0.0,0.0,0.0,0.0,2.0,194000.0,2.0,194000.0,06__DSV__XMN__CLY__65,XMEN Sáp Vuốt Tóc ClayWax 65g,,Hàng hóa,aecb39da-8bc9-11f1-9b18-005056b2a5de,6f1a18b1-add4-4964-b183-f60ad707a489,aea7bdfe-8bc9-11f1-9b18-005056b2a5de,868,097330eb-f92d-4b88-95a8-1a83fd3d8064,
06__DSV__XMN__FRE__70,XMEN Sáp Vuốt Tóc FreestyleWax 70g,Chăm Sóc Tóc,Hộp,0.0,0.0,0.0,0.0,0.0,0.0,0.0,0.0,0.0,0.0,0.0,0.0,0.0,0.0,0.0,0.0,0.0,0.0,06__DSV__XMN__FRE__70,XMEN Sáp Vuốt Tóc FreestyleWax 70g,,Hàng hóa,aecb3a73-8bc9-11f1-9b18-005056b2a5de,402dbf27-105b-4a1f-b542-a2964be58a75,aea7bdfe-8bc9-11f1-9b18-005056b2a5de,869,097330eb-f92d-4b88-95a8-1a83fd3d8064,
06__DSV__XMN__MAT__70,XMEN Sáp Vuốt Tóc Matte Pomade 70g,Chăm Sóc Tóc,Hộp,0.0,0.0,0.0,0.0,0.0,0.0,0.0,0.0,0.0,0.0,0.0,0.0,0.0,0.0,5.0,485000.0,5.0,485000.0,06__DSV__XMN__MAT__70,XMEN Sáp Vuốt Tóc Matte Pomade 70g,,Hàng hóa,aecb3b09-8bc9-11f1-9b18-005056b2a5de,183e5717-168b-4aeb-9097-7b7f6ea5a377,aea7bdfe-8bc9-11f1-9b18-005056b2a5de,870,097330eb-f92d-4b88-95a8-1a83fd3d8064,
06__DSV__XMN__SHI__70,XMEN Sáp Vuốt Tóc Shine Pomade 70g,Chăm Sóc Tóc,Hộp,0.0,0.0,0.0,0.0,0.0,0.0,0.0,0.0,0.0,0.0,0.0,0.0,0.0,0.0,2.0,194000.0,2.0,194000.0,06__DSV__XMN__SHI__70,XMEN Sáp Vuốt Tóc Shine Pomade 70g,,Hàng hóa,aecb3b9d-8bc9-11f1-9b18-005056b2a5de,839c6b4b-2f48-428a-849c-bb31bb0f296d,aea7bdfe-8bc9-11f1-9b18-005056b2a5de,871,097330eb-f92d-4b88-95a8-1a83fd3d8064,
06__DTT__NVA__SDA__200,NIVEA Nước Tẩy Trang Sáng Da 200ml,Chăm Sóc Da & Cơ Thể,Chai,0.0,0.0,0.0,0.0,0.0,0.0,0.0,0.0,0.0,0.0,0.0,0.0,0.0,0.0,8.0,920000.0,8.0,920000.0,06__DTT__NVA__SDA__200,NIVEA Nước Tẩy Trang Sáng Da 200ml,,Hàng hóa,aecb3c3d-8bc9-11f1-9b18-005056b2a5de,f0d9f1c2-7c25-472f-8d30-912264b7f8c1,aea7bdfe-8bc9-11f1-9b18-005056b2a5de,872,097330eb-f92d-4b88-95a8-1a83fd3d8065,
06__DTT__SIL__JAP__66,SILCOT Bông Tẩy Trang Nhật Bản Cao Cấp 66 Miếng,Chăm Sóc Da & Cơ Thể,Hộp,0.0,0.0,0.0,0.0,0.0,0.0,0.0,0.0,0.0,0.0,0.0,0.0,0.0,0.0,14.0,700000.0,14.0,700000.0,06__DTT__SIL__JAP__66,SILCOT Bông Tẩy Trang Nhật Bản Cao Cấp 66 Miếng,,Hàng hóa,aecb3cd5-8bc9-11f1-9b18-005056b2a5de,1181a292-8aaa-476e-a76a-394db72943db,aea7bdfe-8bc9-11f1-9b18-005056b2a5de,873,097330eb-f92d-4b88-95a8-1a83fd3d8064,
06__DTT__SIL__JAP__82,SILCOT Bông Tẩy Trang Nhật Bản 82 Miếng,Chăm Sóc Da & Cơ Thể,Hộp,0.0,0.0,0.0,0.0,0.0,0.0,0.0,0.0,0.0,0.0,0.0,0.0,0.0,0.0,0.0,0.0,0.0,0.0,06__DTT__SIL__JAP__82,SILCOT Bông Tẩy Trang Nhật Bản 82 Miếng,,Hàng hóa,aecb3d6b-8bc9-11f1-9b18-005056b2a5de,751c5ac1-2138-4879-83c6-6369666f9f91,aea7bdfe-8bc9-11f1-9b18-005056b2a5de,874,097330eb-f92d-4b88-95a8-1a83fd3d8064,
06__DXK__NVM__BAW__150,NIVEA MEN Xịt Khử Mùi Ultimate Impact 150ml,Chăm Sóc Da & Cơ Thể,Chai,0.0,0.0,0.0,0.0,0.0,0.0,0.0,0.0,0.0,0.0,0.0,0.0,0.0,0.0,0.0,0.0,0.0,0.0,06__DXK__NVM__BAW__150,NIVEA MEN Xịt Khử Mùi Ultimate Impact 150ml,,Hàng hóa,aecb3e14-8bc9-11f1-9b18-005056b2a5de,c001e4b7-3873-4238-b9d4-543297a36070,aea7bdfe-8bc9-11f1-9b18-005056b2a5de,875,097330eb-f92d-4b88-95a8-1a83fd3d8065,
06__DXK__NVM__DRY__150,NIVEA MEN Xịt Khử Mùi Dry Impact 150ml,Chăm Sóc Da & Cơ Thể,Chai,0.0,0.0,0.0,0.0,0.0,0.0,0.0,0.0,0.0,0.0,0.0,0.0,0.0,0.0,17.0,2040000.0,17.0,2040000.0,06__DXK__NVM__DRY__150,NIVEA MEN Xịt Khử Mùi Dry Impact 150ml,,Hàng hóa,aecb3eaf-8bc9-11f1-9b18-005056b2a5de,ad641668-f2be-41ee-bd73-80f507d4ca57,aea7bdfe-8bc9-11f1-9b18-005056b2a5de,876,097330eb-f92d-4b88-95a8-1a83fd3d8065,
06__DXK__RMO__DDO__195,ROMANO Xịt Ngăn Mùi Toàn Thân Attitude Đỏ 195ml,Chăm Sóc Da & Cơ Thể,Chai,0.0,0.0,0.0,0.0,0.0,0.0,0.0,0.0,0.0,0.0,0.0,0.0,0.0,0.0,0.0,0.0,0.0,0.0,06__DXK__RMO__DDO__195,ROMANO Xịt Ngăn Mùi Toàn Thân Attitude Đỏ 195ml,,Hàng hóa,aecb3f45-8bc9-11f1-9b18-005056b2a5de,e19d1df1-d444-4777-a4d8-0e0b40d5ace5,aea7bdfe-8bc9-11f1-9b18-005056b2a5de,877,097330eb-f92d-4b88-95a8-1a83fd3d8065,
06__DXK__RMO__XLA__195,ROMANO Xịt Ngăn Mùi Toàn Thân Classic Xanh Lá 195ml,Chăm Sóc Da & Cơ Thể,Chai,0.0,0.0,0.0,0.0,0.0,0.0,0.0,0.0,0.0,0.0,0.0,0.0,0.0,0.0,0.0,0.0,0.0,0.0,06__DXK__RMO__XLA__195,ROMANO Xịt Ngăn Mùi Toàn Thân Classic Xanh Lá 195ml,,Hàng hóa,aecb3fdc-8bc9-11f1-9b18-005056b2a5de,936142e3-7cc2-44fe-96a8-827396f26cf0,aea7bdfe-8bc9-11f1-9b18-005056b2a5de,878,097330eb-f92d-4b88-95a8-1a83fd3d8065,
06__RBC__COL__MAH__3,COLGATE Bàn Chải Mềm Mảnh Sạch Sâu Hiệu Quả (3cây),Chăm Sóc Răng Miệng,Cái,0.0,0.0,0.0,0.0,0.0,0.0,0.0,0.0,0.0,0.0,0.0,0.0,0.0,0.0,0.0,0.0,0.0,0.0,06__RBC__COL__MAH__3,COLGATE Bàn Chải Mềm Mảnh Sạch Sâu Hiệu Quả (3cây),,Hàng hóa,aecb4076-8bc9-11f1-9b18-005056b2a5de,5698de83-508d-41bb-9c85-549e309b63a1,aea7bdfe-8bc9-11f1-9b18-005056b2a5de,879,097330eb-f92d-4b88-95a8-1a83fd3d8061,
06__RBC__COL__MEM__3,COLGATE Bàn Chải Mềm Mảnh Chăm Sóc Nướu (3cây),Chăm Sóc Răng Miệng,Cái,0.0,0.0,0.0,0.0,0.0,0.0,0.0,0.0,0.0,0.0,0.0,0.0,0.0,0.0,14.0,630000.0,14.0,630000.0,06__RBC__COL__MEM__3,COLGATE Bàn Chải Mềm Mảnh Chăm Sóc Nướu (3cây),,Hàng hóa,aecb4112-8bc9-11f1-9b18-005056b2a5de,7613427d-0c60-4f85-8a0e-ea71516df25a,aea7bdfe-8bc9-11f1-9b18-005056b2a5de,880,097330eb-f92d-4b88-95a8-1a83fd3d8061,
06__RBC__COL__TRE__1,COLGATE Bàn Chải Đánh Răng Trẻ Em,Chăm Sóc Răng Miệng,Cái,0.0,0.0,0.0,0.0,0.0,0.0,0.0,0.0,0.0,0.0,0.0,0.0,0.0,0.0,10.0,400000.0,10.0,400000.0,06__RBC__COL__TRE__1,COLGATE Bàn Chải Đánh Răng Trẻ Em,,Hàng hóa,aecb428b-8bc9-11f1-9b18-005056b2a5de,2a8e4e0f-50f1-4c1c-9cc4-7cf868b7c0a6,aea7bdfe-8bc9-11f1-9b18-005056b2a5de,881,097330eb-f92d-4b88-95a8-1a83fd3d8061,
06__RBC__KPS__BVE__01,PS Bàn Chải Bảo Vệ 123 Mềm MạI,Chăm Sóc Răng Miệng,Cái,0.0,0.0,0.0,0.0,0.0,0.0,0.0,0.0,0.0,0.0,0.0,0.0,0.0,0.0,1.0,13000.0,1.0,13000.0,06__RBC__KPS__BVE__01,PS Bàn Chải Bảo Vệ 123 Mềm MạI,,Hàng hóa,aecb432b-8bc9-11f1-9b18-005056b2a5de,82458a1c-ec4c-4331-8a0a-1b0705a3cdec,aea7bdfe-8bc9-11f1-9b18-005056b2a5de,882,097330eb-f92d-4b88-95a8-1a83fd3d8061,
06__RBC__KPS__MEM__01,PS Bàn Chải Siêu Mềm Lông Tơ Sạch Hiệu Quả,Chăm Sóc Răng Miệng,Cái,0.0,0.0,0.0,0.0,0.0,0.0,0.0,0.0,0.0,0.0,0.0,0.0,0.0,0.0,1.0,20000.0,1.0,20000.0,06__RBC__KPS__MEM__01,PS Bàn Chải Siêu Mềm Lông Tơ Sạch Hiệu Quả,,Hàng hóa,aecb43f6-8bc9-11f1-9b18-005056b2a5de,55825ce2-6349-49cc-a270-4b5fd1964f49,aea7bdfe-8bc9-11f1-9b18-005056b2a5de,883,097330eb-f92d-4b88-95a8-1a83fd3d8061,
06__RBC__KPS__MEM__12,PS Bàn Chải Lông Tơ Mềm Mại *12c/vỉ,Chăm Sóc Răng Miệng,Cái,0.0,0.0,0.0,0.0,0.0,0.0,0.0,0.0,0.0,0.0,0.0,0.0,0.0,0.0,16.0,448000.0,16.0,448000.0,06__RBC__KPS__MEM__12,PS Bàn Chải Lông Tơ Mềm Mại *12c/vỉ,,Hàng hóa,aecb44c4-8bc9-11f1-9b18-005056b2a5de,f676de85-ff30-4b5d-8310-5f033a990a31,aea7bdfe-8bc9-11f1-9b18-005056b2a5de,884,097330eb-f92d-4b88-95a8-1a83fd3d8061,
06__RBC__KPS__T11__01,PS Bàn Chải Trẻ Em Siêu Mềm 7-11 Tuổi,Chăm Sóc Răng Miệng,Cái,0.0,0.0,0.0,0.0,0.0,0.0,0.0,0.0,0.0,0.0,0.0,0.0,0.0,0.0,9.0,180000.0,9.0,180000.0,06__RBC__KPS__T11__01,PS Bàn Chải Trẻ Em Siêu Mềm 7-11 Tuổi,,Hàng hóa,aecb4560-8bc9-11f1-9b18-005056b2a5de,db3b10db-bd80-4943-9a3e-db0a32383052,aea7bdfe-8bc9-11f1-9b18-005056b2a5de,885,097330eb-f92d-4b88-95a8-1a83fd3d8061,
06__RBC__KPS__T26__01,PS Bàn Chải Trẻ Em Siêu Mềm 2-6 Tuổi,Chăm Sóc Răng Miệng,Cái,0.0,0.0,0.0,0.0,0.0,0.0,0.0,0.0,0.0,0.0,0.0,0.0,0.0,0.0,3.0,60000.0,3.0,60000.0,06__RBC__KPS__T26__01,PS Bàn Chải Trẻ Em Siêu Mềm 2-6 Tuổi,,Hàng hóa,aecb45f8-8bc9-11f1-9b18-005056b2a5de,b58cc363-c32d-4d0c-91eb-750b2c48ed0d,aea7bdfe-8bc9-11f1-9b18-005056b2a5de,886,097330eb-f92d-4b88-95a8-1a83fd3d8061,
06__RBC__KPS__TBC__01,PS Bàn Chải Than Bạc Kháng Khuẩn,Chăm Sóc Răng Miệng,Cái,0.0,0.0,0.0,0.0,0.0,0.0,0.0,0.0,0.0,0.0,0.0,0.0,0.0,0.0,0.0,0.0,0.0,0.0,06__RBC__KPS__TBC__01,PS Bàn Chải Than Bạc Kháng Khuẩn,,Hàng hóa,aecb4691-8bc9-11f1-9b18-005056b2a5de,6a014ca4-71b4-4eed-8bcc-7d34e51dd2b6,aea7bdfe-8bc9-11f1-9b18-005056b2a5de,887,097330eb-f92d-4b88-95a8-1a83fd3d8061,
06__RBC__KPS__TRE__01,PS Bàn Chải MuốI Tre,Chăm Sóc Răng Miệng,Cái,0.0,0.0,0.0,0.0,0.0,0.0,0.0,0.0,0.0,0.0,0.0,0.0,0.0,0.0,18.0,630000.0,18.0,630000.0,06__RBC__KPS__TRE__01,PS Bàn Chải MuốI Tre,,Hàng hóa,aecb4728-8bc9-11f1-9b18-005056b2a5de,347f299d-568e-4a7b-b84f-8c9e74613f8a,aea7bdfe-8bc9-11f1-9b18-005056b2a5de,888,097330eb-f92d-4b88-95a8-1a83fd3d8061,
06__RBC__ORB__BLK__3,ORAL'B Bàn Chải Đánh Răng Black Tea Mua 2 Tặng 1,Chăm Sóc Răng Miệng,Vỉ,0.0,0.0,0.0,0.0,0.0,0.0,0.0,0.0,0.0,0.0,0.0,0.0,0.0,0.0,5.0,415000.0,5.0,415000.0,06__RBC__ORB__BLK__3,ORAL'B Bàn Chải Đánh Răng Black Tea Mua 2 Tặng 1,,Hàng hóa,aecb47ba-8bc9-11f1-9b18-005056b2a5de,0eddbacf-a8bc-4004-b4fe-b518c727cafb,aea7bdfe-8bc9-11f1-9b18-005056b2a5de,889,097330eb-f92d-4b88-95a8-1a83fd3d8017,
06__RBC__ORB__GRE__3,ORAL'B Bàn Chải Đánh Răng Green Tea Mua 2 Tặng 1,Chăm Sóc Răng Miệng,Vỉ,0.0,0.0,0.0,0.0,0.0,0.0,0.0,0.0,0.0,0.0,0.0,0.0,0.0,0.0,9.0,747000.0,9.0,747000.0,06__RBC__ORB__GRE__3,ORAL'B Bàn Chải Đánh Răng Green Tea Mua 2 Tặng 1,,Hàng hóa,aecb486e-8bc9-11f1-9b18-005056b2a5de,4de6ec18-8540-4b7b-88c7-f62655e2d19b,aea7bdfe-8bc9-11f1-9b18-005056b2a5de,890,097330eb-f92d-4b88-95a8-1a83fd3d8017,
06__RKD__CLO__BHA__180,CLOSEUP Kem Đánh Răng Thơm Mát Bạc Hà 180g,Chăm Sóc Răng Miệng,Cái,0.0,0.0,0.0,0.0,0.0,0.0,0.0,0.0,0.0,0.0,0.0,0.0,0.0,0.0,11.0,550000.0,11.0,550000.0,06__RKD__CLO__BHA__180,CLOSEUP Kem Đánh Răng Thơm Mát Bạc Hà 180g,,Hàng hóa,aecb4903-8bc9-11f1-9b18-005056b2a5de,f78e419a-b8d3-4dae-aca4-3062a942017e,aea7bdfe-8bc9-11f1-9b18-005056b2a5de,891,097330eb-f92d-4b88-95a8-1a83fd3d8061,
06__RKD__COL__PRO__110,COLGATE Kem Đánh Răng Sensitive Pro-Relief 110g,Chăm Sóc Răng Miệng,Cái,0.0,0.0,0.0,0.0,0.0,0.0,0.0,0.0,0.0,0.0,0.0,0.0,0.0,0.0,14.0,1260000.0,14.0,1260000.0,06__RKD__COL__PRO__110,COLGATE Kem Đánh Răng Sensitive Pro-Relief 110g,,Hàng hóa,aecb4998-8bc9-11f1-9b18-005056b2a5de,e2388570-50f2-4e65-a645-5b29dcd89eed,aea7bdfe-8bc9-11f1-9b18-005056b2a5de,892,097330eb-f92d-4b88-95a8-1a83fd3d8061,
06__RKD__COL__TOT__150,COLGATE Kem Đánh Răng Total Active Prevention 150g,Chăm Sóc Răng Miệng,Cái,0.0,0.0,0.0,0.0,0.0,0.0,0.0,0.0,0.0,0.0,0.0,0.0,0.0,0.0,28.0,1876000.0,28.0,1876000.0,06__RKD__COL__TOT__150,COLGATE Kem Đánh Răng Total Active Prevention 150g,,Hàng hóa,aecb4a77-8bc9-11f1-9b18-005056b2a5de,c178e9d9-4eb1-4b7d-bf13-480dbdb14b16,aea7bdfe-8bc9-11f1-9b18-005056b2a5de,893,097330eb-f92d-4b88-95a8-1a83fd3d8061,
06__RKD__COL__VMC__90,COLGATE Kem Đánh Răng VitaminC Thơm Mát 90g,Chăm Sóc Răng Miệng,Cái,0.0,0.0,0.0,0.0,0.0,0.0,0.0,0.0,0.0,0.0,0.0,0.0,0.0,0.0,25.0,700000.0,25.0,700000.0,06__RKD__COL__VMC__90,COLGATE Kem Đánh Răng VitaminC Thơm Mát 90g,,Hàng hóa,aecb4b10-8bc9-11f1-9b18-005056b2a5de,8d5a56e9-eedf-457f-a6cc-6a36ecac4f9e,aea7bdfe-8bc9-11f1-9b18-005056b2a5de,894,097330eb-f92d-4b88-95a8-1a83fd3d8061,
06__RKD__CUP__BTT__180,CLOSEUP Kem Đánh Răng Tinh Thể Băng Tuyết 180g,Chăm Sóc Răng Miệng,Cái,0.0,0.0,0.0,0.0,0.0,0.0,0.0,0.0,0.0,0.0,0.0,0.0,0.0,0.0,13.0,650000.0,13.0,650000.0,06__RKD__CUP__BTT__180,CLOSEUP Kem Đánh Răng Tinh Thể Băng Tuyết 180g,,Hàng hóa,aecb4ba4-8bc9-11f1-9b18-005056b2a5de,d4a6eeeb-42ce-4e43-b855-fca3ebef60f4,aea7bdfe-8bc9-11f1-9b18-005056b2a5de,895,097330eb-f92d-4b88-95a8-1a83fd3d8061,
06__RKD__KPS__123__180,PS Kem Đánh Răng Bảo Vệ 123 180g,Chăm Sóc Răng Miệng,Cái,0.0,0.0,0.0,0.0,0.0,0.0,0.0,0.0,0.0,0.0,0.0,0.0,0.0,0.0,3.0,120000.0,3.0,120000.0,06__RKD__KPS__123__180,PS Kem Đánh Răng Bảo Vệ 123 180g,,Hàng hóa,aecb4c3a-8bc9-11f1-9b18-005056b2a5de,81086c6b-e42e-455b-bfa0-fb595deec35f,aea7bdfe-8bc9-11f1-9b18-005056b2a5de,896,097330eb-f92d-4b88-95a8-1a83fd3d8061,
06__RKD__KPS__26D__90,PS Kem Đánh Răng Trẻ Em 2-6 Tuổi Dâu 90g,Chăm Sóc Răng Miệng,Cái,0.0,0.0,0.0,0.0,0.0,0.0,0.0,0.0,0.0,0.0,0.0,0.0,0.0,0.0,1.0,40000.0,1.0,40000.0,06__RKD__KPS__26D__90,PS Kem Đánh Răng Trẻ Em 2-6 Tuổi Dâu 90g,,Hàng hóa,aecb4cd3-8bc9-11f1-9b18-005056b2a5de,212dff8b-92ae-4bc0-a137-094749b92ebf,aea7bdfe-8bc9-11f1-9b18-005056b2a5de,897,097330eb-f92d-4b88-95a8-1a83fd3d8061,
06__RKD__KPS__C26__45,PS Kem Đánh Răng Trẻ Em Hương Cam 45g,Chăm Sóc Răng Miệng,Cái,0.0,0.0,0.0,0.0,0.0,0.0,0.0,0.0,0.0,0.0,0.0,0.0,0.0,0.0,0.0,0.0,0.0,0.0,06__RKD__KPS__C26__45,PS Kem Đánh Răng Trẻ Em Hương Cam 45g,,Hàng hóa,aecb4d69-8bc9-11f1-9b18-005056b2a5de,f1939160-0636-417d-b711-9e97642d7c43,aea7bdfe-8bc9-11f1-9b18-005056b2a5de,898,097330eb-f92d-4b88-95a8-1a83fd3d8061,
06__RKD__KPS__CAM__90,PS Kem Đánh Răng Trẻ Em 2-6 Tuổi Cam 90g,Chăm Sóc Răng Miệng,Cái,0.0,0.0,0.0,0.0,0.0,0.0,0.0,0.0,0.0,0.0,0.0,0.0,0.0,0.0,2.0,88000.0,2.0,88000.0,06__RKD__KPS__CAM__90,PS Kem Đánh Răng Trẻ Em 2-6 Tuổi Cam 90g,,Hàng hóa,aecb4dfc-8bc9-11f1-9b18-005056b2a5de,6e04e827-6802-4e43-907d-c58f9077cdd2,aea7bdfe-8bc9-11f1-9b18-005056b2a5de,899,097330eb-f92d-4b88-95a8-1a83fd3d8061,
06__RKD__KPS__DAU__90,PS Kem Đánh Răng Trẻ Em Hương Dâu 45g,Chăm Sóc Răng Miệng,Cái,0.0,0.0,0.0,0.0,0.0,0.0,0.0,0.0,0.0,0.0,0.0,0.0,0.0,0.0,8.0,200000.0,8.0,200000.0,06__RKD__KPS__DAU__90,PS Kem Đánh Răng Trẻ Em Hương Dâu 45g,,Hàng hóa,aecb4e98-8bc9-11f1-9b18-005056b2a5de,c9aa8fd4-1c4a-44ba-a242-821a22552a75,aea7bdfe-8bc9-11f1-9b18-005056b2a5de,900,097330eb-f92d-4b88-95a8-1a83fd3d8061,
06__RKD__KPS__SAU__100,PS Kem Đánh Răng Ngừa Sâu Răng Vượt Trội 100g,Chăm Sóc Răng Miệng,Hộp,0.0,0.0,0.0,0.0,0.0,0.0,0.0,0.0,0.0,0.0,0.0,0.0,0.0,0.0,0.0,0.0,0.0,0.0,06__RKD__KPS__SAU__100,PS Kem Đánh Răng Ngừa Sâu Răng Vượt Trội 100g,,Hàng hóa,aecb4f31-8bc9-11f1-9b18-005056b2a5de,cf18ffa7-9209-4b43-b9ef-7c9c31a4e1aa,aea7bdfe-8bc9-11f1-9b18-005056b2a5de,901,097330eb-f92d-4b88-95a8-1a83fd3d8064,
06__RKD__KPS__THT__180,PS Kem Đánh Răng Than Hoạt Tính 180g,Chăm Sóc Răng Miệng,Cái,0.0,0.0,0.0,0.0,0.0,0.0,0.0,0.0,0.0,0.0,0.0,0.0,0.0,0.0,0.0,0.0,0.0,0.0,06__RKD__KPS__THT__180,PS Kem Đánh Răng Than Hoạt Tính 180g,,Hàng hóa,aecb5004-8bc9-11f1-9b18-005056b2a5de,0f93303b-ade5-4961-827c-469548b35bb0,aea7bdfe-8bc9-11f1-9b18-005056b2a5de,902,097330eb-f92d-4b88-95a8-1a83fd3d8061,
06__RKD__KPS__TXH__180,PS Kem Đánh Răng Trà Xanh 180g,Chăm Sóc Răng Miệng,Cái,0.0,0.0,0.0,0.0,0.0,0.0,0.0,0.0,0.0,0.0,0.0,0.0,0.0,0.0,28.0,1288000.0,28.0,1288000.0,06__RKD__KPS__TXH__180,PS Kem Đánh Răng Trà Xanh 180g,,Hàng hóa,aecb509b-8bc9-11f1-9b18-005056b2a5de,48cc8104-621e-41fb-818e-bd85f42a7af5,aea7bdfe-8bc9-11f1-9b18-005056b2a5de,903,097330eb-f92d-4b88-95a8-1a83fd3d8061,
06__RSM__LIS__COL__250,LISTERINE Nước Súc Miệng Coolmint 250ml,Chăm Sóc Răng Miệng,Chai,0.0,0.0,0.0,0.0,0.0,0.0,0.0,0.0,0.0,0.0,0.0,0.0,0.0,0.0,17.0,1020000.0,17.0,1020000.0,06__RSM__LIS__COL__250,LISTERINE Nước Súc Miệng Coolmint 250ml,,Hàng hóa,aecb512f-8bc9-11f1-9b18-005056b2a5de,836891e6-be0c-4c54-90dc-6c257d728eed,aea7bdfe-8bc9-11f1-9b18-005056b2a5de,904,097330eb-f92d-4b88-95a8-1a83fd3d8065,
06__RSM__LIS__TXH__250,LISTERINE Nước Súc Miệng Trà Xanh 250ml,Chăm Sóc Răng Miệng,Chai,0.0,0.0,0.0,0.0,0.0,0.0,0.0,0.0,0.0,0.0,0.0,0.0,0.0,0.0,0.0,0.0,0.0,0.0,06__RSM__LIS__TXH__250,LISTERINE Nước Súc Miệng Trà Xanh 250ml,,Hàng hóa,aecb51d2-8bc9-11f1-9b18-005056b2a5de,029c39ed-a9e6-477e-9590-47fb553310b3,aea7bdfe-8bc9-11f1-9b18-005056b2a5de,905,097330eb-f92d-4b88-95a8-1a83fd3d8065,
06__TGC__CLR__MBH__170,CLEAR MEN Dầu Gội Bạc Hà Mát Lạnh Xanh 170g,Chăm Sóc Tóc,Chai,0.0,0.0,0.0,0.0,0.0,0.0,0.0,0.0,0.0,0.0,0.0,0.0,0.0,0.0,2.0,164000.0,2.0,164000.0,06__TGC__CLR__MBH__170,CLEAR MEN Dầu Gội Bạc Hà Mát Lạnh Xanh 170g,,Hàng hóa,aecb5355-8bc9-11f1-9b18-005056b2a5de,72a0bf9d-23b2-4471-a58d-afa4b3a90800,aea7bdfe-8bc9-11f1-9b18-005056b2a5de,906,097330eb-f92d-4b88-95a8-1a83fd3d8065,
06__TGC__CLR__TRG__170,CLEAR Dầu Gội Bạc Hà Mát Lạnh Trắng 170g,Chăm Sóc Tóc,Chai,0.0,0.0,0.0,0.0,0.0,0.0,0.0,0.0,0.0,0.0,0.0,0.0,0.0,0.0,6.0,480000.0,6.0,480000.0,06__TGC__CLR__TRG__170,CLEAR Dầu Gội Bạc Hà Mát Lạnh Trắng 170g,,Hàng hóa,aecb5435-8bc9-11f1-9b18-005056b2a5de,f657cb08-883d-4a24-8f41-6b66abe5e6f0,aea7bdfe-8bc9-11f1-9b18-005056b2a5de,907,097330eb-f92d-4b88-95a8-1a83fd3d8065,
06__TGC__DOV__HOI__170,DOVE Dầu Gội Phục Hồi Hư Tổn 170g,Chăm Sóc Tóc,Chai,0.0,0.0,0.0,0.0,0.0,0.0,0.0,0.0,0.0,0.0,0.0,0.0,0.0,0.0,0.0,0.0,0.0,0.0,06__TGC__DOV__HOI__170,DOVE Dầu Gội Phục Hồi Hư Tổn 170g,,Hàng hóa,aecb5509-8bc9-11f1-9b18-005056b2a5de,bee3e3c2-09de-478d-af39-74f035d440f0,aea7bdfe-8bc9-11f1-9b18-005056b2a5de,908,097330eb-f92d-4b88-95a8-1a83fd3d8065,
06__TGC__DOV__HOI__190,DOVE Dầu Gội Phục Hồi Hư Tổn 190g,Chăm Sóc Tóc,Chai,0.0,0.0,0.0,0.0,0.0,0.0,0.0,0.0,0.0,0.0,0.0,0.0,0.0,0.0,7.0,630000.0,7.0,630000.0,06__TGC__DOV__HOI__190,DOVE Dầu Gội Phục Hồi Hư Tổn 190g,,Hàng hóa,aecb56a9-8bc9-11f1-9b18-005056b2a5de,fbf6fa4f-d0c0-4d7d-b57a-14c96bc00033,aea7bdfe-8bc9-11f1-9b18-005056b2a5de,909,097330eb-f92d-4b88-95a8-1a83fd3d8065,
06__TGC__HNS__BHA__330,HEAD&SHOULDERS Dầu Gội Bạc Hà Mát Lạnh 330ml,Chăm Sóc Tóc,Chai,0.0,0.0,0.0,0.0,0.0,0.0,0.0,0.0,0.0,0.0,0.0,0.0,0.0,0.0,6.0,1020000.0,6.0,1020000.0,06__TGC__HNS__BHA__330,HEAD&SHOULDERS Dầu Gội Bạc Hà Mát Lạnh 330ml,,Hàng hóa,aecb5742-8bc9-11f1-9b18-005056b2a5de,be959c6b-bd50-4bf0-b012-23680cc74762,aea7bdfe-8bc9-11f1-9b18-005056b2a5de,910,097330eb-f92d-4b88-95a8-1a83fd3d8065,
06__TGC__LBY__DTC__170,LIFEBUOY Dầu Gội Dưỡng Tóc Óng Ả 170g,Chăm Sóc Tóc,Chai,0.0,0.0,0.0,0.0,0.0,0.0,0.0,0.0,0.0,0.0,0.0,0.0,0.0,0.0,5.0,190000.0,5.0,190000.0,06__TGC__LBY__DTC__170,LIFEBUOY Dầu Gội Dưỡng Tóc Óng Ả 170g,,Hàng hóa,aecb57d9-8bc9-11f1-9b18-005056b2a5de,3125ef08-96b6-452a-aaeb-7bac04c51f6d,aea7bdfe-8bc9-11f1-9b18-005056b2a5de,911,097330eb-f92d-4b88-95a8-1a83fd3d8065,
06__TGC__PAN__RTC__300,PANTENE Dầu Gội Ngăn Rụng Tóc 300ml,Chăm Sóc Tóc,Chai,0.0,0.0,0.0,0.0,0.0,0.0,0.0,0.0,0.0,0.0,0.0,0.0,0.0,0.0,4.0,440000.0,4.0,440000.0,06__TGC__PAN__RTC__300,PANTENE Dầu Gội Ngăn Rụng Tóc 300ml,,Hàng hóa,aecb5877-8bc9-11f1-9b18-005056b2a5de,9c4bbb62-8e02-4a76-aa8c-b97dd5f39c1c,aea7bdfe-8bc9-11f1-9b18-005056b2a5de,912,097330eb-f92d-4b88-95a8-1a83fd3d8065,
06__TGC__RMO__DDO__180,ROMANO Dầu Gội Attitude Đỏ 180g,Chăm Sóc Tóc,Chai,0.0,0.0,0.0,0.0,0.0,0.0,0.0,0.0,0.0,0.0,0.0,0.0,0.0,0.0,0.0,0.0,0.0,0.0,06__TGC__RMO__DDO__180,ROMANO Dầu Gội Attitude Đỏ 180g,,Hàng hóa,aecb590d-8bc9-11f1-9b18-005056b2a5de,f94581f1-ff6e-464a-a528-2ae2c2ad0bac,aea7bdfe-8bc9-11f1-9b18-005056b2a5de,913,097330eb-f92d-4b88-95a8-1a83fd3d8065,
06__TGC__RMO__XLA__180,ROMANO Dầu Gội Classic Xanh Lá 180g,Chăm Sóc Tóc,Chai,0.0,0.0,0.0,0.0,0.0,0.0,0.0,0.0,0.0,0.0,0.0,0.0,0.0,0.0,4.0,300000.0,4.0,300000.0,06__TGC__RMO__XLA__180,ROMANO Dầu Gội Classic Xanh Lá 180g,,Hàng hóa,aecb59a6-8bc9-11f1-9b18-005056b2a5de,1cce36c7-71e1-4b8f-96c1-e21d2746f0f2,aea7bdfe-8bc9-11f1-9b18-005056b2a5de,914,097330eb-f92d-4b88-95a8-1a83fd3d8065,
06__TGC__SUN__OMT__170,SUNSILK Dầu Gội Óng Mượt Rạng Ngời Đen 170g,Chăm Sóc Tóc,Chai,0.0,0.0,0.0,0.0,0.0,0.0,0.0,0.0,0.0,0.0,0.0,0.0,0.0,0.0,5.0,285000.0,5.0,285000.0,06__TGC__SUN__OMT__170,SUNSILK Dầu Gội Óng Mượt Rạng Ngời Đen 170g,,Hàng hóa,aecb5a3b-8bc9-11f1-9b18-005056b2a5de,8badef39-0eea-4fba-bc78-b4abce673700,aea7bdfe-8bc9-11f1-9b18-005056b2a5de,915,097330eb-f92d-4b88-95a8-1a83fd3d8065,
06__TGC__XMN__2IN1__180,XMEN Dầu Tắm Gội 2in1 Nước Hoa Wood 180g,Chăm Sóc Tóc,Chai,0.0,0.0,0.0,0.0,0.0,0.0,0.0,0.0,0.0,0.0,0.0,0.0,0.0,0.0,8.0,640000.0,8.0,640000.0,06__TGC__XMN__2IN1__180,XMEN Dầu Tắm Gội 2in1 Nước Hoa Wood 180g,,Hàng hóa,aecb5ad1-8bc9-11f1-9b18-005056b2a5de,9dba2a11-5aba-44cd-9613-4d4b50dd07c9,aea7bdfe-8bc9-11f1-9b18-005056b2a5de,916,097330eb-f92d-4b88-95a8-1a83fd3d8065,
06__TGC__XMN__BOS__180,XMEN For Boss Dầu Gội Nước Hoa Intense 180g,Chăm Sóc Tóc,Chai,0.0,0.0,0.0,0.0,0.0,0.0,0.0,0.0,0.0,0.0,0.0,0.0,0.0,0.0,3.0,282000.0,3.0,282000.0,06__TGC__XMN__BOS__180,XMEN For Boss Dầu Gội Nước Hoa Intense 180g,,Hàng hóa,aecb5b64-8bc9-11f1-9b18-005056b2a5de,e56f3b86-fb48-4bc5-bd32-6e389838d9fe,aea7bdfe-8bc9-11f1-9b18-005056b2a5de,917,097330eb-f92d-4b88-95a8-1a83fd3d8065,
06__TGC__XMN__FIR__180,XMEN Dầu Gội Nước Hoa FIRE 180g,Chăm Sóc Tóc,Chai,0.0,0.0,0.0,0.0,0.0,0.0,0.0,0.0,0.0,0.0,0.0,0.0,0.0,0.0,7.0,560000.0,7.0,560000.0,06__TGC__XMN__FIR__180,XMEN Dầu Gội Nước Hoa FIRE 180g,,Hàng hóa,aecb5bf9-8bc9-11f1-9b18-005056b2a5de,b9b4d486-c0be-4bbb-919d-7b8b2b2ace7d,aea7bdfe-8bc9-11f1-9b18-005056b2a5de,918,097330eb-f92d-4b88-95a8-1a83fd3d8065,
06__TGC__XMN__FIR__380,XMEN Dầu Gội Nước Hoa Fire 380g,Chăm Sóc Tóc,Chai,0.0,0.0,0.0,0.0,0.0,0.0,0.0,0.0,0.0,0.0,0.0,0.0,0.0,0.0,4.0,540000.0,4.0,540000.0,06__TGC__XMN__FIR__380,XMEN Dầu Gội Nước Hoa Fire 380g,,Hàng hóa,aecb5c8e-8bc9-11f1-9b18-005056b2a5de,8a221d6d-154d-4745-9b3c-a61e31e6dd27,aea7bdfe-8bc9-11f1-9b18-005056b2a5de,919,097330eb-f92d-4b88-95a8-1a83fd3d8065,
06__TGC__XMN__MET__180,XMEN Dầu Gội Nước Hoa Metal 180g,Chăm Sóc Tóc,Chai,0.0,0.0,0.0,0.0,0.0,0.0,0.0,0.0,0.0,0.0,0.0,0.0,0.0,0.0,5.0,400000.0,5.0,400000.0,06__TGC__XMN__MET__180,XMEN Dầu Gội Nước Hoa Metal 180g,,Hàng hóa,aecb5d35-8bc9-11f1-9b18-005056b2a5de,3133f912-c775-40c5-b3ae-46c3da07ad82,aea7bdfe-8bc9-11f1-9b18-005056b2a5de,920,097330eb-f92d-4b88-95a8-1a83fd3d8065,
06__TGC__XMN__WOD__180,XMEN Dầu Gội Nước Hoa Wood 180g,Chăm Sóc Tóc,Chai,0.0,0.0,0.0,0.0,0.0,0.0,0.0,0.0,0.0,0.0,0.0,0.0,0.0,0.0,7.0,560000.0,7.0,560000.0,06__TGC__XMN__WOD__180,XMEN Dầu Gội Nước Hoa Wood 180g,,Hàng hóa,aecb5dcb-8bc9-11f1-9b18-005056b2a5de,a02fdead-8ae4-4c3b-85e7-f0ccbf462c7f,aea7bdfe-8bc9-11f1-9b18-005056b2a5de,921,097330eb-f92d-4b88-95a8-1a83fd3d8065,
06__TGC__XMN__WOD__380,XMEN Dầu Gội Nước Hoa Wood 380g,Chăm Sóc Tóc,Chai,0.0,0.0,0.0,0.0,0.0,0.0,0.0,0.0,0.0,0.0,0.0,0.0,0.0,0.0,7.0,945000.0,7.0,945000.0,06__TGC__XMN__WOD__380,XMEN Dầu Gội Nước Hoa Wood 380g,,Hàng hóa,aecb5e64-8bc9-11f1-9b18-005056b2a5de,12227902-b77a-40af-a50a-c8ee8ebdfce6,aea7bdfe-8bc9-11f1-9b18-005056b2a5de,922,097330eb-f92d-4b88-95a8-1a83fd3d8065,
06__TTG__RMO__DDO__650,ROMANO Tắm Gội 2in1 Attitude Đỏ 650g,Chăm Sóc Tóc,Chai,0.0,0.0,0.0,0.0,0.0,0.0,0.0,0.0,0.0,0.0,0.0,0.0,0.0,0.0,4.0,792000.0,4.0,792000.0,06__TTG__RMO__DDO__650,ROMANO Tắm Gội 2in1 Attitude Đỏ 650g,,Hàng hóa,aecb5ef7-8bc9-11f1-9b18-005056b2a5de,a0bee1ee-5fda-4e55-8eb9-6915697e55f0,aea7bdfe-8bc9-11f1-9b18-005056b2a5de,923,097330eb-f92d-4b88-95a8-1a83fd3d8065,
06__TTG__RMO__XLA__180,ROMANO Tắm Gội 2in1 Classic Xanh Lá 180g,Chăm Sóc Tóc,Chai,0.0,0.0,0.0,0.0,0.0,0.0,0.0,0.0,0.0,0.0,0.0,0.0,0.0,0.0,8.0,600000.0,8.0,600000.0,06__TTG__RMO__XLA__180,ROMANO Tắm Gội 2in1 Classic Xanh Lá 180g,,Hàng hóa,aecb5f8a-8bc9-11f1-9b18-005056b2a5de,9196fd84-0f76-485c-8e81-2f63e3a94063,aea7bdfe-8bc9-11f1-9b18-005056b2a5de,924,097330eb-f92d-4b88-95a8-1a83fd3d8065,
06__TTG__RMO__XLA__650,ROMANO Tắm Gội 2in1 Classic Xanh Lá 650g,Chăm Sóc Tóc,Chai,0.0,0.0,0.0,0.0,0.0,0.0,0.0,0.0,0.0,0.0,0.0,0.0,0.0,0.0,1.0,198000.0,1.0,198000.0,06__TTG__RMO__XLA__650,ROMANO Tắm Gội 2in1 Classic Xanh Lá 650g,,Hàng hóa,aecb601e-8bc9-11f1-9b18-005056b2a5de,8fdac043-3e1e-4c01-8788-12398f5af073,aea7bdfe-8bc9-11f1-9b18-005056b2a5de,925,097330eb-f92d-4b88-95a8-1a83fd3d8065,
06__TXC__DOV__HOI__170,DOVE Kem Xả Phục HồI Hư Tổn 170g,Chăm Sóc Tóc,Chai,0.0,0.0,0.0,0.0,0.0,0.0,0.0,0.0,0.0,0.0,0.0,0.0,0.0,0.0,9.0,630000.0,9.0,630000.0,06__TXC__DOV__HOI__170,DOVE Kem Xả Phục HồI Hư Tổn 170g,,Hàng hóa,aecb60b3-8bc9-11f1-9b18-005056b2a5de,f27f0c22-1730-4197-81c8-728dedbdc17a,aea7bdfe-8bc9-11f1-9b18-005056b2a5de,926,097330eb-f92d-4b88-95a8-1a83fd3d8065,
06__TXC__PAN__KER__300,PANTENE Kem Xả Mềm Tóc Miracles Keratin 300ml,Chăm Sóc Tóc,Chai,0.0,0.0,0.0,0.0,0.0,0.0,0.0,0.0,0.0,0.0,0.0,0.0,0.0,0.0,7.0,1120000.0,7.0,1120000.0,06__TXC__PAN__KER__300,PANTENE Kem Xả Mềm Tóc Miracles Keratin 300ml,,Hàng hóa,aecb6192-8bc9-11f1-9b18-005056b2a5de,fe28ef9e-141d-4a9f-ad18-91bb944bf621,aea7bdfe-8bc9-11f1-9b18-005056b2a5de,927,097330eb-f92d-4b88-95a8-1a83fd3d8065,
06__TXC__PAN__RTC__300,PANTENE Dầu Xả Ngăn Rụng Tóc 300ml,Chăm Sóc Tóc,Chai,0.0,0.0,0.0,0.0,0.0,0.0,0.0,0.0,0.0,0.0,0.0,0.0,0.0,0.0,7.0,910000.0,7.0,910000.0,06__TXC__PAN__RTC__300,PANTENE Dầu Xả Ngăn Rụng Tóc 300ml,,Hàng hóa,aecb6226-8bc9-11f1-9b18-005056b2a5de,e16cc539-c60f-4188-a690-314abb77c622,aea7bdfe-8bc9-11f1-9b18-005056b2a5de,928,097330eb-f92d-4b88-95a8-1a83fd3d8065,
06__VSB__DIA__FRE__20,DIANA Băng Vệ Sinh HN Cool Fresh 20,Chăm Sóc Vệ Sinh Cá Nhân,Bịch,0.0,0.0,0.0,0.0,0.0,0.0,0.0,0.0,0.0,0.0,0.0,0.0,0.0,0.0,7.0,210000.0,7.0,210000.0,06__VSB__DIA__FRE__20,DIANA Băng Vệ Sinh HN Cool Fresh 20,,Hàng hóa,aecb62bf-8bc9-11f1-9b18-005056b2a5de,c9585f6c-5b10-4106-b7bb-7f8e39e09dc5,aea7bdfe-8bc9-11f1-9b18-005056b2a5de,929,097330eb-f92d-4b88-95a8-1a83fd3d8011,
06__VSB__DIA__MOV__8M,DIANA BVS Hàng Ngày Kháng Khuẩn Mỏng Vừa 8M,Chăm Sóc Vệ Sinh Cá Nhân,Bịch,0.0,0.0,0.0,0.0,0.0,0.0,0.0,0.0,0.0,0.0,0.0,0.0,0.0,0.0,5.0,65000.0,5.0,65000.0,06__VSB__DIA__MOV__8M,DIANA BVS Hàng Ngày Kháng Khuẩn Mỏng Vừa 8M,,Hàng hóa,aecb6355-8bc9-11f1-9b18-005056b2a5de,a1c7093f-8a38-4ee0-95db-561f724befcb,aea7bdfe-8bc9-11f1-9b18-005056b2a5de,930,097330eb-f92d-4b88-95a8-1a83fd3d8011,
06__VSB__DIA__SCF__238,DIANA Băng Vệ Sinh Sensi Cool Fresh SMC 23cm x 8 Miếng,Chăm Sóc Vệ Sinh Cá Nhân,Bịch,0.0,0.0,0.0,0.0,0.0,0.0,0.0,0.0,0.0,0.0,0.0,0.0,0.0,0.0,16.0,512000.0,16.0,512000.0,06__VSB__DIA__SCF__238,DIANA Băng Vệ Sinh Sensi Cool Fresh SMC 23cm x 8 Miếng,,Hàng hóa,aecb63e9-8bc9-11f1-9b18-005056b2a5de,2f4a095b-ac45-4224-8631-daf83b683ec1,aea7bdfe-8bc9-11f1-9b18-005056b2a5de,931,097330eb-f92d-4b88-95a8-1a83fd3d8011,
06__VSB__DIA__SCS__353,DIANA Băng Vệ Sinh Sensi Cool Fresh Super Night 35cm x 3 Miếng,Chăm Sóc Vệ Sinh Cá Nhân,Bịch,0.0,0.0,0.0,0.0,0.0,0.0,0.0,0.0,0.0,0.0,0.0,0.0,0.0,0.0,5.0,170000.0,5.0,170000.0,06__VSB__DIA__SCS__353,DIANA Băng Vệ Sinh Sensi Cool Fresh Super Night 35cm x 3 Miếng,,Hàng hóa,aecb6480-8bc9-11f1-9b18-005056b2a5de,e33ce395-8527-4147-9c88-91737cb9ec91,aea7bdfe-8bc9-11f1-9b18-005056b2a5de,932,097330eb-f92d-4b88-95a8-1a83fd3d8011,
06__VSB__DIA__SEN__20,DIANA Băng Vệ Sinh Sensi Khô Thoáng 20 Miếng,Chăm Sóc Vệ Sinh Cá Nhân,Bịch,0.0,0.0,0.0,0.0,0.0,0.0,0.0,0.0,0.0,0.0,0.0,0.0,0.0,0.0,6.0,360000.0,6.0,360000.0,06__VSB__DIA__SEN__20,DIANA Băng Vệ Sinh Sensi Khô Thoáng 20 Miếng,,Hàng hóa,aecb651c-8bc9-11f1-9b18-005056b2a5de,3c1cf0b5-99b4-4cbb-b20f-7d698bf8f807,aea7bdfe-8bc9-11f1-9b18-005056b2a5de,933,097330eb-f92d-4b88-95a8-1a83fd3d8011,
06__VSB__DIA__SEN__81,DIANA BVS Sensi Cool Fresh SMC (8+1),Chăm Sóc Vệ Sinh Cá Nhân,Bịch,0.0,0.0,0.0,0.0,0.0,0.0,0.0,0.0,0.0,0.0,0.0,0.0,0.0,0.0,1.0,35000.0,1.0,35000.0,06__VSB__DIA__SEN__81,DIANA BVS Sensi Cool Fresh SMC (8+1),,Hàng hóa,aecb65b1-8bc9-11f1-9b18-005056b2a5de,421abb60-cd9c-4560-a505-becc3920ac04,aea7bdfe-8bc9-11f1-9b18-005056b2a5de,934,097330eb-f92d-4b88-95a8-1a83fd3d8011,
06__VSB__DIA__SHN__15520,DIANA Băng Vệ Sinh Sensi HN KK 155mm 20 Miếng,Chăm Sóc Vệ Sinh Cá Nhân,Bịch,0.0,0.0,0.0,0.0,0.0,0.0,0.0,0.0,0.0,0.0,0.0,0.0,0.0,0.0,13.0,325000.0,13.0,325000.0,06__VSB__DIA__SHN__15520,DIANA Băng Vệ Sinh Sensi HN KK 155mm 20 Miếng,,Hàng hóa,aecb681e-8bc9-11f1-9b18-005056b2a5de,53de7713-d50f-498f-b5d8-3b26a1c896c1,aea7bdfe-8bc9-11f1-9b18-005056b2a5de,935,097330eb-f92d-4b88-95a8-1a83fd3d8011,
06__VSB__DIA__SMC__238,DIANA Băng Vệ Sinh Sensi SMC 23cm x 8 Miếng,Chăm Sóc Vệ Sinh Cá Nhân,Bịch,0.0,0.0,0.0,0.0,0.0,0.0,0.0,0.0,0.0,0.0,0.0,0.0,0.0,0.0,6.0,180000.0,6.0,180000.0,06__VSB__DIA__SMC__238,DIANA Băng Vệ Sinh Sensi SMC 23cm x 8 Miếng,,Hàng hóa,aecb694a-8bc9-11f1-9b18-005056b2a5de,d6e4daa3-9930-477b-8786-4a87593cb112,aea7bdfe-8bc9-11f1-9b18-005056b2a5de,936,097330eb-f92d-4b88-95a8-1a83fd3d8011,
06__VSB__DIA__SNI__35,DIANA Băng Vệ Sinh Siêu Thấm Supernight 35cm (3+1),Chăm Sóc Vệ Sinh Cá Nhân,Bịch,0.0,0.0,0.0,0.0,0.0,0.0,0.0,0.0,0.0,0.0,0.0,0.0,0.0,0.0,14.0,420000.0,14.0,420000.0,06__VSB__DIA__SNI__35,DIANA Băng Vệ Sinh Siêu Thấm Supernight 35cm (3+1),,Hàng hóa,aecb6b21-8bc9-11f1-9b18-005056b2a5de,b567bb59-7a9c-4143-be44-10dab3bf718b,aea7bdfe-8bc9-11f1-9b18-005056b2a5de,937,097330eb-f92d-4b88-95a8-1a83fd3d8011,
06__VSB__DIA__STH__8MT2,DIANA BVS Siêu Thấm 8 Miếng Tặng 2,Chăm Sóc Vệ Sinh Cá Nhân,Bịch,0.0,0.0,0.0,0.0,0.0,0.0,0.0,0.0,0.0,0.0,0.0,0.0,0.0,0.0,15.0,450000.0,15.0,450000.0,06__VSB__DIA__STH__8MT2,DIANA BVS Siêu Thấm 8 Miếng Tặng 2,,Hàng hóa,aecb6bc5-8bc9-11f1-9b18-005056b2a5de,8184fb0c-2f67-41d1-ad99-ff68a83387d5,aea7bdfe-8bc9-11f1-9b18-005056b2a5de,938,097330eb-f92d-4b88-95a8-1a83fd3d8011,
06__VSB__DIA__STM__20,DIANA Băng Vệ Sinh Siêu Thấm 20 Miếng,Chăm Sóc Vệ Sinh Cá Nhân,Bịch,0.0,0.0,0.0,0.0,0.0,0.0,0.0,0.0,0.0,0.0,0.0,0.0,0.0,0.0,5.0,300000.0,5.0,300000.0,06__VSB__DIA__STM__20,DIANA Băng Vệ Sinh Siêu Thấm 20 Miếng,,Hàng hóa,aecb6c5d-8bc9-11f1-9b18-005056b2a5de,84d86eac-029d-4f11-a563-efb65c7619b7,aea7bdfe-8bc9-11f1-9b18-005056b2a5de,939,097330eb-f92d-4b88-95a8-1a83fd3d8011,
06__VSB__KOT__BQN__ML2,KOTEX Băng Quần Max Protect Size M-L 2 Miếng,Chăm Sóc Vệ Sinh Cá Nhân,Bịch,0.0,0.0,0.0,0.0,0.0,0.0,0.0,0.0,0.0,0.0,0.0,0.0,0.0,0.0,0.0,0.0,0.0,0.0,06__VSB__KOT__BQN__ML2,KOTEX Băng Quần Max Protect Size M-L 2 Miếng,,Hàng hóa,aecb6cf7-8bc9-11f1-9b18-005056b2a5de,f3793aef-0cc1-4b3b-ac29-27d959e31b84,aea7bdfe-8bc9-11f1-9b18-005056b2a5de,940,097330eb-f92d-4b88-95a8-1a83fd3d8011,
06__VSB__KOT__BQU__ML2,KOTEX Băng Quần Cool Size M-L 2 Miếng,Chăm Sóc Vệ Sinh Cá Nhân,Bịch,0.0,0.0,0.0,0.0,0.0,0.0,0.0,0.0,0.0,0.0,0.0,0.0,0.0,0.0,0.0,0.0,0.0,0.0,06__VSB__KOT__BQU__ML2,KOTEX Băng Quần Cool Size M-L 2 Miếng,,Hàng hóa,aecb6d8f-8bc9-11f1-9b18-005056b2a5de,71905717-7e9a-497f-8a6d-f50e20bbb145,aea7bdfe-8bc9-11f1-9b18-005056b2a5de,941,097330eb-f92d-4b88-95a8-1a83fd3d8011,
06__VSB__KOT__BVE__2320,KOTEX Bảo Vệ Toàn Diện 23cm 20 Miếng,Chăm Sóc Vệ Sinh Cá Nhân,Bịch,0.0,0.0,0.0,0.0,0.0,0.0,0.0,0.0,0.0,0.0,0.0,0.0,0.0,0.0,10.0,600000.0,10.0,600000.0,06__VSB__KOT__BVE__2320,KOTEX Bảo Vệ Toàn Diện 23cm 20 Miếng,,Hàng hóa,aecb6e26-8bc9-11f1-9b18-005056b2a5de,fdf8a2bd-5bdd-4a9d-8303-5e3feef5d443,aea7bdfe-8bc9-11f1-9b18-005056b2a5de,942,097330eb-f92d-4b88-95a8-1a83fd3d8011,
06__VSB__KOT__BVE__238,KOTEX Bảo Vệ Toàn Diện 23cm 8 Miếng,Chăm Sóc Vệ Sinh Cá Nhân,Bịch,0.0,0.0,0.0,0.0,0.0,0.0,0.0,0.0,0.0,0.0,0.0,0.0,0.0,0.0,19.0,665000.0,19.0,665000.0,06__VSB__KOT__BVE__238,KOTEX Bảo Vệ Toàn Diện 23cm 8 Miếng,,Hàng hóa,aecb6f0a-8bc9-11f1-9b18-005056b2a5de,80807399-1a3e-4d03-b7ab-08b70341ef7b,aea7bdfe-8bc9-11f1-9b18-005056b2a5de,943,097330eb-f92d-4b88-95a8-1a83fd3d8011,
06__VSB__KOT__DAO__2320,KOTEX Gardenia Hoa Anh Đào 23cm 8 Miếng,Chăm Sóc Vệ Sinh Cá Nhân,Bịch,0.0,0.0,0.0,0.0,0.0,0.0,0.0,0.0,0.0,0.0,0.0,0.0,0.0,0.0,0.0,0.0,0.0,0.0,06__VSB__KOT__DAO__2320,KOTEX Gardenia Hoa Anh Đào 23cm 8 Miếng,,Hàng hóa,aecb6fae-8bc9-11f1-9b18-005056b2a5de,9547e75a-afb0-458c-b5b1-cb414f34f45e,aea7bdfe-8bc9-11f1-9b18-005056b2a5de,944,097330eb-f92d-4b88-95a8-1a83fd3d8011,
06__VSB__KOT__DEM__2812,KOTEX Siêu Ban Đêm 28cm 12 Miếng,Chăm Sóc Vệ Sinh Cá Nhân,Bịch,0.0,0.0,0.0,0.0,0.0,0.0,0.0,0.0,0.0,0.0,0.0,0.0,0.0,0.0,4.0,220000.0,4.0,220000.0,06__VSB__KOT__DEM__2812,KOTEX Siêu Ban Đêm 28cm 12 Miếng,,Hàng hóa,aecb7045-8bc9-11f1-9b18-005056b2a5de,fa144554-855e-47c5-9672-ed0a642cb049,aea7bdfe-8bc9-11f1-9b18-005056b2a5de,945,097330eb-f92d-4b88-95a8-1a83fd3d8011,
06__VSB__KOT__DEM__284,KOTEX Siêu Ban Đêm 28cm 4 Miếng,Chăm Sóc Vệ Sinh Cá Nhân,Bịch,0.0,0.0,0.0,0.0,0.0,0.0,0.0,0.0,0.0,0.0,0.0,0.0,0.0,0.0,7.0,182000.0,7.0,182000.0,06__VSB__KOT__DEM__284,KOTEX Siêu Ban Đêm 28cm 4 Miếng,,Hàng hóa,aecb70dc-8bc9-11f1-9b18-005056b2a5de,1a0769ca-9998-42b3-9cd4-34419a8a62de,aea7bdfe-8bc9-11f1-9b18-005056b2a5de,946,097330eb-f92d-4b88-95a8-1a83fd3d8011,
06__VSB__KOT__DEM__353,KOTEX Siêu Ban Đêm 35cm 3 Miếng,Chăm Sóc Vệ Sinh Cá Nhân,Bịch,0.0,0.0,0.0,0.0,0.0,0.0,0.0,0.0,0.0,0.0,0.0,0.0,0.0,0.0,5.0,125000.0,5.0,125000.0,06__VSB__KOT__DEM__353,KOTEX Siêu Ban Đêm 35cm 3 Miếng,,Hàng hóa,aecb71c8-8bc9-11f1-9b18-005056b2a5de,59099e7a-e12d-4858-aa3e-4193a924e8a6,aea7bdfe-8bc9-11f1-9b18-005056b2a5de,947,097330eb-f92d-4b88-95a8-1a83fd3d8011,
06__VSB__KOT__DEM__358,KOTEX Siêu Ban Đêm 35cm 8 Miếng,Chăm Sóc Vệ Sinh Cá Nhân,Bịch,0.0,0.0,0.0,0.0,0.0,0.0,0.0,0.0,0.0,0.0,0.0,0.0,0.0,0.0,3.0,156000.0,3.0,156000.0,06__VSB__KOT__DEM__358,KOTEX Siêu Ban Đêm 35cm 8 Miếng,,Hàng hóa,aecb725f-8bc9-11f1-9b18-005056b2a5de,e234949a-9baf-4e7a-b126-16e54d9fdf28,aea7bdfe-8bc9-11f1-9b18-005056b2a5de,948,097330eb-f92d-4b88-95a8-1a83fd3d8011,
06__VSB__KOT__FRE__238,KOTEX Freedom 23Cm 8 Miếng,Chăm Sóc Vệ Sinh Cá Nhân,Bịch,0.0,0.0,0.0,0.0,0.0,0.0,0.0,0.0,0.0,0.0,0.0,0.0,0.0,0.0,5.0,75000.0,5.0,75000.0,06__VSB__KOT__FRE__238,KOTEX Freedom 23Cm 8 Miếng,,Hàng hóa,aecb7342-8bc9-11f1-9b18-005056b2a5de,687071cd-4d17-4e62-937e-fae27fc3596d,aea7bdfe-8bc9-11f1-9b18-005056b2a5de,949,097330eb-f92d-4b88-95a8-1a83fd3d8011,
06__VSB__KOT__LUX__238,KOTEX Luxe 23Cm 8 Miếng Mua1Tang1,Chăm Sóc Vệ Sinh Cá Nhân,Bịch,0.0,0.0,0.0,0.0,0.0,0.0,0.0,0.0,0.0,0.0,0.0,0.0,0.0,0.0,8.0,304000.0,8.0,304000.0,06__VSB__KOT__LUX__238,KOTEX Luxe 23Cm 8 Miếng Mua1Tang1,,Hàng hóa,aecb73f8-8bc9-11f1-9b18-005056b2a5de,9d20b400-2bb3-4046-b1b9-1ab1028840b9,aea7bdfe-8bc9-11f1-9b18-005056b2a5de,950,097330eb-f92d-4b88-95a8-1a83fd3d8011,
06__VSB__KOT__MCL__1520,KOTEX Maxcool Spa 15cm 20 Miếng + 2,Chăm Sóc Vệ Sinh Cá Nhân,Bịch,0.0,0.0,0.0,0.0,0.0,0.0,0.0,0.0,0.0,0.0,0.0,0.0,0.0,0.0,4.0,120000.0,4.0,120000.0,06__VSB__KOT__MCL__1520,KOTEX Maxcool Spa 15cm 20 Miếng + 2,,Hàng hóa,aecb7492-8bc9-11f1-9b18-005056b2a5de,14687b80-c6f4-45de-b310-65ae49a49ad3,aea7bdfe-8bc9-11f1-9b18-005056b2a5de,951,097330eb-f92d-4b88-95a8-1a83fd3d8011,
06__VSB__KOT__MCL__2320,KOTEX Maxcool Spa 23cm 20 Miếng,Chăm Sóc Vệ Sinh Cá Nhân,Bịch,0.0,0.0,0.0,0.0,0.0,0.0,0.0,0.0,0.0,0.0,0.0,0.0,0.0,0.0,18.0,1170000.0,18.0,1170000.0,06__VSB__KOT__MCL__2320,KOTEX Maxcool Spa 23cm 20 Miếng,,Hàng hóa,aecb752d-8bc9-11f1-9b18-005056b2a5de,b1924998-bce6-4dbc-b3bb-4cc93f5908ac,aea7bdfe-8bc9-11f1-9b18-005056b2a5de,952,097330eb-f92d-4b88-95a8-1a83fd3d8011,
06__VSB__KOT__MCL__238,KOTEX Maxcool Spa 23cm 8 Miếng +4,Chăm Sóc Vệ Sinh Cá Nhân,Bịch,0.0,0.0,0.0,0.0,0.0,0.0,0.0,0.0,0.0,0.0,0.0,0.0,0.0,0.0,4.0,140000.0,4.0,140000.0,06__VSB__KOT__MCL__238,KOTEX Maxcool Spa 23cm 8 Miếng +4,,Hàng hóa,aecb760b-8bc9-11f1-9b18-005056b2a5de,232d95db-5bd9-4140-9a21-384e6231fb34,aea7bdfe-8bc9-11f1-9b18-005056b2a5de,953,097330eb-f92d-4b88-95a8-1a83fd3d8011,
06__VSB__KOT__NGY__20,KOTEX Hàng Ngày Mỏng 20 Miếng,Chăm Sóc Vệ Sinh Cá Nhân,Bịch,0.0,0.0,0.0,0.0,0.0,0.0,0.0,0.0,0.0,0.0,0.0,0.0,0.0,0.0,0.0,0.0,0.0,0.0,06__VSB__KOT__NGY__20,KOTEX Hàng Ngày Mỏng 20 Miếng,,Hàng hóa,aecb76a1-8bc9-11f1-9b18-005056b2a5de,bce86a37-0de1-4d21-81cd-591e00e08563,aea7bdfe-8bc9-11f1-9b18-005056b2a5de,954,097330eb-f92d-4b88-95a8-1a83fd3d8011,
06__VSB__KOT__NGY__8,KOTEX Hàng Ngày Mỏng 8 Miếng,Chăm Sóc Vệ Sinh Cá Nhân,Bịch,0.0,0.0,0.0,0.0,0.0,0.0,0.0,0.0,0.0,0.0,0.0,0.0,0.0,0.0,0.0,0.0,0.0,0.0,06__VSB__KOT__NGY__8,KOTEX Hàng Ngày Mỏng 8 Miếng,,Hàng hóa,aecb773b-8bc9-11f1-9b18-005056b2a5de,64e1e140-1965-443e-b1ea-f53548f6696c,aea7bdfe-8bc9-11f1-9b18-005056b2a5de,955,097330eb-f92d-4b88-95a8-1a83fd3d8011,
06__VSB__SOF__COM__2617,SOFY Skin Comfort Băng Vệ Sinh 26cm 17 Miếng,Chăm Sóc Vệ Sinh Cá Nhân,Bịch,0.0,0.0,0.0,0.0,0.0,0.0,0.0,0.0,0.0,0.0,0.0,0.0,0.0,0.0,9.0,900000.0,9.0,900000.0,06__VSB__SOF__COM__2617,SOFY Skin Comfort Băng Vệ Sinh 26cm 17 Miếng,,Hàng hóa,aecb77d3-8bc9-11f1-9b18-005056b2a5de,be3786ae-e076-49e4-9cf7-e2e134d370ae,aea7bdfe-8bc9-11f1-9b18-005056b2a5de,956,097330eb-f92d-4b88-95a8-1a83fd3d8011,
06__VSB__SOF__COM__268,SOFY SKIN Comfort Băng Vệ Sinh 26cm 8 Miếng,Chăm Sóc Vệ Sinh Cá Nhân,Bịch,0.0,0.0,0.0,0.0,0.0,0.0,0.0,0.0,0.0,0.0,0.0,0.0,0.0,0.0,10.0,500000.0,10.0,500000.0,06__VSB__SOF__COM__268,SOFY SKIN Comfort Băng Vệ Sinh 26cm 8 Miếng,,Hàng hóa,aecb7884-8bc9-11f1-9b18-005056b2a5de,8ef06262-9716-4f00-b345-f5bf0f9d3fda,aea7bdfe-8bc9-11f1-9b18-005056b2a5de,957,097330eb-f92d-4b88-95a8-1a83fd3d8011,
06__VSD__DIA__FNC__150,DIANA Dung Dịch VSPN Fresh & Cool Chai 150ml,Chăm Sóc Vệ Sinh Cá Nhân,Chai,0.0,0.0,0.0,0.0,0.0,0.0,0.0,0.0,0.0,0.0,0.0,0.0,0.0,0.0,1.0,52000.0,1.0,52000.0,06__VSD__DIA__FNC__150,DIANA Dung Dịch VSPN Fresh & Cool Chai 150ml,,Hàng hóa,aecb796f-8bc9-11f1-9b18-005056b2a5de,c2008099-9c20-42bb-b52f-5ed4f5bb7d39,aea7bdfe-8bc9-11f1-9b18-005056b2a5de,958,097330eb-f92d-4b88-95a8-1a83fd3d8065,
06__VSD__DIA__FRE__150,DIANA Dung Dịch VSPN Odor Fresh+ 150ml,Chăm Sóc Vệ Sinh Cá Nhân,Chai,0.0,0.0,0.0,0.0,0.0,0.0,0.0,0.0,0.0,0.0,0.0,0.0,0.0,0.0,0.0,0.0,0.0,0.0,06__VSD__DIA__FRE__150,DIANA Dung Dịch VSPN Odor Fresh+ 150ml,,Hàng hóa,aecb7a63-8bc9-11f1-9b18-005056b2a5de,32fff679-38d2-4780-9ded-988543ffef75,aea7bdfe-8bc9-11f1-9b18-005056b2a5de,959,097330eb-f92d-4b88-95a8-1a83fd3d8065,
06__VSD__DIA__SKI__150,DIANA Dung Dịch VSPN Skincare+ 150ml,Chăm Sóc Vệ Sinh Cá Nhân,Chai,1.0,56000.0,0.0,0.0,0.0,0.0,0.0,0.0,0.0,0.0,0.0,0.0,0.0,0.0,2.0,112000.0,2.0,112000.0,06__VSD__DIA__SKI__150,DIANA Dung Dịch VSPN Skincare+ 150ml,,Hàng hóa,aecb7b0d-8bc9-11f1-9b18-005056b2a5de,deb28685-dcf9-44df-b757-de0a40b302f5,aea7bdfe-8bc9-11f1-9b18-005056b2a5de,960,097330eb-f92d-4b88-95a8-1a83fd3d8065,
06__VSK__LET__DNG__1,LET-GREEN Giấy Đa Năng,Chăm Sóc Vệ Sinh Cá Nhân,Bịch,0.0,0.0,0.0,0.0,0.0,0.0,0.0,0.0,0.0,0.0,0.0,0.0,0.0,0.0,7.0,105000.0,7.0,105000.0,06__VSK__LET__DNG__1,LET-GREEN Giấy Đa Năng,,Hàng hóa,aecb7ba2-8bc9-11f1-9b18-005056b2a5de,ab5dc35d-d14e-498d-b578-21f45aa2334d,aea7bdfe-8bc9-11f1-9b18-005056b2a5de,961,097330eb-f92d-4b88-95a8-1a83fd3d8011,
06__VSK__PUL__3LO__1,PULPPY Khăn Giấy Cao Cấp 3 Lớp,Chăm Sóc Vệ Sinh Cá Nhân,Gói,0.0,0.0,0.0,0.0,0.0,0.0,0.0,0.0,0.0,0.0,0.0,0.0,0.0,0.0,20.0,120000.0,20.0,120000.0,06__VSK__PUL__3LO__1,PULPPY Khăn Giấy Cao Cấp 3 Lớp,,Hàng hóa,aecb7c67-8bc9-11f1-9b18-005056b2a5de,1527628c-52d6-4fec-857b-0840414df40c,aea7bdfe-8bc9-11f1-9b18-005056b2a5de,962,097330eb-f92d-4b88-95a8-1a83fd3d8067,
06__VSU__FRE__BHA__20,FRESSI Care Khăn Giấy Ướt Bạc Hà Bịch 20M,Chăm Sóc Vệ Sinh Cá Nhân,Bịch,0.0,0.0,0.0,0.0,0.0,0.0,0.0,0.0,0.0,0.0,0.0,0.0,0.0,0.0,31.0,589000.0,31.0,589000.0,06__VSU__FRE__BHA__20,FRESSI Care Khăn Giấy Ướt Bạc Hà Bịch 20M,,Hàng hóa,aecb7d21-8bc9-11f1-9b18-005056b2a5de,63f4b388-6d3a-47fe-b794-d0b69290c857,aea7bdfe-8bc9-11f1-9b18-005056b2a5de,963,097330eb-f92d-4b88-95a8-1a83fd3d8011,
06__VSU__FRE__BIC__100,FRESSI Care Khăn Giấy Ướt Bịch 100 miếng,Chăm Sóc Vệ Sinh Cá Nhân,Bịch,0.0,0.0,0.0,0.0,0.0,0.0,0.0,0.0,0.0,0.0,0.0,0.0,0.0,0.0,14.0,728000.0,14.0,728000.0,06__VSU__FRE__BIC__100,FRESSI Care Khăn Giấy Ướt Bịch 100 miếng,,Hàng hóa,aecb7dba-8bc9-11f1-9b18-005056b2a5de,e638e426-e1b7-4c89-854c-61ce11043f71,aea7bdfe-8bc9-11f1-9b18-005056b2a5de,964,097330eb-f92d-4b88-95a8-1a83fd3d8011,
06__VSU__FRE__BIC__20,FRESSI Care Khăn Giấy Ướt Bịch 20 Miếng,Chăm Sóc Vệ Sinh Cá Nhân,Bịch,0.0,0.0,0.0,0.0,0.0,0.0,0.0,0.0,0.0,0.0,0.0,0.0,0.0,0.0,23.0,437000.0,23.0,437000.0,06__VSU__FRE__BIC__20,FRESSI Care Khăn Giấy Ướt Bịch 20 Miếng,,Hàng hóa,aecb7f2d-8bc9-11f1-9b18-005056b2a5de,ffe8afe3-5d94-4252-a679-a68535cc9c9e,aea7bdfe-8bc9-11f1-9b18-005056b2a5de,965,097330eb-f92d-4b88-95a8-1a83fd3d8011,
06__VSU__FRE__TAO__20,FRESSI Care Khăn Giấy Ướt Hương Táo Bịch 20M,Chăm Sóc Vệ Sinh Cá Nhân,Bịch,0.0,0.0,0.0,0.0,0.0,0.0,0.0,0.0,0.0,0.0,0.0,0.0,0.0,0.0,3.0,54000.0,3.0,54000.0,06__VSU__FRE__TAO__20,FRESSI Care Khăn Giấy Ướt Hương Táo Bịch 20M,,Hàng hóa,aecb8018-8bc9-11f1-9b18-005056b2a5de,fedf7954-eeaa-4472-a81a-e486f720c02d,aea7bdfe-8bc9-11f1-9b18-005056b2a5de,966,097330eb-f92d-4b88-95a8-1a83fd3d8011,
06__VSU__HUG__HOP__80,HUGGIES Khăn Ướt Lau Sạch Dịu Nhẹ 80 Miếng,Chăm Sóc Vệ Sinh Cá Nhân,Bịch,0.0,0.0,0.0,0.0,0.0,0.0,0.0,0.0,0.0,0.0,0.0,0.0,0.0,0.0,0.0,0.0,0.0,0.0,06__VSU__HUG__HOP__80,HUGGIES Khăn Ướt Lau Sạch Dịu Nhẹ 80 Miếng,,Hàng hóa,aecb80b2-8bc9-11f1-9b18-005056b2a5de,9f1495fe-b678-4a42-98f4-fc3a22220818,aea7bdfe-8bc9-11f1-9b18-005056b2a5de,967,097330eb-f92d-4b88-95a8-1a83fd3d8011,
07__DMA__JON__OIL__50,JOHNSON's Dầu Matxa Babyoil 50ml,Chăm Sóc Da Trẻ Em,Chai,0.0,0.0,0.0,0.0,0.0,0.0,0.0,0.0,0.0,0.0,0.0,0.0,0.0,0.0,11.0,638000.0,11.0,638000.0,07__DMA__JON__OIL__50,JOHNSON's Dầu Matxa Babyoil 50ml,,Hàng hóa,aecb814f-8bc9-11f1-9b18-005056b2a5de,ebaeac87-6278-45b8-95cd-39e1ea744c8f,aea7bdfe-8bc9-11f1-9b18-005056b2a5de,968,097330eb-f92d-4b88-95a8-1a83fd3d8065,
07__DPE__JOH__CHI__100,JOHNSON's Phấn Em Bé 100g,Chăm Sóc Da Trẻ Em,Chai,0.0,0.0,0.0,0.0,0.0,0.0,0.0,0.0,0.0,0.0,0.0,0.0,0.0,0.0,7.0,322000.0,7.0,322000.0,07__DPE__JOH__CHI__100,JOHNSON's Phấn Em Bé 100g,,Hàng hóa,aecb81e6-8bc9-11f1-9b18-005056b2a5de,0c34adde-df0f-47ae-bb81-cd33f8a4caa1,aea7bdfe-8bc9-11f1-9b18-005056b2a5de,969,097330eb-f92d-4b88-95a8-1a83fd3d8065,
07__DST__JON__COT__200,JOHNSON's Sữa Tắm Em Bé Cottontouch 200ml,Chăm Sóc Da Trẻ Em,Chai,0.0,0.0,0.0,0.0,0.0,0.0,0.0,0.0,0.0,0.0,0.0,0.0,0.0,0.0,1.0,90000.0,1.0,90000.0,07__DST__JON__COT__200,JOHNSON's Sữa Tắm Em Bé Cottontouch 200ml,,Hàng hóa,aecb827e-8bc9-11f1-9b18-005056b2a5de,c52b1e69-f040-4d92-955c-9bae01392c1e,aea7bdfe-8bc9-11f1-9b18-005056b2a5de,970,097330eb-f92d-4b88-95a8-1a83fd3d8065,
07__DST__JON__TTT__200,JOHNSON's Sữa Tắm Em Bé Top-To-Toe 200ml,Chăm Sóc Da Trẻ Em,Chai,0.0,0.0,0.0,0.0,0.0,0.0,0.0,0.0,0.0,0.0,0.0,0.0,0.0,0.0,11.0,1100000.0,11.0,1100000.0,07__DST__JON__TTT__200,JOHNSON's Sữa Tắm Em Bé Top-To-Toe 200ml,,Hàng hóa,aecb8313-8bc9-11f1-9b18-005056b2a5de,2c3f3f0a-2442-4f9b-bd10-0a565db136ae,aea7bdfe-8bc9-11f1-9b18-005056b2a5de,971,097330eb-f92d-4b88-95a8-1a83fd3d8065,
08__TKM__SIL__CNU__1000,SILVER SPOON Thức Ăn Cho Mèo Vị Cá Ngừ 1Kg,Thức Ăn Thú Cưng,Bịch,0.0,0.0,0.0,0.0,0.0,0.0,0.0,0.0,0.0,0.0,0.0,0.0,0.0,0.0,13.0,2184000.0,13.0,2184000.0,08__TKM__SIL__CNU__1000,SILVER SPOON Thức Ăn Cho Mèo Vị Cá Ngừ 1Kg,,Hàng hóa,aecb83f2-8bc9-11f1-9b18-005056b2a5de,696d926d-91d6-474a-9677-bc0af70c787d,aea7bdfe-8bc9-11f1-9b18-005056b2a5de,972,097330eb-f92d-4b88-95a8-1a83fd3d8011,
08__TKM__SIL__TGA__1000,SILVER SPOON Thức Ăn Cho Mèo Vị Thịt Gà 1Kg,Thức Ăn Thú Cưng,Bịch,0.0,0.0,0.0,0.0,0.0,0.0,0.0,0.0,0.0,0.0,0.0,0.0,0.0,0.0,0.0,0.0,0.0,0.0,08__TKM__SIL__TGA__1000,SILVER SPOON Thức Ăn Cho Mèo Vị Thịt Gà 1Kg,,Hàng hóa,aecb8490-8bc9-11f1-9b18-005056b2a5de,ab8644cd-42fc-4dd9-91a9-2e9dd7be3b1b,aea7bdfe-8bc9-11f1-9b18-005056b2a5de,973,097330eb-f92d-4b88-95a8-1a83fd3d8011,
09__CSK__UNI__FIT__15,UNICHARM Khẩu Trang 3D Mask Super Fit (5miếng x 3gói),Chăm Sóc Sức Khỏe,Bịch,0.0,0.0,0.0,0.0,0.0,0.0,0.0,0.0,0.0,0.0,0.0,0.0,0.0,0.0,9.0,378000.0,9.0,378000.0,09__CSK__UNI__FIT__15,UNICHARM Khẩu Trang 3D Mask Super Fit (5miếng x 3gói),,Hàng hóa,aecb8525-8bc9-11f1-9b18-005056b2a5de,2a648fac-b885-4c0f-a520-d21b1f325ac2,aea7bdfe-8bc9-11f1-9b18-005056b2a5de,974,097330eb-f92d-4b88-95a8-1a83fd3d8011,
09__CSK__UNI__KID__5,UNICHARM Khẩu Trang 3D Mask Kids (5 miếng),Chăm Sóc Sức Khỏe,Bịch,0.0,0.0,0.0,0.0,0.0,0.0,0.0,0.0,0.0,0.0,0.0,0.0,0.0,0.0,27.0,702000.0,27.0,702000.0,09__CSK__UNI__KID__5,UNICHARM Khẩu Trang 3D Mask Kids (5 miếng),,Hàng hóa,aecb85b9-8bc9-11f1-9b18-005056b2a5de,b611be6c-e42e-4883-9b6a-fd68f908397a,aea7bdfe-8bc9-11f1-9b18-005056b2a5de,975,097330eb-f92d-4b88-95a8-1a83fd3d8011,
09__CSK__UNI__UVM__5,UNICHARM Khẩu Trang UV Maks Bảo Vệ Da (5 miếng),Chăm Sóc Sức Khỏe,Bịch,0.0,0.0,0.0,0.0,0.0,0.0,0.0,0.0,0.0,0.0,0.0,0.0,0.0,0.0,40.0,1000000.0,40.0,1000000.0,09__CSK__UNI__UVM__5,UNICHARM Khẩu Trang UV Maks Bảo Vệ Da (5 miếng),,Hàng hóa,aecb864e-8bc9-11f1-9b18-005056b2a5de,cdf759ec-9168-4977-a4a9-14fda0bad04f,aea7bdfe-8bc9-11f1-9b18-005056b2a5de,976,097330eb-f92d-4b88-95a8-1a83fd3d8011,
09__SKB__DUR__CLI__3,DUREX BCS Mutual Climax 3S,Chăm Sóc Cá Nhân,Hộp,0.0,0.0,0.0,0.0,0.0,0.0,0.0,0.0,0.0,0.0,0.0,0.0,0.0,0.0,17.0,1870000.0,17.0,1870000.0,09__SKB__DUR__CLI__3,DUREX BCS Mutual Climax 3S,,Hàng hóa,aecb86e7-8bc9-11f1-9b18-005056b2a5de,4f12b853-03e2-4d03-9228-0a197b3caa54,aea7bdfe-8bc9-11f1-9b18-005056b2a5de,977,097330eb-f92d-4b88-95a8-1a83fd3d8064,
09__SKB__DUR__FET__3,DUREX BCS Fetherlite 3S,Chăm Sóc Cá Nhân,Hộp,0.0,0.0,0.0,0.0,0.0,0.0,0.0,0.0,0.0,0.0,0.0,0.0,0.0,0.0,13.0,1170000.0,13.0,1170000.0,09__SKB__DUR__FET__3,DUREX BCS Fetherlite 3S,,Hàng hóa,aecb877d-8bc9-11f1-9b18-005056b2a5de,27dea953-b95e-48f4-900f-37f1faead059,aea7bdfe-8bc9-11f1-9b18-005056b2a5de,978,097330eb-f92d-4b88-95a8-1a83fd3d8064,
09__SKB__DUR__INV__10,DUREX BCS Durex Invisible Extra Thin Extra Sensitive 10,Chăm Sóc Cá Nhân,Hộp,0.0,0.0,0.0,0.0,0.0,0.0,0.0,0.0,0.0,0.0,0.0,0.0,0.0,0.0,10.0,2700000.0,10.0,2700000.0,09__SKB__DUR__INV__10,DUREX BCS Durex Invisible Extra Thin Extra Sensitive 10,,Hàng hóa,aecb8858-8bc9-11f1-9b18-005056b2a5de,af6092a3-ba72-4f77-a36d-5d0d6f3aae3f,aea7bdfe-8bc9-11f1-9b18-005056b2a5de,979,097330eb-f92d-4b88-95a8-1a83fd3d8064,
09__SKB__DUR__INV__3,DUREX BCS Invisible Extra Thin 3S,Chăm Sóc Cá Nhân,Hộp,0.0,0.0,0.0,0.0,0.0,0.0,0.0,0.0,0.0,0.0,0.0,0.0,0.0,0.0,23.0,2530000.0,23.0,2530000.0,09__SKB__DUR__INV__3,DUREX BCS Invisible Extra Thin 3S,,Hàng hóa,aecb890a-8bc9-11f1-9b18-005056b2a5de,7bcdd1cf-31b7-4030-85b3-8d5b59fc3505,aea7bdfe-8bc9-11f1-9b18-005056b2a5de,980,097330eb-f92d-4b88-95a8-1a83fd3d8064,
09__SKB__DUR__JEA__3,DUREX BCS Jeans 3S,Chăm Sóc Cá Nhân,Hộp,1.0,60000.0,0.0,0.0,0.0,0.0,0.0,0.0,0.0,0.0,0.0,0.0,0.0,0.0,5.0,300000.0,5.0,300000.0,09__SKB__DUR__JEA__3,DUREX BCS Jeans 3S,,Hàng hóa,aecb89a1-8bc9-11f1-9b18-005056b2a5de,c4310fba-def2-4a51-b0ae-f6fddf55fb3c,aea7bdfe-8bc9-11f1-9b18-005056b2a5de,981,097330eb-f92d-4b88-95a8-1a83fd3d8064,
09__SKB__DUR__KIN__12,DUREX BCS Kingtex 12S,Chăm Sóc Cá Nhân,Hộp,0.0,0.0,0.0,0.0,0.0,0.0,0.0,0.0,0.0,0.0,0.0,0.0,0.0,0.0,6.0,990000.0,6.0,990000.0,09__SKB__DUR__KIN__12,DUREX BCS Kingtex 12S,,Hàng hóa,aecb8a36-8bc9-11f1-9b18-005056b2a5de,1dc2b1cb-4d38-4223-9658-b1b0120a7df2,aea7bdfe-8bc9-11f1-9b18-005056b2a5de,982,097330eb-f92d-4b88-95a8-1a83fd3d8064,
09__SKB__DUR__KIN__3,DUREX BCS Kingtex 3S,Chăm Sóc Cá Nhân,Hộp,0.0,0.0,0.0,0.0,0.0,0.0,0.0,0.0,0.0,0.0,0.0,0.0,0.0,0.0,10.0,600000.0,10.0,600000.0,09__SKB__DUR__KIN__3,DUREX BCS Kingtex 3S,,Hàng hóa,aecb8b13-8bc9-11f1-9b18-005056b2a5de,829c3247-65b8-4308-aa28-e6c6ac3eae86,aea7bdfe-8bc9-11f1-9b18-005056b2a5de,983,097330eb-f92d-4b88-95a8-1a83fd3d8064,
09__SKB__DUR__LUB__10,DUREX BCS Durex Invisible Extra Thin Extra Lubricated 10,Chăm Sóc Cá Nhân,Hộp,0.0,0.0,0.0,0.0,0.0,0.0,0.0,0.0,0.0,0.0,0.0,0.0,0.0,0.0,-4.0,-1200000.0,-4.0,-1200000.0,09__SKB__DUR__LUB__10,DUREX BCS Durex Invisible Extra Thin Extra Lubricated 10,,Hàng hóa,aecb8bab-8bc9-11f1-9b18-005056b2a5de,20ece2ed-70ab-4205-b0a5-aa654e63648d,aea7bdfe-8bc9-11f1-9b18-005056b2a5de,984,097330eb-f92d-4b88-95a8-1a83fd3d8064,
09__SKB__DUR__PER__12,DUREX BCS Performa 12S,Chăm Sóc Cá Nhân,Hộp,0.0,0.0,0.0,0.0,0.0,0.0,0.0,0.0,0.0,0.0,0.0,0.0,0.0,0.0,10.0,2750000.0,10.0,2750000.0,09__SKB__DUR__PER__12,DUREX BCS Performa 12S,,Hàng hóa,aecb8c50-8bc9-11f1-9b18-005056b2a5de,4b34954c-32c6-4549-8c56-2da8b68060ec,aea7bdfe-8bc9-11f1-9b18-005056b2a5de,985,097330eb-f92d-4b88-95a8-1a83fd3d8064,
09__SKB__DUR__PER__3,DUREX BCS Performa 3S,Chăm Sóc Cá Nhân,Hộp,0.0,0.0,0.0,0.0,0.0,0.0,0.0,0.0,0.0,0.0,0.0,0.0,0.0,0.0,23.0,2185000.0,23.0,2185000.0,09__SKB__DUR__PER__3,DUREX BCS Performa 3S,,Hàng hóa,aecb8d05-8bc9-11f1-9b18-005056b2a5de,7b31f3f8-eea7-4382-9657-49801ef5fb4e,aea7bdfe-8bc9-11f1-9b18-005056b2a5de,986,097330eb-f92d-4b88-95a8-1a83fd3d8064,
09__SKB__DUR__PLE__3,DUREX BCS Pleasuremax 3S,Chăm Sóc Cá Nhân,Hộp,0.0,0.0,0.0,0.0,0.0,0.0,0.0,0.0,0.0,0.0,0.0,0.0,0.0,0.0,18.0,1620000.0,18.0,1620000.0,09__SKB__DUR__PLE__3,DUREX BCS Pleasuremax 3S,,Hàng hóa,aecb8d9a-8bc9-11f1-9b18-005056b2a5de,7c842e20-fae1-4a0b-8e39-8427d40c35fa,aea7bdfe-8bc9-11f1-9b18-005056b2a5de,987,097330eb-f92d-4b88-95a8-1a83fd3d8064,
09__SKG__DUR__CLA__50,DUREX Gel Bôi Trơn Play Classic 50ml,Chăm Sóc Cá Nhân,Chai,0.0,0.0,0.0,0.0,0.0,0.0,0.0,0.0,0.0,0.0,0.0,0.0,0.0,0.0,0.0,0.0,0.0,0.0,09__SKG__DUR__CLA__50,DUREX Gel Bôi Trơn Play Classic 50ml,,Hàng hóa,aecb8e32-8bc9-11f1-9b18-005056b2a5de,18f5bb99-62ce-4d5d-a301-d1a0169cf216,aea7bdfe-8bc9-11f1-9b18-005056b2a5de,988,097330eb-f92d-4b88-95a8-1a83fd3d8065,
10__VPB__TLG__027__1,THIÊN LONG Bút Bi TL027 Mực Xanh,Văn Phòng Phẩm,Cái,0.0,0.0,0.0,0.0,0.0,0.0,0.0,0.0,0.0,0.0,0.0,0.0,0.0,0.0,0.0,0.0,0.0,0.0,10__VPB__TLG__027__1,THIÊN LONG Bút Bi TL027 Mực Xanh,,Hàng hóa,aecb8eca-8bc9-11f1-9b18-005056b2a5de,6de2de4b-1433-410a-a4b6-93f232bfaaf1,aea7bdfe-8bc9-11f1-9b18-005056b2a5de,989,097330eb-f92d-4b88-95a8-1a83fd3d8061,
10__VPB__TLG__CHI__1,THIÊN LONG Bút Chì,Văn Phòng Phẩm,Cái,0.0,0.0,0.0,0.0,0.0,0.0,0.0,0.0,0.0,0.0,0.0,0.0,0.0,0.0,0.0,0.0,0.0,0.0,10__VPB__TLG__CHI__1,THIÊN LONG Bút Chì,,Hàng hóa,aecb8f5f-8bc9-11f1-9b18-005056b2a5de,7c90c09b-c8d4-45ad-a0a8-50380a892f32,aea7bdfe-8bc9-11f1-9b18-005056b2a5de,990,097330eb-f92d-4b88-95a8-1a83fd3d8061,
10__VPB__TLG__DAU__PM04,THIÊN LONG Bút Lông Dầu Mực Xanh PM04,Văn Phòng Phẩm,Cái,0.0,0.0,0.0,0.0,0.0,0.0,0.0,0.0,0.0,0.0,0.0,0.0,0.0,0.0,10.0,130000.0,10.0,130000.0,10__VPB__TLG__DAU__PM04,THIÊN LONG Bút Lông Dầu Mực Xanh PM04,,Hàng hóa,aecb8ff3-8bc9-11f1-9b18-005056b2a5de,f32914d4-7d2b-4526-9006-252216f67d9e,aea7bdfe-8bc9-11f1-9b18-005056b2a5de,991,097330eb-f92d-4b88-95a8-1a83fd3d8061,
10__VPB__TLG__DAU__PM09,THIÊN LONG Bút Lông Dầu Mực Xanh PM09,Văn Phòng Phẩm,Cái,0.0,0.0,0.0,0.0,0.0,0.0,0.0,0.0,0.0,0.0,0.0,0.0,0.0,0.0,17.0,255000.0,17.0,255000.0,10__VPB__TLG__DAU__PM09,THIÊN LONG Bút Lông Dầu Mực Xanh PM09,,Hàng hóa,aecb908e-8bc9-11f1-9b18-005056b2a5de,8217f579-6ba0-4f12-bed5-94c4ff385586,aea7bdfe-8bc9-11f1-9b18-005056b2a5de,992,097330eb-f92d-4b88-95a8-1a83fd3d8061,
10__VPB__TLG__SUN__1,THIÊN LONG Bút Bi SunBeam,Văn Phòng Phẩm,Cái,0.0,0.0,0.0,0.0,0.0,0.0,0.0,0.0,0.0,0.0,0.0,0.0,0.0,0.0,14.0,126000.0,14.0,126000.0,10__VPB__TLG__SUN__1,THIÊN LONG Bút Bi SunBeam,,Hàng hóa,aecb9125-8bc9-11f1-9b18-005056b2a5de,76069f65-a692-4cb1-b2b7-5e246e7b4fa2,aea7bdfe-8bc9-11f1-9b18-005056b2a5de,993,097330eb-f92d-4b88-95a8-1a83fd3d8061,
10__VPB__TLG__XAH__FO3,THIÊN LONG Bút Bi Mực Xanh F03,Văn Phòng Phẩm,Cái,0.0,0.0,0.0,0.0,0.0,0.0,0.0,0.0,0.0,0.0,0.0,0.0,0.0,0.0,0.0,0.0,0.0,0.0,10__VPB__TLG__XAH__FO3,THIÊN LONG Bút Bi Mực Xanh F03,,Hàng hóa,aecb9254-8bc9-11f1-9b18-005056b2a5de,fa38184a-1fa4-4183-9cea-abc31293fae2,aea7bdfe-8bc9-11f1-9b18-005056b2a5de,994,097330eb-f92d-4b88-95a8-1a83fd3d8061,
10__VPD__TLG__DAO__1,THIÊN LONG Dao Rọc Giấy,Văn Phòng Phẩm,Cái,0.0,0.0,0.0,0.0,0.0,0.0,0.0,0.0,0.0,0.0,0.0,0.0,0.0,0.0,6.0,180000.0,6.0,180000.0,10__VPD__TLG__DAO__1,THIÊN LONG Dao Rọc Giấy,,Hàng hóa,aecb92ea-8bc9-11f1-9b18-005056b2a5de,216bb254-1031-4cf2-946f-43e76fa70dd1,aea7bdfe-8bc9-11f1-9b18-005056b2a5de,995,097330eb-f92d-4b88-95a8-1a83fd3d8061,
10__VPD__TLG__LDO__10,THIÊN LONG Lưỡi Dao Rọc Giấy BL02 10 Cái,Văn Phòng Phẩm,Cái,0.0,0.0,0.0,0.0,0.0,0.0,0.0,0.0,0.0,0.0,0.0,0.0,0.0,0.0,36.0,540000.0,36.0,540000.0,10__VPD__TLG__LDO__10,THIÊN LONG Lưỡi Dao Rọc Giấy BL02 10 Cái,,Hàng hóa,aecb9514-8bc9-11f1-9b18-005056b2a5de,32d27479-9a8c-4d69-b455-7e7907b4dccb,aea7bdfe-8bc9-11f1-9b18-005056b2a5de,996,097330eb-f92d-4b88-95a8-1a83fd3d8061,
10__VPG__COP__PA4__500,COPY Paper Xấp Giấy A4 500 Tờ,Văn Phòng Phẩm,Gam,0.0,0.0,0.0,0.0,0.0,0.0,0.0,0.0,0.0,0.0,0.0,0.0,0.0,0.0,0.0,0.0,0.0,0.0,10__VPG__COP__PA4__500,COPY Paper Xấp Giấy A4 500 Tờ,,Hàng hóa,aecb95c3-8bc9-11f1-9b18-005056b2a5de,2af09c6e-e557-44f3-88ce-c48aa683a8a0,aea7bdfe-8bc9-11f1-9b18-005056b2a5de,997,097330eb-f92d-4b88-95a8-1a83fd3d8023,
10__VPG__COP__PA5__500,COPY Paper Xấp Giấy A5 500 Tờ,Văn Phòng Phẩm,Gam,0.0,0.0,0.0,0.0,0.0,0.0,0.0,0.0,0.0,0.0,0.0,0.0,0.0,0.0,8.0,360000.0,8.0,360000.0,10__VPG__COP__PA5__500,COPY Paper Xấp Giấy A5 500 Tờ,,Hàng hóa,aecb9661-8bc9-11f1-9b18-005056b2a5de,ef233ea9-8df9-4dcf-b341-03ba234cef6a,aea7bdfe-8bc9-11f1-9b18-005056b2a5de,998,097330eb-f92d-4b88-95a8-1a83fd3d8023,
10__VPI__ENE__A27__1,ENERGIZER Pin A27,Văn Phòng Phẩm,Vỉ,0.0,0.0,0.0,0.0,0.0,0.0,0.0,0.0,0.0,0.0,0.0,0.0,0.0,0.0,12.0,240000.0,12.0,240000.0,10__VPI__ENE__A27__1,ENERGIZER Pin A27,,Hàng hóa,aecb9745-8bc9-11f1-9b18-005056b2a5de,f611ad50-ec5e-468e-b300-c861453c4e9c,aea7bdfe-8bc9-11f1-9b18-005056b2a5de,999,097330eb-f92d-4b88-95a8-1a83fd3d8017,
10__VPI__ENE__AA__SW4,EVEREADY Pin 915 AA SW4,Văn Phòng Phẩm,Vỉ,0.0,0.0,0.0,0.0,0.0,0.0,0.0,0.0,0.0,0.0,0.0,0.0,0.0,0.0,2.0,22000.0,2.0,22000.0,10__VPI__ENE__AA__SW4,EVEREADY Pin 915 AA SW4,,Hàng hóa,aecb97dc-8bc9-11f1-9b18-005056b2a5de,2fec35fc-5b9c-483d-9797-e584becb38c0,aea7bdfe-8bc9-11f1-9b18-005056b2a5de,1000,097330eb-f92d-4b88-95a8-1a83fd3d8017,
10__VPI__ENE__AA2__2,ENERGIZER Max Pin AA2,Văn Phòng Phẩm,Vỉ,0.0,0.0,0.0,0.0,0.0,0.0,0.0,0.0,0.0,0.0,0.0,0.0,0.0,0.0,18.0,720000.0,18.0,720000.0,10__VPI__ENE__AA2__2,ENERGIZER Max Pin AA2,,Hàng hóa,aecb9872-8bc9-11f1-9b18-005056b2a5de,3a8a4b62-a158-456a-a7e5-d10f0e24abe8,aea7bdfe-8bc9-11f1-9b18-005056b2a5de,1001,097330eb-f92d-4b88-95a8-1a83fd3d8017,
10__VPI__ENE__AAA__2,ENERGIZER Max Pin AAA2,Văn Phòng Phẩm,Vỉ,0.0,0.0,0.0,0.0,0.0,0.0,0.0,0.0,0.0,0.0,0.0,0.0,0.0,0.0,22.0,880000.0,22.0,880000.0,10__VPI__ENE__AAA__2,ENERGIZER Max Pin AAA2,,Hàng hóa,aecb9905-8bc9-11f1-9b18-005056b2a5de,c6c0f8d4-aee1-4534-9bdd-380b1e63f530,aea7bdfe-8bc9-11f1-9b18-005056b2a5de,1002,097330eb-f92d-4b88-95a8-1a83fd3d8017,
10__VPI__ENE__AAA__SW4,EVEREADY Pin 912 AAA SW4,Văn Phòng Phẩm,Vỉ,0.0,0.0,0.0,0.0,0.0,0.0,0.0,0.0,0.0,0.0,0.0,0.0,0.0,0.0,0.0,0.0,0.0,0.0,10__VPI__ENE__AAA__SW4,EVEREADY Pin 912 AAA SW4,,Hàng hóa,aecb999e-8bc9-11f1-9b18-005056b2a5de,e4f6ae8e-2376-4406-898f-57a015d67a5b,aea7bdfe-8bc9-11f1-9b18-005056b2a5de,1003,097330eb-f92d-4b88-95a8-1a83fd3d8017,
10__VPI__ENE__LIT__PK5,ENERGIZER 2032 Pin Lithium,Văn Phòng Phẩm,Vì,0.0,0.0,0.0,0.0,0.0,0.0,0.0,0.0,0.0,0.0,0.0,0.0,0.0,0.0,5.0,55000.0,5.0,55000.0,10__VPI__ENE__LIT__PK5,ENERGIZER 2032 Pin Lithium,,Hàng hóa,aecb9a38-8bc9-11f1-9b18-005056b2a5de,d839d402-a936-407e-b2ab-05f2c9aa1aac,aea7bdfe-8bc9-11f1-9b18-005056b2a5de,1004,2580c0c2-fa3b-4aa4-807f-feedeeb5e3c0,
10__VPI__EVE__SW1__9V,EVEREADY Pin Super Heavy Duty 1222 SW1 9V,Văn Phòng Phẩm,Cái,0.0,0.0,0.0,0.0,0.0,0.0,0.0,0.0,0.0,0.0,0.0,0.0,0.0,0.0,10.0,240000.0,10.0,240000.0,10__VPI__EVE__SW1__9V,EVEREADY Pin Super Heavy Duty 1222 SW1 9V,,Hàng hóa,aecb9b12-8bc9-11f1-9b18-005056b2a5de,f93e14b7-f3d6-4b92-951f-58774b028ff9,aea7bdfe-8bc9-11f1-9b18-005056b2a5de,1005,097330eb-f92d-4b88-95a8-1a83fd3d8061,
10__VPK__KEO__GLU__1,502 Keo Super Glue,Văn Phòng Phẩm,Chai,0.0,0.0,0.0,0.0,0.0,0.0,0.0,0.0,0.0,0.0,0.0,0.0,0.0,0.0,19.0,190000.0,19.0,190000.0,10__VPK__KEO__GLU__1,502 Keo Super Glue,,Hàng hóa,aecb9ba8-8bc9-11f1-9b18-005056b2a5de,ce9c4fe7-3b87-46e9-af59-7342c2c27d99,aea7bdfe-8bc9-11f1-9b18-005056b2a5de,1006,097330eb-f92d-4b88-95a8-1a83fd3d8065,
10__VPK__OPP__CAI__18,OPP Băng Keo Trong 18mm*18,Văn Phòng Phẩm,Cái,0.0,0.0,0.0,0.0,0.0,0.0,0.0,0.0,0.0,0.0,0.0,0.0,0.0,0.0,13.0,91000.0,13.0,91000.0,10__VPK__OPP__CAI__18,OPP Băng Keo Trong 18mm*18,,Hàng hóa,aecb9c3d-8bc9-11f1-9b18-005056b2a5de,d5a39425-d51a-4e8d-987d-81b8ace08951,aea7bdfe-8bc9-11f1-9b18-005056b2a5de,1007,097330eb-f92d-4b88-95a8-1a83fd3d8061,
10__VPK__OPP__CAI__24,OPP Băng Keo 2 Mặt 24mm,Văn Phòng Phẩm,Cái,0.0,0.0,0.0,0.0,0.0,0.0,0.0,0.0,0.0,0.0,0.0,0.0,0.0,0.0,7.0,84000.0,7.0,84000.0,10__VPK__OPP__CAI__24,OPP Băng Keo 2 Mặt 24mm,,Hàng hóa,aecb9cd4-8bc9-11f1-9b18-005056b2a5de,18f4bdc2-37e1-48e7-84c9-a65a8cee9e57,aea7bdfe-8bc9-11f1-9b18-005056b2a5de,1008,097330eb-f92d-4b88-95a8-1a83fd3d8061,
10__VPK__OPP__CAI__48,OPP Băng Keo Trong 48mm 50Y,Văn Phòng Phẩm,Cái,0.0,0.0,0.0,0.0,0.0,0.0,0.0,0.0,0.0,0.0,0.0,0.0,0.0,0.0,0.0,0.0,0.0,0.0,10__VPK__OPP__CAI__48,OPP Băng Keo Trong 48mm 50Y,,Hàng hóa,aecb9d6a-8bc9-11f1-9b18-005056b2a5de,6d161f3c-05cd-4702-b670-d57717f2ff0c,aea7bdfe-8bc9-11f1-9b18-005056b2a5de,1009,097330eb-f92d-4b88-95a8-1a83fd3d8061,
10__VPK__TLG__HOP__1,THIÊN LONG Kim Bấm Số 10,Văn Phòng Phẩm,Cái,0.0,0.0,0.0,0.0,0.0,0.0,0.0,0.0,0.0,0.0,0.0,0.0,0.0,0.0,38.0,190000.0,38.0,190000.0,10__VPK__TLG__HOP__1,THIÊN LONG Kim Bấm Số 10,,Hàng hóa,aecb9dff-8bc9-11f1-9b18-005056b2a5de,533bb574-afbf-4b62-8de9-3385ce09bf8c,aea7bdfe-8bc9-11f1-9b18-005056b2a5de,1010,097330eb-f92d-4b88-95a8-1a83fd3d8061,
10__VPK__TLG__KIM__10,THIÊN LONG Bấm Kim Số 10,Văn Phòng Phẩm,Cái,0.0,0.0,0.0,0.0,0.0,0.0,0.0,0.0,0.0,0.0,0.0,0.0,0.0,0.0,6.0,150000.0,6.0,150000.0,10__VPK__TLG__KIM__10,THIÊN LONG Bấm Kim Số 10,,Hàng hóa,aecb9e92-8bc9-11f1-9b18-005056b2a5de,8c532c95-56af-4f5b-a04c-1eb24e9fc5cc,aea7bdfe-8bc9-11f1-9b18-005056b2a5de,1011,097330eb-f92d-4b88-95a8-1a83fd3d8061,
10__VPP__TLG__BA4__1,THIÊN LONG Bìa Trình Ký A4,Văn Phòng Phẩm,Cái,0.0,0.0,0.0,0.0,0.0,0.0,0.0,0.0,0.0,0.0,0.0,0.0,0.0,0.0,2.0,76000.0,2.0,76000.0,10__VPP__TLG__BA4__1,THIÊN LONG Bìa Trình Ký A4,,Hàng hóa,aecb9f36-8bc9-11f1-9b18-005056b2a5de,7a107f92-ad55-4c90-980f-92500119315a,aea7bdfe-8bc9-11f1-9b18-005056b2a5de,1012,097330eb-f92d-4b88-95a8-1a83fd3d8061,
10__VPP__TLG__KEO__18,THIÊN LONG Kéo 18cm,Văn Phòng Phẩm,Cái,0.0,0.0,0.0,0.0,0.0,0.0,0.0,0.0,0.0,0.0,0.0,0.0,0.0,0.0,7.0,189000.0,7.0,189000.0,10__VPP__TLG__KEO__18,THIÊN LONG Kéo 18cm,,Hàng hóa,aecb9fd0-8bc9-11f1-9b18-005056b2a5de,300eff5a-9047-471f-bed1-610825cbbe65,aea7bdfe-8bc9-11f1-9b18-005056b2a5de,1013,097330eb-f92d-4b88-95a8-1a83fd3d8061,
10__VPP__TLG__NUT__1,THIÊN LONG Bìa Nút,Văn Phòng Phẩm,Cái,0.0,0.0,0.0,0.0,0.0,0.0,0.0,0.0,0.0,0.0,0.0,0.0,0.0,0.0,29.0,174000.0,29.0,174000.0,10__VPP__TLG__NUT__1,THIÊN LONG Bìa Nút,,Hàng hóa,aecba064-8bc9-11f1-9b18-005056b2a5de,eeb82eb4-4d39-43ca-a0e8-ca25a4d5df8a,aea7bdfe-8bc9-11f1-9b18-005056b2a5de,1014,097330eb-f92d-4b88-95a8-1a83fd3d8061,
10__VPP__TLG__THG__1,THIÊN LONG Thước Thẳng,Văn Phòng Phẩm,Cái,0.0,0.0,0.0,0.0,0.0,0.0,0.0,0.0,0.0,0.0,0.0,0.0,0.0,0.0,7.0,42000.0,7.0,42000.0,10__VPP__TLG__THG__1,THIÊN LONG Thước Thẳng,,Hàng hóa,aecba0f8-8bc9-11f1-9b18-005056b2a5de,14b44f98-8f69-4625-851b-0a32e1fe7155,aea7bdfe-8bc9-11f1-9b18-005056b2a5de,1015,097330eb-f92d-4b88-95a8-1a83fd3d8061,
10__VPV__TLG__JOY__96,THIÊN LONG Vở 96 Trang Joyee,Văn Phòng Phẩm,Cái,0.0,0.0,0.0,0.0,0.0,0.0,0.0,0.0,0.0,0.0,0.0,0.0,0.0,0.0,0.0,0.0,0.0,0.0,10__VPV__TLG__JOY__96,THIÊN LONG Vở 96 Trang Joyee,,Hàng hóa,aecba18b-8bc9-11f1-9b18-005056b2a5de,394e18fe-2e5d-477b-b510-114f69571e1f,aea7bdfe-8bc9-11f1-9b18-005056b2a5de,1016,097330eb-f92d-4b88-95a8-1a83fd3d8061,
11__BHQ__MIR__CAI__1,MIRA Hộp Quẹt,Đồ Dùng Bếp,Cái,0.0,0.0,0.0,0.0,0.0,0.0,0.0,0.0,0.0,0.0,0.0,0.0,0.0,0.0,1.0,7000.0,1.0,7000.0,11__BHQ__MIR__CAI__1,MIRA Hộp Quẹt,,Hàng hóa,aecba367-8bc9-11f1-9b18-005056b2a5de,27d6bfc6-dd27-4cc4-8b65-eaaf26e1a28e,aea7bdfe-8bc9-11f1-9b18-005056b2a5de,1017,097330eb-f92d-4b88-95a8-1a83fd3d8061,
11__BLK__GIF__MAT__540,GIFT Lau Kính Sắc Biển Tươi Mát 540ml,Đồ Dùng Bếp,Chai,0.0,0.0,0.0,0.0,0.0,0.0,0.0,0.0,0.0,0.0,0.0,0.0,0.0,0.0,4.0,100000.0,4.0,100000.0,11__BLK__GIF__MAT__540,GIFT Lau Kính Sắc Biển Tươi Mát 540ml,,Hàng hóa,aecba408-8bc9-11f1-9b18-005056b2a5de,0e4a7c57-f91c-4f38-afdd-d5a94f92f8a5,aea7bdfe-8bc9-11f1-9b18-005056b2a5de,1018,097330eb-f92d-4b88-95a8-1a83fd3d8065,
11__BLS__SUN__BHA__1000,SUNLIGHT Lau Sàn Hương Hoa & Hạ Bạc Hà 1Kg,Đồ Dùng Bếp,Chai,0.0,0.0,0.0,0.0,0.0,0.0,0.0,0.0,0.0,0.0,0.0,0.0,0.0,0.0,1.0,38000.0,1.0,38000.0,11__BLS__SUN__BHA__1000,SUNLIGHT Lau Sàn Hương Hoa & Hạ Bạc Hà 1Kg,,Hàng hóa,aecba4a4-8bc9-11f1-9b18-005056b2a5de,3741b0b3-da6f-43f0-a81f-a9f8a5d0f7c8,aea7bdfe-8bc9-11f1-9b18-005056b2a5de,1019,097330eb-f92d-4b88-95a8-1a83fd3d8065,
11__BLS__SUN__LAV__1000,SUNLIGHT Lau Sàn Hương Hoa Lavender 1Kg,Đồ Dùng Bếp,Chai,0.0,0.0,0.0,0.0,0.0,0.0,0.0,0.0,0.0,0.0,0.0,0.0,0.0,0.0,4.0,152000.0,4.0,152000.0,11__BLS__SUN__LAV__1000,SUNLIGHT Lau Sàn Hương Hoa Lavender 1Kg,,Hàng hóa,aecba53c-8bc9-11f1-9b18-005056b2a5de,91281c21-60f6-42d7-9e63-b0af72aa1a3c,aea7bdfe-8bc9-11f1-9b18-005056b2a5de,1020,097330eb-f92d-4b88-95a8-1a83fd3d8065,
11__BLS__SUN__LIL__1000,SUNLIGHT Lau Sàn Hương Hoa Lily & Bạch Trà 1Kg,Đồ Dùng Bếp,Chai,0.0,0.0,0.0,0.0,0.0,0.0,0.0,0.0,0.0,0.0,0.0,0.0,0.0,0.0,3.0,114000.0,3.0,114000.0,11__BLS__SUN__LIL__1000,SUNLIGHT Lau Sàn Hương Hoa Lily & Bạch Trà 1Kg,,Hàng hóa,aecba612-8bc9-11f1-9b18-005056b2a5de,2f509580-336e-46ef-9073-011ab0b2a8a4,aea7bdfe-8bc9-11f1-9b18-005056b2a5de,1021,097330eb-f92d-4b88-95a8-1a83fd3d8065,
11__BLS__SUN__YUZ__1000,SUNLIGHT Lau Sàn Hương Chanh Yuzu Và Sả 1Kg,Đồ Dùng Bếp,Chai,0.0,0.0,0.0,0.0,0.0,0.0,0.0,0.0,0.0,0.0,0.0,0.0,0.0,0.0,11.0,429000.0,11.0,429000.0,11__BLS__SUN__YUZ__1000,SUNLIGHT Lau Sàn Hương Chanh Yuzu Và Sả 1Kg,,Hàng hóa,aecba6b3-8bc9-11f1-9b18-005056b2a5de,60fef4db-2bf3-4c1d-b965-ea7d98303eaf,aea7bdfe-8bc9-11f1-9b18-005056b2a5de,1022,097330eb-f92d-4b88-95a8-1a83fd3d8065,
11__BSA__MIR__BIH__1,MIRA Áo Mưa Sử Dụng 1 Lần,,Cái,0.0,0.0,0.0,0.0,0.0,0.0,0.0,0.0,0.0,0.0,0.0,0.0,0.0,0.0,1.0,10000.0,1.0,10000.0,11__BSA__MIR__BIH__1,MIRA Áo Mưa Sử Dụng 1 Lần,,Hàng hóa,aecba749-8bc9-11f1-9b18-005056b2a5de,1e7f8c9e-b44d-41e8-b966-43426bf5680a,aea7bdfe-8bc9-11f1-9b18-005056b2a5de,1023,097330eb-f92d-4b88-95a8-1a83fd3d8061,
11__BSM__JUM__NHA__222,JUMBO Nhang Muỗi S2 222g,Đồ Dùng Bếp,Hộp,0.0,0.0,0.0,0.0,0.0,0.0,0.0,0.0,0.0,0.0,0.0,0.0,0.0,0.0,4.0,60000.0,4.0,60000.0,11__BSM__JUM__NHA__222,JUMBO Nhang Muỗi S2 222g,,Hàng hóa,aecba8b1-8bc9-11f1-9b18-005056b2a5de,d74c6bbf-5ad5-4b34-9829-b44cf8e73a82,aea7bdfe-8bc9-11f1-9b18-005056b2a5de,1024,097330eb-f92d-4b88-95a8-1a83fd3d8064,
11__BSS__GLA__HOA__180,GLADE Sáp Thơm Tuyệt Tác Hương Hoa 180g,Đồ Dùng Bếp,Hộp,0.0,0.0,0.0,0.0,0.0,0.0,0.0,0.0,0.0,0.0,0.0,0.0,0.0,0.0,2.0,116000.0,2.0,116000.0,11__BSS__GLA__HOA__180,GLADE Sáp Thơm Tuyệt Tác Hương Hoa 180g,,Hàng hóa,aecba951-8bc9-11f1-9b18-005056b2a5de,92afe914-9091-4715-a988-ce4e539e06a6,aea7bdfe-8bc9-11f1-9b18-005056b2a5de,1025,097330eb-f92d-4b88-95a8-1a83fd3d8064,
11__BSS__GLA__LAI__180,GLADE Sáp Thơm Hương Hoa Lài 180g,Đồ Dùng Bếp,Hộp,0.0,0.0,0.0,0.0,0.0,0.0,0.0,0.0,0.0,0.0,0.0,0.0,0.0,0.0,1.0,58000.0,1.0,58000.0,11__BSS__GLA__LAI__180,GLADE Sáp Thơm Hương Hoa Lài 180g,,Hàng hóa,aecba9ef-8bc9-11f1-9b18-005056b2a5de,5c657491-d436-4ced-98ae-a6dc69468ac6,aea7bdfe-8bc9-11f1-9b18-005056b2a5de,1026,097330eb-f92d-4b88-95a8-1a83fd3d8064,
11__BSS__GLA__LAV__180,GLADE Sáp Thơm Hương Lavender 180g,Đồ Dùng Bếp,Hộp,0.0,0.0,0.0,0.0,0.0,0.0,0.0,0.0,0.0,0.0,0.0,0.0,0.0,0.0,0.0,0.0,0.0,0.0,11__BSS__GLA__LAV__180,GLADE Sáp Thơm Hương Lavender 180g,,Hàng hóa,aecbaa86-8bc9-11f1-9b18-005056b2a5de,212954ef-638b-497e-9af2-3c274553151e,aea7bdfe-8bc9-11f1-9b18-005056b2a5de,1027,097330eb-f92d-4b88-95a8-1a83fd3d8064,
11__BST__GLA__CHH__280,GLADE Bình Xịt Thơm Phòng Hương Chanh 280ml,Đồ Dùng Bếp,Chai,0.0,0.0,0.0,0.0,0.0,0.0,0.0,0.0,0.0,0.0,0.0,0.0,0.0,0.0,2.0,130000.0,2.0,130000.0,11__BST__GLA__CHH__280,GLADE Bình Xịt Thơm Phòng Hương Chanh 280ml,,Hàng hóa,aecbab3d-8bc9-11f1-9b18-005056b2a5de,f4697dd3-5c09-42b4-8fc8-041f804f88c6,aea7bdfe-8bc9-11f1-9b18-005056b2a5de,1028,097330eb-f92d-4b88-95a8-1a83fd3d8065,
11__BST__GLA__OAI__280,GLADE Bình Xịt Thơm Phòng Hương Hoa Oải Hương 280ml,Đồ Dùng Bếp,Chai,0.0,0.0,0.0,0.0,0.0,0.0,0.0,0.0,0.0,0.0,0.0,0.0,0.0,0.0,0.0,0.0,0.0,0.0,11__BST__GLA__OAI__280,GLADE Bình Xịt Thơm Phòng Hương Hoa Oải Hương 280ml,,Hàng hóa,aecbabd8-8bc9-11f1-9b18-005056b2a5de,f660dbd8-4d8a-4666-aa34-87d8306713c4,aea7bdfe-8bc9-11f1-9b18-005056b2a5de,1029,097330eb-f92d-4b88-95a8-1a83fd3d8065,
11__BST__GLA__TTC__280,GLADE Bình Xịt Thơm Phòng Tuyệt Tác Hương Hoa 280ml,Đồ Dùng Bếp,Chai,0.0,0.0,0.0,0.0,0.0,0.0,0.0,0.0,0.0,0.0,0.0,0.0,0.0,0.0,1.0,64000.0,1.0,64000.0,11__BST__GLA__TTC__280,GLADE Bình Xịt Thơm Phòng Tuyệt Tác Hương Hoa 280ml,,Hàng hóa,aecbac6d-8bc9-11f1-9b18-005056b2a5de,57915f2f-14bd-4951-9b5b-04cc78a8f1cb,aea7bdfe-8bc9-11f1-9b18-005056b2a5de,1030,097330eb-f92d-4b88-95a8-1a83fd3d8065,
11__BSX__JUM__0MI__600,JUMBO Xịt Côn Trùng Không Mùi 600ml,Đồ Dùng Bếp,Chai,0.0,0.0,0.0,0.0,0.0,0.0,0.0,0.0,0.0,0.0,0.0,0.0,0.0,0.0,12.0,828000.0,12.0,828000.0,11__BSX__JUM__0MI__600,JUMBO Xịt Côn Trùng Không Mùi 600ml,,Hàng hóa,aecbad03-8bc9-11f1-9b18-005056b2a5de,61a55390-e1ee-4268-9ab7-05fe3f5a52b5,aea7bdfe-8bc9-11f1-9b18-005056b2a5de,1031,097330eb-f92d-4b88-95a8-1a83fd3d8065,
11__BSX__JUM__CCH__300,JUMBO Xịt Côn Trùng Cam Chanh 300ml,Đồ Dùng Bếp,Chai,0.0,0.0,0.0,0.0,0.0,0.0,0.0,0.0,0.0,0.0,0.0,0.0,0.0,0.0,15.0,585000.0,15.0,585000.0,11__BSX__JUM__CCH__300,JUMBO Xịt Côn Trùng Cam Chanh 300ml,,Hàng hóa,aecbad9b-8bc9-11f1-9b18-005056b2a5de,92f7fcc2-5373-43b5-9b24-9d0b97d2548a,aea7bdfe-8bc9-11f1-9b18-005056b2a5de,1032,097330eb-f92d-4b88-95a8-1a83fd3d8065,
11__BSX__JUM__CCH__660,JUMBO Xịt Côn Trùng Cam Chanh 660ml,Đồ Dùng Bếp,Chai,0.0,0.0,0.0,0.0,0.0,0.0,0.0,0.0,0.0,0.0,0.0,0.0,0.0,0.0,12.0,900000.0,12.0,900000.0,11__BSX__JUM__CCH__660,JUMBO Xịt Côn Trùng Cam Chanh 660ml,,Hàng hóa,aecbae32-8bc9-11f1-9b18-005056b2a5de,6daa10e3-f8ba-4c23-9e4f-de59d33d4cda,aea7bdfe-8bc9-11f1-9b18-005056b2a5de,1033,097330eb-f92d-4b88-95a8-1a83fd3d8065,
11__BSX__JUM__LAV__600,JUMBO Xịt Côn Trùng Lavender 600ml,Đồ Dùng Bếp,Chai,0.0,0.0,0.0,0.0,0.0,0.0,0.0,0.0,0.0,0.0,0.0,0.0,0.0,0.0,15.0,1125000.0,15.0,1125000.0,11__BSX__JUM__LAV__600,JUMBO Xịt Côn Trùng Lavender 600ml,,Hàng hóa,aecbaecb-8bc9-11f1-9b18-005056b2a5de,0c5ed7b8-333e-462a-8c55-c6b5c63d5e74,aea7bdfe-8bc9-11f1-9b18-005056b2a5de,1034,097330eb-f92d-4b88-95a8-1a83fd3d8065,
11__BSX__RAI__0MI__520,RAID Bình Xịt Côn Trùng Không Mùi 520ml,Đồ Dùng Bếp,Chai,0.0,0.0,0.0,0.0,0.0,0.0,0.0,0.0,0.0,0.0,0.0,0.0,0.0,0.0,0.0,0.0,0.0,0.0,11__BSX__RAI__0MI__520,RAID Bình Xịt Côn Trùng Không Mùi 520ml,,Hàng hóa,aecbaf64-8bc9-11f1-9b18-005056b2a5de,d7ea2dc0-72ea-4b22-b9db-19b65adaf222,aea7bdfe-8bc9-11f1-9b18-005056b2a5de,1035,097330eb-f92d-4b88-95a8-1a83fd3d8065,
11__BSX__RAI__LAV__700,RAID Bình Xịt Côn Trùng Lavender 520ml,Đồ Dùng Bếp,Chai,0.0,0.0,0.0,0.0,0.0,0.0,0.0,0.0,0.0,0.0,0.0,0.0,0.0,0.0,0.0,0.0,0.0,0.0,11__BSX__RAI__LAV__700,RAID Bình Xịt Côn Trùng Lavender 520ml,,Hàng hóa,aecbaffb-8bc9-11f1-9b18-005056b2a5de,e847d32d-eecf-4555-8399-606222efa947,aea7bdfe-8bc9-11f1-9b18-005056b2a5de,1036,097330eb-f92d-4b88-95a8-1a83fd3d8065,
11__BTR__GIF__TOI__600,GIFT Tẩy Rửa Toilet 600ml,Đồ Dùng Bếp,Chai,0.0,0.0,0.0,0.0,0.0,0.0,0.0,0.0,0.0,0.0,0.0,0.0,0.0,0.0,5.0,90000.0,5.0,90000.0,11__BTR__GIF__TOI__600,GIFT Tẩy Rửa Toilet 600ml,,Hàng hóa,aecbb08f-8bc9-11f1-9b18-005056b2a5de,cdf41b76-a3db-4ef3-aa43-e07038bef0d5,aea7bdfe-8bc9-11f1-9b18-005056b2a5de,1037,097330eb-f92d-4b88-95a8-1a83fd3d8065,
11__BTR__VIM__BHA__180,VIM Thả Bồn Cầu Hương Bạc Hà 180g,Đồ Dùng Bếp,Vỉ,0.0,0.0,0.0,0.0,0.0,0.0,0.0,0.0,0.0,0.0,0.0,0.0,0.0,0.0,6.0,300000.0,6.0,300000.0,11__BTR__VIM__BHA__180,VIM Thả Bồn Cầu Hương Bạc Hà 180g,,Hàng hóa,aecbb125-8bc9-11f1-9b18-005056b2a5de,97c3980e-cb66-49f3-b273-b838e65cb5e6,aea7bdfe-8bc9-11f1-9b18-005056b2a5de,1038,097330eb-f92d-4b88-95a8-1a83fd3d8017,
11__BTR__VIM__CHH__50,VIM Treo Bồn Cầu Hương Chanh 50g,Đồ Dùng Bếp,Cái,0.0,0.0,0.0,0.0,0.0,0.0,0.0,0.0,0.0,0.0,0.0,0.0,0.0,0.0,11.0,330000.0,11.0,330000.0,11__BTR__VIM__CHH__50,VIM Treo Bồn Cầu Hương Chanh 50g,,Hàng hóa,aecbb1b9-8bc9-11f1-9b18-005056b2a5de,2d257012-be87-4729-b8b7-5eb7d27a7fa6,aea7bdfe-8bc9-11f1-9b18-005056b2a5de,1039,097330eb-f92d-4b88-95a8-1a83fd3d8061,
11__BTR__VIM__TRX__50,VIM Treo Bồn Cầu Hương Trà Xanh & Chanh 50g,Đồ Dùng Bếp,Cái,0.0,0.0,0.0,0.0,0.0,0.0,0.0,0.0,0.0,0.0,0.0,0.0,0.0,0.0,4.0,120000.0,4.0,120000.0,11__BTR__VIM__TRX__50,VIM Treo Bồn Cầu Hương Trà Xanh & Chanh 50g,,Hàng hóa,aecbb254-8bc9-11f1-9b18-005056b2a5de,9f4b6ee0-f774-491d-b0be-0de76d8754cc,aea7bdfe-8bc9-11f1-9b18-005056b2a5de,1040,097330eb-f92d-4b88-95a8-1a83fd3d8061,
11__BTR__VIM__XAH__500,VIM Chai Xanh Biển 500ml,Đồ Dùng Bếp,Chai,0.0,0.0,0.0,0.0,0.0,0.0,0.0,0.0,0.0,0.0,0.0,0.0,0.0,0.0,1.0,28000.0,1.0,28000.0,11__BTR__VIM__XAH__500,VIM Chai Xanh Biển 500ml,,Hàng hóa,aecbb2e9-8bc9-11f1-9b18-005056b2a5de,e102ff83-48bf-46f3-a4cb-fd3d7b9bdbd5,aea7bdfe-8bc9-11f1-9b18-005056b2a5de,1041,097330eb-f92d-4b88-95a8-1a83fd3d8065,
11__BTT__NTU__HOP__1,Tăm Tre Tiệt Trùng Ngọc Thu,Đồ Dùng Bếp,Hộp,0.0,0.0,0.0,0.0,0.0,0.0,0.0,0.0,0.0,0.0,0.0,0.0,0.0,0.0,8.0,80000.0,8.0,80000.0,11__BTT__NTU__HOP__1,Tăm Tre Tiệt Trùng Ngọc Thu,,Hàng hóa,aecbb380-8bc9-11f1-9b18-005056b2a5de,98e87798-39b0-4246-b3fa-a60cdf080ff1,aea7bdfe-8bc9-11f1-9b18-005056b2a5de,1042,097330eb-f92d-4b88-95a8-1a83fd3d8064,
11__BVC__SUN__BEP__690,SUNLIGHT Kem Tẩy Chuyên Dụng 690g,Đồ Dùng Bếp,Chai,0.0,0.0,0.0,0.0,0.0,0.0,0.0,0.0,0.0,0.0,0.0,0.0,0.0,0.0,15.0,525000.0,15.0,525000.0,11__BVC__SUN__BEP__690,SUNLIGHT Kem Tẩy Chuyên Dụng 690g,,Hàng hóa,aecbb427-8bc9-11f1-9b18-005056b2a5de,fb9fb2e1-304e-4471-af00-487595b62edc,aea7bdfe-8bc9-11f1-9b18-005056b2a5de,1043,097330eb-f92d-4b88-95a8-1a83fd3d8065,
11__BVL__SUN__CSA__500,SUNLIGHT Lau Đa Năng Chanh Và Sả 500ml,Đồ Dùng Bếp,Chai,0.0,0.0,0.0,0.0,0.0,0.0,0.0,0.0,0.0,0.0,0.0,0.0,0.0,0.0,7.0,231000.0,7.0,231000.0,11__BVL__SUN__CSA__500,SUNLIGHT Lau Đa Năng Chanh Và Sả 500ml,,Hàng hóa,aecbb4bb-8bc9-11f1-9b18-005056b2a5de,8892e87d-22cc-4ee9-ac4f-30477f354fde,aea7bdfe-8bc9-11f1-9b18-005056b2a5de,1044,097330eb-f92d-4b88-95a8-1a83fd3d8065,
11__BVL__SUN__POW__500,SUNLIGHT Lau Bếp Bọt Tuyết Powerfoam 500ml,Đồ Dùng Bếp,Chai,0.0,0.0,0.0,0.0,0.0,0.0,0.0,0.0,0.0,0.0,0.0,0.0,0.0,0.0,6.0,234000.0,6.0,234000.0,11__BVL__SUN__POW__500,SUNLIGHT Lau Bếp Bọt Tuyết Powerfoam 500ml,,Hàng hóa,aecbb552-8bc9-11f1-9b18-005056b2a5de,d7d0675b-1502-43f1-9a88-dccb5f49e8f4,aea7bdfe-8bc9-11f1-9b18-005056b2a5de,1045,097330eb-f92d-4b88-95a8-1a83fd3d8065,
11__BVN__HOM__CAM__750,HOMEY Nước Rửa Chén Hương Cam Satsuma 750g,Đồ Dùng Bếp,Chai,0.0,0.0,0.0,0.0,0.0,0.0,0.0,0.0,0.0,0.0,0.0,0.0,0.0,0.0,2.0,48000.0,2.0,48000.0,11__BVN__HOM__CAM__750,HOMEY Nước Rửa Chén Hương Cam Satsuma 750g,,Hàng hóa,aecbb5e6-8bc9-11f1-9b18-005056b2a5de,2bfda161-3267-4de8-a398-7cc631bf3e30,aea7bdfe-8bc9-11f1-9b18-005056b2a5de,1046,097330eb-f92d-4b88-95a8-1a83fd3d8065,
11__BVN__SUN__CHH__400,SUNLIGHT Nước Rửa Chén Chanh 100 400g,Đồ Dùng Bếp,Chai,0.0,0.0,0.0,0.0,0.0,0.0,0.0,0.0,0.0,0.0,0.0,0.0,0.0,0.0,11.0,242000.0,11.0,242000.0,11__BVN__SUN__CHH__400,SUNLIGHT Nước Rửa Chén Chanh 100 400g,,Hàng hóa,aecbb67f-8bc9-11f1-9b18-005056b2a5de,158cff02-8eb0-4b4d-bd26-6893eb656838,aea7bdfe-8bc9-11f1-9b18-005056b2a5de,1047,097330eb-f92d-4b88-95a8-1a83fd3d8065,
11__BVN__SUN__LHI__400,SUNLIGHT Nước Rửa Chén Thiên Nhiên Lô Hội 400g,Đồ Dùng Bếp,Chai,0.0,0.0,0.0,0.0,0.0,0.0,0.0,0.0,0.0,0.0,0.0,0.0,0.0,0.0,3.0,66000.0,3.0,66000.0,11__BVN__SUN__LHI__400,SUNLIGHT Nước Rửa Chén Thiên Nhiên Lô Hội 400g,,Hàng hóa,aecbb715-8bc9-11f1-9b18-005056b2a5de,08ef4768-8de3-4fc4-95e9-af70a5b6ad60,aea7bdfe-8bc9-11f1-9b18-005056b2a5de,1048,097330eb-f92d-4b88-95a8-1a83fd3d8065,
11__BVN__SUN__MAT__400,SUNLIGHT Nước Rửa Chén Matcha Trà Nhật 400g,Đồ Dùng Bếp,Chai,0.0,0.0,0.0,0.0,0.0,0.0,0.0,0.0,0.0,0.0,0.0,0.0,0.0,0.0,1.0,22000.0,1.0,22000.0,11__BVN__SUN__MAT__400,SUNLIGHT Nước Rửa Chén Matcha Trà Nhật 400g,,Hàng hóa,aecbb7aa-8bc9-11f1-9b18-005056b2a5de,86ce3155-2c0d-4df0-8e7e-f3bf0bb699bc,aea7bdfe-8bc9-11f1-9b18-005056b2a5de,1049,097330eb-f92d-4b88-95a8-1a83fd3d8065,
11__VNG__HYG__DEN__1800,HYGIENE Nước Giặt Túi Đen 1.8L,Chăm Sóc Quần Áo,Bịch,0.0,0.0,0.0,0.0,0.0,0.0,0.0,0.0,0.0,0.0,0.0,0.0,0.0,0.0,8.0,750000.0,8.0,750000.0,11__VNG__HYG__DEN__1800,HYGIENE Nước Giặt Túi Đen 1.8L,,Hàng hóa,aecbb842-8bc9-11f1-9b18-005056b2a5de,37f7fca6-fe43-4b89-9847-1001862122de,aea7bdfe-8bc9-11f1-9b18-005056b2a5de,1050,097330eb-f92d-4b88-95a8-1a83fd3d8011,
11__VNG__OMO__3I1__210,OMO Viên Giặt 3in1 Hương Tươi Mát 210g,Chăm Sóc Quần Áo,Hộp,0.0,0.0,0.0,0.0,0.0,0.0,0.0,0.0,0.0,0.0,0.0,0.0,0.0,0.0,4.0,408000.0,4.0,408000.0,11__VNG__OMO__3I1__210,OMO Viên Giặt 3in1 Hương Tươi Mát 210g,,Hàng hóa,aecbb8da-8bc9-11f1-9b18-005056b2a5de,97405aa6-d925-49de-b550-9614af21f32a,aea7bdfe-8bc9-11f1-9b18-005056b2a5de,1051,097330eb-f92d-4b88-95a8-1a83fd3d8064,
11__VNG__OMO__COM__350,OMO COMFORT Bột Giặt Tinh Dầu Thơm Sang Trọng 350g,Chăm Sóc Quần Áo,Bịch,0.0,0.0,0.0,0.0,0.0,0.0,0.0,0.0,0.0,0.0,0.0,0.0,0.0,0.0,0.0,0.0,0.0,0.0,11__VNG__OMO__COM__350,OMO COMFORT Bột Giặt Tinh Dầu Thơm Sang Trọng 350g,,Hàng hóa,aecbb971-8bc9-11f1-9b18-005056b2a5de,e63ff858-4fe8-4822-b336-e86b165c1d1a,aea7bdfe-8bc9-11f1-9b18-005056b2a5de,1052,097330eb-f92d-4b88-95a8-1a83fd3d8011,
11__VNG__OMO__ECU__1800,"OMO Nước Giặt Cửa Trên Hoa Hồng Ecuador 1,8Kg",Chăm Sóc Quần Áo,Bịch,0.0,0.0,0.0,0.0,0.0,0.0,0.0,0.0,0.0,0.0,0.0,0.0,0.0,0.0,1.0,105000.0,1.0,105000.0,11__VNG__OMO__ECU__1800,"OMO Nước Giặt Cửa Trên Hoa Hồng Ecuador 1,8Kg",,Hàng hóa,aecbbb66-8bc9-11f1-9b18-005056b2a5de,19cc3996-b2b7-47f7-8205-98dd48650e5b,aea7bdfe-8bc9-11f1-9b18-005056b2a5de,1053,097330eb-f92d-4b88-95a8-1a83fd3d8011,
11__VNG__OMO__MAT__1900,OMO Nước Giặt Matic Cửa Trên Sạch Thơm Vượt Trội 1.9Kg,Chăm Sóc Quần Áo,Bịch,0.0,0.0,0.0,0.0,0.0,0.0,0.0,0.0,0.0,0.0,0.0,0.0,0.0,0.0,2.0,200000.0,2.0,200000.0,11__VNG__OMO__MAT__1900,OMO Nước Giặt Matic Cửa Trên Sạch Thơm Vượt Trội 1.9Kg,,Hàng hóa,aecbbc07-8bc9-11f1-9b18-005056b2a5de,a87e0fb0-aa39-41c9-ab43-0e9dcbced00b,aea7bdfe-8bc9-11f1-9b18-005056b2a5de,1054,097330eb-f92d-4b88-95a8-1a83fd3d8011,
11__VNG__OMO__OAI__1800,"OMO Nước Giặt Cửa Trước Hoa OảI Hương Thư Thái 1,8Kg",Chăm Sóc Quần Áo,Bịch,0.0,0.0,0.0,0.0,0.0,0.0,0.0,0.0,0.0,0.0,0.0,0.0,0.0,0.0,0.0,0.0,0.0,0.0,11__VNG__OMO__OAI__1800,"OMO Nước Giặt Cửa Trước Hoa OảI Hương Thư Thái 1,8Kg",,Hàng hóa,aecbbcab-8bc9-11f1-9b18-005056b2a5de,66008a0f-97c5-479e-9fd4-3d33d502df48,aea7bdfe-8bc9-11f1-9b18-005056b2a5de,1055,097330eb-f92d-4b88-95a8-1a83fd3d8011,
11__VNG__OMO__TRE__1800,"OMO Nước Giặt Cửa Trên Giữ Màu 1,8Kg",Chăm Sóc Quần Áo,Bịch,0.0,0.0,0.0,0.0,0.0,0.0,0.0,0.0,0.0,0.0,0.0,0.0,0.0,0.0,3.0,315000.0,3.0,315000.0,11__VNG__OMO__TRE__1800,"OMO Nước Giặt Cửa Trên Giữ Màu 1,8Kg",,Hàng hóa,aecbbd46-8bc9-11f1-9b18-005056b2a5de,027c8924-1bbb-4ca7-8370-1134df5ca6df,aea7bdfe-8bc9-11f1-9b18-005056b2a5de,1056,097330eb-f92d-4b88-95a8-1a83fd3d8011,
11__VNG__OMO__TTE__210,OMO Viên Giặt 3in1 Hương Tinh Tế 210g,Chăm Sóc Quần Áo,Hộp,0.0,0.0,0.0,0.0,0.0,0.0,0.0,0.0,0.0,0.0,0.0,0.0,0.0,0.0,2.0,204000.0,2.0,204000.0,11__VNG__OMO__TTE__210,OMO Viên Giặt 3in1 Hương Tinh Tế 210g,,Hàng hóa,aecbbe0f-8bc9-11f1-9b18-005056b2a5de,eb07a2c0-740d-4b68-b417-86bf6477e810,aea7bdfe-8bc9-11f1-9b18-005056b2a5de,1057,097330eb-f92d-4b88-95a8-1a83fd3d8064,
11__VNG_HYG__TRG__1800,HYGIENE Nước Giặt Túi Trắng 1.8L,Chăm Sóc Quần Áo,Bịch,0.0,0.0,0.0,0.0,0.0,0.0,0.0,0.0,0.0,0.0,0.0,0.0,0.0,0.0,8.0,750000.0,8.0,750000.0,11__VNG_HYG__TRG__1800,HYGIENE Nước Giặt Túi Trắng 1.8L,,Hàng hóa,aecbc01f-8bc9-11f1-9b18-005056b2a5de,934b26b5-96f7-4cbf-8e08-76e96cbea7aa,aea7bdfe-8bc9-11f1-9b18-005056b2a5de,1058,097330eb-f92d-4b88-95a8-1a83fd3d8011,
11__VNX__COM__BMI__1800,COMFORT Nước Xả Một Lần Xả Hương Ban Mai 1.8L,Chăm Sóc Quần Áo,Bịch,0.0,0.0,0.0,0.0,0.0,0.0,0.0,0.0,0.0,0.0,0.0,0.0,0.0,0.0,3.0,426000.0,3.0,426000.0,11__VNX__COM__BMI__1800,COMFORT Nước Xả Một Lần Xả Hương Ban Mai 1.8L,,Hàng hóa,aecbc11d-8bc9-11f1-9b18-005056b2a5de,31d8a63e-dc11-4a99-9898-84295c475b1a,aea7bdfe-8bc9-11f1-9b18-005056b2a5de,1059,097330eb-f92d-4b88-95a8-1a83fd3d8011,
11__VNX__COM__DNH__5000,Comfort NX Chuyên Dụng Dịu Nhẹ Thơm Hương Phấn 5L,Chăm Sóc Quần Áo,Can,0.0,0.0,0.0,0.0,0.0,0.0,0.0,0.0,0.0,0.0,0.0,0.0,0.0,0.0,4.0,0.0,4.0,0.0,11__VNX__COM__DNH__5000,Comfort NX Chuyên Dụng Dịu Nhẹ Thơm Hương Phấn 5L,,Hàng hóa,aecbc1bf-8bc9-11f1-9b18-005056b2a5de,303fd430-0f71-4372-a44d-9845bf9a223c,aea7bdfe-8bc9-11f1-9b18-005056b2a5de,1060,cf4f9d31-5b9b-4b47-9dad-b199f4143836,
11__VNX__COM__HOA__1800,COMFORT Nước Xả Hương Nước Hoa Quyến Rũ 1.8L,Chăm Sóc Quần Áo,Bịch,0.0,0.0,0.0,0.0,0.0,0.0,0.0,0.0,0.0,0.0,0.0,0.0,0.0,0.0,3.0,420000.0,3.0,420000.0,11__VNX__COM__HOA__1800,COMFORT Nước Xả Hương Nước Hoa Quyến Rũ 1.8L,,Hàng hóa,aecbc2a7-8bc9-11f1-9b18-005056b2a5de,01415de9-fba3-4beb-9f82-048e93c6ca45,aea7bdfe-8bc9-11f1-9b18-005056b2a5de,1061,097330eb-f92d-4b88-95a8-1a83fd3d8011,
11__VNX__COM__PHN__1700,COMFORT Nước Xả Dịu Nhẹ Thơm Hương Phấn 1.7L,Chăm Sóc Quần Áo,Bịch,0.0,0.0,0.0,0.0,0.0,0.0,0.0,0.0,0.0,0.0,0.0,0.0,0.0,0.0,4.0,552000.0,4.0,552000.0,11__VNX__COM__PHN__1700,COMFORT Nước Xả Dịu Nhẹ Thơm Hương Phấn 1.7L,,Hàng hóa,aecbc33e-8bc9-11f1-9b18-005056b2a5de,98c687f8-0002-4782-875b-5a9a4c3d8dd3,aea7bdfe-8bc9-11f1-9b18-005056b2a5de,1062,097330eb-f92d-4b88-95a8-1a83fd3d8011,
11__VNX__DOW__KOR__2500,DOWNY Nước Xả Vải Đậm Đặc Korean Spring 2.5L,Chăm Sóc Quần Áo,Bịch,0.0,0.0,0.0,0.0,0.0,0.0,0.0,0.0,0.0,0.0,0.0,0.0,0.0,0.0,4.0,912000.0,4.0,912000.0,11__VNX__DOW__KOR__2500,DOWNY Nước Xả Vải Đậm Đặc Korean Spring 2.5L,,Hàng hóa,aecbc3d6-8bc9-11f1-9b18-005056b2a5de,d75379d7-a6c7-45f6-8893-79defe7b1695,aea7bdfe-8bc9-11f1-9b18-005056b2a5de,1063,097330eb-f92d-4b88-95a8-1a83fd3d8011,
11__VNX__DOW__KOR__2600,DOWNY Nước Xả Vải Đậm Đặc Hương Nắng Mai Bịch 2.6L,Chăm Sóc Quần Áo,Bịch,0.0,0.0,0.0,0.0,0.0,0.0,0.0,0.0,0.0,0.0,0.0,0.0,0.0,0.0,2.0,456000.0,2.0,456000.0,11__VNX__DOW__KOR__2600,DOWNY Nước Xả Vải Đậm Đặc Hương Nắng Mai Bịch 2.6L,,Hàng hóa,aecbc4b4-8bc9-11f1-9b18-005056b2a5de,db48aa66-192b-4f34-a2c8-7b1f35800c80,aea7bdfe-8bc9-11f1-9b18-005056b2a5de,1064,097330eb-f92d-4b88-95a8-1a83fd3d8011,
11__VNX__DOW__MAI__900,DOWNY Nước Xả Vải Đậm Đặc Hương Nắng Mai Chai 900ml,Chăm Sóc Quần Áo,Chai,0.0,0.0,0.0,0.0,0.0,0.0,0.0,0.0,0.0,0.0,0.0,0.0,0.0,0.0,12.0,1188000.0,12.0,1188000.0,11__VNX__DOW__MAI__900,DOWNY Nước Xả Vải Đậm Đặc Hương Nắng Mai Chai 900ml,,Hàng hóa,aecbc556-8bc9-11f1-9b18-005056b2a5de,67491dbb-d19a-47ea-96be-70a4286b89b1,aea7bdfe-8bc9-11f1-9b18-005056b2a5de,1065,097330eb-f92d-4b88-95a8-1a83fd3d8065,
11__VNX__HYG__DEN__1100,HYGIENE Nước Xả Túi Đen 1.1L,Chăm Sóc Quần Áo,Bịch,0.0,0.0,0.0,0.0,0.0,0.0,0.0,0.0,0.0,0.0,0.0,0.0,0.0,0.0,16.0,1280000.0,16.0,1280000.0,11__VNX__HYG__DEN__1100,HYGIENE Nước Xả Túi Đen 1.1L,,Hàng hóa,aecbc5ec-8bc9-11f1-9b18-005056b2a5de,6042207e-e401-4268-a95c-706742b15b51,aea7bdfe-8bc9-11f1-9b18-005056b2a5de,1066,097330eb-f92d-4b88-95a8-1a83fd3d8011,
11__VXI__DOW__PAS__370,DOWNY Nước Xịt Vải Passion Đam Mê 370ml,Chăm Sóc Quần Áo,Chai,0.0,0.0,0.0,0.0,0.0,0.0,0.0,0.0,0.0,0.0,0.0,0.0,0.0,0.0,4.0,480000.0,4.0,480000.0,11__VXI__DOW__PAS__370,DOWNY Nước Xịt Vải Passion Đam Mê 370ml,,Hàng hóa,aecbc681-8bc9-11f1-9b18-005056b2a5de,1f3ade60-6ef1-48e3-bb03-b108dcc68a76,aea7bdfe-8bc9-11f1-9b18-005056b2a5de,1067,097330eb-f92d-4b88-95a8-1a83fd3d8065,
12__GBT__MIR__DOK__1,Bài Tây Double K MIRA,,Hộp,0.0,0.0,0.0,0.0,0.0,0.0,0.0,0.0,0.0,0.0,0.0,0.0,0.0,0.0,4.0,40000.0,4.0,40000.0,12__GBT__MIR__DOK__1,Bài Tây Double K MIRA,,Hàng hóa,aecbc720-8bc9-11f1-9b18-005056b2a5de,503fc3d4-ad6f-4617-a836-ce41a8decffb,aea7bdfe-8bc9-11f1-9b18-005056b2a5de,1068,097330eb-f92d-4b88-95a8-1a83fd3d8064,
13__MCP__MIR__DEN__1,MIRA Cafe Đen,MIRA Cà Phê,Ly,0.0,0.0,0.0,0.0,0.0,0.0,0.0,0.0,0.0,0.0,0.0,0.0,0.0,0.0,0.0,0.0,0.0,0.0,13__MCP__MIR__DEN__1,MIRA Cafe Đen,,Hàng hóa,aecbc7c0-8bc9-11f1-9b18-005056b2a5de,6e2c0e45-b084-40d6-8d10-e5215b98ca7f,aea7bdfe-8bc9-11f1-9b18-005056b2a5de,1069,0a0154e9-97da-471f-a528-3620c35b3e76,
13__MCP__MIR__SUA__1,MIRA Cafe Sữa,MIRA Cà Phê,Ly,0.0,0.0,0.0,0.0,0.0,0.0,0.0,0.0,0.0,0.0,0.0,0.0,0.0,0.0,-4.0,-80000.0,-4.0,-80000.0,13__MCP__MIR__SUA__1,MIRA Cafe Sữa,,Hàng hóa,aecbc85c-8bc9-11f1-9b18-005056b2a5de,d1aed431-3f96-4031-8c8e-0473ca8058e2,aea7bdfe-8bc9-11f1-9b18-005056b2a5de,1070,0a0154e9-97da-471f-a528-3620c35b3e76,
13__MDC__MIR__BDA__1,MIRA Bịch Đá,Dụng Cụ Ăn Uống MIRA,Bịch,0.0,0.0,0.0,0.0,0.0,0.0,0.0,0.0,0.0,0.0,0.0,0.0,0.0,0.0,-56.0,-560000.0,-56.0,-560000.0,13__MDC__MIR__BDA__1,MIRA Bịch Đá,,Hàng hóa,aecbc8f1-8bc9-11f1-9b18-005056b2a5de,66afd1ac-f3ed-4b49-be7e-cefeb9cb3467,aea7bdfe-8bc9-11f1-9b18-005056b2a5de,1071,097330eb-f92d-4b88-95a8-1a83fd3d8011,
13__MDC__MIR__LY__1,MIRA Ly Giấy,Dụng Cụ Ăn Uống MIRA,Ly,0.0,0.0,0.0,0.0,0.0,0.0,0.0,0.0,0.0,0.0,0.0,0.0,0.0,0.0,-508.0,-508000.0,-508.0,-508000.0,13__MDC__MIR__LY__1,MIRA Ly Giấy,,Hàng hóa,aecbc988-8bc9-11f1-9b18-005056b2a5de,74f90880-f400-48de-a293-a388ef62029b,aea7bdfe-8bc9-11f1-9b18-005056b2a5de,1072,0a0154e9-97da-471f-a528-3620c35b3e76,
13__MDC__MIR__TAY__1,MIRA Tẩy Đá,Dụng Cụ Ăn Uống MIRA,Ly,5.0,15000.0,0.0,0.0,0.0,0.0,0.0,0.0,0.0,0.0,0.0,0.0,0.0,0.0,-385.0,-1155000.0,-385.0,-1155000.0,13__MDC__MIR__TAY__1,MIRA Tẩy Đá,,Hàng hóa,aecbca2b-8bc9-11f1-9b18-005056b2a5de,754db6b0-1d50-4328-8f10-4402e8d10cef,aea7bdfe-8bc9-11f1-9b18-005056b2a5de,1073,0a0154e9-97da-471f-a528-3620c35b3e76,
13__MDC__MIR__TOG__1,MIRA Tô Giấy,Dụng Cụ Ăn Uống MIRA,Tô,4.0,8000.0,0.0,0.0,0.0,0.0,0.0,0.0,0.0,0.0,0.0,0.0,0.0,0.0,-92.0,-184000.0,-92.0,-184000.0,13__MDC__MIR__TOG__1,MIRA Tô Giấy,,Hàng hóa,aecbcac4-8bc9-11f1-9b18-005056b2a5de,fd81daaf-7884-434c-a0c4-1907c99dafd9,aea7bdfe-8bc9-11f1-9b18-005056b2a5de,1074,b6482b1f-e8c5-4921-ad59-6b055022c7e2,
13__MTH__MIR__DLI__1,DƯA LƯỚI LOẠI I,Trái Cây Cắt Sẵn,Hộp,0.0,0.0,0.0,0.0,0.0,0.0,0.0,0.0,0.0,0.0,0.0,0.0,0.0,0.0,0.0,0.0,0.0,0.0,13__MTH__MIR__DLI__1,DƯA LƯỚI LOẠI I,,Hàng hóa,aecbcb5c-8bc9-11f1-9b18-005056b2a5de,d1ebd583-dac1-4370-b280-48f5079c6283,aea7bdfe-8bc9-11f1-9b18-005056b2a5de,1075,097330eb-f92d-4b88-95a8-1a83fd3d8064,
13__MTH__MIR__MIX__1,TRÁI CÂY MIX,Trái Cây Cắt Sẵn,Hộp,0.0,0.0,0.0,0.0,0.0,0.0,0.0,0.0,0.0,0.0,0.0,0.0,0.0,0.0,0.0,0.0,0.0,0.0,13__MTH__MIR__MIX__1,TRÁI CÂY MIX,,Hàng hóa,aecbcbf1-8bc9-11f1-9b18-005056b2a5de,36ba30a8-6990-4243-a4da-27c8dbd4c188,aea7bdfe-8bc9-11f1-9b18-005056b2a5de,1076,097330eb-f92d-4b88-95a8-1a83fd3d8064,
13__MTH__MIR__NHO__1,NHO BA MỌI,Trái Cây Cắt Sẵn,Hộp,0.0,0.0,0.0,0.0,0.0,0.0,0.0,0.0,0.0,0.0,0.0,0.0,0.0,0.0,0.0,0.0,0.0,0.0,13__MTH__MIR__NHO__1,NHO BA MỌI,,Hàng hóa,aecbcc88-8bc9-11f1-9b18-005056b2a5de,9fdc4541-e422-4661-a06d-6e28213a477b,aea7bdfe-8bc9-11f1-9b18-005056b2a5de,1077,097330eb-f92d-4b88-95a8-1a83fd3d8064,
13__MTH__MIR__THO__1,THƠM,Trái Cây Cắt Sẵn,Hộp,0.0,0.0,0.0,0.0,0.0,0.0,0.0,0.0,0.0,0.0,0.0,0.0,0.0,0.0,0.0,0.0,0.0,0.0,13__MTH__MIR__THO__1,THƠM,,Hàng hóa,aecbcd24-8bc9-11f1-9b18-005056b2a5de,73f208e7-9f57-4205-bf51-68375af118ec,aea7bdfe-8bc9-11f1-9b18-005056b2a5de,1078,097330eb-f92d-4b88-95a8-1a83fd3d8064,
13__MTR__MIR__DAO__1,MIRA Trà Đào Trân Châu Trắng,MIRA Trà,Ly,0.0,0.0,0.0,0.0,0.0,0.0,0.0,0.0,0.0,0.0,0.0,0.0,0.0,0.0,0.0,0.0,0.0,0.0,13__MTR__MIR__DAO__1,MIRA Trà Đào Trân Châu Trắng,,Hàng hóa,aecbcddf-8bc9-11f1-9b18-005056b2a5de,5012a7e1-ebf4-4d07-81f7-95108dc70b33,aea7bdfe-8bc9-11f1-9b18-005056b2a5de,1079,0a0154e9-97da-471f-a528-3620c35b3e76,
13__MTR__MIR__NHA__1,MIRA Trà Nhãn Trân Châu Trắng,MIRA Trà,Ly,0.0,0.0,0.0,0.0,0.0,0.0,0.0,0.0,0.0,0.0,0.0,0.0,0.0,0.0,0.0,0.0,0.0,0.0,13__MTR__MIR__NHA__1,MIRA Trà Nhãn Trân Châu Trắng,,Hàng hóa,aecbce76-8bc9-11f1-9b18-005056b2a5de,291c789a-e4b9-4d97-b67f-9b9c7c1e2c45,aea7bdfe-8bc9-11f1-9b18-005056b2a5de,1080,0a0154e9-97da-471f-a528-3620c35b3e76,
13__MTR__MIR__TST__1,MIRA Trà Sữa Truyền Thống Trân Châu Trắng,MIRA Trà,Ly,0.0,0.0,0.0,0.0,0.0,0.0,0.0,0.0,0.0,0.0,0.0,0.0,0.0,0.0,0.0,0.0,0.0,0.0,13__MTR__MIR__TST__1,MIRA Trà Sữa Truyền Thống Trân Châu Trắng,,Hàng hóa,aecbcf0d-8bc9-11f1-9b18-005056b2a5de,42ba9b0b-5f36-43fb-b189-7e1d91c98b2e,aea7bdfe-8bc9-11f1-9b18-005056b2a5de,1081,0a0154e9-97da-471f-a528-3620c35b3e76,
13__MTR__MIR__TXH__1,MIRA Trà Thái Xanh Trân Châu Trắng,MIRA Trà,Ly,0.0,0.0,0.0,0.0,0.0,0.0,0.0,0.0,0.0,0.0,0.0,0.0,0.0,0.0,0.0,0.0,0.0,0.0,13__MTR__MIR__TXH__1,MIRA Trà Thái Xanh Trân Châu Trắng,,Hàng hóa,aecbd066-8bc9-11f1-9b18-005056b2a5de,6673f7da-3860-4280-a7f4-024be0e103ca,aea7bdfe-8bc9-11f1-9b18-005056b2a5de,1082,0a0154e9-97da-471f-a528-3620c35b3e76,
13__MTR__MIR__TXM__1,MIRA Trà Tắc Xí Mụôi Trân Châu Trắng,MIRA Trà,Ly,0.0,0.0,0.0,0.0,0.0,0.0,0.0,0.0,0.0,0.0,0.0,0.0,0.0,0.0,0.0,0.0,0.0,0.0,13__MTR__MIR__TXM__1,MIRA Trà Tắc Xí Mụôi Trân Châu Trắng,,Hàng hóa,aecbd100-8bc9-11f1-9b18-005056b2a5de,5427bf1e-3455-41bf-96a0-3f4bb91677df,aea7bdfe-8bc9-11f1-9b18-005056b2a5de,1083,0a0154e9-97da-471f-a528-3620c35b3e76,
13__MXB__MIR__BOV__5,MIRA Bò Viên Chiên,MIRA Xiên Chiên,Cái,0.0,0.0,0.0,0.0,0.0,0.0,0.0,0.0,0.0,0.0,0.0,0.0,0.0,0.0,-8.0,-96000.0,-8.0,-96000.0,13__MXB__MIR__BOV__5,MIRA Bò Viên Chiên,,Hàng hóa,aecbd19d-8bc9-11f1-9b18-005056b2a5de,f676c882-e9d0-4142-9f53-62c116bdd20d,aea7bdfe-8bc9-11f1-9b18-005056b2a5de,1084,097330eb-f92d-4b88-95a8-1a83fd3d8061,
13__MXC__MIR__CAV__5,MIRA Cá Viên Chiên,MIRA Xiên Chiên,Cái,0.0,0.0,0.0,0.0,0.0,0.0,0.0,0.0,0.0,0.0,0.0,0.0,0.0,0.0,-17.0,-170000.0,-17.0,-170000.0,13__MXC__MIR__CAV__5,MIRA Cá Viên Chiên,,Hàng hóa,aecbd2cb-8bc9-11f1-9b18-005056b2a5de,e706b1cc-b128-4ffb-9526-ab703d937e18,aea7bdfe-8bc9-11f1-9b18-005056b2a5de,1085,097330eb-f92d-4b88-95a8-1a83fd3d8061,
13__MXX__MIR__HAC__1,MIRA Há Cảo Hấp,MIRA Xiên Chiên,Cái,0.0,0.0,0.0,0.0,0.0,0.0,0.0,0.0,0.0,0.0,0.0,0.0,0.0,0.0,-19.0,-285000.0,-19.0,-285000.0,13__MXX__MIR__HAC__1,MIRA Há Cảo Hấp,,Hàng hóa,aecbd3bb-8bc9-11f1-9b18-005056b2a5de,f582407c-6cdf-45bc-99fe-5242eaa84ec7,aea7bdfe-8bc9-11f1-9b18-005056b2a5de,1086,097330eb-f92d-4b88-95a8-1a83fd3d8061,
13__MXX__MIR__XXH__1,MIRA Xúc Xích Chiên,MIRA Xiên Chiên,Cái,0.0,0.0,0.0,0.0,0.0,0.0,0.0,0.0,0.0,0.0,0.0,0.0,0.0,0.0,-7.0,-84000.0,-7.0,-84000.0,13__MXX__MIR__XXH__1,MIRA Xúc Xích Chiên,,Hàng hóa,aecbd4a0-8bc9-11f1-9b18-005056b2a5de,c309b9fd-f7b8-4845-8014-48bded99bb02,aea7bdfe-8bc9-11f1-9b18-005056b2a5de,1087,097330eb-f92d-4b88-95a8-1a83fd3d8061,
14__KEB__CEL__KTC__70,CELANO Kem Bánh Cá Trà Sữa Khoai Môn 70g,Kem Bánh,Cái,0.0,0.0,0.0,0.0,0.0,0.0,0.0,0.0,0.0,0.0,0.0,0.0,0.0,0.0,8.0,240000.0,8.0,240000.0,14__KEB__CEL__KTC__70,CELANO Kem Bánh Cá Trà Sữa Khoai Môn 70g,,Hàng hóa,aecbd53d-8bc9-11f1-9b18-005056b2a5de,498eb6ff-58e5-4a68-8ad9-aa6a92764bad,aea7bdfe-8bc9-11f1-9b18-005056b2a5de,1088,097330eb-f92d-4b88-95a8-1a83fd3d8061,
14__KEB__CEL__SLM__70,CELANO Kem Bánh Cá Socola Lúa Mạch 70g,Kem Bánh,Cái,0.0,0.0,0.0,0.0,0.0,0.0,0.0,0.0,0.0,0.0,0.0,0.0,0.0,0.0,1.0,30000.0,1.0,30000.0,14__KEB__CEL__SLM__70,CELANO Kem Bánh Cá Socola Lúa Mạch 70g,,Hàng hóa,aecbd5d9-8bc9-11f1-9b18-005056b2a5de,98b202de-8f62-4429-96ed-e71dbc6811db,aea7bdfe-8bc9-11f1-9b18-005056b2a5de,1089,097330eb-f92d-4b88-95a8-1a83fd3d8061,
14__KEB__CEL__TTC__70,CELANO Kem Bánh Cá Trà Sữa Trân Châu 70g,Kem Bánh,Cái,0.0,0.0,0.0,0.0,0.0,0.0,0.0,0.0,0.0,0.0,0.0,0.0,0.0,0.0,0.0,0.0,0.0,0.0,14__KEB__CEL__TTC__70,CELANO Kem Bánh Cá Trà Sữa Trân Châu 70g,,Hàng hóa,aecbd68e-8bc9-11f1-9b18-005056b2a5de,43d2fa74-200d-427b-a51c-791f825abafd,aea7bdfe-8bc9-11f1-9b18-005056b2a5de,1090,097330eb-f92d-4b88-95a8-1a83fd3d8061,
14__KEB__CEL__VDD__70,CELANO Kem Bánh Cá Vani Đậu Đỏ 70g,Kem Bánh,Cái,0.0,0.0,0.0,0.0,0.0,0.0,0.0,0.0,0.0,0.0,0.0,0.0,0.0,0.0,23.0,690000.0,23.0,690000.0,14__KEB__CEL__VDD__70,CELANO Kem Bánh Cá Vani Đậu Đỏ 70g,,Hàng hóa,aecbd72b-8bc9-11f1-9b18-005056b2a5de,0c12fcb2-cfb5-4cc3-9730-db390384ed6d,aea7bdfe-8bc9-11f1-9b18-005056b2a5de,1091,097330eb-f92d-4b88-95a8-1a83fd3d8061,
14__KEH__CEL__DAU__213,CELANO Kem Hộp Dâu 213g,Kem Hộp,Hộp,0.0,0.0,0.0,0.0,0.0,0.0,0.0,0.0,0.0,0.0,0.0,0.0,0.0,0.0,0.0,0.0,0.0,0.0,14__KEH__CEL__DAU__213,CELANO Kem Hộp Dâu 213g,,Hàng hóa,aecbd7c3-8bc9-11f1-9b18-005056b2a5de,96d731df-ff57-4cd3-ae1e-e23fbd1cb6a6,aea7bdfe-8bc9-11f1-9b18-005056b2a5de,1092,097330eb-f92d-4b88-95a8-1a83fd3d8064,
14__KEH__CEL__DAU__65,CELANO Kem Hộp Dâu 65g,Kem Hộp,Cái,0.0,0.0,0.0,0.0,0.0,0.0,0.0,0.0,0.0,0.0,0.0,0.0,0.0,0.0,13.0,390000.0,13.0,390000.0,14__KEH__CEL__DAU__65,CELANO Kem Hộp Dâu 65g,,Hàng hóa,aecbd85b-8bc9-11f1-9b18-005056b2a5de,028b93df-959c-4fa8-af88-42e865750e7d,aea7bdfe-8bc9-11f1-9b18-005056b2a5de,1093,097330eb-f92d-4b88-95a8-1a83fd3d8061,
14__KEH__CEL__SHN__213,CELANO Kem Hộp Socola Hạnh Nhân 213g,Kem Hộp,Hộp,0.0,0.0,0.0,0.0,0.0,0.0,0.0,0.0,0.0,0.0,0.0,0.0,0.0,0.0,0.0,0.0,0.0,0.0,14__KEH__CEL__SHN__213,CELANO Kem Hộp Socola Hạnh Nhân 213g,,Hàng hóa,aecbd8f4-8bc9-11f1-9b18-005056b2a5de,3166736d-f99c-49cf-aeba-4096f2326718,aea7bdfe-8bc9-11f1-9b18-005056b2a5de,1094,097330eb-f92d-4b88-95a8-1a83fd3d8064,
14__KEH__CEL__SHN__65,CELANO Kem Hộp Socola Hạnh Nhân 65g,Kem Hộp,Cái,0.0,0.0,0.0,0.0,0.0,0.0,0.0,0.0,0.0,0.0,0.0,0.0,0.0,0.0,16.0,480000.0,16.0,480000.0,14__KEH__CEL__SHN__65,CELANO Kem Hộp Socola Hạnh Nhân 65g,,Hàng hóa,aecbd990-8bc9-11f1-9b18-005056b2a5de,90ad6e7e-306a-43d3-bc12-17b13d1672d1,aea7bdfe-8bc9-11f1-9b18-005056b2a5de,1095,097330eb-f92d-4b88-95a8-1a83fd3d8061,
14__KEH__MER__DAU__95,MERINO Kem Hộp Vani Dâu 95ml,Kem Hộp,Cái,0.0,0.0,0.0,0.0,0.0,0.0,0.0,0.0,0.0,0.0,0.0,0.0,0.0,0.0,17.0,272000.0,17.0,272000.0,14__KEH__MER__DAU__95,MERINO Kem Hộp Vani Dâu 95ml,,Hàng hóa,aecbda25-8bc9-11f1-9b18-005056b2a5de,b682e726-ef0b-48ca-8a4d-85f464223b21,aea7bdfe-8bc9-11f1-9b18-005056b2a5de,1096,097330eb-f92d-4b88-95a8-1a83fd3d8061,
14__KEH__MER__SCH__73,MERINO Kem Hộp Socola Chuối 73g (150ml),Kem Hộp,Hũ,0.0,0.0,0.0,0.0,0.0,0.0,0.0,0.0,0.0,0.0,0.0,0.0,0.0,0.0,14.0,280000.0,14.0,280000.0,14__KEH__MER__SCH__73,MERINO Kem Hộp Socola Chuối 73g (150ml),,Hàng hóa,aecbdb04-8bc9-11f1-9b18-005056b2a5de,2dde8077-f1e5-4482-b1fd-40c366f674e0,aea7bdfe-8bc9-11f1-9b18-005056b2a5de,1097,315cd7c9-f951-4e88-888d-9acc60b4a4fc,
14__KEH__MER__SDA__95,MERINO Kem Hộp Sữa Dừa 95ml,Kem Hộp,Cái,0.0,0.0,0.0,0.0,0.0,0.0,0.0,0.0,0.0,0.0,0.0,0.0,0.0,0.0,27.0,432000.0,27.0,432000.0,14__KEH__MER__SDA__95,MERINO Kem Hộp Sữa Dừa 95ml,,Hàng hóa,aecbdba0-8bc9-11f1-9b18-005056b2a5de,b9924b09-1493-4845-a802-179b236d2955,aea7bdfe-8bc9-11f1-9b18-005056b2a5de,1098,097330eb-f92d-4b88-95a8-1a83fd3d8061,
14__KEH__MER__SOC__95,MERINO Kem Hộp Socola Vani 95ml,Kem Hộp,Cái,0.0,0.0,0.0,0.0,0.0,0.0,0.0,0.0,0.0,0.0,0.0,0.0,0.0,0.0,14.0,224000.0,14.0,224000.0,14__KEH__MER__SOC__95,MERINO Kem Hộp Socola Vani 95ml,,Hàng hóa,aecbdc38-8bc9-11f1-9b18-005056b2a5de,35cb1899-4d9a-4494-88bd-880f4216cd31,aea7bdfe-8bc9-11f1-9b18-005056b2a5de,1099,097330eb-f92d-4b88-95a8-1a83fd3d8061,
14__KEH__VNM__DAU__49,VINAMILK Kem Mịn Dâu Hũ 49g,Kem Hộp,Hũ,0.0,0.0,0.0,0.0,0.0,0.0,0.0,0.0,0.0,0.0,0.0,0.0,0.0,0.0,0.0,0.0,0.0,0.0,14__KEH__VNM__DAU__49,VINAMILK Kem Mịn Dâu Hũ 49g,,Hàng hóa,aecbdd19-8bc9-11f1-9b18-005056b2a5de,5b6f192f-037c-4526-930e-9e67a9335f66,aea7bdfe-8bc9-11f1-9b18-005056b2a5de,1100,315cd7c9-f951-4e88-888d-9acc60b4a4fc,
14__KEH__VNM__DUA__850,VINAMILK Kem Mịn Dừa Hộp 850ml,Kem Hộp,Hộp,0.0,0.0,0.0,0.0,0.0,0.0,0.0,0.0,0.0,0.0,0.0,0.0,0.0,0.0,0.0,0.0,0.0,0.0,14__KEH__VNM__DUA__850,VINAMILK Kem Mịn Dừa Hộp 850ml,,Hàng hóa,aecbddb9-8bc9-11f1-9b18-005056b2a5de,224f0ab9-a0c0-4c2c-8c3a-c9f36dbab603,aea7bdfe-8bc9-11f1-9b18-005056b2a5de,1101,097330eb-f92d-4b88-95a8-1a83fd3d8064,
14__KEH__VNM__KMN__400,VINAMILK Kem Mịn Khoai Môn Hộp 400ml,Kem Hộp,Hộp,0.0,0.0,0.0,0.0,0.0,0.0,0.0,0.0,0.0,0.0,0.0,0.0,0.0,0.0,0.0,0.0,0.0,0.0,14__KEH__VNM__KMN__400,VINAMILK Kem Mịn Khoai Môn Hộp 400ml,,Hàng hóa,aecbde57-8bc9-11f1-9b18-005056b2a5de,8e70426e-2491-46d4-a2bc-1dc2b29526e9,aea7bdfe-8bc9-11f1-9b18-005056b2a5de,1102,097330eb-f92d-4b88-95a8-1a83fd3d8064,
14__KEO__CEL__CPM__66,CELANO Kem Ốc Caramel Phomai 66g,Kem Ốc,Cái,0.0,0.0,0.0,0.0,0.0,0.0,0.0,0.0,0.0,0.0,0.0,0.0,0.0,0.0,0.0,0.0,0.0,0.0,14__KEO__CEL__CPM__66,CELANO Kem Ốc Caramel Phomai 66g,,Hàng hóa,aecbdf34-8bc9-11f1-9b18-005056b2a5de,a3c00708-e0ce-48ff-a72d-868e88838701,aea7bdfe-8bc9-11f1-9b18-005056b2a5de,1103,097330eb-f92d-4b88-95a8-1a83fd3d8061,
14__KEO__CEL__DAU__66,CELANO Kem Ốc Quế Cone Dâu Vani 66g,Kem Ốc,Cái,0.0,0.0,0.0,0.0,0.0,0.0,0.0,0.0,0.0,0.0,0.0,0.0,0.0,0.0,23.0,644000.0,23.0,644000.0,14__KEO__CEL__DAU__66,CELANO Kem Ốc Quế Cone Dâu Vani 66g,,Hàng hóa,aecbdfce-8bc9-11f1-9b18-005056b2a5de,f71f9dba-7d11-4b07-bc10-58ac9dd305b3,aea7bdfe-8bc9-11f1-9b18-005056b2a5de,1104,097330eb-f92d-4b88-95a8-1a83fd3d8061,
14__KEO__CEL__HDE__66,CELANO Kem Ốc Quế Cone Hạt Dẻ Cười 66g,Kem Ốc,Cái,0.0,0.0,0.0,0.0,0.0,0.0,0.0,0.0,0.0,0.0,0.0,0.0,0.0,0.0,26.0,728000.0,26.0,728000.0,14__KEO__CEL__HDE__66,CELANO Kem Ốc Quế Cone Hạt Dẻ Cười 66g,,Hàng hóa,aecbe066-8bc9-11f1-9b18-005056b2a5de,5067f48b-981b-43fa-8689-c573189e7ea4,aea7bdfe-8bc9-11f1-9b18-005056b2a5de,1105,097330eb-f92d-4b88-95a8-1a83fd3d8061,
14__KEO__CEL__SVA__66,CELANO Kem Ốc Quế Cone Socola Vani 66g,Kem Ốc,Cái,0.0,0.0,0.0,0.0,0.0,0.0,0.0,0.0,0.0,0.0,0.0,0.0,0.0,0.0,27.0,756000.0,27.0,756000.0,14__KEO__CEL__SVA__66,CELANO Kem Ốc Quế Cone Socola Vani 66g,,Hàng hóa,aecbe112-8bc9-11f1-9b18-005056b2a5de,e24fd4d5-f7f8-48cd-ab09-811a2ce13a0f,aea7bdfe-8bc9-11f1-9b18-005056b2a5de,1106,097330eb-f92d-4b88-95a8-1a83fd3d8061,
14__KEO__CEL__VAN__66,CELANO Kem Ốc Quế Cone Vani 66g,Kem Ốc,Cái,0.0,0.0,0.0,0.0,0.0,0.0,0.0,0.0,0.0,0.0,0.0,0.0,0.0,0.0,11.0,308000.0,11.0,308000.0,14__KEO__CEL__VAN__66,CELANO Kem Ốc Quế Cone Vani 66g,,Hàng hóa,aecbe2ac-8bc9-11f1-9b18-005056b2a5de,34c3d5e3-b223-43ed-a166-eccb4dccda63,aea7bdfe-8bc9-11f1-9b18-005056b2a5de,1107,097330eb-f92d-4b88-95a8-1a83fd3d8061,
14__KEO__MER__CRS__60,MERINO Kem Ốc Quế Cream Socola 60g,Kem Ốc,Cái,1.0,18000.0,0.0,0.0,0.0,0.0,0.0,0.0,0.0,0.0,0.0,0.0,0.0,0.0,5.0,90000.0,5.0,90000.0,14__KEO__MER__CRS__60,MERINO Kem Ốc Quế Cream Socola 60g,,Hàng hóa,aecbe39c-8bc9-11f1-9b18-005056b2a5de,5d6bafb4-225d-43ea-9980-6173e28c2b17,aea7bdfe-8bc9-11f1-9b18-005056b2a5de,1108,097330eb-f92d-4b88-95a8-1a83fd3d8061,
14__KEO__MER__DSO__60,MERINO Kem Ốc Quế S.Teen Dâu Socola 60g,Kem Ốc,Cái,0.0,0.0,0.0,0.0,0.0,0.0,0.0,0.0,0.0,0.0,0.0,0.0,0.0,0.0,0.0,0.0,0.0,0.0,14__KEO__MER__DSO__60,MERINO Kem Ốc Quế S.Teen Dâu Socola 60g,,Hàng hóa,aecbe478-8bc9-11f1-9b18-005056b2a5de,e46efc75-729b-4e78-8a28-e7edf16cbab7,aea7bdfe-8bc9-11f1-9b18-005056b2a5de,1109,097330eb-f92d-4b88-95a8-1a83fd3d8061,
14__KEO__MER__SOC__60,MERINO Kem Ốc Quế S.Teen Socola 60g,Kem Ốc,Cái,1.0,18000.0,0.0,0.0,0.0,0.0,0.0,0.0,0.0,0.0,0.0,0.0,0.0,0.0,33.0,594000.0,33.0,594000.0,14__KEO__MER__SOC__60,MERINO Kem Ốc Quế S.Teen Socola 60g,,Hàng hóa,aecbe561-8bc9-11f1-9b18-005056b2a5de,9db7cb7f-6451-4f1c-8d7c-af9a827e5366,aea7bdfe-8bc9-11f1-9b18-005056b2a5de,1110,097330eb-f92d-4b88-95a8-1a83fd3d8061,
14__KEO__MER__VAS__60,MERINO Kem Ốc Quế S.Teen Vani Socola 60g,Kem Ốc,Cái,0.0,0.0,0.0,0.0,0.0,0.0,0.0,0.0,0.0,0.0,0.0,0.0,0.0,0.0,21.0,378000.0,21.0,378000.0,14__KEO__MER__VAS__60,MERINO Kem Ốc Quế S.Teen Vani Socola 60g,,Hàng hóa,aecbe5f9-8bc9-11f1-9b18-005056b2a5de,e7992bcf-0f14-4fc0-add5-b1fa8d24f59a,aea7bdfe-8bc9-11f1-9b18-005056b2a5de,1111,097330eb-f92d-4b88-95a8-1a83fd3d8061,
14__KEQ__CEL__CVA__53,CELANO Kem Que Caramel Vani 53g,Kem Que,Cái,0.0,0.0,0.0,0.0,0.0,0.0,0.0,0.0,0.0,0.0,0.0,0.0,0.0,0.0,17.0,476000.0,17.0,476000.0,14__KEQ__CEL__CVA__53,CELANO Kem Que Caramel Vani 53g,,Hàng hóa,aecbe723-8bc9-11f1-9b18-005056b2a5de,37b1aac6-ccb5-4d54-981f-d97729dfc8ee,aea7bdfe-8bc9-11f1-9b18-005056b2a5de,1112,097330eb-f92d-4b88-95a8-1a83fd3d8061,
14__KEQ__CEL__SHN__53,CELANO Kem Que Socola Hạnh Nhân 53g,Kem Que,Cái,2.0,56000.0,0.0,0.0,0.0,0.0,0.0,0.0,0.0,0.0,0.0,0.0,0.0,0.0,27.0,756000.0,27.0,756000.0,14__KEQ__CEL__SHN__53,CELANO Kem Que Socola Hạnh Nhân 53g,,Hàng hóa,aecbe7b9-8bc9-11f1-9b18-005056b2a5de,b9bd6357-f019-4d5d-8090-3c60031af32f,aea7bdfe-8bc9-11f1-9b18-005056b2a5de,1113,097330eb-f92d-4b88-95a8-1a83fd3d8061,
14__KEQ__CEL__STC__65,CELANO Kem Que Sữa Tươi Trân Châu Đường Đen 65g,Kem Que,Cái,0.0,0.0,0.0,0.0,0.0,0.0,0.0,0.0,0.0,0.0,0.0,0.0,0.0,0.0,18.0,504000.0,18.0,504000.0,14__KEQ__CEL__STC__65,CELANO Kem Que Sữa Tươi Trân Châu Đường Đen 65g,,Hàng hóa,aecbe856-8bc9-11f1-9b18-005056b2a5de,47b36e1d-f107-4a7c-9bd0-138be768ab69,aea7bdfe-8bc9-11f1-9b18-005056b2a5de,1114,097330eb-f92d-4b88-95a8-1a83fd3d8061,
14__KEQ__CEL__TCS__75,CELANO Kem Que Trân Châu Sữa Dừa 75g,Kem Que,Cái,0.0,0.0,0.0,0.0,0.0,0.0,0.0,0.0,0.0,0.0,0.0,0.0,0.0,0.0,30.0,840000.0,30.0,840000.0,14__KEQ__CEL__TCS__75,CELANO Kem Que Trân Châu Sữa Dừa 75g,,Hàng hóa,aecbe8ec-8bc9-11f1-9b18-005056b2a5de,0429573a-5111-44df-ad71-3f37fcaeb62e,aea7bdfe-8bc9-11f1-9b18-005056b2a5de,1115,097330eb-f92d-4b88-95a8-1a83fd3d8061,
14__KEQ__CEL__XOI__60,CELANO Kem Que Xoài 60g,Kem Que,Cái,0.0,0.0,0.0,0.0,0.0,0.0,0.0,0.0,0.0,0.0,0.0,0.0,0.0,0.0,29.0,812000.0,29.0,812000.0,14__KEQ__CEL__XOI__60,CELANO Kem Que Xoài 60g,,Hàng hóa,aecbe980-8bc9-11f1-9b18-005056b2a5de,755de993-04ec-43e8-838c-c0b0a8cf9d2c,aea7bdfe-8bc9-11f1-9b18-005056b2a5de,1116,097330eb-f92d-4b88-95a8-1a83fd3d8061,
14__KEQ__MER__BBP__50,MERINO Kem Que Bánh Bắp 50g,Kem Que,Cái,0.0,0.0,0.0,0.0,0.0,0.0,0.0,0.0,0.0,0.0,0.0,0.0,0.0,0.0,2.0,24000.0,2.0,24000.0,14__KEQ__MER__BBP__50,MERINO Kem Que Bánh Bắp 50g,,Hàng hóa,aecbea19-8bc9-11f1-9b18-005056b2a5de,a8cf2956-88c4-4038-9998-4a2186af0e11,aea7bdfe-8bc9-11f1-9b18-005056b2a5de,1117,097330eb-f92d-4b88-95a8-1a83fd3d8061,
14__KEQ__MER__CBE__64,MERINO Kem Que Cutie Bear Socola Sữa 64g,Kem Que,Cái,1.0,18000.0,0.0,0.0,0.0,0.0,0.0,0.0,0.0,0.0,0.0,0.0,0.0,0.0,12.0,216000.0,12.0,216000.0,14__KEQ__MER__CBE__64,MERINO Kem Que Cutie Bear Socola Sữa 64g,,Hàng hóa,aecbeab1-8bc9-11f1-9b18-005056b2a5de,db80d222-2242-4b64-b650-5525c74d4cf3,aea7bdfe-8bc9-11f1-9b18-005056b2a5de,1118,097330eb-f92d-4b88-95a8-1a83fd3d8061,
14__KEQ__MER__CHU__85,MERINO Kem Que Chuối Truyền Thống 85g,Kem Que,Cái,0.0,0.0,0.0,0.0,0.0,0.0,0.0,0.0,0.0,0.0,0.0,0.0,0.0,0.0,10.0,180000.0,10.0,180000.0,14__KEQ__MER__CHU__85,MERINO Kem Que Chuối Truyền Thống 85g,,Hàng hóa,aecbeb46-8bc9-11f1-9b18-005056b2a5de,4cad9208-c8f0-4f9f-8cde-831fd2eea254,aea7bdfe-8bc9-11f1-9b18-005056b2a5de,1119,097330eb-f92d-4b88-95a8-1a83fd3d8061,
14__KEQ__MER__CSO__68,MERINO Kem Que Cacao Socola 68g,Kem Que,Cái,0.0,0.0,0.0,0.0,0.0,0.0,0.0,0.0,0.0,0.0,0.0,0.0,0.0,0.0,40.0,600000.0,40.0,600000.0,14__KEQ__MER__CSO__68,MERINO Kem Que Cacao Socola 68g,,Hàng hóa,aecbebda-8bc9-11f1-9b18-005056b2a5de,cbfbe510-7566-4c14-8712-d09dbf3e33b1,aea7bdfe-8bc9-11f1-9b18-005056b2a5de,1120,097330eb-f92d-4b88-95a8-1a83fd3d8061,
14__KEQ__MER__DHA__62,MERINO Kem Que Dưa Hấu 62g,Kem Que,Cái,0.0,0.0,0.0,0.0,0.0,0.0,0.0,0.0,0.0,0.0,0.0,0.0,0.0,0.0,11.0,132000.0,11.0,132000.0,14__KEQ__MER__DHA__62,MERINO Kem Que Dưa Hấu 62g,,Hàng hóa,aecbec6f-8bc9-11f1-9b18-005056b2a5de,184bca70-d50e-4f73-a790-021f05660597,aea7bdfe-8bc9-11f1-9b18-005056b2a5de,1121,097330eb-f92d-4b88-95a8-1a83fd3d8061,
14__KEQ__MER__DXH__60,MERINO Kem Que Lõi Xốt Đậu Xanh 60g,Kem Que,Cái,0.0,0.0,0.0,0.0,0.0,0.0,0.0,0.0,0.0,0.0,0.0,0.0,0.0,0.0,36.0,540000.0,36.0,540000.0,14__KEQ__MER__DXH__60,MERINO Kem Que Lõi Xốt Đậu Xanh 60g,,Hàng hóa,aecbee81-8bc9-11f1-9b18-005056b2a5de,697ec78a-beb4-4f59-806c-ae00d241a6fa,aea7bdfe-8bc9-11f1-9b18-005056b2a5de,1122,097330eb-f92d-4b88-95a8-1a83fd3d8061,
14__KEQ__MER__KMN__60,MERINO Kem Que Lõi Xốt Khoai Môn 60g,Kem Que,Cái,0.0,0.0,0.0,0.0,0.0,0.0,0.0,0.0,0.0,0.0,0.0,0.0,0.0,0.0,16.0,240000.0,16.0,240000.0,14__KEQ__MER__KMN__60,MERINO Kem Que Lõi Xốt Khoai Môn 60g,,Hàng hóa,aecbef27-8bc9-11f1-9b18-005056b2a5de,18423aa7-3b0c-4ece-a19d-9b009af25305,aea7bdfe-8bc9-11f1-9b18-005056b2a5de,1123,097330eb-f92d-4b88-95a8-1a83fd3d8061,
14__KES__MER__PBT__50,MERINO Kem Sữa Chua Dẻo Phúc Bồn Tử 50g,Kem Sữa Chua Dẻo,Cái,0.0,0.0,0.0,0.0,0.0,0.0,0.0,0.0,0.0,0.0,0.0,0.0,0.0,0.0,1.0,8000.0,1.0,8000.0,14__KES__MER__PBT__50,MERINO Kem Sữa Chua Dẻo Phúc Bồn Tử 50g,,Hàng hóa,aecbefc0-8bc9-11f1-9b18-005056b2a5de,41be7c9a-99cb-4f64-9559-99d9a2d2e92d,aea7bdfe-8bc9-11f1-9b18-005056b2a5de,1124,097330eb-f92d-4b88-95a8-1a83fd3d8061,
14__KES__MER__PMI__50,MERINO Kem Sữa Chua Dẻo Phô Mai 50g,Kem Sữa Chua Dẻo,Cái,0.0,0.0,0.0,0.0,0.0,0.0,0.0,0.0,0.0,0.0,0.0,0.0,0.0,0.0,56.0,448000.0,56.0,448000.0,14__KES__MER__PMI__50,MERINO Kem Sữa Chua Dẻo Phô Mai 50g,,Hàng hóa,aecbf05b-8bc9-11f1-9b18-005056b2a5de,a9ed0ac2-51a6-41b6-8ee3-f1745557e615,aea7bdfe-8bc9-11f1-9b18-005056b2a5de,1125,097330eb-f92d-4b88-95a8-1a83fd3d8061,
ACGVTC401,ALACO Chân Gà Vị Tê Cay 40g,Chân Gà,Cái,3.0,42000.0,0.0,0.0,0.0,0.0,0.0,0.0,0.0,0.0,0.0,0.0,0.0,0.0,33.0,462000.0,33.0,462000.0,ACGVTC401,ALACO Chân Gà Vị Tê Cay 40g,,Hàng hóa,aecbf0f6-8bc9-11f1-9b18-005056b2a5de,75403e54-6bbf-4c55-a322-e36524ec53d2,aea7bdfe-8bc9-11f1-9b18-005056b2a5de,1126,097330eb-f92d-4b88-95a8-1a83fd3d8061,
AKSC01,ALPENLIEBE Kẹo Sữa Caramen,,Chiếc,0.0,0.0,0.0,0.0,0.0,0.0,0.0,0.0,0.0,0.0,0.0,0.0,0.0,0.0,31.0,248000.0,31.0,248000.0,AKSC01,ALPENLIEBE Kẹo Sữa Caramen,,Hàng hóa,aecbf1dd-8bc9-11f1-9b18-005056b2a5de,5d4c084a-d5a8-4329-ae12-9efd71de2b5a,aea7bdfe-8bc9-11f1-9b18-005056b2a5de,1127,097330eb-f92d-4b88-95a8-1a83fd3d8062,
AKXMO01,ALPENLIEBE Kẹo Xoài Muối Ớt,,Chiếc,0.0,0.0,0.0,0.0,0.0,0.0,0.0,0.0,0.0,0.0,0.0,0.0,0.0,0.0,32.0,256000.0,32.0,256000.0,AKXMO01,ALPENLIEBE Kẹo Xoài Muối Ớt,,Hàng hóa,aecbf279-8bc9-11f1-9b18-005056b2a5de,904bf0fa-51b9-46ba-9139-44979853ae2b,aea7bdfe-8bc9-11f1-9b18-005056b2a5de,1128,097330eb-f92d-4b88-95a8-1a83fd3d8062,
ASMTGXPMT901,ACECOOK SiuKay Mì Trộn Gà Xốt Phô Mai Tô 96g,Mì Tô,Tô,0.0,0.0,0.0,0.0,0.0,0.0,0.0,0.0,0.0,0.0,0.0,0.0,0.0,0.0,9.0,252000.0,9.0,252000.0,ASMTGXPMT901,ACECOOK SiuKay Mì Trộn Gà Xốt Phô Mai Tô 96g,,Hàng hóa,aecbf314-8bc9-11f1-9b18-005056b2a5de,be4ebb4b-21fc-49f0-8740-236a6fb090b3,aea7bdfe-8bc9-11f1-9b18-005056b2a5de,1129,b6482b1f-e8c5-4921-ad59-6b055022c7e2,
ATCNV201,ALACO Trứng Cút Ngũ Vị 24g,trứng cút,Bịch,0.0,0.0,0.0,0.0,0.0,0.0,0.0,0.0,0.0,0.0,0.0,0.0,0.0,0.0,-35.0,-420000.0,-35.0,-420000.0,ATCNV201,ALACO Trứng Cút Ngũ Vị 24g,,Hàng hóa,aecbf3ae-8bc9-11f1-9b18-005056b2a5de,80114511-8724-4195-b722-b0ca2bcb27c9,aea7bdfe-8bc9-11f1-9b18-005056b2a5de,1130,097330eb-f92d-4b88-95a8-1a83fd3d8011,
ATCVMN201,ALACO Trứng Cút Vị Muối Nướng 24g,trứng cút,Bịch,0.0,0.0,0.0,0.0,0.0,0.0,0.0,0.0,0.0,0.0,0.0,0.0,0.0,0.0,4.0,48000.0,4.0,48000.0,ATCVMN201,ALACO Trứng Cút Vị Muối Nướng 24g,,Hàng hóa,aecbf446-8bc9-11f1-9b18-005056b2a5de,52c0f2bb-49b1-414a-8061-ebcc0e02dea0,aea7bdfe-8bc9-11f1-9b18-005056b2a5de,1131,097330eb-f92d-4b88-95a8-1a83fd3d8011,
BBNPGC101,BATRAFOOD BT Nướng Phủ Gà Cay 140g,,Bịch,0.0,0.0,0.0,0.0,0.0,0.0,0.0,0.0,0.0,0.0,0.0,0.0,0.0,0.0,33.0,1782000.0,33.0,1782000.0,BBNPGC101,BATRAFOOD BT Nướng Phủ Gà Cay 140g,,Hàng hóa,aecbf526-8bc9-11f1-9b18-005056b2a5de,45cfce04-5c0e-46b6-b2c2-c90cf33c7e97,aea7bdfe-8bc9-11f1-9b18-005056b2a5de,1132,097330eb-f92d-4b88-95a8-1a83fd3d8011,
CAKCC3M01,COCA-COLA Aquarius Không Calo Chai 390 ml,Nước Bù Điện Giải,Chai,1.0,12000.0,0.0,0.0,0.0,0.0,0.0,0.0,0.0,0.0,0.0,0.0,0.0,0.0,7.0,84000.0,7.0,84000.0,CAKCC3M01,COCA-COLA Aquarius Không Calo Chai 390 ml,,Hàng hóa,aecbf5bd-8bc9-11f1-9b18-005056b2a5de,5ef193f1-d455-4d32-b70a-139eb4e01b9a,aea7bdfe-8bc9-11f1-9b18-005056b2a5de,1133,097330eb-f92d-4b88-95a8-1a83fd3d8065,
CBCMMCSN01,COLGATE Bàn Chải Mềm Mảnh Chăm Sóc Nướu,Chăm Sóc Vệ Sinh Cá Nhân,Cái,0.0,0.0,0.0,0.0,0.0,0.0,0.0,0.0,0.0,0.0,0.0,0.0,0.0,0.0,13.0,325000.0,13.0,325000.0,CBCMMCSN01,COLGATE Bàn Chải Mềm Mảnh Chăm Sóc Nướu,,Hàng hóa,aecbf654-8bc9-11f1-9b18-005056b2a5de,97df2c37-44bc-4d2c-9703-20ef04482997,aea7bdfe-8bc9-11f1-9b18-005056b2a5de,1134,097330eb-f92d-4b88-95a8-1a83fd3d8061,
CKDRNSR401,COLGATE Kem Đánh Răng Ngừa Sâu Răng 45g,Chăm Sóc Vệ Sinh Cá Nhân,Hộp,0.0,0.0,0.0,0.0,0.0,0.0,0.0,0.0,0.0,0.0,0.0,0.0,0.0,0.0,17.0,272000.0,17.0,272000.0,CKDRNSR401,COLGATE Kem Đánh Răng Ngừa Sâu Răng 45g,,Hàng hóa,aecbf6ec-8bc9-11f1-9b18-005056b2a5de,adad992d-6b77-465e-8586-c70bb40648bc,aea7bdfe-8bc9-11f1-9b18-005056b2a5de,1135,097330eb-f92d-4b88-95a8-1a83fd3d8064,
CKDRTE401,COLGATE Kem Đánh Răng Trẻ Em 40g,Chăm Sóc Vệ Sinh Cá Nhân,Hộp,0.0,0.0,0.0,0.0,0.0,0.0,0.0,0.0,0.0,0.0,0.0,0.0,0.0,0.0,20.0,740000.0,20.0,740000.0,CKDRTE401,COLGATE Kem Đánh Răng Trẻ Em 40g,,Hàng hóa,aecbf7dd-8bc9-11f1-9b18-005056b2a5de,c7633ff0-3419-4f3e-964c-4945d7440878,aea7bdfe-8bc9-11f1-9b18-005056b2a5de,1136,097330eb-f92d-4b88-95a8-1a83fd3d8064,
CPMH,Chi phí mua hàng,,,0.0,0.0,0.0,0.0,0.0,0.0,0.0,0.0,0.0,0.0,0.0,0.0,0.0,0.0,0.0,0.0,0.0,0.0,CPMH,Chi phí mua hàng,,Hàng hóa,aecbf8a9-8bc9-11f1-9b18-005056b2a5de,ab81811c-48bd-43b9-b7c5-d8d6c3b39a2a,aea7bdfe-8bc9-11f1-9b18-005056b2a5de,1137,00000000-0000-0000-0000-000000000000,
DKBHNS401,DYNAMITE Kẹo Bạc Hà Nhân Socola 42g,Kẹo Cứng,Bịch,0.0,0.0,0.0,0.0,0.0,0.0,0.0,0.0,0.0,0.0,0.0,0.0,0.0,0.0,1.0,10000.0,1.0,10000.0,DKBHNS401,DYNAMITE Kẹo Bạc Hà Nhân Socola 42g,,Hàng hóa,aecbf9a4-8bc9-11f1-9b18-005056b2a5de,1ad014ce-c33c-4671-9e83-13acee2e3e77,aea7bdfe-8bc9-11f1-9b18-005056b2a5de,1138,097330eb-f92d-4b88-95a8-1a83fd3d8011,
DTNHC201,DOUBLEMINT Tuýp Ngậm Hương Chanh 23.8g,,Hũ,0.0,0.0,0.0,0.0,0.0,0.0,0.0,0.0,0.0,0.0,0.0,0.0,0.0,0.0,0.0,0.0,0.0,0.0,DTNHC201,DOUBLEMINT Tuýp Ngậm Hương Chanh 23.8g,,Hàng hóa,aecbfa39-8bc9-11f1-9b18-005056b2a5de,c60f3c6d-3d7f-46aa-b0b8-c45327f8d7ff,aea7bdfe-8bc9-11f1-9b18-005056b2a5de,1139,315cd7c9-f951-4e88-888d-9acc60b4a4fc,
FNHHQHDC201,FRUTIVAL Nước Hạt Húng Quế Hương Dứa Chai 290ml,Nước Trái Cây,Chai,0.0,0.0,0.0,0.0,0.0,0.0,0.0,0.0,0.0,0.0,0.0,0.0,0.0,0.0,28.0,980000.0,28.0,980000.0,FNHHQHDC201,FRUTIVAL Nước Hạt Húng Quế Hương Dứa Chai 290ml,,Hàng hóa,aecbfad0-8bc9-11f1-9b18-005056b2a5de,6f11771a-fa9b-49a9-9b03-eb652b0725f8,aea7bdfe-8bc9-11f1-9b18-005056b2a5de,1140,097330eb-f92d-4b88-95a8-1a83fd3d8065,
FNHHQHNC201,FRUTIVAL Nước Hạt Húng Quế Hương Nho Chai 290ml,Nước Trái Cây,Chai,0.0,0.0,0.0,0.0,0.0,0.0,0.0,0.0,0.0,0.0,0.0,0.0,0.0,0.0,33.0,1155000.0,33.0,1155000.0,FNHHQHNC201,FRUTIVAL Nước Hạt Húng Quế Hương Nho Chai 290ml,,Hàng hóa,aecbfb6b-8bc9-11f1-9b18-005056b2a5de,2a22ff0d-6af1-4d4e-8763-08d5016c68bc,aea7bdfe-8bc9-11f1-9b18-005056b2a5de,1141,097330eb-f92d-4b88-95a8-1a83fd3d8065,
GBTCD901,GIZZA Bánh Tươi Chanh Dây 90g,Bánh Bông Lan,Chiếc,0.0,0.0,0.0,0.0,0.0,0.0,0.0,0.0,0.0,0.0,0.0,0.0,0.0,0.0,20.0,400000.0,20.0,400000.0,GBTCD901,GIZZA Bánh Tươi Chanh Dây 90g,,Hàng hóa,aecbfca9-8bc9-11f1-9b18-005056b2a5de,ace88d8c-5215-402d-8c1b-eebb80dc4abe,aea7bdfe-8bc9-11f1-9b18-005056b2a5de,1142,097330eb-f92d-4b88-95a8-1a83fd3d8062,
GCDSKF101,GREEN CROSS DD Sát Khuẩn Fresh 100ml,,Chai,0.0,0.0,0.0,0.0,0.0,0.0,0.0,0.0,0.0,0.0,0.0,0.0,0.0,0.0,6.0,228000.0,6.0,228000.0,GCDSKF101,GREEN CROSS DD Sát Khuẩn Fresh 100ml,,Hàng hóa,aecbfd43-8bc9-11f1-9b18-005056b2a5de,477b021b-3f72-49ad-8906-bcf8ef9acb93,aea7bdfe-8bc9-11f1-9b18-005056b2a5de,1143,097330eb-f92d-4b88-95a8-1a83fd3d8065,
GCDXKTX101,GREEN CROSS DD Xát Khuẩn Trà Xanh 100ml,,Chiếc,0.0,0.0,0.0,0.0,0.0,0.0,0.0,0.0,0.0,0.0,0.0,0.0,0.0,0.0,6.0,228000.0,6.0,228000.0,GCDXKTX101,GREEN CROSS DD Xát Khuẩn Trà Xanh 100ml,,Hàng hóa,aecbfde2-8bc9-11f1-9b18-005056b2a5de,c3f80cc1-1525-48af-8616-d572ced58e46,aea7bdfe-8bc9-11f1-9b18-005056b2a5de,1144,097330eb-f92d-4b88-95a8-1a83fd3d8062,
GKSTD01,GOLIA Kẹo Syro Thảo Dược,,Chiếc,0.0,0.0,0.0,0.0,0.0,0.0,0.0,0.0,0.0,0.0,0.0,0.0,0.0,0.0,30.0,240000.0,30.0,240000.0,GKSTD01,GOLIA Kẹo Syro Thảo Dược,,Hàng hóa,aecbfe77-8bc9-11f1-9b18-005056b2a5de,971a7510-c44e-4e5c-8b75-dd43c51ccea1,aea7bdfe-8bc9-11f1-9b18-005056b2a5de,1145,097330eb-f92d-4b88-95a8-1a83fd3d8062,
KABQVLM801,KINHDO AFC Bánh Quy Vị Lúa Mì 86g,Bánh Quy,Hộp,0.0,0.0,0.0,0.0,0.0,0.0,0.0,0.0,0.0,0.0,0.0,0.0,0.0,0.0,20.0,480000.0,20.0,480000.0,KABQVLM801,KINHDO AFC Bánh Quy Vị Lúa Mì 86g,,Hàng hóa,aecbff1f-8bc9-11f1-9b18-005056b2a5de,7b66e96e-b90e-4a64-ad60-9f4730daa16d,aea7bdfe-8bc9-11f1-9b18-005056b2a5de,1146,097330eb-f92d-4b88-95a8-1a83fd3d8064,
KABQVR801,KINHDO AFC Bánh Quy Vị Rau 86g,Bánh Quy,Hộp,0.0,0.0,0.0,0.0,0.0,0.0,0.0,0.0,0.0,0.0,0.0,0.0,0.0,0.0,8.0,192000.0,8.0,192000.0,KABQVR801,KINHDO AFC Bánh Quy Vị Rau 86g,,Hàng hóa,aecbfff5-8bc9-11f1-9b18-005056b2a5de,9e42de89-e637-4db6-96fd-586712094494,aea7bdfe-8bc9-11f1-9b18-005056b2a5de,1147,097330eb-f92d-4b88-95a8-1a83fd3d8064,
KB11M01,KOTEX Bio-care 15cm 16 miếng,Chăm Sóc Vệ Sinh Cá Nhân,Bịch,0.0,0.0,0.0,0.0,0.0,0.0,0.0,0.0,0.0,0.0,0.0,0.0,0.0,0.0,12.0,360000.0,12.0,360000.0,KB11M01,KOTEX Bio-care 15cm 16 miếng,,Hàng hóa,aecc00d3-8bc9-11f1-9b18-005056b2a5de,b7eb4996-15e0-43ce-ba91-5b32b89a19f6,aea7bdfe-8bc9-11f1-9b18-005056b2a5de,1148,097330eb-f92d-4b88-95a8-1a83fd3d8011,
KBQHSM2MT2M01,KOTEX Băng Quần Herbal Size M-L 2 Miếng Tặng 2 Miếng,Chăm Sóc Vệ Sinh Cá Nhân,Bịch,0.0,0.0,0.0,0.0,0.0,0.0,0.0,0.0,0.0,0.0,0.0,0.0,0.0,0.0,0.0,0.0,0.0,0.0,KBQHSM2MT2M01,KOTEX Băng Quần Herbal Size M-L 2 Miếng Tặng 2 Miếng,,Hàng hóa,aecc0233-8bc9-11f1-9b18-005056b2a5de,a7e1f0da-0304-4fcd-b2d2-e402f94fe728,aea7bdfe-8bc9-11f1-9b18-005056b2a5de,1149,097330eb-f92d-4b88-95a8-1a83fd3d8011,
KBXSSG101,KITKAT Bánh Xốp Socola Sữa Gói 17g,,Cái,0.0,0.0,0.0,0.0,0.0,0.0,0.0,0.0,0.0,0.0,0.0,0.0,0.0,0.0,3.0,45000.0,3.0,45000.0,KBXSSG101,KITKAT Bánh Xốp Socola Sữa Gói 17g,,Hàng hóa,aecc0343-8bc9-11f1-9b18-005056b2a5de,28607a3b-e44c-42a4-93d3-c1084d5add9c,aea7bdfe-8bc9-11f1-9b18-005056b2a5de,1150,097330eb-f92d-4b88-95a8-1a83fd3d8061,
KHAD26M01,KOTEX Hoa Anh Đào 23cm 6 Miếng,,Bịch,0.0,0.0,0.0,0.0,0.0,0.0,0.0,0.0,0.0,0.0,0.0,0.0,0.0,0.0,6.0,120000.0,6.0,120000.0,KHAD26M01,KOTEX Hoa Anh Đào 23cm 6 Miếng,,Hàng hóa,aecc0493-8bc9-11f1-9b18-005056b2a5de,54e7b1d8-d03c-4511-b1d3-12011b6fc344,aea7bdfe-8bc9-11f1-9b18-005056b2a5de,1151,097330eb-f92d-4b88-95a8-1a83fd3d8011,
KKCPS101,KOPIKO Kẹo Cà Phê Sữa 140g,,Bịch,0.0,0.0,0.0,0.0,0.0,0.0,0.0,0.0,0.0,0.0,0.0,0.0,0.0,0.0,1.0,30000.0,1.0,30000.0,KKCPS101,KOPIKO Kẹo Cà Phê Sữa 140g,,Hàng hóa,aecc0538-8bc9-11f1-9b18-005056b2a5de,87d4eb1b-716a-4732-98fc-f9a8d2577b90,aea7bdfe-8bc9-11f1-9b18-005056b2a5de,1152,097330eb-f92d-4b88-95a8-1a83fd3d8011,
KMC7CDG101,KORENO Mì Cay 7 Cấp Độ Gói 104g,,Gói,5.0,90000.0,0.0,0.0,0.0,0.0,0.0,0.0,0.0,0.0,0.0,0.0,0.0,0.0,9.0,162000.0,9.0,162000.0,KMC7CDG101,KORENO Mì Cay 7 Cấp Độ Gói 104g,,Hàng hóa,aecc05f4-8bc9-11f1-9b18-005056b2a5de,e2e70ce0-0ae6-4b42-b6c0-0dcddf4ed614,aea7bdfe-8bc9-11f1-9b18-005056b2a5de,1153,097330eb-f92d-4b88-95a8-1a83fd3d8067,
LMSVTBW901,LAYS MAX Snack Vị Thăn Bò Wagyu 90g,,Bịch,0.0,0.0,0.0,0.0,0.0,0.0,0.0,0.0,0.0,0.0,0.0,0.0,0.0,0.0,19.0,570000.0,19.0,570000.0,LMSVTBW901,LAYS MAX Snack Vị Thăn Bò Wagyu 90g,,Hàng hóa,aecc074e-8bc9-11f1-9b18-005056b2a5de,1dc03cea-577c-4da2-b658-4463bb373eae,aea7bdfe-8bc9-11f1-9b18-005056b2a5de,1154,097330eb-f92d-4b88-95a8-1a83fd3d8011,
LSVKTTNB301,LAYS Snack Vị Khoai Tây Tự Nhiên Bịch 31g,,Bịch,0.0,0.0,0.0,0.0,0.0,0.0,0.0,0.0,0.0,0.0,0.0,0.0,0.0,0.0,1.0,9000.0,1.0,9000.0,LSVKTTNB301,LAYS Snack Vị Khoai Tây Tự Nhiên Bịch 31g,,Hàng hóa,aecc0839-8bc9-11f1-9b18-005056b2a5de,a0936f37-668a-40e2-98cb-f89af01d9719,aea7bdfe-8bc9-11f1-9b18-005056b2a5de,1155,097330eb-f92d-4b88-95a8-1a83fd3d8011,
LSVPMCB901,LAYS Snack Vị Phô Mai Cheddar Bịch 90g,Snack Khoai Tây,Bịch,0.0,0.0,0.0,0.0,0.0,0.0,0.0,0.0,0.0,0.0,0.0,0.0,0.0,0.0,-10.0,-300000.0,-10.0,-300000.0,LSVPMCB901,LAYS Snack Vị Phô Mai Cheddar Bịch 90g,,Hàng hóa,aecc08d2-8bc9-11f1-9b18-005056b2a5de,5a6dd471-031a-473d-9af8-eed0408d7dc9,aea7bdfe-8bc9-11f1-9b18-005056b2a5de,1156,097330eb-f92d-4b88-95a8-1a83fd3d8011,
LSVSNBBB301,LAYS Snack Vị Sườn Nướng BBQ Brazil Bịch 31g,,Bịch,0.0,0.0,0.0,0.0,0.0,0.0,0.0,0.0,0.0,0.0,0.0,0.0,0.0,0.0,7.0,70000.0,7.0,70000.0,LSVSNBBB301,LAYS Snack Vị Sườn Nướng BBQ Brazil Bịch 31g,,Hàng hóa,aecc096e-8bc9-11f1-9b18-005056b2a5de,5834f416-7724-4d64-b24c-5e41519df606,aea7bdfe-8bc9-11f1-9b18-005056b2a5de,1157,097330eb-f92d-4b88-95a8-1a83fd3d8011,
LSVTBNB901,LAYS Snack Vị Tảo Biển Nori Bịch 90g,Snack Khoai Tây,Bịch,0.0,0.0,0.0,0.0,0.0,0.0,0.0,0.0,0.0,0.0,0.0,0.0,0.0,0.0,21.0,630000.0,21.0,630000.0,LSVTBNB901,LAYS Snack Vị Tảo Biển Nori Bịch 90g,,Hàng hóa,aecc0a02-8bc9-11f1-9b18-005056b2a5de,927db869-104f-433f-ade1-2c49366a55d9,aea7bdfe-8bc9-11f1-9b18-005056b2a5de,1158,097330eb-f92d-4b88-95a8-1a83fd3d8011,
MBQVOCH101,MIX Bánh Que Vị Ớt Cay Hũ 150g,,Hũ,0.0,0.0,0.0,0.0,0.0,0.0,0.0,0.0,0.0,0.0,0.0,0.0,0.0,0.0,4.0,240000.0,4.0,240000.0,MBQVOCH101,MIX Bánh Que Vị Ớt Cay Hũ 150g,,Hàng hóa,aecc0acb-8bc9-11f1-9b18-005056b2a5de,d52028a7-5276-42c0-b4de-b6c092b4c71a,aea7bdfe-8bc9-11f1-9b18-005056b2a5de,1159,315cd7c9-f951-4e88-888d-9acc60b4a4fc,
MBQVTTH101,MIX Bánh Que Vị Truyền Thống Hũ 150g,,Hũ,0.0,0.0,0.0,0.0,0.0,0.0,0.0,0.0,0.0,0.0,0.0,0.0,0.0,0.0,3.0,180000.0,3.0,180000.0,MBQVTTH101,MIX Bánh Que Vị Truyền Thống Hũ 150g,,Hàng hóa,aecc0b7f-8bc9-11f1-9b18-005056b2a5de,233ab24e-98b7-403a-a220-ad38005f022d,aea7bdfe-8bc9-11f1-9b18-005056b2a5de,1160,315cd7c9-f951-4e88-888d-9acc60b4a4fc,
MKMDD401,MERINO Kem Mochi Đậu Đỏ 40g,Kem Bánh,Bịch,0.0,0.0,0.0,0.0,0.0,0.0,0.0,0.0,0.0,0.0,0.0,0.0,0.0,0.0,22.0,198000.0,22.0,198000.0,MKMDD401,MERINO Kem Mochi Đậu Đỏ 40g,,Hàng hóa,aecc0c17-8bc9-11f1-9b18-005056b2a5de,e16a0dfd-3cd5-407f-8d76-d90d0b7d85a9,aea7bdfe-8bc9-11f1-9b18-005056b2a5de,1161,097330eb-f92d-4b88-95a8-1a83fd3d8011,
MKMDX401,MERINO Kem Mochi Đậu Xanh 40g,Kem Bánh,Bịch,0.0,0.0,0.0,0.0,0.0,0.0,0.0,0.0,0.0,0.0,0.0,0.0,0.0,0.0,45.0,405000.0,45.0,405000.0,MKMDX401,MERINO Kem Mochi Đậu Xanh 40g,,Hàng hóa,aecc0cad-8bc9-11f1-9b18-005056b2a5de,dba6d912-a31c-4aa9-8094-95b7d7f6f9b9,aea7bdfe-8bc9-11f1-9b18-005056b2a5de,1162,097330eb-f92d-4b88-95a8-1a83fd3d8011,
MKNBH01,MENTOS Kẹo Nhai Bạc Hà,,Chiếc,0.0,0.0,0.0,0.0,0.0,0.0,0.0,0.0,0.0,0.0,0.0,0.0,0.0,0.0,32.0,256000.0,32.0,256000.0,MKNBH01,MENTOS Kẹo Nhai Bạc Hà,,Hàng hóa,aecc0d48-8bc9-11f1-9b18-005056b2a5de,2cc87f34-4b2b-48e3-9978-8941a53796d9,aea7bdfe-8bc9-11f1-9b18-005056b2a5de,1163,097330eb-f92d-4b88-95a8-1a83fd3d8062,
MKNCV01,MENTOS Kẹo Nhai Cầu Vồng,,Chiếc,0.0,0.0,0.0,0.0,0.0,0.0,0.0,0.0,0.0,0.0,0.0,0.0,0.0,0.0,31.0,248000.0,31.0,248000.0,MKNCV01,MENTOS Kẹo Nhai Cầu Vồng,,Hàng hóa,aecc0ddc-8bc9-11f1-9b18-005056b2a5de,1cb4ac08-cf04-4088-bb17-ba8ad0b74312,aea7bdfe-8bc9-11f1-9b18-005056b2a5de,1164,097330eb-f92d-4b88-95a8-1a83fd3d8062,
MKNKDHCH301,MENTOS Kẹo Ngậm Không Đường Hương Chanh Hũ 35g,,Chiếc,0.0,0.0,0.0,0.0,0.0,0.0,0.0,0.0,0.0,0.0,0.0,0.0,0.0,0.0,24.0,1152000.0,24.0,1152000.0,MKNKDHCH301,MENTOS Kẹo Ngậm Không Đường Hương Chanh Hũ 35g,,Hàng hóa,aecc0e77-8bc9-11f1-9b18-005056b2a5de,6a8b409f-faf8-4295-baee-a09c54c7f473,aea7bdfe-8bc9-11f1-9b18-005056b2a5de,1165,097330eb-f92d-4b88-95a8-1a83fd3d8062,
MKNKDHDH301,MENTOS Kẹo Ngậm Không Đường Hương Đào Hũ 35g,,Chiếc,0.0,0.0,0.0,0.0,0.0,0.0,0.0,0.0,0.0,0.0,0.0,0.0,0.0,0.0,24.0,1152000.0,24.0,1152000.0,MKNKDHDH301,MENTOS Kẹo Ngậm Không Đường Hương Đào Hũ 35g,,Hàng hóa,aecc0f15-8bc9-11f1-9b18-005056b2a5de,f20f6e9d-0700-4b72-96f1-2b956943e8c5,aea7bdfe-8bc9-11f1-9b18-005056b2a5de,1166,097330eb-f92d-4b88-95a8-1a83fd3d8062,
MM__GIATSAY__CHANDRAP__12,GIẶT SẤY Chăn Drap Rèm 1-2Kg,,Lần,0.0,0.0,0.0,0.0,0.0,0.0,0.0,0.0,0.0,0.0,0.0,0.0,0.0,0.0,0.0,0.0,0.0,0.0,MM__GIATSAY__CHANDRAP__12,GIẶT SẤY Chăn Drap Rèm 1-2Kg,,Hàng hóa,aecc0fae-8bc9-11f1-9b18-005056b2a5de,26d35f33-b394-4ae7-90da-1ff32ee0a8a2,aea7bdfe-8bc9-11f1-9b18-005056b2a5de,1167,f78c2d07-2a3c-4945-8664-bb1fe249b29a,
MM__GIATSAY__CHANDRAP__1x,GIẶT SẤY Chăn Drap Giường,Giặt Sấy Mềm Mại,Kg,0.0,0.0,0.0,0.0,0.0,0.0,0.0,0.0,0.0,0.0,0.0,0.0,0.0,0.0,0.0,0.0,0.0,0.0,MM__GIATSAY__CHANDRAP__1x,GIẶT SẤY Chăn Drap Giường,,Hàng hóa,aecc1044-8bc9-11f1-9b18-005056b2a5de,2df77770-daf8-4f2c-bb66-d6171e790841,aea7bdfe-8bc9-11f1-9b18-005056b2a5de,1168,097330eb-f92d-4b88-95a8-1a83fd3d8015,
MM__GIATSAY__CHANDRAP__23,GIẶT SẤY Chăn Drap Rèm 2-3Kg,,Lần,0.0,0.0,0.0,0.0,0.0,0.0,0.0,0.0,0.0,0.0,0.0,0.0,0.0,0.0,0.0,0.0,0.0,0.0,MM__GIATSAY__CHANDRAP__23,GIẶT SẤY Chăn Drap Rèm 2-3Kg,,Hàng hóa,aecc112d-8bc9-11f1-9b18-005056b2a5de,c1f9f7aa-5828-43be-b9fd-9787357d2b39,aea7bdfe-8bc9-11f1-9b18-005056b2a5de,1169,f78c2d07-2a3c-4945-8664-bb1fe249b29a,
MM__GIATSAY__CHANDRAP__34,GIẶT SẤY Chăn Drap Rèm 3-4Kg,,Lần,0.0,0.0,0.0,0.0,0.0,0.0,0.0,0.0,0.0,0.0,0.0,0.0,0.0,0.0,0.0,0.0,0.0,0.0,MM__GIATSAY__CHANDRAP__34,GIẶT SẤY Chăn Drap Rèm 3-4Kg,,Hàng hóa,aecc11c9-8bc9-11f1-9b18-005056b2a5de,5170c64f-1e9b-485b-ab68-6df5b0ca9977,aea7bdfe-8bc9-11f1-9b18-005056b2a5de,1170,f78c2d07-2a3c-4945-8664-bb1fe249b29a,
MM__GIATSAY__CHANDRAP__45,GIẶT SẤY Chăn Drap Rèm 4-5Kg,,Lần,0.0,0.0,0.0,0.0,0.0,0.0,0.0,0.0,0.0,0.0,0.0,0.0,0.0,0.0,0.0,0.0,0.0,0.0,MM__GIATSAY__CHANDRAP__45,GIẶT SẤY Chăn Drap Rèm 4-5Kg,,Hàng hóa,aecc125e-8bc9-11f1-9b18-005056b2a5de,dbd41536-1d72-463c-9c3a-7a2fc76d3e54,aea7bdfe-8bc9-11f1-9b18-005056b2a5de,1171,f78c2d07-2a3c-4945-8664-bb1fe249b29a,
MM__GIATSAY__CHANDRAP__x1,GIẶT SẤY Chăn Drap Rèm Dưới 1Kg,,Lần,0.0,0.0,0.0,0.0,0.0,0.0,0.0,0.0,0.0,0.0,0.0,0.0,0.0,0.0,0.0,0.0,0.0,0.0,MM__GIATSAY__CHANDRAP__x1,GIẶT SẤY Chăn Drap Rèm Dưới 1Kg,,Hàng hóa,aecc1303-8bc9-11f1-9b18-005056b2a5de,310daddd-b19e-414f-b20a-994f1e351907,aea7bdfe-8bc9-11f1-9b18-005056b2a5de,1172,f78c2d07-2a3c-4945-8664-bb1fe249b29a,
MM__GIATSAY__GAUBONG__1x,GIẶT SẤY Gấu Bông,Giặt Sấy Mềm Mại,Kg,0.0,0.0,0.0,0.0,0.0,0.0,0.0,0.0,0.0,0.0,0.0,0.0,0.0,0.0,0.0,0.0,0.0,0.0,MM__GIATSAY__GAUBONG__1x,GIẶT SẤY Gấu Bông,,Hàng hóa,aecc1470-8bc9-11f1-9b18-005056b2a5de,c4e0fc0a-48be-4831-b19a-6a7b3551a9ad,aea7bdfe-8bc9-11f1-9b18-005056b2a5de,1173,097330eb-f92d-4b88-95a8-1a83fd3d8015,
MM__GIATSAY__GAUBONG__x1,GIẶT SẤY Gấu Bông Dưới 1 Kg,,Lần,0.0,0.0,0.0,0.0,0.0,0.0,0.0,0.0,0.0,0.0,0.0,0.0,0.0,0.0,0.0,0.0,0.0,0.0,MM__GIATSAY__GAUBONG__x1,GIẶT SẤY Gấu Bông Dưới 1 Kg,,Hàng hóa,aecc1510-8bc9-11f1-9b18-005056b2a5de,59708fd9-9ff3-479a-92ec-769d7cddb1c2,aea7bdfe-8bc9-11f1-9b18-005056b2a5de,1174,f78c2d07-2a3c-4945-8664-bb1fe249b29a,
MM__GIATSAY__GOI__1x,GIẶT SẤY GỐI,Giặt Sấy Mềm Mại,Kg,0.0,0.0,0.0,0.0,0.0,0.0,0.0,0.0,0.0,0.0,0.0,0.0,0.0,0.0,0.0,0.0,0.0,0.0,MM__GIATSAY__GOI__1x,GIẶT SẤY GỐI,,Hàng hóa,aecc15a3-8bc9-11f1-9b18-005056b2a5de,745b1de0-222e-4b2c-9048-21e0f0fed065,aea7bdfe-8bc9-11f1-9b18-005056b2a5de,1175,097330eb-f92d-4b88-95a8-1a83fd3d8015,
MM__GIATSAY__PHUTHU__x1,Phụ Thu Giặt Quần Áo,Giặt Sấy Mềm Mại,Lần,0.0,0.0,0.0,0.0,0.0,0.0,0.0,0.0,0.0,0.0,0.0,0.0,0.0,0.0,0.0,0.0,0.0,0.0,MM__GIATSAY__PHUTHU__x1,Phụ Thu Giặt Quần Áo,,Hàng hóa,aecc163d-8bc9-11f1-9b18-005056b2a5de,9e7d1dd5-ee03-43a7-bf7a-ba5e9af5f581,aea7bdfe-8bc9-11f1-9b18-005056b2a5de,1176,f78c2d07-2a3c-4945-8664-bb1fe249b29a,
MM__GIATSAY__QUANAO__10105,GIẶT SẤY Quần Áo Từ 10-10.5Kg,Giặt Sấy Mềm Mại,Lần,0.0,0.0,0.0,0.0,0.0,0.0,0.0,0.0,0.0,0.0,0.0,0.0,0.0,0.0,0.0,0.0,0.0,0.0,MM__GIATSAY__QUANAO__10105,GIẶT SẤY Quần Áo Từ 10-10.5Kg,,Hàng hóa,aecc16d4-8bc9-11f1-9b18-005056b2a5de,f84da7d8-cb0c-44c5-8188-7f5fe1b8bfc1,aea7bdfe-8bc9-11f1-9b18-005056b2a5de,1177,f78c2d07-2a3c-4945-8664-bb1fe249b29a,
MM__GIATSAY__QUANAO__10511,GIẶT SẤY Quần Áo Từ 10.5-11Kg,Giặt Sấy Mềm Mại,Lần,0.0,0.0,0.0,0.0,0.0,0.0,0.0,0.0,0.0,0.0,0.0,0.0,0.0,0.0,0.0,0.0,0.0,0.0,MM__GIATSAY__QUANAO__10511,GIẶT SẤY Quần Áo Từ 10.5-11Kg,,Hàng hóa,aecc176e-8bc9-11f1-9b18-005056b2a5de,6f6965d7-86f1-4731-80f9-0d72f3b3c9c1,aea7bdfe-8bc9-11f1-9b18-005056b2a5de,1178,f78c2d07-2a3c-4945-8664-bb1fe249b29a,
MM__GIATSAY__QUANAO__11115,GIẶT SẤY Quần Áo Từ 11-11.5Kg,Giặt Sấy Mềm Mại,Lần,0.0,0.0,0.0,0.0,0.0,0.0,0.0,0.0,0.0,0.0,0.0,0.0,0.0,0.0,0.0,0.0,0.0,0.0,MM__GIATSAY__QUANAO__11115,GIẶT SẤY Quần Áo Từ 11-11.5Kg,,Hàng hóa,aecc1802-8bc9-11f1-9b18-005056b2a5de,6390827c-9b60-4440-9174-c7f3bfe33f28,aea7bdfe-8bc9-11f1-9b18-005056b2a5de,1179,f78c2d07-2a3c-4945-8664-bb1fe249b29a,
MM__GIATSAY__QUANAO__11512,GIẶT SẤY Quần Áo Từ 11.5-12Kg,Giặt Sấy Mềm Mại,Lần,0.0,0.0,0.0,0.0,0.0,0.0,0.0,0.0,0.0,0.0,0.0,0.0,0.0,0.0,0.0,0.0,0.0,0.0,MM__GIATSAY__QUANAO__11512,GIẶT SẤY Quần Áo Từ 11.5-12Kg,,Hàng hóa,aecc1897-8bc9-11f1-9b18-005056b2a5de,e8571c5f-5432-4ec1-a465-def6a3f7f03b,aea7bdfe-8bc9-11f1-9b18-005056b2a5de,1180,f78c2d07-2a3c-4945-8664-bb1fe249b29a,
MM__GIATSAY__QUANAO__12125,GIẶT SẤY Quần Áo Từ 12-12.5Kg,Giặt Sấy Mềm Mại,Lần,0.0,0.0,0.0,0.0,0.0,0.0,0.0,0.0,0.0,0.0,0.0,0.0,0.0,0.0,0.0,0.0,0.0,0.0,MM__GIATSAY__QUANAO__12125,GIẶT SẤY Quần Áo Từ 12-12.5Kg,,Hàng hóa,aecc1930-8bc9-11f1-9b18-005056b2a5de,e9a235e1-a559-443c-a50a-54248048d4a7,aea7bdfe-8bc9-11f1-9b18-005056b2a5de,1181,f78c2d07-2a3c-4945-8664-bb1fe249b29a,
MM__GIATSAY__QUANAO__12513,GIẶT SẤY Quần Áo Từ 12.5-13Kg,Giặt Sấy Mềm Mại,Lần,0.0,0.0,0.0,0.0,0.0,0.0,0.0,0.0,0.0,0.0,0.0,0.0,0.0,0.0,0.0,0.0,0.0,0.0,MM__GIATSAY__QUANAO__12513,GIẶT SẤY Quần Áo Từ 12.5-13Kg,,Hàng hóa,aecc19c6-8bc9-11f1-9b18-005056b2a5de,2920b014-748f-4330-990c-7e88b75ca205,aea7bdfe-8bc9-11f1-9b18-005056b2a5de,1182,f78c2d07-2a3c-4945-8664-bb1fe249b29a,
MM__GIATSAY__QUANAO__13,GIẶT SẤY Quần Áo Từ 1-3Kg,Giặt Sấy Mềm Mại,Lần,0.0,0.0,0.0,0.0,0.0,0.0,0.0,0.0,0.0,0.0,0.0,0.0,0.0,0.0,0.0,0.0,0.0,0.0,MM__GIATSAY__QUANAO__13,GIẶT SẤY Quần Áo Từ 1-3Kg,,Hàng hóa,aecc1a5b-8bc9-11f1-9b18-005056b2a5de,267dd9a5-9d84-4210-9db9-a5ff6b9d904c,aea7bdfe-8bc9-11f1-9b18-005056b2a5de,1183,f78c2d07-2a3c-4945-8664-bb1fe249b29a,
MM__GIATSAY__QUANAO__13135,GIẶT SẤY Quần Áo Từ 13-13.5Kg,Giặt Sấy Mềm Mại,Lần,0.0,0.0,0.0,0.0,0.0,0.0,0.0,0.0,0.0,0.0,0.0,0.0,0.0,0.0,0.0,0.0,0.0,0.0,MM__GIATSAY__QUANAO__13135,GIẶT SẤY Quần Áo Từ 13-13.5Kg,,Hàng hóa,aecc1af0-8bc9-11f1-9b18-005056b2a5de,f45929dc-4d2a-44f8-b25f-faf3b6df88c0,aea7bdfe-8bc9-11f1-9b18-005056b2a5de,1184,f78c2d07-2a3c-4945-8664-bb1fe249b29a,
MM__GIATSAY__QUANAO__13514,GIẶT SẤY Quần Áo Từ 13.5-14Kg,Giặt Sấy Mềm Mại,Lần,0.0,0.0,0.0,0.0,0.0,0.0,0.0,0.0,0.0,0.0,0.0,0.0,0.0,0.0,0.0,0.0,0.0,0.0,MM__GIATSAY__QUANAO__13514,GIẶT SẤY Quần Áo Từ 13.5-14Kg,,Hàng hóa,aecc1b87-8bc9-11f1-9b18-005056b2a5de,b427231a-1844-4898-b823-8638b312a01b,aea7bdfe-8bc9-11f1-9b18-005056b2a5de,1185,f78c2d07-2a3c-4945-8664-bb1fe249b29a,
MM__GIATSAY__QUANAO__14145,GIẶT SẤY Quần Áo Từ 14-14.5Kg,Giặt Sấy Mềm Mại,Lần,0.0,0.0,0.0,0.0,0.0,0.0,0.0,0.0,0.0,0.0,0.0,0.0,0.0,0.0,0.0,0.0,0.0,0.0,MM__GIATSAY__QUANAO__14145,GIẶT SẤY Quần Áo Từ 14-14.5Kg,,Hàng hóa,aecc1c75-8bc9-11f1-9b18-005056b2a5de,605c137b-da25-44f6-b3b5-1a0d0adb8a0c,aea7bdfe-8bc9-11f1-9b18-005056b2a5de,1186,f78c2d07-2a3c-4945-8664-bb1fe249b29a,
MM__GIATSAY__QUANAO__14515,GIẶT SẤY Quần Áo Từ 14.5-15Kg,Giặt Sấy Mềm Mại,Lần,0.0,0.0,0.0,0.0,0.0,0.0,0.0,0.0,0.0,0.0,0.0,0.0,0.0,0.0,0.0,0.0,0.0,0.0,MM__GIATSAY__QUANAO__14515,GIẶT SẤY Quần Áo Từ 14.5-15Kg,,Hàng hóa,aecc1d0a-8bc9-11f1-9b18-005056b2a5de,45b1833f-b71c-40fa-adc6-54a2d6c4baf6,aea7bdfe-8bc9-11f1-9b18-005056b2a5de,1187,f78c2d07-2a3c-4945-8664-bb1fe249b29a,
MM__GIATSAY__QUANAO__15155,GIẶT SẤY Quần Áo Từ 15-15.5Kg,Giặt Sấy Mềm Mại,Lần,0.0,0.0,0.0,0.0,0.0,0.0,0.0,0.0,0.0,0.0,0.0,0.0,0.0,0.0,0.0,0.0,0.0,0.0,MM__GIATSAY__QUANAO__15155,GIẶT SẤY Quần Áo Từ 15-15.5Kg,,Hàng hóa,aecc1db6-8bc9-11f1-9b18-005056b2a5de,c269a651-1fc7-476e-89e6-cc45eea75cc6,aea7bdfe-8bc9-11f1-9b18-005056b2a5de,1188,f78c2d07-2a3c-4945-8664-bb1fe249b29a,
MM__GIATSAY__QUANAO__15516,GIẶT SẤY Quần Áo Từ 15.5-16Kg,Giặt Sấy Mềm Mại,Lần,0.0,0.0,0.0,0.0,0.0,0.0,0.0,0.0,0.0,0.0,0.0,0.0,0.0,0.0,0.0,0.0,0.0,0.0,MM__GIATSAY__QUANAO__15516,GIẶT SẤY Quần Áo Từ 15.5-16Kg,,Hàng hóa,aecc1ea3-8bc9-11f1-9b18-005056b2a5de,5b0f1d37-097f-4666-a358-0aeb08d7947c,aea7bdfe-8bc9-11f1-9b18-005056b2a5de,1189,f78c2d07-2a3c-4945-8664-bb1fe249b29a,
MM__GIATSAY__QUANAO__16165,GIẶT SẤY Quần Áo Từ 16-16.5Kg,Giặt Sấy Mềm Mại,Lần,0.0,0.0,0.0,0.0,0.0,0.0,0.0,0.0,0.0,0.0,0.0,0.0,0.0,0.0,0.0,0.0,0.0,0.0,MM__GIATSAY__QUANAO__16165,GIẶT SẤY Quần Áo Từ 16-16.5Kg,,Hàng hóa,aecc1f3b-8bc9-11f1-9b18-005056b2a5de,c2eb1915-ad04-4cf0-a40a-33a259311e32,aea7bdfe-8bc9-11f1-9b18-005056b2a5de,1190,f78c2d07-2a3c-4945-8664-bb1fe249b29a,
MM__GIATSAY__QUANAO__16517,GIẶT SẤY Quần Áo Từ 16.5-17Kg,Giặt Sấy Mềm Mại,Lần,0.0,0.0,0.0,0.0,0.0,0.0,0.0,0.0,0.0,0.0,0.0,0.0,0.0,0.0,0.0,0.0,0.0,0.0,MM__GIATSAY__QUANAO__16517,GIẶT SẤY Quần Áo Từ 16.5-17Kg,,Hàng hóa,aecc1fd3-8bc9-11f1-9b18-005056b2a5de,5bfa5438-ae70-4f7e-a543-4c96f4f4a1c2,aea7bdfe-8bc9-11f1-9b18-005056b2a5de,1191,f78c2d07-2a3c-4945-8664-bb1fe249b29a,
MM__GIATSAY__QUANAO__17175,GIẶT SẤY Quần Áo Từ 17-17.5Kg,Giặt Sấy Mềm Mại,Lần,0.0,0.0,0.0,0.0,0.0,0.0,0.0,0.0,0.0,0.0,0.0,0.0,0.0,0.0,0.0,0.0,0.0,0.0,MM__GIATSAY__QUANAO__17175,GIẶT SẤY Quần Áo Từ 17-17.5Kg,,Hàng hóa,aecc206a-8bc9-11f1-9b18-005056b2a5de,5bb854fe-584d-4dd6-851b-f206a1926c91,aea7bdfe-8bc9-11f1-9b18-005056b2a5de,1192,f78c2d07-2a3c-4945-8664-bb1fe249b29a,
MM__GIATSAY__QUANAO__17518,GIẶT SẤY Quần Áo Từ 17.5-18Kg,Giặt Sấy Mềm Mại,Lần,0.0,0.0,0.0,0.0,0.0,0.0,0.0,0.0,0.0,0.0,0.0,0.0,0.0,0.0,0.0,0.0,0.0,0.0,MM__GIATSAY__QUANAO__17518,GIẶT SẤY Quần Áo Từ 17.5-18Kg,,Hàng hóa,aecc2100-8bc9-11f1-9b18-005056b2a5de,2428508b-7043-472f-90d7-bea88a2ff751,aea7bdfe-8bc9-11f1-9b18-005056b2a5de,1193,f78c2d07-2a3c-4945-8664-bb1fe249b29a,
MM__GIATSAY__QUANAO__335,GIẶT SẤY Quần Áo Từ 3-3.5Kg,Giặt Sấy Mềm Mại,Lần,0.0,0.0,0.0,0.0,0.0,0.0,0.0,0.0,0.0,0.0,0.0,0.0,0.0,0.0,0.0,0.0,0.0,0.0,MM__GIATSAY__QUANAO__335,GIẶT SẤY Quần Áo Từ 3-3.5Kg,,Hàng hóa,aecc21e5-8bc9-11f1-9b18-005056b2a5de,2fe04bdc-1d82-4dc4-a897-88e11878a3cd,aea7bdfe-8bc9-11f1-9b18-005056b2a5de,1194,f78c2d07-2a3c-4945-8664-bb1fe249b29a,
MM__GIATSAY__QUANAO__34,GIẶT SẤY Quần Áo Từ 3-4Kg,,Lần,0.0,0.0,0.0,0.0,0.0,0.0,0.0,0.0,0.0,0.0,0.0,0.0,0.0,0.0,0.0,0.0,0.0,0.0,MM__GIATSAY__QUANAO__34,GIẶT SẤY Quần Áo Từ 3-4Kg,,Hàng hóa,aecc227d-8bc9-11f1-9b18-005056b2a5de,2a9d2c44-a3d4-4cbb-8ac3-c832bb5d98fc,aea7bdfe-8bc9-11f1-9b18-005056b2a5de,1195,f78c2d07-2a3c-4945-8664-bb1fe249b29a,
MM__GIATSAY__QUANAO__354,GIẶT SẤY Quần Áo Từ 3.5-4Kg,Giặt Sấy Mềm Mại,Lần,0.0,0.0,0.0,0.0,0.0,0.0,0.0,0.0,0.0,0.0,0.0,0.0,0.0,0.0,0.0,0.0,0.0,0.0,MM__GIATSAY__QUANAO__354,GIẶT SẤY Quần Áo Từ 3.5-4Kg,,Hàng hóa,aecc2317-8bc9-11f1-9b18-005056b2a5de,597d5422-efac-407a-95f3-a3e9e5b4e8fc,aea7bdfe-8bc9-11f1-9b18-005056b2a5de,1196,f78c2d07-2a3c-4945-8664-bb1fe249b29a,
MM__GIATSAY__QUANAO__3x,GIẶT SẤY Quần Áo Trên 3Kg,,Kg,0.0,0.0,0.0,0.0,0.0,0.0,0.0,0.0,0.0,0.0,0.0,0.0,0.0,0.0,0.0,0.0,0.0,0.0,MM__GIATSAY__QUANAO__3x,GIẶT SẤY Quần Áo Trên 3Kg,,Hàng hóa,aecc23ac-8bc9-11f1-9b18-005056b2a5de,5cc6ca8f-dfde-477e-9130-e16d0ad0a6cb,aea7bdfe-8bc9-11f1-9b18-005056b2a5de,1197,097330eb-f92d-4b88-95a8-1a83fd3d8015,
MM__GIATSAY__QUANAO__445,GIẶT SẤY Quần Áo Từ 4-4.5Kg,Giặt Sấy Mềm Mại,Lần,1.0,54000.0,0.0,0.0,0.0,0.0,0.0,0.0,0.0,0.0,0.0,0.0,0.0,0.0,0.0,0.0,0.0,0.0,MM__GIATSAY__QUANAO__445,GIẶT SẤY Quần Áo Từ 4-4.5Kg,,Hàng hóa,aecc2440-8bc9-11f1-9b18-005056b2a5de,abede7cc-df60-4723-b568-a3ec12991347,aea7bdfe-8bc9-11f1-9b18-005056b2a5de,1198,f78c2d07-2a3c-4945-8664-bb1fe249b29a,
MM__GIATSAY__QUANAO__45,GIẶT SẤY Quần Áo Từ 4-5Kg,,Lần,0.0,0.0,0.0,0.0,0.0,0.0,0.0,0.0,0.0,0.0,0.0,0.0,0.0,0.0,0.0,0.0,0.0,0.0,MM__GIATSAY__QUANAO__45,GIẶT SẤY Quần Áo Từ 4-5Kg,,Hàng hóa,aecc24d3-8bc9-11f1-9b18-005056b2a5de,0351aab7-6bf9-4260-8318-236be30b45d2,aea7bdfe-8bc9-11f1-9b18-005056b2a5de,1199,f78c2d07-2a3c-4945-8664-bb1fe249b29a,
MM__GIATSAY__QUANAO__455,GIẶT SẤY Quần Áo Từ 4.5-5Kg,Giặt Sấy Mềm Mại,Lần,0.0,0.0,0.0,0.0,0.0,0.0,0.0,0.0,0.0,0.0,0.0,0.0,0.0,0.0,0.0,0.0,0.0,0.0,MM__GIATSAY__QUANAO__455,GIẶT SẤY Quần Áo Từ 4.5-5Kg,,Hàng hóa,aecc256d-8bc9-11f1-9b18-005056b2a5de,34aaba2a-0abc-47fd-8812-ddc4dd72f315,aea7bdfe-8bc9-11f1-9b18-005056b2a5de,1200,f78c2d07-2a3c-4945-8664-bb1fe249b29a,
MM__GIATSAY__QUANAO__555,GIẶT SẤY Quần Áo Từ 5-5.5Kg,Giặt Sấy Mềm Mại,Lần,1.0,66000.0,0.0,0.0,0.0,0.0,0.0,0.0,0.0,0.0,0.0,0.0,0.0,0.0,0.0,0.0,0.0,0.0,MM__GIATSAY__QUANAO__555,GIẶT SẤY Quần Áo Từ 5-5.5Kg,,Hàng hóa,aecc2603-8bc9-11f1-9b18-005056b2a5de,0044a3e6-1ff0-4ee2-b4c7-810aac750984,aea7bdfe-8bc9-11f1-9b18-005056b2a5de,1201,f78c2d07-2a3c-4945-8664-bb1fe249b29a,
MM__GIATSAY__QUANAO__556,GIẶT SẤY Quần Áo Từ 5.5-6Kg,Giặt Sấy Mềm Mại,Lần,0.0,0.0,0.0,0.0,0.0,0.0,0.0,0.0,0.0,0.0,0.0,0.0,0.0,0.0,0.0,0.0,0.0,0.0,MM__GIATSAY__QUANAO__556,GIẶT SẤY Quần Áo Từ 5.5-6Kg,,Hàng hóa,aecc2736-8bc9-11f1-9b18-005056b2a5de,44b11982-bec9-40f5-9a01-fce6076b969f,aea7bdfe-8bc9-11f1-9b18-005056b2a5de,1202,f78c2d07-2a3c-4945-8664-bb1fe249b29a,
MM__GIATSAY__QUANAO__56,GIẶT SẤY Quần Áo Từ 5-6Kg,,Lần,0.0,0.0,0.0,0.0,0.0,0.0,0.0,0.0,0.0,0.0,0.0,0.0,0.0,0.0,0.0,0.0,0.0,0.0,MM__GIATSAY__QUANAO__56,GIẶT SẤY Quần Áo Từ 5-6Kg,,Hàng hóa,aecc29d8-8bc9-11f1-9b18-005056b2a5de,a7be13cc-9be4-4034-8e6f-ac1b2371569c,aea7bdfe-8bc9-11f1-9b18-005056b2a5de,1203,f78c2d07-2a3c-4945-8664-bb1fe249b29a,
MM__GIATSAY__QUANAO__657,GIẶT SẤY Quần Áo Từ 6.5-7Kg,Giặt Sấy Mềm Mại,Lần,0.0,0.0,0.0,0.0,0.0,0.0,0.0,0.0,0.0,0.0,0.0,0.0,0.0,0.0,0.0,0.0,0.0,0.0,MM__GIATSAY__QUANAO__657,GIẶT SẤY Quần Áo Từ 6.5-7Kg,,Hàng hóa,aecc2ac3-8bc9-11f1-9b18-005056b2a5de,a5891638-46d5-484b-95b3-3a83bcabc819,aea7bdfe-8bc9-11f1-9b18-005056b2a5de,1204,f78c2d07-2a3c-4945-8664-bb1fe249b29a,
MM__GIATSAY__QUANAO__665,GIẶT SẤY Quần Áo Từ 6-6.5Kg,Giặt Sấy Mềm Mại,Lần,0.0,0.0,0.0,0.0,0.0,0.0,0.0,0.0,0.0,0.0,0.0,0.0,0.0,0.0,0.0,0.0,0.0,0.0,MM__GIATSAY__QUANAO__665,GIẶT SẤY Quần Áo Từ 6-6.5Kg,,Hàng hóa,aecc2b5f-8bc9-11f1-9b18-005056b2a5de,3ee7da06-9025-41d8-b084-e1967e52be84,aea7bdfe-8bc9-11f1-9b18-005056b2a5de,1205,f78c2d07-2a3c-4945-8664-bb1fe249b29a,
MM__GIATSAY__QUANAO__67,GIẶT SẤY Quần Áo Từ 6-7Kg,,Lần,0.0,0.0,0.0,0.0,0.0,0.0,0.0,0.0,0.0,0.0,0.0,0.0,0.0,0.0,0.0,0.0,0.0,0.0,MM__GIATSAY__QUANAO__67,GIẶT SẤY Quần Áo Từ 6-7Kg,,Hàng hóa,aecc2bfd-8bc9-11f1-9b18-005056b2a5de,af266c34-420e-42f9-83b3-3540a0f11d70,aea7bdfe-8bc9-11f1-9b18-005056b2a5de,1206,f78c2d07-2a3c-4945-8664-bb1fe249b29a,
MM__GIATSAY__QUANAO__7508,GIẶT SẤY Quần Áo Từ 7.5-8Kg,Giặt Sấy Mềm Mại,Lần,0.0,0.0,0.0,0.0,0.0,0.0,0.0,0.0,0.0,0.0,0.0,0.0,0.0,0.0,0.0,0.0,0.0,0.0,MM__GIATSAY__QUANAO__7508,GIẶT SẤY Quần Áo Từ 7.5-8Kg,,Hàng hóa,aecc2c97-8bc9-11f1-9b18-005056b2a5de,3921c64e-aad3-4791-aa6c-2459cad0f0b2,aea7bdfe-8bc9-11f1-9b18-005056b2a5de,1207,f78c2d07-2a3c-4945-8664-bb1fe249b29a,
MM__GIATSAY__QUANAO__775,GIẶT SẤY Quần Áo Từ 7-7.5Kg,Giặt Sấy Mềm Mại,Lần,0.0,0.0,0.0,0.0,0.0,0.0,0.0,0.0,0.0,0.0,0.0,0.0,0.0,0.0,0.0,0.0,0.0,0.0,MM__GIATSAY__QUANAO__775,GIẶT SẤY Quần Áo Từ 7-7.5Kg,,Hàng hóa,aecc2d44-8bc9-11f1-9b18-005056b2a5de,1c4fd81b-e9e6-44cb-9d61-aec279275728,aea7bdfe-8bc9-11f1-9b18-005056b2a5de,1208,f78c2d07-2a3c-4945-8664-bb1fe249b29a,
MM__GIATSAY__QUANAO__78,GIẶT SẤY Quần Áo Từ 7-8Kg,,Lần,0.0,0.0,0.0,0.0,0.0,0.0,0.0,0.0,0.0,0.0,0.0,0.0,0.0,0.0,0.0,0.0,0.0,0.0,MM__GIATSAY__QUANAO__78,GIẶT SẤY Quần Áo Từ 7-8Kg,,Hàng hóa,aecc2e2f-8bc9-11f1-9b18-005056b2a5de,46809bc5-2de2-462b-8df2-6c8fae39a96c,aea7bdfe-8bc9-11f1-9b18-005056b2a5de,1209,f78c2d07-2a3c-4945-8664-bb1fe249b29a,
MM__GIATSAY__QUANAO__859,GIẶT SẤY Quần Áo Từ 8.5-9Kg,Giặt Sấy Mềm Mại,Lần,0.0,0.0,0.0,0.0,0.0,0.0,0.0,0.0,0.0,0.0,0.0,0.0,0.0,0.0,0.0,0.0,0.0,0.0,MM__GIATSAY__QUANAO__859,GIẶT SẤY Quần Áo Từ 8.5-9Kg,,Hàng hóa,aecc2efa-8bc9-11f1-9b18-005056b2a5de,fbf46f3f-97d4-449f-adb0-e3001589e4e3,aea7bdfe-8bc9-11f1-9b18-005056b2a5de,1210,f78c2d07-2a3c-4945-8664-bb1fe249b29a,
MM__GIATSAY__QUANAO__885,GIẶT SẤY Quần Áo Từ 8-8.5Kg,Giặt Sấy Mềm Mại,Lần,0.0,0.0,0.0,0.0,0.0,0.0,0.0,0.0,0.0,0.0,0.0,0.0,0.0,0.0,0.0,0.0,0.0,0.0,MM__GIATSAY__QUANAO__885,GIẶT SẤY Quần Áo Từ 8-8.5Kg,,Hàng hóa,aecc2f9d-8bc9-11f1-9b18-005056b2a5de,4fe2ea9c-fe88-49d3-b2bc-82c25bf78238,aea7bdfe-8bc9-11f1-9b18-005056b2a5de,1211,f78c2d07-2a3c-4945-8664-bb1fe249b29a,
MM__GIATSAY__QUANAO__9510,GIẶT SẤY Quần Áo Từ 9.5-10Kg,Giặt Sấy Mềm Mại,Lần,0.0,0.0,0.0,0.0,0.0,0.0,0.0,0.0,0.0,0.0,0.0,0.0,0.0,0.0,0.0,0.0,0.0,0.0,MM__GIATSAY__QUANAO__9510,GIẶT SẤY Quần Áo Từ 9.5-10Kg,,Hàng hóa,aecc3037-8bc9-11f1-9b18-005056b2a5de,c5d503b4-58df-457c-bfb6-765f356c5104,aea7bdfe-8bc9-11f1-9b18-005056b2a5de,1212,f78c2d07-2a3c-4945-8664-bb1fe249b29a,
MM__GIATSAY__QUANAO__995,GIẶT SẤY Quần Áo Từ 9-9.5Kg,Giặt Sấy Mềm Mại,Lần,0.0,0.0,0.0,0.0,0.0,0.0,0.0,0.0,0.0,0.0,0.0,0.0,0.0,0.0,0.0,0.0,0.0,0.0,MM__GIATSAY__QUANAO__995,GIẶT SẤY Quần Áo Từ 9-9.5Kg,,Hàng hóa,aecc312e-8bc9-11f1-9b18-005056b2a5de,30adfb0b-d350-4f25-a0d3-849dffa8a8c7,aea7bdfe-8bc9-11f1-9b18-005056b2a5de,1213,f78c2d07-2a3c-4945-8664-bb1fe249b29a,
MM__GIATSAY__QUANAO__x1,GIẶT SẤY Quần Áo Dưới 1Kg,,Lần,0.0,0.0,0.0,0.0,0.0,0.0,0.0,0.0,0.0,0.0,0.0,0.0,0.0,0.0,0.0,0.0,0.0,0.0,MM__GIATSAY__QUANAO__x1,GIẶT SẤY Quần Áo Dưới 1Kg,,Hàng hóa,aecc31c9-8bc9-11f1-9b18-005056b2a5de,3c2d8e99-1311-4efe-946a-658db2ec45c1,aea7bdfe-8bc9-11f1-9b18-005056b2a5de,1214,f78c2d07-2a3c-4945-8664-bb1fe249b29a,
MM__GIATSAY__REMCUA__1x,GIẶT SẤY Rèm Cửa,Giặt Sấy Mềm Mại,Kg,0.0,0.0,0.0,0.0,0.0,0.0,0.0,0.0,0.0,0.0,0.0,0.0,0.0,0.0,0.0,0.0,0.0,0.0,MM__GIATSAY__REMCUA__1x,GIẶT SẤY Rèm Cửa,,Hàng hóa,aecc3262-8bc9-11f1-9b18-005056b2a5de,b49f0d08-99ff-447a-9c1c-c3399fb7b1e9,aea7bdfe-8bc9-11f1-9b18-005056b2a5de,1215,097330eb-f92d-4b88-95a8-1a83fd3d8015,
MM__GIATSAY__SAY__3,SẤY Quần Áo <3Kg,Giặt Sấy Mềm Mại,Lần,0.0,0.0,0.0,0.0,0.0,0.0,0.0,0.0,0.0,0.0,0.0,0.0,0.0,0.0,0.0,0.0,0.0,0.0,MM__GIATSAY__SAY__3,SẤY Quần Áo <3Kg,,Hàng hóa,aecc32f9-8bc9-11f1-9b18-005056b2a5de,84f579e9-4257-4505-97d8-2de762f7b1fd,aea7bdfe-8bc9-11f1-9b18-005056b2a5de,1216,f78c2d07-2a3c-4945-8664-bb1fe249b29a,
MM__GIATSAY__SAY__335,SẤY Quần Áo 3-3.5Kg,Giặt Sấy Mềm Mại,Lần,0.0,0.0,0.0,0.0,0.0,0.0,0.0,0.0,0.0,0.0,0.0,0.0,0.0,0.0,0.0,0.0,0.0,0.0,MM__GIATSAY__SAY__335,SẤY Quần Áo 3-3.5Kg,,Hàng hóa,aecc3393-8bc9-11f1-9b18-005056b2a5de,b4a23bb4-26b2-4755-83a9-756d0a75f7b8,aea7bdfe-8bc9-11f1-9b18-005056b2a5de,1217,f78c2d07-2a3c-4945-8664-bb1fe249b29a,
MM__GIATSAY__SAY__354,SẤY Quần Áo 3.5-4Kg,Giặt Sấy Mềm Mại,Lần,0.0,0.0,0.0,0.0,0.0,0.0,0.0,0.0,0.0,0.0,0.0,0.0,0.0,0.0,0.0,0.0,0.0,0.0,MM__GIATSAY__SAY__354,SẤY Quần Áo 3.5-4Kg,,Hàng hóa,aecc347b-8bc9-11f1-9b18-005056b2a5de,79a55e4c-4afb-4c6f-a093-51b1ed2d6576,aea7bdfe-8bc9-11f1-9b18-005056b2a5de,1218,f78c2d07-2a3c-4945-8664-bb1fe249b29a,
MM__GIATSAY__SAY__445,SẤY Quần Áo 4-4.5Kg,Giặt Sấy Mềm Mại,Lần,0.0,0.0,0.0,0.0,0.0,0.0,0.0,0.0,0.0,0.0,0.0,0.0,0.0,0.0,0.0,0.0,0.0,0.0,MM__GIATSAY__SAY__445,SẤY Quần Áo 4-4.5Kg,,Hàng hóa,aecc352c-8bc9-11f1-9b18-005056b2a5de,fe66e83c-d655-443f-bb7e-15dcb641c5b4,aea7bdfe-8bc9-11f1-9b18-005056b2a5de,1219,f78c2d07-2a3c-4945-8664-bb1fe249b29a,
MM__GIATSAY__SAY__455,SẤY Quần Áo 4.5-5Kg,Giặt Sấy Mềm Mại,Lần,0.0,0.0,0.0,0.0,0.0,0.0,0.0,0.0,0.0,0.0,0.0,0.0,0.0,0.0,0.0,0.0,0.0,0.0,MM__GIATSAY__SAY__455,SẤY Quần Áo 4.5-5Kg,,Hàng hóa,aecc35c7-8bc9-11f1-9b18-005056b2a5de,d2ca0d6d-e9f6-422e-a252-4df92244547b,aea7bdfe-8bc9-11f1-9b18-005056b2a5de,1220,f78c2d07-2a3c-4945-8664-bb1fe249b29a,
MM__GIATSAY__TAYO__x1,Tẩy Ố/ Tẩy Trắng,Giặt Sấy Mềm Mại,Lần,0.0,0.0,0.0,0.0,0.0,0.0,0.0,0.0,0.0,0.0,0.0,0.0,0.0,0.0,0.0,0.0,0.0,0.0,MM__GIATSAY__TAYO__x1,Tẩy Ố/ Tẩy Trắng,,Hàng hóa,aecc365e-8bc9-11f1-9b18-005056b2a5de,23a6c2c5-f098-41ef-b991-1b8abd0a5d19,aea7bdfe-8bc9-11f1-9b18-005056b2a5de,1221,f78c2d07-2a3c-4945-8664-bb1fe249b29a,
MM__GIATSAY__TOPPER__1x,GIẶT SẤY Topper,Giặt Sấy Mềm Mại,Kg,0.0,0.0,0.0,0.0,0.0,0.0,0.0,0.0,0.0,0.0,0.0,0.0,0.0,0.0,0.0,0.0,0.0,0.0,MM__GIATSAY__TOPPER__1x,GIẶT SẤY Topper,,Hàng hóa,aecc374b-8bc9-11f1-9b18-005056b2a5de,3e17c4cb-3acd-46d2-8493-3dbba194e0a8,aea7bdfe-8bc9-11f1-9b18-005056b2a5de,1222,097330eb-f92d-4b88-95a8-1a83fd3d8015,
MM__GIATSAY__VOCHANDRAP__1x,GIẶT SẤY Vỏ Chăn Drap Gối,Giặt Sấy Mềm Mại,Kg,0.0,0.0,0.0,0.0,0.0,0.0,0.0,0.0,0.0,0.0,0.0,0.0,0.0,0.0,0.0,0.0,0.0,0.0,MM__GIATSAY__VOCHANDRAP__1x,GIẶT SẤY Vỏ Chăn Drap Gối,,Hàng hóa,aecc37e4-8bc9-11f1-9b18-005056b2a5de,a1bca05d-823c-4898-868e-ae1a544ba86c,aea7bdfe-8bc9-11f1-9b18-005056b2a5de,1223,097330eb-f92d-4b88-95a8-1a83fd3d8015,
MM__SAYGAP__CHANDRAP__1,SẤY GẤP Chăn Drap Mền,Giặt Sấy Mềm Mại,Kg,0.0,0.0,0.0,0.0,0.0,0.0,0.0,0.0,0.0,0.0,0.0,0.0,0.0,0.0,0.0,0.0,0.0,0.0,MM__SAYGAP__CHANDRAP__1,SẤY GẤP Chăn Drap Mền,,Hàng hóa,aecc387d-8bc9-11f1-9b18-005056b2a5de,85a0d8ae-2085-4649-a41b-2dee82210ba3,aea7bdfe-8bc9-11f1-9b18-005056b2a5de,1224,097330eb-f92d-4b88-95a8-1a83fd3d8015,
MM__SAYGAP__CHANDRAP__45,SẤY GẤP Chăn Drap 4-5Kg,,Lần,0.0,0.0,0.0,0.0,0.0,0.0,0.0,0.0,0.0,0.0,0.0,0.0,0.0,0.0,0.0,0.0,0.0,0.0,MM__SAYGAP__CHANDRAP__45,SẤY GẤP Chăn Drap 4-5Kg,,Hàng hóa,aecc3914-8bc9-11f1-9b18-005056b2a5de,723351b6-828b-46f5-9436-6d8354e83fe2,aea7bdfe-8bc9-11f1-9b18-005056b2a5de,1225,f78c2d07-2a3c-4945-8664-bb1fe249b29a,
OSPNCDCPTZ701,OISHI Snack Pillows Nhân Cốt Dừa Cà Phê Túi Zip 75g,Snack Khác,Bịch,0.0,0.0,0.0,0.0,0.0,0.0,0.0,0.0,0.0,0.0,0.0,0.0,0.0,0.0,-4.0,-64000.0,-4.0,-64000.0,OSPNCDCPTZ701,OISHI Snack Pillows Nhân Cốt Dừa Cà Phê Túi Zip 75g,,Hàng hóa,aecc39b2-8bc9-11f1-9b18-005056b2a5de,733ed8cd-e3ed-4bb9-bc0f-125f40c5de36,aea7bdfe-8bc9-11f1-9b18-005056b2a5de,1226,097330eb-f92d-4b88-95a8-1a83fd3d8011,
Saimavach,ORION Swing Snack Mật Ong Bơ Tỏi Bịch 52g,Snack Khoai Tây,Bịch,0.0,0.0,0.0,0.0,0.0,0.0,0.0,0.0,0.0,0.0,0.0,0.0,0.0,0.0,29.0,348000.0,29.0,348000.0,Saimavach,ORION Swing Snack Mật Ong Bơ Tỏi Bịch 52g,,Hàng hóa,aecc3a4d-8bc9-11f1-9b18-005056b2a5de,aea935b9-6539-4747-8085-a02634b4e693,aea7bdfe-8bc9-11f1-9b18-005056b2a5de,1227,097330eb-f92d-4b88-95a8-1a83fd3d8011,
TSCVQ101,THTrue Sữa Chua Việt Quất 100g,Sữa Chua Ăn,Hộp,0.0,0.0,0.0,0.0,0.0,0.0,0.0,0.0,0.0,0.0,0.0,0.0,0.0,0.0,26.0,312000.0,26.0,312000.0,TSCVQ101,THTrue Sữa Chua Việt Quất 100g,,Hàng hóa,aecc3b35-8bc9-11f1-9b18-005056b2a5de,3477952a-2689-4fa9-8bb3-43c83f9882aa,aea7bdfe-8bc9-11f1-9b18-005056b2a5de,1228,097330eb-f92d-4b88-95a8-1a83fd3d8064,
VSDOT401,VINAMILK Sữa Đặc Ông Thọ 40g,Sữa Đặc,Chiếc,0.0,0.0,0.0,0.0,0.0,0.0,0.0,0.0,0.0,0.0,0.0,0.0,0.0,0.0,8.0,80000.0,8.0,80000.0,VSDOT401,VINAMILK Sữa Đặc Ông Thọ 40g,,Hàng hóa,aecc3bd0-8bc9-11f1-9b18-005056b2a5de,0c71a2bb-413d-4a18-8da6-4e5e7d30fa72,aea7bdfe-8bc9-11f1-9b18-005056b2a5de,1229,097330eb-f92d-4b88-95a8-1a83fd3d8062,
ZBGVBMO601,ZENNUT Bắp Giòn Vị Bơ Mật Ong 60g,,Chiếc,0.0,0.0,0.0,0.0,0.0,0.0,0.0,0.0,0.0,0.0,0.0,0.0,0.0,0.0,-1.0,-30000.0,-1.0,-30000.0,ZBGVBMO601,ZENNUT Bắp Giòn Vị Bơ Mật Ong 60g,,Hàng hóa,aecc3c67-8bc9-11f1-9b18-005056b2a5de,ad312f34-cb7b-46ae-a4fa-1c4d60882d22,aea7bdfe-8bc9-11f1-9b18-005056b2a5de,1230,097330eb-f92d-4b88-95a8-1a83fd3d8062,
ZBGVBX601,ZENNUT Bắp Giòn Vị Biển Xanh 60g,,Chiếc,0.0,0.0,0.0,0.0,0.0,0.0,0.0,0.0,0.0,0.0,0.0,0.0,0.0,0.0,-2.0,-60000.0,-2.0,-60000.0,ZBGVBX601,ZENNUT Bắp Giòn Vị Biển Xanh 60g,,Hàng hóa,aecc3cfd-8bc9-11f1-9b18-005056b2a5de,501956ce-1adc-45a1-9fb0-d32ce704fecf,aea7bdfe-8bc9-11f1-9b18-005056b2a5de,1231,097330eb-f92d-4b88-95a8-1a83fd3d8062,
ZBGVZ601,ZENNUT Bắp Giòn Vị Zin 60g,,Chiếc,0.0,0.0,0.0,0.0,0.0,0.0,0.0,0.0,0.0,0.0,0.0,0.0,0.0,0.0,-1.0,-30000.0,-1.0,-30000.0,ZBGVZ601,ZENNUT Bắp Giòn Vị Zin 60g,,Hàng hóa,aecc3e65-8bc9-11f1-9b18-005056b2a5de,98f497a6-e345-4f40-a0db-66c038f5a91e,aea7bdfe-8bc9-11f1-9b18-005056b2a5de,1232,097330eb-f92d-4b88-95a8-1a83fd3d8062,
ZHDDMD301,ZENNUT Hạt Dinh Dưỡng Mix Dừa 30g,,Chiếc,0.0,0.0,0.0,0.0,0.0,0.0,0.0,0.0,0.0,0.0,0.0,0.0,0.0,0.0,-6.0,-90000.0,-6.0,-90000.0,ZHDDMD301,ZENNUT Hạt Dinh Dưỡng Mix Dừa 30g,,Hàng hóa,aecc3f01-8bc9-11f1-9b18-005056b2a5de,894d58b9-e75f-4830-9fa2-6880f1ad0abb,aea7bdfe-8bc9-11f1-9b18-005056b2a5de,1233,097330eb-f92d-4b88-95a8-1a83fd3d8062,
01__BCH__KEN__BAC__330,HEINEKEN Bạc Bia Chai Tết 330ml,Bia Chai,Chai,12.0,420000.0,0.0,0.0,0.0,0.0,0.0,0.0,0.0,0.0,0.0,0.0,0.0,0.0,0.0,0.0,0.0,0.0,01__BCH__KEN__BAC__330,HEINEKEN Bạc Bia Chai Tết 330ml,,Hàng hóa,d47e3b1f-8bd7-11f1-9b18-005056b2a5de,ff5ccbda-22bc-446b-9ad5-5546325beb11,c8220d45-8bd7-11f1-9b18-005056b2a5de,1,097330eb-f92d-4b88-95a8-1a83fd3d8065,
01__BLO__BLC__164__250,1664 BLANC Bia Lon 250ml,Bia Lon,Lon,165.0,3378000.0,0.0,0.0,0.0,0.0,0.0,0.0,0.0,0.0,0.0,0.0,0.0,0.0,-5.0,-115000.0,-5.0,-115000.0,01__BLO__BLC__164__250,1664 BLANC Bia Lon 250ml,,Hàng hóa,d47e4102-8bd7-11f1-9b18-005056b2a5de,9ee9512e-33d3-4980-9b3a-18657fde9a32,c8220d45-8bd7-11f1-9b18-005056b2a5de,2,675a42b3-8acd-451e-b184-edaeaebec5b7,
01__BLO__BLC__164__330,1664 BLANC Bia Lon 330ml,Bia Lon,Lon,84.0,2318000.0,0.0,0.0,0.0,0.0,0.0,0.0,1.0,28000.0,0.0,0.0,0.0,0.0,24.0,576000.0,24.0,576000.0,01__BLO__BLC__164__330,1664 BLANC Bia Lon 330ml,CÔNG TY TNHH MM MEGA MARKET (VIỆT NAM),Hàng hóa,d47e4276-8bd7-11f1-9b18-005056b2a5de,9dffea9a-1e7d-47a6-b704-38830a21e33c,c8220d45-8bd7-11f1-9b18-005056b2a5de,3,675a42b3-8acd-451e-b184-edaeaebec5b7,
01__BLO__BUD__LON__250,BUDWEISER Bia Lon 250ml,Bia Lon,Lon,195.0,4290000.0,0.0,0.0,0.0,0.0,0.0,0.0,0.0,0.0,0.0,0.0,0.0,0.0,-10.0,-220000.0,-10.0,-220000.0,01__BLO__BUD__LON__250,BUDWEISER Bia Lon 250ml,,Hàng hóa,d47e4365-8bd7-11f1-9b18-005056b2a5de,980e2373-eba1-4c90-8a9b-568c576f3f2c,c8220d45-8bd7-11f1-9b18-005056b2a5de,4,675a42b3-8acd-451e-b184-edaeaebec5b7,
01__BLO__CAR__LON__330,CARLSBERG Bia Lon 330ml,Bia Lon,Lon,157.0,4856000.0,0.0,0.0,0.0,0.0,0.0,0.0,0.0,0.0,0.0,0.0,0.0,0.0,10.0,260000.0,10.0,260000.0,01__BLO__CAR__LON__330,CARLSBERG Bia Lon 330ml,,Hàng hóa,d47e441f-8bd7-11f1-9b18-005056b2a5de,a218506b-981c-40c4-b958-05d2c459f168,c8220d45-8bd7-11f1-9b18-005056b2a5de,5,675a42b3-8acd-451e-b184-edaeaebec5b7,
01__BLO__HGD__DAO__500,HOEGAARDEN White Đào (Peach) Bia Lon 500ml,Bia Lon,Lon,24.0,1352000.0,0.0,0.0,0.0,0.0,0.0,0.0,0.0,0.0,0.0,0.0,0.0,0.0,0.0,0.0,0.0,0.0,01__BLO__HGD__DAO__500,HOEGAARDEN White Đào (Peach) Bia Lon 500ml,,Hàng hóa,d47e453a-8bd7-11f1-9b18-005056b2a5de,ac15866e-e85d-43a8-a40e-3a95a8958964,c8220d45-8bd7-11f1-9b18-005056b2a5de,6,675a42b3-8acd-451e-b184-edaeaebec5b7,
01__BLO__HGD__ROS__250,HOEGAARDEN Rose Bia Lon 250ml,Bia Lon,Lon,128.0,3544000.0,0.0,0.0,0.0,0.0,0.0,0.0,0.0,0.0,0.0,0.0,0.0,0.0,16.0,416000.0,16.0,416000.0,01__BLO__HGD__ROS__250,HOEGAARDEN Rose Bia Lon 250ml,,Hàng hóa,d47e4636-8bd7-11f1-9b18-005056b2a5de,03e92136-95f9-450c-8cef-5f9f1507c702,c8220d45-8bd7-11f1-9b18-005056b2a5de,7,675a42b3-8acd-451e-b184-edaeaebec5b7,
01__BLO__HGD__TRG__250,HOEGAARDEN White Bia Lon 250ml,Bia Lon,Lon,92.0,2531000.0,0.0,0.0,0.0,0.0,0.0,0.0,0.0,0.0,0.0,0.0,0.0,0.0,15.0,390000.0,15.0,390000.0,01__BLO__HGD__TRG__250,HOEGAARDEN White Bia Lon 250ml,,Hàng hóa,d47e46d5-8bd7-11f1-9b18-005056b2a5de,f2a0a540-7766-46e5-91be-d64f9c2c0fe4,c8220d45-8bd7-11f1-9b18-005056b2a5de,8,675a42b3-8acd-451e-b184-edaeaebec5b7,
01__BLO__KEN__BAC__250,HEINEKEN Bạc Bia Lon 250ml,Bia Lon,Lon,1209.0,27189000.0,0.0,0.0,0.0,0.0,0.0,0.0,6.0,138000.0,0.0,0.0,0.0,0.0,98.0,2156000.0,98.0,2156000.0,01__BLO__KEN__BAC__250,HEINEKEN Bạc Bia Lon 250ml,,Hàng hóa,d47e476e-8bd7-11f1-9b18-005056b2a5de,f5428d74-046d-4429-93f0-abd0b3d6674e,c8220d45-8bd7-11f1-9b18-005056b2a5de,9,675a42b3-8acd-451e-b184-edaeaebec5b7,
01__BLO__KEN__BAC__330,HEINEKEN Bạc Bia Lon 330ml,Bia Lon,Lon,868.0,23923000.0,0.0,0.0,0.0,0.0,0.0,0.0,6.0,162000.0,0.0,0.0,0.0,0.0,109.0,2943000.0,109.0,2943000.0,01__BLO__KEN__BAC__330,HEINEKEN Bạc Bia Lon 330ml,,Hàng hóa,d47e481f-8bd7-11f1-9b18-005056b2a5de,11374cb3-13e5-4cf6-bbf8-367eb2a8ca5b,c8220d45-8bd7-11f1-9b18-005056b2a5de,10,675a42b3-8acd-451e-b184-edaeaebec5b7,
01__BLO__SAP__LON__330,SAPPORO Bia Lon 330ml,Bia Lon,Lon,92.0,2760000.0,0.0,0.0,0.0,0.0,0.0,0.0,0.0,0.0,0.0,0.0,0.0,0.0,27.0,810000.0,27.0,810000.0,01__BLO__SAP__LON__330,SAPPORO Bia Lon 330ml,,Hàng hóa,d47e497d-8bd7-11f1-9b18-005056b2a5de,32da260b-e5dd-4314-86ae-1e0fc63ffb48,c8220d45-8bd7-11f1-9b18-005056b2a5de,11,675a42b3-8acd-451e-b184-edaeaebec5b7,
01__BLO__SAP__PRE__330,SAPPORO Premium 100 Bia Lon 330ml,Bia Lon,Lon,12.0,380000.0,0.0,0.0,0.0,0.0,0.0,0.0,0.0,0.0,0.0,0.0,0.0,0.0,24.0,768000.0,24.0,768000.0,01__BLO__SAP__PRE__330,SAPPORO Premium 100 Bia Lon 330ml,,Hàng hóa,d47e4a1b-8bd7-11f1-9b18-005056b2a5de,1c6a4f7f-23a9-4ba7-a2e7-46d84a3cddbb,c8220d45-8bd7-11f1-9b18-005056b2a5de,12,675a42b3-8acd-451e-b184-edaeaebec5b7,
01__BLO__SGN__LON__330,SAIGON Bia Lon 330ml,Bia Lon,Lon,1380.0,22937000.0,0.0,0.0,0.0,0.0,0.0,0.0,49.0,833000.0,0.0,0.0,0.0,0.0,131.0,2096000.0,131.0,2096000.0,01__BLO__SGN__LON__330,SAIGON Bia Lon 330ml,,Hàng hóa,d47e4ab2-8bd7-11f1-9b18-005056b2a5de,0fcd9987-409e-468d-8ab2-5d77d086f697,c8220d45-8bd7-11f1-9b18-005056b2a5de,13,675a42b3-8acd-451e-b184-edaeaebec5b7,
01__BLO__TIG__BAC__250,TIGER Bạc Bia Lon 250ml,Bia Lon,Lon,631.0,11845000.0,0.0,0.0,0.0,0.0,0.0,0.0,0.0,0.0,0.0,0.0,0.0,0.0,227.0,4086000.0,227.0,4086000.0,01__BLO__TIG__BAC__250,TIGER Bạc Bia Lon 250ml,,Hàng hóa,d47e4b45-8bd7-11f1-9b18-005056b2a5de,f298b5d8-addd-410a-8190-7a3340051d3b,c8220d45-8bd7-11f1-9b18-005056b2a5de,14,675a42b3-8acd-451e-b184-edaeaebec5b7,
01__BLO__TIG__BAC__330,TIGER Bạc Bia Lon 330ml,Bia Lon,Lon,692.0,17337000.0,0.0,0.0,0.0,0.0,0.0,0.0,1.0,26000.0,0.0,0.0,0.0,0.0,74.0,1776000.0,74.0,1776000.0,01__BLO__TIG__BAC__330,TIGER Bạc Bia Lon 330ml,,Hàng hóa,d47e4bd8-8bd7-11f1-9b18-005056b2a5de,11229080-16db-4766-b903-83f2a08f8163,c8220d45-8bd7-11f1-9b18-005056b2a5de,15,675a42b3-8acd-451e-b184-edaeaebec5b7,
01__BLO__TIG__MEL__330,TIGER Soju Wonder Melon Bia Lon 330ml,Bia Lon,Lon,40.0,1120000.0,0.0,0.0,0.0,0.0,0.0,0.0,0.0,0.0,0.0,0.0,0.0,0.0,0.0,0.0,0.0,0.0,01__BLO__TIG__MEL__330,TIGER Soju Wonder Melon Bia Lon 330ml,,Hàng hóa,d47e4c6c-8bd7-11f1-9b18-005056b2a5de,7835ecba-2b7a-4784-a702-bafa239ae5e9,c8220d45-8bd7-11f1-9b18-005056b2a5de,16,675a42b3-8acd-451e-b184-edaeaebec5b7,
01__BLO__TIG__NAU__330,TIGER Nâu Bia Lon 330ml,Bia Lon,Lon,394.0,8721000.0,0.0,0.0,0.0,0.0,0.0,0.0,0.0,0.0,0.0,0.0,0.0,0.0,81.0,1701000.0,81.0,1701000.0,01__BLO__TIG__NAU__330,TIGER Nâu Bia Lon 330ml,,Hàng hóa,d47e4d0a-8bd7-11f1-9b18-005056b2a5de,65041986-36dc-44c9-9e9b-d2d86d06bf22,c8220d45-8bd7-11f1-9b18-005056b2a5de,17,675a42b3-8acd-451e-b184-edaeaebec5b7,
01__BLO__TIG__PLU__330,TIGER Soju Cheeky Plum Bia Lon 330ml,Bia Lon,Lon,18.0,504000.0,0.0,0.0,0.0,0.0,0.0,0.0,0.0,0.0,0.0,0.0,0.0,0.0,0.0,0.0,0.0,0.0,01__BLO__TIG__PLU__330,TIGER Soju Cheeky Plum Bia Lon 330ml,,Hàng hóa,d47e4da0-8bd7-11f1-9b18-005056b2a5de,4f581d02-4865-41ca-9301-5876823e44e4,c8220d45-8bd7-11f1-9b18-005056b2a5de,18,675a42b3-8acd-451e-b184-edaeaebec5b7,
01__BLO__TUB__ICE__320,TUBORG ICE Crisp Lager Bia Lon 320ml,Bia Lon,Lon,101.0,2626000.0,0.0,0.0,0.0,0.0,0.0,0.0,0.0,0.0,0.0,0.0,0.0,0.0,19.0,494000.0,19.0,494000.0,01__BLO__TUB__ICE__320,TUBORG ICE Crisp Lager Bia Lon 320ml,,Hàng hóa,d47e4e6a-8bd7-11f1-9b18-005056b2a5de,6db36756-5f55-48f3-95c0-2f6a3b2d8c47,c8220d45-8bd7-11f1-9b18-005056b2a5de,19,675a42b3-8acd-451e-b184-edaeaebec5b7,
01__CPL__HLD__LON__185,HIGHLAND Cà Phê Sữa Đá Lon 185ml,Cà Phê Lon,Lon,289.0,5853000.0,0.0,0.0,0.0,0.0,0.0,0.0,0.0,0.0,0.0,0.0,0.0,0.0,0.0,0.0,0.0,0.0,01__CPL__HLD__LON__185,HIGHLAND Cà Phê Sữa Đá Lon 185ml,,Hàng hóa,d47e4f01-8bd7-11f1-9b18-005056b2a5de,3d998041-5ed6-4bfb-9041-f43e1bf50533,c8220d45-8bd7-11f1-9b18-005056b2a5de,20,675a42b3-8acd-451e-b184-edaeaebec5b7,
01__CPL__HLD__LON__235,HIGHLAND Cà Phê Sữa Lon 235ml,Cà Phê Lon,Lon,263.0,6308000.0,0.0,0.0,0.0,0.0,0.0,0.0,0.0,0.0,0.0,0.0,0.0,0.0,23.0,575000.0,23.0,575000.0,01__CPL__HLD__LON__235,HIGHLAND Cà Phê Sữa Lon 235ml,,Hàng hóa,d47e4f98-8bd7-11f1-9b18-005056b2a5de,09662628-fb8b-435a-a016-bf8ecf322b89,c8220d45-8bd7-11f1-9b18-005056b2a5de,21,675a42b3-8acd-451e-b184-edaeaebec5b7,
01__NBD__CVI__CAM__140,C-VITT Nước Cam Vitamin 140ml,Nước Bù Điện Giải,Chai,105.0,2390000.0,0.0,0.0,0.0,0.0,0.0,0.0,0.0,0.0,0.0,0.0,0.0,0.0,1.0,28000.0,1.0,28000.0,01__NBD__CVI__CAM__140,C-VITT Nước Cam Vitamin 140ml,,Hàng hóa,d47e5031-8bd7-11f1-9b18-005056b2a5de,69d1bcb3-ea0b-4c1c-b116-9f4d1baa5dad,c8220d45-8bd7-11f1-9b18-005056b2a5de,22,097330eb-f92d-4b88-95a8-1a83fd3d8065,
01__NBD__CVI__CHH__140,C-VITT Nước Chanh Vitamin 140ml,Nước Bù Điện Giải,Chai,82.0,1874000.0,0.0,0.0,0.0,0.0,0.0,0.0,1.0,20000.0,0.0,0.0,0.0,0.0,6.0,168000.0,6.0,168000.0,01__NBD__CVI__CHH__140,C-VITT Nước Chanh Vitamin 140ml,,Hàng hóa,d47e50ca-8bd7-11f1-9b18-005056b2a5de,acdf31d4-3ac2-4031-bffb-36afbfe74795,c8220d45-8bd7-11f1-9b18-005056b2a5de,23,097330eb-f92d-4b88-95a8-1a83fd3d8065,
01__NBD__CVI__LUU__140,C-VITT Nước Hương Lựu 140ml,Nước Bù Điện Giải,Chai,22.0,616000.0,0.0,0.0,0.0,0.0,0.0,0.0,0.0,0.0,0.0,0.0,0.0,0.0,-2.0,-56000.0,-2.0,-56000.0,01__NBD__CVI__LUU__140,C-VITT Nước Hương Lựu 140ml,,Hàng hóa,d47e515f-8bd7-11f1-9b18-005056b2a5de,5083211d-c80d-4515-a97d-43f77116c3c0,c8220d45-8bd7-11f1-9b18-005056b2a5de,24,097330eb-f92d-4b88-95a8-1a83fd3d8065,
01__NBD__REV__CHI__500,PEPSICO Revive Chai 500ml,Nước Bù Điện Giải,Chai,496.0,6194000.0,0.0,0.0,0.0,0.0,0.0,0.0,0.0,0.0,0.0,0.0,0.0,0.0,33.0,462000.0,33.0,462000.0,01__NBD__REV__CHI__500,PEPSICO Revive Chai 500ml,,Hàng hóa,d47e51f2-8bd7-11f1-9b18-005056b2a5de,72e86341-ac8c-4db0-a410-bf879a20de02,c8220d45-8bd7-11f1-9b18-005056b2a5de,25,097330eb-f92d-4b88-95a8-1a83fd3d8065,
01__NBD__REV__CMI__500,PEPSICO Revive Chanh Muối Chai 500ml,Nước Bù Điện Giải,Chai,267.0,3322000.0,0.0,0.0,0.0,0.0,0.0,0.0,0.0,0.0,0.0,0.0,0.0,0.0,42.0,588000.0,42.0,588000.0,01__NBD__REV__CMI__500,PEPSICO Revive Chanh Muối Chai 500ml,,Hàng hóa,d47e5284-8bd7-11f1-9b18-005056b2a5de,33c13587-ea65-4b74-be9b-2b8b6d3c1220,c8220d45-8bd7-11f1-9b18-005056b2a5de,26,097330eb-f92d-4b88-95a8-1a83fd3d8065,
01__NGA__7UP__CHI__320,PEPSICO 7UP Lon 320ml,Nước Có Ga,Lon,311.0,3790000.0,0.0,0.0,0.0,0.0,0.0,0.0,0.0,0.0,0.0,0.0,0.0,0.0,83.0,1079000.0,83.0,1079000.0,01__NGA__7UP__CHI__320,PEPSICO 7UP Lon 320ml,,Hàng hóa,d47e531d-8bd7-11f1-9b18-005056b2a5de,dc459cb4-4ee0-460c-a3b8-f3df3860e8e0,c8220d45-8bd7-11f1-9b18-005056b2a5de,27,675a42b3-8acd-451e-b184-edaeaebec5b7,
01__NGA__7UP__CHI__390,PEPSICO 7Up Chai 390ml,Nước Có Ga,Chai,241.0,2879000.0,0.0,0.0,0.0,0.0,0.0,0.0,0.0,0.0,0.0,0.0,0.0,0.0,43.0,559000.0,43.0,559000.0,01__NGA__7UP__CHI__390,PEPSICO 7Up Chai 390ml,,Hàng hóa,d47e53ba-8bd7-11f1-9b18-005056b2a5de,352b69e5-be75-4716-b91b-d39b0b57902a,c8220d45-8bd7-11f1-9b18-005056b2a5de,28,097330eb-f92d-4b88-95a8-1a83fd3d8065,
01__NGA__CDG__KEM__320,CHƯƠNG DƯƠNG Soda Kem Lon 320ml,Nước Có Ga,Lon,24.0,288000.0,0.0,0.0,0.0,0.0,0.0,0.0,0.0,0.0,0.0,0.0,0.0,0.0,0.0,0.0,0.0,0.0,01__NGA__CDG__KEM__320,CHƯƠNG DƯƠNG Soda Kem Lon 320ml,,Hàng hóa,d47e5450-8bd7-11f1-9b18-005056b2a5de,f4e78d20-dbd0-43c7-9b9c-1316736ec79e,c8220d45-8bd7-11f1-9b18-005056b2a5de,29,675a42b3-8acd-451e-b184-edaeaebec5b7,
01__NGA__CDG__SXI__320,CHƯƠNG DƯƠNG Sá Xị Nguyên Bản Lon 320ml,Nước Có Ga,Lon,131.0,1520000.0,0.0,0.0,0.0,0.0,0.0,0.0,0.0,0.0,0.0,0.0,0.0,0.0,3.0,36000.0,3.0,36000.0,01__NGA__CDG__SXI__320,CHƯƠNG DƯƠNG Sá Xị Nguyên Bản Lon 320ml,,Hàng hóa,d47e54e4-8bd7-11f1-9b18-005056b2a5de,5e6229a7-b244-4618-bc27-7c35c78bc498,c8220d45-8bd7-11f1-9b18-005056b2a5de,30,675a42b3-8acd-451e-b184-edaeaebec5b7,
01__NGA__COC__AQA__390,COCA-COLA Aquarius Chai 390 ml,Nước Có Ga,Chai,727.0,8725000.0,0.0,0.0,0.0,0.0,0.0,0.0,0.0,0.0,0.0,0.0,0.0,0.0,62.0,806000.0,62.0,806000.0,01__NGA__COC__AQA__390,COCA-COLA Aquarius Chai 390 ml,,Hàng hóa,d47e5578-8bd7-11f1-9b18-005056b2a5de,2917be29-7a15-4a76-930a-c90d7fe4c531,c8220d45-8bd7-11f1-9b18-005056b2a5de,31,097330eb-f92d-4b88-95a8-1a83fd3d8065,
01__NGA__COC__CAM__320,COCA-COLA Fanta Hương Cam Lon 320ml,Nước Có Ga,Lon,48.0,612000.0,0.0,0.0,0.0,0.0,0.0,0.0,0.0,0.0,0.0,0.0,0.0,0.0,24.0,312000.0,24.0,312000.0,01__NGA__COC__CAM__320,COCA-COLA Fanta Hương Cam Lon 320ml,,Hàng hóa,d47e5beb-8bd7-11f1-9b18-005056b2a5de,9d63ff72-8dd9-421a-9e69-2c31ca1f76df,c8220d45-8bd7-11f1-9b18-005056b2a5de,32,675a42b3-8acd-451e-b184-edaeaebec5b7,
01__NGA__COC__DAU__320,COCA-COLA Fanta Hương Dâu Lon 320ml,Nước Có Ga,Lon,68.0,864000.0,0.0,0.0,0.0,0.0,0.0,0.0,1.0,13000.0,0.0,0.0,0.0,0.0,28.0,364000.0,28.0,364000.0,01__NGA__COC__DAU__320,COCA-COLA Fanta Hương Dâu Lon 320ml,,Hàng hóa,d47e5c9e-8bd7-11f1-9b18-005056b2a5de,31a86bc3-00ed-4be9-bfb3-b1051edb0908,c8220d45-8bd7-11f1-9b18-005056b2a5de,33,675a42b3-8acd-451e-b184-edaeaebec5b7,
01__NGA__COC__LIG__320,COCA-COLA Light Lon 320ml,Nước Có Ga,Lon,183.0,2688000.0,0.0,0.0,0.0,0.0,0.0,0.0,0.0,0.0,0.0,0.0,0.0,0.0,32.0,480000.0,32.0,480000.0,01__NGA__COC__LIG__320,COCA-COLA Light Lon 320ml,,Hàng hóa,d47e5d48-8bd7-11f1-9b18-005056b2a5de,c5e1275d-35e7-4d0d-92cb-f526c28a428d,c8220d45-8bd7-11f1-9b18-005056b2a5de,34,675a42b3-8acd-451e-b184-edaeaebec5b7,
01__NGA__COC__LON__320,COCA-COLA Lon 320ml,Nước Có Ga,Lon,561.0,7313000.0,0.0,0.0,0.0,0.0,0.0,0.0,0.0,0.0,0.0,0.0,0.0,0.0,76.0,1140000.0,76.0,1140000.0,01__NGA__COC__LON__320,COCA-COLA Lon 320ml,,Hàng hóa,d47e5e18-8bd7-11f1-9b18-005056b2a5de,02778fce-ccba-4e22-ad85-a2d6e51df304,c8220d45-8bd7-11f1-9b18-005056b2a5de,35,675a42b3-8acd-451e-b184-edaeaebec5b7,
01__NGA__COC__SDA__320,COCA-COLA Schweppes Soda Lon 320ml,Nước Có Ga,Lon,47.0,562000.0,0.0,0.0,0.0,0.0,0.0,0.0,0.0,0.0,0.0,0.0,0.0,0.0,1.0,12000.0,1.0,12000.0,01__NGA__COC__SDA__320,COCA-COLA Schweppes Soda Lon 320ml,,Hàng hóa,d47e5ec5-8bd7-11f1-9b18-005056b2a5de,9f516cc4-1508-4153-aba2-c0b616b97c34,c8220d45-8bd7-11f1-9b18-005056b2a5de,36,675a42b3-8acd-451e-b184-edaeaebec5b7,
01__NGA__COC__SPR__320,COCA-COLA Sprite Lon 320ml,Nước Có Ga,Lon,172.0,2206000.0,0.0,0.0,0.0,0.0,0.0,0.0,0.0,0.0,0.0,0.0,0.0,0.0,21.0,273000.0,21.0,273000.0,01__NGA__COC__SPR__320,COCA-COLA Sprite Lon 320ml,,Hàng hóa,d47e5f61-8bd7-11f1-9b18-005056b2a5de,647328eb-0433-423d-bb0b-8977db245275,c8220d45-8bd7-11f1-9b18-005056b2a5de,37,675a42b3-8acd-451e-b184-edaeaebec5b7,
01__NGA__COC__ZER__320,COCA-COLA Zero Sugar Lon 320ml,Nước Có Ga,Lon,273.0,4030000.0,0.0,0.0,0.0,0.0,0.0,0.0,0.0,0.0,0.0,0.0,0.0,0.0,30.0,450000.0,30.0,450000.0,01__NGA__COC__ZER__320,COCA-COLA Zero Sugar Lon 320ml,,Hàng hóa,d47e6001-8bd7-11f1-9b18-005056b2a5de,3048249d-7e18-454e-acf0-2781c1daab51,c8220d45-8bd7-11f1-9b18-005056b2a5de,38,675a42b3-8acd-451e-b184-edaeaebec5b7,
01__NGA__MIR__CHI__390,PEPSICO Mirinda Chai 390ml,Nước Có Ga,Chai,164.0,1640000.0,0.0,0.0,0.0,0.0,0.0,0.0,0.0,0.0,0.0,0.0,0.0,0.0,47.0,470000.0,47.0,470000.0,01__NGA__MIR__CHI__390,PEPSICO Mirinda Chai 390ml,,Hàng hóa,d47e60a8-8bd7-11f1-9b18-005056b2a5de,82827821-b930-4d3a-acd1-befabb7c71e8,c8220d45-8bd7-11f1-9b18-005056b2a5de,39,097330eb-f92d-4b88-95a8-1a83fd3d8065,
01__NGA__MRD__CAM__320,PEPSICO Mirinda Cam Lon 320ml,Nước Có Ga,Lon,183.0,2307000.0,0.0,0.0,0.0,0.0,0.0,0.0,0.0,0.0,0.0,0.0,0.0,0.0,1.0,13000.0,1.0,13000.0,01__NGA__MRD__CAM__320,PEPSICO Mirinda Cam Lon 320ml,,Hàng hóa,d47e613d-8bd7-11f1-9b18-005056b2a5de,42ed7b64-3e2e-4694-b7c9-5c339348738a,c8220d45-8bd7-11f1-9b18-005056b2a5de,40,675a42b3-8acd-451e-b184-edaeaebec5b7,
01__NGA__MRD__XXI__320,PEPSICO Mirinda Xá Xị Lon 320ml,Nước Có Ga,Lon,37.0,382000.0,0.0,0.0,0.0,0.0,0.0,0.0,0.0,0.0,0.0,0.0,0.0,0.0,23.0,276000.0,23.0,276000.0,01__NGA__MRD__XXI__320,PEPSICO Mirinda Xá Xị Lon 320ml,,Hàng hóa,d47e61d9-8bd7-11f1-9b18-005056b2a5de,33d8fe07-f339-4378-83ee-2ea536734149,c8220d45-8bd7-11f1-9b18-005056b2a5de,41,675a42b3-8acd-451e-b184-edaeaebec5b7,
01__NGA__PEP__CHI__390,PEPSICO Chai 390ml,Nước Có Ga,Chai,543.0,5676000.0,0.0,0.0,0.0,0.0,0.0,0.0,0.0,0.0,0.0,0.0,0.0,0.0,19.0,228000.0,19.0,228000.0,01__NGA__PEP__CHI__390,PEPSICO Chai 390ml,,Hàng hóa,d47e6273-8bd7-11f1-9b18-005056b2a5de,01435f11-2e0c-497b-adfa-9c765c52364c,c8220d45-8bd7-11f1-9b18-005056b2a5de,42,097330eb-f92d-4b88-95a8-1a83fd3d8065,
01__NGA__PEP__LON__320,PEPSICO Lon 320ml,Nước Có Ga,Lon,512.0,6394000.0,0.0,0.0,0.0,0.0,0.0,0.0,0.0,0.0,0.0,0.0,0.0,0.0,62.0,930000.0,62.0,930000.0,01__NGA__PEP__LON__320,PEPSICO Lon 320ml,,Hàng hóa,d47e630e-8bd7-11f1-9b18-005056b2a5de,89e66f05-7256-4094-abc9-c21eaad4ab2a,c8220d45-8bd7-11f1-9b18-005056b2a5de,43,675a42b3-8acd-451e-b184-edaeaebec5b7,
01__NGA__ROC__LON__250,PEPSICO Rockstar Lon 250ml,Nước Có Ga,Lon,218.0,3036000.0,0.0,0.0,0.0,0.0,0.0,0.0,0.0,0.0,0.0,0.0,0.0,0.0,12.0,168000.0,12.0,168000.0,01__NGA__ROC__LON__250,PEPSICO Rockstar Lon 250ml,,Hàng hóa,d47e63a6-8bd7-11f1-9b18-005056b2a5de,e019de91-92ed-48a9-bd83-a3364b7017da,c8220d45-8bd7-11f1-9b18-005056b2a5de,44,675a42b3-8acd-451e-b184-edaeaebec5b7,
01__NGA__STI__DAU__330,PEPSICO Sting Dâu Chai 330ml,Nước Có Ga,Chai,956.0,12894000.0,0.0,0.0,0.0,0.0,0.0,0.0,1.0,15000.0,0.0,0.0,0.0,0.0,60.0,900000.0,60.0,900000.0,01__NGA__STI__DAU__330,PEPSICO Sting Dâu Chai 330ml,,Hàng hóa,d47e6441-8bd7-11f1-9b18-005056b2a5de,c363ca46-f417-444a-bb74-d94340f7f095,c8220d45-8bd7-11f1-9b18-005056b2a5de,45,097330eb-f92d-4b88-95a8-1a83fd3d8065,
01__NGA__STI__VAG__330,PEPSICO Sting Vàng Chai 330ml,Nước Có Ga,Chai,491.0,6661000.0,0.0,0.0,0.0,0.0,0.0,0.0,0.0,0.0,0.0,0.0,0.0,0.0,30.0,450000.0,30.0,450000.0,01__NGA__STI__VAG__330,PEPSICO Sting Vàng Chai 330ml,,Hàng hóa,d47e64d8-8bd7-11f1-9b18-005056b2a5de,55cc1a49-e683-4d3c-b867-9b33c86d07c8,c8220d45-8bd7-11f1-9b18-005056b2a5de,46,097330eb-f92d-4b88-95a8-1a83fd3d8065,
01__NGA__VHO__KHO__500,VĨNH HẢO Nước Khoáng Có Ga 500ml,Nước Có Ga,Chai,502.0,4016000.0,0.0,0.0,0.0,0.0,0.0,0.0,2.0,16000.0,0.0,0.0,0.0,0.0,94.0,752000.0,94.0,752000.0,01__NGA__VHO__KHO__500,VĨNH HẢO Nước Khoáng Có Ga 500ml,,Hàng hóa,d47e6610-8bd7-11f1-9b18-005056b2a5de,db13f685-50b5-4a00-825a-13b67f13371a,c8220d45-8bd7-11f1-9b18-005056b2a5de,47,097330eb-f92d-4b88-95a8-1a83fd3d8065,
01__NGA__VHO__LEM__500,VĨNH HẢO Lemona Nước Khoáng Chanh 500ml,Nước Có Ga,Chai,438.0,5162000.0,0.0,0.0,0.0,0.0,0.0,0.0,0.0,0.0,0.0,0.0,0.0,0.0,32.0,384000.0,32.0,384000.0,01__NGA__VHO__LEM__500,VĨNH HẢO Lemona Nước Khoáng Chanh 500ml,,Hàng hóa,d47e66a8-8bd7-11f1-9b18-005056b2a5de,d069e214-b97d-44cc-89f4-cc4b7f1b0654,c8220d45-8bd7-11f1-9b18-005056b2a5de,48,097330eb-f92d-4b88-95a8-1a83fd3d8065,
01__NGA__WEL__DTY__355,WELCH's Soda Vị Dâu Tây 355ml,Nước Có Ga,Lon,78.0,1993000.0,0.0,0.0,0.0,0.0,0.0,0.0,0.0,0.0,0.0,0.0,0.0,0.0,-7.0,-182000.0,-7.0,-182000.0,01__NGA__WEL__DTY__355,WELCH's Soda Vị Dâu Tây 355ml,,Hàng hóa,d47e6740-8bd7-11f1-9b18-005056b2a5de,da5a8469-abf8-462f-9818-fc728f97a87c,c8220d45-8bd7-11f1-9b18-005056b2a5de,49,675a42b3-8acd-451e-b184-edaeaebec5b7,
01__NGA__WEL__KCL__355,WELCH's Soda Vị Nho Tím Không Calo 355ml,Nước Có Ga,Lon,136.0,3443000.0,0.0,0.0,0.0,0.0,0.0,0.0,0.0,0.0,0.0,0.0,0.0,0.0,5.0,130000.0,5.0,130000.0,01__NGA__WEL__KCL__355,WELCH's Soda Vị Nho Tím Không Calo 355ml,,Hàng hóa,d47e67d6-8bd7-11f1-9b18-005056b2a5de,62890f17-365f-41da-891c-1455db2a5bba,c8220d45-8bd7-11f1-9b18-005056b2a5de,50,675a42b3-8acd-451e-b184-edaeaebec5b7,
01__NGA__WEL__NMD__355,WELCH's Soda Vị Nho Mẫu Đơn 355ml,Nước Có Ga,Lon,184.0,4660000.0,0.0,0.0,0.0,0.0,0.0,0.0,0.0,0.0,0.0,0.0,0.0,0.0,12.0,312000.0,12.0,312000.0,01__NGA__WEL__NMD__355,WELCH's Soda Vị Nho Mẫu Đơn 355ml,,Hàng hóa,d47e688a-8bd7-11f1-9b18-005056b2a5de,f28650c9-b55d-4200-8c67-a4db11649dfa,c8220d45-8bd7-11f1-9b18-005056b2a5de,51,675a42b3-8acd-451e-b184-edaeaebec5b7,
01__NGA__WEL__NTI__355,WELCH's Soda Vị Nho Tím 355ml,Nước Có Ga,Lon,139.0,3518000.0,0.0,0.0,0.0,0.0,0.0,0.0,0.0,0.0,0.0,0.0,0.0,0.0,2.0,52000.0,2.0,52000.0,01__NGA__WEL__NTI__355,WELCH's Soda Vị Nho Tím 355ml,,Hàng hóa,d47e691d-8bd7-11f1-9b18-005056b2a5de,ce8bf8dd-6bb6-4814-98db-1a8452426e5c,c8220d45-8bd7-11f1-9b18-005056b2a5de,52,675a42b3-8acd-451e-b184-edaeaebec5b7,
01__NLM__BOW__KIW__320,STRONGBOW Nước Trái Cây Lên Men Kiwi 320ml,Nước Lên Men,Lon,103.0,3342000.0,0.0,0.0,0.0,0.0,0.0,0.0,0.0,0.0,0.0,0.0,0.0,0.0,5.0,150000.0,5.0,150000.0,01__NLM__BOW__KIW__320,STRONGBOW Nước Trái Cây Lên Men Kiwi 320ml,,Hàng hóa,d47e69b1-8bd7-11f1-9b18-005056b2a5de,05b62e7b-82d2-47ae-88d2-7e4a9ffa516c,c8220d45-8bd7-11f1-9b18-005056b2a5de,53,675a42b3-8acd-451e-b184-edaeaebec5b7,
01__NLM__BOW__POM__320,STRONGBOW Nước Trái Cây Lên Men Pomegranate 320ml,Nước Lên Men,Lon,152.0,4797000.0,0.0,0.0,0.0,0.0,0.0,0.0,0.0,0.0,0.0,0.0,0.0,0.0,14.0,420000.0,14.0,420000.0,01__NLM__BOW__POM__320,STRONGBOW Nước Trái Cây Lên Men Pomegranate 320ml,,Hàng hóa,d47e6a45-8bd7-11f1-9b18-005056b2a5de,14943d8e-3bae-47aa-b4bf-5bcaf862de02,c8220d45-8bd7-11f1-9b18-005056b2a5de,54,675a42b3-8acd-451e-b184-edaeaebec5b7,
01__NLM__BOW__TAO__320,STRONGBOW Nước Táo Lên Men Gold Apple 320ml,Nước Lên Men,Lon,125.0,3919000.0,0.0,0.0,0.0,0.0,0.0,0.0,0.0,0.0,0.0,0.0,0.0,0.0,13.0,455000.0,13.0,455000.0,01__NLM__BOW__TAO__320,STRONGBOW Nước Táo Lên Men Gold Apple 320ml,,Hàng hóa,d47e6ade-8bd7-11f1-9b18-005056b2a5de,e7a1ff37-71ea-43c7-9882-8a10910d36d0,c8220d45-8bd7-11f1-9b18-005056b2a5de,55,675a42b3-8acd-451e-b184-edaeaebec5b7,
01__NLM__CHL__CAM__320,CHILL Nước COCKTAIL Cam 320ml,Nước Lên Men,Lon,16.0,630000.0,0.0,0.0,0.0,0.0,0.0,0.0,0.0,0.0,0.0,0.0,0.0,0.0,0.0,0.0,0.0,0.0,01__NLM__CHL__CAM__320,CHILL Nước COCKTAIL Cam 320ml,,Hàng hóa,d47e6b71-8bd7-11f1-9b18-005056b2a5de,f76d8d3b-adcf-4f1d-a385-9a435197bfd4,c8220d45-8bd7-11f1-9b18-005056b2a5de,56,675a42b3-8acd-451e-b184-edaeaebec5b7,
01__NLM__CHL__DAO__320,CHILL Nước COCKTAIL Đào 320ml,Nước Lên Men,Lon,16.0,635000.0,0.0,0.0,0.0,0.0,0.0,0.0,0.0,0.0,0.0,0.0,0.0,0.0,0.0,0.0,0.0,0.0,01__NLM__CHL__DAO__320,CHILL Nước COCKTAIL Đào 320ml,,Hàng hóa,d47e6c02-8bd7-11f1-9b18-005056b2a5de,da47440b-476a-4809-9e41-67dc556fb2b6,c8220d45-8bd7-11f1-9b18-005056b2a5de,57,675a42b3-8acd-451e-b184-edaeaebec5b7,
01__NLM__CHL__DAU__320,CHILL Nước COCKTAIL Dâu 320ml,Nước Lên Men,Lon,16.0,625000.0,0.0,0.0,0.0,0.0,0.0,0.0,0.0,0.0,0.0,0.0,0.0,0.0,0.0,0.0,0.0,0.0,01__NLM__CHL__DAU__320,CHILL Nước COCKTAIL Dâu 320ml,,Hàng hóa,d47e6c93-8bd7-11f1-9b18-005056b2a5de,2ce94a1a-6ba6-4c25-9335-431737b9c100,c8220d45-8bd7-11f1-9b18-005056b2a5de,58,675a42b3-8acd-451e-b184-edaeaebec5b7,
01__NLM__CHL__NHO__320,CHILL Nước COCKTAIL Nho 320ml,Nước Lên Men,Lon,37.0,1460000.0,0.0,0.0,0.0,0.0,0.0,0.0,0.0,0.0,0.0,0.0,0.0,0.0,0.0,0.0,0.0,0.0,01__NLM__CHL__NHO__320,CHILL Nước COCKTAIL Nho 320ml,,Hàng hóa,d47e6d24-8bd7-11f1-9b18-005056b2a5de,bb59c751-c481-4c97-99cd-7eb0009d79d5,c8220d45-8bd7-11f1-9b18-005056b2a5de,59,675a42b3-8acd-451e-b184-edaeaebec5b7,
01__NLM__CHL__VAI__320,CHILL Nước COCKTAIL Vải 320ml,Nước Lên Men,Lon,16.0,620000.0,0.0,0.0,0.0,0.0,0.0,0.0,0.0,0.0,0.0,0.0,0.0,0.0,0.0,0.0,0.0,0.0,01__NLM__CHL__VAI__320,CHILL Nước COCKTAIL Vải 320ml,,Hàng hóa,d47e6dba-8bd7-11f1-9b18-005056b2a5de,33acc2c6-ba96-4d78-9294-48c555dda35b,c8220d45-8bd7-11f1-9b18-005056b2a5de,60,675a42b3-8acd-451e-b184-edaeaebec5b7,
01__NLM__CHL__VQT__320,CHILL Nước COCKTAIL Việt Quất 320ml,Nước Lên Men,Lon,40.0,1585000.0,0.0,0.0,0.0,0.0,0.0,0.0,0.0,0.0,0.0,0.0,0.0,0.0,0.0,0.0,0.0,0.0,01__NLM__CHL__VQT__320,CHILL Nước COCKTAIL Việt Quất 320ml,,Hàng hóa,d47e6e4b-8bd7-11f1-9b18-005056b2a5de,ed5d32ba-8ae8-4bcd-8907-193ccb2dc8fe,c8220d45-8bd7-11f1-9b18-005056b2a5de,61,675a42b3-8acd-451e-b184-edaeaebec5b7,
01__NLO__AQU__CHI__1500,PEPSICO Aquafina Nước Lọc Chai 1.5L,Nước Lọc Chai,Chai,876.0,15640000.0,0.0,0.0,0.0,0.0,0.0,0.0,3.0,52000.0,0.0,0.0,0.0,0.0,136.0,2448000.0,136.0,2448000.0,01__NLO__AQU__CHI__1500,PEPSICO Aquafina Nước Lọc Chai 1.5L,,Hàng hóa,d47e6ee0-8bd7-11f1-9b18-005056b2a5de,0b251d2d-1241-4542-928e-e2aa7a420b51,c8220d45-8bd7-11f1-9b18-005056b2a5de,62,097330eb-f92d-4b88-95a8-1a83fd3d8065,
01__NLO__AQU__CHI__500,PEPSICO Aquafina Nước Lọc Chai 500ml,Nước Lọc Chai,Chai,2457.0,19307000.0,0.0,0.0,0.0,0.0,0.0,0.0,1.0,8000.0,0.0,0.0,0.0,0.0,258.0,2064000.0,258.0,2064000.0,01__NLO__AQU__CHI__500,PEPSICO Aquafina Nước Lọc Chai 500ml,,Hàng hóa,d47e6f74-8bd7-11f1-9b18-005056b2a5de,9c7b3e63-93c2-468c-ab30-cf48c17ce34f,c8220d45-8bd7-11f1-9b18-005056b2a5de,63,097330eb-f92d-4b88-95a8-1a83fd3d8065,
01__NLO__LAV__CHI__5000,LAVIE Chai 5L,Nước Lọc Chai,Chai,113.0,4157000.0,0.0,0.0,0.0,0.0,0.0,0.0,1.0,37000.0,0.0,0.0,0.0,0.0,19.0,703000.0,19.0,703000.0,01__NLO__LAV__CHI__5000,LAVIE Chai 5L,,Hàng hóa,d47e7008-8bd7-11f1-9b18-005056b2a5de,fa987949-6e73-4320-b4e7-df61f5a15125,c8220d45-8bd7-11f1-9b18-005056b2a5de,64,097330eb-f92d-4b88-95a8-1a83fd3d8065,
01__NLO__LAV__DNE__500,LAVIE Vị Dịu Nhẹ Chai 500ml,Nước Lọc Chai,Chai,513.0,4045000.0,0.0,0.0,0.0,0.0,0.0,0.0,0.0,0.0,0.0,0.0,0.0,0.0,44.0,352000.0,44.0,352000.0,01__NLO__LAV__DNE__500,LAVIE Vị Dịu Nhẹ Chai 500ml,,Hàng hóa,d47e709c-8bd7-11f1-9b18-005056b2a5de,8b58dbd3-01ba-4256-b20f-64da8f8d2b37,c8220d45-8bd7-11f1-9b18-005056b2a5de,65,097330eb-f92d-4b88-95a8-1a83fd3d8065,
01__NLO__LAV__NBN__500,LAVIE Nguyên Bản Chai 500ml,Nước Lọc Chai,Chai,752.0,5890000.0,0.0,0.0,0.0,0.0,0.0,0.0,1.0,7000.0,0.0,0.0,0.0,0.0,74.0,592000.0,74.0,592000.0,01__NLO__LAV__NBN__500,LAVIE Nguyên Bản Chai 500ml,,Hàng hóa,d47e712f-8bd7-11f1-9b18-005056b2a5de,28364e6b-75d0-467a-9ba4-1b66fba0d90f,c8220d45-8bd7-11f1-9b18-005056b2a5de,66,097330eb-f92d-4b88-95a8-1a83fd3d8065,
01__NLO__VHO__0GA__1500,VĨNH HẢO Nước Khoáng Không Ga 1.5L,Nước Lọc Chai,Chai,165.0,2640000.0,0.0,0.0,0.0,0.0,0.0,0.0,3.0,48000.0,0.0,0.0,0.0,0.0,1.0,16000.0,1.0,16000.0,01__NLO__VHO__0GA__1500,VĨNH HẢO Nước Khoáng Không Ga 1.5L,,Hàng hóa,d47e71df-8bd7-11f1-9b18-005056b2a5de,a90da21d-1f80-41bd-ae3b-e77ea8517dc8,c8220d45-8bd7-11f1-9b18-005056b2a5de,67,097330eb-f92d-4b88-95a8-1a83fd3d8065,
01__NLO__VHO__0GA__500,VĨNH HẢO Nước Khoáng Không Ga 500ml,Nước Lọc Chai,Chai,910.0,6370000.0,0.0,0.0,0.0,0.0,0.0,0.0,0.0,0.0,0.0,0.0,0.0,0.0,60.0,420000.0,60.0,420000.0,01__NLO__VHO__0GA__500,VĨNH HẢO Nước Khoáng Không Ga 500ml,,Hàng hóa,d47e7274-8bd7-11f1-9b18-005056b2a5de,e2b99b86-d0e8-49b5-a9c8-5d5ed3860086,c8220d45-8bd7-11f1-9b18-005056b2a5de,68,097330eb-f92d-4b88-95a8-1a83fd3d8065,
01__NLU__COM__LUU__330,COMPACT Nước Tăng Lực Vị Lựu Chai 330ml,Nước Tăng Lực,Chai,116.0,1508000.0,0.0,0.0,0.0,0.0,0.0,0.0,0.0,0.0,0.0,0.0,0.0,0.0,6.0,78000.0,6.0,78000.0,01__NLU__COM__LUU__330,COMPACT Nước Tăng Lực Vị Lựu Chai 330ml,,Hàng hóa,d47e7308-8bd7-11f1-9b18-005056b2a5de,9dc22f12-b3b8-4a8c-9bda-d58e93b582e7,c8220d45-8bd7-11f1-9b18-005056b2a5de,69,097330eb-f92d-4b88-95a8-1a83fd3d8065,
01__NLU__LIP__MNN__250,LIPOVITAN Nước Tăng Lực Mật Nhân Lon 250ml,Nước Tăng Lực,Lon,58.0,842000.0,0.0,0.0,0.0,0.0,0.0,0.0,0.0,0.0,0.0,0.0,0.0,0.0,35.0,525000.0,35.0,525000.0,01__NLU__LIP__MNN__250,LIPOVITAN Nước Tăng Lực Mật Nhân Lon 250ml,,Hàng hóa,d47e739c-8bd7-11f1-9b18-005056b2a5de,801d18ec-5fc1-485b-9048-2dbf7829d255,c8220d45-8bd7-11f1-9b18-005056b2a5de,70,675a42b3-8acd-451e-b184-edaeaebec5b7,
01__NLU__LIP__MOG__250,LIPOVITAN Nước Tăng Lực Mật Ong Lon 250ml,Nước Tăng Lực,Lon,157.0,2253000.0,0.0,0.0,0.0,0.0,0.0,0.0,0.0,0.0,0.0,0.0,0.0,0.0,14.0,210000.0,14.0,210000.0,01__NLU__LIP__MOG__250,LIPOVITAN Nước Tăng Lực Mật Ong Lon 250ml,,Hàng hóa,d47e7434-8bd7-11f1-9b18-005056b2a5de,af2025fc-7388-4eee-a6d7-f084e2c3daac,c8220d45-8bd7-11f1-9b18-005056b2a5de,71,675a42b3-8acd-451e-b184-edaeaebec5b7,
01__NLU__MON__DEN__355,COCA-COLA Monster Nước Tăng Lực Đen 355ml,Nước Tăng Lực,Lon,229.0,7032000.0,0.0,0.0,0.0,0.0,0.0,0.0,0.0,0.0,0.0,0.0,0.0,0.0,8.0,264000.0,8.0,264000.0,01__NLU__MON__DEN__355,COCA-COLA Monster Nước Tăng Lực Đen 355ml,,Hàng hóa,d47e74c8-8bd7-11f1-9b18-005056b2a5de,e85f0b1e-bd58-4f2f-b656-e28ec289371c,c8220d45-8bd7-11f1-9b18-005056b2a5de,72,675a42b3-8acd-451e-b184-edaeaebec5b7,
01__NLU__MON__HOG__320,COCA-COLA Monster Nước Tăng Lực Hồng 320ml,Nước Tăng Lực,Lon,169.0,5179000.0,0.0,0.0,0.0,0.0,0.0,0.0,0.0,0.0,0.0,0.0,0.0,0.0,21.0,693000.0,21.0,693000.0,01__NLU__MON__HOG__320,COCA-COLA Monster Nước Tăng Lực Hồng 320ml,,Hàng hóa,d47e7560-8bd7-11f1-9b18-005056b2a5de,b3c565f5-4ef3-406b-a10d-e44a93e328ac,c8220d45-8bd7-11f1-9b18-005056b2a5de,73,675a42b3-8acd-451e-b184-edaeaebec5b7,
01__NLU__MON__TRG__355,COCA-COLA Monster Ultra Nước Tăng Lực Trắng 355ml,Nước Tăng Lực,Lon,181.0,5541000.0,0.0,0.0,0.0,0.0,0.0,0.0,0.0,0.0,0.0,0.0,0.0,0.0,27.0,891000.0,27.0,891000.0,01__NLU__MON__TRG__355,COCA-COLA Monster Ultra Nước Tăng Lực Trắng 355ml,,Hàng hóa,d47e75f2-8bd7-11f1-9b18-005056b2a5de,19ba6e16-c278-4418-8472-f8313a770ec0,c8220d45-8bd7-11f1-9b18-005056b2a5de,74,675a42b3-8acd-451e-b184-edaeaebec5b7,
01__NLU__MON__XDG__320,COCA-COLA Monster Nước Tăng Lực Xanh Dương 320ml,Nước Tăng Lực,Lon,116.0,3549000.0,0.0,0.0,0.0,0.0,0.0,0.0,0.0,0.0,0.0,0.0,0.0,0.0,6.0,198000.0,6.0,198000.0,01__NLU__MON__XDG__320,COCA-COLA Monster Nước Tăng Lực Xanh Dương 320ml,,Hàng hóa,d47e7687-8bd7-11f1-9b18-005056b2a5de,fb3bfb9b-e502-4b1f-bbeb-d709db115d11,c8220d45-8bd7-11f1-9b18-005056b2a5de,75,675a42b3-8acd-451e-b184-edaeaebec5b7,
01__NLU__MON__XLA__320,COCA-COLA Monster Nước Tăng Lực Xanh Lá 320ml,Nước Tăng Lực,Lon,96.0,2930000.0,0.0,0.0,0.0,0.0,0.0,0.0,0.0,0.0,0.0,0.0,0.0,0.0,70.0,2310000.0,70.0,2310000.0,01__NLU__MON__XLA__320,COCA-COLA Monster Nước Tăng Lực Xanh Lá 320ml,,Hàng hóa,d47e779e-8bd7-11f1-9b18-005056b2a5de,791e3592-d43c-47cd-948b-65199e1add53,c8220d45-8bd7-11f1-9b18-005056b2a5de,76,675a42b3-8acd-451e-b184-edaeaebec5b7,
01__NLU__RED__CDE__145,REDBULL Nước Tăng Lực Chai Thủy Tinh Đen 145ml,Nước Tăng Lực,Chai,200.0,3000000.0,0.0,0.0,0.0,0.0,0.0,0.0,0.0,0.0,0.0,0.0,0.0,0.0,49.0,735000.0,49.0,735000.0,01__NLU__RED__CDE__145,REDBULL Nước Tăng Lực Chai Thủy Tinh Đen 145ml,,Hàng hóa,d47e7834-8bd7-11f1-9b18-005056b2a5de,81bed724-5831-4f07-9d2c-ed2969ad5374,c8220d45-8bd7-11f1-9b18-005056b2a5de,77,097330eb-f92d-4b88-95a8-1a83fd3d8065,
01__NLU__RED__CDO__145,REDBULL Nước Tăng Lực Chai Thủy Tinh Đỏ 145ml,Nước Tăng Lực,Chai,134.0,2010000.0,0.0,0.0,0.0,0.0,0.0,0.0,1.0,15000.0,0.0,0.0,0.0,0.0,65.0,975000.0,65.0,975000.0,01__NLU__RED__CDO__145,REDBULL Nước Tăng Lực Chai Thủy Tinh Đỏ 145ml,,Hàng hóa,d47e78c9-8bd7-11f1-9b18-005056b2a5de,350ba9ba-1167-4ece-a7b9-9c17fdcefcfa,c8220d45-8bd7-11f1-9b18-005056b2a5de,78,097330eb-f92d-4b88-95a8-1a83fd3d8065,
01__NLU__RED__CXA__145,REDBULL Nước Tăng Lực Chai Thủy Tinh Xanh 145ml,Nước Tăng Lực,Chai,232.0,3480000.0,0.0,0.0,0.0,0.0,0.0,0.0,1.0,15000.0,0.0,0.0,0.0,0.0,64.0,960000.0,64.0,960000.0,01__NLU__RED__CXA__145,REDBULL Nước Tăng Lực Chai Thủy Tinh Xanh 145ml,,Hàng hóa,d47e795e-8bd7-11f1-9b18-005056b2a5de,774b4b27-616b-47b5-9f81-ae388f1cd2a9,c8220d45-8bd7-11f1-9b18-005056b2a5de,79,097330eb-f92d-4b88-95a8-1a83fd3d8065,
01__NLU__RED__TH2__250,REDBULL Nước Tăng Lực Vàng Thailand 250ml,Nước Tăng Lực,Lon,21.0,398000.0,0.0,0.0,0.0,0.0,0.0,0.0,0.0,0.0,0.0,0.0,0.0,0.0,3.0,60000.0,3.0,60000.0,01__NLU__RED__TH2__250,REDBULL Nước Tăng Lực Vàng Thailand 250ml,,Hàng hóa,d47e79fb-8bd7-11f1-9b18-005056b2a5de,9139ef17-9161-4d98-9b54-0077f7787762,c8220d45-8bd7-11f1-9b18-005056b2a5de,80,675a42b3-8acd-451e-b184-edaeaebec5b7,
01__NLU__RED__VAG__250,REDBULL Nước Tăng Lực Vàng Việt 250ml,Nước Tăng Lực,Lon,596.0,9900000.0,0.0,0.0,0.0,0.0,0.0,0.0,0.0,0.0,0.0,0.0,0.0,0.0,80.0,1360000.0,80.0,1360000.0,01__NLU__RED__VAG__250,REDBULL Nước Tăng Lực Vàng Việt 250ml,,Hàng hóa,d47e7a94-8bd7-11f1-9b18-005056b2a5de,f965db1e-663f-4e22-ab98-499a55aa90ea,c8220d45-8bd7-11f1-9b18-005056b2a5de,81,675a42b3-8acd-451e-b184-edaeaebec5b7,
01__NLU__RED__XDG__250,REDBULL Nước Tăng Lực Xanh Dương 250ml,Nước Tăng Lực,Lon,20.0,704000.0,0.0,0.0,0.0,0.0,0.0,0.0,0.0,0.0,0.0,0.0,0.0,0.0,0.0,0.0,0.0,0.0,01__NLU__RED__XDG__250,REDBULL Nước Tăng Lực Xanh Dương 250ml,,Hàng hóa,d47e7d8f-8bd7-11f1-9b18-005056b2a5de,e11d0c2a-5f85-44ca-affc-486ff8e0102a,c8220d45-8bd7-11f1-9b18-005056b2a5de,82,675a42b3-8acd-451e-b184-edaeaebec5b7,
01__NLU__WUP__247__245,WAKE UP 247 Lon Nước Tăng Lực 245ml,Nước Tăng Lực,Lon,46.0,563000.0,0.0,0.0,0.0,0.0,0.0,0.0,0.0,0.0,0.0,0.0,0.0,0.0,18.0,270000.0,18.0,270000.0,01__NLU__WUP__247__245,WAKE UP 247 Lon Nước Tăng Lực 245ml,,Hàng hóa,d47e7e51-8bd7-11f1-9b18-005056b2a5de,f14796e2-dff7-4865-b8ae-654678419ffc,c8220d45-8bd7-11f1-9b18-005056b2a5de,83,675a42b3-8acd-451e-b184-edaeaebec5b7,
01__NLU__WUP__247__330,WAKE UP 247 Chai Nước Tăng Lực Vị Cafe 330ml,Nước Tăng Lực,Chai,206.0,2784000.0,0.0,0.0,0.0,0.0,0.0,0.0,0.0,0.0,0.0,0.0,0.0,0.0,18.0,270000.0,18.0,270000.0,01__NLU__WUP__247__330,WAKE UP 247 Chai Nước Tăng Lực Vị Cafe 330ml,,Hàng hóa,d47e7eec-8bd7-11f1-9b18-005056b2a5de,f48cbd8e-3847-46d1-93ca-66ee0632fa12,c8220d45-8bd7-11f1-9b18-005056b2a5de,84,097330eb-f92d-4b88-95a8-1a83fd3d8065,
01__NSU__SKY__HOP__6,SKYNEST Tổ Yến Thiên Nhiên 18%,Nước Sức Khỏe,Hộp,38.0,2580000.0,0.0,0.0,0.0,0.0,0.0,0.0,0.0,0.0,0.0,0.0,0.0,0.0,0.0,0.0,0.0,0.0,01__NSU__SKY__HOP__6,SKYNEST Tổ Yến Thiên Nhiên 18%,,Hàng hóa,d47e7f8c-8bd7-11f1-9b18-005056b2a5de,55586f7d-7bf6-45c5-8d62-8e868ff778bd,c8220d45-8bd7-11f1-9b18-005056b2a5de,85,097330eb-f92d-4b88-95a8-1a83fd3d8064,
01__NSU__SKY__LON__190,SKYNEST Nước Yến Sào Lon 190ml,Nước Sức Khỏe,Lon,87.0,1272000.0,0.0,0.0,0.0,0.0,0.0,0.0,0.0,0.0,0.0,0.0,0.0,0.0,15.0,225000.0,15.0,225000.0,01__NSU__SKY__LON__190,SKYNEST Nước Yến Sào Lon 190ml,,Hàng hóa,d47e8022-8bd7-11f1-9b18-005056b2a5de,e80104b2-3680-4951-b0fb-92a3a3814bfa,c8220d45-8bd7-11f1-9b18-005056b2a5de,86,675a42b3-8acd-451e-b184-edaeaebec5b7,
01__NSU__WOO__ALO__500,WOOJING Nước Nha Đam Dr.Aloe 500ml,Nước Sức Khỏe,Chai,122.0,3975000.0,0.0,0.0,0.0,0.0,0.0,0.0,0.0,0.0,0.0,0.0,0.0,0.0,23.0,805000.0,23.0,805000.0,01__NSU__WOO__ALO__500,WOOJING Nước Nha Đam Dr.Aloe 500ml,,Hàng hóa,d47e80bd-8bd7-11f1-9b18-005056b2a5de,9722ff2a-a856-4d43-bd2a-0c4ed5ba7bad,c8220d45-8bd7-11f1-9b18-005056b2a5de,87,097330eb-f92d-4b88-95a8-1a83fd3d8065,
01__NSU__WOO__CHI__500,WOOJING Nước Gạo Hàn Quốc 500ml,Nước Sức Khỏe,Chai,279.0,10496000.0,0.0,0.0,0.0,0.0,0.0,0.0,0.0,0.0,0.0,0.0,0.0,0.0,0.0,0.0,0.0,0.0,01__NSU__WOO__CHI__500,WOOJING Nước Gạo Hàn Quốc 500ml,,Hàng hóa,d47e8158-8bd7-11f1-9b18-005056b2a5de,3a2bd197-df35-4392-b7f5-34fd1e713457,c8220d45-8bd7-11f1-9b18-005056b2a5de,88,097330eb-f92d-4b88-95a8-1a83fd3d8065,
01__NSU__WOO__MAT__500,WOOJING Nước Gạo Matcha HQ 500ml,Nước Sức Khỏe,Chai,28.0,1008000.0,0.0,0.0,0.0,0.0,0.0,0.0,0.0,0.0,0.0,0.0,0.0,0.0,-6.0,-216000.0,-6.0,-216000.0,01__NSU__WOO__MAT__500,WOOJING Nước Gạo Matcha HQ 500ml,,Hàng hóa,d47e81f6-8bd7-11f1-9b18-005056b2a5de,bf83fdf0-01d6-422d-8d25-fe0db04db570,c8220d45-8bd7-11f1-9b18-005056b2a5de,89,097330eb-f92d-4b88-95a8-1a83fd3d8065,
01__NTR__FRU__LUU__290,FRUTIVAL Nước Hạt Húng Quế Hương Lựu Chai 290ml,Nước Trái Cây,Chai,160.0,5078000.0,0.0,0.0,0.0,0.0,0.0,0.0,0.0,0.0,0.0,0.0,0.0,0.0,14.0,490000.0,14.0,490000.0,01__NTR__FRU__LUU__290,FRUTIVAL Nước Hạt Húng Quế Hương Lựu Chai 290ml,,Hàng hóa,d47e828e-8bd7-11f1-9b18-005056b2a5de,488ab345-f5fe-40dc-9fa0-dcc2c543350e,c8220d45-8bd7-11f1-9b18-005056b2a5de,90,097330eb-f92d-4b88-95a8-1a83fd3d8065,
01__NTR__JEL__ACE__150,JELE Nước Ép Trái Cây Vita A&E 150g,Nước Trái Cây,Gói,24.0,478000.0,0.0,0.0,0.0,0.0,0.0,0.0,0.0,0.0,0.0,0.0,0.0,0.0,-1.0,-18000.0,-1.0,-18000.0,01__NTR__JEL__ACE__150,JELE Nước Ép Trái Cây Vita A&E 150g,,Hàng hóa,d47e8324-8bd7-11f1-9b18-005056b2a5de,ae82f43e-a168-4ad4-b3fc-ca4801134fef,c8220d45-8bd7-11f1-9b18-005056b2a5de,91,097330eb-f92d-4b88-95a8-1a83fd3d8067,
01__NTR__JEL__BLA__150,JELE Nước Ép Trái Cây BLACKCUR 150g,Nước Trái Cây,Gói,83.0,1628000.0,0.0,0.0,0.0,0.0,0.0,0.0,0.0,0.0,0.0,0.0,0.0,0.0,3.0,54000.0,3.0,54000.0,01__NTR__JEL__BLA__150,JELE Nước Ép Trái Cây BLACKCUR 150g,,Hàng hóa,d47e83b7-8bd7-11f1-9b18-005056b2a5de,07816395-fab5-40d5-a2d3-d3924c1aeb30,c8220d45-8bd7-11f1-9b18-005056b2a5de,92,097330eb-f92d-4b88-95a8-1a83fd3d8067,
01__NTR__JEL__CAR__150,JELE Nước Ép Trái Cây Carnitine And Vitamin C 150g,Nước Trái Cây,Gói,33.0,628000.0,0.0,0.0,0.0,0.0,0.0,0.0,0.0,0.0,0.0,0.0,0.0,0.0,3.0,54000.0,3.0,54000.0,01__NTR__JEL__CAR__150,JELE Nước Ép Trái Cây Carnitine And Vitamin C 150g,,Hàng hóa,d47e8450-8bd7-11f1-9b18-005056b2a5de,a1bde083-fe90-44a1-b443-19617d9cc519,c8220d45-8bd7-11f1-9b18-005056b2a5de,93,097330eb-f92d-4b88-95a8-1a83fd3d8067,
01__NTR__JEL__COL__150,JELE Nước Ép Trái Cây Collagen And Vitamin C 150g,Nước Trái Cây,Gói,56.0,1090000.0,0.0,0.0,0.0,0.0,0.0,0.0,0.0,0.0,0.0,0.0,0.0,0.0,4.0,72000.0,4.0,72000.0,01__NTR__JEL__COL__150,JELE Nước Ép Trái Cây Collagen And Vitamin C 150g,,Hàng hóa,d47e84e4-8bd7-11f1-9b18-005056b2a5de,b7cf61de-5c43-40e2-9491-c89d5ec82fcb,c8220d45-8bd7-11f1-9b18-005056b2a5de,94,097330eb-f92d-4b88-95a8-1a83fd3d8067,
01__NTR__JEL__HIG__150,JELE Nước Ép Trái Cây High Vitamin C 150g,Nước Trái Cây,Gói,40.0,792000.0,0.0,0.0,0.0,0.0,0.0,0.0,0.0,0.0,0.0,0.0,0.0,0.0,1.0,18000.0,1.0,18000.0,01__NTR__JEL__HIG__150,JELE Nước Ép Trái Cây High Vitamin C 150g,,Hàng hóa,d47e857a-8bd7-11f1-9b18-005056b2a5de,801152c4-0c2a-4e19-b565-c43702d94083,c8220d45-8bd7-11f1-9b18-005056b2a5de,95,097330eb-f92d-4b88-95a8-1a83fd3d8067,
01__NTR__KIC__DAO__490,KIRIN Ice+ Nước Trái Cây Vị Đào 490ml,Nước Trái Cây,Chai,353.0,4247000.0,0.0,0.0,0.0,0.0,0.0,0.0,0.0,0.0,0.0,0.0,0.0,0.0,43.0,559000.0,43.0,559000.0,01__NTR__KIC__DAO__490,KIRIN Ice+ Nước Trái Cây Vị Đào 490ml,,Hàng hóa,d47e8612-8bd7-11f1-9b18-005056b2a5de,8bd31047-06b3-41fc-8efc-294e88c8a8b9,c8220d45-8bd7-11f1-9b18-005056b2a5de,96,097330eb-f92d-4b88-95a8-1a83fd3d8065,
01__NTR__KIC__DLI__490,KIRIN Ice+ Nước Trái Cây Vị Dưa LướI 490ml,Nước Trái Cây,Chai,137.0,1611000.0,0.0,0.0,0.0,0.0,0.0,0.0,0.0,0.0,0.0,0.0,0.0,0.0,24.0,312000.0,24.0,312000.0,01__NTR__KIC__DLI__490,KIRIN Ice+ Nước Trái Cây Vị Dưa LướI 490ml,,Hàng hóa,d47e86bf-8bd7-11f1-9b18-005056b2a5de,ed8ff328-71ed-43a6-a518-4b8b79148399,c8220d45-8bd7-11f1-9b18-005056b2a5de,97,097330eb-f92d-4b88-95a8-1a83fd3d8065,
01__NTR__KIC__NHO__490,KIRIN Ice+ Nước Trái Cây Vị Nho 490ml,Nước Trái Cây,Chai,195.0,2379000.0,0.0,0.0,0.0,0.0,0.0,0.0,0.0,0.0,0.0,0.0,0.0,0.0,33.0,429000.0,33.0,429000.0,01__NTR__KIC__NHO__490,KIRIN Ice+ Nước Trái Cây Vị Nho 490ml,,Hàng hóa,d47e8757-8bd7-11f1-9b18-005056b2a5de,c06d80d5-ee27-4e9d-b2ad-4817f5bb96d1,c8220d45-8bd7-11f1-9b18-005056b2a5de,98,097330eb-f92d-4b88-95a8-1a83fd3d8065,
01__NTR__MOG__DAU__320,MOGU Nước Ép Vị Dâu 320ml,Nước Trái Cây,Chai,78.0,1987000.0,0.0,0.0,0.0,0.0,0.0,0.0,0.0,0.0,0.0,0.0,0.0,0.0,6.0,156000.0,6.0,156000.0,01__NTR__MOG__DAU__320,MOGU Nước Ép Vị Dâu 320ml,,Hàng hóa,d47e87ea-8bd7-11f1-9b18-005056b2a5de,7c5203a1-34c3-4129-b923-ffeb3de00402,c8220d45-8bd7-11f1-9b18-005056b2a5de,99,097330eb-f92d-4b88-95a8-1a83fd3d8065,
01__NTR__MOG__DUA__320,MOGU Nước Ép Vị Dừa 320ml,Nước Trái Cây,Chai,64.0,1560000.0,0.0,0.0,0.0,0.0,0.0,0.0,0.0,0.0,0.0,0.0,0.0,0.0,0.0,0.0,0.0,0.0,01__NTR__MOG__DUA__320,MOGU Nước Ép Vị Dừa 320ml,,Hàng hóa,d47e887d-8bd7-11f1-9b18-005056b2a5de,def2ec22-f6c7-4173-8ec6-fcb1ca0dd729,c8220d45-8bd7-11f1-9b18-005056b2a5de,100,097330eb-f92d-4b88-95a8-1a83fd3d8065,
01__NTR__MOG__DUS__320,MOGU Nước Ép Vị Dứa 320ml,Nước Trái Cây,Chai,15.0,390000.0,0.0,0.0,0.0,0.0,0.0,0.0,0.0,0.0,0.0,0.0,0.0,0.0,9.0,234000.0,9.0,234000.0,01__NTR__MOG__DUS__320,MOGU Nước Ép Vị Dứa 320ml,,Hàng hóa,d47e8919-8bd7-11f1-9b18-005056b2a5de,d7050d4a-da3e-4e2e-9b74-256f408b302a,c8220d45-8bd7-11f1-9b18-005056b2a5de,101,097330eb-f92d-4b88-95a8-1a83fd3d8065,
01__NTR__MOG__NHO__320,MOGU Nước Ép Vị Nho 320ml,Nước Trái Cây,Chai,30.0,780000.0,0.0,0.0,0.0,0.0,0.0,0.0,0.0,0.0,0.0,0.0,0.0,0.0,0.0,0.0,0.0,0.0,01__NTR__MOG__NHO__320,MOGU Nước Ép Vị Nho 320ml,,Hàng hóa,d47e89ab-8bd7-11f1-9b18-005056b2a5de,18e6af07-424c-4981-83d4-bedc0e1ffaaf,c8220d45-8bd7-11f1-9b18-005056b2a5de,102,097330eb-f92d-4b88-95a8-1a83fd3d8065,
01__NTR__MOG__OOI__320,MOGU Nước Ép Vị Ổi 320ml,Nước Trái Cây,Chai,4.0,104000.0,0.0,0.0,0.0,0.0,0.0,0.0,0.0,0.0,0.0,0.0,0.0,0.0,0.0,0.0,0.0,0.0,01__NTR__MOG__OOI__320,MOGU Nước Ép Vị Ổi 320ml,,Hàng hóa,d47e8a3f-8bd7-11f1-9b18-005056b2a5de,f07407ad-918c-45db-baf1-4d68a7e992d5,c8220d45-8bd7-11f1-9b18-005056b2a5de,103,097330eb-f92d-4b88-95a8-1a83fd3d8065,
01__NTR__MOG__TAO__320,MOGU Nước Ép Vị Táo 320ml,Nước Trái Cây,Chai,11.0,286000.0,0.0,0.0,0.0,0.0,0.0,0.0,0.0,0.0,0.0,0.0,0.0,0.0,0.0,0.0,0.0,0.0,01__NTR__MOG__TAO__320,MOGU Nước Ép Vị Táo 320ml,,Hàng hóa,d47e8b72-8bd7-11f1-9b18-005056b2a5de,5a28dbab-e51d-49cb-85da-5e306e2a62ed,c8220d45-8bd7-11f1-9b18-005056b2a5de,104,097330eb-f92d-4b88-95a8-1a83fd3d8065,
01__NTR__MOG__VAI__320,MOGU Nước Ép Vị Vải 320ml,Nước Trái Cây,Chai,76.0,1914000.0,0.0,0.0,0.0,0.0,0.0,0.0,0.0,0.0,0.0,0.0,0.0,0.0,3.0,78000.0,3.0,78000.0,01__NTR__MOG__VAI__320,MOGU Nước Ép Vị Vải 320ml,,Hàng hóa,d47e8c08-8bd7-11f1-9b18-005056b2a5de,fad879c5-c3cc-4068-99a9-3acf64251778,c8220d45-8bd7-11f1-9b18-005056b2a5de,105,097330eb-f92d-4b88-95a8-1a83fd3d8065,
01__NTR__MOG__XOA__320,MOGU Nước Ép Vị Xoài 320ml,Nước Trái Cây,Chai,60.0,1560000.0,0.0,0.0,0.0,0.0,0.0,0.0,0.0,0.0,0.0,0.0,0.0,0.0,17.0,442000.0,17.0,442000.0,01__NTR__MOG__XOA__320,MOGU Nước Ép Vị Xoài 320ml,,Hàng hóa,d47e8c9e-8bd7-11f1-9b18-005056b2a5de,91db77f3-b440-4ab9-8a1c-51260ff3e916,c8220d45-8bd7-11f1-9b18-005056b2a5de,106,097330eb-f92d-4b88-95a8-1a83fd3d8065,
01__NTR__WON__NME__310,WONDERFARM Nước Me Lon 310ml,Nước Trái Cây,Lon,12.0,144000.0,0.0,0.0,0.0,0.0,0.0,0.0,0.0,0.0,0.0,0.0,0.0,0.0,0.0,0.0,0.0,0.0,01__NTR__WON__NME__310,WONDERFARM Nước Me Lon 310ml,,Hàng hóa,d47e8d37-8bd7-11f1-9b18-005056b2a5de,766c0326-3650-4a51-b38e-532c3c51f648,c8220d45-8bd7-11f1-9b18-005056b2a5de,107,675a42b3-8acd-451e-b184-edaeaebec5b7,
01__RSJ__DAM__CLA__360,DAMSO Rượu Soju Hàn Quốc Truyền Thống 360ml,Rượu Soju,Chai,53.0,4770000.0,0.0,0.0,0.0,0.0,0.0,0.0,1.0,90000.0,0.0,0.0,0.0,0.0,-3.0,-270000.0,-3.0,-270000.0,01__RSJ__DAM__CLA__360,DAMSO Rượu Soju Hàn Quốc Truyền Thống 360ml,,Hàng hóa,d47e8dce-8bd7-11f1-9b18-005056b2a5de,c6740238-638d-477c-a01f-aa6e05a8bb9e,c8220d45-8bd7-11f1-9b18-005056b2a5de,108,097330eb-f92d-4b88-95a8-1a83fd3d8065,
01__RSJ__DAM__DAO__360,DAMSO Rượu Soju Hàn Quốc Vị Đào 360ml,Rượu Soju,Chai,50.0,4500000.0,0.0,0.0,0.0,0.0,0.0,0.0,1.0,90000.0,0.0,0.0,0.0,0.0,0.0,0.0,0.0,0.0,01__RSJ__DAM__DAO__360,DAMSO Rượu Soju Hàn Quốc Vị Đào 360ml,,Hàng hóa,d47e8e69-8bd7-11f1-9b18-005056b2a5de,853c1209-b1b3-40dc-8e74-748da160cf38,c8220d45-8bd7-11f1-9b18-005056b2a5de,109,097330eb-f92d-4b88-95a8-1a83fd3d8065,
01__RSJ__DAM__NHO__360,DAMSO Rượu Soju Hàn Quốc Vị Nho Xanh 360ml,Rượu Soju,Chai,36.0,3240000.0,0.0,0.0,0.0,0.0,0.0,0.0,1.0,90000.0,0.0,0.0,0.0,0.0,-6.0,-540000.0,-6.0,-540000.0,01__RSJ__DAM__NHO__360,DAMSO Rượu Soju Hàn Quốc Vị Nho Xanh 360ml,,Hàng hóa,d47e8eff-8bd7-11f1-9b18-005056b2a5de,42abd3f4-efea-479d-82ac-45a9a0604f19,c8220d45-8bd7-11f1-9b18-005056b2a5de,110,097330eb-f92d-4b88-95a8-1a83fd3d8065,
01__RSJ__DAM__TAO__360,DAMSO Rượu Soju Hàn Quốc Vị Táo 360ml,Rượu Soju,Chai,91.0,8190000.0,0.0,0.0,0.0,0.0,0.0,0.0,1.0,90000.0,0.0,0.0,0.0,0.0,-7.0,-630000.0,-7.0,-630000.0,01__RSJ__DAM__TAO__360,DAMSO Rượu Soju Hàn Quốc Vị Táo 360ml,,Hàng hóa,d47e8f95-8bd7-11f1-9b18-005056b2a5de,7b84cc97-078b-41c9-b4a9-2031c57d9809,c8220d45-8bd7-11f1-9b18-005056b2a5de,111,097330eb-f92d-4b88-95a8-1a83fd3d8065,
01__RSJ__DAM__VQT__360,DAMSO Rượu Soju Hàn Quốc Vị Việt Quất 360ml,Rượu Soju,Chai,55.0,4950000.0,0.0,0.0,0.0,0.0,0.0,0.0,0.0,0.0,0.0,0.0,0.0,0.0,-6.0,-540000.0,-6.0,-540000.0,01__RSJ__DAM__VQT__360,DAMSO Rượu Soju Hàn Quốc Vị Việt Quất 360ml,,Hàng hóa,d47e9028-8bd7-11f1-9b18-005056b2a5de,7851a6ac-099b-45cc-915b-13acbb286352,c8220d45-8bd7-11f1-9b18-005056b2a5de,112,097330eb-f92d-4b88-95a8-1a83fd3d8065,
01__STC__NUT__BQY__297,COCA-COLA NUTRIBOOST Sữa Bánh Quy 297ml,Sữa Trái Cây,Chai,65.0,910000.0,0.0,0.0,0.0,0.0,0.0,0.0,0.0,0.0,0.0,0.0,0.0,0.0,-4.0,-60000.0,-4.0,-60000.0,01__STC__NUT__BQY__297,COCA-COLA NUTRIBOOST Sữa Bánh Quy 297ml,,Hàng hóa,d47e90d2-8bd7-11f1-9b18-005056b2a5de,b8065d81-89af-4205-be4b-fd1bbd4ec395,c8220d45-8bd7-11f1-9b18-005056b2a5de,113,097330eb-f92d-4b88-95a8-1a83fd3d8065,
01__STC__NUT__CAM__297,COCA-COLA Nutriboost Sữa Mật Ong Cam 297ml,Sữa Trái Cây,Chai,326.0,4210000.0,0.0,0.0,0.0,0.0,0.0,0.0,0.0,0.0,0.0,0.0,0.0,0.0,42.0,630000.0,42.0,630000.0,01__STC__NUT__CAM__297,COCA-COLA Nutriboost Sữa Mật Ong Cam 297ml,,Hàng hóa,d47e916a-8bd7-11f1-9b18-005056b2a5de,c00e50b0-9272-44f4-b0a5-69086176b60f,c8220d45-8bd7-11f1-9b18-005056b2a5de,114,097330eb-f92d-4b88-95a8-1a83fd3d8065,
01__STC__NUT__DAU__297,COCA-COLA Nutriboost Sữa Dâu 297ml,Sữa Trái Cây,Chai,518.0,6673000.0,0.0,0.0,0.0,0.0,0.0,0.0,0.0,0.0,0.0,0.0,0.0,0.0,38.0,570000.0,38.0,570000.0,01__STC__NUT__DAU__297,COCA-COLA Nutriboost Sữa Dâu 297ml,,Hàng hóa,d47e9200-8bd7-11f1-9b18-005056b2a5de,0c6edd74-63ab-439c-a297-620dd05661bf,c8220d45-8bd7-11f1-9b18-005056b2a5de,115,097330eb-f92d-4b88-95a8-1a83fd3d8065,
01__STC__TWI__CAM__320,PEPSICO Twister Sữa Trái cây Vị Cam 320ml,Sữa Trái Cây,Chai,111.0,1464000.0,0.0,0.0,0.0,0.0,0.0,0.0,0.0,0.0,0.0,0.0,0.0,0.0,27.0,378000.0,27.0,378000.0,01__STC__TWI__CAM__320,PEPSICO Twister Sữa Trái cây Vị Cam 320ml,,Hàng hóa,d47e9295-8bd7-11f1-9b18-005056b2a5de,e1a4a5a0-011e-430f-838e-7a259a0cc3f4,c8220d45-8bd7-11f1-9b18-005056b2a5de,116,097330eb-f92d-4b88-95a8-1a83fd3d8065,
01__STC__TWI__DAU__320,PEPSICO Twister Sữa Trái cây Vị Dâu 320ml,Sữa Trái Cây,Chai,147.0,1930000.0,0.0,0.0,0.0,0.0,0.0,0.0,0.0,0.0,0.0,0.0,0.0,0.0,42.0,588000.0,42.0,588000.0,01__STC__TWI__DAU__320,PEPSICO Twister Sữa Trái cây Vị Dâu 320ml,,Hàng hóa,d47e9328-8bd7-11f1-9b18-005056b2a5de,7e749f05-a66d-41ba-918d-9360d5e36a8b,c8220d45-8bd7-11f1-9b18-005056b2a5de,117,097330eb-f92d-4b88-95a8-1a83fd3d8065,
01__STC__VNU__BAP__240,VIETNUTRI Sữa Bắp Lon 240ml,Sữa Trái Cây,Lon,113.0,1638000.0,0.0,0.0,0.0,0.0,0.0,0.0,0.0,0.0,0.0,0.0,0.0,0.0,15.0,225000.0,15.0,225000.0,01__STC__VNU__BAP__240,VIETNUTRI Sữa Bắp Lon 240ml,,Hàng hóa,d47e93bf-8bd7-11f1-9b18-005056b2a5de,1283057a-a0e3-4361-891d-9853a737d88b,c8220d45-8bd7-11f1-9b18-005056b2a5de,118,675a42b3-8acd-451e-b184-edaeaebec5b7,
01__STC__VNU__DNH__240,VIETNUTRI Sữa Đậu Nành Lon 240ml,Sữa Trái Cây,Lon,88.0,1305000.0,0.0,0.0,0.0,0.0,0.0,0.0,0.0,0.0,0.0,0.0,0.0,0.0,36.0,540000.0,36.0,540000.0,01__STC__VNU__DNH__240,VIETNUTRI Sữa Đậu Nành Lon 240ml,,Hàng hóa,d47e9453-8bd7-11f1-9b18-005056b2a5de,64bf7b7a-5dac-4d30-9b4c-be35ecee4561,c8220d45-8bd7-11f1-9b18-005056b2a5de,119,675a42b3-8acd-451e-b184-edaeaebec5b7,
01__TDC__CHA__TDO__350,CHASIAM Trà Sữa Thái Đỏ Chai 350ml,Trà Đóng Chai,Chai,23.0,923000.0,0.0,0.0,0.0,0.0,0.0,0.0,0.0,0.0,0.0,0.0,0.0,0.0,1.0,40000.0,1.0,40000.0,01__TDC__CHA__TDO__350,CHASIAM Trà Sữa Thái Đỏ Chai 350ml,,Hàng hóa,d47e94ea-8bd7-11f1-9b18-005056b2a5de,7645b60e-6b7d-4d1c-a30d-5489a33b08eb,c8220d45-8bd7-11f1-9b18-005056b2a5de,120,097330eb-f92d-4b88-95a8-1a83fd3d8065,
01__TDC__CHA__TXA__350,CHASIAM Trà Sữa Thái Xanh Chai 350ml,Trà Đóng Chai,Chai,21.0,840000.0,0.0,0.0,0.0,0.0,0.0,0.0,0.0,0.0,0.0,0.0,0.0,0.0,3.0,120000.0,3.0,120000.0,01__TDC__CHA__TXA__350,CHASIAM Trà Sữa Thái Xanh Chai 350ml,,Hàng hóa,d47e9583-8bd7-11f1-9b18-005056b2a5de,2e389903-2041-43cf-b6f3-226929f126f4,c8220d45-8bd7-11f1-9b18-005056b2a5de,121,097330eb-f92d-4b88-95a8-1a83fd3d8065,
01__TDC__COZ__DAO__455,COZY Trà Đào Sả Chai 455ml,Trà Đóng Chai,Chai,23.0,276000.0,0.0,0.0,0.0,0.0,0.0,0.0,0.0,0.0,0.0,0.0,0.0,0.0,1.0,12000.0,1.0,12000.0,01__TDC__COZ__DAO__455,COZY Trà Đào Sả Chai 455ml,,Hàng hóa,d47e9616-8bd7-11f1-9b18-005056b2a5de,87f026c3-d3b4-406d-bf69-2feece121fd2,c8220d45-8bd7-11f1-9b18-005056b2a5de,122,097330eb-f92d-4b88-95a8-1a83fd3d8065,
01__TDC__COZ__TAC__455,COZY Trà Tắc Mật Ong Chai 455ml,Trà Đóng Chai,Chai,21.0,252000.0,0.0,0.0,0.0,0.0,0.0,0.0,0.0,0.0,0.0,0.0,0.0,0.0,0.0,0.0,0.0,0.0,01__TDC__COZ__TAC__455,COZY Trà Tắc Mật Ong Chai 455ml,,Hàng hóa,d47e96a9-8bd7-11f1-9b18-005056b2a5de,ecd4dd3e-1be6-44c1-aa40-003166e74721,c8220d45-8bd7-11f1-9b18-005056b2a5de,123,097330eb-f92d-4b88-95a8-1a83fd3d8065,
01__TDC__COZ__VAI__455,COZY Trà Vải Chai 455ml,Trà Đóng Chai,Chai,11.0,132000.0,0.0,0.0,0.0,0.0,0.0,0.0,0.0,0.0,0.0,0.0,0.0,0.0,0.0,0.0,0.0,0.0,01__TDC__COZ__VAI__455,COZY Trà Vải Chai 455ml,,Hàng hóa,d47e973e-8bd7-11f1-9b18-005056b2a5de,d7dcbf9a-92ef-4993-8684-63f9af9ccbec,c8220d45-8bd7-11f1-9b18-005056b2a5de,124,097330eb-f92d-4b88-95a8-1a83fd3d8065,
01__TDC__COZ__XOA__455,COZY Trà Ô Long Xoài Chai 455ml,Trà Đóng Chai,Chai,24.0,288000.0,0.0,0.0,0.0,0.0,0.0,0.0,0.0,0.0,0.0,0.0,0.0,0.0,0.0,0.0,0.0,0.0,01__TDC__COZ__XOA__455,COZY Trà Ô Long Xoài Chai 455ml,,Hàng hóa,d47e97d2-8bd7-11f1-9b18-005056b2a5de,509dc08c-af8a-42f3-8029-60b3d0b53ea9,c8220d45-8bd7-11f1-9b18-005056b2a5de,125,097330eb-f92d-4b88-95a8-1a83fd3d8065,
01__TDC__KIC__DAO__490,KIRIN Ice+ Trà Trái Cây Vị Đào 490ml,Trà Đóng Chai,Chai,106.0,1262000.0,0.0,0.0,0.0,0.0,0.0,0.0,0.0,0.0,0.0,0.0,0.0,0.0,45.0,585000.0,45.0,585000.0,01__TDC__KIC__DAO__490,KIRIN Ice+ Trà Trái Cây Vị Đào 490ml,,Hàng hóa,d47e9869-8bd7-11f1-9b18-005056b2a5de,d41db35c-0b5d-4981-94f4-d00fac7ac65f,c8220d45-8bd7-11f1-9b18-005056b2a5de,126,097330eb-f92d-4b88-95a8-1a83fd3d8065,
01__TDC__KIC__TKI__490,KIRIN Ice+ Trà Trái Cây Vị Trà Táo Kiwi 490ml,Trà Đóng Chai,Chai,127.0,1546000.0,0.0,0.0,0.0,0.0,0.0,0.0,0.0,0.0,0.0,0.0,0.0,0.0,25.0,325000.0,25.0,325000.0,01__TDC__KIC__TKI__490,KIRIN Ice+ Trà Trái Cây Vị Trà Táo Kiwi 490ml,,Hàng hóa,d47e98fd-8bd7-11f1-9b18-005056b2a5de,b3478045-fcdc-41e5-9a38-4ea97dd32613,c8220d45-8bd7-11f1-9b18-005056b2a5de,127,097330eb-f92d-4b88-95a8-1a83fd3d8065,
01__TDC__KIL__CAR__440,KIRIN Latte Coffee & Caramel 440ml,Trà Đóng Chai,Chai,47.0,693000.0,0.0,0.0,0.0,0.0,0.0,0.0,0.0,0.0,0.0,0.0,0.0,0.0,73.0,1095000.0,73.0,1095000.0,01__TDC__KIL__CAR__440,KIRIN Latte Coffee & Caramel 440ml,,Hàng hóa,d47e9994-8bd7-11f1-9b18-005056b2a5de,9fc84c6b-2cbf-4dd9-9388-debb1df2e7ed,c8220d45-8bd7-11f1-9b18-005056b2a5de,128,097330eb-f92d-4b88-95a8-1a83fd3d8065,
01__TDC__KIL__DSA__440,KIRIN Latte Hỗn Hợp Dâu Sữa 440ml,Trà Đóng Chai,Chai,187.0,2567000.0,0.0,0.0,0.0,0.0,0.0,0.0,1.0,14000.0,0.0,0.0,0.0,0.0,26.0,390000.0,26.0,390000.0,01__TDC__KIL__DSA__440,KIRIN Latte Hỗn Hợp Dâu Sữa 440ml,,Hàng hóa,d47e9a39-8bd7-11f1-9b18-005056b2a5de,4073d102-8766-4ef0-a9ea-566f664b2c8b,c8220d45-8bd7-11f1-9b18-005056b2a5de,129,097330eb-f92d-4b88-95a8-1a83fd3d8065,
01__TDC__KIL__MCS__440,KIRIN Latte Mãng Cầu Sữa 440ml,Trà Đóng Chai,Chai,104.0,1434000.0,0.0,0.0,0.0,0.0,0.0,0.0,0.0,0.0,0.0,0.0,0.0,0.0,31.0,465000.0,31.0,465000.0,01__TDC__KIL__MCS__440,KIRIN Latte Mãng Cầu Sữa 440ml,,Hàng hóa,d47e9ad3-8bd7-11f1-9b18-005056b2a5de,009369b9-0b61-4a49-a4ef-6f417b61e131,c8220d45-8bd7-11f1-9b18-005056b2a5de,130,097330eb-f92d-4b88-95a8-1a83fd3d8065,
01__TDC__KIL__SSA__440,KIRIN Latte Socola Sữa 440ml,Trà Đóng Chai,Chai,633.0,8662000.0,0.0,0.0,0.0,0.0,0.0,0.0,0.0,0.0,0.0,0.0,0.0,0.0,34.0,510000.0,34.0,510000.0,01__TDC__KIL__SSA__440,KIRIN Latte Socola Sữa 440ml,,Hàng hóa,d47e9cbd-8bd7-11f1-9b18-005056b2a5de,63c26d57-c118-4e44-bd69-93f59c356ede,c8220d45-8bd7-11f1-9b18-005056b2a5de,131,097330eb-f92d-4b88-95a8-1a83fd3d8065,
01__TDC__KIL__TSA__440,KIRIN Latte Trà Sữa 440ml,Trà Đóng Chai,Chai,337.0,4663000.0,0.0,0.0,0.0,0.0,0.0,0.0,0.0,0.0,0.0,0.0,0.0,0.0,22.0,330000.0,22.0,330000.0,01__TDC__KIL__TSA__440,KIRIN Latte Trà Sữa 440ml,,Hàng hóa,d47e9d55-8bd7-11f1-9b18-005056b2a5de,b504589d-871c-400e-9c3a-24186fb1888d,c8220d45-8bd7-11f1-9b18-005056b2a5de,132,097330eb-f92d-4b88-95a8-1a83fd3d8065,
01__TDC__KIR__SCC__280,KIRIN Imuse Vị Sữa Chua & Chanh 280ml,Trà Đóng Chai,Chai,73.0,994000.0,0.0,0.0,0.0,0.0,0.0,0.0,0.0,0.0,0.0,0.0,0.0,0.0,0.0,0.0,0.0,0.0,01__TDC__KIR__SCC__280,KIRIN Imuse Vị Sữa Chua & Chanh 280ml,,Hàng hóa,d47e9e78-8bd7-11f1-9b18-005056b2a5de,cca49032-2cee-4d80-a928-7051571d82dc,c8220d45-8bd7-11f1-9b18-005056b2a5de,133,097330eb-f92d-4b88-95a8-1a83fd3d8065,
01__TDC__KIR__TSA__345,KIRIN Trà Sữa Anh Quốc 345ml,Trà Đóng Chai,Chai,227.0,3181000.0,0.0,0.0,0.0,0.0,0.0,0.0,0.0,0.0,0.0,0.0,0.0,0.0,24.0,360000.0,24.0,360000.0,01__TDC__KIR__TSA__345,KIRIN Trà Sữa Anh Quốc 345ml,,Hàng hóa,d47e9f18-8bd7-11f1-9b18-005056b2a5de,dfcb1c12-d1c0-4a3a-8c37-05877ff44ce1,c8220d45-8bd7-11f1-9b18-005056b2a5de,134,097330eb-f92d-4b88-95a8-1a83fd3d8065,
01__TDC__KIR__TXH__345,KIRIN Trà Xanh Nhật 345ml,Trà Đóng Chai,Chai,194.0,2570000.0,0.0,0.0,0.0,0.0,0.0,0.0,1.0,13000.0,0.0,0.0,0.0,0.0,23.0,345000.0,23.0,345000.0,01__TDC__KIR__TXH__345,KIRIN Trà Xanh Nhật 345ml,,Hàng hóa,d47e9fa7-8bd7-11f1-9b18-005056b2a5de,9696a38d-ee72-42c2-973a-0a4e51a07603,c8220d45-8bd7-11f1-9b18-005056b2a5de,135,097330eb-f92d-4b88-95a8-1a83fd3d8065,
01__TDC__MAS__CAU__500,MASAN Trà Bupnon 365 Hương Mãng Cầu 500ml,Trà Đóng Chai,Chai,4.0,56000.0,0.0,0.0,0.0,0.0,0.0,0.0,0.0,0.0,0.0,0.0,0.0,0.0,2.0,28000.0,2.0,28000.0,01__TDC__MAS__CAU__500,MASAN Trà Bupnon 365 Hương Mãng Cầu 500ml,,Hàng hóa,d47ea037-8bd7-11f1-9b18-005056b2a5de,cffdbf74-ad7d-4102-9789-8da092604a5f,c8220d45-8bd7-11f1-9b18-005056b2a5de,136,097330eb-f92d-4b88-95a8-1a83fd3d8065,
01__TDC__MAS__CSA__500,MASAN Trà Bupnon 365 Hương Chanh Sả 500ml,Trà Đóng Chai,Chai,202.0,2728000.0,0.0,0.0,0.0,0.0,0.0,0.0,0.0,0.0,0.0,0.0,0.0,0.0,-1.0,-14000.0,-1.0,-14000.0,01__TDC__MAS__CSA__500,MASAN Trà Bupnon 365 Hương Chanh Sả 500ml,,Hàng hóa,d47ea0cf-8bd7-11f1-9b18-005056b2a5de,b6d1b1c6-a38c-4eb4-a924-013bacdb8fb2,c8220d45-8bd7-11f1-9b18-005056b2a5de,137,097330eb-f92d-4b88-95a8-1a83fd3d8065,
01__TDC__MAS__DAO__500,MASAN Trà Bupnon 365 Hương Đào 500ml,Trà Đóng Chai,Chai,371.0,5014000.0,0.0,0.0,0.0,0.0,0.0,0.0,0.0,0.0,0.0,0.0,0.0,0.0,43.0,602000.0,43.0,602000.0,01__TDC__MAS__DAO__500,MASAN Trà Bupnon 365 Hương Đào 500ml,,Hàng hóa,d47ea15f-8bd7-11f1-9b18-005056b2a5de,488d537f-e39c-42ee-8dd7-c4d023849171,c8220d45-8bd7-11f1-9b18-005056b2a5de,138,097330eb-f92d-4b88-95a8-1a83fd3d8065,
01__TDC__MAS__MOG__500,MASAN Trà Bupnon 365 Hương Mật Ong 500ml,Trà Đóng Chai,Chai,330.0,4513000.0,0.0,0.0,0.0,0.0,0.0,0.0,1.0,14000.0,0.0,0.0,0.0,0.0,33.0,462000.0,33.0,462000.0,01__TDC__MAS__MOG__500,MASAN Trà Bupnon 365 Hương Mật Ong 500ml,,Hàng hóa,d47ea1f0-8bd7-11f1-9b18-005056b2a5de,bf17035d-f665-4179-9c4e-13065b8fbf26,c8220d45-8bd7-11f1-9b18-005056b2a5de,139,097330eb-f92d-4b88-95a8-1a83fd3d8065,
01__TDC__MAS__OLD__500,MASAN Trà Bupnon 365 Trà Ô Long Vị Đào 500ml,Trà Đóng Chai,Chai,293.0,4055000.0,0.0,0.0,0.0,0.0,0.0,0.0,0.0,0.0,0.0,0.0,0.0,0.0,24.0,336000.0,24.0,336000.0,01__TDC__MAS__OLD__500,MASAN Trà Bupnon 365 Trà Ô Long Vị Đào 500ml,,Hàng hóa,d47ea280-8bd7-11f1-9b18-005056b2a5de,121f2b65-eb5c-48f2-b5e4-85b22a600d60,c8220d45-8bd7-11f1-9b18-005056b2a5de,140,097330eb-f92d-4b88-95a8-1a83fd3d8065,
01__TDC__TEA__CHH__1500,PEPSICO Olong TEA+ Chanh Chai 1500ml,Trà Đóng Chai,Chai,4.0,112000.0,0.0,0.0,0.0,0.0,0.0,0.0,0.0,0.0,0.0,0.0,0.0,0.0,0.0,0.0,0.0,0.0,01__TDC__TEA__CHH__1500,PEPSICO Olong TEA+ Chanh Chai 1500ml,,Hàng hóa,d47ea311-8bd7-11f1-9b18-005056b2a5de,89731f88-6b6c-4919-8f0d-670c13d7d32a,c8220d45-8bd7-11f1-9b18-005056b2a5de,141,097330eb-f92d-4b88-95a8-1a83fd3d8065,
01__TDC__TEA__CHH__450,PEPSICO Olong TEA+ Chanh Chai 450ml,Trà Đóng Chai,Chai,281.0,3702000.0,0.0,0.0,0.0,0.0,0.0,0.0,0.0,0.0,0.0,0.0,0.0,0.0,48.0,672000.0,48.0,672000.0,01__TDC__TEA__CHH__450,PEPSICO Olong TEA+ Chanh Chai 450ml,,Hàng hóa,d47ea3a4-8bd7-11f1-9b18-005056b2a5de,9c0bc1a0-f764-4955-9373-96356d100bf6,c8220d45-8bd7-11f1-9b18-005056b2a5de,142,097330eb-f92d-4b88-95a8-1a83fd3d8065,
01__TDC__TEA__XAH__450,PEPSICO Olong TEA+ Trà Xanh Chai 450ml,Trà Đóng Chai,Chai,500.0,6639000.0,0.0,0.0,0.0,0.0,0.0,0.0,0.0,0.0,0.0,0.0,0.0,0.0,33.0,462000.0,33.0,462000.0,01__TDC__TEA__XAH__450,PEPSICO Olong TEA+ Trà Xanh Chai 450ml,,Hàng hóa,d47ea433-8bd7-11f1-9b18-005056b2a5de,841d02cb-5bfd-4fe6-8f6d-e63760b6e38b,c8220d45-8bd7-11f1-9b18-005056b2a5de,143,097330eb-f92d-4b88-95a8-1a83fd3d8065,
01__TDC__THT__CTN__350,TH True Tea Trà Xanh Vị Chanh Tự Nhiên 350ml,Trà Đóng Chai,Chai,154.0,2056000.0,0.0,0.0,0.0,0.0,0.0,0.0,0.0,0.0,0.0,0.0,0.0,0.0,116.0,1624000.0,116.0,1624000.0,01__TDC__THT__CTN__350,TH True Tea Trà Xanh Vị Chanh Tự Nhiên 350ml,,Hàng hóa,d47ea4c3-8bd7-11f1-9b18-005056b2a5de,8338409e-987f-4334-9380-0f237ce113a1,c8220d45-8bd7-11f1-9b18-005056b2a5de,144,097330eb-f92d-4b88-95a8-1a83fd3d8065,
01__TDC__THT__DAO__350,TH True Tea Trà Đào 350ml,Trà Đóng Chai,Chai,154.0,2231000.0,0.0,0.0,0.0,0.0,0.0,0.0,0.0,0.0,0.0,0.0,0.0,0.0,32.0,480000.0,32.0,480000.0,01__TDC__THT__DAO__350,TH True Tea Trà Đào 350ml,,Hàng hóa,d47ea6a1-8bd7-11f1-9b18-005056b2a5de,45de13be-447f-4a8f-87da-0dc7c4ee9068,c8220d45-8bd7-11f1-9b18-005056b2a5de,145,097330eb-f92d-4b88-95a8-1a83fd3d8065,
01__TDC__THT__OLO__350,TH True Tea Ô Long Tự Nhiên 350ml,Trà Đóng Chai,Chai,196.0,2745000.0,0.0,0.0,0.0,0.0,0.0,0.0,0.0,0.0,0.0,0.0,0.0,0.0,26.0,390000.0,26.0,390000.0,01__TDC__THT__OLO__350,TH True Tea Ô Long Tự Nhiên 350ml,,Hàng hóa,d47ea74d-8bd7-11f1-9b18-005056b2a5de,d03a89f4-f8ec-4da5-b3d3-565a147219bd,c8220d45-8bd7-11f1-9b18-005056b2a5de,146,097330eb-f92d-4b88-95a8-1a83fd3d8065,
01__TDC__THT__TAC__350,TH True Tea Trà Tắc 350ml,Trà Đóng Chai,Chai,110.0,1583000.0,0.0,0.0,0.0,0.0,0.0,0.0,0.0,0.0,0.0,0.0,0.0,0.0,25.0,375000.0,25.0,375000.0,01__TDC__THT__TAC__350,TH True Tea Trà Tắc 350ml,,Hàng hóa,d47ea7de-8bd7-11f1-9b18-005056b2a5de,b486018c-0622-4797-a1d6-20741b7f71e7,c8220d45-8bd7-11f1-9b18-005056b2a5de,147,097330eb-f92d-4b88-95a8-1a83fd3d8065,
01__TDC__THT__TOI__350,TH True Tea Trà Ổi 350ml,Trà Đóng Chai,Chai,195.0,2800000.0,0.0,0.0,0.0,0.0,0.0,0.0,0.0,0.0,0.0,0.0,0.0,0.0,21.0,315000.0,21.0,315000.0,01__TDC__THT__TOI__350,TH True Tea Trà Ổi 350ml,,Hàng hóa,d47ea873-8bd7-11f1-9b18-005056b2a5de,ca981f57-1dc8-4c9c-84c1-fa0e9dcd3a0c,c8220d45-8bd7-11f1-9b18-005056b2a5de,148,097330eb-f92d-4b88-95a8-1a83fd3d8065,
01__TDC__THT__VAI__350,TH True Tea Trà Vải 350ml,Trà Đóng Chai,Chai,208.0,3013000.0,0.0,0.0,0.0,0.0,0.0,0.0,0.0,0.0,0.0,0.0,0.0,0.0,24.0,360000.0,24.0,360000.0,01__TDC__THT__VAI__350,TH True Tea Trà Vải 350ml,,Hàng hóa,d47ea907-8bd7-11f1-9b18-005056b2a5de,ce265a50-6cc3-4f0e-a992-126cee727c7f,c8220d45-8bd7-11f1-9b18-005056b2a5de,149,097330eb-f92d-4b88-95a8-1a83fd3d8065,
01__TDC__WON__BDO__280,WONDERFARM Trà Bí Đao Chai 280ml,Trà Đóng Chai,Chai,275.0,2750000.0,0.0,0.0,0.0,0.0,0.0,0.0,0.0,0.0,0.0,0.0,0.0,0.0,53.0,530000.0,53.0,530000.0,01__TDC__WON__BDO__280,WONDERFARM Trà Bí Đao Chai 280ml,,Hàng hóa,d47ea995-8bd7-11f1-9b18-005056b2a5de,43f2d7b4-6dc5-4b0b-85db-55e7af872d01,c8220d45-8bd7-11f1-9b18-005056b2a5de,150,097330eb-f92d-4b88-95a8-1a83fd3d8065,
01__TDC__WON__BDO__440,WONDERFARM Trà Bí Đao Chai 440ml,Trà Đóng Chai,Chai,12.0,144000.0,0.0,0.0,0.0,0.0,0.0,0.0,0.0,0.0,0.0,0.0,0.0,0.0,0.0,0.0,0.0,0.0,01__TDC__WON__BDO__440,WONDERFARM Trà Bí Đao Chai 440ml,,Hàng hóa,d47eaa25-8bd7-11f1-9b18-005056b2a5de,80dd45ec-7833-4a7c-a976-4bad3be22612,c8220d45-8bd7-11f1-9b18-005056b2a5de,151,097330eb-f92d-4b88-95a8-1a83fd3d8065,
01__TDC__WON__CHH__345,WONDERFARM Trà Xanh Hương Chanh 345ml,Trà Đóng Chai,Chai,37.0,370000.0,0.0,0.0,0.0,0.0,0.0,0.0,0.0,0.0,0.0,0.0,0.0,0.0,0.0,0.0,0.0,0.0,01__TDC__WON__CHH__345,WONDERFARM Trà Xanh Hương Chanh 345ml,,Hàng hóa,d47eaab6-8bd7-11f1-9b18-005056b2a5de,50e81662-44d9-4ed8-b6b3-84acfd666688,c8220d45-8bd7-11f1-9b18-005056b2a5de,152,097330eb-f92d-4b88-95a8-1a83fd3d8065,
01__TDH__COZ__DAO__225,COZY Trà Đào Sả Hộp 225ml,Trà Đóng Hộp,Hộp,35.0,315000.0,0.0,0.0,0.0,0.0,0.0,0.0,0.0,0.0,0.0,0.0,0.0,0.0,0.0,0.0,0.0,0.0,01__TDH__COZ__DAO__225,COZY Trà Đào Sả Hộp 225ml,,Hàng hóa,d47eab4b-8bd7-11f1-9b18-005056b2a5de,4155f2aa-4c12-400b-8065-e51ab584f656,c8220d45-8bd7-11f1-9b18-005056b2a5de,153,097330eb-f92d-4b88-95a8-1a83fd3d8064,
01__TDL__WON__BDO__310,WONDERFARM Trà Bí Đao Lon 310ml,Trà Đóng Lon,Lon,388.0,4498000.0,0.0,0.0,0.0,0.0,0.0,0.0,0.0,0.0,0.0,0.0,0.0,0.0,58.0,696000.0,58.0,696000.0,01__TDL__WON__BDO__310,WONDERFARM Trà Bí Đao Lon 310ml,,Hàng hóa,d47eabdb-8bd7-11f1-9b18-005056b2a5de,3d08ad2f-ef7a-45e4-bb7f-61541accc609,c8220d45-8bd7-11f1-9b18-005056b2a5de,154,675a42b3-8acd-451e-b184-edaeaebec5b7,
01NLUREDTHA250,REDBULL Nước Tăng Lực Vàng Thailand 250ml,Nước Tăng Lực,Lon,24.0,480000.0,0.0,0.0,0.0,0.0,0.0,0.0,0.0,0.0,0.0,0.0,0.0,0.0,0.0,0.0,0.0,0.0,01NLUREDTHA250,REDBULL Nước Tăng Lực Vàng Thailand 250ml,,Hàng hóa,d47eac6c-8bd7-11f1-9b18-005056b2a5de,c86c7b4b-b5ad-4d41-885a-70b717468e7c,c8220d45-8bd7-11f1-9b18-005056b2a5de,155,675a42b3-8acd-451e-b184-edaeaebec5b7,
02__CGI__YDP__BDO__50,YẾN ĐẠI PHÁT Cháo Tổ Yến Trẻ Em Cá Hồi Bí Đỏ 50g,Cháo Gói,Gói,27.0,378000.0,0.0,0.0,0.0,0.0,0.0,0.0,0.0,0.0,0.0,0.0,0.0,0.0,2.0,28000.0,2.0,28000.0,02__CGI__YDP__BDO__50,YẾN ĐẠI PHÁT Cháo Tổ Yến Trẻ Em Cá Hồi Bí Đỏ 50g,,Hàng hóa,d47ead00-8bd7-11f1-9b18-005056b2a5de,7be49b9d-0c1d-471e-9d04-5d461868be0e,c8220d45-8bd7-11f1-9b18-005056b2a5de,156,097330eb-f92d-4b88-95a8-1a83fd3d8067,
02__CGI__YDP__DXH__50,YẾN ĐẠI PHÁT Cháo Sườn Non Yến Mạch Đậu Xanh Gói 50g,Cháo Gói,Gói,43.0,516000.0,0.0,0.0,0.0,0.0,0.0,0.0,0.0,0.0,0.0,0.0,0.0,0.0,43.0,516000.0,43.0,516000.0,02__CGI__YDP__DXH__50,YẾN ĐẠI PHÁT Cháo Sườn Non Yến Mạch Đậu Xanh Gói 50g,,Hàng hóa,d47ead96-8bd7-11f1-9b18-005056b2a5de,c3f186bb-1995-45a4-9679-734301b8295c,c8220d45-8bd7-11f1-9b18-005056b2a5de,157,097330eb-f92d-4b88-95a8-1a83fd3d8067,
02__CGI__YDP__YEN__50,YẾN ĐẠI PHÁT Cháo Tổ Yến Thịt Bằm 50g,Cháo Gói,Gói,64.0,774000.0,0.0,0.0,0.0,0.0,0.0,0.0,0.0,0.0,0.0,0.0,0.0,0.0,46.0,644000.0,46.0,644000.0,02__CGI__YDP__YEN__50,YẾN ĐẠI PHÁT Cháo Tổ Yến Thịt Bằm 50g,,Hàng hóa,d47eae28-8bd7-11f1-9b18-005056b2a5de,ad833c66-348c-4df1-b97c-f17a1154e70c,c8220d45-8bd7-11f1-9b18-005056b2a5de,158,097330eb-f92d-4b88-95a8-1a83fd3d8067,
02__DBV__CTR__BCH__500,CẦU TRE Bò Viên Ngon Bịch 500g,Đồ Đông Lạnh,Bịch,9.0,927000.0,0.0,0.0,0.0,0.0,0.0,0.0,0.0,0.0,0.0,0.0,0.0,0.0,2.0,206000.0,2.0,206000.0,02__DBV__CTR__BCH__500,CẦU TRE Bò Viên Ngon Bịch 500g,,Hàng hóa,d47eaebc-8bd7-11f1-9b18-005056b2a5de,a863bd58-8bf4-400e-9a51-45679d08cf4c,c8220d45-8bd7-11f1-9b18-005056b2a5de,159,097330eb-f92d-4b88-95a8-1a83fd3d8011,
02__DCG__CTR__BCH__500,CẦU TRE Chả Giò Bánh Tráng Thịt Bịch 500g,Đồ Đông Lạnh,Bịch,3.0,210000.0,0.0,0.0,0.0,0.0,0.0,0.0,0.0,0.0,0.0,0.0,0.0,0.0,5.0,350000.0,5.0,350000.0,02__DCG__CTR__BCH__500,CẦU TRE Chả Giò Bánh Tráng Thịt Bịch 500g,,Hàng hóa,d47eaf4e-8bd7-11f1-9b18-005056b2a5de,d8fa4db7-dfb7-4466-89e8-2f021f25e970,c8220d45-8bd7-11f1-9b18-005056b2a5de,160,097330eb-f92d-4b88-95a8-1a83fd3d8011,
02__DCG__CTR__TTH__400,CẦU TRE Chả Giò Da Xốp Tôm Thịt Bịch 400g,Đồ Đông Lạnh,Bịch,3.0,276000.0,0.0,0.0,0.0,0.0,0.0,0.0,0.0,0.0,0.0,0.0,0.0,0.0,2.0,184000.0,2.0,184000.0,02__DCG__CTR__TTH__400,CẦU TRE Chả Giò Da Xốp Tôm Thịt Bịch 400g,,Hàng hóa,d47eaff1-8bd7-11f1-9b18-005056b2a5de,39af18c8-497b-457b-851f-68b9c7f3cb7a,c8220d45-8bd7-11f1-9b18-005056b2a5de,161,097330eb-f92d-4b88-95a8-1a83fd3d8011,
02__DCV__CTR__BCH__500,CẦU TRE Cá Viên Ngon Bịch 500g,Đồ Đông Lạnh,Bịch,4.0,256000.0,0.0,0.0,0.0,0.0,0.0,0.0,0.0,0.0,0.0,0.0,0.0,0.0,4.0,256000.0,4.0,256000.0,02__DCV__CTR__BCH__500,CẦU TRE Cá Viên Ngon Bịch 500g,,Hàng hóa,d47eb131-8bd7-11f1-9b18-005056b2a5de,bd3b0309-2aac-44fd-85fc-9b428728e726,c8220d45-8bd7-11f1-9b18-005056b2a5de,162,097330eb-f92d-4b88-95a8-1a83fd3d8011,
02__DHC__CTR__THI__500,CẦU TRE Há Cảo Thịt Bịch 500g,Đồ Đông Lạnh,Bịch,6.0,420000.0,0.0,0.0,0.0,0.0,0.0,0.0,0.0,0.0,0.0,0.0,0.0,0.0,3.0,210000.0,3.0,210000.0,02__DHC__CTR__THI__500,CẦU TRE Há Cảo Thịt Bịch 500g,,Hàng hóa,d47eb1c6-8bd7-11f1-9b18-005056b2a5de,e85a6d05-f6da-4c36-bdf8-54a9c0adb181,c8220d45-8bd7-11f1-9b18-005056b2a5de,163,097330eb-f92d-4b88-95a8-1a83fd3d8011,
02__DMD__BIB__BCH__250,BIBIGO Mandu Hải Sản Bịch 250g,Đồ Đông Lạnh,Bịch,5.0,230000.0,0.0,0.0,0.0,0.0,0.0,0.0,0.0,0.0,0.0,0.0,0.0,0.0,0.0,0.0,0.0,0.0,02__DMD__BIB__BCH__250,BIBIGO Mandu Hải Sản Bịch 250g,,Hàng hóa,d47eb25a-8bd7-11f1-9b18-005056b2a5de,cedb1ce4-4b42-4083-8f93-96e94894b219,c8220d45-8bd7-11f1-9b18-005056b2a5de,164,097330eb-f92d-4b88-95a8-1a83fd3d8011,
02__DXM__CTR__THI__500,CẦU TRE Xíu Mại Thịt Bịch 500g,Đồ Đông Lạnh,Bịch,1.0,95000.0,0.0,0.0,0.0,0.0,0.0,0.0,0.0,0.0,0.0,0.0,0.0,0.0,1.0,95000.0,1.0,95000.0,02__DXM__CTR__THI__500,CẦU TRE Xíu Mại Thịt Bịch 500g,,Hàng hóa,d47eb2ec-8bd7-11f1-9b18-005056b2a5de,2144a4d4-9805-49ee-aef3-75e8168d0f92,c8220d45-8bd7-11f1-9b18-005056b2a5de,165,097330eb-f92d-4b88-95a8-1a83fd3d8011,
02__DXX__CTR__BCH__500,CẦU TRE Xúc Xích Khỏe Bịch 500g,Đồ Đông Lạnh,Bịch,5.0,375000.0,0.0,0.0,0.0,0.0,0.0,0.0,0.0,0.0,0.0,0.0,0.0,0.0,2.0,150000.0,2.0,150000.0,02__DXX__CTR__BCH__500,CẦU TRE Xúc Xích Khỏe Bịch 500g,,Hàng hóa,d47eb382-8bd7-11f1-9b18-005056b2a5de,9cb71a01-fdbd-4d29-8a37-3062b228e0f0,c8220d45-8bd7-11f1-9b18-005056b2a5de,166,097330eb-f92d-4b88-95a8-1a83fd3d8011,
02__HCA__DWN__CAY__150,DONGWON Cá Ngừ Vị Ớt Hộp 150g,Cá Hộp,Hộp,3.0,192000.0,0.0,0.0,0.0,0.0,0.0,0.0,0.0,0.0,0.0,0.0,0.0,0.0,2.0,128000.0,2.0,128000.0,02__HCA__DWN__CAY__150,DONGWON Cá Ngừ Vị Ớt Hộp 150g,,Hàng hóa,d47eb416-8bd7-11f1-9b18-005056b2a5de,26a183cc-3302-47a5-971a-10cc6e92ee4f,c8220d45-8bd7-11f1-9b18-005056b2a5de,167,097330eb-f92d-4b88-95a8-1a83fd3d8064,
02__HCA__DWN__CNU__150,DONGWON Cá Ngừ Trắng Hộp 150g,Cá Hộp,Hộp,2.0,128000.0,0.0,0.0,0.0,0.0,0.0,0.0,0.0,0.0,0.0,0.0,0.0,0.0,4.0,256000.0,4.0,256000.0,02__HCA__DWN__CNU__150,DONGWON Cá Ngừ Trắng Hộp 150g,,Hàng hóa,d47eb4a9-8bd7-11f1-9b18-005056b2a5de,9a620ea6-a220-40e0-8553-86225bf45c95,c8220d45-8bd7-11f1-9b18-005056b2a5de,168,097330eb-f92d-4b88-95a8-1a83fd3d8064,
02__HCA__VIS__XCA__150,VISSAN Mai Vàng Cá Hộp Xốt Cà 150g,Cá Hộp,Hộp,19.0,368000.0,0.0,0.0,0.0,0.0,0.0,0.0,0.0,0.0,0.0,0.0,0.0,0.0,6.0,120000.0,6.0,120000.0,02__HCA__VIS__XCA__150,VISSAN Mai Vàng Cá Hộp Xốt Cà 150g,,Hàng hóa,d47eb53c-8bd7-11f1-9b18-005056b2a5de,ba995aed-9ada-4f45-af64-2218b35a0b93,c8220d45-8bd7-11f1-9b18-005056b2a5de,169,097330eb-f92d-4b88-95a8-1a83fd3d8064,
02__HGI__CSU__HSN__77,CHINSU Story Hủ Tiếu Mỹ Tho Hải Sản Gói 77g,Hủ Tiếu Gói,Gói,22.0,304000.0,0.0,0.0,0.0,0.0,0.0,0.0,0.0,0.0,0.0,0.0,0.0,0.0,4.0,56000.0,4.0,56000.0,02__HGI__CSU__HSN__77,CHINSU Story Hủ Tiếu Mỹ Tho Hải Sản Gói 77g,,Hàng hóa,d47eb5ce-8bd7-11f1-9b18-005056b2a5de,06d1aa5f-76b5-4141-9d7a-be2127fe9d8b,c8220d45-8bd7-11f1-9b18-005056b2a5de,170,097330eb-f92d-4b88-95a8-1a83fd3d8067,
02__HGI__NSN__BKO__75,ACECOOK Nhịp Sống Hủ Tiếu Bò Kho Gói 75g,Hủ Tiếu Gói,Gói,51.0,680000.0,0.0,0.0,0.0,0.0,0.0,0.0,0.0,0.0,0.0,0.0,0.0,0.0,0.0,0.0,0.0,0.0,02__HGI__NSN__BKO__75,ACECOOK Nhịp Sống Hủ Tiếu Bò Kho Gói 75g,,Hàng hóa,d47eb660-8bd7-11f1-9b18-005056b2a5de,a2f62243-01f0-4c01-8db2-78bc63645088,c8220d45-8bd7-11f1-9b18-005056b2a5de,171,097330eb-f92d-4b88-95a8-1a83fd3d8067,
02__HGI__NSN__HEO__70,ACECOOK Nhịp Sống Hủ Tiếu Sườn Heo Gói 70g,Hủ Tiếu Gói,Gói,60.0,829000.0,0.0,0.0,0.0,0.0,0.0,0.0,0.0,0.0,0.0,0.0,0.0,0.0,5.0,70000.0,5.0,70000.0,02__HGI__NSN__HEO__70,ACECOOK Nhịp Sống Hủ Tiếu Sườn Heo Gói 70g,,Hàng hóa,d47eb6f0-8bd7-11f1-9b18-005056b2a5de,a490488e-5336-4be9-adb9-553d130c8d5b,c8220d45-8bd7-11f1-9b18-005056b2a5de,172,097330eb-f92d-4b88-95a8-1a83fd3d8067,
02__HGI__NSN__NVG__71,ACECOOK Hủ Tiếu Nam Vang Gói 71g,Hủ Tiếu Gói,Gói,25.0,329000.0,0.0,0.0,0.0,0.0,0.0,0.0,0.0,0.0,0.0,0.0,0.0,0.0,3.0,42000.0,3.0,42000.0,02__HGI__NSN__NVG__71,ACECOOK Hủ Tiếu Nam Vang Gói 71g,,Hàng hóa,d47eb786-8bd7-11f1-9b18-005056b2a5de,f11cae50-fc24-4a35-af30-e82f409bfe86,c8220d45-8bd7-11f1-9b18-005056b2a5de,173,097330eb-f92d-4b88-95a8-1a83fd3d8067,
02__HOB__VIS__2LT__170,VISSAN Bò 2 Lát Hộp 170g,Bò Hộp,Hộp,9.0,396000.0,0.0,0.0,0.0,0.0,0.0,0.0,0.0,0.0,0.0,0.0,0.0,0.0,0.0,0.0,0.0,0.0,02__HOB__VIS__2LT__170,VISSAN Bò 2 Lát Hộp 170g,,Hàng hóa,d47eb818-8bd7-11f1-9b18-005056b2a5de,4b68eb2e-e3b8-4e68-a309-a79a5010ca93,c8220d45-8bd7-11f1-9b18-005056b2a5de,174,097330eb-f92d-4b88-95a8-1a83fd3d8064,
02__HOP__VIS__GAN__170,VISSAN Pate Gan Heo Hộp 170g,Pate Hộp,Hộp,7.0,282000.0,0.0,0.0,0.0,0.0,0.0,0.0,0.0,0.0,0.0,0.0,0.0,0.0,5.0,210000.0,5.0,210000.0,02__HOP__VIS__GAN__170,VISSAN Pate Gan Heo Hộp 170g,,Hàng hóa,d47eb8aa-8bd7-11f1-9b18-005056b2a5de,d75e0f36-3a9e-470b-b441-e953066a51cb,c8220d45-8bd7-11f1-9b18-005056b2a5de,175,097330eb-f92d-4b88-95a8-1a83fd3d8064,
02__HOP__VIS__HEO__170,VISSAN Pate Thịt Heo Hộp 170g,Pate Hộp,Hộp,20.0,760000.0,0.0,0.0,0.0,0.0,0.0,0.0,0.0,0.0,0.0,0.0,0.0,0.0,18.0,684000.0,18.0,684000.0,02__HOP__VIS__HEO__170,VISSAN Pate Thịt Heo Hộp 170g,,Hàng hóa,d47eb94d-8bd7-11f1-9b18-005056b2a5de,0aa32b88-edd9-4672-9428-cdcb6498e400,c8220d45-8bd7-11f1-9b18-005056b2a5de,176,097330eb-f92d-4b88-95a8-1a83fd3d8064,
02__HOX__VIS__XCA__150,VISSAN Xíu Mại Xốt Cà Hộp 150g,Xíu Mại Hộp,Hộp,11.0,375000.0,0.0,0.0,0.0,0.0,0.0,0.0,0.0,0.0,0.0,0.0,0.0,0.0,0.0,0.0,0.0,0.0,02__HOX__VIS__XCA__150,VISSAN Xíu Mại Xốt Cà Hộp 150g,,Hàng hóa,d47eb9e3-8bd7-11f1-9b18-005056b2a5de,916afeae-f102-4120-9a39-308414539b05,c8220d45-8bd7-11f1-9b18-005056b2a5de,177,097330eb-f92d-4b88-95a8-1a83fd3d8064,
02__KBT__MEI__BCH__1621,MEIZAN Bánh Tráng 16x21cm,Đồ Khô,Bịch,15.0,240000.0,0.0,0.0,0.0,0.0,0.0,0.0,0.0,0.0,0.0,0.0,0.0,0.0,0.0,0.0,0.0,0.0,02__KBT__MEI__BCH__1621,MEIZAN Bánh Tráng 16x21cm,,Hàng hóa,d47eba88-8bd7-11f1-9b18-005056b2a5de,18e3d587-1cbd-49c9-a83f-ffec6a3b2f75,c8220d45-8bd7-11f1-9b18-005056b2a5de,178,097330eb-f92d-4b88-95a8-1a83fd3d8011,
02__KMI__MEI__CHY__250,MEIZAN Mì Chay Cao Cấp 250g,Đồ Khô Mì,Bịch,1.0,13000.0,0.0,0.0,0.0,0.0,0.0,0.0,0.0,0.0,0.0,0.0,0.0,0.0,11.0,143000.0,11.0,143000.0,02__KMI__MEI__CHY__250,MEIZAN Mì Chay Cao Cấp 250g,,Hàng hóa,d47ebb19-8bd7-11f1-9b18-005056b2a5de,3a252901-06a9-47de-87cf-500226c94ef2,c8220d45-8bd7-11f1-9b18-005056b2a5de,179,097330eb-f92d-4b88-95a8-1a83fd3d8011,
02__KMI__MEI__TRG__250,MEIZAN Mì Trứng Cao Cấp 250g,Đồ Khô Mì,Bịch,9.0,198000.0,0.0,0.0,0.0,0.0,0.0,0.0,0.0,0.0,0.0,0.0,0.0,0.0,14.0,308000.0,14.0,308000.0,02__KMI__MEI__TRG__250,MEIZAN Mì Trứng Cao Cấp 250g,,Hàng hóa,d47ebbaa-8bd7-11f1-9b18-005056b2a5de,2475f176-dbfd-4dd9-9e80-1e9556968193,c8220d45-8bd7-11f1-9b18-005056b2a5de,180,097330eb-f92d-4b88-95a8-1a83fd3d8011,
02__KNI__MEI__DAI__200,MEIZAN Nui Cao Cấp Ống Dài 200g,Đồ Khô Nui,Bịch,6.0,96000.0,0.0,0.0,0.0,0.0,0.0,0.0,0.0,0.0,0.0,0.0,0.0,0.0,18.0,288000.0,18.0,288000.0,02__KNI__MEI__DAI__200,MEIZAN Nui Cao Cấp Ống Dài 200g,,Hàng hóa,d47ebc3c-8bd7-11f1-9b18-005056b2a5de,ef164e08-ef3c-4dd2-8902-6abf5322ec70,c8220d45-8bd7-11f1-9b18-005056b2a5de,181,097330eb-f92d-4b88-95a8-1a83fd3d8011,
02__KNI__MEI__GAO__200,MEIZAN Nui Gạo Cao Cấp Chữ C 200g,Đồ Khô Nui,Bịch,4.0,64000.0,0.0,0.0,0.0,0.0,0.0,0.0,0.0,0.0,0.0,0.0,0.0,0.0,20.0,320000.0,20.0,320000.0,02__KNI__MEI__GAO__200,MEIZAN Nui Gạo Cao Cấp Chữ C 200g,,Hàng hóa,d47ebccd-8bd7-11f1-9b18-005056b2a5de,5a286f25-a3c3-4f4f-9e8c-fb48851bbd11,c8220d45-8bd7-11f1-9b18-005056b2a5de,182,097330eb-f92d-4b88-95a8-1a83fd3d8011,
02__KNI__MEI__RAU__200,MEIZAN Nui Rau Củ Cao Cấp Chữ C 200g,Đồ Khô Nui,Bịch,6.0,96000.0,0.0,0.0,0.0,0.0,0.0,0.0,0.0,0.0,0.0,0.0,0.0,0.0,18.0,288000.0,18.0,288000.0,02__KNI__MEI__RAU__200,MEIZAN Nui Rau Củ Cao Cấp Chữ C 200g,,Hàng hóa,d47ebd5f-8bd7-11f1-9b18-005056b2a5de,292a95de-d331-48b5-8a5c-f04755017d74,c8220d45-8bd7-11f1-9b18-005056b2a5de,183,097330eb-f92d-4b88-95a8-1a83fd3d8011,
02__LTS__HAI__CCX__282,HAIDILAO Lẩu Tự Sôi Cà Chua Xương Hầm 282g,Lẩu Tự Sôi,Hộp,5.0,529000.0,0.0,0.0,0.0,0.0,0.0,0.0,0.0,0.0,0.0,0.0,0.0,0.0,0.0,0.0,0.0,0.0,02__LTS__HAI__CCX__282,HAIDILAO Lẩu Tự Sôi Cà Chua Xương Hầm 282g,,Hàng hóa,d47ebdf3-8bd7-11f1-9b18-005056b2a5de,27c56c71-93f7-44ad-90fe-4a2a8a4fe0d2,c8220d45-8bd7-11f1-9b18-005056b2a5de,184,097330eb-f92d-4b88-95a8-1a83fd3d8064,
02__LTS__OMA__CUA__300,OMACHI Lẩu Tự Sôi Bắp Bò Riêu Cua 300g,Lẩu Tự Sôi,Tô,15.0,1950000.0,0.0,0.0,0.0,0.0,0.0,0.0,0.0,0.0,0.0,0.0,0.0,0.0,0.0,0.0,0.0,0.0,02__LTS__OMA__CUA__300,OMACHI Lẩu Tự Sôi Bắp Bò Riêu Cua 300g,,Hàng hóa,d47ebe87-8bd7-11f1-9b18-005056b2a5de,1883b1b4-54e8-4a44-8c62-42320a38a140,c8220d45-8bd7-11f1-9b18-005056b2a5de,185,b6482b1f-e8c5-4921-ad59-6b055022c7e2,
02__MGO__ACE__GPM__131,ACECOOK SiuKay Gà Xốt Phô Mai Gói 131g,Mì Gói,Gói,200.0,4008000.0,0.0,0.0,0.0,0.0,0.0,0.0,1.0,20000.0,0.0,0.0,0.0,0.0,10.0,240000.0,10.0,240000.0,02__MGO__ACE__GPM__131,ACECOOK SiuKay Gà Xốt Phô Mai Gói 131g,,Hàng hóa,d47ebf19-8bd7-11f1-9b18-005056b2a5de,e8197731-6182-47d9-a64e-abeccac7eb91,c8220d45-8bd7-11f1-9b18-005056b2a5de,186,097330eb-f92d-4b88-95a8-1a83fd3d8067,
02__MGO__ACE__LTT__81,ACECOOK Mì Lẩu Thái Tôm Gói 81g,Mì Gói,Gói,56.0,625000.0,0.0,0.0,0.0,0.0,0.0,0.0,0.0,0.0,0.0,0.0,0.0,0.0,42.0,504000.0,42.0,504000.0,02__MGO__ACE__LTT__81,ACECOOK Mì Lẩu Thái Tôm Gói 81g,,Hàng hóa,d47ebfaa-8bd7-11f1-9b18-005056b2a5de,e03347be-661a-499c-8b67-1501de184708,c8220d45-8bd7-11f1-9b18-005056b2a5de,187,097330eb-f92d-4b88-95a8-1a83fd3d8067,
02__MGO__DNT__TBM__83,ACECOOK Đệ Nhất Mì Gia Vị Thịt Bằm Gói 83g,Mì Gói,Gói,76.0,880000.0,0.0,0.0,0.0,0.0,0.0,0.0,0.0,0.0,0.0,0.0,0.0,0.0,12.0,144000.0,12.0,144000.0,02__MGO__DNT__TBM__83,ACECOOK Đệ Nhất Mì Gia Vị Thịt Bằm Gói 83g,,Hàng hóa,d47ec03b-8bd7-11f1-9b18-005056b2a5de,bce765ca-0390-4f70-a186-7c783fcea76a,c8220d45-8bd7-11f1-9b18-005056b2a5de,188,097330eb-f92d-4b88-95a8-1a83fd3d8067,
02__MGO__HAO__BST__88,ACECOOK HẢO HẢO Premium Mì Trộn Bò Sa tế Gói 88g,Mì Gói,Gói,0.0,0.0,0.0,0.0,0.0,0.0,0.0,0.0,0.0,0.0,0.0,0.0,0.0,0.0,0.0,0.0,0.0,0.0,02__MGO__HAO__BST__88,ACECOOK HẢO HẢO Premium Mì Trộn Bò Sa tế Gói 88g,,Hàng hóa,d47ec0ce-8bd7-11f1-9b18-005056b2a5de,6377f419-6201-4026-a00c-8aea0cc80b53,c8220d45-8bd7-11f1-9b18-005056b2a5de,189,097330eb-f92d-4b88-95a8-1a83fd3d8067,
02__MGO__HAO__CAY__75,ACECOOK HẢO HẢO Mì Tôm Chua Cay Gói 75g,Mì Gói,Gói,414.0,2484000.0,0.0,0.0,0.0,0.0,0.0,0.0,2.0,12000.0,0.0,0.0,0.0,0.0,27.0,162000.0,27.0,162000.0,02__MGO__HAO__CAY__75,ACECOOK HẢO HẢO Mì Tôm Chua Cay Gói 75g,,Hàng hóa,d47ec161-8bd7-11f1-9b18-005056b2a5de,0d72dbc9-99f3-4c92-a057-cc611a7a554b,c8220d45-8bd7-11f1-9b18-005056b2a5de,190,097330eb-f92d-4b88-95a8-1a83fd3d8067,
02__MGO__HAO__GVG__74,ACECOOK HẢO HẢO Mì Gà Vàng Gói 74g,Mì Gói,Gói,46.0,276000.0,0.0,0.0,0.0,0.0,0.0,0.0,0.0,0.0,0.0,0.0,0.0,0.0,12.0,72000.0,12.0,72000.0,02__MGO__HAO__GVG__74,ACECOOK HẢO HẢO Mì Gà Vàng Gói 74g,,Hàng hóa,d47ec283-8bd7-11f1-9b18-005056b2a5de,9516d258-a699-4e04-9dc2-1655e595267e,c8220d45-8bd7-11f1-9b18-005056b2a5de,191,097330eb-f92d-4b88-95a8-1a83fd3d8067,
02__MGO__HAO__TCC__88,ACECOOK HẢO HẢO Premium Mì Tôm Chua Cay Gói 88g,Mì Gói,Gói,0.0,0.0,0.0,0.0,0.0,0.0,0.0,0.0,0.0,0.0,0.0,0.0,0.0,0.0,0.0,0.0,0.0,0.0,02__MGO__HAO__TCC__88,ACECOOK HẢO HẢO Premium Mì Tôm Chua Cay Gói 88g,,Hàng hóa,d47ec324-8bd7-11f1-9b18-005056b2a5de,91646d2d-285f-4754-9160-52d2d24cf3a5,c8220d45-8bd7-11f1-9b18-005056b2a5de,192,097330eb-f92d-4b88-95a8-1a83fd3d8067,
02__MGO__HAO__XTC__75,ACECOOK HẢO HẢO Mì Xào Tôm Chua Ngọt Gói 75g,Mì Gói,Gói,82.0,492000.0,0.0,0.0,0.0,0.0,0.0,0.0,0.0,0.0,0.0,0.0,0.0,0.0,-18.0,-108000.0,-18.0,-108000.0,02__MGO__HAO__XTC__75,ACECOOK HẢO HẢO Mì Xào Tôm Chua Ngọt Gói 75g,,Hàng hóa,d47ec3bc-8bd7-11f1-9b18-005056b2a5de,054f1664-f4ed-4883-a82e-27374588d561,c8220d45-8bd7-11f1-9b18-005056b2a5de,193,097330eb-f92d-4b88-95a8-1a83fd3d8067,
02__MGO__IND__KBC__91,INDOMIE Mì Xào Khô Bò Cay Goreng Gói 91g,Mì Gói,Gói,107.0,908000.0,0.0,0.0,0.0,0.0,0.0,0.0,0.0,0.0,0.0,0.0,0.0,0.0,14.0,140000.0,14.0,140000.0,02__MGO__IND__KBC__91,INDOMIE Mì Xào Khô Bò Cay Goreng Gói 91g,,Hàng hóa,d47ec450-8bd7-11f1-9b18-005056b2a5de,6ed6ab78-3809-4fee-86c5-70e1903aed76,c8220d45-8bd7-11f1-9b18-005056b2a5de,194,097330eb-f92d-4b88-95a8-1a83fd3d8067,
02__MGO__IND__KCN__79,INDOMIE Mì Xào Khô Cay Nồng Goreng Gói 79g,Mì Gói,Gói,80.0,640000.0,0.0,0.0,0.0,0.0,0.0,0.0,0.0,0.0,0.0,0.0,0.0,0.0,0.0,0.0,0.0,0.0,02__MGO__IND__KCN__79,INDOMIE Mì Xào Khô Cay Nồng Goreng Gói 79g,,Hàng hóa,d47ec4e2-8bd7-11f1-9b18-005056b2a5de,50fc8084-3134-409a-8fed-6020bf26c262,c8220d45-8bd7-11f1-9b18-005056b2a5de,195,097330eb-f92d-4b88-95a8-1a83fd3d8067,
02__MGO__IND__KDB__85,INDOMIE Mì Xào Khô Đặc Biệt Gói 85g,Mì Gói,Gói,203.0,2170000.0,0.0,0.0,0.0,0.0,0.0,0.0,0.0,0.0,0.0,0.0,0.0,0.0,-6.0,-72000.0,-6.0,-72000.0,02__MGO__IND__KDB__85,INDOMIE Mì Xào Khô Đặc Biệt Gói 85g,,Hàng hóa,d47ec573-8bd7-11f1-9b18-005056b2a5de,70ece99d-595b-466b-9c69-c87e90489b94,c8220d45-8bd7-11f1-9b18-005056b2a5de,196,097330eb-f92d-4b88-95a8-1a83fd3d8067,
02__MGO__IND__KSU__80,INDOMIE Mì Xào Khô Vị Sườn Gói 80g,Mì Gói,Gói,209.0,2308000.0,0.0,0.0,0.0,0.0,0.0,0.0,0.0,0.0,0.0,0.0,0.0,0.0,-7.0,-84000.0,-7.0,-84000.0,02__MGO__IND__KSU__80,INDOMIE Mì Xào Khô Vị Sườn Gói 80g,,Hàng hóa,d47ec60e-8bd7-11f1-9b18-005056b2a5de,935c5d3a-604d-4568-b005-0d5415f2e7fc,c8220d45-8bd7-11f1-9b18-005056b2a5de,197,097330eb-f92d-4b88-95a8-1a83fd3d8067,
02__MGO__JIN__CAY__120,OTOKI MÌ Gói JIN Cay 120g,Mì Gói,Gói,17.0,340000.0,0.0,0.0,0.0,0.0,0.0,0.0,0.0,0.0,0.0,0.0,0.0,0.0,22.0,440000.0,22.0,440000.0,02__MGO__JIN__CAY__120,OTOKI MÌ Gói JIN Cay 120g,,Hàng hóa,d47ec6a0-8bd7-11f1-9b18-005056b2a5de,8c2838f8-c2d6-4d65-8471-fd082c5604e9,c8220d45-8bd7-11f1-9b18-005056b2a5de,198,097330eb-f92d-4b88-95a8-1a83fd3d8067,
02__MGO__KOK__BXC__95,KOKOMI 90 Mì Xào Vị Bò Xốt Cà Gói 95g*30,Mì Gói,Gói,59.0,472000.0,0.0,0.0,0.0,0.0,0.0,0.0,0.0,0.0,0.0,0.0,0.0,0.0,1.0,8000.0,1.0,8000.0,02__MGO__KOK__BXC__95,KOKOMI 90 Mì Xào Vị Bò Xốt Cà Gói 95g*30,,Hàng hóa,d47ec730-8bd7-11f1-9b18-005056b2a5de,7d3fe9e3-cc2f-451d-bf24-6571644c1dd7,c8220d45-8bd7-11f1-9b18-005056b2a5de,199,097330eb-f92d-4b88-95a8-1a83fd3d8067,
02__MGO__KOK__CAY__65,KOKOMI Mì Gói Tôm Chua Cay 65g*30,Mì Gói,Gói,61.0,351000.0,0.0,0.0,0.0,0.0,0.0,0.0,0.0,0.0,0.0,0.0,0.0,0.0,0.0,0.0,0.0,0.0,02__MGO__KOK__CAY__65,KOKOMI Mì Gói Tôm Chua Cay 65g*30,,Hàng hóa,d47ec7c3-8bd7-11f1-9b18-005056b2a5de,8c422147-a625-4cd8-a4e6-48e675d16584,c8220d45-8bd7-11f1-9b18-005056b2a5de,200,097330eb-f92d-4b88-95a8-1a83fd3d8067,
02__MGO__KOK__CAY__90,KOKOMI 90 Mì Gói Tôm Chua Cay 90g*30,Mì Gói,Gói,192.0,1452000.0,0.0,0.0,0.0,0.0,0.0,0.0,0.0,0.0,0.0,0.0,0.0,0.0,-25.0,-200000.0,-25.0,-200000.0,02__MGO__KOK__CAY__90,KOKOMI 90 Mì Gói Tôm Chua Cay 90g*30,,Hàng hóa,d47ec853-8bd7-11f1-9b18-005056b2a5de,33b73798-4b86-4904-84df-1ee6df19c68b,c8220d45-8bd7-11f1-9b18-005056b2a5de,201,097330eb-f92d-4b88-95a8-1a83fd3d8067,
02__MGO__KOK__SCY__90,KOKOMI 90 Mì Gói Sườn Hành Phi 90g*30,Mì Gói,Gói,32.0,218000.0,0.0,0.0,0.0,0.0,0.0,0.0,0.0,0.0,0.0,0.0,0.0,0.0,25.0,200000.0,25.0,200000.0,02__MGO__KOK__SCY__90,KOKOMI 90 Mì Gói Sườn Hành Phi 90g*30,,Hàng hóa,d47ec8e2-8bd7-11f1-9b18-005056b2a5de,838b0d43-b8b5-4c0b-a881-759d25c5291f,c8220d45-8bd7-11f1-9b18-005056b2a5de,202,097330eb-f92d-4b88-95a8-1a83fd3d8067,
02__MGO__KOK__XHS__95,KOKOMI 90 Mì Gói Vị Hải Sản Cay Tê 90g*30,Mì Gói,Gói,232.0,1756000.0,0.0,0.0,0.0,0.0,0.0,0.0,0.0,0.0,0.0,0.0,0.0,0.0,24.0,192000.0,24.0,192000.0,02__MGO__KOK__XHS__95,KOKOMI 90 Mì Gói Vị Hải Sản Cay Tê 90g*30,,Hàng hóa,d47ed0c0-8bd7-11f1-9b18-005056b2a5de,a8d22de2-a1c0-4efd-b293-96ff822796ff,c8220d45-8bd7-11f1-9b18-005056b2a5de,203,097330eb-f92d-4b88-95a8-1a83fd3d8067,
02__MGO__MLK__STE__65,MILIKET Mì Gói Sa Tế 65g,Mì Gói,Gói,29.0,145000.0,0.0,0.0,0.0,0.0,0.0,0.0,0.0,0.0,0.0,0.0,0.0,0.0,24.0,120000.0,24.0,120000.0,02__MGO__MLK__STE__65,MILIKET Mì Gói Sa Tế 65g,,Hàng hóa,d47ed16d-8bd7-11f1-9b18-005056b2a5de,1d215449-e3ab-427d-8896-3285a97508b1,c8220d45-8bd7-11f1-9b18-005056b2a5de,204,097330eb-f92d-4b88-95a8-1a83fd3d8067,
02__MGO__MLK__TTG__60,MILIKET Mì Gói Truyền Thống 60g,Mì Gói,Gói,75.0,361000.0,0.0,0.0,0.0,0.0,0.0,0.0,0.0,0.0,0.0,0.0,0.0,0.0,15.0,75000.0,15.0,75000.0,02__MGO__MLK__TTG__60,MILIKET Mì Gói Truyền Thống 60g,,Hàng hóa,d47ed201-8bd7-11f1-9b18-005056b2a5de,1976bd27-6161-48da-a524-b05fa935bbac,c8220d45-8bd7-11f1-9b18-005056b2a5de,205,097330eb-f92d-4b88-95a8-1a83fd3d8067,
02__MGO__OMA__BOO__81,OMACHI Mì Gói Xốt Bò Hầm 81g*30,Mì Gói,Gói,38.0,454000.0,0.0,0.0,0.0,0.0,0.0,0.0,0.0,0.0,0.0,0.0,0.0,0.0,45.0,585000.0,45.0,585000.0,02__MGO__OMA__BOO__81,OMACHI Mì Gói Xốt Bò Hầm 81g*30,,Hàng hóa,d47ed293-8bd7-11f1-9b18-005056b2a5de,c41f32ce-b709-46e0-af11-1a62cb421f17,c8220d45-8bd7-11f1-9b18-005056b2a5de,206,097330eb-f92d-4b88-95a8-1a83fd3d8067,
02__MGO__OMA__LTC__80,OMACHI Mì Gói Lẩu Tôm Càng 80g*30,Mì Gói,Gói,81.0,1021000.0,0.0,0.0,0.0,0.0,0.0,0.0,2.0,26000.0,0.0,0.0,0.0,0.0,1.0,13000.0,1.0,13000.0,02__MGO__OMA__LTC__80,OMACHI Mì Gói Lẩu Tôm Càng 80g*30,,Hàng hóa,d47ed325-8bd7-11f1-9b18-005056b2a5de,99372fb2-7696-42c1-b0f0-195ec9ee47ab,c8220d45-8bd7-11f1-9b18-005056b2a5de,207,097330eb-f92d-4b88-95a8-1a83fd3d8067,
02__MGO__OMA__S5Q__80,OMACHI Mì Gói Sườn Hầm Ngũ Quả 80g*30,Mì Gói,Gói,11.0,124000.0,0.0,0.0,0.0,0.0,0.0,0.0,0.0,0.0,0.0,0.0,0.0,0.0,0.0,0.0,0.0,0.0,02__MGO__OMA__S5Q__80,OMACHI Mì Gói Sườn Hầm Ngũ Quả 80g*30,,Hàng hóa,d47ed4ec-8bd7-11f1-9b18-005056b2a5de,3a500254-37ec-454a-aad3-d0b03dd7b554,c8220d45-8bd7-11f1-9b18-005056b2a5de,208,097330eb-f92d-4b88-95a8-1a83fd3d8067,
02__MGO__OMA__XOT__126,OMACHI Mì Gói Cua Xốt Ớt 126g*24,Mì Gói,Gói,231.0,4622000.0,0.0,0.0,0.0,0.0,0.0,0.0,0.0,0.0,0.0,0.0,0.0,0.0,29.0,609000.0,29.0,609000.0,02__MGO__OMA__XOT__126,OMACHI Mì Gói Cua Xốt Ớt 126g*24,,Hàng hóa,d47ed591-8bd7-11f1-9b18-005056b2a5de,1afb18d6-5f6e-4698-9a29-e930b8c10f7f,c8220d45-8bd7-11f1-9b18-005056b2a5de,209,097330eb-f92d-4b88-95a8-1a83fd3d8067,
02__MGO__SAM__DEN__140,SAMYANG Mì Gói Khô Gà Cay Đen 140g,Mì Gói,Gói,118.0,4012000.0,0.0,0.0,0.0,0.0,0.0,0.0,0.0,0.0,0.0,0.0,0.0,0.0,1.0,34000.0,1.0,34000.0,02__MGO__SAM__DEN__140,SAMYANG Mì Gói Khô Gà Cay Đen 140g,,Hàng hóa,d47ed623-8bd7-11f1-9b18-005056b2a5de,8ec11f84-62db-4f21-b307-44355ecde97f,c8220d45-8bd7-11f1-9b18-005056b2a5de,210,097330eb-f92d-4b88-95a8-1a83fd3d8067,
02__MGO__SAM__GCY__145,SAMYANG Mì Gói Gà Cay Đỏ 145g,Mì Gói,Gói,71.0,2556000.0,0.0,0.0,0.0,0.0,0.0,0.0,0.0,0.0,0.0,0.0,0.0,0.0,50.0,1800000.0,50.0,1800000.0,02__MGO__SAM__GCY__145,SAMYANG Mì Gói Gà Cay Đỏ 145g,,Hàng hóa,d47ed6b7-8bd7-11f1-9b18-005056b2a5de,f3074f3c-1490-4eca-8a6d-39bc5bf9ef40,c8220d45-8bd7-11f1-9b18-005056b2a5de,211,097330eb-f92d-4b88-95a8-1a83fd3d8067,
02__MGO__SAM__HOG__130,SAMYANG Mì Gói Khô Gà Cay Hồng 130g,Mì Gói,Gói,122.0,4392000.0,0.0,0.0,0.0,0.0,0.0,0.0,0.0,0.0,0.0,0.0,0.0,0.0,-3.0,-108000.0,-3.0,-108000.0,02__MGO__SAM__HOG__130,SAMYANG Mì Gói Khô Gà Cay Hồng 130g,,Hàng hóa,d47ed756-8bd7-11f1-9b18-005056b2a5de,9101927c-1a1b-4234-9501-4bed86203c41,c8220d45-8bd7-11f1-9b18-005056b2a5de,212,097330eb-f92d-4b88-95a8-1a83fd3d8067,
02__MGO__SAM__VAG__140,SAMYANG Mì Gói Khô Gà Cay Vàng 140g,Mì Gói,Gói,122.0,4392000.0,0.0,0.0,0.0,0.0,0.0,0.0,0.0,0.0,0.0,0.0,0.0,0.0,-3.0,-108000.0,-3.0,-108000.0,02__MGO__SAM__VAG__140,SAMYANG Mì Gói Khô Gà Cay Vàng 140g,,Hàng hóa,d47ed7e9-8bd7-11f1-9b18-005056b2a5de,afb81e12-3229-460b-95ba-2144024d0dcd,c8220d45-8bd7-11f1-9b18-005056b2a5de,213,097330eb-f92d-4b88-95a8-1a83fd3d8067,
02__MGO__SED__GCY__87,SEDAAP Mì Trộn Gà Cay Hàn Quốc Gói 87g,Mì Gói,Gói,189.0,2508000.0,0.0,0.0,0.0,0.0,0.0,0.0,0.0,0.0,0.0,0.0,0.0,0.0,16.0,256000.0,16.0,256000.0,02__MGO__SED__GCY__87,SEDAAP Mì Trộn Gà Cay Hàn Quốc Gói 87g,,Hàng hóa,d47ed878-8bd7-11f1-9b18-005056b2a5de,5147ad6a-0503-4c27-8e2e-123db110c210,c8220d45-8bd7-11f1-9b18-005056b2a5de,214,097330eb-f92d-4b88-95a8-1a83fd3d8067,
02__MGO__SED__PMI__86,SEDAAP Mì Trộn Gà Cay Phô Mai Gói 86g,Mì Gói,Gói,238.0,3163000.0,0.0,0.0,0.0,0.0,0.0,0.0,0.0,0.0,0.0,0.0,0.0,0.0,25.0,400000.0,25.0,400000.0,02__MGO__SED__PMI__86,SEDAAP Mì Trộn Gà Cay Phô Mai Gói 86g,,Hàng hóa,d47ed908-8bd7-11f1-9b18-005056b2a5de,71ed7cf2-8191-4c5e-889c-0a2ae19c9609,c8220d45-8bd7-11f1-9b18-005056b2a5de,215,097330eb-f92d-4b88-95a8-1a83fd3d8067,
02__MGO__SED__XAO__90,SEDAAP Mì Trộn Vị Mì Xào Gói 90g,Mì Gói,Gói,95.0,855000.0,0.0,0.0,0.0,0.0,0.0,0.0,0.0,0.0,0.0,0.0,0.0,0.0,0.0,0.0,0.0,0.0,02__MGO__SED__XAO__90,SEDAAP Mì Trộn Vị Mì Xào Gói 90g,,Hàng hóa,d47ed99d-8bd7-11f1-9b18-005056b2a5de,f41e5300-866a-46d2-b5de-e365ed0b146f,c8220d45-8bd7-11f1-9b18-005056b2a5de,216,097330eb-f92d-4b88-95a8-1a83fd3d8067,
02__MGO__SKY__HSN__128,ACECOOK SiuKay Mì Hải Sản Gói 128g*24,Mì Gói,Gói,445.0,8464000.0,0.0,0.0,0.0,0.0,0.0,0.0,1.0,20000.0,0.0,0.0,0.0,0.0,30.0,720000.0,30.0,720000.0,02__MGO__SKY__HSN__128,ACECOOK SiuKay Mì Hải Sản Gói 128g*24,,Hàng hóa,d47eda32-8bd7-11f1-9b18-005056b2a5de,838fb0fd-2d0c-4bbb-b0c5-9daa4c5a023b,c8220d45-8bd7-11f1-9b18-005056b2a5de,217,097330eb-f92d-4b88-95a8-1a83fd3d8067,
02__MGO__SKY__VBO__128,ACECOOK SiuKay Mì Vị Bò Gói 128g,Mì Gói,Gói,141.0,2732000.0,0.0,0.0,0.0,0.0,0.0,0.0,0.0,0.0,0.0,0.0,0.0,0.0,24.0,480000.0,24.0,480000.0,02__MGO__SKY__VBO__128,ACECOOK SiuKay Mì Vị Bò Gói 128g,,Hàng hóa,d47edac1-8bd7-11f1-9b18-005056b2a5de,575ab54d-71e7-4b6d-af0d-793b1e590237,c8220d45-8bd7-11f1-9b18-005056b2a5de,218,097330eb-f92d-4b88-95a8-1a83fd3d8067,
02__MGO__YEU__CAY__120,OTOKI Mì Gói YEUL Cay 120g,Mì Gói,Gói,57.0,1140000.0,0.0,0.0,0.0,0.0,0.0,0.0,0.0,0.0,0.0,0.0,0.0,0.0,21.0,420000.0,21.0,420000.0,02__MGO__YEU__CAY__120,OTOKI Mì Gói YEUL Cay 120g,,Hàng hóa,d47edb52-8bd7-11f1-9b18-005056b2a5de,d7b4da4c-19ef-4793-8739-b2c8ab0e8b22,c8220d45-8bd7-11f1-9b18-005056b2a5de,219,097330eb-f92d-4b88-95a8-1a83fd3d8067,
02__MIL__HAO__TCY__67,ACECOOK HẢO HẢO Mì Ly Tôm Chua Cay 67g,Mì Ly,Ly,900.0,12983000.0,0.0,0.0,0.0,0.0,0.0,0.0,1.0,15000.0,0.0,0.0,0.0,0.0,105.0,1890000.0,105.0,1890000.0,02__MIL__HAO__TCY__67,ACECOOK HẢO HẢO Mì Ly Tôm Chua Cay 67g,,Hàng hóa,d47edc7b-8bd7-11f1-9b18-005056b2a5de,5259be17-00c9-4d63-993d-bf5630ae3cac,c8220d45-8bd7-11f1-9b18-005056b2a5de,220,0a0154e9-97da-471f-a528-3620c35b3e76,
02__MIL__KOK__CAY__65,KOKOMI Mì Ly Tôm Chua Cay 65g*24,Mì Ly,Ly,391.0,4104000.0,0.0,0.0,0.0,0.0,0.0,0.0,0.0,0.0,0.0,0.0,0.0,0.0,39.0,468000.0,39.0,468000.0,02__MIL__KOK__CAY__65,KOKOMI Mì Ly Tôm Chua Cay 65g*24,,Hàng hóa,d47edd10-8bd7-11f1-9b18-005056b2a5de,19d24afb-4802-4955-9611-4c1752b947cd,c8220d45-8bd7-11f1-9b18-005056b2a5de,221,0a0154e9-97da-471f-a528-3620c35b3e76,
02__MIL__KOK__THT__90,KOKOMI 90 Mì Ly Có Cây Thịt 90g*24,Mì Ly,Ly,9.0,108000.0,0.0,0.0,0.0,0.0,0.0,0.0,0.0,0.0,0.0,0.0,0.0,0.0,0.0,0.0,0.0,0.0,02__MIL__KOK__THT__90,KOKOMI 90 Mì Ly Có Cây Thịt 90g*24,,Hàng hóa,d47edda8-8bd7-11f1-9b18-005056b2a5de,971d4f03-ee67-4750-afc5-30170fffca02,c8220d45-8bd7-11f1-9b18-005056b2a5de,222,0a0154e9-97da-471f-a528-3620c35b3e76,
02__MIL__KOR__BXO__65,KORENO Mì Xào Vị Bò Xào Ly 65g,Mì Ly,Ly,113.0,1890000.0,0.0,0.0,0.0,0.0,0.0,0.0,0.0,0.0,0.0,0.0,0.0,0.0,28.0,504000.0,28.0,504000.0,02__MIL__KOR__BXO__65,KORENO Mì Xào Vị Bò Xào Ly 65g,,Hàng hóa,d47ede3e-8bd7-11f1-9b18-005056b2a5de,24a09840-3340-484f-9165-a5361817cb03,c8220d45-8bd7-11f1-9b18-005056b2a5de,223,0a0154e9-97da-471f-a528-3620c35b3e76,
02__MIL__KOR__DEN__68,KORENO Mì Trộn Tương Đen Ly 68g,Mì Ly,Ly,292.0,4917000.0,0.0,0.0,0.0,0.0,0.0,0.0,1.0,18000.0,0.0,0.0,0.0,0.0,55.0,990000.0,55.0,990000.0,02__MIL__KOR__DEN__68,KORENO Mì Trộn Tương Đen Ly 68g,,Hàng hóa,d47edee6-8bd7-11f1-9b18-005056b2a5de,a0e5aa6b-1333-45f7-9e89-40608ea13554,c8220d45-8bd7-11f1-9b18-005056b2a5de,224,0a0154e9-97da-471f-a528-3620c35b3e76,
02__MIL__KOR__LTI__65,KORENO Mì Lẩu Thái Ly 65g,Mì Ly,Ly,169.0,2850000.0,0.0,0.0,0.0,0.0,0.0,0.0,0.0,0.0,0.0,0.0,0.0,0.0,20.0,360000.0,20.0,360000.0,02__MIL__KOR__LTI__65,KORENO Mì Lẩu Thái Ly 65g,,Hàng hóa,d47edf78-8bd7-11f1-9b18-005056b2a5de,b3ada2a5-2c7f-4b47-a211-bba1b3b6e1ab,c8220d45-8bd7-11f1-9b18-005056b2a5de,225,0a0154e9-97da-471f-a528-3620c35b3e76,
02__MIL__KOR__PMI__65,KORENO M.X Vị Bò Phô Mai Cay Ly 65g,Mì Ly,Bịch,264.0,4599000.0,0.0,0.0,0.0,0.0,0.0,0.0,0.0,0.0,0.0,0.0,0.0,0.0,45.0,810000.0,45.0,810000.0,02__MIL__KOR__PMI__65,KORENO M.X Vị Bò Phô Mai Cay Ly 65g,,Hàng hóa,d47ee00d-8bd7-11f1-9b18-005056b2a5de,235efc82-aa6a-4fee-9bdd-a1fda99d472a,c8220d45-8bd7-11f1-9b18-005056b2a5de,226,097330eb-f92d-4b88-95a8-1a83fd3d8011,
02__MIL__MAM__TBM__60,MAMA Mì Ly Thịt Bằm 60g,Mì Ly,Ly,31.0,875000.0,0.0,0.0,0.0,0.0,0.0,0.0,0.0,0.0,0.0,0.0,0.0,0.0,0.0,0.0,0.0,0.0,02__MIL__MAM__TBM__60,MAMA Mì Ly Thịt Bằm 60g,,Hàng hóa,d47ee09c-8bd7-11f1-9b18-005056b2a5de,f7139822-656f-4623-b929-5ad5c613beb5,c8220d45-8bd7-11f1-9b18-005056b2a5de,227,0a0154e9-97da-471f-a528-3620c35b3e76,
02__MIL__MAM__TYM__60,MAMA Mì Ly TomYum 60g,Mì Ly,Ly,28.0,794000.0,0.0,0.0,0.0,0.0,0.0,0.0,0.0,0.0,0.0,0.0,0.0,0.0,1.0,30000.0,1.0,30000.0,02__MIL__MAM__TYM__60,MAMA Mì Ly TomYum 60g,,Hàng hóa,d47ee18e-8bd7-11f1-9b18-005056b2a5de,797ae5d6-0139-491f-aecb-5337895cfe22,c8220d45-8bd7-11f1-9b18-005056b2a5de,228,0a0154e9-97da-471f-a528-3620c35b3e76,
02__MIL__MOD__BKY__66,ACECOOK MODERN Xtreme Mì Ly Bò Kay 66g,Mì Ly,Ly,581.0,8180000.0,0.0,0.0,0.0,0.0,0.0,0.0,0.0,0.0,0.0,0.0,0.0,0.0,68.0,1020000.0,68.0,1020000.0,02__MIL__MOD__BKY__66,ACECOOK MODERN Xtreme Mì Ly Bò Kay 66g,,Hàng hóa,d47ee229-8bd7-11f1-9b18-005056b2a5de,dd07d3b3-e94b-45d7-b533-1a30964694ae,c8220d45-8bd7-11f1-9b18-005056b2a5de,229,0a0154e9-97da-471f-a528-3620c35b3e76,
02__MIL__MOD__KCI__66,ACECOOK MODERN Xtreme Mì Ly Vị Kim Chi 66g,Mì Ly,Ly,116.0,1392000.0,0.0,0.0,0.0,0.0,0.0,0.0,0.0,0.0,0.0,0.0,0.0,0.0,2.0,24000.0,2.0,24000.0,02__MIL__MOD__KCI__66,ACECOOK MODERN Xtreme Mì Ly Vị Kim Chi 66g,,Hàng hóa,d47ee2b9-8bd7-11f1-9b18-005056b2a5de,adc45ae9-fe89-4ba2-8f73-86088de32378,c8220d45-8bd7-11f1-9b18-005056b2a5de,230,0a0154e9-97da-471f-a528-3620c35b3e76,
02__MIL__MOD__LTT__67,ACECOOK MODERN Mì Ly Lẩu Thái Tôm 67g,Mì Ly,Ly,1084.0,15459000.0,0.0,0.0,0.0,0.0,0.0,0.0,1.0,15000.0,0.0,0.0,0.0,0.0,58.0,870000.0,58.0,870000.0,02__MIL__MOD__LTT__67,ACECOOK MODERN Mì Ly Lẩu Thái Tôm 67g,,Hàng hóa,d47ee34b-8bd7-11f1-9b18-005056b2a5de,f4df8b62-1088-4f7d-96fb-14f5710a1560,c8220d45-8bd7-11f1-9b18-005056b2a5de,231,0a0154e9-97da-471f-a528-3620c35b3e76,
02__MIL__NIS__TYM__70,NISSIN Mì Ly Thái Tom Yum 70g,Mì Ly,Ly,10.0,200000.0,0.0,0.0,0.0,0.0,0.0,0.0,0.0,0.0,0.0,0.0,0.0,0.0,0.0,0.0,0.0,0.0,02__MIL__NIS__TYM__70,NISSIN Mì Ly Thái Tom Yum 70g,,Hàng hóa,d47ee3de-8bd7-11f1-9b18-005056b2a5de,8efda1f0-8b78-4a5c-96b7-686454155b2a,c8220d45-8bd7-11f1-9b18-005056b2a5de,232,0a0154e9-97da-471f-a528-3620c35b3e76,
02__MIL__NSM__RED__68,NONGSHIM Mì Ly Shin Red Super 68g,Mì Ly,Ly,54.0,1487000.0,0.0,0.0,0.0,0.0,0.0,0.0,0.0,0.0,0.0,0.0,0.0,0.0,16.0,480000.0,16.0,480000.0,02__MIL__NSM__RED__68,NONGSHIM Mì Ly Shin Red Super 68g,,Hàng hóa,d47ee479-8bd7-11f1-9b18-005056b2a5de,1cf9860c-f261-4a58-a6ea-ae675dcb2ba3,c8220d45-8bd7-11f1-9b18-005056b2a5de,233,0a0154e9-97da-471f-a528-3620c35b3e76,
02__MIL__NSM__SHN,NONGSHIM Mì Ly Shin 68g,Mì Ly,Ly,4.0,140000.0,0.0,0.0,0.0,0.0,0.0,0.0,0.0,0.0,0.0,0.0,0.0,0.0,1.0,35000.0,1.0,35000.0,02__MIL__NSM__SHN,NONGSHIM Mì Ly Shin 68g,,Hàng hóa,d47ee50c-8bd7-11f1-9b18-005056b2a5de,6c49e1e9-44af-491f-87f8-4ed91ab9b64c,c8220d45-8bd7-11f1-9b18-005056b2a5de,234,0a0154e9-97da-471f-a528-3620c35b3e76,
02__MIL__NSM__SHN__68,NONGSHIM Mì Ly Shin 68g,Mì Ly,Ly,78.0,1950000.0,0.0,0.0,0.0,0.0,0.0,0.0,0.0,0.0,0.0,0.0,0.0,0.0,-6.0,-150000.0,-6.0,-150000.0,02__MIL__NSM__SHN__68,NONGSHIM Mì Ly Shin 68g,,Hàng hóa,d47ee59e-8bd7-11f1-9b18-005056b2a5de,0c3a7776-5245-42d1-9317-ddd179fd5c92,c8220d45-8bd7-11f1-9b18-005056b2a5de,235,0a0154e9-97da-471f-a528-3620c35b3e76,
02__MIL__OMA__BOO__113,OMACHI Mì Ly Xốt Bò Hầm Có Cây Thịt 113g*24,Mì Ly,Ly,56.0,1278000.0,0.0,0.0,0.0,0.0,0.0,0.0,0.0,0.0,0.0,0.0,0.0,0.0,16.0,400000.0,16.0,400000.0,02__MIL__OMA__BOO__113,OMACHI Mì Ly Xốt Bò Hầm Có Cây Thịt 113g*24,,Hàng hóa,d47ee631-8bd7-11f1-9b18-005056b2a5de,6d55b31a-1c89-48da-b3f3-f019ec326fd0,c8220d45-8bd7-11f1-9b18-005056b2a5de,236,0a0154e9-97da-471f-a528-3620c35b3e76,
02__MIL__OMA__BOO__69,OMACHI Mì Ly Xốt Bò Hầm 69g*24,Mì Ly,Ly,244.0,3886000.0,0.0,0.0,0.0,0.0,0.0,0.0,0.0,0.0,0.0,0.0,0.0,0.0,57.0,1026000.0,57.0,1026000.0,02__MIL__OMA__BOO__69,OMACHI Mì Ly Xốt Bò Hầm 69g*24,,Hàng hóa,d47ee6c4-8bd7-11f1-9b18-005056b2a5de,33367770-a01a-4fab-ab6d-46e4dd5dbe5b,c8220d45-8bd7-11f1-9b18-005056b2a5de,237,0a0154e9-97da-471f-a528-3620c35b3e76,
02__MIL__OMA__LTC__112,OMACHI Mì Ly Lẩu Tôm Càng Có Cây Thịt 112g*24,Mì Ly,Ly,73.0,1653000.0,0.0,0.0,0.0,0.0,0.0,0.0,0.0,0.0,0.0,0.0,0.0,0.0,8.0,200000.0,8.0,200000.0,02__MIL__OMA__LTC__112,OMACHI Mì Ly Lẩu Tôm Càng Có Cây Thịt 112g*24,,Hàng hóa,d47ee752-8bd7-11f1-9b18-005056b2a5de,4414af6b-3769-4be5-8f27-5498b1460bf1,c8220d45-8bd7-11f1-9b18-005056b2a5de,238,0a0154e9-97da-471f-a528-3620c35b3e76,
02__MIL__OMA__LTC__67,OMACHI Mì Ly Lẩu Tôm Càng 67g*24,Mì Ly,Ly,268.0,4223000.0,0.0,0.0,0.0,0.0,0.0,0.0,0.0,0.0,0.0,0.0,0.0,0.0,32.0,576000.0,32.0,576000.0,02__MIL__OMA__LTC__67,OMACHI Mì Ly Lẩu Tôm Càng 67g*24,,Hàng hóa,d47ee7e7-8bd7-11f1-9b18-005056b2a5de,af930aeb-9a67-483c-9794-3f0b58473ed0,c8220d45-8bd7-11f1-9b18-005056b2a5de,239,0a0154e9-97da-471f-a528-3620c35b3e76,
02__MIL__OMA__S5Q__70,OMACHI Mì Ly Sườn Hầm Ngủ Quả 70g*24,Mì Ly,Ly,165.0,2650000.0,0.0,0.0,0.0,0.0,0.0,0.0,0.0,0.0,0.0,0.0,0.0,0.0,50.0,900000.0,50.0,900000.0,02__MIL__OMA__S5Q__70,OMACHI Mì Ly Sườn Hầm Ngủ Quả 70g*24,,Hàng hóa,d47ee88d-8bd7-11f1-9b18-005056b2a5de,6f5cb659-62b5-488c-bfe1-19d6bb9f1a00,c8220d45-8bd7-11f1-9b18-005056b2a5de,240,0a0154e9-97da-471f-a528-3620c35b3e76,
02__MIL__OMA__THT__115,OMACHI Mì Ly Sườn Hầm Ngủ Quả Có Cây Thịt 115g*24,Mì Ly,Ly,55.0,1298000.0,0.0,0.0,0.0,0.0,0.0,0.0,0.0,0.0,0.0,0.0,0.0,0.0,0.0,0.0,0.0,0.0,02__MIL__OMA__THT__115,OMACHI Mì Ly Sườn Hầm Ngủ Quả Có Cây Thịt 115g*24,,Hàng hóa,d47ee923-8bd7-11f1-9b18-005056b2a5de,3d2b3607-f35d-47a5-8ac6-0d8893e2b93d,c8220d45-8bd7-11f1-9b18-005056b2a5de,241,0a0154e9-97da-471f-a528-3620c35b3e76,
02__MIL__OTT__TDN__70,OTTOGI Mì Ly Xốt Tương Đen Jin jjajang 70g,Mì Ly,Ly,50.0,1050000.0,0.0,0.0,0.0,0.0,0.0,0.0,0.0,0.0,0.0,0.0,0.0,0.0,0.0,0.0,0.0,0.0,02__MIL__OTT__TDN__70,OTTOGI Mì Ly Xốt Tương Đen Jin jjajang 70g,,Hàng hóa,d47ee9b5-8bd7-11f1-9b18-005056b2a5de,e6451bbe-55f2-49d1-97ba-f9d5e742b0c4,c8220d45-8bd7-11f1-9b18-005056b2a5de,242,0a0154e9-97da-471f-a528-3620c35b3e76,
02__MIL__SAM__GCY__70,SAMYANG Mì Ly Khô Gà Cay Đen 70g,Mì Ly,Ly,136.0,5168000.0,0.0,0.0,0.0,0.0,0.0,0.0,0.0,0.0,0.0,0.0,0.0,0.0,6.0,228000.0,6.0,228000.0,02__MIL__SAM__GCY__70,SAMYANG Mì Ly Khô Gà Cay Đen 70g,,Hàng hóa,d47eea46-8bd7-11f1-9b18-005056b2a5de,6b680b71-6b76-4e41-8520-0c1abd85a1e9,c8220d45-8bd7-11f1-9b18-005056b2a5de,243,0a0154e9-97da-471f-a528-3620c35b3e76,
02__MIL__SAM__NAR__80,SAMYANG Mì Ly Khô Gà Cay NARA Hồng 80g,Mì Ly,Ly,197.0,7692000.0,0.0,0.0,0.0,0.0,0.0,0.0,0.0,0.0,0.0,0.0,0.0,0.0,-18.0,-720000.0,-18.0,-720000.0,02__MIL__SAM__NAR__80,SAMYANG Mì Ly Khô Gà Cay NARA Hồng 80g,,Hàng hóa,d47eead7-8bd7-11f1-9b18-005056b2a5de,e792ec3e-9075-48cb-88fd-8258c1c11831,c8220d45-8bd7-11f1-9b18-005056b2a5de,244,0a0154e9-97da-471f-a528-3620c35b3e76,
02__MIL__SAM__PMI__70,SAMYANG Mì Ly Khô Phô Mai Vàng 70g,Mì Ly,Ly,176.0,6802000.0,0.0,0.0,0.0,0.0,0.0,0.0,0.0,0.0,0.0,0.0,0.0,0.0,3.0,120000.0,3.0,120000.0,02__MIL__SAM__PMI__70,SAMYANG Mì Ly Khô Phô Mai Vàng 70g,,Hàng hóa,d47eeb65-8bd7-11f1-9b18-005056b2a5de,12eac41d-7f9b-44f2-afb8-fcdea8dca7a8,c8220d45-8bd7-11f1-9b18-005056b2a5de,245,0a0154e9-97da-471f-a528-3620c35b3e76,
02__MIL__VIF__CUA__90,VIFON Mì Trộn Cua Xốt Me Ly 90g,Mì Ly,Ly,13.0,260000.0,0.0,0.0,0.0,0.0,0.0,0.0,1.0,20000.0,0.0,0.0,0.0,0.0,37.0,740000.0,37.0,740000.0,02__MIL__VIF__CUA__90,VIFON Mì Trộn Cua Xốt Me Ly 90g,,Hàng hóa,d47eebf3-8bd7-11f1-9b18-005056b2a5de,7bf7c4a1-2b8c-4bb0-9e6a-a071e3b69e1e,c8220d45-8bd7-11f1-9b18-005056b2a5de,246,0a0154e9-97da-471f-a528-3620c35b3e76,
02__MIL__VIF__GCY__115,VIFON Mì Trộn Sốt Gà Cay Ly 115g,Mì Ly,Ly,10.0,360000.0,0.0,0.0,0.0,0.0,0.0,0.0,0.0,0.0,0.0,0.0,0.0,0.0,19.0,684000.0,19.0,684000.0,02__MIL__VIF__GCY__115,VIFON Mì Trộn Sốt Gà Cay Ly 115g,,Hàng hóa,d47eec83-8bd7-11f1-9b18-005056b2a5de,d27cd293-aa2a-4884-b7ae-f022c09e4235,c8220d45-8bd7-11f1-9b18-005056b2a5de,247,0a0154e9-97da-471f-a528-3620c35b3e76,
02__MIL__VIF__TEX__115,VIFON MÌ Trộn Bò Texas Ly 115g,Mì Ly,Ly,15.0,480000.0,0.0,0.0,0.0,0.0,0.0,0.0,0.0,0.0,0.0,0.0,0.0,0.0,23.0,736000.0,23.0,736000.0,02__MIL__VIF__TEX__115,VIFON MÌ Trộn Bò Texas Ly 115g,,Hàng hóa,d47eed13-8bd7-11f1-9b18-005056b2a5de,db3d0e4f-ec37-4815-b13d-54059eff2d30,c8220d45-8bd7-11f1-9b18-005056b2a5de,248,0a0154e9-97da-471f-a528-3620c35b3e76,
02__MNG__CSU__GAA__62,CHINSU Story Miến Gà Lá Chanh Gói 62g,Miến Gói,Gói,17.0,219000.0,0.0,0.0,0.0,0.0,0.0,0.0,0.0,0.0,0.0,0.0,0.0,0.0,7.0,91000.0,7.0,91000.0,02__MNG__CSU__GAA__62,CHINSU Story Miến Gà Lá Chanh Gói 62g,,Hàng hóa,d47eeda4-8bd7-11f1-9b18-005056b2a5de,d235a247-ec15-4be5-9c56-1c8250349b66,c8220d45-8bd7-11f1-9b18-005056b2a5de,249,097330eb-f92d-4b88-95a8-1a83fd3d8067,
02__MNG__PHG__HEO__55,ACECOOK Miến Phú Hương Sườn Heo Gói 55g,Miến Gói,Gói,31.0,492000.0,0.0,0.0,0.0,0.0,0.0,0.0,0.0,0.0,0.0,0.0,0.0,0.0,12.0,192000.0,12.0,192000.0,02__MNG__PHG__HEO__55,ACECOOK Miến Phú Hương Sườn Heo Gói 55g,,Hàng hóa,d47eeebd-8bd7-11f1-9b18-005056b2a5de,8df27c15-ee11-48c8-ace2-3012a2289f72,c8220d45-8bd7-11f1-9b18-005056b2a5de,250,097330eb-f92d-4b88-95a8-1a83fd3d8067,
02__MNG__PHG__LTT__60,ACECOOK Miến Phú Hương Lẩu Thái Tôm Gói 60g,Miến Gói,Gói,42.0,660000.0,0.0,0.0,0.0,0.0,0.0,0.0,0.0,0.0,0.0,0.0,0.0,0.0,27.0,432000.0,27.0,432000.0,02__MNG__PHG__LTT__60,ACECOOK Miến Phú Hương Lẩu Thái Tôm Gói 60g,,Hàng hóa,d47eef4f-8bd7-11f1-9b18-005056b2a5de,ecf62208-cc73-4609-8f4e-07ad723db987,c8220d45-8bd7-11f1-9b18-005056b2a5de,251,097330eb-f92d-4b88-95a8-1a83fd3d8067,
02__MNG__PHG__TBM__55,ACECOOK Miến Phú Hương Thịt Bằm Gói 55g,Miến Gói,Gói,27.0,424000.0,0.0,0.0,0.0,0.0,0.0,0.0,0.0,0.0,0.0,0.0,0.0,0.0,18.0,288000.0,18.0,288000.0,02__MNG__PHG__TBM__55,ACECOOK Miến Phú Hương Thịt Bằm Gói 55g,,Hàng hóa,d47eefe4-8bd7-11f1-9b18-005056b2a5de,e58de060-8cfa-4d86-9986-70bad66564bc,c8220d45-8bd7-11f1-9b18-005056b2a5de,252,097330eb-f92d-4b88-95a8-1a83fd3d8067,
02__MNT__NHO__HEO__64,ACECOOK NHỚ Miến Sườn Heo Tô 64g,Miến Tô,Tô,87.0,1803000.0,0.0,0.0,0.0,0.0,0.0,0.0,0.0,0.0,0.0,0.0,0.0,0.0,12.0,336000.0,12.0,336000.0,02__MNT__NHO__HEO__64,ACECOOK NHỚ Miến Sườn Heo Tô 64g,,Hàng hóa,d47ef077-8bd7-11f1-9b18-005056b2a5de,a4da1000-a95b-4c02-a4a7-9e2e836468d1,c8220d45-8bd7-11f1-9b18-005056b2a5de,253,b6482b1f-e8c5-4921-ad59-6b055022c7e2,
02__MTO__CDH__TMI__90,CUNG ĐÌNH Kool Mì Tô Trứng Muối 90g,Mì Tô,Tô,6.0,138000.0,0.0,0.0,0.0,0.0,0.0,0.0,0.0,0.0,0.0,0.0,0.0,0.0,0.0,0.0,0.0,0.0,02__MTO__CDH__TMI__90,CUNG ĐÌNH Kool Mì Tô Trứng Muối 90g,,Hàng hóa,d47ef10f-8bd7-11f1-9b18-005056b2a5de,2e9e2a9d-7317-4802-81d2-26030d2fde43,c8220d45-8bd7-11f1-9b18-005056b2a5de,254,b6482b1f-e8c5-4921-ad59-6b055022c7e2,
02__MTO__KOO__BBQ__105,CUNG ĐÌNH Kool Mì Tô Trộn BBQ 105g,Mì Tô,Tô,172.0,3784000.0,0.0,0.0,0.0,0.0,0.0,0.0,1.0,22000.0,0.0,0.0,0.0,0.0,13.0,286000.0,13.0,286000.0,02__MTO__KOO__BBQ__105,CUNG ĐÌNH Kool Mì Tô Trộn BBQ 105g,,Hàng hóa,d47ef1a2-8bd7-11f1-9b18-005056b2a5de,79290a43-da42-4903-8680-718764145f93,c8220d45-8bd7-11f1-9b18-005056b2a5de,255,b6482b1f-e8c5-4921-ad59-6b055022c7e2,
02__MTO__KOO__SPA__105,CUNG ĐÌNH Kool Mì Tô Trộn Spaghetti 105g,Mì Tô,Tô,124.0,2728000.0,0.0,0.0,0.0,0.0,0.0,0.0,0.0,0.0,0.0,0.0,0.0,0.0,13.0,286000.0,13.0,286000.0,02__MTO__KOO__SPA__105,CUNG ĐÌNH Kool Mì Tô Trộn Spaghetti 105g,,Hàng hóa,d47ef246-8bd7-11f1-9b18-005056b2a5de,1da573af-36a9-4bf6-a383-667890a25aae,c8220d45-8bd7-11f1-9b18-005056b2a5de,256,b6482b1f-e8c5-4921-ad59-6b055022c7e2,
02__MTO__KOO__TCC__85,CUNG ĐÌNH Mì Tô Lẩu Tôm Chua Cay 85g,Mì Tô,Tô,107.0,2140000.0,0.0,0.0,0.0,0.0,0.0,0.0,0.0,0.0,0.0,0.0,0.0,0.0,2.0,40000.0,2.0,40000.0,02__MTO__KOO__TCC__85,CUNG ĐÌNH Mì Tô Lẩu Tôm Chua Cay 85g,,Hàng hóa,d47ef2d8-8bd7-11f1-9b18-005056b2a5de,6724d324-5a00-4732-a210-625358dd2df0,c8220d45-8bd7-11f1-9b18-005056b2a5de,257,b6482b1f-e8c5-4921-ad59-6b055022c7e2,
02__MTO__MIL__HSN__1,MILIKET Mì Tô Trộn Hải Sản HQ,Mì Tô,Tô,12.0,300000.0,0.0,0.0,0.0,0.0,0.0,0.0,0.0,0.0,0.0,0.0,0.0,0.0,0.0,0.0,0.0,0.0,02__MTO__MIL__HSN__1,MILIKET Mì Tô Trộn Hải Sản HQ,,Hàng hóa,d47ef369-8bd7-11f1-9b18-005056b2a5de,9a3b0edc-f8c8-4843-ac90-6bdaf56afd2c,c8220d45-8bd7-11f1-9b18-005056b2a5de,258,b6482b1f-e8c5-4921-ad59-6b055022c7e2,
02__MTO__MIL__PMI__1,MILIKET Mì Tô Trộn Phô Mai HQ,Mì Tô,Tô,13.0,325000.0,0.0,0.0,0.0,0.0,0.0,0.0,0.0,0.0,0.0,0.0,0.0,0.0,0.0,0.0,0.0,0.0,02__MTO__MIL__PMI__1,MILIKET Mì Tô Trộn Phô Mai HQ,,Hàng hóa,d47ef3f8-8bd7-11f1-9b18-005056b2a5de,921375e9-948d-4a2d-9f3d-4c6a7c7584e1,c8220d45-8bd7-11f1-9b18-005056b2a5de,259,b6482b1f-e8c5-4921-ad59-6b055022c7e2,
02__MTO__NHO__LTT__84,ACECOOK NHỚ Mì Lẩu Thái Tô 84g,Mì Tô,Tô,251.0,4669000.0,0.0,0.0,0.0,0.0,0.0,0.0,2.0,36000.0,0.0,0.0,0.0,0.0,35.0,875000.0,35.0,875000.0,02__MTO__NHO__LTT__84,ACECOOK NHỚ Mì Lẩu Thái Tô 84g,,Hàng hóa,d47ef488-8bd7-11f1-9b18-005056b2a5de,fe91d7ff-38f3-43c3-bd7e-31e6b72c5a17,c8220d45-8bd7-11f1-9b18-005056b2a5de,260,b6482b1f-e8c5-4921-ad59-6b055022c7e2,
02__MTO__NSM__CHA__123,NONGSHIM Mì Tô CHAPAGETI 123g,Mì Tô,Tô,11.0,440000.0,0.0,0.0,0.0,0.0,0.0,0.0,0.0,0.0,0.0,0.0,0.0,0.0,0.0,0.0,0.0,0.0,02__MTO__NSM__CHA__123,NONGSHIM Mì Tô CHAPAGETI 123g,,Hàng hóa,d47ef518-8bd7-11f1-9b18-005056b2a5de,de117559-b841-4331-a200-360237a35fda,c8220d45-8bd7-11f1-9b18-005056b2a5de,261,b6482b1f-e8c5-4921-ad59-6b055022c7e2,
02__MTO__NSM__CHI__100,NONGSHIM Mì Tô Spicy Chicken Flavour 100g,Mì Tô,Tô,64.0,2247000.0,0.0,0.0,0.0,0.0,0.0,0.0,0.0,0.0,0.0,0.0,0.0,0.0,-4.0,-152000.0,-4.0,-152000.0,02__MTO__NSM__CHI__100,NONGSHIM Mì Tô Spicy Chicken Flavour 100g,,Hàng hóa,d47ef5a8-8bd7-11f1-9b18-005056b2a5de,9546c28c-14ae-4f00-94e1-05fef41678d3,c8220d45-8bd7-11f1-9b18-005056b2a5de,262,b6482b1f-e8c5-4921-ad59-6b055022c7e2,
02__MTO__NSM__HOT__100,NONGSHIM Mì Tô Hot & Spicy 100g,Mì Tô,Tô,68.0,2375000.0,0.0,0.0,0.0,0.0,0.0,0.0,0.0,0.0,0.0,0.0,0.0,0.0,4.0,152000.0,4.0,152000.0,02__MTO__NSM__HOT__100,NONGSHIM Mì Tô Hot & Spicy 100g,,Hàng hóa,d47ef63a-8bd7-11f1-9b18-005056b2a5de,cf96d0d8-04ee-4a6b-b31b-b45de24a9caf,c8220d45-8bd7-11f1-9b18-005056b2a5de,263,b6482b1f-e8c5-4921-ad59-6b055022c7e2,
02__MTO__NSM__MDO__114,NONGSHIM Mì Tô Shin 114g,Mì Tô,Tô,109.0,4374000.0,0.0,0.0,0.0,0.0,0.0,0.0,0.0,0.0,0.0,0.0,0.0,0.0,-26.0,-1040000.0,-26.0,-1040000.0,02__MTO__NSM__MDO__114,NONGSHIM Mì Tô Shin 114g,,Hàng hóa,d47ef6cd-8bd7-11f1-9b18-005056b2a5de,3dbc9a33-7978-4b42-8117-87153c81692e,c8220d45-8bd7-11f1-9b18-005056b2a5de,264,b6482b1f-e8c5-4921-ad59-6b055022c7e2,
02__MTO__OMA__BBC__105,OMACHI Mì Tô Trộn Xốt Spaghetti Bò Bằm Cà Chua 105g*12,Mì Tô,Tô,487.0,10508000.0,0.0,0.0,0.0,0.0,0.0,0.0,0.0,0.0,0.0,0.0,0.0,0.0,32.0,832000.0,32.0,832000.0,02__MTO__OMA__BBC__105,OMACHI Mì Tô Trộn Xốt Spaghetti Bò Bằm Cà Chua 105g*12,,Hàng hóa,d47ef75f-8bd7-11f1-9b18-005056b2a5de,2bd4d1d5-1aa8-44cb-9181-a5b75f7c2b6d,c8220d45-8bd7-11f1-9b18-005056b2a5de,265,b6482b1f-e8c5-4921-ad59-6b055022c7e2,
02__MTO__OMA__BHA__96,OMACHI Mì Tô Xốt Bò Hầm 96g*18,Mì Tô,Tô,369.0,7756000.0,0.0,0.0,0.0,0.0,0.0,0.0,1.0,20000.0,0.0,0.0,0.0,0.0,28.0,672000.0,28.0,672000.0,02__MTO__OMA__BHA__96,OMACHI Mì Tô Xốt Bò Hầm 96g*18,,Hàng hóa,d47ef7f2-8bd7-11f1-9b18-005056b2a5de,65dd8472-a543-4f74-bc90-c8a3709a7b4d,c8220d45-8bd7-11f1-9b18-005056b2a5de,266,b6482b1f-e8c5-4921-ad59-6b055022c7e2,
02__MTO__OMA__CXO__96,OMACHI Mì Tô Cua Xốt Ớt 96g*12,Mì Tô,Tô,286.0,7228000.0,0.0,0.0,0.0,0.0,0.0,0.0,0.0,0.0,0.0,0.0,0.0,0.0,36.0,936000.0,36.0,936000.0,02__MTO__OMA__CXO__96,OMACHI Mì Tô Cua Xốt Ớt 96g*12,,Hàng hóa,d47ef882-8bd7-11f1-9b18-005056b2a5de,55b82c71-a97a-4346-883a-36141227ba69,c8220d45-8bd7-11f1-9b18-005056b2a5de,267,b6482b1f-e8c5-4921-ad59-6b055022c7e2,
02__MTO__OMA__PMI__105,OMACHI Mì Tô Trộn Tôm Phô Mai Trứng Muối 105g*12,Mì Tô,Tô,302.0,6322000.0,0.0,0.0,0.0,0.0,0.0,0.0,0.0,0.0,0.0,0.0,0.0,0.0,31.0,744000.0,31.0,744000.0,02__MTO__OMA__PMI__105,OMACHI Mì Tô Trộn Tôm Phô Mai Trứng Muối 105g*12,,Hàng hóa,d47ef912-8bd7-11f1-9b18-005056b2a5de,0546d881-7e2c-4b4f-be9f-011ab40e40a6,c8220d45-8bd7-11f1-9b18-005056b2a5de,268,b6482b1f-e8c5-4921-ad59-6b055022c7e2,
02__MTO__OMA__S5Q__96,OMACHI Mì Tô Sườn Hầm Ngủ Quả 96g*18,Mì Tô,Tô,258.0,5419000.0,0.0,0.0,0.0,0.0,0.0,0.0,2.0,40000.0,0.0,0.0,0.0,0.0,39.0,936000.0,39.0,936000.0,02__MTO__OMA__S5Q__96,OMACHI Mì Tô Sườn Hầm Ngủ Quả 96g*18,,Hàng hóa,d47ef9a5-8bd7-11f1-9b18-005056b2a5de,0b80cf75-7ac3-44b2-b26e-47274f718597,c8220d45-8bd7-11f1-9b18-005056b2a5de,269,b6482b1f-e8c5-4921-ad59-6b055022c7e2,
02__MTO__OMA__TXN__104,OMACHI Mì Tô Trộn Thịt Xiên Nướng 104g*12,Mì Tô,Tô,346.0,7332000.0,0.0,0.0,0.0,0.0,0.0,0.0,2.0,52000.0,0.0,0.0,0.0,0.0,29.0,754000.0,29.0,754000.0,02__MTO__OMA__TXN__104,OMACHI Mì Tô Trộn Thịt Xiên Nướng 104g*12,,Hàng hóa,d47efa3a-8bd7-11f1-9b18-005056b2a5de,c6f6a37f-07d1-42d7-98a6-18e54319d073,c8220d45-8bd7-11f1-9b18-005056b2a5de,270,b6482b1f-e8c5-4921-ad59-6b055022c7e2,
02__MTO__OTO__DEN__115,OTOKI MÌ Tô Xốt Tương Đen 115g,Mì Tô,Tô,76.0,2478000.0,0.0,0.0,0.0,0.0,0.0,0.0,0.0,0.0,0.0,0.0,0.0,0.0,-4.0,-136000.0,-4.0,-136000.0,02__MTO__OTO__DEN__115,OTOKI MÌ Tô Xốt Tương Đen 115g,,Hàng hóa,d47efaca-8bd7-11f1-9b18-005056b2a5de,a406169e-88d0-4f1d-be17-c8b2df609db4,c8220d45-8bd7-11f1-9b18-005056b2a5de,271,b6482b1f-e8c5-4921-ad59-6b055022c7e2,
02__MTO__OTO__KCI__105,OTOKI Mì Tô Kim Chi 105g,Mì Tô,Tô,92.0,2616000.0,0.0,0.0,0.0,0.0,0.0,0.0,0.0,0.0,0.0,0.0,0.0,0.0,3.0,90000.0,3.0,90000.0,02__MTO__OTO__KCI__105,OTOKI Mì Tô Kim Chi 105g,,Hàng hóa,d47efc57-8bd7-11f1-9b18-005056b2a5de,3760a865-2ad0-42d1-972d-8f854608ed16,c8220d45-8bd7-11f1-9b18-005056b2a5de,272,b6482b1f-e8c5-4921-ad59-6b055022c7e2,
02__MTO__OTT__JIN__110,OTTOGI Mì Tô Jin Cay 110g,Mì Tô,Ly,39.0,975000.0,0.0,0.0,0.0,0.0,0.0,0.0,0.0,0.0,0.0,0.0,0.0,0.0,3.0,75000.0,3.0,75000.0,02__MTO__OTT__JIN__110,OTTOGI Mì Tô Jin Cay 110g,,Hàng hóa,d47efcf4-8bd7-11f1-9b18-005056b2a5de,dd834afb-ad00-4fac-b577-d7eae2266668,c8220d45-8bd7-11f1-9b18-005056b2a5de,273,0a0154e9-97da-471f-a528-3620c35b3e76,
02__MTO__SKY__HSN__96,ACECOOK SiuKay Mì Trộn Hải Sản Tô 96g,Mì Tô,Tô,678.0,15637000.0,0.0,0.0,0.0,0.0,0.0,0.0,0.0,0.0,0.0,0.0,0.0,0.0,31.0,868000.0,31.0,868000.0,02__MTO__SKY__HSN__96,ACECOOK SiuKay Mì Trộn Hải Sản Tô 96g,,Hàng hóa,d47efd88-8bd7-11f1-9b18-005056b2a5de,fe644aa9-20dc-4bc4-880f-99f2d7a213ef,c8220d45-8bd7-11f1-9b18-005056b2a5de,274,b6482b1f-e8c5-4921-ad59-6b055022c7e2,
02__MTO__YEU__CAY__105,OTOKI Mì Tô YEUL Cay 105g,Mì Tô,Tô,119.0,3332000.0,0.0,0.0,0.0,0.0,0.0,0.0,0.0,0.0,0.0,0.0,0.0,0.0,-10.0,-280000.0,-10.0,-280000.0,02__MTO__YEU__CAY__105,OTOKI Mì Tô YEUL Cay 105g,,Hàng hóa,d47efe1a-8bd7-11f1-9b18-005056b2a5de,c03b38c0-554f-46bc-965b-0b886eb5a59c,c8220d45-8bd7-11f1-9b18-005056b2a5de,275,b6482b1f-e8c5-4921-ad59-6b055022c7e2,
02__PGI__DNT__BOO__68,ACECOOK Đệ Nhất Phở Bò Gói 68g,Phở Gói,Gói,139.0,1502000.0,0.0,0.0,0.0,0.0,0.0,0.0,0.0,0.0,0.0,0.0,0.0,0.0,0.0,0.0,0.0,0.0,02__PGI__DNT__BOO__68,ACECOOK Đệ Nhất Phở Bò Gói 68g,,Hàng hóa,d47efeb1-8bd7-11f1-9b18-005056b2a5de,f0eabe94-3ef8-40a5-b88c-6ce49330e6e7,c8220d45-8bd7-11f1-9b18-005056b2a5de,276,097330eb-f92d-4b88-95a8-1a83fd3d8067,
02__PGI__DNT__GAA__67,ACECOOK Đệ Nhất Phở Gà Gói 67g,Phở Gói,Gói,81.0,867000.0,0.0,0.0,0.0,0.0,0.0,0.0,0.0,0.0,0.0,0.0,0.0,0.0,0.0,0.0,0.0,0.0,02__PGI__DNT__GAA__67,ACECOOK Đệ Nhất Phở Gà Gói 67g,,Hàng hóa,d47eff44-8bd7-11f1-9b18-005056b2a5de,bf002d93-ee21-4b61-9d89-bc4816898557,c8220d45-8bd7-11f1-9b18-005056b2a5de,277,097330eb-f92d-4b88-95a8-1a83fd3d8067,
02__PTO__NHO__BOO__74,ACECOOK NHỚ Phở Bò Tô 74g,Phở Tô,Tô,95.0,2014000.0,0.0,0.0,0.0,0.0,0.0,0.0,0.0,0.0,0.0,0.0,0.0,0.0,12.0,300000.0,12.0,300000.0,02__PTO__NHO__BOO__74,ACECOOK NHỚ Phở Bò Tô 74g,,Hàng hóa,d47effe3-8bd7-11f1-9b18-005056b2a5de,d1416c37-3795-4c61-9ba3-f0eef13489bf,c8220d45-8bd7-11f1-9b18-005056b2a5de,278,b6482b1f-e8c5-4921-ad59-6b055022c7e2,
02__TOG__OFO__PMI__140,OFOOD Tokpokki Hàn Quốc Vị Phô Mai Gói 140g,Tokpokki Gói,Gói,6.0,195000.0,0.0,0.0,0.0,0.0,0.0,0.0,0.0,0.0,0.0,0.0,0.0,0.0,0.0,0.0,0.0,0.0,02__TOG__OFO__PMI__140,OFOOD Tokpokki Hàn Quốc Vị Phô Mai Gói 140g,,Hàng hóa,d47f0109-8bd7-11f1-9b18-005056b2a5de,4509ea94-7df7-4bc9-8071-505edb63f3ae,c8220d45-8bd7-11f1-9b18-005056b2a5de,279,097330eb-f92d-4b88-95a8-1a83fd3d8067,
02__TOG__OFO__TTG__140,OFOOD Tokpokki Hàn Quốc Vị Truyền Thống Gói 140g,Tokpokki Gói,Gói,9.0,295000.0,0.0,0.0,0.0,0.0,0.0,0.0,0.0,0.0,0.0,0.0,0.0,0.0,0.0,0.0,0.0,0.0,02__TOG__OFO__TTG__140,OFOOD Tokpokki Hàn Quốc Vị Truyền Thống Gói 140g,,Hàng hóa,d47f019f-8bd7-11f1-9b18-005056b2a5de,74a8631d-7e26-4364-a6c1-fdb96fcf325d,c8220d45-8bd7-11f1-9b18-005056b2a5de,280,097330eb-f92d-4b88-95a8-1a83fd3d8067,
02__TOL__OFO__PMI__105,OFOOD Tokpokki Hàn Quốc Vị Phô Mai Ly 105g,Tokpokki Ly,Hộp,185.0,5791000.0,0.0,0.0,0.0,0.0,0.0,0.0,0.0,0.0,0.0,0.0,0.0,0.0,28.0,1092000.0,28.0,1092000.0,02__TOL__OFO__PMI__105,OFOOD Tokpokki Hàn Quốc Vị Phô Mai Ly 105g,,Hàng hóa,d47f0239-8bd7-11f1-9b18-005056b2a5de,48c8f143-171b-4f4b-9d27-831e75c322f8,c8220d45-8bd7-11f1-9b18-005056b2a5de,281,097330eb-f92d-4b88-95a8-1a83fd3d8064,
02__TOL__OFO__TTG__105,OFOOD Tokpokki Hàn Quốc Vị Truyền Thống Ly 105g,Tokpokki Ly,Hộp,159.0,5131000.0,0.0,0.0,0.0,0.0,0.0,0.0,1.0,33000.0,0.0,0.0,0.0,0.0,33.0,1287000.0,33.0,1287000.0,02__TOL__OFO__TTG__105,OFOOD Tokpokki Hàn Quốc Vị Truyền Thống Ly 105g,,Hàng hóa,d47f02ce-8bd7-11f1-9b18-005056b2a5de,a5fe4c31-343c-473e-b247-64bbdcd85e9b,c8220d45-8bd7-11f1-9b18-005056b2a5de,282,097330eb-f92d-4b88-95a8-1a83fd3d8064,
02__XXH__HDH__PMI__500,HOA DOANH HOT DOG Xúc Xích Phô Mai 500g,,Cái,1.0,22000.0,0.0,0.0,0.0,0.0,0.0,0.0,0.0,0.0,0.0,0.0,0.0,0.0,1.0,22000.0,1.0,22000.0,02__XXH__HDH__PMI__500,HOA DOANH HOT DOG Xúc Xích Phô Mai 500g,,Hàng hóa,d47f0363-8bd7-11f1-9b18-005056b2a5de,7fa6fc4c-706c-477a-be4d-b065d1c77567,c8220d45-8bd7-11f1-9b18-005056b2a5de,283,097330eb-f92d-4b88-95a8-1a83fd3d8061,
02__XXH__MAS__PBB__72,MASAN Xúc Xích Heo Cao Bồi Lắc Phô Mai Bắp Bơ 72g,Xúc Xích,Hũ,38.0,539000.0,0.0,0.0,0.0,0.0,0.0,0.0,0.0,0.0,0.0,0.0,0.0,0.0,2.0,30000.0,2.0,30000.0,02__XXH__MAS__PBB__72,MASAN Xúc Xích Heo Cao Bồi Lắc Phô Mai Bắp Bơ 72g,,Hàng hóa,d47f03f8-8bd7-11f1-9b18-005056b2a5de,36c614fe-67b6-4465-8ae0-56f2b091cacc,c8220d45-8bd7-11f1-9b18-005056b2a5de,284,315cd7c9-f951-4e88-888d-9acc60b4a4fc,
02__XXH__MAS__PMI__72,MASAN Xúc Xích Heo Cao Bồi Lắc Phô Mai 72g,Xúc Xích,Hũ,34.0,460000.0,0.0,0.0,0.0,0.0,0.0,0.0,0.0,0.0,0.0,0.0,0.0,0.0,1.0,15000.0,1.0,15000.0,02__XXH__MAS__PMI__72,MASAN Xúc Xích Heo Cao Bồi Lắc Phô Mai 72g,,Hàng hóa,d47f048f-8bd7-11f1-9b18-005056b2a5de,aae5d89d-bfa5-4f53-a7c6-e093f7c5f9e9,c8220d45-8bd7-11f1-9b18-005056b2a5de,285,315cd7c9-f951-4e88-888d-9acc60b4a4fc,
02__XXH__MAS__SPA__72,MASAN Xúc Xích Heo Cao Bồi Xốt Spaghetti 72g,Xúc Xích,Hũ,10.0,120000.0,0.0,0.0,0.0,0.0,0.0,0.0,0.0,0.0,0.0,0.0,0.0,0.0,0.0,0.0,0.0,0.0,02__XXH__MAS__SPA__72,MASAN Xúc Xích Heo Cao Bồi Xốt Spaghetti 72g,,Hàng hóa,d47f0527-8bd7-11f1-9b18-005056b2a5de,df5e4f4d-f136-4e08-a540-b41d06feec2f,c8220d45-8bd7-11f1-9b18-005056b2a5de,286,315cd7c9-f951-4e88-888d-9acc60b4a4fc,
02__XXH__MAS__TNG__64,MASAN Xúc Xích Heo Cao Bồi Thịt Nướng Phô Mai 64g,Xúc Xích,Hũ,11.0,154000.0,0.0,0.0,0.0,0.0,0.0,0.0,0.0,0.0,0.0,0.0,0.0,0.0,0.0,0.0,0.0,0.0,02__XXH__MAS__TNG__64,MASAN Xúc Xích Heo Cao Bồi Thịt Nướng Phô Mai 64g,,Hàng hóa,d47f05bc-8bd7-11f1-9b18-005056b2a5de,4a820029-7b89-43ae-b070-0a23e148bae5,c8220d45-8bd7-11f1-9b18-005056b2a5de,287,315cd7c9-f951-4e88-888d-9acc60b4a4fc,
02__XXH__MAS__TSA__72,MASAN Xúc Xích Heo Cao Bồi Xốt Tôm Sữa 72g,Xúc Xích,Hũ,24.0,317000.0,0.0,0.0,0.0,0.0,0.0,0.0,0.0,0.0,0.0,0.0,0.0,0.0,0.0,0.0,0.0,0.0,02__XXH__MAS__TSA__72,MASAN Xúc Xích Heo Cao Bồi Xốt Tôm Sữa 72g,,Hàng hóa,d47f065e-8bd7-11f1-9b18-005056b2a5de,408d23bb-f2d2-4381-a5a6-5d8d7dc582a7,c8220d45-8bd7-11f1-9b18-005056b2a5de,288,315cd7c9-f951-4e88-888d-9acc60b4a4fc,
02__XXH__MAS__XTM__70,MASAN Xúc Xích Heo Cao Bồi Xốt Trứng Muối Hũ 70g,Xúc Xích,Hũ,6.0,87000.0,0.0,0.0,0.0,0.0,0.0,0.0,0.0,0.0,0.0,0.0,0.0,0.0,0.0,0.0,0.0,0.0,02__XXH__MAS__XTM__70,MASAN Xúc Xích Heo Cao Bồi Xốt Trứng Muối Hũ 70g,,Hàng hóa,d47f06f5-8bd7-11f1-9b18-005056b2a5de,9a7f4031-4cf6-456a-b190-ef0aea181360,c8220d45-8bd7-11f1-9b18-005056b2a5de,289,315cd7c9-f951-4e88-888d-9acc60b4a4fc,
02__XXH__OFO__PMI__62,OFOOD Xúc Xích Xốt Phô Mai Hũ 62g,Xúc Xích,Hũ,43.0,602000.0,0.0,0.0,0.0,0.0,0.0,0.0,0.0,0.0,0.0,0.0,0.0,0.0,9.0,126000.0,9.0,126000.0,02__XXH__OFO__PMI__62,OFOOD Xúc Xích Xốt Phô Mai Hũ 62g,,Hàng hóa,d47f078a-8bd7-11f1-9b18-005056b2a5de,df7f0252-1179-4e6a-961b-4cae32faae76,c8220d45-8bd7-11f1-9b18-005056b2a5de,290,315cd7c9-f951-4e88-888d-9acc60b4a4fc,
02__XXH__OFO__SPA__62,OFOOD Xúc Xích Xốt Spaghetti Hũ 62g,Xúc Xích,Hũ,21.0,294000.0,0.0,0.0,0.0,0.0,0.0,0.0,0.0,0.0,0.0,0.0,0.0,0.0,0.0,0.0,0.0,0.0,02__XXH__OFO__SPA__62,OFOOD Xúc Xích Xốt Spaghetti Hũ 62g,,Hàng hóa,d47f0822-8bd7-11f1-9b18-005056b2a5de,883951a0-8e2b-4720-84d2-2299db405fba,c8220d45-8bd7-11f1-9b18-005056b2a5de,291,315cd7c9-f951-4e88-888d-9acc60b4a4fc,
02__XXH__OFO__TOK__62,OFOOD Xúc Xích Xốt Tokpokki Hũ 62g,Xúc Xích,Hũ,23.0,322000.0,0.0,0.0,0.0,0.0,0.0,0.0,0.0,0.0,0.0,0.0,0.0,0.0,0.0,0.0,0.0,0.0,02__XXH__OFO__TOK__62,OFOOD Xúc Xích Xốt Tokpokki Hũ 62g,,Hàng hóa,d47f08b5-8bd7-11f1-9b18-005056b2a5de,c1bf49c8-f85d-4f14-89e0-3533a4331d30,c8220d45-8bd7-11f1-9b18-005056b2a5de,292,315cd7c9-f951-4e88-888d-9acc60b4a4fc,
02__XXH__PON__BAP__28,PONNIE Xúc Xích Giòn Ăn Liền Vị Bắp 28g,Xúc Xích,Cái,852.0,6888000.0,0.0,0.0,0.0,0.0,0.0,0.0,0.0,0.0,0.0,0.0,0.0,0.0,12.0,108000.0,12.0,108000.0,02__XXH__PON__BAP__28,PONNIE Xúc Xích Giòn Ăn Liền Vị Bắp 28g,,Hàng hóa,d47f0947-8bd7-11f1-9b18-005056b2a5de,32e17b2e-27b2-43d3-aea0-5f489ce90e72,c8220d45-8bd7-11f1-9b18-005056b2a5de,293,097330eb-f92d-4b88-95a8-1a83fd3d8061,
02__XXH__PON__CAY__28,PONNIE Xúc Xích Giòn Ăn Liền Vị Cay 28g,Xúc Xích,Cái,1126.0,9077000.0,0.0,0.0,0.0,0.0,0.0,0.0,0.0,0.0,0.0,0.0,0.0,0.0,40.0,360000.0,40.0,360000.0,02__XXH__PON__CAY__28,PONNIE Xúc Xích Giòn Ăn Liền Vị Cay 28g,,Hàng hóa,d47f09d8-8bd7-11f1-9b18-005056b2a5de,6c4948af-903c-4506-adce-a492c879a82b,c8220d45-8bd7-11f1-9b18-005056b2a5de,294,097330eb-f92d-4b88-95a8-1a83fd3d8061,
02__XXH__PON__HEO__210,PONNIE Xúc Xích Dinh Dưỡng Bin&Bon Heo Bịch 210g,Xúc Xích,Bịch,80.0,2000000.0,0.0,0.0,0.0,0.0,0.0,0.0,0.0,0.0,0.0,0.0,0.0,0.0,2.0,50000.0,2.0,50000.0,02__XXH__PON__HEO__210,PONNIE Xúc Xích Dinh Dưỡng Bin&Bon Heo Bịch 210g,,Hàng hóa,d47f0a6f-8bd7-11f1-9b18-005056b2a5de,479fb5a9-7622-40eb-bd2b-b4870f7f9c1f,c8220d45-8bd7-11f1-9b18-005056b2a5de,295,097330eb-f92d-4b88-95a8-1a83fd3d8011,
02__XXH__PON__HEO__60,PONNIE Xúc Xích Dinh Dưỡng Bin&Bon Heo,Xúc Xích,Cái,6070.0,28978000.0,0.0,0.0,0.0,0.0,0.0,0.0,7.0,30000.0,0.0,0.0,0.0,0.0,514.0,3084000.0,514.0,3084000.0,02__XXH__PON__HEO__60,PONNIE Xúc Xích Dinh Dưỡng Bin&Bon Heo,,Hàng hóa,d47f0b02-8bd7-11f1-9b18-005056b2a5de,00b62c79-bfed-435f-8b35-3a1d324ad8c1,c8220d45-8bd7-11f1-9b18-005056b2a5de,296,097330eb-f92d-4b88-95a8-1a83fd3d8061,
02__XXH__PON__PMI__45,PONNIE Xúc Xích Nhân Phô Mai 45g,Xúc Xích,Cái,915.0,8666000.0,0.0,0.0,0.0,0.0,0.0,0.0,0.0,0.0,0.0,0.0,0.0,0.0,2.0,30000.0,2.0,30000.0,02__XXH__PON__PMI__45,PONNIE Xúc Xích Nhân Phô Mai 45g,,Hàng hóa,d47f0b9e-8bd7-11f1-9b18-005056b2a5de,2b5e38a6-8351-454a-a735-445ef54959f8,c8220d45-8bd7-11f1-9b18-005056b2a5de,297,097330eb-f92d-4b88-95a8-1a83fd3d8061,
02__XXH__PON__SNG__28,PONNIE Xúc Xích Giòn Ăn Liền Vị Sườn Nướng 28g,Xúc Xích,Cái,619.0,4934000.0,0.0,0.0,0.0,0.0,0.0,0.0,3.0,24000.0,0.0,0.0,0.0,0.0,35.0,315000.0,35.0,315000.0,02__XXH__PON__SNG__28,PONNIE Xúc Xích Giòn Ăn Liền Vị Sườn Nướng 28g,,Hàng hóa,d47f0c6d-8bd7-11f1-9b18-005056b2a5de,36e39ff8-2004-44f6-9918-c76460a311cd,c8220d45-8bd7-11f1-9b18-005056b2a5de,298,097330eb-f92d-4b88-95a8-1a83fd3d8061,
02__XXH__S2__BAP__34,S2 Xúc Xích Siume Bắp Ngọt 34g,Xúc Xích,Cái,103.0,824000.0,0.0,0.0,0.0,0.0,0.0,0.0,0.0,0.0,0.0,0.0,0.0,0.0,97.0,776000.0,97.0,776000.0,02__XXH__S2__BAP__34,S2 Xúc Xích Siume Bắp Ngọt 34g,,Hàng hóa,d47f0d02-8bd7-11f1-9b18-005056b2a5de,3e8a3b88-eed8-4aa4-aa70-9c1df37c6691,c8220d45-8bd7-11f1-9b18-005056b2a5de,299,097330eb-f92d-4b88-95a8-1a83fd3d8061,
02__XXH__S2__CAY__34,S2 Xúc Xích Siume Cay Tứ Xuyên 34g,Xúc Xích,Cái,107.0,856000.0,0.0,0.0,0.0,0.0,0.0,0.0,0.0,0.0,0.0,0.0,0.0,0.0,93.0,744000.0,93.0,744000.0,02__XXH__S2__CAY__34,S2 Xúc Xích Siume Cay Tứ Xuyên 34g,,Hàng hóa,d47f0d99-8bd7-11f1-9b18-005056b2a5de,591c61c0-c581-47d3-8315-06d7d11a8269,c8220d45-8bd7-11f1-9b18-005056b2a5de,300,097330eb-f92d-4b88-95a8-1a83fd3d8061,
02__XXH__S2__PMI__34,S2 Xúc Xích Siume Nhân Phô Mai 34g,Xúc Xích,Cái,119.0,952000.0,0.0,0.0,0.0,0.0,0.0,0.0,0.0,0.0,0.0,0.0,0.0,0.0,81.0,648000.0,81.0,648000.0,02__XXH__S2__PMI__34,S2 Xúc Xích Siume Nhân Phô Mai 34g,,Hàng hóa,d47f0e2f-8bd7-11f1-9b18-005056b2a5de,0c406a73-02b5-4938-91ba-5d04d20b608a,c8220d45-8bd7-11f1-9b18-005056b2a5de,301,097330eb-f92d-4b88-95a8-1a83fd3d8061,
02__XXH__VIS__DDG__1,VISSAN Xúc Xích Dinh Dưỡng,Xúc Xích,Cái,112.0,560000.0,0.0,0.0,0.0,0.0,0.0,0.0,0.0,0.0,0.0,0.0,0.0,0.0,8.0,40000.0,8.0,40000.0,02__XXH__VIS__DDG__1,VISSAN Xúc Xích Dinh Dưỡng,,Hàng hóa,d47f0ec0-8bd7-11f1-9b18-005056b2a5de,dab8960c-70f2-4733-a9a9-688823b548ea,c8220d45-8bd7-11f1-9b18-005056b2a5de,302,097330eb-f92d-4b88-95a8-1a83fd3d8061,
02__XXH__VIS__HEO__90,VISSAN Xúc Xích Tiệt Trùng Heo Bịch 90g (5 cây),Xúc Xích,Bịch,0.0,0.0,0.0,0.0,0.0,0.0,0.0,0.0,0.0,0.0,0.0,0.0,0.0,0.0,28.0,420000.0,28.0,420000.0,02__XXH__VIS__HEO__90,VISSAN Xúc Xích Tiệt Trùng Heo Bịch 90g (5 cây),,Hàng hóa,d47f104f-8bd7-11f1-9b18-005056b2a5de,294b2c32-4751-4f83-a1fd-0b7e8818700a,c8220d45-8bd7-11f1-9b18-005056b2a5de,303,097330eb-f92d-4b88-95a8-1a83fd3d8011,
03__BGO__OAN__NBO__120,ORION An Bánh Gạo Ngô Nướng Bơ 120g (16 gói),Bánh Gạo,Bịch,39.0,1259000.0,0.0,0.0,0.0,0.0,0.0,0.0,0.0,0.0,0.0,0.0,0.0,0.0,11.0,385000.0,11.0,385000.0,03__BGO__OAN__NBO__120,ORION An Bánh Gạo Ngô Nướng Bơ 120g (16 gói),,Hàng hóa,d47f1123-8bd7-11f1-9b18-005056b2a5de,d6a2af82-4877-4a44-9aab-96f15a613955,c8220d45-8bd7-11f1-9b18-005056b2a5de,304,097330eb-f92d-4b88-95a8-1a83fd3d8011,
03__BGO__OAN__PMI__1,ORION An Bánh Gạo Khoai Tây Phô Mai Nướng,Bánh Gạo,Bịch,2.0,52000.0,0.0,0.0,0.0,0.0,0.0,0.0,0.0,0.0,0.0,0.0,0.0,0.0,0.0,0.0,0.0,0.0,03__BGO__OAN__PMI__1,ORION An Bánh Gạo Khoai Tây Phô Mai Nướng,,Hàng hóa,d47f11e3-8bd7-11f1-9b18-005056b2a5de,545f89d4-03de-446e-87c5-e75e47a311b2,c8220d45-8bd7-11f1-9b18-005056b2a5de,305,097330eb-f92d-4b88-95a8-1a83fd3d8011,
03__BGO__OAN__RTT__145,ORION An Bánh Gạo Ruốc Thịt Đậm Đà 145g (14 gói),Bánh Gạo,Bịch,50.0,2125000.0,0.0,0.0,0.0,0.0,0.0,0.0,0.0,0.0,0.0,0.0,0.0,0.0,9.0,405000.0,9.0,405000.0,03__BGO__OAN__RTT__145,ORION An Bánh Gạo Ruốc Thịt Đậm Đà 145g (14 gói),,Hàng hóa,d47f12a4-8bd7-11f1-9b18-005056b2a5de,edd70c47-27b1-4c5f-acaa-4a66c8dd3b9c,c8220d45-8bd7-11f1-9b18-005056b2a5de,306,097330eb-f92d-4b88-95a8-1a83fd3d8011,
03__BGO__OAN__TAO__111,ORION An Bánh Gạo Vị Tảo 111g (14 gói),Bánh Gạo,Bịch,60.0,1362000.0,0.0,0.0,0.0,0.0,0.0,0.0,2.0,46000.0,0.0,0.0,0.0,0.0,7.0,161000.0,7.0,161000.0,03__BGO__OAN__TAO__111,ORION An Bánh Gạo Vị Tảo 111g (14 gói),,Hàng hóa,d47f133d-8bd7-11f1-9b18-005056b2a5de,fafd2609-a5b8-458d-825b-b81b5429c2c7,c8220d45-8bd7-11f1-9b18-005056b2a5de,307,097330eb-f92d-4b88-95a8-1a83fd3d8011,
03__BGO__OAN__TAO__174,ORION An Bánh Gạo Vị Tảo 174.9g (22 gói),Bánh Gạo,Bịch,1.0,30000.0,0.0,0.0,0.0,0.0,0.0,0.0,0.0,0.0,0.0,0.0,0.0,0.0,0.0,0.0,0.0,0.0,03__BGO__OAN__TAO__174,ORION An Bánh Gạo Vị Tảo 174.9g (22 gói),,Hàng hóa,d47f145e-8bd7-11f1-9b18-005056b2a5de,6831f077-0224-4faa-849b-8a70b894c1f6,c8220d45-8bd7-11f1-9b18-005056b2a5de,308,097330eb-f92d-4b88-95a8-1a83fd3d8011,
03__BGO__OAN__TNN__151,ORION An Bánh Gạo Vị Tự Nhiên 151g (14 gói),Bánh Gạo,Bịch,40.0,904000.0,0.0,0.0,0.0,0.0,0.0,0.0,0.0,0.0,0.0,0.0,0.0,0.0,9.0,207000.0,9.0,207000.0,03__BGO__OAN__TNN__151,ORION An Bánh Gạo Vị Tự Nhiên 151g (14 gói),,Hàng hóa,d47f14f2-8bd7-11f1-9b18-005056b2a5de,8672ef29-2f2d-478a-b670-2c130d775eb5,c8220d45-8bd7-11f1-9b18-005056b2a5de,309,097330eb-f92d-4b88-95a8-1a83fd3d8011,
03__BGO__OAN__TNN__226,ORION An Bánh Gạo Vị Tự Nhiên 226g (28 gói),Bánh Gạo,Bịch,1.0,45000.0,0.0,0.0,0.0,0.0,0.0,0.0,0.0,0.0,0.0,0.0,0.0,0.0,0.0,0.0,0.0,0.0,03__BGO__OAN__TNN__226,ORION An Bánh Gạo Vị Tự Nhiên 226g (28 gói),,Hàng hóa,d47f1586-8bd7-11f1-9b18-005056b2a5de,9f2305d5-9a64-4196-8374-288f30be27f8,c8220d45-8bd7-11f1-9b18-005056b2a5de,310,097330eb-f92d-4b88-95a8-1a83fd3d8011,
03__BGO__POC__BIH__108,POCA Làng Gạo 108g,Bánh Gạo,Bịch,1.0,40000.0,0.0,0.0,0.0,0.0,0.0,0.0,0.0,0.0,0.0,0.0,0.0,0.0,11.0,440000.0,11.0,440000.0,03__BGO__POC__BIH__108,POCA Làng Gạo 108g,,Hàng hóa,d47f161e-8bd7-11f1-9b18-005056b2a5de,aeebe371-ba4b-41a7-9b98-39dd811c4eef,c8220d45-8bd7-11f1-9b18-005056b2a5de,311,097330eb-f92d-4b88-95a8-1a83fd3d8011,
03__BGO__POC__CUA__48,POCA Làng Gạo Vị Cua Nướng Cay 48g,Bánh Gạo,Bịch,2.0,40000.0,0.0,0.0,0.0,0.0,0.0,0.0,0.0,0.0,0.0,0.0,0.0,0.0,-2.0,-40000.0,-2.0,-40000.0,03__BGO__POC__CUA__48,POCA Làng Gạo Vị Cua Nướng Cay 48g,,Hàng hóa,d47f16b2-8bd7-11f1-9b18-005056b2a5de,f7393725-b1e3-46f7-9b4a-b1973477ed48,c8220d45-8bd7-11f1-9b18-005056b2a5de,312,097330eb-f92d-4b88-95a8-1a83fd3d8011,
03__BGO__POC__PMI__48,POCA Làng Gạo Vị Phô Mai 48g,Bánh Gạo,Bịch,1.0,20000.0,0.0,0.0,0.0,0.0,0.0,0.0,0.0,0.0,0.0,0.0,0.0,0.0,-1.0,-20000.0,-1.0,-20000.0,03__BGO__POC__PMI__48,POCA Làng Gạo Vị Phô Mai 48g,,Hàng hóa,d47f1747-8bd7-11f1-9b18-005056b2a5de,3bf02278-daed-4e0d-80a1-ac68b3595a9a,c8220d45-8bd7-11f1-9b18-005056b2a5de,313,097330eb-f92d-4b88-95a8-1a83fd3d8011,
03__BGO__RJI__CSA__145,RICHY JINJU Bánh Gạo Cốm Sữa 145g (16 gói),Bánh Gạo,Bịch,10.0,380000.0,0.0,0.0,0.0,0.0,0.0,0.0,0.0,0.0,0.0,0.0,0.0,0.0,7.0,266000.0,7.0,266000.0,03__BGO__RJI__CSA__145,RICHY JINJU Bánh Gạo Cốm Sữa 145g (16 gói),,Hàng hóa,d47f17d8-8bd7-11f1-9b18-005056b2a5de,9a03b80d-c5e9-4d7a-a8a6-7312b0bc330c,c8220d45-8bd7-11f1-9b18-005056b2a5de,314,097330eb-f92d-4b88-95a8-1a83fd3d8011,
03__BGO__RJI__GMO__100,RICHY JINJU Bánh Gạo Ganjang Mật Ong 100g,Bánh Gạo,Bịch,18.0,453000.0,0.0,0.0,0.0,0.0,0.0,0.0,0.0,0.0,0.0,0.0,0.0,0.0,0.0,0.0,0.0,0.0,03__BGO__RJI__GMO__100,RICHY JINJU Bánh Gạo Ganjang Mật Ong 100g,,Hàng hóa,d47f186f-8bd7-11f1-9b18-005056b2a5de,be14a98d-97a8-4e30-a3a8-5868a82262d0,c8220d45-8bd7-11f1-9b18-005056b2a5de,315,097330eb-f92d-4b88-95a8-1a83fd3d8011,
03__BGO__WAN__BAP__170,WANT WANT Bánh Gạo Cuộn Vị Bắp Thanh Ngọt 170g,Bánh Gạo,Bịch,10.0,302000.0,0.0,0.0,0.0,0.0,0.0,0.0,0.0,0.0,0.0,0.0,0.0,0.0,3.0,105000.0,3.0,105000.0,03__BGO__WAN__BAP__170,WANT WANT Bánh Gạo Cuộn Vị Bắp Thanh Ngọt 170g,,Hàng hóa,d47f1902-8bd7-11f1-9b18-005056b2a5de,47a1dd94-513b-4992-a94f-2a1426be76d3,c8220d45-8bd7-11f1-9b18-005056b2a5de,316,097330eb-f92d-4b88-95a8-1a83fd3d8011,
03__BGO__WAN__PMI__170,WANT WANT Bánh Gạo Cuộn Vị Phô Mai 170g,Bánh Gạo,Bịch,16.0,470000.0,0.0,0.0,0.0,0.0,0.0,0.0,0.0,0.0,0.0,0.0,0.0,0.0,0.0,0.0,0.0,0.0,03__BGO__WAN__PMI__170,WANT WANT Bánh Gạo Cuộn Vị Phô Mai 170g,,Hàng hóa,d47f1995-8bd7-11f1-9b18-005056b2a5de,abae35c5-f622-4e4c-a479-1075f38add79,c8220d45-8bd7-11f1-9b18-005056b2a5de,317,097330eb-f92d-4b88-95a8-1a83fd3d8011,
03__BGO__WAN__RBN__170,WANT WANT Bánh Gạo Cuộn Vị Rong Biển 170g,Bánh Gạo,Bịch,12.0,348000.0,0.0,0.0,0.0,0.0,0.0,0.0,0.0,0.0,0.0,0.0,0.0,0.0,1.0,35000.0,1.0,35000.0,03__BGO__WAN__RBN__170,WANT WANT Bánh Gạo Cuộn Vị Rong Biển 170g,,Hàng hóa,d47f1a29-8bd7-11f1-9b18-005056b2a5de,f734fc92-3e63-4684-9597-40fbe3bddd58,c8220d45-8bd7-11f1-9b18-005056b2a5de,318,097330eb-f92d-4b88-95a8-1a83fd3d8011,
03__BLA__GIZ__CHO__90,GIZZA Bánh Tươi Chocolate 90g,Bánh Bông Lan,Cái,427.0,8315000.0,0.0,0.0,0.0,0.0,0.0,0.0,0.0,0.0,0.0,0.0,0.0,0.0,28.0,560000.0,28.0,560000.0,03__BLA__GIZ__CHO__90,GIZZA Bánh Tươi Chocolate 90g,,Hàng hóa,d47f1ad1-8bd7-11f1-9b18-005056b2a5de,e8d2b071-681c-42aa-b97f-4fab15b2572f,c8220d45-8bd7-11f1-9b18-005056b2a5de,319,097330eb-f92d-4b88-95a8-1a83fd3d8061,
03__BLA__GIZ__MAT__90,GIZZA Bánh Tươi Matcha 90g,Bánh Bông Lan,Cái,387.0,7605000.0,0.0,0.0,0.0,0.0,0.0,0.0,1.0,20000.0,0.0,0.0,0.0,0.0,19.0,380000.0,19.0,380000.0,03__BLA__GIZ__MAT__90,GIZZA Bánh Tươi Matcha 90g,,Hàng hóa,d47f1b66-8bd7-11f1-9b18-005056b2a5de,09d24ef3-cf0a-43a4-8ee3-aefde59d6f00,c8220d45-8bd7-11f1-9b18-005056b2a5de,320,097330eb-f92d-4b88-95a8-1a83fd3d8061,
03__BLA__GIZ__ORI__90,GIZZA Bánh Tươi Original 90g,Bánh Bông Lan,Cái,375.0,7359000.0,0.0,0.0,0.0,0.0,0.0,0.0,0.0,0.0,0.0,0.0,0.0,0.0,-7.0,-140000.0,-7.0,-140000.0,03__BLA__GIZ__ORI__90,GIZZA Bánh Tươi Original 90g,,Hàng hóa,d47f1bfa-8bd7-11f1-9b18-005056b2a5de,81b50640-2576-4965-ba60-44ee792ee537,c8220d45-8bd7-11f1-9b18-005056b2a5de,321,097330eb-f92d-4b88-95a8-1a83fd3d8061,
03__BLA__HCA__DUA__25,HURA Castella Bánh Ăn Sáng Xốt Phô Mai Dừa Bịch 25g,Bánh Bông Lan,Bịch,19.0,185000.0,0.0,0.0,0.0,0.0,0.0,0.0,0.0,0.0,0.0,0.0,0.0,0.0,48.0,336000.0,48.0,336000.0,03__BLA__HCA__DUA__25,HURA Castella Bánh Ăn Sáng Xốt Phô Mai Dừa Bịch 25g,,Hàng hóa,d47f1c8b-8bd7-11f1-9b18-005056b2a5de,d527d586-40e6-48ae-b508-1ce429c08011,c8220d45-8bd7-11f1-9b18-005056b2a5de,322,097330eb-f92d-4b88-95a8-1a83fd3d8011,
03__BLA__HCA__PMI__25,HURA Castella Bánh Ăn Sáng Xốt Phô Mai Trứng Muối Bịch 25g,Bánh Bông Lan,Bịch,72.0,568000.0,0.0,0.0,0.0,0.0,0.0,0.0,0.0,0.0,0.0,0.0,0.0,0.0,3.0,21000.0,3.0,21000.0,03__BLA__HCA__PMI__25,HURA Castella Bánh Ăn Sáng Xốt Phô Mai Trứng Muối Bịch 25g,,Hàng hóa,d47f1d1d-8bd7-11f1-9b18-005056b2a5de,a7cdc2a9-ea2e-47d0-8db9-8a819848dd79,c8220d45-8bd7-11f1-9b18-005056b2a5de,323,097330eb-f92d-4b88-95a8-1a83fd3d8011,
03__BLA__HDE__BSA__168,HURA DELI Bánh Bông Lan Bơ Sữa Gói Nhỏ,Bánh Bông Lan,Hộp,65.0,409000.0,0.0,0.0,0.0,0.0,0.0,0.0,0.0,0.0,0.0,0.0,0.0,0.0,20.0,140000.0,20.0,140000.0,03__BLA__HDE__BSA__168,HURA DELI Bánh Bông Lan Bơ Sữa Gói Nhỏ,,Hàng hóa,d47f1daf-8bd7-11f1-9b18-005056b2a5de,b5ee4c19-4ea9-45ea-80b8-ae6c8c1528e8,c8220d45-8bd7-11f1-9b18-005056b2a5de,324,097330eb-f92d-4b88-95a8-1a83fd3d8064,
03__BLA__HDE__CDA__168,HURA DELI Bánh Bông Lan Cốm Dừa Gói Nhỏ,Bánh Bông Lan,Hộp,72.0,468000.0,0.0,0.0,0.0,0.0,0.0,0.0,0.0,0.0,0.0,0.0,0.0,0.0,-12.0,-84000.0,-12.0,-84000.0,03__BLA__HDE__CDA__168,HURA DELI Bánh Bông Lan Cốm Dừa Gói Nhỏ,,Hàng hóa,d47f1e42-8bd7-11f1-9b18-005056b2a5de,e7122cda-af6b-41cb-abc3-25008e0f15d6,c8220d45-8bd7-11f1-9b18-005056b2a5de,325,097330eb-f92d-4b88-95a8-1a83fd3d8064,
03__BLA__HSW__DAU__36,HURA Swissroll Bánh Trứng Cuộn Kem Dâu 36g,Bánh Bông Lan,Hộp,36.0,352000.0,0.0,0.0,0.0,0.0,0.0,0.0,0.0,0.0,0.0,0.0,0.0,0.0,11.0,110000.0,11.0,110000.0,03__BLA__HSW__DAU__36,HURA Swissroll Bánh Trứng Cuộn Kem Dâu 36g,,Hàng hóa,d47f1ed5-8bd7-11f1-9b18-005056b2a5de,49880b41-109e-4ea8-8b4b-5c28aa6a0589,c8220d45-8bd7-11f1-9b18-005056b2a5de,326,097330eb-f92d-4b88-95a8-1a83fd3d8064,
03__BLA__HSW__SUA__36,HURA Swissroll Bánh Trứng Cuộn Kem Hương Bơ Sữa 36g,Bánh Bông Lan,Hộp,43.0,430000.0,0.0,0.0,0.0,0.0,0.0,0.0,0.0,0.0,0.0,0.0,0.0,0.0,4.0,40000.0,4.0,40000.0,03__BLA__HSW__SUA__36,HURA Swissroll Bánh Trứng Cuộn Kem Hương Bơ Sữa 36g,,Hàng hóa,d47f1f64-8bd7-11f1-9b18-005056b2a5de,0591e389-1773-4405-b55b-e6dd778b6d06,c8220d45-8bd7-11f1-9b18-005056b2a5de,327,097330eb-f92d-4b88-95a8-1a83fd3d8064,
03__BLA__LOT__BOU__324,LOTTE Chocolat Bánh Bouchee Vị Socola,Bánh Bông Lan,Hộp,41.0,318000.0,0.0,0.0,0.0,0.0,0.0,0.0,0.0,0.0,0.0,0.0,0.0,0.0,36.0,252000.0,36.0,252000.0,03__BLA__LOT__BOU__324,LOTTE Chocolat Bánh Bouchee Vị Socola,,Hàng hóa,d47f1ff4-8bd7-11f1-9b18-005056b2a5de,a09739ac-d08c-49c5-8249-73050d275463,c8220d45-8bd7-11f1-9b18-005056b2a5de,328,097330eb-f92d-4b88-95a8-1a83fd3d8064,
03__BLA__LOT__SOC__169,LOTTE Chocolat Bánh Socola,Bánh Bông Lan,Hộp,19.0,617000.0,0.0,0.0,0.0,0.0,0.0,0.0,0.0,0.0,0.0,0.0,0.0,0.0,1.0,33000.0,1.0,33000.0,03__BLA__LOT__SOC__169,LOTTE Chocolat Bánh Socola,,Hàng hóa,d47f2085-8bd7-11f1-9b18-005056b2a5de,a9399f1b-08c1-431d-b1c3-6150b6df99ea,c8220d45-8bd7-11f1-9b18-005056b2a5de,329,097330eb-f92d-4b88-95a8-1a83fd3d8064,
03__BLA__LOT__SOC__340,LOTTE Chocolat Bánh Socola Pie,Bánh Bông Lan,Hộp,66.0,524000.0,0.0,0.0,0.0,0.0,0.0,0.0,0.0,0.0,0.0,0.0,0.0,0.0,38.0,266000.0,38.0,266000.0,03__BLA__LOT__SOC__340,LOTTE Chocolat Bánh Socola Pie,,Hàng hóa,d47f2116-8bd7-11f1-9b18-005056b2a5de,96ee8428-419b-4e3a-a949-c75afd07a994,c8220d45-8bd7-11f1-9b18-005056b2a5de,330,097330eb-f92d-4b88-95a8-1a83fd3d8064,
03__BLA__LOT__TXH__169,LOTTE Chocolat Bánh Trà Xanh,Bánh Bông Lan,Hộp,19.0,622000.0,0.0,0.0,0.0,0.0,0.0,0.0,0.0,0.0,0.0,0.0,0.0,0.0,1.0,33000.0,1.0,33000.0,03__BLA__LOT__TXH__169,LOTTE Chocolat Bánh Trà Xanh,,Hàng hóa,d47f21aa-8bd7-11f1-9b18-005056b2a5de,e6248444-1ad9-4a2c-9336-16342b953831,c8220d45-8bd7-11f1-9b18-005056b2a5de,331,097330eb-f92d-4b88-95a8-1a83fd3d8064,
03__BLA__LOT__TXH__340,LOTTE Chocolate Vị Trà Xanh,Bánh Bông Lan,Hộp,159.0,1041000.0,0.0,0.0,0.0,0.0,0.0,0.0,12.0,72000.0,0.0,0.0,0.0,0.0,14.0,98000.0,14.0,98000.0,03__BLA__LOT__TXH__340,LOTTE Chocolate Vị Trà Xanh,,Hàng hóa,d47f223c-8bd7-11f1-9b18-005056b2a5de,61b4af60-fb64-4c80-87a7-e6c162ee6726,c8220d45-8bd7-11f1-9b18-005056b2a5de,332,097330eb-f92d-4b88-95a8-1a83fd3d8064,
03__BLA__OCC__PK2__73,ORION Chocopie 72.6g (2 gói),Bánh Bông Lan,Hộp,40.0,512000.0,0.0,0.0,0.0,0.0,0.0,0.0,0.0,0.0,0.0,0.0,0.0,0.0,1.0,13000.0,1.0,13000.0,03__BLA__OCC__PK2__73,ORION Chocopie 72.6g (2 gói),,Hàng hóa,d47f22cc-8bd7-11f1-9b18-005056b2a5de,289c1db3-bc0b-4f05-82ea-2a3f18c06b5d,c8220d45-8bd7-11f1-9b18-005056b2a5de,333,097330eb-f92d-4b88-95a8-1a83fd3d8064,
03__BLA__OCC__PK6__218,ORION Chocopie,Bánh Bông Lan,Hộp,115.0,1342000.0,0.0,0.0,0.0,0.0,0.0,0.0,0.0,0.0,0.0,0.0,0.0,0.0,2.0,16000.0,2.0,16000.0,03__BLA__OCC__PK6__218,ORION Chocopie,,Hàng hóa,d47f235b-8bd7-11f1-9b18-005056b2a5de,0cde41c2-c1ce-4c30-a3a5-43f68729bffb,c8220d45-8bd7-11f1-9b18-005056b2a5de,334,097330eb-f92d-4b88-95a8-1a83fd3d8064,
03__BLA__OCT__PK6__141,ORION Custas Nhân Kem Gói Nhỏ,Bánh Bông Lan,Hộp,142.0,1085000.0,0.0,0.0,0.0,0.0,0.0,0.0,0.0,0.0,0.0,0.0,0.0,0.0,34.0,272000.0,34.0,272000.0,03__BLA__OCT__PK6__141,ORION Custas Nhân Kem Gói Nhỏ,,Hàng hóa,d47f2554-8bd7-11f1-9b18-005056b2a5de,a0720f5c-adb7-4aa6-9e23-b92ba8c8a853,c8220d45-8bd7-11f1-9b18-005056b2a5de,335,097330eb-f92d-4b88-95a8-1a83fd3d8064,
03__BLA__ORO__HAZ__140,ORION Opera Chocolate Hazelnut 140g,Bánh Bông Lan,Hộp,8.0,304000.0,0.0,0.0,0.0,0.0,0.0,0.0,0.0,0.0,0.0,0.0,0.0,0.0,0.0,0.0,0.0,0.0,03__BLA__ORO__HAZ__140,ORION Opera Chocolate Hazelnut 140g,,Hàng hóa,d47f25fa-8bd7-11f1-9b18-005056b2a5de,adef85fe-7731-4af8-a374-1d1221d93d90,c8220d45-8bd7-11f1-9b18-005056b2a5de,336,097330eb-f92d-4b88-95a8-1a83fd3d8064,
03__BMI__KDY__BBQ__30,KIDO Dora-yaki Bánh Xốt BBQ Bịch 30g,Bánh Mì Mềm,Bịch,52.0,508000.0,0.0,0.0,0.0,0.0,0.0,0.0,1.0,10000.0,0.0,0.0,0.0,0.0,38.0,380000.0,38.0,380000.0,03__BMI__KDY__BBQ__30,KIDO Dora-yaki Bánh Xốt BBQ Bịch 30g,,Hàng hóa,d47f271d-8bd7-11f1-9b18-005056b2a5de,98158487-b992-4075-9480-26b418c5a0ef,c8220d45-8bd7-11f1-9b18-005056b2a5de,337,097330eb-f92d-4b88-95a8-1a83fd3d8011,
03__BMI__KDY__DDO__30,KIDO Dora-yaki Bánh Đậu Đỏ,Bánh Mì Mềm,Bịch,208.0,2032000.0,0.0,0.0,0.0,0.0,0.0,0.0,0.0,0.0,0.0,0.0,0.0,0.0,26.0,260000.0,26.0,260000.0,03__BMI__KDY__DDO__30,KIDO Dora-yaki Bánh Đậu Đỏ,,Hàng hóa,d47f27b0-8bd7-11f1-9b18-005056b2a5de,87f218fb-764c-4b2a-9389-d0d38c02228d,c8220d45-8bd7-11f1-9b18-005056b2a5de,338,097330eb-f92d-4b88-95a8-1a83fd3d8011,
03__BMI__KDY__PMI__30,KIDO Dora-yaki Bánh Chà Bông Xốt Phô Mai Bịch 30g,Bánh Mì Mềm,Bịch,212.0,2284000.0,0.0,0.0,0.0,0.0,0.0,0.0,0.0,0.0,0.0,0.0,0.0,0.0,28.0,280000.0,28.0,280000.0,03__BMI__KDY__PMI__30,KIDO Dora-yaki Bánh Chà Bông Xốt Phô Mai Bịch 30g,,Hàng hóa,d47f28c5-8bd7-11f1-9b18-005056b2a5de,01392e5a-9636-4c15-b75a-01a9d5c1548d,c8220d45-8bd7-11f1-9b18-005056b2a5de,339,097330eb-f92d-4b88-95a8-1a83fd3d8011,
03__BMI__KDY__SOC__30,KIDO Dora-yaki Bánh Vị Socola,Bánh Mì Mềm,Bịch,378.0,3958000.0,0.0,0.0,0.0,0.0,0.0,0.0,0.0,0.0,0.0,0.0,0.0,0.0,50.0,500000.0,50.0,500000.0,03__BMI__KDY__SOC__30,KIDO Dora-yaki Bánh Vị Socola,,Hàng hóa,d47f2963-8bd7-11f1-9b18-005056b2a5de,6783a387-2e7d-4068-a9b9-0ddc67304322,c8220d45-8bd7-11f1-9b18-005056b2a5de,340,097330eb-f92d-4b88-95a8-1a83fd3d8011,
03__BMI__KDY__TMI__30,KIDO Dora-yaki Bánh Chà Bông Xốt Trứng Muối Bịch 30g,Bánh Mì Mềm,Bịch,200.0,2206000.0,0.0,0.0,0.0,0.0,0.0,0.0,0.0,0.0,0.0,0.0,0.0,0.0,29.0,290000.0,29.0,290000.0,03__BMI__KDY__TMI__30,KIDO Dora-yaki Bánh Chà Bông Xốt Trứng Muối Bịch 30g,,Hàng hóa,d47f29f9-8bd7-11f1-9b18-005056b2a5de,52ca55bc-51e5-4925-a5b6-d73f29badfdd,c8220d45-8bd7-11f1-9b18-005056b2a5de,341,097330eb-f92d-4b88-95a8-1a83fd3d8011,
03__BMI__KDY__XBO__150,KIDO Dora-yaki Bánh Chà Bông Xốt Bơ 150g,Bánh Mì Mềm,Bịch,223.0,2296000.0,0.0,0.0,0.0,0.0,0.0,0.0,0.0,0.0,0.0,0.0,0.0,0.0,55.0,550000.0,55.0,550000.0,03__BMI__KDY__XBO__150,KIDO Dora-yaki Bánh Chà Bông Xốt Bơ 150g,,Hàng hóa,d47f2a91-8bd7-11f1-9b18-005056b2a5de,9f04550c-3924-4e2a-923f-b36d53ee4c55,c8220d45-8bd7-11f1-9b18-005056b2a5de,342,097330eb-f92d-4b88-95a8-1a83fd3d8011,
03__BMI__KID__CUC__80,KIDO Bánh Mì Hoa Cúc 80g,Bánh Mì Mềm,Bịch,74.0,1480000.0,0.0,0.0,0.0,0.0,0.0,0.0,0.0,0.0,0.0,0.0,0.0,0.0,7.0,140000.0,7.0,140000.0,03__BMI__KID__CUC__80,KIDO Bánh Mì Hoa Cúc 80g,,Hàng hóa,d47f2b24-8bd7-11f1-9b18-005056b2a5de,feb1ef9f-3223-44ce-86ed-443656b39259,c8220d45-8bd7-11f1-9b18-005056b2a5de,343,097330eb-f92d-4b88-95a8-1a83fd3d8011,
03__BMI__KID__DLO__40,KIDO Bánh Phô Mai Castella Hương Vị Đài Loan 40g,,Bịch,144.0,2050000.0,0.0,0.0,0.0,0.0,0.0,0.0,0.0,0.0,0.0,0.0,0.0,0.0,11.0,165000.0,11.0,165000.0,03__BMI__KID__DLO__40,KIDO Bánh Phô Mai Castella Hương Vị Đài Loan 40g,,Hàng hóa,d47f2bb8-8bd7-11f1-9b18-005056b2a5de,bdaeebf2-3361-47d1-82ae-c0ed5caf3436,c8220d45-8bd7-11f1-9b18-005056b2a5de,344,097330eb-f92d-4b88-95a8-1a83fd3d8011,
03__BMI__KID__DUA__80,KIDO Bánh Mì 6 Múi Kem Lá Dứa 80g,Bánh Mì Mềm,Bịch,59.0,827000.0,0.0,0.0,0.0,0.0,0.0,0.0,0.0,0.0,0.0,0.0,0.0,0.0,0.0,0.0,0.0,0.0,03__BMI__KID__DUA__80,KIDO Bánh Mì 6 Múi Kem Lá Dứa 80g,,Hàng hóa,d47f2c4a-8bd7-11f1-9b18-005056b2a5de,6bc714e6-2045-4b79-97ca-4f6d011c400a,c8220d45-8bd7-11f1-9b18-005056b2a5de,345,097330eb-f92d-4b88-95a8-1a83fd3d8011,
03__BMI__KID__HKK__55,KIDO Bánh Gà Nướng Xốt Hồng Kong 55g,Bánh Mì Mềm,Bịch,150.0,2129000.0,0.0,0.0,0.0,0.0,0.0,0.0,0.0,0.0,0.0,0.0,0.0,0.0,6.0,90000.0,6.0,90000.0,03__BMI__KID__HKK__55,KIDO Bánh Gà Nướng Xốt Hồng Kong 55g,,Hàng hóa,d47f2cde-8bd7-11f1-9b18-005056b2a5de,f9d5aef6-9d2b-4618-b308-ee3d78e55d67,c8220d45-8bd7-11f1-9b18-005056b2a5de,346,097330eb-f92d-4b88-95a8-1a83fd3d8011,
03__BMI__KID__SGP__55,KIDO Bánh Chà Bông Xốt Sigapore 55g,Bánh Mì Mềm,Bịch,253.0,3588000.0,0.0,0.0,0.0,0.0,0.0,0.0,0.0,0.0,0.0,0.0,0.0,0.0,16.0,240000.0,16.0,240000.0,03__BMI__KID__SGP__55,KIDO Bánh Chà Bông Xốt Sigapore 55g,,Hàng hóa,d47f2d76-8bd7-11f1-9b18-005056b2a5de,9dc12ba5-b66f-41e1-9228-9f2d4247546b,c8220d45-8bd7-11f1-9b18-005056b2a5de,347,097330eb-f92d-4b88-95a8-1a83fd3d8011,
03__BMI__KID__SOC__55,KIDO Bánh Mì Vị Socola 55g,Bánh Mì Mềm,Bịch,314.0,3232000.0,0.0,0.0,0.0,0.0,0.0,0.0,2.0,20000.0,0.0,0.0,0.0,0.0,9.0,108000.0,9.0,108000.0,03__BMI__KID__SOC__55,KIDO Bánh Mì Vị Socola 55g,,Hàng hóa,d47f2e08-8bd7-11f1-9b18-005056b2a5de,34a2b17e-2e5f-4cfb-90a0-ff59a7427327,c8220d45-8bd7-11f1-9b18-005056b2a5de,348,097330eb-f92d-4b88-95a8-1a83fd3d8011,
03__BMI__KID__SUA__55,KIDO Bánh Mì Vị Bơ Sữa 55g,Bánh Mì Mềm,Bịch,212.0,2168000.0,0.0,0.0,0.0,0.0,0.0,0.0,1.0,10000.0,0.0,0.0,0.0,0.0,6.0,72000.0,6.0,72000.0,03__BMI__KID__SUA__55,KIDO Bánh Mì Vị Bơ Sữa 55g,,Hàng hóa,d47f2e99-8bd7-11f1-9b18-005056b2a5de,a9b82a10-d3e8-4e19-b568-24a4779baf7f,c8220d45-8bd7-11f1-9b18-005056b2a5de,349,097330eb-f92d-4b88-95a8-1a83fd3d8011,
03__BMI__KID__SUA__80,KIDO Bánh Mì 6 Múi Vị Bơ Sữa 80g,Bánh Mì Mềm,Bịch,29.0,408000.0,0.0,0.0,0.0,0.0,0.0,0.0,0.0,0.0,0.0,0.0,0.0,0.0,8.0,120000.0,8.0,120000.0,03__BMI__KID__SUA__80,KIDO Bánh Mì 6 Múi Vị Bơ Sữa 80g,,Hàng hóa,d47f2f2a-8bd7-11f1-9b18-005056b2a5de,f78ba506-a6cb-43da-86d4-010afa5afd1d,c8220d45-8bd7-11f1-9b18-005056b2a5de,350,097330eb-f92d-4b88-95a8-1a83fd3d8011,
03__BMI__KID__TAK__55,KIDO Bánh TAKOYAKI Xốt Nhật Bản 55g,Bánh Mì Mềm,Bịch,65.0,910000.0,0.0,0.0,0.0,0.0,0.0,0.0,0.0,0.0,0.0,0.0,0.0,0.0,0.0,0.0,0.0,0.0,03__BMI__KID__TAK__55,KIDO Bánh TAKOYAKI Xốt Nhật Bản 55g,,Hàng hóa,d47f2fcd-8bd7-11f1-9b18-005056b2a5de,a23e7eda-cbd3-436f-8d0f-d859760a3f60,c8220d45-8bd7-11f1-9b18-005056b2a5de,351,097330eb-f92d-4b88-95a8-1a83fd3d8011,
03__BMI__OCB__BAG__36,ORION C'Est Bon Bánh Baguette Bịch 36g,Bánh Mì Mềm,Bịch,80.0,859000.0,0.0,0.0,0.0,0.0,0.0,0.0,0.0,0.0,0.0,0.0,0.0,0.0,-5.0,-50000.0,-5.0,-50000.0,03__BMI__OCB__BAG__36,ORION C'Est Bon Bánh Baguette Bịch 36g,,Hàng hóa,d47f3062-8bd7-11f1-9b18-005056b2a5de,aba8ad40-0c3b-4e23-9f23-be63015d44e8,c8220d45-8bd7-11f1-9b18-005056b2a5de,352,097330eb-f92d-4b88-95a8-1a83fd3d8011,
03__BMI__OCB__KPM__101,ORION C'Est Bon Bánh Kem Phô Mai,Bánh Mì Mềm,Bịch,250.0,1599000.0,0.0,0.0,0.0,0.0,0.0,0.0,0.0,0.0,0.0,0.0,0.0,0.0,11.0,88000.0,11.0,88000.0,03__BMI__OCB__KPM__101,ORION C'Est Bon Bánh Kem Phô Mai,,Hàng hóa,d47f30f5-8bd7-11f1-9b18-005056b2a5de,4865397a-370d-452a-b572-64d174f600f6,c8220d45-8bd7-11f1-9b18-005056b2a5de,353,097330eb-f92d-4b88-95a8-1a83fd3d8011,
03__BMI__OCB__MOC__1,ORION C'Est Bon Bánh Mochi Cốm Dừa,Bánh Mì Mềm,Cái,25.0,240000.0,0.0,0.0,0.0,0.0,0.0,0.0,0.0,0.0,0.0,0.0,0.0,0.0,5.0,50000.0,5.0,50000.0,03__BMI__OCB__MOC__1,ORION C'Est Bon Bánh Mochi Cốm Dừa,,Hàng hóa,d47f3188-8bd7-11f1-9b18-005056b2a5de,87abce21-6cb2-4594-8667-5ec0e2e6634e,c8220d45-8bd7-11f1-9b18-005056b2a5de,354,097330eb-f92d-4b88-95a8-1a83fd3d8061,
03__BMI__OCB__PMC__147,ORION C'Est Bon Bánh Sandwich,Bánh Mì Mềm,Bịch,170.0,1426000.0,0.0,0.0,0.0,0.0,0.0,0.0,0.0,0.0,0.0,0.0,0.0,0.0,16.0,144000.0,16.0,144000.0,03__BMI__OCB__PMC__147,ORION C'Est Bon Bánh Sandwich,,Hàng hóa,d47f321a-8bd7-11f1-9b18-005056b2a5de,a08fa467-5fcb-47f1-b943-911a1d1a942d,c8220d45-8bd7-11f1-9b18-005056b2a5de,355,097330eb-f92d-4b88-95a8-1a83fd3d8011,
03__BMI__OCB__TGA__85,ORION C'Est Bon Bánh Sợi Thịt Gà 85g,Bánh Mì Mềm,Bịch,186.0,1663000.0,0.0,0.0,0.0,0.0,0.0,0.0,0.0,0.0,0.0,0.0,0.0,0.0,19.0,152000.0,19.0,152000.0,03__BMI__OCB__TGA__85,ORION C'Est Bon Bánh Sợi Thịt Gà 85g,,Hàng hóa,d47f32ae-8bd7-11f1-9b18-005056b2a5de,d1ef4875-46cb-4967-999e-160e0a417a79,c8220d45-8bd7-11f1-9b18-005056b2a5de,356,097330eb-f92d-4b88-95a8-1a83fd3d8011,
03__BMI__RKA__PMC__192,RICHY KARO Bánh Phô Mai Chà Bông 192g (8 gói),Bánh Mì Mềm,Bịch,6.0,270000.0,0.0,0.0,0.0,0.0,0.0,0.0,0.0,0.0,0.0,0.0,0.0,0.0,9.0,486000.0,9.0,486000.0,03__BMI__RKA__PMC__192,RICHY KARO Bánh Phô Mai Chà Bông 192g (8 gói),,Hàng hóa,d47f3340-8bd7-11f1-9b18-005056b2a5de,5d59be7f-1053-42b6-82f3-aa536d912ce5,c8220d45-8bd7-11f1-9b18-005056b2a5de,357,097330eb-f92d-4b88-95a8-1a83fd3d8011,
03__BMI__RKA__TCB__156,RICHY KARO Bánh Trứng Tươi Chà Bông 156g (6 gói),Bánh Mì Mềm,Bịch,2.0,80000.0,0.0,0.0,0.0,0.0,0.0,0.0,0.0,0.0,0.0,0.0,0.0,0.0,4.0,192000.0,4.0,192000.0,03__BMI__RKA__TCB__156,RICHY KARO Bánh Trứng Tươi Chà Bông 156g (6 gói),,Hàng hóa,d47f33d5-8bd7-11f1-9b18-005056b2a5de,ef942313-a667-44e9-88b0-39b7c65b8996,c8220d45-8bd7-11f1-9b18-005056b2a5de,358,097330eb-f92d-4b88-95a8-1a83fd3d8011,
03__BQU__AFC__LMI__1,KINHDO AFC Bánh Quy Vị Lúa Mì,Bánh Quy,Hộp,12.0,474000.0,0.0,0.0,0.0,0.0,0.0,0.0,0.0,0.0,0.0,0.0,0.0,0.0,0.0,0.0,0.0,0.0,03__BQU__AFC__LMI__1,KINHDO AFC Bánh Quy Vị Lúa Mì,,Hàng hóa,d47f3467-8bd7-11f1-9b18-005056b2a5de,70e0b507-017e-4a26-a725-cb15767d53ea,c8220d45-8bd7-11f1-9b18-005056b2a5de,359,097330eb-f92d-4b88-95a8-1a83fd3d8064,
03__BQU__AFC__RAU__1,KINHDO AFC Bánh Quy Vị Rau,Bánh Quy,Hộp,12.0,470000.0,0.0,0.0,0.0,0.0,0.0,0.0,0.0,0.0,0.0,0.0,0.0,0.0,0.0,0.0,0.0,0.0,03__BQU__AFC__RAU__1,KINHDO AFC Bánh Quy Vị Rau,,Hàng hóa,d47f34f8-8bd7-11f1-9b18-005056b2a5de,6f89db2b-e2f4-45c9-a6e2-002eb3066ebe,c8220d45-8bd7-11f1-9b18-005056b2a5de,360,097330eb-f92d-4b88-95a8-1a83fd3d8064,
03__BQU__AFC__TAO__1,KINHDO AFC Bánh Quy Vị Tảo Biển,Bánh Quy,Hộp,8.0,308000.0,0.0,0.0,0.0,0.0,0.0,0.0,0.0,0.0,0.0,0.0,0.0,0.0,0.0,0.0,0.0,0.0,03__BQU__AFC__TAO__1,KINHDO AFC Bánh Quy Vị Tảo Biển,,Hàng hóa,d47f3589-8bd7-11f1-9b18-005056b2a5de,d3cab05b-eed8-4518-a4d4-13b2aa5d850c,c8220d45-8bd7-11f1-9b18-005056b2a5de,361,097330eb-f92d-4b88-95a8-1a83fd3d8064,
03__BQU__GER__PMI__180,GERY Cheese Crackers Bánh Quy Phô Mai Hộp 180g,Bánh Quy,Hộp,26.0,1300000.0,0.0,0.0,0.0,0.0,0.0,0.0,0.0,0.0,0.0,0.0,0.0,0.0,1.0,50000.0,1.0,50000.0,03__BQU__GER__PMI__180,GERY Cheese Crackers Bánh Quy Phô Mai Hộp 180g,,Hàng hóa,d47f361d-8bd7-11f1-9b18-005056b2a5de,b9611c24-29cb-45d1-adf5-15e14c27d053,c8220d45-8bd7-11f1-9b18-005056b2a5de,362,097330eb-f92d-4b88-95a8-1a83fd3d8064,
03__BQU__GOU__QME__128,ORION GOUTE Bánh Quy Mè 158g (4 gói),Bánh Quy,Hộp,15.0,537000.0,0.0,0.0,0.0,0.0,0.0,0.0,0.0,0.0,0.0,0.0,0.0,0.0,0.0,0.0,0.0,0.0,03__BQU__GOU__QME__128,ORION GOUTE Bánh Quy Mè 158g (4 gói),,Hàng hóa,d47f36b0-8bd7-11f1-9b18-005056b2a5de,4d81986e-f799-462c-bce1-73e22ae5e0b0,c8220d45-8bd7-11f1-9b18-005056b2a5de,363,097330eb-f92d-4b88-95a8-1a83fd3d8064,
03__BQU__HCO__GLT__250,HAPPY COOKIES Bánh Quy Ăn Kiêng Vị Gạo Lứt Hộp 250g,Bánh Quy,Hộp,4.0,215000.0,0.0,0.0,0.0,0.0,0.0,0.0,0.0,0.0,0.0,0.0,0.0,0.0,4.0,220000.0,4.0,220000.0,03__BQU__HCO__GLT__250,HAPPY COOKIES Bánh Quy Ăn Kiêng Vị Gạo Lứt Hộp 250g,,Hàng hóa,d47f3744-8bd7-11f1-9b18-005056b2a5de,b958591f-10b7-423f-866a-7524ddf2b069,c8220d45-8bd7-11f1-9b18-005056b2a5de,364,097330eb-f92d-4b88-95a8-1a83fd3d8064,
03__BQU__HCO__YMH__250,HAPPY COOKIES Bánh Quy Ăn Kiêng Vị Yến Mạch Hộp 250g,Bánh Quy,Hộp,10.0,535000.0,0.0,0.0,0.0,0.0,0.0,0.0,0.0,0.0,0.0,0.0,0.0,0.0,0.0,0.0,0.0,0.0,03__BQU__HCO__YMH__250,HAPPY COOKIES Bánh Quy Ăn Kiêng Vị Yến Mạch Hộp 250g,,Hàng hóa,d47f37d4-8bd7-11f1-9b18-005056b2a5de,e5c0a84c-bae5-4c88-b5f1-cefc66b14070,c8220d45-8bd7-11f1-9b18-005056b2a5de,365,097330eb-f92d-4b88-95a8-1a83fd3d8064,
03__BQU__LU__VER__200,LU Bánh Quy Veritable 200g,Bánh Quy,Gói,13.0,988000.0,0.0,0.0,0.0,0.0,0.0,0.0,2.0,152000.0,0.0,0.0,0.0,0.0,7.0,532000.0,7.0,532000.0,03__BQU__LU__VER__200,LU Bánh Quy Veritable 200g,,Hàng hóa,d47f3903-8bd7-11f1-9b18-005056b2a5de,2fc0c064-5901-4a00-8412-0f45be1b2920,c8220d45-8bd7-11f1-9b18-005056b2a5de,366,097330eb-f92d-4b88-95a8-1a83fd3d8067,
03__BQU__ORE__SOC__20,OREO Bánh Quy Hương Socola 20g,Bánh Quy,Bịch,187.0,1570000.0,0.0,0.0,0.0,0.0,0.0,0.0,0.0,0.0,0.0,0.0,0.0,0.0,87.0,783000.0,87.0,783000.0,03__BQU__ORE__SOC__20,OREO Bánh Quy Hương Socola 20g,,Hàng hóa,d47f3997-8bd7-11f1-9b18-005056b2a5de,3731e54d-ea7e-4726-b4f4-f44f10e72125,c8220d45-8bd7-11f1-9b18-005056b2a5de,367,097330eb-f92d-4b88-95a8-1a83fd3d8011,
03__BQU__ORE__SOC__64,OREO Bánh Quy Hương Socola Lớn 64g,Bánh Quy,Bịch,128.0,1986000.0,0.0,0.0,0.0,0.0,0.0,0.0,0.0,0.0,0.0,0.0,0.0,0.0,16.0,192000.0,16.0,192000.0,03__BQU__ORE__SOC__64,OREO Bánh Quy Hương Socola Lớn 64g,,Hàng hóa,d47f3a2b-8bd7-11f1-9b18-005056b2a5de,03b2d81d-08c0-4922-aaa5-24e8a29e287a,c8220d45-8bd7-11f1-9b18-005056b2a5de,368,097330eb-f92d-4b88-95a8-1a83fd3d8011,
03__BQU__ORE__VAN__20,OREO Bánh Quy Hương Vani 20g,Bánh Quy,Bịch,220.0,1986000.0,0.0,0.0,0.0,0.0,0.0,0.0,0.0,0.0,0.0,0.0,0.0,0.0,41.0,369000.0,41.0,369000.0,03__BQU__ORE__VAN__20,OREO Bánh Quy Hương Vani 20g,,Hàng hóa,d47f3abe-8bd7-11f1-9b18-005056b2a5de,acd33e82-2807-4051-a076-a79f818078a2,c8220d45-8bd7-11f1-9b18-005056b2a5de,369,097330eb-f92d-4b88-95a8-1a83fd3d8011,
03__BQU__ORE__VAN__64,OREO Bánh Quy Hương Vani Lớn 64g,Bánh Quy,Bịch,123.0,1941000.0,0.0,0.0,0.0,0.0,0.0,0.0,0.0,0.0,0.0,0.0,0.0,0.0,18.0,216000.0,18.0,216000.0,03__BQU__ORE__VAN__64,OREO Bánh Quy Hương Vani Lớn 64g,,Hàng hóa,d47f3b55-8bd7-11f1-9b18-005056b2a5de,88d5b5d4-4509-43a8-aeb1-aca85c12132a,c8220d45-8bd7-11f1-9b18-005056b2a5de,370,097330eb-f92d-4b88-95a8-1a83fd3d8011,
03__BQU__ORO__SOC__54,ORION Miz Bánh Quy Socola 54g,Bánh Quy,Bịch,27.0,405000.0,0.0,0.0,0.0,0.0,0.0,0.0,0.0,0.0,0.0,0.0,0.0,0.0,0.0,0.0,0.0,0.0,03__BQU__ORO__SOC__54,ORION Miz Bánh Quy Socola 54g,,Hàng hóa,d47f3be7-8bd7-11f1-9b18-005056b2a5de,4573c09d-0985-4871-9709-700623b3a3ac,c8220d45-8bd7-11f1-9b18-005056b2a5de,371,097330eb-f92d-4b88-95a8-1a83fd3d8011,
03__BQU__RIT__PMI__106,RITZ Bánh Quy Kem Phô Mai Hộp 106g,Bánh Quy,Hộp,22.0,940000.0,0.0,0.0,0.0,0.0,0.0,0.0,0.0,0.0,0.0,0.0,0.0,0.0,0.0,0.0,0.0,0.0,03__BQU__RIT__PMI__106,RITZ Bánh Quy Kem Phô Mai Hộp 106g,,Hàng hóa,d47f3c7b-8bd7-11f1-9b18-005056b2a5de,909821c9-cb03-42d3-94a8-92a3bbd9b3f4,c8220d45-8bd7-11f1-9b18-005056b2a5de,372,097330eb-f92d-4b88-95a8-1a83fd3d8064,
03__BQU__RIT__SAN__1,RITZ Crackers Sandwich Cheese 118g,Bánh Quy,Gói,35.0,946000.0,0.0,0.0,0.0,0.0,0.0,0.0,0.0,0.0,0.0,0.0,0.0,0.0,13.0,390000.0,13.0,390000.0,03__BQU__RIT__SAN__1,RITZ Crackers Sandwich Cheese 118g,,Hàng hóa,d47f3d0d-8bd7-11f1-9b18-005056b2a5de,b4835ed4-2ca9-41e6-8731-f1afa465dba7,c8220d45-8bd7-11f1-9b18-005056b2a5de,373,097330eb-f92d-4b88-95a8-1a83fd3d8067,
03__BQU__RKE__NOU__186,RICHY KENJU Bánh Kem Dẻo Nougat 186g,Bánh Quy,Bịch,12.0,592000.0,0.0,0.0,0.0,0.0,0.0,0.0,0.0,0.0,0.0,0.0,0.0,0.0,8.0,400000.0,8.0,400000.0,03__BQU__RKE__NOU__186,RICHY KENJU Bánh Kem Dẻo Nougat 186g,,Hàng hóa,d47f3da1-8bd7-11f1-9b18-005056b2a5de,d25d3c58-ee5a-4dc4-a180-54f3748ceddb,c8220d45-8bd7-11f1-9b18-005056b2a5de,374,097330eb-f92d-4b88-95a8-1a83fd3d8011,
03__BQU__RKE__RCU__192,RICHY KENJU Bánh Quy Rau Củ 192g,Bánh Quy,Bịch,19.0,867000.0,0.0,0.0,0.0,0.0,0.0,0.0,0.0,0.0,0.0,0.0,0.0,0.0,1.0,46000.0,1.0,46000.0,03__BQU__RKE__RCU__192,RICHY KENJU Bánh Quy Rau Củ 192g,,Hàng hóa,d47f3e33-8bd7-11f1-9b18-005056b2a5de,4e32b5db-8cf5-4b04-aa3c-db785aa9dbbf,c8220d45-8bd7-11f1-9b18-005056b2a5de,375,097330eb-f92d-4b88-95a8-1a83fd3d8011,
03__BQU__RKE__RCU__288,RICHY KENJU Bánh Quy Rau Củ Hộp 288g (24 gói),Bánh Quy,Bịch,5.0,328000.0,0.0,0.0,0.0,0.0,0.0,0.0,0.0,0.0,0.0,0.0,0.0,0.0,8.0,528000.0,8.0,528000.0,03__BQU__RKE__RCU__288,RICHY KENJU Bánh Quy Rau Củ Hộp 288g (24 gói),,Hàng hóa,d47f3ec5-8bd7-11f1-9b18-005056b2a5de,f74742fc-5b9e-416f-b61b-003cea36001b,c8220d45-8bd7-11f1-9b18-005056b2a5de,376,097330eb-f92d-4b88-95a8-1a83fd3d8011,
03__BQU__RKE__TOM__192,RICHY KENJU Bánh Quy Vị Tôm 192g,Bánh Quy,Bịch,20.0,918000.0,0.0,0.0,0.0,0.0,0.0,0.0,0.0,0.0,0.0,0.0,0.0,0.0,0.0,0.0,0.0,0.0,03__BQU__RKE__TOM__192,RICHY KENJU Bánh Quy Vị Tôm 192g,,Hàng hóa,d47f3f84-8bd7-11f1-9b18-005056b2a5de,2a373e0b-3da3-4897-a517-4f66e5ef6248,c8220d45-8bd7-11f1-9b18-005056b2a5de,377,097330eb-f92d-4b88-95a8-1a83fd3d8011,
03__BXO__BUN__SOC__43,KINDER BUNENO Bánh Socola 43g,Bánh Xốp,Cái,116.0,5206000.0,0.0,0.0,0.0,0.0,0.0,0.0,0.0,0.0,0.0,0.0,0.0,0.0,49.0,2205000.0,49.0,2205000.0,03__BXO__BUN__SOC__43,KINDER BUNENO Bánh Socola 43g,,Hàng hóa,d47f4035-8bd7-11f1-9b18-005056b2a5de,a3a14b99-d869-4841-9535-8030dcf6b055,c8220d45-8bd7-11f1-9b18-005056b2a5de,378,097330eb-f92d-4b88-95a8-1a83fd3d8061,
03__BXO__KAL__SDU__24,KALPA Bánh Xốp Kem Phủ Socola Dừa 24g,Bánh Xốp,Bịch,32.0,245000.0,0.0,0.0,0.0,0.0,0.0,0.0,4.0,32000.0,0.0,0.0,0.0,0.0,3.0,24000.0,3.0,24000.0,03__BXO__KAL__SDU__24,KALPA Bánh Xốp Kem Phủ Socola Dừa 24g,,Hàng hóa,d47f40c7-8bd7-11f1-9b18-005056b2a5de,89d426c7-5074-441f-9686-a41760a4829a,c8220d45-8bd7-11f1-9b18-005056b2a5de,379,097330eb-f92d-4b88-95a8-1a83fd3d8011,
03__BXO__KCH__PMI__1,KIDO Chocolatos Bánh Xốp Cuộn Vị Phô Mai,Bánh Xốp,Bịch,367.0,1085000.0,0.0,0.0,0.0,0.0,0.0,0.0,4.0,12000.0,0.0,0.0,0.0,0.0,128.0,384000.0,128.0,384000.0,03__BXO__KCH__PMI__1,KIDO Chocolatos Bánh Xốp Cuộn Vị Phô Mai,,Hàng hóa,d47f415a-8bd7-11f1-9b18-005056b2a5de,812ec377-7c57-4c3e-ada6-33f538e570e7,c8220d45-8bd7-11f1-9b18-005056b2a5de,380,097330eb-f92d-4b88-95a8-1a83fd3d8011,
03__BXO__KCH__SOC__1,KIDO Chocolatos Bánh Xốp Cuộn Vị Socola,Bánh Xốp,Cái,616.0,1668000.0,0.0,0.0,0.0,0.0,0.0,0.0,0.0,0.0,0.0,0.0,0.0,0.0,139.0,417000.0,139.0,417000.0,03__BXO__KCH__SOC__1,KIDO Chocolatos Bánh Xốp Cuộn Vị Socola,,Hàng hóa,d47f41f0-8bd7-11f1-9b18-005056b2a5de,5df3f1b9-dbbb-439e-8d20-f824f10dfa45,c8220d45-8bd7-11f1-9b18-005056b2a5de,381,097330eb-f92d-4b88-95a8-1a83fd3d8061,
03__BXO__KCH__SOD__1,KIDO Chocolatos Bánh Xốp Cuộn Vị Socola Đen,Bánh Xốp,Cái,1024.0,2832000.0,0.0,0.0,0.0,0.0,0.0,0.0,24.0,60000.0,0.0,0.0,0.0,0.0,116.0,348000.0,116.0,348000.0,03__BXO__KCH__SOD__1,KIDO Chocolatos Bánh Xốp Cuộn Vị Socola Đen,,Hàng hóa,d47f4299-8bd7-11f1-9b18-005056b2a5de,208ba11f-14d3-41ef-af54-116b27c536c6,c8220d45-8bd7-11f1-9b18-005056b2a5de,382,097330eb-f92d-4b88-95a8-1a83fd3d8061,
03__BXO__KCH__VAN__1,KIDO Chocolatos Bánh Xốp Cuộn Hương Vani,Bánh Xốp,Cái,460.0,1296000.0,0.0,0.0,0.0,0.0,0.0,0.0,0.0,0.0,0.0,0.0,0.0,0.0,149.0,447000.0,149.0,447000.0,03__BXO__KCH__VAN__1,KIDO Chocolatos Bánh Xốp Cuộn Hương Vani,,Hàng hóa,d47f432f-8bd7-11f1-9b18-005056b2a5de,436a7603-d1f0-47d7-b4da-1e20189738ef,c8220d45-8bd7-11f1-9b18-005056b2a5de,383,097330eb-f92d-4b88-95a8-1a83fd3d8061,
03__BXO__KID__SDN__336,KIDO Chocolatos Bánh Xốp Cuộn Vị Socola Đen 336g,Bánh Xốp,Hộp,2.0,120000.0,0.0,0.0,0.0,0.0,0.0,0.0,0.0,0.0,0.0,0.0,0.0,0.0,5.0,350000.0,5.0,350000.0,03__BXO__KID__SDN__336,KIDO Chocolatos Bánh Xốp Cuộn Vị Socola Đen 336g,,Hàng hóa,d47f43c2-8bd7-11f1-9b18-005056b2a5de,f2cf11a7-ad73-46f8-8239-73f888687cb4,c8220d45-8bd7-11f1-9b18-005056b2a5de,384,097330eb-f92d-4b88-95a8-1a83fd3d8064,
03__BXO__KID__SOC__336,KIDO Chocolatos Bánh Xốp Cuộn Vị Socola 336g,Bánh Xốp,Hộp,4.0,233000.0,0.0,0.0,0.0,0.0,0.0,0.0,0.0,0.0,0.0,0.0,0.0,0.0,4.0,280000.0,4.0,280000.0,03__BXO__KID__SOC__336,KIDO Chocolatos Bánh Xốp Cuộn Vị Socola 336g,,Hàng hóa,d47f4458-8bd7-11f1-9b18-005056b2a5de,bf07900e-15b7-4ee4-b666-49fd9863804c,c8220d45-8bd7-11f1-9b18-005056b2a5de,385,097330eb-f92d-4b88-95a8-1a83fd3d8064,
03__BXO__KID__VAN__288,KIDO Chocolatos Bánh Xốp Cuộn Hương Vani 288g,Bánh Xốp,Hộp,0.0,0.0,0.0,0.0,0.0,0.0,0.0,0.0,0.0,0.0,0.0,0.0,0.0,0.0,7.0,490000.0,7.0,490000.0,03__BXO__KID__VAN__288,KIDO Chocolatos Bánh Xốp Cuộn Hương Vani 288g,,Hàng hóa,d47f44ea-8bd7-11f1-9b18-005056b2a5de,d04fbcd2-b50f-4fc0-93c0-9c4fed0bb947,c8220d45-8bd7-11f1-9b18-005056b2a5de,386,097330eb-f92d-4b88-95a8-1a83fd3d8064,
03__BXO__KIT__DAU__17,KITKAT Bánh Xốp Dâu Gói 17g,Bánh Xốp,Cái,40.0,816000.0,0.0,0.0,0.0,0.0,0.0,0.0,2.0,44000.0,0.0,0.0,0.0,0.0,0.0,0.0,0.0,0.0,03__BXO__KIT__DAU__17,KITKAT Bánh Xốp Dâu Gói 17g,,Hàng hóa,d47f4583-8bd7-11f1-9b18-005056b2a5de,7b3eca23-c87b-43bc-aebe-ee38067683f2,c8220d45-8bd7-11f1-9b18-005056b2a5de,387,097330eb-f92d-4b88-95a8-1a83fd3d8061,
03__BXO__KIT__MLO__16,KITKAT Bánh Xốp Milo Gói 16g,Bánh Xốp,Cái,195.0,3615000.0,0.0,0.0,0.0,0.0,0.0,0.0,0.0,0.0,0.0,0.0,0.0,0.0,126.0,2520000.0,126.0,2520000.0,03__BXO__KIT__MLO__16,KITKAT Bánh Xốp Milo Gói 16g,,Hàng hóa,d47f4618-8bd7-11f1-9b18-005056b2a5de,dc27945b-decc-43a3-ac6f-77bc4e0c44ee,c8220d45-8bd7-11f1-9b18-005056b2a5de,388,097330eb-f92d-4b88-95a8-1a83fd3d8061,
03__BXO__KIT__SCS__15,KITKAT Bánh Xốp Socola Sữa Gói 15g,Bánh Xốp,Cái,361.0,4651000.0,0.0,0.0,0.0,0.0,0.0,0.0,10.0,130000.0,0.0,0.0,0.0,0.0,1.0,13000.0,1.0,13000.0,03__BXO__KIT__SCS__15,KITKAT Bánh Xốp Socola Sữa Gói 15g,,Hàng hóa,d47f46ab-8bd7-11f1-9b18-005056b2a5de,1c2decf8-bd88-4c5f-a6f7-e4737365c632,c8220d45-8bd7-11f1-9b18-005056b2a5de,389,097330eb-f92d-4b88-95a8-1a83fd3d8061,
03__BXO__KIT__TXH__17,KITKAT Bánh Xốp Trà Xanh Gói 17g,Bánh Xốp,Cái,195.0,3821000.0,0.0,0.0,0.0,0.0,0.0,0.0,0.0,0.0,0.0,0.0,0.0,0.0,131.0,2751000.0,131.0,2751000.0,03__BXO__KIT__TXH__17,KITKAT Bánh Xốp Trà Xanh Gói 17g,,Hàng hóa,d47f473d-8bd7-11f1-9b18-005056b2a5de,4c9dde93-79ac-4125-93d9-8251a3b968a7,c8220d45-8bd7-11f1-9b18-005056b2a5de,390,097330eb-f92d-4b88-95a8-1a83fd3d8061,
03__CCY__ROP__CBO__80,ROP Cơm Cháy Chà Bông Túi 80g,Cơm Cháy,Túi,18.0,810000.0,0.0,0.0,0.0,0.0,0.0,0.0,0.0,0.0,0.0,0.0,0.0,0.0,2.0,90000.0,2.0,90000.0,03__CCY__ROP__CBO__80,ROP Cơm Cháy Chà Bông Túi 80g,,Hàng hóa,d47f47cf-8bd7-11f1-9b18-005056b2a5de,0785f19a-a240-49ba-9cd4-7c6962afbf70,c8220d45-8bd7-11f1-9b18-005056b2a5de,391,097330eb-f92d-4b88-95a8-1a83fd3d8068,
03__CCY__ROP__PMT__80,ROP Cơm Cháy Phôi Mai Trứng Muối Túi 80g,Cơm Cháy,Túi,17.0,935000.0,0.0,0.0,0.0,0.0,0.0,0.0,0.0,0.0,0.0,0.0,0.0,0.0,2.0,110000.0,2.0,110000.0,03__CCY__ROP__PMT__80,ROP Cơm Cháy Phôi Mai Trứng Muối Túi 80g,,Hàng hóa,d47f4862-8bd7-11f1-9b18-005056b2a5de,da59048b-7927-4d8f-832e-d33c166f66ee,c8220d45-8bd7-11f1-9b18-005056b2a5de,392,097330eb-f92d-4b88-95a8-1a83fd3d8068,
03__CCY__ROP__RBI__80,ROP Cơm Cháy Rong Biển Chà Bông Túi 80g,Cơm Cháy,Túi,20.0,900000.0,0.0,0.0,0.0,0.0,0.0,0.0,0.0,0.0,0.0,0.0,0.0,0.0,0.0,0.0,0.0,0.0,03__CCY__ROP__RBI__80,ROP Cơm Cháy Rong Biển Chà Bông Túi 80g,,Hàng hóa,d47f48f8-8bd7-11f1-9b18-005056b2a5de,b833d9c0-4227-46f1-8cd2-9a0ce79c78b9,c8220d45-8bd7-11f1-9b18-005056b2a5de,393,097330eb-f92d-4b88-95a8-1a83fd3d8068,
03__CFG__NES__DDO__288,NESCAFE 3in1 Đỏ Vị Nguyên Bản Hộp 288g,Cà Phê Gói,Hộp,3.0,249000.0,0.0,0.0,0.0,0.0,0.0,0.0,0.0,0.0,0.0,0.0,0.0,0.0,3.0,249000.0,3.0,249000.0,03__CFG__NES__DDO__288,NESCAFE 3in1 Đỏ Vị Nguyên Bản Hộp 288g,,Hàng hóa,d47f498f-8bd7-11f1-9b18-005056b2a5de,1eef0917-e16e-4920-a2b8-b2e91f49e893,c8220d45-8bd7-11f1-9b18-005056b2a5de,394,097330eb-f92d-4b88-95a8-1a83fd3d8064,
03__CFG__NES__DEN__240,NESCAFE Việt Đen Đá Hộp 240g (15 gói),Cà Phê Gói,Hộp,2.0,168000.0,0.0,0.0,0.0,0.0,0.0,0.0,0.0,0.0,0.0,0.0,0.0,0.0,3.0,252000.0,3.0,252000.0,03__CFG__NES__DEN__240,NESCAFE Việt Đen Đá Hộp 240g (15 gói),,Hàng hóa,d47f4ab0-8bd7-11f1-9b18-005056b2a5de,209b1d6b-1e41-4b72-9ad5-99ff02e90849,c8220d45-8bd7-11f1-9b18-005056b2a5de,395,097330eb-f92d-4b88-95a8-1a83fd3d8064,
03__CFG__NES__KEM__288,NESCAFE 3in1 Vị Kem Sữa Hộp 288g,Cà Phê Gói,Hộp,3.0,219000.0,0.0,0.0,0.0,0.0,0.0,0.0,0.0,0.0,0.0,0.0,0.0,0.0,3.0,219000.0,3.0,219000.0,03__CFG__NES__KEM__288,NESCAFE 3in1 Vị Kem Sữa Hộp 288g,,Hàng hóa,d47f4b45-8bd7-11f1-9b18-005056b2a5de,28131e21-1d3a-4816-948c-ded31c5da348,c8220d45-8bd7-11f1-9b18-005056b2a5de,396,097330eb-f92d-4b88-95a8-1a83fd3d8064,
03__CFG__NES__XAH__288,NESCAFE 3in1 Xanh Vị Rang Đậm,Cà Phê Gói,Hộp,33.0,307000.0,0.0,0.0,0.0,0.0,0.0,0.0,0.0,0.0,0.0,0.0,0.0,0.0,-27.0,-189000.0,-27.0,-189000.0,03__CFG__NES__XAH__288,NESCAFE 3in1 Xanh Vị Rang Đậm,,Hàng hóa,d47f4bda-8bd7-11f1-9b18-005056b2a5de,d32f3196-464a-4baf-ba09-65aa1383832a,c8220d45-8bd7-11f1-9b18-005056b2a5de,397,097330eb-f92d-4b88-95a8-1a83fd3d8064,
03__CFG__VNC__ORI__20,VINACAFE Gold Original Gói 20g,Cà Phê Gói,Gói,152.0,760000.0,0.0,0.0,0.0,0.0,0.0,0.0,0.0,0.0,0.0,0.0,0.0,0.0,12.0,60000.0,12.0,60000.0,03__CFG__VNC__ORI__20,VINACAFE Gold Original Gói 20g,,Hàng hóa,d47f4d7d-8bd7-11f1-9b18-005056b2a5de,10849591-c3ce-4741-b0fb-c026cd20099f,c8220d45-8bd7-11f1-9b18-005056b2a5de,398,097330eb-f92d-4b88-95a8-1a83fd3d8067,
03__CFG__VNC__SDA__29,VINACAFE Chất Sài Gòn Cà Phê Sữa Đá Gói 29g,Cà Phê Gói,Gói,32.0,224000.0,0.0,0.0,0.0,0.0,0.0,0.0,0.0,0.0,0.0,0.0,0.0,0.0,0.0,0.0,0.0,0.0,03__CFG__VNC__SDA__29,VINACAFE Chất Sài Gòn Cà Phê Sữa Đá Gói 29g,,Hàng hóa,d47f4e23-8bd7-11f1-9b18-005056b2a5de,58aee8d1-c1f9-475f-af9a-66f7f768dc24,c8220d45-8bd7-11f1-9b18-005056b2a5de,399,097330eb-f92d-4b88-95a8-1a83fd3d8067,
03__CFH__TNN__CLA__204,TRUNG NGUYÊN Legend Classic Cà Phê Hòa Tan 204g,Cà Phê Hộp,Hộp,10.0,620000.0,0.0,0.0,0.0,0.0,0.0,0.0,0.0,0.0,0.0,0.0,0.0,0.0,2.0,124000.0,2.0,124000.0,03__CFH__TNN__CLA__204,TRUNG NGUYÊN Legend Classic Cà Phê Hòa Tan 204g,,Hàng hóa,d47f4ebc-8bd7-11f1-9b18-005056b2a5de,a08f8a92-609d-42d6-89cd-0db71bbcb835,c8220d45-8bd7-11f1-9b18-005056b2a5de,400,097330eb-f92d-4b88-95a8-1a83fd3d8064,
03__CFH__TNN__GOU__500,TRUNG NGUYÊN Gourmet Blend Cà Phê Rang Xay 500g,Cà Phê Hộp,Hộp,1.0,177000.0,0.0,0.0,0.0,0.0,0.0,0.0,0.0,0.0,0.0,0.0,0.0,0.0,11.0,1947000.0,11.0,1947000.0,03__CFH__TNN__GOU__500,TRUNG NGUYÊN Gourmet Blend Cà Phê Rang Xay 500g,,Hàng hóa,d47f4f52-8bd7-11f1-9b18-005056b2a5de,a664ff9a-80a8-49f6-bd20-e446aa256fac,c8220d45-8bd7-11f1-9b18-005056b2a5de,401,097330eb-f92d-4b88-95a8-1a83fd3d8064,
03__CFH__TNN__PAS__224,TRUNG NGUYÊN Legend Passiona Cà Phê Hòa Tan 224g,Cà Phê Hộp,Hộp,4.0,360000.0,0.0,0.0,0.0,0.0,0.0,0.0,0.0,0.0,0.0,0.0,0.0,0.0,7.0,630000.0,7.0,630000.0,03__CFH__TNN__PAS__224,TRUNG NGUYÊN Legend Passiona Cà Phê Hòa Tan 224g,,Hàng hóa,d47f4feb-8bd7-11f1-9b18-005056b2a5de,15d5e764-ca19-4e4c-86d8-a59e2fd5b7c5,c8220d45-8bd7-11f1-9b18-005056b2a5de,402,097330eb-f92d-4b88-95a8-1a83fd3d8064,
03__CFH__TNN__STO__340,TRUNG NGUYÊN Sáng Tạo 1 Cà Phê Rang Xay 340g,Cà Phê Hộp,Hộp,5.0,476000.0,0.0,0.0,0.0,0.0,0.0,0.0,0.0,0.0,0.0,0.0,0.0,0.0,4.0,384000.0,4.0,384000.0,03__CFH__TNN__STO__340,TRUNG NGUYÊN Sáng Tạo 1 Cà Phê Rang Xay 340g,,Hàng hóa,d47f5086-8bd7-11f1-9b18-005056b2a5de,899f1709-540c-4e96-8bbe-2679e2b36893,c8220d45-8bd7-11f1-9b18-005056b2a5de,403,097330eb-f92d-4b88-95a8-1a83fd3d8064,
03__CGA__ALA__CNG__26,ALACO Chân Gà Rút Xương Vị Cay Ngọt 26g,Chân Gà,Cái,1309.0,17440000.0,0.0,0.0,0.0,0.0,0.0,0.0,2.0,26000.0,0.0,0.0,0.0,0.0,-29.0,-406000.0,-29.0,-406000.0,03__CGA__ALA__CNG__26,ALACO Chân Gà Rút Xương Vị Cay Ngọt 26g,,Hàng hóa,d47f511b-8bd7-11f1-9b18-005056b2a5de,a1b7093f-87d3-469c-806e-4a20921805f4,c8220d45-8bd7-11f1-9b18-005056b2a5de,404,097330eb-f92d-4b88-95a8-1a83fd3d8061,
03__CGA__ALA__ORI__26,ALACO Chân Gà R.X Truyền Thống 26g,Chân Gà,Cái,932.0,12444000.0,0.0,0.0,0.0,0.0,0.0,0.0,2.0,28000.0,0.0,0.0,0.0,0.0,-30.0,-420000.0,-30.0,-420000.0,03__CGA__ALA__ORI__26,ALACO Chân Gà R.X Truyền Thống 26g,,Hàng hóa,d47f51b2-8bd7-11f1-9b18-005056b2a5de,cdfb3e78-caa9-469b-a3f3-8ca45ac64bdc,c8220d45-8bd7-11f1-9b18-005056b2a5de,405,097330eb-f92d-4b88-95a8-1a83fd3d8061,
03__CGA__ALA__TCA__35,ALACO Chân Gà Vị Tê Cay 35g,Chân Gà,Cái,831.0,9229000.0,0.0,0.0,0.0,0.0,0.0,0.0,2.0,22000.0,0.0,0.0,0.0,0.0,0.0,0.0,0.0,0.0,03__CGA__ALA__TCA__35,ALACO Chân Gà Vị Tê Cay 35g,,Hàng hóa,d47f524d-8bd7-11f1-9b18-005056b2a5de,1f481ef9-bfb0-45ba-a751-f7a12f771333,c8220d45-8bd7-11f1-9b18-005056b2a5de,406,097330eb-f92d-4b88-95a8-1a83fd3d8061,
03__DPG__TAN__MIX__200,TÂN TÂN Đậu Phộng Mix Hộp 200g,Đậu Phộng,Hộp,46.0,3312000.0,0.0,0.0,0.0,0.0,0.0,0.0,0.0,0.0,0.0,0.0,0.0,0.0,23.0,1656000.0,23.0,1656000.0,03__DPG__TAN__MIX__200,TÂN TÂN Đậu Phộng Mix Hộp 200g,,Hàng hóa,d47f52e1-8bd7-11f1-9b18-005056b2a5de,d5840b67-59e4-4647-8b47-0ca754e9d630,c8220d45-8bd7-11f1-9b18-005056b2a5de,407,097330eb-f92d-4b88-95a8-1a83fd3d8064,
03__DPG__TAN__TCY__28,TÂN TÂN Đậu Phộng Vị Tôm Gói 28g,Đậu Phộng,Gói,208.0,1604000.0,0.0,0.0,0.0,0.0,0.0,0.0,0.0,0.0,0.0,0.0,0.0,0.0,36.0,288000.0,36.0,288000.0,03__DPG__TAN__TCY__28,TÂN TÂN Đậu Phộng Vị Tôm Gói 28g,,Hàng hóa,d47f537b-8bd7-11f1-9b18-005056b2a5de,5d1f1335-be20-4eb3-9acb-4c58eca6c2af,c8220d45-8bd7-11f1-9b18-005056b2a5de,408,097330eb-f92d-4b88-95a8-1a83fd3d8067,
03__DPG__TAN__TOT__200,TÂN TÂN Đậu Phộng Tỏi Ớt Hộp 200g,Đậu Phộng,Hộp,53.0,3975000.0,0.0,0.0,0.0,0.0,0.0,0.0,0.0,0.0,0.0,0.0,0.0,0.0,17.0,1275000.0,17.0,1275000.0,03__DPG__TAN__TOT__200,TÂN TÂN Đậu Phộng Tỏi Ớt Hộp 200g,,Hàng hóa,d47f5412-8bd7-11f1-9b18-005056b2a5de,ab03a635-8665-4037-b8fe-82312381d4d6,c8220d45-8bd7-11f1-9b18-005056b2a5de,409,097330eb-f92d-4b88-95a8-1a83fd3d8064,
03__DPG__TAN__TOT__28,TÂN TÂN Đậu Phộng Nước Cốt Dừa 28g,Đậu Phộng,Gói,227.0,1767000.0,0.0,0.0,0.0,0.0,0.0,0.0,0.0,0.0,0.0,0.0,0.0,0.0,15.0,120000.0,15.0,120000.0,03__DPG__TAN__TOT__28,TÂN TÂN Đậu Phộng Nước Cốt Dừa 28g,,Hàng hóa,d47f54aa-8bd7-11f1-9b18-005056b2a5de,284a3c20-e934-45e8-83a0-9698f91894f5,c8220d45-8bd7-11f1-9b18-005056b2a5de,410,097330eb-f92d-4b88-95a8-1a83fd3d8067,
03__HBI__TDT__MUO__50,TRƯỜNG ĐẠT Hạt Bí Rang Củi Vị Muối Truyền Thống 50g,Hạt Bí,Bịch,121.0,1815000.0,0.0,0.0,0.0,0.0,0.0,0.0,0.0,0.0,0.0,0.0,0.0,0.0,14.0,210000.0,14.0,210000.0,03__HBI__TDT__MUO__50,TRƯỜNG ĐẠT Hạt Bí Rang Củi Vị Muối Truyền Thống 50g,,Hàng hóa,d47f553f-8bd7-11f1-9b18-005056b2a5de,d6aba3a4-6216-491b-88bf-197f4670dcc2,c8220d45-8bd7-11f1-9b18-005056b2a5de,411,097330eb-f92d-4b88-95a8-1a83fd3d8011,
03__HBI__TDT__MUO__500,TRƯỜNG ĐẠT Hạt Bí Rang Củi Vị Muối Truyền Thống 500g,Hạt Bí,Bịch,10.0,1160000.0,0.0,0.0,0.0,0.0,0.0,0.0,0.0,0.0,0.0,0.0,0.0,0.0,0.0,0.0,0.0,0.0,03__HBI__TDT__MUO__500,TRƯỜNG ĐẠT Hạt Bí Rang Củi Vị Muối Truyền Thống 500g,,Hàng hóa,d47f55d7-8bd7-11f1-9b18-005056b2a5de,3f6cd4e1-8c5d-476f-841f-43df36825d9c,c8220d45-8bd7-11f1-9b18-005056b2a5de,412,097330eb-f92d-4b88-95a8-1a83fd3d8011,
03__HDA__TDT__CUI__40,TRƯỜNG ĐẠT Hạt Dưa Rang Củi 40g,Hạt Dưa,Bịch,453.0,6477000.0,0.0,0.0,0.0,0.0,0.0,0.0,0.0,0.0,0.0,0.0,0.0,0.0,151.0,2265000.0,151.0,2265000.0,03__HDA__TDT__CUI__40,TRƯỜNG ĐẠT Hạt Dưa Rang Củi 40g,,Hàng hóa,d47f567e-8bd7-11f1-9b18-005056b2a5de,cb0c5437-09a5-4a1d-97a3-d991ff8d6b22,c8220d45-8bd7-11f1-9b18-005056b2a5de,413,097330eb-f92d-4b88-95a8-1a83fd3d8011,
03__HDA__TDT__CUI__500,TRƯỜNG ĐẠT Hạt Dưa Rang Củi 500g,Hạt Dưa,Bịch,17.0,2410000.0,0.0,0.0,0.0,0.0,0.0,0.0,5.0,700000.0,0.0,0.0,0.0,0.0,3.0,450000.0,3.0,450000.0,03__HDA__TDT__CUI__500,TRƯỜNG ĐẠT Hạt Dưa Rang Củi 500g,,Hàng hóa,d47f5715-8bd7-11f1-9b18-005056b2a5de,34097d14-cfd5-4c17-a770-62d57f60c544,c8220d45-8bd7-11f1-9b18-005056b2a5de,414,097330eb-f92d-4b88-95a8-1a83fd3d8011,
03__HDG__CHA__BIH__130,CHACHEER Hạt Hướng Dương Dừa 130g,Hạt Hướng Dương,Bịch,103.0,4018000.0,0.0,0.0,0.0,0.0,0.0,0.0,0.0,0.0,0.0,0.0,0.0,0.0,17.0,714000.0,17.0,714000.0,03__HDG__CHA__BIH__130,CHACHEER Hạt Hướng Dương Dừa 130g,,Hàng hóa,d47f57ac-8bd7-11f1-9b18-005056b2a5de,1166326d-f085-442a-9252-5abaf245c1e0,c8220d45-8bd7-11f1-9b18-005056b2a5de,415,097330eb-f92d-4b88-95a8-1a83fd3d8011,
03__HDG__CHA__DUA__40,CHACHEER Hạt Hướng Dương Dừa 40g,Hạt Hướng Dương,Bịch,220.0,3175000.0,0.0,0.0,0.0,0.0,0.0,0.0,0.0,0.0,0.0,0.0,0.0,0.0,0.0,0.0,0.0,0.0,03__HDG__CHA__DUA__40,CHACHEER Hạt Hướng Dương Dừa 40g,,Hàng hóa,d47f5843-8bd7-11f1-9b18-005056b2a5de,490bbbb2-9cad-45fb-8e4c-e579679cdffd,c8220d45-8bd7-11f1-9b18-005056b2a5de,416,097330eb-f92d-4b88-95a8-1a83fd3d8011,
03__HDG__CHA__NAM__100,CHACHEER Hạt Hướng Dương Nấm Trufle 100g,Hạt Hướng Dương,Bịch,27.0,945000.0,0.0,0.0,0.0,0.0,0.0,0.0,0.0,0.0,0.0,0.0,0.0,0.0,0.0,0.0,0.0,0.0,03__HDG__CHA__NAM__100,CHACHEER Hạt Hướng Dương Nấm Trufle 100g,,Hàng hóa,d47f58d7-8bd7-11f1-9b18-005056b2a5de,de779616-0e4a-41ca-a2fd-c051643add4f,c8220d45-8bd7-11f1-9b18-005056b2a5de,417,097330eb-f92d-4b88-95a8-1a83fd3d8011,
03__HDG__TDT__DUA__40,TRƯỜNG ĐẠT Hạt Hướng Dương Vị Dừa 40g,Hạt Hướng Dương,Bịch,32.0,448000.0,0.0,0.0,0.0,0.0,0.0,0.0,0.0,0.0,0.0,0.0,0.0,0.0,48.0,672000.0,48.0,672000.0,03__HDG__TDT__DUA__40,TRƯỜNG ĐẠT Hạt Hướng Dương Vị Dừa 40g,,Hàng hóa,d47f596f-8bd7-11f1-9b18-005056b2a5de,eb990db2-07c3-4379-8c8a-684eb1fbf713,c8220d45-8bd7-11f1-9b18-005056b2a5de,418,097330eb-f92d-4b88-95a8-1a83fd3d8011,
03__KCU__APL__2CH__84,ALPENLIEBE Kẹo 2CHEW Dâu & Nho 84g,Kẹo Cứng,Bịch,9.0,169000.0,0.0,0.0,0.0,0.0,0.0,0.0,0.0,0.0,0.0,0.0,0.0,0.0,0.0,0.0,0.0,0.0,03__KCU__APL__2CH__84,ALPENLIEBE Kẹo 2CHEW Dâu & Nho 84g,,Hàng hóa,d47f5a04-8bd7-11f1-9b18-005056b2a5de,66cb25ff-3453-48ea-94bb-5e0f4ab531ec,c8220d45-8bd7-11f1-9b18-005056b2a5de,419,097330eb-f92d-4b88-95a8-1a83fd3d8011,
03__KCU__BIB__HME__70,BIBICA Migita Kẹo Hương Me 70g,Kẹo Cứng,Bịch,23.0,276000.0,0.0,0.0,0.0,0.0,0.0,0.0,0.0,0.0,0.0,0.0,0.0,0.0,1.0,12000.0,1.0,12000.0,03__KCU__BIB__HME__70,BIBICA Migita Kẹo Hương Me 70g,,Hàng hóa,d47f5a98-8bd7-11f1-9b18-005056b2a5de,f6ef52a6-97de-4304-be35-f2fa308a70be,c8220d45-8bd7-11f1-9b18-005056b2a5de,420,097330eb-f92d-4b88-95a8-1a83fd3d8011,
03__KCU__CHU__POP__110,CHUPA CHUPS Kẹo Mút Mega Pop 110g,Kẹo Cứng,Bịch,2.0,140000.0,0.0,0.0,0.0,0.0,0.0,0.0,0.0,0.0,0.0,0.0,0.0,0.0,0.0,0.0,0.0,0.0,03__KCU__CHU__POP__110,CHUPA CHUPS Kẹo Mút Mega Pop 110g,,Hàng hóa,d47f5b2e-8bd7-11f1-9b18-005056b2a5de,aa9f69a1-e871-4224-bf85-cf4ec342cb16,c8220d45-8bd7-11f1-9b18-005056b2a5de,421,097330eb-f92d-4b88-95a8-1a83fd3d8011,
03__KCU__DYN__BHA__112,DYNAMITE Kẹo Bạc Hà Nhân Socola 112g,Kẹo Cứng,Bịch,29.0,649000.0,0.0,0.0,0.0,0.0,0.0,0.0,0.0,0.0,0.0,0.0,0.0,0.0,0.0,0.0,0.0,0.0,03__KCU__DYN__BHA__112,DYNAMITE Kẹo Bạc Hà Nhân Socola 112g,,Hàng hóa,d47f5bc5-8bd7-11f1-9b18-005056b2a5de,62bf2374-b2a7-48b3-8f6f-e6b084b54bcc,c8220d45-8bd7-11f1-9b18-005056b2a5de,422,097330eb-f92d-4b88-95a8-1a83fd3d8011,
03__KCU__DYN__OHG__96,DYNAMITE Kẹo Ổi Hồng Muối Ớt 96g,Kẹo Cứng,Bịch,25.0,583000.0,0.0,0.0,0.0,0.0,0.0,0.0,1.0,25000.0,0.0,0.0,0.0,0.0,0.0,0.0,0.0,0.0,03__KCU__DYN__OHG__96,DYNAMITE Kẹo Ổi Hồng Muối Ớt 96g,,Hàng hóa,d47f5d06-8bd7-11f1-9b18-005056b2a5de,b80eec97-4f95-4c92-97b5-4ef9e94ee717,c8220d45-8bd7-11f1-9b18-005056b2a5de,423,097330eb-f92d-4b88-95a8-1a83fd3d8011,
03__KCU__DYN__SBH__112,DYNAMITE Kẹo Nhai Nhân Socola Hương Bạc Hà 112g (Đỏ),Kẹo Cứng,Bịch,8.0,240000.0,0.0,0.0,0.0,0.0,0.0,0.0,0.0,0.0,0.0,0.0,0.0,0.0,0.0,0.0,0.0,0.0,03__KCU__DYN__SBH__112,DYNAMITE Kẹo Nhai Nhân Socola Hương Bạc Hà 112g (Đỏ),,Hàng hóa,d47f5d9a-8bd7-11f1-9b18-005056b2a5de,eae8bdd9-c3a3-4bb9-ae97-c10dc68ffb01,c8220d45-8bd7-11f1-9b18-005056b2a5de,424,097330eb-f92d-4b88-95a8-1a83fd3d8011,
03__KCU__DYN__XMO__96,DYNAMITE Kẹo Xoài Muối Ớt 96g,Kẹo Cứng,Bịch,20.0,436000.0,0.0,0.0,0.0,0.0,0.0,0.0,0.0,0.0,0.0,0.0,0.0,0.0,0.0,0.0,0.0,0.0,03__KCU__DYN__XMO__96,DYNAMITE Kẹo Xoài Muối Ớt 96g,,Hàng hóa,d47f5e2c-8bd7-11f1-9b18-005056b2a5de,e93539cf-1c34-4ef7-adda-5c0ebdc6db2d,c8220d45-8bd7-11f1-9b18-005056b2a5de,425,097330eb-f92d-4b88-95a8-1a83fd3d8011,
03__KCU__ESP__CAP__150,ESPREZZO Kẹo Cà Phê Nhân Cà Phê 150g,Kẹo Cứng,Bịch,9.0,197000.0,0.0,0.0,0.0,0.0,0.0,0.0,0.0,0.0,0.0,0.0,0.0,0.0,1.0,28000.0,1.0,28000.0,03__KCU__ESP__CAP__150,ESPREZZO Kẹo Cà Phê Nhân Cà Phê 150g,,Hàng hóa,d47f5ec0-8bd7-11f1-9b18-005056b2a5de,9d5a9f1a-51bf-4276-b6a4-d6a31754b9b9,c8220d45-8bd7-11f1-9b18-005056b2a5de,426,097330eb-f92d-4b88-95a8-1a83fd3d8011,
03__KCU__ESP__MOC__150,ESPREZZO Kẹo Cà Phê Nhân Mocha 150g,Kẹo Cứng,Bịch,9.0,217000.0,0.0,0.0,0.0,0.0,0.0,0.0,0.0,0.0,0.0,0.0,0.0,0.0,1.0,28000.0,1.0,28000.0,03__KCU__ESP__MOC__150,ESPREZZO Kẹo Cà Phê Nhân Mocha 150g,,Hàng hóa,d47f5f55-8bd7-11f1-9b18-005056b2a5de,b903ab19-2069-4cf7-8a59-50fe273d8cc5,c8220d45-8bd7-11f1-9b18-005056b2a5de,427,097330eb-f92d-4b88-95a8-1a83fd3d8011,
03__KCU__ESP__VAN__150,ESPREZZO Kẹo Cà Phê Nhân Vanila 150g,Kẹo Cứng,Bịch,9.0,212000.0,0.0,0.0,0.0,0.0,0.0,0.0,0.0,0.0,0.0,0.0,0.0,0.0,0.0,0.0,0.0,0.0,03__KCU__ESP__VAN__150,ESPREZZO Kẹo Cà Phê Nhân Vanila 150g,,Hàng hóa,d47f5ff6-8bd7-11f1-9b18-005056b2a5de,2888d5f5-5978-421f-88e3-0be1e311e539,c8220d45-8bd7-11f1-9b18-005056b2a5de,428,097330eb-f92d-4b88-95a8-1a83fd3d8011,
03__KCU__FIS__BHA__25,FISHERMAN's FRIEND Kẹo Cay Con Tàu Hương Bạc Hà 25g,Kẹo Cứng,Bịch,9.0,297000.0,0.0,0.0,0.0,0.0,0.0,0.0,0.0,0.0,0.0,0.0,0.0,0.0,1.0,33000.0,1.0,33000.0,03__KCU__FIS__BHA__25,FISHERMAN's FRIEND Kẹo Cay Con Tàu Hương Bạc Hà 25g,,Hàng hóa,d47f608c-8bd7-11f1-9b18-005056b2a5de,66a5fcd3-d2e4-48ba-b81e-be1def0d7a01,c8220d45-8bd7-11f1-9b18-005056b2a5de,429,097330eb-f92d-4b88-95a8-1a83fd3d8011,
03__KCU__FIS__CHE__25,FISHERMAN'S FRIEND Kẹo Cay Con Tàu Hương Cherry 25g,Kẹo Cứng,Bịch,9.0,283000.0,0.0,0.0,0.0,0.0,0.0,0.0,0.0,0.0,0.0,0.0,0.0,0.0,0.0,0.0,0.0,0.0,03__KCU__FIS__CHE__25,FISHERMAN'S FRIEND Kẹo Cay Con Tàu Hương Cherry 25g,,Hàng hóa,d47f611d-8bd7-11f1-9b18-005056b2a5de,0c273acd-cd8d-4b8a-aad3-9d22b606e1f1,c8220d45-8bd7-11f1-9b18-005056b2a5de,430,097330eb-f92d-4b88-95a8-1a83fd3d8011,
03__KCU__FIS__QUT__25,FISHERMAN'S FRIEND Kẹo Cay Con Tàu Hương Quýt 25g,Kẹo Cứng,Bịch,12.0,388000.0,0.0,0.0,0.0,0.0,0.0,0.0,0.0,0.0,0.0,0.0,0.0,0.0,0.0,0.0,0.0,0.0,03__KCU__FIS__QUT__25,FISHERMAN'S FRIEND Kẹo Cay Con Tàu Hương Quýt 25g,,Hàng hóa,d47f61af-8bd7-11f1-9b18-005056b2a5de,5975a344-39dd-47f4-82e5-6d48f7141397,c8220d45-8bd7-11f1-9b18-005056b2a5de,431,097330eb-f92d-4b88-95a8-1a83fd3d8011,
03__KCU__FIS__SPE__25,FISHERMAN'S FRIEND Kẹo Cay Con Tàu Hương Spearmint 25g,Kẹo Cứng,Bịch,8.0,250000.0,0.0,0.0,0.0,0.0,0.0,0.0,0.0,0.0,0.0,0.0,0.0,0.0,1.0,33000.0,1.0,33000.0,03__KCU__FIS__SPE__25,FISHERMAN'S FRIEND Kẹo Cay Con Tàu Hương Spearmint 25g,,Hàng hóa,d47f6256-8bd7-11f1-9b18-005056b2a5de,5fd9ed36-9248-4c35-aa02-837898490f7c,c8220d45-8bd7-11f1-9b18-005056b2a5de,432,097330eb-f92d-4b88-95a8-1a83fd3d8011,
03__KCU__FRE__APP__150,FRES Kẹo Apple Peach Bịch 150g,Kẹo Cứng,Bịch,15.0,380000.0,0.0,0.0,0.0,0.0,0.0,0.0,0.0,0.0,0.0,0.0,0.0,0.0,0.0,0.0,0.0,0.0,03__KCU__FRE__APP__150,FRES Kẹo Apple Peach Bịch 150g,,Hàng hóa,d47f62ed-8bd7-11f1-9b18-005056b2a5de,83dc65d5-d68e-449f-96e9-24523dc7448d,c8220d45-8bd7-11f1-9b18-005056b2a5de,433,097330eb-f92d-4b88-95a8-1a83fd3d8011,
03__KCU__FRE__GOI__150,FRES Kẹo The Bịch 150g,Kẹo Cứng,Bịch,24.0,567000.0,0.0,0.0,0.0,0.0,0.0,0.0,0.0,0.0,0.0,0.0,0.0,0.0,1.0,28000.0,1.0,28000.0,03__KCU__FRE__GOI__150,FRES Kẹo The Bịch 150g,,Hàng hóa,d47f6382-8bd7-11f1-9b18-005056b2a5de,8010c8d8-1bb5-47c8-a9c6-c703da2c82a3,c8220d45-8bd7-11f1-9b18-005056b2a5de,434,097330eb-f92d-4b88-95a8-1a83fd3d8011,
03__KCU__GIN__GUG__125,GINGERBON Kẹo Gừng Chanh Mật Ong Vàng 125g,Kẹo Cứng,Bịch,23.0,732000.0,0.0,0.0,0.0,0.0,0.0,0.0,0.0,0.0,0.0,0.0,0.0,0.0,0.0,0.0,0.0,0.0,03__KCU__GIN__GUG__125,GINGERBON Kẹo Gừng Chanh Mật Ong Vàng 125g,,Hàng hóa,d47f6417-8bd7-11f1-9b18-005056b2a5de,17816cf9-5130-4abb-b179-b013f59a784d,c8220d45-8bd7-11f1-9b18-005056b2a5de,435,097330eb-f92d-4b88-95a8-1a83fd3d8011,
03__KCU__GIN__HOG__125,GINGERBON Kẹo Gừng Hồng Bịch 125g,Kẹo Cứng,Bịch,12.0,372000.0,0.0,0.0,0.0,0.0,0.0,0.0,0.0,0.0,0.0,0.0,0.0,0.0,1.0,31000.0,1.0,31000.0,03__KCU__GIN__HOG__125,GINGERBON Kẹo Gừng Hồng Bịch 125g,,Hàng hóa,d47f64a9-8bd7-11f1-9b18-005056b2a5de,aa6bfc06-ba0d-4f3a-b32b-6dc76c2d211d,c8220d45-8bd7-11f1-9b18-005056b2a5de,436,097330eb-f92d-4b88-95a8-1a83fd3d8011,
03__KCU__GOL__ACT__109,GOLIA ACTIVE+ Kẹo 108.9g,Kẹo Cứng,Bịch,13.0,330000.0,0.0,0.0,0.0,0.0,0.0,0.0,0.0,0.0,0.0,0.0,0.0,0.0,6.0,180000.0,6.0,180000.0,03__KCU__GOL__ACT__109,GOLIA ACTIVE+ Kẹo 108.9g,,Hàng hóa,d47f653c-8bd7-11f1-9b18-005056b2a5de,c6750fbe-c443-4173-8065-09c5065ccc99,c8220d45-8bd7-11f1-9b18-005056b2a5de,437,097330eb-f92d-4b88-95a8-1a83fd3d8011,
03__KCU__KOP__CFE__135,KOPIKO Kẹo Cà Phê 135g,Kẹo Cứng,Bịch,19.0,456000.0,0.0,0.0,0.0,0.0,0.0,0.0,0.0,0.0,0.0,0.0,0.0,0.0,0.0,0.0,0.0,0.0,03__KCU__KOP__CFE__135,KOPIKO Kẹo Cà Phê 135g,,Hàng hóa,d47f65cc-8bd7-11f1-9b18-005056b2a5de,1384b968-2bf4-4b39-a4d4-19050f0dc3e9,c8220d45-8bd7-11f1-9b18-005056b2a5de,438,097330eb-f92d-4b88-95a8-1a83fd3d8011,
03__KCU__MTS__QMO__1,MENTOS Kẹo Nhai Hương Quả Mọng,Kẹo Cứng,Bịch,68.0,770000.0,0.0,0.0,0.0,0.0,0.0,0.0,0.0,0.0,0.0,0.0,0.0,0.0,10.0,120000.0,10.0,120000.0,03__KCU__MTS__QMO__1,MENTOS Kẹo Nhai Hương Quả Mọng,,Hàng hóa,d47f665e-8bd7-11f1-9b18-005056b2a5de,4640dc76-a9cf-496f-a42e-6d17b63ded61,c8220d45-8bd7-11f1-9b18-005056b2a5de,439,097330eb-f92d-4b88-95a8-1a83fd3d8011,
03__KCU__ORO__BHA__84,ORION Kẹo Cứng Họng Bạc Hà Thảo Mộc 84g,Kẹo Cứng,Bịch,21.0,435000.0,0.0,0.0,0.0,0.0,0.0,0.0,0.0,0.0,0.0,0.0,0.0,0.0,11.0,231000.0,11.0,231000.0,03__KCU__ORO__BHA__84,ORION Kẹo Cứng Họng Bạc Hà Thảo Mộc 84g,,Hàng hóa,d47f66f1-8bd7-11f1-9b18-005056b2a5de,5019a4a9-08d2-4cee-b3b9-b27f3a9126f7,c8220d45-8bd7-11f1-9b18-005056b2a5de,440,097330eb-f92d-4b88-95a8-1a83fd3d8011,
03__KCU__ORO__GMO__84,ORION Kẹo Cứng Họng Gừng Mật Ong 84g,Kẹo Cứng,Bịch,20.0,418000.0,0.0,0.0,0.0,0.0,0.0,0.0,0.0,0.0,0.0,0.0,0.0,0.0,0.0,0.0,0.0,0.0,03__KCU__ORO__GMO__84,ORION Kẹo Cứng Họng Gừng Mật Ong 84g,,Hàng hóa,d47f678d-8bd7-11f1-9b18-005056b2a5de,0f448f3c-fb97-474a-9cbb-80d89fb527d8,c8220d45-8bd7-11f1-9b18-005056b2a5de,441,097330eb-f92d-4b88-95a8-1a83fd3d8011,
03__KCU__ORO__QMO__84,ORION Kẹo Cứng Họng Quất Mật Ong 84g,Kẹo Cứng,Bịch,30.0,622000.0,0.0,0.0,0.0,0.0,0.0,0.0,0.0,0.0,0.0,0.0,0.0,0.0,11.0,231000.0,11.0,231000.0,03__KCU__ORO__QMO__84,ORION Kẹo Cứng Họng Quất Mật Ong 84g,,Hàng hóa,d47f6822-8bd7-11f1-9b18-005056b2a5de,ddb8504c-813e-4ed9-adad-83678cc2a2a8,c8220d45-8bd7-11f1-9b18-005056b2a5de,442,097330eb-f92d-4b88-95a8-1a83fd3d8011,
03__KCU__PLA__COL__22,PLAYMORE Kẹo The Cool 22g,Kẹo Cứng,Hũ,60.0,2287000.0,0.0,0.0,0.0,0.0,0.0,0.0,0.0,0.0,0.0,0.0,0.0,0.0,0.0,0.0,0.0,0.0,03__KCU__PLA__COL__22,PLAYMORE Kẹo The Cool 22g,,Hàng hóa,d47f68c5-8bd7-11f1-9b18-005056b2a5de,0e111024-6e14-49e1-9314-80bcc30f43d6,c8220d45-8bd7-11f1-9b18-005056b2a5de,443,315cd7c9-f951-4e88-888d-9acc60b4a4fc,
03__KCU__PLA__DAO__22,PLAYMORE Kẹo Đào Sakura 22g,Kẹo Cứng,Hũ,16.0,791000.0,0.0,0.0,0.0,0.0,0.0,0.0,0.0,0.0,0.0,0.0,0.0,0.0,0.0,0.0,0.0,0.0,03__KCU__PLA__DAO__22,PLAYMORE Kẹo Đào Sakura 22g,,Hàng hóa,d47f6958-8bd7-11f1-9b18-005056b2a5de,c3271556-f7e7-41cf-a47b-56e5f7f3fbb9,c8220d45-8bd7-11f1-9b18-005056b2a5de,444,315cd7c9-f951-4e88-888d-9acc60b4a4fc,
03__KCU__PLA__DHU__22,PLAYMORE Kẹo Dưa Hấu 22g,Kẹo Cứng,Hũ,137.0,5718000.0,0.0,0.0,0.0,0.0,0.0,0.0,1.0,42000.0,0.0,0.0,0.0,0.0,1.0,42000.0,1.0,42000.0,03__KCU__PLA__DHU__22,PLAYMORE Kẹo Dưa Hấu 22g,,Hàng hóa,d47f69ed-8bd7-11f1-9b18-005056b2a5de,411baaef-7dec-4744-b56b-284178af05ed,c8220d45-8bd7-11f1-9b18-005056b2a5de,445,315cd7c9-f951-4e88-888d-9acc60b4a4fc,
03__KCU__PLA__TXH__22,PLAYMORE Kẹo The Táo Xanh 22g,Kẹo Cứng,Hũ,20.0,714000.0,0.0,0.0,0.0,0.0,0.0,0.0,0.0,0.0,0.0,0.0,0.0,0.0,0.0,0.0,0.0,0.0,03__KCU__PLA__TXH__22,PLAYMORE Kẹo The Táo Xanh 22g,,Hàng hóa,d47f6a88-8bd7-11f1-9b18-005056b2a5de,5b89d713-4ab5-45dd-a2d8-6d8fc16217e0,c8220d45-8bd7-11f1-9b18-005056b2a5de,446,315cd7c9-f951-4e88-888d-9acc60b4a4fc,
03__KCU__SKI__CHU__40,SKITTLES Kẹo Trái Cây Vị Chua 40g,Kẹo Cứng,Bịch,54.0,1080000.0,0.0,0.0,0.0,0.0,0.0,0.0,0.0,0.0,0.0,0.0,0.0,0.0,21.0,546000.0,21.0,546000.0,03__KCU__SKI__CHU__40,SKITTLES Kẹo Trái Cây Vị Chua 40g,,Hàng hóa,d47f6b1e-8bd7-11f1-9b18-005056b2a5de,4fe07b6a-6500-4acc-aa83-4b919256e9be,c8220d45-8bd7-11f1-9b18-005056b2a5de,447,097330eb-f92d-4b88-95a8-1a83fd3d8011,
03__KCU__SKI__ORI__45,SKITTLES Kẹo Trái Cây Vị Truyền Thống 45g,Kẹo Cứng,Bịch,20.0,600000.0,0.0,0.0,0.0,0.0,0.0,0.0,0.0,0.0,0.0,0.0,0.0,0.0,24.0,720000.0,24.0,720000.0,03__KCU__SKI__ORI__45,SKITTLES Kẹo Trái Cây Vị Truyền Thống 45g,,Hàng hóa,d47f6baf-8bd7-11f1-9b18-005056b2a5de,adeb3fd6-b267-4fb3-9703-169eab6dcd41,c8220d45-8bd7-11f1-9b18-005056b2a5de,448,097330eb-f92d-4b88-95a8-1a83fd3d8011,
03__KCU__SKI__SCA__40,SKITTLES Kẹo Trái Cây Vị Sữa Chua 40g,Kẹo Cứng,Bịch,47.0,1320000.0,0.0,0.0,0.0,0.0,0.0,0.0,0.0,0.0,0.0,0.0,0.0,0.0,28.0,728000.0,28.0,728000.0,03__KCU__SKI__SCA__40,SKITTLES Kẹo Trái Cây Vị Sữa Chua 40g,,Hàng hóa,d47f6c42-8bd7-11f1-9b18-005056b2a5de,828f95c1-dbad-466d-a92f-a00030a0d50a,c8220d45-8bd7-11f1-9b18-005056b2a5de,449,097330eb-f92d-4b88-95a8-1a83fd3d8011,
03__KCU__THA__VIC__120,THÁI LAN Kẹo Chanh Muối Vitamin C 120g,Kẹo Cứng,Bịch,20.0,785000.0,0.0,0.0,0.0,0.0,0.0,0.0,0.0,0.0,0.0,0.0,0.0,0.0,5.0,200000.0,5.0,200000.0,03__KCU__THA__VIC__120,THÁI LAN Kẹo Chanh Muối Vitamin C 120g,,Hàng hóa,d47f6cdc-8bd7-11f1-9b18-005056b2a5de,d1eb7968-85f6-4672-a3e1-3ae795b8cf3f,c8220d45-8bd7-11f1-9b18-005056b2a5de,450,097330eb-f92d-4b88-95a8-1a83fd3d8011,
03__KCU__XYL__BLU__60,LOTTE Kẹo Bluemarine Không Đường 60g,Kẹo Cứng,Bịch,20.0,742000.0,0.0,0.0,0.0,0.0,0.0,0.0,0.0,0.0,0.0,0.0,0.0,0.0,6.0,228000.0,6.0,228000.0,03__KCU__XYL__BLU__60,LOTTE Kẹo Bluemarine Không Đường 60g,,Hàng hóa,d47f6d71-8bd7-11f1-9b18-005056b2a5de,fe792dd8-0d9d-4332-b8ee-3dbf151c88b7,c8220d45-8bd7-11f1-9b18-005056b2a5de,451,097330eb-f92d-4b88-95a8-1a83fd3d8011,
03__KCU__XYL__CHH__74,LOTTE Kẹo Hương Chanh Không Đường 74g,Kẹo Cứng,Bịch,20.0,754000.0,0.0,0.0,0.0,0.0,0.0,0.0,0.0,0.0,0.0,0.0,0.0,0.0,4.0,152000.0,4.0,152000.0,03__KCU__XYL__CHH__74,LOTTE Kẹo Hương Chanh Không Đường 74g,,Hàng hóa,d47f6e89-8bd7-11f1-9b18-005056b2a5de,b997f289-dfb5-4aee-9295-9f83dc0594db,c8220d45-8bd7-11f1-9b18-005056b2a5de,452,097330eb-f92d-4b88-95a8-1a83fd3d8011,
03__KDE__CHU__BEL__50,CHUPA CHUPS Kẹo Dẻo Sugar BELT 1M*50g,Kẹo Dẻo,Bịch,309.0,4985000.0,0.0,0.0,0.0,0.0,0.0,0.0,0.0,0.0,0.0,0.0,0.0,0.0,42.0,840000.0,42.0,840000.0,03__KDE__CHU__BEL__50,CHUPA CHUPS Kẹo Dẻo Sugar BELT 1M*50g,,Hàng hóa,d47f6f1d-8bd7-11f1-9b18-005056b2a5de,948594b1-8d4f-41fa-8d9c-594a7338e9dd,c8220d45-8bd7-11f1-9b18-005056b2a5de,453,097330eb-f92d-4b88-95a8-1a83fd3d8011,
03__KDE__CHU__DAU__105,CHUPA CHUPS Kẹo Mút Hương Dâu,Kẹo Cứng,Bịch,47.0,470000.0,0.0,0.0,0.0,0.0,0.0,0.0,0.0,0.0,0.0,0.0,0.0,0.0,7.0,70000.0,7.0,70000.0,03__KDE__CHU__DAU__105,CHUPA CHUPS Kẹo Mút Hương Dâu,,Hàng hóa,d47f6faf-8bd7-11f1-9b18-005056b2a5de,e986cb52-c76e-4a7f-b12b-7c122c14d26c,c8220d45-8bd7-11f1-9b18-005056b2a5de,454,097330eb-f92d-4b88-95a8-1a83fd3d8011,
03__KDE__CHU__HOP__105,CHUPA CHUPS Kẹo Dẻo Gieo Quẻ Hộp 105g,Kẹo Dẻo,Hộp,6.0,348000.0,0.0,0.0,0.0,0.0,0.0,0.0,0.0,0.0,0.0,0.0,0.0,0.0,0.0,0.0,0.0,0.0,03__KDE__CHU__HOP__105,CHUPA CHUPS Kẹo Dẻo Gieo Quẻ Hộp 105g,,Hàng hóa,d47f7041-8bd7-11f1-9b18-005056b2a5de,46b00225-510a-4979-a593-fe3384fd266b,c8220d45-8bd7-11f1-9b18-005056b2a5de,455,097330eb-f92d-4b88-95a8-1a83fd3d8064,
03__KDE__CHU__MUT__7,CHUPA CHUPS Kẹo Mút Hương Tổng Hợp,Kẹo Cứng,Cái,226.0,678000.0,0.0,0.0,0.0,0.0,0.0,0.0,0.0,0.0,0.0,0.0,0.0,0.0,135.0,405000.0,135.0,405000.0,03__KDE__CHU__MUT__7,CHUPA CHUPS Kẹo Mút Hương Tổng Hợp,,Hàng hóa,d47f70d6-8bd7-11f1-9b18-005056b2a5de,1f218227-5da6-4b17-861e-e2fff3ffde63,c8220d45-8bd7-11f1-9b18-005056b2a5de,456,097330eb-f92d-4b88-95a8-1a83fd3d8061,
03__KDE__CHU__TCY__7,CHUPA CHUPS Kẹo Dẻo S.BELT 7g,Kẹo Dẻo,Cái,83.0,249000.0,0.0,0.0,0.0,0.0,0.0,0.0,0.0,0.0,0.0,0.0,0.0,0.0,0.0,0.0,0.0,0.0,03__KDE__CHU__TCY__7,CHUPA CHUPS Kẹo Dẻo S.BELT 7g,,Hàng hóa,d47f716a-8bd7-11f1-9b18-005056b2a5de,e7681373-71cd-4883-b5d7-37ff62da81bf,c8220d45-8bd7-11f1-9b18-005056b2a5de,457,097330eb-f92d-4b88-95a8-1a83fd3d8061,
03__KDE__HAR__BDO__80,HARIBO HAPPYCOLA Kẹo Dẻo Bịch Đỏ 80g,Kẹo Dẻo,Bịch,42.0,1598000.0,0.0,0.0,0.0,0.0,0.0,0.0,0.0,0.0,0.0,0.0,0.0,0.0,6.0,240000.0,6.0,240000.0,03__KDE__HAR__BDO__80,HARIBO HAPPYCOLA Kẹo Dẻo Bịch Đỏ 80g,,Hàng hóa,d47f71fa-8bd7-11f1-9b18-005056b2a5de,b098ba4e-d635-4113-ba0b-d7d5d5258efa,c8220d45-8bd7-11f1-9b18-005056b2a5de,458,097330eb-f92d-4b88-95a8-1a83fd3d8011,
03__KDE__HAR__VAG__80,HARIBO GOLDBEARS Kẹo Dẻo Bịch Vàng 80g,Kẹo Dẻo,Bịch,43.0,1614000.0,0.0,0.0,0.0,0.0,0.0,0.0,0.0,0.0,0.0,0.0,0.0,0.0,12.0,480000.0,12.0,480000.0,03__KDE__HAR__VAG__80,HARIBO GOLDBEARS Kẹo Dẻo Bịch Vàng 80g,,Hàng hóa,d47f729b-8bd7-11f1-9b18-005056b2a5de,baffac4e-f459-4ffe-8567-3d3b3029543c,c8220d45-8bd7-11f1-9b18-005056b2a5de,459,097330eb-f92d-4b88-95a8-1a83fd3d8011,
03__KDE__HAR__XAH__80,HARIBO GOLDBEARS Kẹo Dẻo Starmix Xanh 80g,Kẹo Dẻo,Bịch,37.0,1456000.0,0.0,0.0,0.0,0.0,0.0,0.0,0.0,0.0,0.0,0.0,0.0,0.0,6.0,252000.0,6.0,252000.0,03__KDE__HAR__XAH__80,HARIBO GOLDBEARS Kẹo Dẻo Starmix Xanh 80g,,Hàng hóa,d47f732e-8bd7-11f1-9b18-005056b2a5de,14744dda-5794-4562-8176-53bcbebe480e,c8220d45-8bd7-11f1-9b18-005056b2a5de,460,097330eb-f92d-4b88-95a8-1a83fd3d8011,
03__KDE__HAR__XLC__80,HARIBO WORMS Kẹo Dẻo Bịch Xanh Lá Cây 80g,Kẹo Dẻo,Bịch,38.0,1454000.0,0.0,0.0,0.0,0.0,0.0,0.0,0.0,0.0,0.0,0.0,0.0,0.0,10.0,400000.0,10.0,400000.0,03__KDE__HAR__XLC__80,HARIBO WORMS Kẹo Dẻo Bịch Xanh Lá Cây 80g,,Hàng hóa,d47f73c1-8bd7-11f1-9b18-005056b2a5de,5ae13f42-cc4d-487e-9988-f54e2a9a82e9,c8220d45-8bd7-11f1-9b18-005056b2a5de,461,097330eb-f92d-4b88-95a8-1a83fd3d8011,
03__KDE__ORO__CDY__24,ORION Kẹo Dẻo Boom Chanh Dây 24g,Kẹo Dẻo,Bịch,134.0,817000.0,0.0,0.0,0.0,0.0,0.0,0.0,0.0,0.0,0.0,0.0,0.0,0.0,0.0,0.0,0.0,0.0,03__KDE__ORO__CDY__24,ORION Kẹo Dẻo Boom Chanh Dây 24g,,Hàng hóa,d47f7455-8bd7-11f1-9b18-005056b2a5de,3adcdafc-8979-43ee-b094-be89fb71a509,c8220d45-8bd7-11f1-9b18-005056b2a5de,462,097330eb-f92d-4b88-95a8-1a83fd3d8011,
03__KDE__ORO__CHN__25,ORION Kẹo Dẻo King Chun 25g,Kẹo Dẻo,Bịch,54.0,324000.0,0.0,0.0,0.0,0.0,0.0,0.0,0.0,0.0,0.0,0.0,0.0,0.0,1.0,6000.0,1.0,6000.0,03__KDE__ORO__CHN__25,ORION Kẹo Dẻo King Chun 25g,,Hàng hóa,d47f74e9-8bd7-11f1-9b18-005056b2a5de,0074e7fb-a5f8-4029-a8cb-69d1beb29bbc,c8220d45-8bd7-11f1-9b18-005056b2a5de,463,097330eb-f92d-4b88-95a8-1a83fd3d8011,
03__KDE__ORO__DAO__25,ORION Kẹo Dẻo Boom Đào 25g,Kẹo Dẻo,Bịch,166.0,1018000.0,0.0,0.0,0.0,0.0,0.0,0.0,0.0,0.0,0.0,0.0,0.0,0.0,11.0,77000.0,11.0,77000.0,03__KDE__ORO__DAO__25,ORION Kẹo Dẻo Boom Đào 25g,,Hàng hóa,d47f757b-8bd7-11f1-9b18-005056b2a5de,d5138fd4-0b9a-4e89-a291-f465d62e52c7,c8220d45-8bd7-11f1-9b18-005056b2a5de,464,097330eb-f92d-4b88-95a8-1a83fd3d8011,
03__KDE__ORO__DAU__25,ORION Kẹo Dẻo Boom Dâu 25g,Kẹo Dẻo,Bịch,141.0,862000.0,0.0,0.0,0.0,0.0,0.0,0.0,0.0,0.0,0.0,0.0,0.0,0.0,11.0,77000.0,11.0,77000.0,03__KDE__ORO__DAU__25,ORION Kẹo Dẻo Boom Dâu 25g,,Hàng hóa,d47f760c-8bd7-11f1-9b18-005056b2a5de,a80fdadd-8b14-4e81-b54d-f66db5555b2b,c8220d45-8bd7-11f1-9b18-005056b2a5de,465,097330eb-f92d-4b88-95a8-1a83fd3d8011,
03__KDE__ORO__HTC__29,ORION Kẹo Dẻo King HảI Tặc 28.5g,Kẹo Dẻo,Bịch,47.0,282000.0,0.0,0.0,0.0,0.0,0.0,0.0,0.0,0.0,0.0,0.0,0.0,0.0,2.0,12000.0,2.0,12000.0,03__KDE__ORO__HTC__29,ORION Kẹo Dẻo King HảI Tặc 28.5g,,Hàng hóa,d47f769e-8bd7-11f1-9b18-005056b2a5de,ca641e45-da12-4f21-9978-778bf0b92cdb,c8220d45-8bd7-11f1-9b18-005056b2a5de,466,097330eb-f92d-4b88-95a8-1a83fd3d8011,
03__KDE__ORO__ME__25,ORION Kẹo Dẻo Boom Me 25g,Kẹo Dẻo,Bịch,49.0,294000.0,0.0,0.0,0.0,0.0,0.0,0.0,0.0,0.0,0.0,0.0,0.0,0.0,0.0,0.0,0.0,0.0,03__KDE__ORO__ME__25,ORION Kẹo Dẻo Boom Me 25g,,Hàng hóa,d47f7730-8bd7-11f1-9b18-005056b2a5de,6271b5b0-87d7-43d6-b0eb-6dfa8609514c,c8220d45-8bd7-11f1-9b18-005056b2a5de,467,097330eb-f92d-4b88-95a8-1a83fd3d8011,
03__KDE__ORO__NHO__25,ORION Kẹo Dẻo Boom Nho 25g,Kẹo Dẻo,Bịch,132.0,820000.0,0.0,0.0,0.0,0.0,0.0,0.0,0.0,0.0,0.0,0.0,0.0,0.0,7.0,49000.0,7.0,49000.0,03__KDE__ORO__NHO__25,ORION Kẹo Dẻo Boom Nho 25g,,Hàng hóa,d47f77bf-8bd7-11f1-9b18-005056b2a5de,b01d3902-1a54-4206-956e-3445c725d962,c8220d45-8bd7-11f1-9b18-005056b2a5de,468,097330eb-f92d-4b88-95a8-1a83fd3d8011,
03__KDE__ORO__XLM__24,ORION Kẹo Dẻo Boom Xoài Lắc MuốI Ớt 23.5g,Kẹo Dẻo,Bịch,165.0,1012000.0,0.0,0.0,0.0,0.0,0.0,0.0,0.0,0.0,0.0,0.0,0.0,0.0,4.0,28000.0,4.0,28000.0,03__KDE__ORO__XLM__24,ORION Kẹo Dẻo Boom Xoài Lắc MuốI Ớt 23.5g,,Hàng hóa,d47f7850-8bd7-11f1-9b18-005056b2a5de,4d2fd55b-8733-4798-aded-7e56b4f7197e,c8220d45-8bd7-11f1-9b18-005056b2a5de,469,097330eb-f92d-4b88-95a8-1a83fd3d8011,
03__KDE__PLA__SCA__64,PLAYMORE Kẹo Dẻo Sữa Chua 64g,Kẹo Dẻo,Hộp,19.0,811000.0,0.0,0.0,0.0,0.0,0.0,0.0,2.0,90000.0,0.0,0.0,0.0,0.0,0.0,0.0,0.0,0.0,03__KDE__PLA__SCA__64,PLAYMORE Kẹo Dẻo Sữa Chua 64g,,Hàng hóa,d47f78e1-8bd7-11f1-9b18-005056b2a5de,56f205f5-5455-42bf-8404-b5edcea964a6,c8220d45-8bd7-11f1-9b18-005056b2a5de,470,097330eb-f92d-4b88-95a8-1a83fd3d8064,
03__KDE__PLA__XHH__64,PLAYMORE Kẹo Dẻo Xếp Hình 64g,Kẹo Dẻo,Hộp,32.0,1340000.0,0.0,0.0,0.0,0.0,0.0,0.0,0.0,0.0,0.0,0.0,0.0,0.0,5.0,225000.0,5.0,225000.0,03__KDE__PLA__XHH__64,PLAYMORE Kẹo Dẻo Xếp Hình 64g,,Hàng hóa,d47f7972-8bd7-11f1-9b18-005056b2a5de,12274d2c-73a9-4128-aaae-f9a01eee648f,c8220d45-8bd7-11f1-9b18-005056b2a5de,471,097330eb-f92d-4b88-95a8-1a83fd3d8064,
03__KDE__SKI__SCA__43,SKITTLES Kẹo Dẻo Vị Sữa Chua Trái Cây 42.5g,Kẹo Dẻo,Bịch,59.0,1379000.0,0.0,0.0,0.0,0.0,0.0,0.0,0.0,0.0,0.0,0.0,0.0,0.0,15.0,510000.0,15.0,510000.0,03__KDE__SKI__SCA__43,SKITTLES Kẹo Dẻo Vị Sữa Chua Trái Cây 42.5g,,Hàng hóa,d47f7a03-8bd7-11f1-9b18-005056b2a5de,6d1a4ae6-6523-4fb4-a30d-81c50f401b21,c8220d45-8bd7-11f1-9b18-005056b2a5de,472,097330eb-f92d-4b88-95a8-1a83fd3d8011,
03__KDE__SUG__TCY__210,SUGUS Kẹo Mềm Hương Trái Cây 210g,Kẹo Dẻo,Bịch,8.0,397000.0,0.0,0.0,0.0,0.0,0.0,0.0,0.0,0.0,0.0,0.0,0.0,0.0,0.0,0.0,0.0,0.0,03__KDE__SUG__TCY__210,SUGUS Kẹo Mềm Hương Trái Cây 210g,,Hàng hóa,d47f7a93-8bd7-11f1-9b18-005056b2a5de,565c4965-7765-479d-a734-59246c0175aa,c8220d45-8bd7-11f1-9b18-005056b2a5de,473,097330eb-f92d-4b88-95a8-1a83fd3d8011,
03__KDE__VNT__DAO__30,VIETNUTRI Kẹo Thạch Zummy KID Jelly Đào 30g,Kẹo Dẻo,Cái,83.0,249000.0,0.0,0.0,0.0,0.0,0.0,0.0,0.0,0.0,0.0,0.0,0.0,0.0,37.0,111000.0,37.0,111000.0,03__KDE__VNT__DAO__30,VIETNUTRI Kẹo Thạch Zummy KID Jelly Đào 30g,,Hàng hóa,d47f7b25-8bd7-11f1-9b18-005056b2a5de,64b32f93-2bec-4f0e-99c5-fdc9ed2c4eee,c8220d45-8bd7-11f1-9b18-005056b2a5de,474,097330eb-f92d-4b88-95a8-1a83fd3d8061,
03__KDE__VNT__DAU__30,VIETNUTRI Kẹo Thạch Zummy KID Jelly Dâu 30g,Kẹo Dẻo,Cái,71.0,213000.0,0.0,0.0,0.0,0.0,0.0,0.0,0.0,0.0,0.0,0.0,0.0,0.0,38.0,114000.0,38.0,114000.0,03__KDE__VNT__DAU__30,VIETNUTRI Kẹo Thạch Zummy KID Jelly Dâu 30g,,Hàng hóa,d47f7cf7-8bd7-11f1-9b18-005056b2a5de,b8f07964-2f48-4aa6-b533-ed80202913d4,c8220d45-8bd7-11f1-9b18-005056b2a5de,475,097330eb-f92d-4b88-95a8-1a83fd3d8061,
03__KDE__VNT__XOA__30,VIETNUTRI Kẹo Thạch Zummy KID Jelly Xoài 30g,Kẹo Dẻo,Cái,83.0,249000.0,0.0,0.0,0.0,0.0,0.0,0.0,0.0,0.0,0.0,0.0,0.0,0.0,37.0,111000.0,37.0,111000.0,03__KDE__VNT__XOA__30,VIETNUTRI Kẹo Thạch Zummy KID Jelly Xoài 30g,,Hàng hóa,d47f7df5-8bd7-11f1-9b18-005056b2a5de,eae3146f-97c9-4f3f-ad23-677ee0f7d312,c8220d45-8bd7-11f1-9b18-005056b2a5de,476,097330eb-f92d-4b88-95a8-1a83fd3d8061,
03__KGU__COL__BHA__40,COOLAIR Kẹo Gum Hương Bạc Hà 40g,Kẹo Gum,Hũ,6.0,270000.0,0.0,0.0,0.0,0.0,0.0,0.0,0.0,0.0,0.0,0.0,0.0,0.0,0.0,0.0,0.0,0.0,03__KGU__COL__BHA__40,COOLAIR Kẹo Gum Hương Bạc Hà 40g,,Hàng hóa,d47f7e8b-8bd7-11f1-9b18-005056b2a5de,5db4d81a-d1d6-4d6d-a815-6a70bd8ccc07,c8220d45-8bd7-11f1-9b18-005056b2a5de,477,315cd7c9-f951-4e88-888d-9acc60b4a4fc,
03__KGU__COL__MOG__40,COOLAIR Kẹo Gum Hương Quả Mọng 40g,Kẹo Gum,Hũ,12.0,465000.0,0.0,0.0,0.0,0.0,0.0,0.0,0.0,0.0,0.0,0.0,0.0,0.0,0.0,0.0,0.0,0.0,03__KGU__COL__MOG__40,COOLAIR Kẹo Gum Hương Quả Mọng 40g,,Hàng hóa,d47f7f1e-8bd7-11f1-9b18-005056b2a5de,f3ef839f-65f1-4d32-90ea-3dc4e685f9ec,c8220d45-8bd7-11f1-9b18-005056b2a5de,478,315cd7c9-f951-4e88-888d-9acc60b4a4fc,
03__KGU__COL__VAG__40,COOLAIR Kẹo Gum Hương Chanh Mật Ong Vàng 40g,Kẹo Gum,Hũ,6.0,265000.0,0.0,0.0,0.0,0.0,0.0,0.0,0.0,0.0,0.0,0.0,0.0,0.0,0.0,0.0,0.0,0.0,03__KGU__COL__VAG__40,COOLAIR Kẹo Gum Hương Chanh Mật Ong Vàng 40g,,Hàng hóa,d47f7fbf-8bd7-11f1-9b18-005056b2a5de,f87d0d3a-f963-4a7e-b07f-12780acae60d,c8220d45-8bd7-11f1-9b18-005056b2a5de,479,315cd7c9-f951-4e88-888d-9acc60b4a4fc,
03__KGU__COL__XDG__55,COOLAIR Kẹo Gum Khuynh Diệp Hũ Xanh Dương 55.4g,Kẹo Gum,Hũ,66.0,2438000.0,0.0,0.0,0.0,0.0,0.0,0.0,0.0,0.0,0.0,0.0,0.0,0.0,15.0,600000.0,15.0,600000.0,03__KGU__COL__XDG__55,COOLAIR Kẹo Gum Khuynh Diệp Hũ Xanh Dương 55.4g,,Hàng hóa,d47f8057-8bd7-11f1-9b18-005056b2a5de,71325bae-61ea-490b-9e3f-f991d9851049,c8220d45-8bd7-11f1-9b18-005056b2a5de,480,315cd7c9-f951-4e88-888d-9acc60b4a4fc,
03__KGU__DOU__BHA__24,DOUBLEMINT Tuýp Ngậm Bạc Hà 23.8g,Kẹo Gum,Hũ,31.0,1133000.0,0.0,0.0,0.0,0.0,0.0,0.0,0.0,0.0,0.0,0.0,0.0,0.0,21.0,840000.0,21.0,840000.0,03__KGU__DOU__BHA__24,DOUBLEMINT Tuýp Ngậm Bạc Hà 23.8g,,Hàng hóa,d47f81cb-8bd7-11f1-9b18-005056b2a5de,429e2668-7d6b-4b98-bdc8-34d97d42cab5,c8220d45-8bd7-11f1-9b18-005056b2a5de,481,315cd7c9-f951-4e88-888d-9acc60b4a4fc,
03__KGU__DOU__BHA__58,DOUBLEMINT Kẹo Gum Bạc Hà 58.4g,Kẹo Gum,Hũ,47.0,1735000.0,0.0,0.0,0.0,0.0,0.0,0.0,0.0,0.0,0.0,0.0,0.0,0.0,12.0,480000.0,12.0,480000.0,03__KGU__DOU__BHA__58,DOUBLEMINT Kẹo Gum Bạc Hà 58.4g,,Hàng hóa,d47f8265-8bd7-11f1-9b18-005056b2a5de,9b40c645-13a4-4341-920b-736efe2ff01a,c8220d45-8bd7-11f1-9b18-005056b2a5de,482,315cd7c9-f951-4e88-888d-9acc60b4a4fc,
03__KGU__DOU__CAM__24,DOUBLEMINT Tuýp Ngậm Hương Cam 23.8g,Kẹo Gum,Tuýp,19.0,680000.0,0.0,0.0,0.0,0.0,0.0,0.0,0.0,0.0,0.0,0.0,0.0,0.0,14.0,560000.0,14.0,560000.0,03__KGU__DOU__CAM__24,DOUBLEMINT Tuýp Ngậm Hương Cam 23.8g,,Hàng hóa,d47f82f8-8bd7-11f1-9b18-005056b2a5de,1b5d4288-c974-4508-adf7-36f0cac46565,c8220d45-8bd7-11f1-9b18-005056b2a5de,483,097330eb-f92d-4b88-95a8-1a83fd3d8069,
03__KGU__DOU__PK5__14,DOUBLEMINT Kẹo Gum 5Sticks 13.5g,Kẹo Gum,Cái,91.0,637000.0,0.0,0.0,0.0,0.0,0.0,0.0,0.0,0.0,0.0,0.0,0.0,0.0,2.0,14000.0,2.0,14000.0,03__KGU__DOU__PK5__14,DOUBLEMINT Kẹo Gum 5Sticks 13.5g,,Hàng hóa,d47f8392-8bd7-11f1-9b18-005056b2a5de,285073fb-e891-40e6-83a6-7636f43a7fbf,c8220d45-8bd7-11f1-9b18-005056b2a5de,484,097330eb-f92d-4b88-95a8-1a83fd3d8061,
03__KGU__LOT__CAM__13,"LOTTE Kẹo Gum Fusen Nomi Cam 13,8g",Kẹo Gum,Hộp,21.0,210000.0,0.0,0.0,0.0,0.0,0.0,0.0,0.0,0.0,0.0,0.0,0.0,0.0,1.0,10000.0,1.0,10000.0,03__KGU__LOT__CAM__13,"LOTTE Kẹo Gum Fusen Nomi Cam 13,8g",,Hàng hóa,d47f8429-8bd7-11f1-9b18-005056b2a5de,d6ef4963-180f-492c-a8d3-5618c2541827,c8220d45-8bd7-11f1-9b18-005056b2a5de,485,097330eb-f92d-4b88-95a8-1a83fd3d8064,
03__KGU__LOT__CCH__13,"LOTTE Kẹo Gum Fusen Nomi Cola Chanh 13,8g",Kẹo Gum,Hộp,20.0,200000.0,0.0,0.0,0.0,0.0,0.0,0.0,0.0,0.0,0.0,0.0,0.0,0.0,0.0,0.0,0.0,0.0,03__KGU__LOT__CCH__13,"LOTTE Kẹo Gum Fusen Nomi Cola Chanh 13,8g",,Hàng hóa,d47f84bb-8bd7-11f1-9b18-005056b2a5de,5a10b03e-8436-4752-8138-b27815191d99,c8220d45-8bd7-11f1-9b18-005056b2a5de,486,097330eb-f92d-4b88-95a8-1a83fd3d8064,
03__KGU__MTS__BHA__35,MENTOS Kẹo Ngậm Không Đường Hương Bạc Hà Hũ 35g,Kẹo Gum,Hũ,35.0,1936000.0,0.0,0.0,0.0,0.0,0.0,0.0,0.0,0.0,0.0,0.0,0.0,0.0,24.0,1152000.0,24.0,1152000.0,03__KGU__MTS__BHA__35,MENTOS Kẹo Ngậm Không Đường Hương Bạc Hà Hũ 35g,,Hàng hóa,d47f854f-8bd7-11f1-9b18-005056b2a5de,285bf2c1-363e-407f-aa76-48f879238a4c,c8220d45-8bd7-11f1-9b18-005056b2a5de,487,315cd7c9-f951-4e88-888d-9acc60b4a4fc,
03__KGU__TIC__BHA__15,TICTAC Kẹo Bạc Hà Lục 14.5g,Kẹo Gum,Hộp,29.0,571000.0,0.0,0.0,0.0,0.0,0.0,0.0,0.0,0.0,0.0,0.0,0.0,0.0,1.0,20000.0,1.0,20000.0,03__KGU__TIC__BHA__15,TICTAC Kẹo Bạc Hà Lục 14.5g,,Hàng hóa,d47f85e2-8bd7-11f1-9b18-005056b2a5de,0f53e4aa-4fa7-4d7b-b7f0-a245ed90e30c,c8220d45-8bd7-11f1-9b18-005056b2a5de,488,097330eb-f92d-4b88-95a8-1a83fd3d8064,
03__KGU__TIC__CAM__15,TICTAC Kẹo Vị Cam 14.5g,Kẹo Gum,Hộp,32.0,636000.0,0.0,0.0,0.0,0.0,0.0,0.0,0.0,0.0,0.0,0.0,0.0,0.0,0.0,0.0,0.0,0.0,03__KGU__TIC__CAM__15,TICTAC Kẹo Vị Cam 14.5g,,Hàng hóa,d47f8676-8bd7-11f1-9b18-005056b2a5de,7259339d-ab0b-44c9-8b79-fe856e301de1,c8220d45-8bd7-11f1-9b18-005056b2a5de,489,097330eb-f92d-4b88-95a8-1a83fd3d8064,
03__KGU__XYL__XDG__130,LOTTE XYLITOL Kẹo Gum Cool Hũ Xanh Dương 130.5g,Kẹo Gum,Hũ,23.0,1597000.0,0.0,0.0,0.0,0.0,0.0,0.0,1.0,70000.0,0.0,0.0,0.0,0.0,1.0,70000.0,1.0,70000.0,03__KGU__XYL__XDG__130,LOTTE XYLITOL Kẹo Gum Cool Hũ Xanh Dương 130.5g,,Hàng hóa,d47f8708-8bd7-11f1-9b18-005056b2a5de,007d7412-f40e-4609-b10c-68a9c168454b,c8220d45-8bd7-11f1-9b18-005056b2a5de,490,315cd7c9-f951-4e88-888d-9acc60b4a4fc,
03__KGU__XYL__XDG__55,LOTTE XYLITOL Kẹo Gum Cool Hũ Xanh Dương 55.1g,Kẹo Gum,Hũ,55.0,2159000.0,0.0,0.0,0.0,0.0,0.0,0.0,0.0,0.0,0.0,0.0,0.0,0.0,26.0,1040000.0,26.0,1040000.0,03__KGU__XYL__XDG__55,LOTTE XYLITOL Kẹo Gum Cool Hũ Xanh Dương 55.1g,,Hàng hóa,d47f87af-8bd7-11f1-9b18-005056b2a5de,495de5ac-e3a8-4d7a-adf2-32cc941a0293,c8220d45-8bd7-11f1-9b18-005056b2a5de,491,315cd7c9-f951-4e88-888d-9acc60b4a4fc,
03__KGU__XYL__XLA__130,LOTTE XYLITOL Kẹo Gum Cool Hũ Xanh Lá 130.5g,Kẹo Gum,Hũ,16.0,1120000.0,0.0,0.0,0.0,0.0,0.0,0.0,0.0,0.0,0.0,0.0,0.0,0.0,29.0,2030000.0,29.0,2030000.0,03__KGU__XYL__XLA__130,LOTTE XYLITOL Kẹo Gum Cool Hũ Xanh Lá 130.5g,,Hàng hóa,d47f884c-8bd7-11f1-9b18-005056b2a5de,abcef88e-78b3-4b61-88f6-4efcf03968c8,c8220d45-8bd7-11f1-9b18-005056b2a5de,492,315cd7c9-f951-4e88-888d-9acc60b4a4fc,
03__KGU__XYL__XLA__55,LOTTE XYLITOL Kẹo Gum Lime Mint Hũ Xanh Lá 55.1g,Kẹo Gum,Hũ,57.0,2255000.0,0.0,0.0,0.0,0.0,0.0,0.0,0.0,0.0,0.0,0.0,0.0,0.0,24.0,960000.0,24.0,960000.0,03__KGU__XYL__XLA__55,LOTTE XYLITOL Kẹo Gum Lime Mint Hũ Xanh Lá 55.1g,,Hàng hóa,d47f88dd-8bd7-11f1-9b18-005056b2a5de,c6ba5aa6-1cce-4183-afa3-3a4d4bd74a18,c8220d45-8bd7-11f1-9b18-005056b2a5de,493,315cd7c9-f951-4e88-888d-9acc60b4a4fc,
03__KNO__POP__CHH__10,POPZA Kẹo Nổ Thái Lan Hương Chanh 10g,Kẹo Nổ,Bịch,24.0,192000.0,0.0,0.0,0.0,0.0,0.0,0.0,0.0,0.0,0.0,0.0,0.0,0.0,0.0,0.0,0.0,0.0,03__KNO__POP__CHH__10,POPZA Kẹo Nổ Thái Lan Hương Chanh 10g,,Hàng hóa,d47f8974-8bd7-11f1-9b18-005056b2a5de,eafc91fb-50ef-4d92-8a30-25810dbce612,c8220d45-8bd7-11f1-9b18-005056b2a5de,494,097330eb-f92d-4b88-95a8-1a83fd3d8011,
03__KNO__POP__COL__10,POPZA Kẹo Nổ Thái Lan Hương Cola 10g,Kẹo Nổ,Bịch,38.0,308000.0,0.0,0.0,0.0,0.0,0.0,0.0,0.0,0.0,0.0,0.0,0.0,0.0,3.0,30000.0,3.0,30000.0,03__KNO__POP__COL__10,POPZA Kẹo Nổ Thái Lan Hương Cola 10g,,Hàng hóa,d47f8a0e-8bd7-11f1-9b18-005056b2a5de,0a22e92f-7ee2-43a0-b808-f22adeee509c,c8220d45-8bd7-11f1-9b18-005056b2a5de,495,097330eb-f92d-4b88-95a8-1a83fd3d8011,
03__KSO__FER__SOC__62,"FERRORO ROCHER Socola 62,5g",Kẹo Socola,Hộp,6.0,585000.0,0.0,0.0,0.0,0.0,0.0,0.0,0.0,0.0,0.0,0.0,0.0,0.0,0.0,0.0,0.0,0.0,03__KSO__FER__SOC__62,"FERRORO ROCHER Socola 62,5g",,Hàng hóa,d47f8aa2-8bd7-11f1-9b18-005056b2a5de,1fb382fb-87e4-45a8-a021-2114c320aa59,c8220d45-8bd7-11f1-9b18-005056b2a5de,496,097330eb-f92d-4b88-95a8-1a83fd3d8064,
03__KSO__KIN__HOG__20,KINDER JOY Kẹo Socola Hồng 20g,Kẹo Socola,Cái,20.0,854000.0,0.0,0.0,0.0,0.0,0.0,0.0,0.0,0.0,0.0,0.0,0.0,0.0,1.0,44000.0,1.0,44000.0,03__KSO__KIN__HOG__20,KINDER JOY Kẹo Socola Hồng 20g,,Hàng hóa,d47f8b34-8bd7-11f1-9b18-005056b2a5de,7ca3f176-a8bb-4d8d-82b5-1e94b87734ba,c8220d45-8bd7-11f1-9b18-005056b2a5de,497,097330eb-f92d-4b88-95a8-1a83fd3d8061,
03__KSO__KIN__XAH__20,KINDER JOY Kẹo Socola Xanh 20g,Kẹo Socola,Cái,15.0,573000.0,0.0,0.0,0.0,0.0,0.0,0.0,0.0,0.0,0.0,0.0,0.0,0.0,0.0,0.0,0.0,0.0,03__KSO__KIN__XAH__20,KINDER JOY Kẹo Socola Xanh 20g,,Hàng hóa,d47f8bd2-8bd7-11f1-9b18-005056b2a5de,65998737-3182-4243-ad64-4228565f4a12,c8220d45-8bd7-11f1-9b18-005056b2a5de,498,097330eb-f92d-4b88-95a8-1a83fd3d8061,
03__KSO__MNM__DPG__37,M&M's Kẹo Socola Đậu Phộng 37g,Kẹo Socola,Bịch,22.0,656000.0,0.0,0.0,0.0,0.0,0.0,0.0,0.0,0.0,0.0,0.0,0.0,0.0,0.0,0.0,0.0,0.0,03__KSO__MNM__DPG__37,M&M's Kẹo Socola Đậu Phộng 37g,,Hàng hóa,d47f8c65-8bd7-11f1-9b18-005056b2a5de,fb05c121-4512-4c3b-bd85-fdbb7c53421f,c8220d45-8bd7-11f1-9b18-005056b2a5de,499,097330eb-f92d-4b88-95a8-1a83fd3d8011,
03__KSO__MNM__SUA__37,M&M's Kẹo Socola Sữa 37g,Kẹo Socola,Bịch,45.0,1308000.0,0.0,0.0,0.0,0.0,0.0,0.0,0.0,0.0,0.0,0.0,0.0,0.0,25.0,900000.0,25.0,900000.0,03__KSO__MNM__SUA__37,M&M's Kẹo Socola Sữa 37g,,Hàng hóa,d47f8cf7-8bd7-11f1-9b18-005056b2a5de,a3c13716-97aa-4fba-bdbc-261ecf4586d5,c8220d45-8bd7-11f1-9b18-005056b2a5de,500,097330eb-f92d-4b88-95a8-1a83fd3d8011,
03__KSO__NES__MLO__25,NESTLE Socola Viên Milo Gói 25g,Kẹo Socola,Bịch,27.0,891000.0,0.0,0.0,0.0,0.0,0.0,0.0,0.0,0.0,0.0,0.0,0.0,0.0,0.0,0.0,0.0,0.0,03__KSO__NES__MLO__25,NESTLE Socola Viên Milo Gói 25g,,Hàng hóa,d47f8d89-8bd7-11f1-9b18-005056b2a5de,f912206c-f5d1-48b7-8e29-dd1973a2daa4,c8220d45-8bd7-11f1-9b18-005056b2a5de,501,097330eb-f92d-4b88-95a8-1a83fd3d8011,
03__KSO__SNI__CAR__40,SNICKERS Socola Nhân Đậu Phộng Vị Bơ Caramel 40g,Kẹo Socola,Bịch,2.0,60000.0,0.0,0.0,0.0,0.0,0.0,0.0,0.0,0.0,0.0,0.0,0.0,0.0,0.0,0.0,0.0,0.0,03__KSO__SNI__CAR__40,SNICKERS Socola Nhân Đậu Phộng Vị Bơ Caramel 40g,,Hàng hóa,d47f8e1f-8bd7-11f1-9b18-005056b2a5de,800df1c8-de3e-4ca0-b2f0-e87cef43ab90,c8220d45-8bd7-11f1-9b18-005056b2a5de,502,097330eb-f92d-4b88-95a8-1a83fd3d8011,
03__KSO__SNI__DPG__35,SNICKERS Socola Nhân Đậu Phộng 35g,Kẹo Socola,Bịch,125.0,3536000.0,0.0,0.0,0.0,0.0,0.0,0.0,2.0,60000.0,0.0,0.0,0.0,0.0,75.0,2250000.0,75.0,2250000.0,03__KSO__SNI__DPG__35,SNICKERS Socola Nhân Đậu Phộng 35g,,Hàng hóa,d47f8eb0-8bd7-11f1-9b18-005056b2a5de,a0b6a1e3-3aa6-4450-8e0c-7fe1d2e46573,c8220d45-8bd7-11f1-9b18-005056b2a5de,503,097330eb-f92d-4b88-95a8-1a83fd3d8011,
03__SBN__OIS__BCH__68,OISHI Snack Bắp Ngọt 68g,Snack Bắp,Bịch,210.0,3167000.0,0.0,0.0,0.0,0.0,0.0,0.0,0.0,0.0,0.0,0.0,0.0,0.0,-23.0,-345000.0,-23.0,-345000.0,03__SBN__OIS__BCH__68,OISHI Snack Bắp Ngọt 68g,,Hàng hóa,d47f9003-8bd7-11f1-9b18-005056b2a5de,dd07c28d-ce4e-450f-902e-717e3acc2ccd,c8220d45-8bd7-11f1-9b18-005056b2a5de,504,097330eb-f92d-4b88-95a8-1a83fd3d8011,
03__SBN__OIS__BNB__68,OISHI Snack Bắp 4 Lớp Vị Bắp Nướng Bơ 68g,Snack Bắp,Bịch,57.0,855000.0,0.0,0.0,0.0,0.0,0.0,0.0,0.0,0.0,0.0,0.0,0.0,0.0,33.0,495000.0,33.0,495000.0,03__SBN__OIS__BNB__68,OISHI Snack Bắp 4 Lớp Vị Bắp Nướng Bơ 68g,,Hàng hóa,d47f90d7-8bd7-11f1-9b18-005056b2a5de,43ddc705-829d-46ee-959e-50afd49729a7,c8220d45-8bd7-11f1-9b18-005056b2a5de,505,097330eb-f92d-4b88-95a8-1a83fd3d8011,
03__SBN__OIS__BPM__1,OISHI Snack Bắp Vị Phô Mai,Snack Bắp,Bịch,137.0,2055000.0,0.0,0.0,0.0,0.0,0.0,0.0,0.0,0.0,0.0,0.0,0.0,0.0,-17.0,-255000.0,-17.0,-255000.0,03__SBN__OIS__BPM__1,OISHI Snack Bắp Vị Phô Mai,,Hàng hóa,d47f919c-8bd7-11f1-9b18-005056b2a5de,2baefa17-8766-4731-b3dc-5804518504ca,c8220d45-8bd7-11f1-9b18-005056b2a5de,506,097330eb-f92d-4b88-95a8-1a83fd3d8011,
03__SBN__OIS__CAY__68,OISHI Snack Bắp 4 Lớp Vị Sriracha Vị Cay 68g,Snack Bắp,Bịch,146.0,2190000.0,0.0,0.0,0.0,0.0,0.0,0.0,0.0,0.0,0.0,0.0,0.0,0.0,-16.0,-240000.0,-16.0,-240000.0,03__SBN__OIS__CAY__68,OISHI Snack Bắp 4 Lớp Vị Sriracha Vị Cay 68g,,Hàng hóa,d47f9275-8bd7-11f1-9b18-005056b2a5de,116ffb44-c709-46a7-a059-f01ed6955282,c8220d45-8bd7-11f1-9b18-005056b2a5de,507,097330eb-f92d-4b88-95a8-1a83fd3d8011,
03__SBN__OIS__PMI__68,OISHI Snack Bắp 4 Lớp Vị Phô Mai 68g,Snack Bắp,Chiếc,27.0,405000.0,0.0,0.0,0.0,0.0,0.0,0.0,0.0,0.0,0.0,0.0,0.0,0.0,-27.0,-405000.0,-27.0,-405000.0,03__SBN__OIS__PMI__68,OISHI Snack Bắp 4 Lớp Vị Phô Mai 68g,,Hàng hóa,d47f9310-8bd7-11f1-9b18-005056b2a5de,f8d0c6de-0a16-4823-b609-155d930f2659,c8220d45-8bd7-11f1-9b18-005056b2a5de,508,097330eb-f92d-4b88-95a8-1a83fd3d8062,
03__SBN__ORO__BAP__70,ORION Snack Corn Chip Vị Bắp Nướng Bơ 70g,Snack Bắp,Bịch,63.0,844000.0,0.0,0.0,0.0,0.0,0.0,0.0,0.0,0.0,0.0,0.0,0.0,0.0,18.0,288000.0,18.0,288000.0,03__SBN__ORO__BAP__70,ORION Snack Corn Chip Vị Bắp Nướng Bơ 70g,,Hàng hóa,d47f93a5-8bd7-11f1-9b18-005056b2a5de,9f8b4169-179b-40bb-af08-8373d5622fd7,c8220d45-8bd7-11f1-9b18-005056b2a5de,509,097330eb-f92d-4b88-95a8-1a83fd3d8011,
03__SBN__ORO__NBO__35,ORION Snack Corn Chip Vị Bắp Nướng Bơ 35g,Snack Bắp,Bịch,3.0,21000.0,0.0,0.0,0.0,0.0,0.0,0.0,0.0,0.0,0.0,0.0,0.0,0.0,6.0,42000.0,6.0,42000.0,03__SBN__ORO__NBO__35,ORION Snack Corn Chip Vị Bắp Nướng Bơ 35g,,Hàng hóa,d47f94c3-8bd7-11f1-9b18-005056b2a5de,416d455e-d2ea-47b5-b72b-1f658d687a31,c8220d45-8bd7-11f1-9b18-005056b2a5de,510,097330eb-f92d-4b88-95a8-1a83fd3d8011,
03__SKH__BAF__BOO__30,BATRAFOOD BT Trộn Sa Tế Bò 25g,Snack Khác,Bịch,176.0,1760000.0,0.0,0.0,0.0,0.0,0.0,0.0,1.0,10000.0,0.0,0.0,0.0,0.0,34.0,340000.0,34.0,340000.0,03__SKH__BAF__BOO__30,BATRAFOOD BT Trộn Sa Tế Bò 25g,,Hàng hóa,d47f9559-8bd7-11f1-9b18-005056b2a5de,49ea87fb-2c57-483e-a96a-0ba8a26cfe72,c8220d45-8bd7-11f1-9b18-005056b2a5de,511,097330eb-f92d-4b88-95a8-1a83fd3d8011,
03__SKH__BAF__CAN__45,BATRAFOOD BT Khô Cá Nướng Fishi 45g,Snack Khác,Bịch,38.0,660000.0,0.0,0.0,0.0,0.0,0.0,0.0,0.0,0.0,0.0,0.0,0.0,0.0,2.0,40000.0,2.0,40000.0,03__SKH__BAF__CAN__45,BATRAFOOD BT Khô Cá Nướng Fishi 45g,,Hàng hóa,d47f95ea-8bd7-11f1-9b18-005056b2a5de,26334272-5951-443f-b8c3-f49b5cd000d9,c8220d45-8bd7-11f1-9b18-005056b2a5de,512,097330eb-f92d-4b88-95a8-1a83fd3d8011,
03__SKH__BAF__GCY__45,BATRAFOOD BT Nướng Phủ Gà Cay Chycky 45g,Snack Khác,Bịch,63.0,1008000.0,0.0,0.0,0.0,0.0,0.0,0.0,0.0,0.0,0.0,0.0,0.0,0.0,1.0,20000.0,1.0,20000.0,03__SKH__BAF__GCY__45,BATRAFOOD BT Nướng Phủ Gà Cay Chycky 45g,,Hàng hóa,d47f967e-8bd7-11f1-9b18-005056b2a5de,019e96de-6c3a-47d9-a1a3-2a195e84b8b4,c8220d45-8bd7-11f1-9b18-005056b2a5de,513,097330eb-f92d-4b88-95a8-1a83fd3d8011,
03__SKH__BAF__MUC__45,BATRAFOOD BT Khô Mực Nướng SquiDy 45g,Snack Khác,Bịch,35.0,560000.0,0.0,0.0,0.0,0.0,0.0,0.0,0.0,0.0,0.0,0.0,0.0,0.0,0.0,0.0,0.0,0.0,03__SKH__BAF__MUC__45,BATRAFOOD BT Khô Mực Nướng SquiDy 45g,,Hàng hóa,d47f9718-8bd7-11f1-9b18-005056b2a5de,7e7e8d3c-5fed-4643-ae3b-77c22acf189f,c8220d45-8bd7-11f1-9b18-005056b2a5de,514,097330eb-f92d-4b88-95a8-1a83fd3d8011,
03__SKH__BAF__PMI__30,BATRAFOOD BT Trộn Phô Mai,Snack Khác,Bịch,36.0,480000.0,0.0,0.0,0.0,0.0,0.0,0.0,0.0,0.0,0.0,0.0,0.0,0.0,38.0,760000.0,38.0,760000.0,03__SKH__BAF__PMI__30,BATRAFOOD BT Trộn Phô Mai,,Hàng hóa,d47f97b2-8bd7-11f1-9b18-005056b2a5de,fea3d1d0-4a2e-44b2-aed6-4ef48a5936f0,c8220d45-8bd7-11f1-9b18-005056b2a5de,515,097330eb-f92d-4b88-95a8-1a83fd3d8011,
03__SKH__BAF__RGB__30,BATRAFOOD BT Trộn Rong Biển Gà Cay 30g,Snack Khác,Bịch,67.0,670000.0,0.0,0.0,0.0,0.0,0.0,0.0,0.0,0.0,0.0,0.0,0.0,0.0,46.0,460000.0,46.0,460000.0,03__SKH__BAF__RGB__30,BATRAFOOD BT Trộn Rong Biển Gà Cay 30g,,Hàng hóa,d47f9847-8bd7-11f1-9b18-005056b2a5de,905b8ebe-b744-4502-918d-fee684b32d1a,c8220d45-8bd7-11f1-9b18-005056b2a5de,516,097330eb-f92d-4b88-95a8-1a83fd3d8011,
03__SKH__BAF__TMHK__30,BATRAFOOD BT Trộn Trứng Muối Hoàng Kim,Snack Khác,Bịch,30.0,300000.0,0.0,0.0,0.0,0.0,0.0,0.0,0.0,0.0,0.0,0.0,0.0,0.0,46.0,460000.0,46.0,460000.0,03__SKH__BAF__TMHK__30,BATRAFOOD BT Trộn Trứng Muối Hoàng Kim,,Hàng hóa,d47f98dc-8bd7-11f1-9b18-005056b2a5de,e9bbbab7-e414-4be4-aa3a-fb9058e82b09,c8220d45-8bd7-11f1-9b18-005056b2a5de,517,097330eb-f92d-4b88-95a8-1a83fd3d8011,
03__SKH__BAF__TOI__45,BATRAFOOD BT Nướng Mắm Tỏi Ori 45g,Snack Khác,Bịch,44.0,704000.0,0.0,0.0,0.0,0.0,0.0,0.0,0.0,0.0,0.0,0.0,0.0,0.0,1.0,20000.0,1.0,20000.0,03__SKH__BAF__TOI__45,BATRAFOOD BT Nướng Mắm Tỏi Ori 45g,,Hàng hóa,d47f9970-8bd7-11f1-9b18-005056b2a5de,b3edf433-0406-49cd-9c51-0ff0f5234e9f,c8220d45-8bd7-11f1-9b18-005056b2a5de,518,097330eb-f92d-4b88-95a8-1a83fd3d8011,
03__SKH__BAF__TOM__45,BATRAFOOD BT Nướng Sốt Tôm Cay Tik Tik 45g,Snack Khác,Bịch,58.0,960000.0,0.0,0.0,0.0,0.0,0.0,0.0,0.0,0.0,0.0,0.0,0.0,0.0,0.0,0.0,0.0,0.0,03__SKH__BAF__TOM__45,BATRAFOOD BT Nướng Sốt Tôm Cay Tik Tik 45g,,Hàng hóa,d47f9a04-8bd7-11f1-9b18-005056b2a5de,214459f1-354a-4593-8b44-a88b05373ab2,c8220d45-8bd7-11f1-9b18-005056b2a5de,519,097330eb-f92d-4b88-95a8-1a83fd3d8011,
03__SKH__BAF__XAH__30,BATRAFOOD BT Trộn Xoài Xanh Muối Ớt 30g,Snack Khác,Bịch,31.0,310000.0,0.0,0.0,0.0,0.0,0.0,0.0,0.0,0.0,0.0,0.0,0.0,0.0,1.0,10000.0,1.0,10000.0,03__SKH__BAF__XAH__30,BATRAFOOD BT Trộn Xoài Xanh Muối Ớt 30g,,Hàng hóa,d47f9a9b-8bd7-11f1-9b18-005056b2a5de,946bed0b-8944-45cf-90e1-e6b10ec44d5f,c8220d45-8bd7-11f1-9b18-005056b2a5de,520,097330eb-f92d-4b88-95a8-1a83fd3d8011,
03__SKH__BEN__CDO__22,BENTO Max Extreme Snack Hải Sản Cay Ngọt Đỏ 22g,Snack Khác,Bịch,346.0,10626000.0,0.0,0.0,0.0,0.0,0.0,0.0,0.0,0.0,0.0,0.0,0.0,0.0,15.0,420000.0,15.0,420000.0,03__SKH__BEN__CDO__22,BENTO Max Extreme Snack Hải Sản Cay Ngọt Đỏ 22g,,Hàng hóa,d47f9b33-8bd7-11f1-9b18-005056b2a5de,b85caea4-78e1-47eb-8bbf-1cdb117f50f4,c8220d45-8bd7-11f1-9b18-005056b2a5de,521,097330eb-f92d-4b88-95a8-1a83fd3d8011,
03__SKH__BEN__DEN__18,BENTO Snack Hải Sản Vị Ớt Cực Cay Đen 18g,Snack Khác,Bịch,187.0,5910000.0,0.0,0.0,0.0,0.0,0.0,0.0,0.0,0.0,0.0,0.0,0.0,0.0,2.0,60000.0,2.0,60000.0,03__SKH__BEN__DEN__18,BENTO Snack Hải Sản Vị Ớt Cực Cay Đen 18g,,Hàng hóa,d47f9bc8-8bd7-11f1-9b18-005056b2a5de,c4ba4f0b-f5de-47d6-8c88-67ba62f91f35,c8220d45-8bd7-11f1-9b18-005056b2a5de,522,097330eb-f92d-4b88-95a8-1a83fd3d8011,
03__SKH__BEN__MEX__20,BENTO Snack Hải Sản Tẩm Vị Mexican 20g,Snack Khác,Bịch,12.0,432000.0,0.0,0.0,0.0,0.0,0.0,0.0,0.0,0.0,0.0,0.0,0.0,0.0,0.0,0.0,0.0,0.0,03__SKH__BEN__MEX__20,BENTO Snack Hải Sản Tẩm Vị Mexican 20g,,Hàng hóa,d47f9c6f-8bd7-11f1-9b18-005056b2a5de,96c51514-c87c-4f94-bd74-ab5ff2306abb,c8220d45-8bd7-11f1-9b18-005056b2a5de,523,097330eb-f92d-4b88-95a8-1a83fd3d8011,
03__SKH__BEN__XAH__22,BENTO Max Extreme Snack Hải Sản Cay Nồng Xanh Dương 22g,Snack Khác,Bịch,252.0,7764000.0,0.0,0.0,0.0,0.0,0.0,0.0,2.0,60000.0,0.0,0.0,0.0,0.0,31.0,868000.0,31.0,868000.0,03__SKH__BEN__XAH__22,BENTO Max Extreme Snack Hải Sản Cay Nồng Xanh Dương 22g,,Hàng hóa,d47f9d13-8bd7-11f1-9b18-005056b2a5de,7009b15d-379b-4d65-894c-44ae04f1e94f,c8220d45-8bd7-11f1-9b18-005056b2a5de,524,097330eb-f92d-4b88-95a8-1a83fd3d8011,
03__SKH__BTZ__DO__18,BITEEZ Cá Tẩm Vị Mực Cay Đậm Đà Đỏ 18g,Snack Khác,Bịch,4.0,140000.0,0.0,0.0,0.0,0.0,0.0,0.0,0.0,0.0,0.0,0.0,0.0,0.0,0.0,0.0,0.0,0.0,03__SKH__BTZ__DO__18,BITEEZ Cá Tẩm Vị Mực Cay Đậm Đà Đỏ 18g,,Hàng hóa,d47f9da7-8bd7-11f1-9b18-005056b2a5de,1a0e7874-d420-4478-8da2-7ad1e1913fbd,c8220d45-8bd7-11f1-9b18-005056b2a5de,525,097330eb-f92d-4b88-95a8-1a83fd3d8011,
03__SKH__BTZ__XAH__18,BITEEZ Cá Tẩm Vị Mực Cay Ngọt Xanh 18g,Snack Khác,Bịch,0.0,0.0,0.0,0.0,0.0,0.0,0.0,0.0,0.0,0.0,0.0,0.0,0.0,0.0,0.0,0.0,0.0,0.0,03__SKH__BTZ__XAH__18,BITEEZ Cá Tẩm Vị Mực Cay Ngọt Xanh 18g,,Hàng hóa,d47f9e45-8bd7-11f1-9b18-005056b2a5de,82ac1604-055e-4893-9d31-80ec0211409a,c8220d45-8bd7-11f1-9b18-005056b2a5de,526,097330eb-f92d-4b88-95a8-1a83fd3d8011,
03__SKH__DOR__CAM__20,DORKBUA Snack Que Cam Thịt Heo Xông Khói 20g,Snack Khác,Bịch,15.0,150000.0,0.0,0.0,0.0,0.0,0.0,0.0,0.0,0.0,0.0,0.0,0.0,0.0,0.0,0.0,0.0,0.0,03__SKH__DOR__CAM__20,DORKBUA Snack Que Cam Thịt Heo Xông Khói 20g,,Hàng hóa,d47f9edd-8bd7-11f1-9b18-005056b2a5de,95cf64c9-fd0a-4e9d-bdaa-679f9fb2a83d,c8220d45-8bd7-11f1-9b18-005056b2a5de,527,097330eb-f92d-4b88-95a8-1a83fd3d8011,
03__SKH__DOR__CAM__50,DORKBUA Snack Que Cam Thịt Heo Xông Khói 50g,Snack Khác,Bịch,143.0,2232000.0,0.0,0.0,0.0,0.0,0.0,0.0,0.0,0.0,0.0,0.0,0.0,0.0,21.0,336000.0,21.0,336000.0,03__SKH__DOR__CAM__50,DORKBUA Snack Que Cam Thịt Heo Xông Khói 50g,,Hàng hóa,d47f9f75-8bd7-11f1-9b18-005056b2a5de,62f05d94-08aa-4b0f-b814-ac25650d720f,c8220d45-8bd7-11f1-9b18-005056b2a5de,528,097330eb-f92d-4b88-95a8-1a83fd3d8011,
03__SKH__DOR__DDO__20,DORKBUA Snack Que Đỏ Thịt Heo Xông Khói 20g,Snack Khác,Bịch,185.0,1845000.0,0.0,0.0,0.0,0.0,0.0,0.0,0.0,0.0,0.0,0.0,0.0,0.0,2.0,20000.0,2.0,20000.0,03__SKH__DOR__DDO__20,DORKBUA Snack Que Đỏ Thịt Heo Xông Khói 20g,,Hàng hóa,d47fa00d-8bd7-11f1-9b18-005056b2a5de,b830c974-fc26-41aa-a09f-319d80e3b279,c8220d45-8bd7-11f1-9b18-005056b2a5de,529,097330eb-f92d-4b88-95a8-1a83fd3d8011,
03__SKH__DOR__DDO__55,DORKBUA Snack Que Đỏ Thịt Heo Xông Khói 55g,Snack Khác,Bịch,102.0,1580000.0,0.0,0.0,0.0,0.0,0.0,0.0,0.0,0.0,0.0,0.0,0.0,0.0,-6.0,-96000.0,-6.0,-96000.0,03__SKH__DOR__DDO__55,DORKBUA Snack Que Đỏ Thịt Heo Xông Khói 55g,,Hàng hóa,d47fa0a3-8bd7-11f1-9b18-005056b2a5de,91ba733e-b0f0-4284-9fb1-818a90ff693f,c8220d45-8bd7-11f1-9b18-005056b2a5de,530,097330eb-f92d-4b88-95a8-1a83fd3d8011,
03__SKH__ENA__HGA__30,GEMEZ ENAAK Snack Mì Hương Gà 30g,Snack Khác,Gói,637.0,5348000.0,0.0,0.0,0.0,0.0,0.0,0.0,5.0,42000.0,0.0,0.0,0.0,0.0,56.0,560000.0,56.0,560000.0,03__SKH__ENA__HGA__30,GEMEZ ENAAK Snack Mì Hương Gà 30g,,Hàng hóa,d47fa139-8bd7-11f1-9b18-005056b2a5de,a1293eac-c58e-4ea3-b0c5-0df17a90c548,c8220d45-8bd7-11f1-9b18-005056b2a5de,531,097330eb-f92d-4b88-95a8-1a83fd3d8067,
03__SKH__ENA__HOT__28,GEMEZ ENAAK Snack Mì Hương Ớt 28g,Snack Khác,Gói,672.0,5582000.0,0.0,0.0,0.0,0.0,0.0,0.0,1.0,10000.0,0.0,0.0,0.0,0.0,41.0,410000.0,41.0,410000.0,03__SKH__ENA__HOT__28,GEMEZ ENAAK Snack Mì Hương Ớt 28g,,Hàng hóa,d47fa1cd-8bd7-11f1-9b18-005056b2a5de,fcad80e7-d965-41ec-b4b6-5a9d45b05db9,c8220d45-8bd7-11f1-9b18-005056b2a5de,532,097330eb-f92d-4b88-95a8-1a83fd3d8067,
03__SKH__GLO__2CO__39,GLICO Pocky Double Chocolate Hộp 39g,Snack Khác,Hộp,65.0,1612000.0,0.0,0.0,0.0,0.0,0.0,0.0,0.0,0.0,0.0,0.0,0.0,0.0,23.0,644000.0,23.0,644000.0,03__SKH__GLO__2CO__39,GLICO Pocky Double Chocolate Hộp 39g,,Hàng hóa,d47fa262-8bd7-11f1-9b18-005056b2a5de,cde37446-cccc-4004-9e27-99e95f73dd63,c8220d45-8bd7-11f1-9b18-005056b2a5de,533,097330eb-f92d-4b88-95a8-1a83fd3d8064,
03__SKH__GLO__CHO__40,GLICO Pocky Chocolate Hộp 40g,Snack Khác,Hộp,29.0,689000.0,0.0,0.0,0.0,0.0,0.0,0.0,0.0,0.0,0.0,0.0,0.0,0.0,0.0,0.0,0.0,0.0,03__SKH__GLO__CHO__40,GLICO Pocky Chocolate Hộp 40g,,Hàng hóa,d47fa2f7-8bd7-11f1-9b18-005056b2a5de,242937b6-5b69-4a9b-a6f5-12baed4248d3,c8220d45-8bd7-11f1-9b18-005056b2a5de,534,097330eb-f92d-4b88-95a8-1a83fd3d8064,
03__SKH__GLO__CRM__40,GLICO Pocky Cookies & Cream Hộp 40g,Snack Khác,Hộp,87.0,2137000.0,0.0,0.0,0.0,0.0,0.0,0.0,0.0,0.0,0.0,0.0,0.0,0.0,0.0,0.0,0.0,0.0,03__SKH__GLO__CRM__40,GLICO Pocky Cookies & Cream Hộp 40g,,Hàng hóa,d47fa38e-8bd7-11f1-9b18-005056b2a5de,53db35d7-5088-44f3-bea7-1780e0109864,c8220d45-8bd7-11f1-9b18-005056b2a5de,535,097330eb-f92d-4b88-95a8-1a83fd3d8064,
03__SKH__GLO__DAU__38,GLICO Pocky Dâu Hộp 38g,Snack Khác,Hộp,45.0,1088000.0,0.0,0.0,0.0,0.0,0.0,0.0,0.0,0.0,0.0,0.0,0.0,0.0,0.0,0.0,0.0,0.0,03__SKH__GLO__DAU__38,GLICO Pocky Dâu Hộp 38g,,Hàng hóa,d47fa420-8bd7-11f1-9b18-005056b2a5de,7d63b2b0-a98e-48bf-8756-4cdff78b9815,c8220d45-8bd7-11f1-9b18-005056b2a5de,536,097330eb-f92d-4b88-95a8-1a83fd3d8064,
03__SKH__GLO__MAT__35,GLICO Pocky Milky Matcha Hộp 35g,Snack Khác,Hộp,71.0,1744000.0,0.0,0.0,0.0,0.0,0.0,0.0,0.0,0.0,0.0,0.0,0.0,0.0,1.0,28000.0,1.0,28000.0,03__SKH__GLO__MAT__35,GLICO Pocky Milky Matcha Hộp 35g,,Hàng hóa,d47fa4b7-8bd7-11f1-9b18-005056b2a5de,7d7d54b6-d018-4461-947e-35855d9569ed,c8220d45-8bd7-11f1-9b18-005056b2a5de,537,097330eb-f92d-4b88-95a8-1a83fd3d8064,
03__SKH__GLO__SUA__40,GLICO Pocky Sữa Hộp 40g,Snack Khác,Hộp,12.0,288000.0,0.0,0.0,0.0,0.0,0.0,0.0,0.0,0.0,0.0,0.0,0.0,0.0,0.0,0.0,0.0,0.0,03__SKH__GLO__SUA__40,GLICO Pocky Sữa Hộp 40g,,Hàng hóa,d47fa54d-8bd7-11f1-9b18-005056b2a5de,d1570048-16e4-4683-8a7b-ec6ee403639b,c8220d45-8bd7-11f1-9b18-005056b2a5de,538,097330eb-f92d-4b88-95a8-1a83fd3d8064,
03__SKH__HNM__TOM__52,HANAMI Snack Tôm Thái Bịch 52g,Snack Khác,Bịch,16.0,542000.0,0.0,0.0,0.0,0.0,0.0,0.0,0.0,0.0,0.0,0.0,0.0,0.0,0.0,0.0,0.0,0.0,03__SKH__HNM__TOM__52,HANAMI Snack Tôm Thái Bịch 52g,,Hàng hóa,d47fa7b1-8bd7-11f1-9b18-005056b2a5de,e3f15e72-57ed-4ce7-85e8-c859fbdca848,c8220d45-8bd7-11f1-9b18-005056b2a5de,539,097330eb-f92d-4b88-95a8-1a83fd3d8011,
03__SKH__KRI__DAU__50,KIDO KRIZZI Bánh Snack Vị Dâu 50g,Snack Khác,Bịch,7.0,112000.0,0.0,0.0,0.0,0.0,0.0,0.0,0.0,0.0,0.0,0.0,0.0,0.0,0.0,0.0,0.0,0.0,03__SKH__KRI__DAU__50,KIDO KRIZZI Bánh Snack Vị Dâu 50g,,Hàng hóa,d47fa85b-8bd7-11f1-9b18-005056b2a5de,e1ed72b6-72ee-44b4-b1b3-51ef032863ed,c8220d45-8bd7-11f1-9b18-005056b2a5de,540,097330eb-f92d-4b88-95a8-1a83fd3d8011,
03__SKH__KRI__MOC__50,KIDO KRIZZI Bánh Snack Mocha 50g,Snack Khác,Bịch,63.0,1110000.0,0.0,0.0,0.0,0.0,0.0,0.0,1.0,14000.0,0.0,0.0,0.0,0.0,15.0,270000.0,15.0,270000.0,03__SKH__KRI__MOC__50,KIDO KRIZZI Bánh Snack Mocha 50g,,Hàng hóa,d47fa8f5-8bd7-11f1-9b18-005056b2a5de,d7e6409b-78f2-4250-a736-ed2bc6033c0a,c8220d45-8bd7-11f1-9b18-005056b2a5de,541,097330eb-f92d-4b88-95a8-1a83fd3d8011,
03__SKH__KRI__SOC__50,KIDO KRIZZI Bánh Snack Vị Socola 50g,Snack Khác,Bịch,108.0,1874000.0,0.0,0.0,0.0,0.0,0.0,0.0,1.0,16000.0,0.0,0.0,0.0,0.0,3.0,54000.0,3.0,54000.0,03__SKH__KRI__SOC__50,KIDO KRIZZI Bánh Snack Vị Socola 50g,,Hàng hóa,d47fa99a-8bd7-11f1-9b18-005056b2a5de,eb82db6b-b840-49cd-a9a7-df9ca6f713c7,c8220d45-8bd7-11f1-9b18-005056b2a5de,542,097330eb-f92d-4b88-95a8-1a83fd3d8011,
03__SKH__LOT__CAC__40,LOTTE Toppo Bánh Que Nhân Socola Hương Cacao 40g,Snack Khác,Hộp,149.0,3485000.0,0.0,0.0,0.0,0.0,0.0,0.0,0.0,0.0,0.0,0.0,0.0,0.0,0.0,0.0,0.0,0.0,03__SKH__LOT__CAC__40,LOTTE Toppo Bánh Que Nhân Socola Hương Cacao 40g,,Hàng hóa,d47faa34-8bd7-11f1-9b18-005056b2a5de,31590bc4-fd7b-40b2-b178-e20bc95c59cc,c8220d45-8bd7-11f1-9b18-005056b2a5de,543,097330eb-f92d-4b88-95a8-1a83fd3d8064,
03__SKH__LOT__DAU__40,LOTTE Toppo Bánh Que Nhân Kem Dâu 40g,Snack Khác,Hộp,40.0,950000.0,0.0,0.0,0.0,0.0,0.0,0.0,0.0,0.0,0.0,0.0,0.0,0.0,8.0,200000.0,8.0,200000.0,03__SKH__LOT__DAU__40,LOTTE Toppo Bánh Que Nhân Kem Dâu 40g,,Hàng hóa,d47faaca-8bd7-11f1-9b18-005056b2a5de,86bce623-ea9f-4efb-91b7-d3bae96c6124,c8220d45-8bd7-11f1-9b18-005056b2a5de,544,097330eb-f92d-4b88-95a8-1a83fd3d8064,
03__SKH__LOT__DEN__37,LOTTE Bánh Gấu KOALA's Vỏ Và Nhân Socola Đen 37g,Snack Khác,Hộp,59.0,1372000.0,0.0,0.0,0.0,0.0,0.0,0.0,0.0,0.0,0.0,0.0,0.0,0.0,14.0,350000.0,14.0,350000.0,03__SKH__LOT__DEN__37,LOTTE Bánh Gấu KOALA's Vỏ Và Nhân Socola Đen 37g,,Hàng hóa,d47fab63-8bd7-11f1-9b18-005056b2a5de,63c45577-8060-42bf-b129-8a9042832865,c8220d45-8bd7-11f1-9b18-005056b2a5de,545,097330eb-f92d-4b88-95a8-1a83fd3d8064,
03__SKH__LOT__HOG__37,LOTTE Bánh Gấu KOALA's Nhân Kem Dâu 37g,Snack Khác,Hộp,47.0,1136000.0,0.0,0.0,0.0,0.0,0.0,0.0,0.0,0.0,0.0,0.0,0.0,0.0,18.0,450000.0,18.0,450000.0,03__SKH__LOT__HOG__37,LOTTE Bánh Gấu KOALA's Nhân Kem Dâu 37g,,Hàng hóa,d47fabfb-8bd7-11f1-9b18-005056b2a5de,bb1558bf-2e7c-4f89-aae0-8ea0b3a496c0,c8220d45-8bd7-11f1-9b18-005056b2a5de,546,097330eb-f92d-4b88-95a8-1a83fd3d8064,
03__SKH__LOT__TRA__37,LOTTE Bánh Gấu KOALA's Nhân Socola Trắng 37g,Snack Khác,Hộp,28.0,653000.0,0.0,0.0,0.0,0.0,0.0,0.0,0.0,0.0,0.0,0.0,0.0,0.0,26.0,650000.0,26.0,650000.0,03__SKH__LOT__TRA__37,LOTTE Bánh Gấu KOALA's Nhân Socola Trắng 37g,,Hàng hóa,d47fac8f-8bd7-11f1-9b18-005056b2a5de,80e804c4-5aec-4fcf-81d7-1fff81da3f85,c8220d45-8bd7-11f1-9b18-005056b2a5de,547,097330eb-f92d-4b88-95a8-1a83fd3d8064,
03__SKH__LOT__VAN__40,LOTTE Toppo Bánh Que Nhân Socola Vani 40g,Snack Khác,Hộp,156.0,3676000.0,0.0,0.0,0.0,0.0,0.0,0.0,1.0,25000.0,0.0,0.0,0.0,0.0,4.0,100000.0,4.0,100000.0,03__SKH__LOT__VAN__40,LOTTE Toppo Bánh Que Nhân Socola Vani 40g,,Hàng hóa,d47fad21-8bd7-11f1-9b18-005056b2a5de,24c6c102-acf6-4fe8-a99b-347896982fee,c8220d45-8bd7-11f1-9b18-005056b2a5de,548,097330eb-f92d-4b88-95a8-1a83fd3d8064,
03__SKH__LOT__XLA__37,LOTTE Bánh Gấu KOALA's Nhân Socola Xanh Lá 37g,Snack Khác,Hộp,77.0,1816000.0,0.0,0.0,0.0,0.0,0.0,0.0,0.0,0.0,0.0,0.0,0.0,0.0,20.0,500000.0,20.0,500000.0,03__SKH__LOT__XLA__37,LOTTE Bánh Gấu KOALA's Nhân Socola Xanh Lá 37g,,Hàng hóa,d47fadb2-8bd7-11f1-9b18-005056b2a5de,e3a42dfa-6f06-4da3-84db-79052cca95ca,c8220d45-8bd7-11f1-9b18-005056b2a5de,549,097330eb-f92d-4b88-95a8-1a83fd3d8064,
03__SKH__MEI__CAC__40,MEIJI HELLO PANDA Bánh Gấu Cacao Kem Socola 40g,Snack Khác,Bịch,10.0,350000.0,0.0,0.0,0.0,0.0,0.0,0.0,0.0,0.0,0.0,0.0,0.0,0.0,0.0,0.0,0.0,0.0,03__SKH__MEI__CAC__40,MEIJI HELLO PANDA Bánh Gấu Cacao Kem Socola 40g,,Hàng hóa,d47fae49-8bd7-11f1-9b18-005056b2a5de,00208705-a409-45c6-a203-604d17773381,c8220d45-8bd7-11f1-9b18-005056b2a5de,550,097330eb-f92d-4b88-95a8-1a83fd3d8011,
03__SKH__MEI__DAU__40,MEIJI HELLO PANDA Bánh Gấu Dâu 40g,Snack Khác,Hộp,19.0,725000.0,0.0,0.0,0.0,0.0,0.0,0.0,0.0,0.0,0.0,0.0,0.0,0.0,0.0,0.0,0.0,0.0,03__SKH__MEI__DAU__40,MEIJI HELLO PANDA Bánh Gấu Dâu 40g,,Hàng hóa,d47faedd-8bd7-11f1-9b18-005056b2a5de,e359fd08-1a1d-4eb4-851f-4dbefbd72c08,c8220d45-8bd7-11f1-9b18-005056b2a5de,551,097330eb-f92d-4b88-95a8-1a83fd3d8064,
03__SKH__MEI__SOC__40,MEIJI HELLO PANDA Bánh Gấu Socola 40g,Snack Khác,Hộp,28.0,1065000.0,0.0,0.0,0.0,0.0,0.0,0.0,0.0,0.0,0.0,0.0,0.0,0.0,1.0,40000.0,1.0,40000.0,03__SKH__MEI__SOC__40,MEIJI HELLO PANDA Bánh Gấu Socola 40g,,Hàng hóa,d47faf70-8bd7-11f1-9b18-005056b2a5de,bc25a0bd-a523-4061-a442-adcc5a7ea051,c8220d45-8bd7-11f1-9b18-005056b2a5de,552,097330eb-f92d-4b88-95a8-1a83fd3d8064,
03__SKH__MEI__SUA__40,MEIJI HELLO PANDA Bánh Gấu Sữa 40g,Snack Khác,Hộp,10.0,370000.0,0.0,0.0,0.0,0.0,0.0,0.0,0.0,0.0,0.0,0.0,0.0,0.0,0.0,0.0,0.0,0.0,03__SKH__MEI__SUA__40,MEIJI HELLO PANDA Bánh Gấu Sữa 40g,,Hàng hóa,d47fb000-8bd7-11f1-9b18-005056b2a5de,3942643c-bd4f-4ebc-bee2-3b0b7a027c9a,c8220d45-8bd7-11f1-9b18-005056b2a5de,553,097330eb-f92d-4b88-95a8-1a83fd3d8064,
03__SKH__MIX__CAY__25,MIX Bánh Que Vị Ớt Cay 25g,Snack Khác,Bịch,75.0,658000.0,0.0,0.0,0.0,0.0,0.0,0.0,0.0,0.0,0.0,0.0,0.0,0.0,0.0,0.0,0.0,0.0,03__SKH__MIX__CAY__25,MIX Bánh Que Vị Ớt Cay 25g,,Hàng hóa,d47fb091-8bd7-11f1-9b18-005056b2a5de,297dadb1-81ce-4dbd-802c-bde0d81fc5d3,c8220d45-8bd7-11f1-9b18-005056b2a5de,554,097330eb-f92d-4b88-95a8-1a83fd3d8011,
03__SKH__MIX__GCY__150,MIX Bánh Que Vị Gà Cay Hũ 150g,Snack Khác,Hũ,11.0,660000.0,0.0,0.0,0.0,0.0,0.0,0.0,0.0,0.0,0.0,0.0,0.0,0.0,0.0,0.0,0.0,0.0,03__SKH__MIX__GCY__150,MIX Bánh Que Vị Gà Cay Hũ 150g,,Hàng hóa,d47fb134-8bd7-11f1-9b18-005056b2a5de,d06abbbb-7424-4fe3-9e7c-20b6f4d35ca6,c8220d45-8bd7-11f1-9b18-005056b2a5de,555,315cd7c9-f951-4e88-888d-9acc60b4a4fc,
03__SKH__MIX__GCY__25,MIX Bánh Que Vị Gà Cay 25g,Snack Khác,Bịch,34.0,290000.0,0.0,0.0,0.0,0.0,0.0,0.0,0.0,0.0,0.0,0.0,0.0,0.0,0.0,0.0,0.0,0.0,03__SKH__MIX__GCY__25,MIX Bánh Que Vị Gà Cay 25g,,Hàng hóa,d47fb1c6-8bd7-11f1-9b18-005056b2a5de,9de64ca6-e661-4af8-9345-b1f9dd8cd541,c8220d45-8bd7-11f1-9b18-005056b2a5de,556,097330eb-f92d-4b88-95a8-1a83fd3d8011,
03__SKH__MIX__GCY__50,MIX Bánh Que Vị Gà Cay 50g,Snack Khác,Bịch,40.0,931000.0,0.0,0.0,0.0,0.0,0.0,0.0,0.0,0.0,0.0,0.0,0.0,0.0,2.0,50000.0,2.0,50000.0,03__SKH__MIX__GCY__50,MIX Bánh Que Vị Gà Cay 50g,,Hàng hóa,d47fb259-8bd7-11f1-9b18-005056b2a5de,3d8aa384-0c4c-468c-bf3b-f7d5fc03a5f3,c8220d45-8bd7-11f1-9b18-005056b2a5de,557,097330eb-f92d-4b88-95a8-1a83fd3d8011,
03__SKH__MIX__HAN__50,MIX Bánh Que Vị Gà Cay Hàn Quốc 50g,Snack Khác,Bịch,36.0,978000.0,0.0,0.0,0.0,0.0,0.0,0.0,0.0,0.0,0.0,0.0,0.0,0.0,0.0,0.0,0.0,0.0,03__SKH__MIX__HAN__50,MIX Bánh Que Vị Gà Cay Hàn Quốc 50g,,Hàng hóa,d47fb2ea-8bd7-11f1-9b18-005056b2a5de,87d081a9-54d5-49f2-a9d4-fbbfb058bb1f,c8220d45-8bd7-11f1-9b18-005056b2a5de,558,097330eb-f92d-4b88-95a8-1a83fd3d8011,
03__SKH__MIX__OCY__50,MIX Bánh Que Vị Ớt Cay 50g,Snack Khác,Bịch,56.0,1316000.0,0.0,0.0,0.0,0.0,0.0,0.0,0.0,0.0,0.0,0.0,0.0,0.0,-1.0,-25000.0,-1.0,-25000.0,03__SKH__MIX__OCY__50,MIX Bánh Que Vị Ớt Cay 50g,,Hàng hóa,d47fb37d-8bd7-11f1-9b18-005056b2a5de,33a0aa0d-4651-4def-ae12-e5910f1eccfe,c8220d45-8bd7-11f1-9b18-005056b2a5de,559,097330eb-f92d-4b88-95a8-1a83fd3d8011,
03__SKH__MIX__TXK__50,MIX Bánh Que Vị Thịt Xông Khói 50g,Snack Khác,Bịch,29.0,838000.0,0.0,0.0,0.0,0.0,0.0,0.0,0.0,0.0,0.0,0.0,0.0,0.0,1.0,30000.0,1.0,30000.0,03__SKH__MIX__TXK__50,MIX Bánh Que Vị Thịt Xông Khói 50g,,Hàng hóa,d47fb40e-8bd7-11f1-9b18-005056b2a5de,8947c35b-2cb2-4aef-b15e-2f257e5356f7,c8220d45-8bd7-11f1-9b18-005056b2a5de,560,097330eb-f92d-4b88-95a8-1a83fd3d8011,
03__SKH__OIS__BDO__68,OISHI Snack Bí Đỏ 68g,Snack Khác,Bịch,199.0,3023000.0,0.0,0.0,0.0,0.0,0.0,0.0,0.0,0.0,0.0,0.0,0.0,0.0,1.0,15000.0,1.0,15000.0,03__SKH__OIS__BDO__68,OISHI Snack Bí Đỏ 68g,,Hàng hóa,d47fb4a0-8bd7-11f1-9b18-005056b2a5de,443f2e50-e184-4aba-aa96-6a452161f2de,c8220d45-8bd7-11f1-9b18-005056b2a5de,561,097330eb-f92d-4b88-95a8-1a83fd3d8011,
03__SKH__OIS__CUA__68,OISHI Snack Cua Vị Xốt Chua Ngọt 68g,Snack Khác,Bịch,23.0,345000.0,0.0,0.0,0.0,0.0,0.0,0.0,0.0,0.0,0.0,0.0,0.0,0.0,-12.0,-180000.0,-12.0,-180000.0,03__SKH__OIS__CUA__68,OISHI Snack Cua Vị Xốt Chua Ngọt 68g,,Hàng hóa,d47fb533-8bd7-11f1-9b18-005056b2a5de,76604878-6041-4d6e-9513-2acd90ef7e09,c8220d45-8bd7-11f1-9b18-005056b2a5de,562,097330eb-f92d-4b88-95a8-1a83fd3d8011,
03__SKH__OIS__DBT__68,OISHI Snack Tôm Cay Đặc Biệt 68g,Snack Khác,Bịch,292.0,4380000.0,0.0,0.0,0.0,0.0,0.0,0.0,1.0,15000.0,0.0,0.0,0.0,0.0,11.0,165000.0,11.0,165000.0,03__SKH__OIS__DBT__68,OISHI Snack Tôm Cay Đặc Biệt 68g,,Hàng hóa,d47fb5c7-8bd7-11f1-9b18-005056b2a5de,71e54049-a026-4e51-87c1-ef12c61a956b,c8220d45-8bd7-11f1-9b18-005056b2a5de,563,097330eb-f92d-4b88-95a8-1a83fd3d8011,
03__SKH__OIS__MUC__68,OISHI Snack Tôm Vị Mực Nướng Muối Ớt 68g,Snack Khác,Bịch,47.0,705000.0,0.0,0.0,0.0,0.0,0.0,0.0,0.0,0.0,0.0,0.0,0.0,0.0,3.0,45000.0,3.0,45000.0,03__SKH__OIS__MUC__68,OISHI Snack Tôm Vị Mực Nướng Muối Ớt 68g,,Hàng hóa,d47fb657-8bd7-11f1-9b18-005056b2a5de,2a8a70f1-94f4-45ab-979f-0dd78d73b767,c8220d45-8bd7-11f1-9b18-005056b2a5de,564,097330eb-f92d-4b88-95a8-1a83fd3d8011,
03__SKH__OIS__MUC_68,OISHI Snack Mực Indo 68g,Snack Khác,Bịch,202.0,3040000.0,0.0,0.0,0.0,0.0,0.0,0.0,0.0,0.0,0.0,0.0,0.0,0.0,-14.0,-210000.0,-14.0,-210000.0,03__SKH__OIS__MUC_68,OISHI Snack Mực Indo 68g,,Hàng hóa,d47fb6ec-8bd7-11f1-9b18-005056b2a5de,07156cfd-e8ba-4bb0-83fb-f4f5146ad26a,c8220d45-8bd7-11f1-9b18-005056b2a5de,565,097330eb-f92d-4b88-95a8-1a83fd3d8011,
03__SKH__OIS__PMI__68,OISHI Snack Phô Mai Miếng 68g,Snack Khác,Bịch,260.0,4051000.0,0.0,0.0,0.0,0.0,0.0,0.0,0.0,0.0,0.0,0.0,0.0,0.0,-21.0,-336000.0,-21.0,-336000.0,03__SKH__OIS__PMI__68,OISHI Snack Phô Mai Miếng 68g,,Hàng hóa,d47fb77b-8bd7-11f1-9b18-005056b2a5de,9110e59d-158f-42d2-b980-b7e8fb8ea308,c8220d45-8bd7-11f1-9b18-005056b2a5de,566,097330eb-f92d-4b88-95a8-1a83fd3d8011,
03__SKH__OIS__TCY__68,OISHI Snack Tôm Cay 68g,Snack Khác,Bịch,297.0,4663000.0,0.0,0.0,0.0,0.0,0.0,0.0,1.0,16000.0,0.0,0.0,0.0,0.0,-29.0,-464000.0,-29.0,-464000.0,03__SKH__OIS__TCY__68,OISHI Snack Tôm Cay 68g,,Hàng hóa,d47fb80b-8bd7-11f1-9b18-005056b2a5de,04c51890-696f-4601-a550-015702630fff,c8220d45-8bd7-11f1-9b18-005056b2a5de,567,097330eb-f92d-4b88-95a8-1a83fd3d8011,
03__SKH__OIS__VMC__68,OISHI Snack Viên Vị Mực Cay 68g,Snack Khác,Bịch,98.0,1470000.0,0.0,0.0,0.0,0.0,0.0,0.0,0.0,0.0,0.0,0.0,0.0,0.0,-8.0,-120000.0,-8.0,-120000.0,03__SKH__OIS__VMC__68,OISHI Snack Viên Vị Mực Cay 68g,,Hàng hóa,d47fb95d-8bd7-11f1-9b18-005056b2a5de,ec04bcb6-29f4-4b76-9b7c-cf1731225ab7,c8220d45-8bd7-11f1-9b18-005056b2a5de,568,097330eb-f92d-4b88-95a8-1a83fd3d8011,
03__SKH__OIS__VTA__68,OISHI Snack Viên Vị Takoyaki Nhật Bản 68g,Snack Khác,Bịch,128.0,1920000.0,0.0,0.0,0.0,0.0,0.0,0.0,0.0,0.0,0.0,0.0,0.0,0.0,-11.0,-165000.0,-11.0,-165000.0,03__SKH__OIS__VTA__68,OISHI Snack Viên Vị Takoyaki Nhật Bản 68g,,Hàng hóa,d47fb9f4-8bd7-11f1-9b18-005056b2a5de,fd18a464-f530-4323-9a0e-1053da87c106,c8220d45-8bd7-11f1-9b18-005056b2a5de,569,097330eb-f92d-4b88-95a8-1a83fd3d8011,
03__SKH__OIS__ZCV__80,OISHI Snack Pillows Nhân Socola Vị Cookies và Vani Túi Zip 80g,Snack Khác,Bịch,146.0,2306000.0,0.0,0.0,0.0,0.0,0.0,0.0,0.0,0.0,0.0,0.0,0.0,0.0,-18.0,-288000.0,-18.0,-288000.0,03__SKH__OIS__ZCV__80,OISHI Snack Pillows Nhân Socola Vị Cookies và Vani Túi Zip 80g,,Hàng hóa,d47fba8d-8bd7-11f1-9b18-005056b2a5de,9480a41c-ad89-4027-a3ec-e43150eeaf49,c8220d45-8bd7-11f1-9b18-005056b2a5de,570,097330eb-f92d-4b88-95a8-1a83fd3d8011,
03__SKH__OIS__ZHA__80,OISHI Snack Pillows Nhân Socola Vị Hazelnut Túi Zip 80g,Snack Khác,Bịch,82.0,1302000.0,0.0,0.0,0.0,0.0,0.0,0.0,0.0,0.0,0.0,0.0,0.0,0.0,-12.0,-192000.0,-12.0,-192000.0,03__SKH__OIS__ZHA__80,OISHI Snack Pillows Nhân Socola Vị Hazelnut Túi Zip 80g,,Hàng hóa,d47fbb33-8bd7-11f1-9b18-005056b2a5de,94865658-ab4c-4deb-9fb7-e19b4c85a3c2,c8220d45-8bd7-11f1-9b18-005056b2a5de,571,097330eb-f92d-4b88-95a8-1a83fd3d8011,
03__SKH__OIS__ZKM__80,OISHI Snack Pillows Nhân Socola Vị Khoai Môn Túi Zip 80g,Snack Khác,Bịch,145.0,2291000.0,0.0,0.0,0.0,0.0,0.0,0.0,0.0,0.0,0.0,0.0,0.0,0.0,-8.0,-128000.0,-8.0,-128000.0,03__SKH__OIS__ZKM__80,OISHI Snack Pillows Nhân Socola Vị Khoai Môn Túi Zip 80g,,Hàng hóa,d47fbbcd-8bd7-11f1-9b18-005056b2a5de,174a28f6-3444-4aee-8ce9-da1abae8566d,c8220d45-8bd7-11f1-9b18-005056b2a5de,572,097330eb-f92d-4b88-95a8-1a83fd3d8011,
03__SKH__OIS__ZMA__75,OISHI Snack Nhúng Matcha Túi Zip 75g,Snack Khác,Bịch,103.0,1628000.0,0.0,0.0,0.0,0.0,0.0,0.0,0.0,0.0,0.0,0.0,0.0,0.0,-3.0,-48000.0,-3.0,-48000.0,03__SKH__OIS__ZMA__75,OISHI Snack Nhúng Matcha Túi Zip 75g,,Hàng hóa,d47fbc61-8bd7-11f1-9b18-005056b2a5de,4b648c80-325d-4080-b67c-86ac9d4382ce,c8220d45-8bd7-11f1-9b18-005056b2a5de,573,097330eb-f92d-4b88-95a8-1a83fd3d8011,
03__SKH__OIS__ZMO__70,OISHI Snack Tôm Xốt Tương Mật Ong Túi Zip 70g,Snack Khác,Bịch,151.0,2382000.0,0.0,0.0,0.0,0.0,0.0,0.0,0.0,0.0,0.0,0.0,0.0,0.0,-24.0,-384000.0,-24.0,-384000.0,03__SKH__OIS__ZMO__70,OISHI Snack Tôm Xốt Tương Mật Ong Túi Zip 70g,,Hàng hóa,d47fbcf3-8bd7-11f1-9b18-005056b2a5de,0d20a05d-ee1c-4db7-824a-e424f5c96adc,c8220d45-8bd7-11f1-9b18-005056b2a5de,574,097330eb-f92d-4b88-95a8-1a83fd3d8011,
03__SKH__OIS__ZSD__80,OISHI Snack Pillows Nhân Socola Vị Sữa Dừa Túi Zip 80g,Snack Khác,Bịch,155.0,2442000.0,0.0,0.0,0.0,0.0,0.0,0.0,0.0,0.0,0.0,0.0,0.0,0.0,-12.0,-192000.0,-12.0,-192000.0,03__SKH__OIS__ZSD__80,OISHI Snack Pillows Nhân Socola Vị Sữa Dừa Túi Zip 80g,,Hàng hóa,d47fbd88-8bd7-11f1-9b18-005056b2a5de,da897518-fae0-42f6-956a-52bf26667b78,c8220d45-8bd7-11f1-9b18-005056b2a5de,575,097330eb-f92d-4b88-95a8-1a83fd3d8011,
03__SKH__OIS__ZSO__75,OISHI Snack Nhúng Socola Túi Zip 75g,Snack Khác,Bịch,95.0,1501000.0,0.0,0.0,0.0,0.0,0.0,0.0,0.0,0.0,0.0,0.0,0.0,0.0,2.0,32000.0,2.0,32000.0,03__SKH__OIS__ZSO__75,OISHI Snack Nhúng Socola Túi Zip 75g,,Hàng hóa,d47fbe1f-8bd7-11f1-9b18-005056b2a5de,1cdf8027-a80a-440b-9a7f-9210819c3d49,c8220d45-8bd7-11f1-9b18-005056b2a5de,576,097330eb-f92d-4b88-95a8-1a83fd3d8011,
03__SKH__OIS__ZSO__80,OISHI Snack Pillows Nhân Socola Túi Zip 80g,Snack Khác,Bịch,172.0,2710000.0,0.0,0.0,0.0,0.0,0.0,0.0,0.0,0.0,0.0,0.0,0.0,0.0,-22.0,-352000.0,-22.0,-352000.0,03__SKH__OIS__ZSO__80,OISHI Snack Pillows Nhân Socola Túi Zip 80g,,Hàng hóa,d47fbeb0-8bd7-11f1-9b18-005056b2a5de,2298425c-e686-464b-8258-5745aa141f11,c8220d45-8bd7-11f1-9b18-005056b2a5de,577,097330eb-f92d-4b88-95a8-1a83fd3d8011,
03__SKH__OIS__ZTB__65,OISHI Snack Xoắn Vị Tôm Xốt Bơ Tỏi Túi Zip 65g,Snack Khác,Bịch,1.0,16000.0,0.0,0.0,0.0,0.0,0.0,0.0,0.0,0.0,0.0,0.0,0.0,0.0,0.0,0.0,0.0,0.0,03__SKH__OIS__ZTB__65,OISHI Snack Xoắn Vị Tôm Xốt Bơ Tỏi Túi Zip 65g,,Hàng hóa,d47fbf43-8bd7-11f1-9b18-005056b2a5de,bd992bb8-e04e-40b1-b9e9-7b76f2fba5ad,c8220d45-8bd7-11f1-9b18-005056b2a5de,578,097330eb-f92d-4b88-95a8-1a83fd3d8011,
03__SKH__OIS__ZTC__65,OISHI Snack Tôm Cay Nồng Túi Zip 65g,Snack Khác,Bịch,196.0,3083000.0,0.0,0.0,0.0,0.0,0.0,0.0,0.0,0.0,0.0,0.0,0.0,0.0,-35.0,-560000.0,-35.0,-560000.0,03__SKH__OIS__ZTC__65,OISHI Snack Tôm Cay Nồng Túi Zip 65g,,Hàng hóa,d47fbfd7-8bd7-11f1-9b18-005056b2a5de,0c1173d1-e75c-4e9a-b8ab-8007fbbb71c2,c8220d45-8bd7-11f1-9b18-005056b2a5de,579,097330eb-f92d-4b88-95a8-1a83fd3d8011,
03__SKH__OIS__ZTM__65,OISHI Snack Xoắn Vị Xốt Trứng Muối Túi Zip 65g,Snack Khác,Bịch,50.0,797000.0,0.0,0.0,0.0,0.0,0.0,0.0,0.0,0.0,0.0,0.0,0.0,0.0,10.0,160000.0,10.0,160000.0,03__SKH__OIS__ZTM__65,OISHI Snack Xoắn Vị Xốt Trứng Muối Túi Zip 65g,,Hàng hóa,d47fc069-8bd7-11f1-9b18-005056b2a5de,c9d2fd2e-552d-4d09-9faf-501e60a02229,c8220d45-8bd7-11f1-9b18-005056b2a5de,580,097330eb-f92d-4b88-95a8-1a83fd3d8011,
03__SKH__OJB__BBT__35,ORION Jungle Boy Snack Bò Bít Tết 35g,Snack Khác,Hộp,19.0,268000.0,0.0,0.0,0.0,0.0,0.0,0.0,0.0,0.0,0.0,0.0,0.0,0.0,5.0,80000.0,5.0,80000.0,03__SKH__OJB__BBT__35,ORION Jungle Boy Snack Bò Bít Tết 35g,,Hàng hóa,d47fc101-8bd7-11f1-9b18-005056b2a5de,f03ba0a9-cccf-4721-8a16-205d5b0ccca1,c8220d45-8bd7-11f1-9b18-005056b2a5de,581,097330eb-f92d-4b88-95a8-1a83fd3d8064,
03__SKH__OJB__PML__35,ORION Jungle Boy Snack Phô Mai LắK 35g,Snack Khác,Hộp,19.0,272000.0,0.0,0.0,0.0,0.0,0.0,0.0,0.0,0.0,0.0,0.0,0.0,0.0,8.0,128000.0,8.0,128000.0,03__SKH__OJB__PML__35,ORION Jungle Boy Snack Phô Mai LắK 35g,,Hàng hóa,d47fc195-8bd7-11f1-9b18-005056b2a5de,96ccdbab-8d0a-4de1-b9bd-4a2cfcb2dd10,c8220d45-8bd7-11f1-9b18-005056b2a5de,582,097330eb-f92d-4b88-95a8-1a83fd3d8064,
03__SKH__OMB__GSB__35,ORION Marine Boy Snack Vị Gà Sốt Bơ Tỏi 35g,Snack Khác,Hộp,23.0,291500.0,0.0,0.0,0.0,0.0,0.0,0.0,0.0,0.0,0.0,0.0,0.0,0.0,7.0,112000.0,7.0,112000.0,03__SKH__OMB__GSB__35,ORION Marine Boy Snack Vị Gà Sốt Bơ Tỏi 35g,,Hàng hóa,d47fc22a-8bd7-11f1-9b18-005056b2a5de,05b80e52-921f-47bf-85cd-3cc1967b9498,c8220d45-8bd7-11f1-9b18-005056b2a5de,583,097330eb-f92d-4b88-95a8-1a83fd3d8064,
03__SKH__OMB__RBN__35,ORION Marine Boy Snack Vị Rong Biển Tuyết Xanh 35g,Snack Khác,Hộp,36.0,510500.0,0.0,0.0,0.0,0.0,0.0,0.0,0.0,0.0,0.0,0.0,0.0,0.0,1.0,16000.0,1.0,16000.0,03__SKH__OMB__RBN__35,ORION Marine Boy Snack Vị Rong Biển Tuyết Xanh 35g,,Hàng hóa,d47fc2bc-8bd7-11f1-9b18-005056b2a5de,3c3905cc-279f-481e-8e0e-e181a25ccd4a,c8220d45-8bd7-11f1-9b18-005056b2a5de,584,097330eb-f92d-4b88-95a8-1a83fd3d8064,
03__SKH__OMB__TNG__35,ORION Marine Boy Snack Vị Tôm Nướng Môi Đỏ 35g,Snack Khác,Hộp,50.0,667000.0,0.0,0.0,0.0,0.0,0.0,0.0,0.0,0.0,0.0,0.0,0.0,0.0,8.0,128000.0,8.0,128000.0,03__SKH__OMB__TNG__35,ORION Marine Boy Snack Vị Tôm Nướng Môi Đỏ 35g,,Hàng hóa,d47fc350-8bd7-11f1-9b18-005056b2a5de,8be4bc84-8a22-4d86-9594-19b3023ca33e,c8220d45-8bd7-11f1-9b18-005056b2a5de,585,097330eb-f92d-4b88-95a8-1a83fd3d8064,
03__SKH__ORO__CXH__145,ORION Bánh Con Cá Bống Bang Mochi Cốm Xanh 145g,Snack Khác,Bịch,23.0,803000.0,0.0,0.0,0.0,0.0,0.0,0.0,0.0,0.0,0.0,0.0,0.0,0.0,9.0,360000.0,9.0,360000.0,03__SKH__ORO__CXH__145,ORION Bánh Con Cá Bống Bang Mochi Cốm Xanh 145g,,Hàng hóa,d47fc3f1-8bd7-11f1-9b18-005056b2a5de,da887dab-3dea-4672-8f7b-f1473d0899c1,c8220d45-8bd7-11f1-9b18-005056b2a5de,586,097330eb-f92d-4b88-95a8-1a83fd3d8011,
03__SKH__ORO__PIZ__50,ORION Ostar Swing 2Mix Snack Vị Pizza Cà Chua 50g,Snack Khác,Bịch,5.0,75000.0,0.0,0.0,0.0,0.0,0.0,0.0,0.0,0.0,0.0,0.0,0.0,0.0,0.0,0.0,0.0,0.0,03__SKH__ORO__PIZ__50,ORION Ostar Swing 2Mix Snack Vị Pizza Cà Chua 50g,,Hàng hóa,d47fc488-8bd7-11f1-9b18-005056b2a5de,dd402149-f154-45b8-8e29-bf8e4797548b,c8220d45-8bd7-11f1-9b18-005056b2a5de,587,097330eb-f92d-4b88-95a8-1a83fd3d8011,
03__SKH__ORO__PMC__50,ORION Ostar 2Mix Snack Vị Phô Mai Cay 50g,Snack Khác,Bịch,47.0,660000.0,0.0,0.0,0.0,0.0,0.0,0.0,0.0,0.0,0.0,0.0,0.0,0.0,0.0,0.0,0.0,0.0,03__SKH__ORO__PMC__50,ORION Ostar 2Mix Snack Vị Phô Mai Cay 50g,,Hàng hóa,d47fc51b-8bd7-11f1-9b18-005056b2a5de,bb05ffff-c50c-4e5c-b2fd-2dac8d04b362,c8220d45-8bd7-11f1-9b18-005056b2a5de,588,097330eb-f92d-4b88-95a8-1a83fd3d8011,
03__SKH__ORO__RUA__60,ORION Snack Mai Rùa Masita Vị Bắp Bơ 60g,Snack Khác,Bịch,41.0,615000.0,0.0,0.0,0.0,0.0,0.0,0.0,2.0,30000.0,0.0,0.0,0.0,0.0,13.0,208000.0,13.0,208000.0,03__SKH__ORO__RUA__60,ORION Snack Mai Rùa Masita Vị Bắp Bơ 60g,,Hàng hóa,d47fc5af-8bd7-11f1-9b18-005056b2a5de,90a61bb3-4961-4a88-835d-1788386173f9,c8220d45-8bd7-11f1-9b18-005056b2a5de,589,097330eb-f92d-4b88-95a8-1a83fd3d8011,
03__SKH__ORO__SDD__145,ORION Bánh Con Cá Bống Bang Mochi Socola Đậu Đỏ 145g,Snack Khác,Bịch,26.0,908000.0,0.0,0.0,0.0,0.0,0.0,0.0,0.0,0.0,0.0,0.0,0.0,0.0,5.0,200000.0,5.0,200000.0,03__SKH__ORO__SDD__145,ORION Bánh Con Cá Bống Bang Mochi Socola Đậu Đỏ 145g,,Hàng hóa,d47fc646-8bd7-11f1-9b18-005056b2a5de,78f29ee6-b939-406e-a69a-477272c485f6,c8220d45-8bd7-11f1-9b18-005056b2a5de,590,097330eb-f92d-4b88-95a8-1a83fd3d8011,
03__SKH__ORT__PMI__32,ORION Toonies Snack Phô Mai Bùng Nổ 32g,Snack Khác,Bịch,5.0,40000.0,0.0,0.0,0.0,0.0,0.0,0.0,0.0,0.0,0.0,0.0,0.0,0.0,0.0,0.0,0.0,0.0,03__SKH__ORT__PMI__32,ORION Toonies Snack Phô Mai Bùng Nổ 32g,,Hàng hóa,d47fc6dd-8bd7-11f1-9b18-005056b2a5de,782306da-f7e5-4252-97d9-cbfeb58973a0,c8220d45-8bd7-11f1-9b18-005056b2a5de,591,097330eb-f92d-4b88-95a8-1a83fd3d8011,
03__SKH__ORT__PMI__60,ORION Toonies Snack Phô Mai Bùng Nổ 60g,Snack Khác,Bịch,126.0,1838000.0,0.0,0.0,0.0,0.0,0.0,0.0,0.0,0.0,0.0,0.0,0.0,0.0,5.0,80000.0,5.0,80000.0,03__SKH__ORT__PMI__60,ORION Toonies Snack Phô Mai Bùng Nổ 60g,,Hàng hóa,d47fc76f-8bd7-11f1-9b18-005056b2a5de,bb964480-8d6a-4230-849a-87cc068bfccb,c8220d45-8bd7-11f1-9b18-005056b2a5de,592,097330eb-f92d-4b88-95a8-1a83fd3d8011,
03__SKH__ORT__SOC__60,ORION Toonies Snack Socola 60g,Snack Khác,Bịch,73.0,1046000.0,0.0,0.0,0.0,0.0,0.0,0.0,0.0,0.0,0.0,0.0,0.0,0.0,12.0,192000.0,12.0,192000.0,03__SKH__ORT__SOC__60,ORION Toonies Snack Socola 60g,,Hàng hóa,d47fc805-8bd7-11f1-9b18-005056b2a5de,207ce9d4-c1cd-4ede-a640-7b3913727c23,c8220d45-8bd7-11f1-9b18-005056b2a5de,593,097330eb-f92d-4b88-95a8-1a83fd3d8011,
03__SKH__POC__BBQ__60,POCA Snack Que Giòn Sườn Nướng BBQ 60g,Snack Khác,Bịch,18.0,224000.0,0.0,0.0,0.0,0.0,0.0,0.0,0.0,0.0,0.0,0.0,0.0,0.0,2.0,30000.0,2.0,30000.0,03__SKH__POC__BBQ__60,POCA Snack Que Giòn Sườn Nướng BBQ 60g,,Hàng hóa,d47fc89a-8bd7-11f1-9b18-005056b2a5de,ef9f5a32-da0f-4191-bef3-2ed441241f21,c8220d45-8bd7-11f1-9b18-005056b2a5de,594,097330eb-f92d-4b88-95a8-1a83fd3d8011,
03__SKH__POC__BLL__60,POCA Snack Bò Lúc Lắc 60g,Snack Khác,Bịch,31.0,397000.0,0.0,0.0,0.0,0.0,0.0,0.0,0.0,0.0,0.0,0.0,0.0,0.0,0.0,0.0,0.0,0.0,03__SKH__POC__BLL__60,POCA Snack Bò Lúc Lắc 60g,,Hàng hóa,d47fc92f-8bd7-11f1-9b18-005056b2a5de,6abb6024-1e26-48d1-a5c1-dd34e750cc63,c8220d45-8bd7-11f1-9b18-005056b2a5de,595,097330eb-f92d-4b88-95a8-1a83fd3d8011,
03__SKH__POC__GAQ__60,POCA Snack Gà Quay Da Giòn 60g,Snack Khác,Bịch,32.0,433000.0,0.0,0.0,0.0,0.0,0.0,0.0,0.0,0.0,0.0,0.0,0.0,0.0,-10.0,-150000.0,-10.0,-150000.0,03__SKH__POC__GAQ__60,POCA Snack Gà Quay Da Giòn 60g,,Hàng hóa,d47fca50-8bd7-11f1-9b18-005056b2a5de,e5486ff3-0721-4b6b-8073-25ab68b4a39a,c8220d45-8bd7-11f1-9b18-005056b2a5de,596,097330eb-f92d-4b88-95a8-1a83fd3d8011,
03__SKH__POC__MUC__60,POCA Snack Mực Lăn Muối Ớt 60g,Snack Khác,Bịch,71.0,928000.0,0.0,0.0,0.0,0.0,0.0,0.0,0.0,0.0,0.0,0.0,0.0,0.0,0.0,0.0,0.0,0.0,03__SKH__POC__MUC__60,POCA Snack Mực Lăn Muối Ớt 60g,,Hàng hóa,d47fcae4-8bd7-11f1-9b18-005056b2a5de,a5cfb3dc-5b80-446a-bea7-60c41c582c84,c8220d45-8bd7-11f1-9b18-005056b2a5de,597,097330eb-f92d-4b88-95a8-1a83fd3d8011,
03__SKH__POC__PSU__30,POCA Snack Mũ Pháp Sư 30g,Snack Khác,Bịch,21.0,277000.0,0.0,0.0,0.0,0.0,0.0,0.0,0.0,0.0,0.0,0.0,0.0,0.0,0.0,0.0,0.0,0.0,03__SKH__POC__PSU__30,POCA Snack Mũ Pháp Sư 30g,,Hàng hóa,d47fcb78-8bd7-11f1-9b18-005056b2a5de,f68fad84-d61f-47d9-8953-2b36e52a141f,c8220d45-8bd7-11f1-9b18-005056b2a5de,598,097330eb-f92d-4b88-95a8-1a83fd3d8011,
03__SKH__POC__TAO__60,POCA Snack Cua Vị Tảo Biển 60g,Snack Khác,Bịch,18.0,224000.0,0.0,0.0,0.0,0.0,0.0,0.0,0.0,0.0,0.0,0.0,0.0,0.0,4.0,60000.0,4.0,60000.0,03__SKH__POC__TAO__60,POCA Snack Cua Vị Tảo Biển 60g,,Hàng hóa,d47fcc0b-8bd7-11f1-9b18-005056b2a5de,e70f642d-ac63-44c2-8e5a-5ff273db1b18,c8220d45-8bd7-11f1-9b18-005056b2a5de,599,097330eb-f92d-4b88-95a8-1a83fd3d8011,
03__SKH__POC__TOM__60,POCA Snack Phồng Tôm 60g,Snack Khác,Bịch,20.0,265000.0,0.0,0.0,0.0,0.0,0.0,0.0,0.0,0.0,0.0,0.0,0.0,0.0,0.0,0.0,0.0,0.0,03__SKH__POC__TOM__60,POCA Snack Phồng Tôm 60g,,Hàng hóa,d47fcc9f-8bd7-11f1-9b18-005056b2a5de,299b43b9-b72e-45f2-a505-9905fd5c58dc,c8220d45-8bd7-11f1-9b18-005056b2a5de,600,097330eb-f92d-4b88-95a8-1a83fd3d8011,
03__SKH__SBT__GLT__285,SBT Lương Khô Ăn Kiêng Gạo Lứt 285g,Snack Khác,Bịch,26.0,1109000.0,0.0,0.0,0.0,0.0,0.0,0.0,0.0,0.0,0.0,0.0,0.0,0.0,10.0,430000.0,10.0,430000.0,03__SKH__SBT__GLT__285,SBT Lương Khô Ăn Kiêng Gạo Lứt 285g,,Hàng hóa,d47fcd34-8bd7-11f1-9b18-005056b2a5de,8a7929ea-d873-493c-a9be-5047bcf9d7c0,c8220d45-8bd7-11f1-9b18-005056b2a5de,601,097330eb-f92d-4b88-95a8-1a83fd3d8011,
03__SKH__SBT__HDU__285,SBT Lương Khô Hạt Điều 285g,Snack Khác,Bịch,23.0,977000.0,0.0,0.0,0.0,0.0,0.0,0.0,0.0,0.0,0.0,0.0,0.0,0.0,15.0,645000.0,15.0,645000.0,03__SKH__SBT__HDU__285,SBT Lương Khô Hạt Điều 285g,,Hàng hóa,d47fcebf-8bd7-11f1-9b18-005056b2a5de,8ebdefaa-9d9e-46e7-ade9-06d9893ce2c1,c8220d45-8bd7-11f1-9b18-005056b2a5de,602,097330eb-f92d-4b88-95a8-1a83fd3d8011,
03__SKH__SBT__MAT__285,SBT Lương Khô Matcha 285g,Snack Khác,Bịch,1.0,43000.0,0.0,0.0,0.0,0.0,0.0,0.0,0.0,0.0,0.0,0.0,0.0,0.0,0.0,0.0,0.0,0.0,03__SKH__SBT__MAT__285,SBT Lương Khô Matcha 285g,,Hàng hóa,d47fcff8-8bd7-11f1-9b18-005056b2a5de,1f2e9630-9e8d-47d2-a4ee-31b23f95fd17,c8220d45-8bd7-11f1-9b18-005056b2a5de,603,097330eb-f92d-4b88-95a8-1a83fd3d8011,
03__SKH__SBT__OCH__285,SBT Lương Khô Óc Chó 285g,Snack Khác,Bịch,20.0,851000.0,0.0,0.0,0.0,0.0,0.0,0.0,0.0,0.0,0.0,0.0,0.0,0.0,13.0,559000.0,13.0,559000.0,03__SKH__SBT__OCH__285,SBT Lương Khô Óc Chó 285g,,Hàng hóa,d47fd091-8bd7-11f1-9b18-005056b2a5de,b3f98591-dd6d-4695-add5-0f06f53f9021,c8220d45-8bd7-11f1-9b18-005056b2a5de,604,097330eb-f92d-4b88-95a8-1a83fd3d8011,
03__SKH__SBT__SOC__285,SBT Lương Khô Socola Chip 285g,Snack Khác,Bịch,33.0,1404000.0,0.0,0.0,0.0,0.0,0.0,0.0,0.0,0.0,0.0,0.0,0.0,0.0,15.0,645000.0,15.0,645000.0,03__SKH__SBT__SOC__285,SBT Lương Khô Socola Chip 285g,,Hàng hóa,d47fd126-8bd7-11f1-9b18-005056b2a5de,b67abbe2-916f-49be-b560-5af2afc0eb9d,c8220d45-8bd7-11f1-9b18-005056b2a5de,605,097330eb-f92d-4b88-95a8-1a83fd3d8011,
03__SKT__LAY__BBQ__53,LAYS Snack Vị Sườn Nướng BBQ Brazil Bịch 53g,Snack Khoai Tây,Bịch,101.0,1349000.0,0.0,0.0,0.0,0.0,0.0,0.0,1.0,16000.0,0.0,0.0,0.0,0.0,22.0,352000.0,22.0,352000.0,03__SKT__LAY__BBQ__53,LAYS Snack Vị Sườn Nướng BBQ Brazil Bịch 53g,,Hàng hóa,d47fd1c0-8bd7-11f1-9b18-005056b2a5de,75d560ab-6537-4c4c-a866-e89764acc83f,c8220d45-8bd7-11f1-9b18-005056b2a5de,606,097330eb-f92d-4b88-95a8-1a83fd3d8011,
03__SKT__LAY__BBQ__90,LAYS Snack Vị Sườn Nướng BBQ Brazil Bịch 90g,Snack Khoai Tây,Bịch,15.0,450000.0,0.0,0.0,0.0,0.0,0.0,0.0,0.0,0.0,0.0,0.0,0.0,0.0,15.0,450000.0,15.0,450000.0,03__SKT__LAY__BBQ__90,LAYS Snack Vị Sườn Nướng BBQ Brazil Bịch 90g,,Hàng hóa,d47fd258-8bd7-11f1-9b18-005056b2a5de,151de13f-105b-4a55-9aec-b85e7589e12f,c8220d45-8bd7-11f1-9b18-005056b2a5de,607,097330eb-f92d-4b88-95a8-1a83fd3d8011,
03__SKT__LAY__BOW__100,LAYS STAX Khoai Tây Miếng Vị Bò Wagyu Xốt Nấm Truffle Lon 100g,Snack Khoai Tây,Lon,4.0,198000.0,0.0,0.0,0.0,0.0,0.0,0.0,0.0,0.0,0.0,0.0,0.0,0.0,9.0,486000.0,9.0,486000.0,03__SKT__LAY__BOW__100,LAYS STAX Khoai Tây Miếng Vị Bò Wagyu Xốt Nấm Truffle Lon 100g,,Hàng hóa,d47fd2ee-8bd7-11f1-9b18-005056b2a5de,e4ff48cb-c2ab-4268-b411-78f207bfc51f,c8220d45-8bd7-11f1-9b18-005056b2a5de,608,675a42b3-8acd-451e-b184-edaeaebec5b7,
03__SKT__LAY__HTY__42,LAYS STAX Khoai Tây Miếng Vị Hành Tây Lon 42g,Snack Khoai Tây,Lon,14.0,420000.0,0.0,0.0,0.0,0.0,0.0,0.0,0.0,0.0,0.0,0.0,0.0,0.0,0.0,0.0,0.0,0.0,03__SKT__LAY__HTY__42,LAYS STAX Khoai Tây Miếng Vị Hành Tây Lon 42g,,Hàng hóa,d47fd38d-8bd7-11f1-9b18-005056b2a5de,9ddeb318-8e0b-467d-a674-ac57f309267c,c8220d45-8bd7-11f1-9b18-005056b2a5de,609,675a42b3-8acd-451e-b184-edaeaebec5b7,
03__SKT__LAY__KCA__100,LAYS STAX Vị Hành Tây Lon 100g,Snack Khoai Tây,Lon,17.0,777000.0,0.0,0.0,0.0,0.0,0.0,0.0,0.0,0.0,0.0,0.0,0.0,0.0,0.0,0.0,0.0,0.0,03__SKT__LAY__KCA__100,LAYS STAX Vị Hành Tây Lon 100g,,Hàng hóa,d47fd426-8bd7-11f1-9b18-005056b2a5de,90861a99-6de6-4c7c-adf9-069674239cd5,c8220d45-8bd7-11f1-9b18-005056b2a5de,610,675a42b3-8acd-451e-b184-edaeaebec5b7,
03__SKT__LAY__LON__42,LAYS STAX Khoai Tây Miếng Vị Tôm Hùm Nướng Lon 42g,Snack Khoai Tây,Lon,4.0,90000.0,0.0,0.0,0.0,0.0,0.0,0.0,0.0,0.0,0.0,0.0,0.0,0.0,44.0,1320000.0,44.0,1320000.0,03__SKT__LAY__LON__42,LAYS STAX Khoai Tây Miếng Vị Tôm Hùm Nướng Lon 42g,,Hàng hóa,d47fd4bb-8bd7-11f1-9b18-005056b2a5de,487398f4-8149-4ce0-a757-5795f2c84659,c8220d45-8bd7-11f1-9b18-005056b2a5de,611,675a42b3-8acd-451e-b184-edaeaebec5b7,
03__SKT__LAY__MUC__100,LAYS STAX Vị Mực Xốt Cay Lon 100g,Snack Khoai Tây,Lon,24.0,1242000.0,0.0,0.0,0.0,0.0,0.0,0.0,0.0,0.0,0.0,0.0,0.0,0.0,13.0,702000.0,13.0,702000.0,03__SKT__LAY__MUC__100,LAYS STAX Vị Mực Xốt Cay Lon 100g,,Hàng hóa,d47fd550-8bd7-11f1-9b18-005056b2a5de,d57c127d-d310-4b8f-890f-bdd52f7bf623,c8220d45-8bd7-11f1-9b18-005056b2a5de,612,675a42b3-8acd-451e-b184-edaeaebec5b7,
03__SKT__LAY__PAQ__42,LAYS STAX Khoai Tây Miếng Vị Phô Mai Anh Quốc Lon 42g,Snack Khoai Tây,Lon,21.0,612000.0,0.0,0.0,0.0,0.0,0.0,0.0,0.0,0.0,0.0,0.0,0.0,0.0,22.0,660000.0,22.0,660000.0,03__SKT__LAY__PAQ__42,LAYS STAX Khoai Tây Miếng Vị Phô Mai Anh Quốc Lon 42g,,Hàng hóa,d47fd5e1-8bd7-11f1-9b18-005056b2a5de,0fe5b0ee-d7af-42f5-8b63-f405c51d18ea,c8220d45-8bd7-11f1-9b18-005056b2a5de,613,675a42b3-8acd-451e-b184-edaeaebec5b7,
03__SKT__LAY__PAQ__90,LAYS STAX Khoai Tây Miếng Vị Phô Mai Anh Quốc Lon 90g,Snack Khoai Tây,Lon,8.0,432000.0,0.0,0.0,0.0,0.0,0.0,0.0,0.0,0.0,0.0,0.0,0.0,0.0,24.0,1296000.0,24.0,1296000.0,03__SKT__LAY__PAQ__90,LAYS STAX Khoai Tây Miếng Vị Phô Mai Anh Quốc Lon 90g,,Hàng hóa,d47fd674-8bd7-11f1-9b18-005056b2a5de,ab6203ea-620a-49c1-b315-8d778370019d,c8220d45-8bd7-11f1-9b18-005056b2a5de,614,675a42b3-8acd-451e-b184-edaeaebec5b7,
03__SKT__LAY__PMI__100,LAYS STAX Khoai Tây Miếng Vị Phô Mai Lon 100g,Snack Khoai Tây,Lon,7.0,269000.0,0.0,0.0,0.0,0.0,0.0,0.0,0.0,0.0,0.0,0.0,0.0,0.0,1.0,54000.0,1.0,54000.0,03__SKT__LAY__PMI__100,LAYS STAX Khoai Tây Miếng Vị Phô Mai Lon 100g,,Hàng hóa,d47fd708-8bd7-11f1-9b18-005056b2a5de,99e39752-9389-462b-bdbc-88a1c01f40e0,c8220d45-8bd7-11f1-9b18-005056b2a5de,615,675a42b3-8acd-451e-b184-edaeaebec5b7,
03__SKT__LAY__PMI__42,LAYS STAX Khoai Tây Miếng Vị Phô Mai Lon 42g,Snack Khoai Tây,Lon,2.0,40000.0,0.0,0.0,0.0,0.0,0.0,0.0,0.0,0.0,0.0,0.0,0.0,0.0,10.0,300000.0,10.0,300000.0,03__SKT__LAY__PMI__42,LAYS STAX Khoai Tây Miếng Vị Phô Mai Lon 42g,,Hàng hóa,d47fd79d-8bd7-11f1-9b18-005056b2a5de,ccc6aff8-c587-4778-81fa-9bb630a28d86,c8220d45-8bd7-11f1-9b18-005056b2a5de,616,675a42b3-8acd-451e-b184-edaeaebec5b7,
03__SKT__LAY__PMI__53,LAYS Snack Vị Phô Mai Cheddar Bịch 53g,Snack Khoai Tây,Bịch,115.0,1534000.0,0.0,0.0,0.0,0.0,0.0,0.0,0.0,0.0,0.0,0.0,0.0,0.0,20.0,320000.0,20.0,320000.0,03__SKT__LAY__PMI__53,LAYS Snack Vị Phô Mai Cheddar Bịch 53g,,Hàng hóa,d47fd841-8bd7-11f1-9b18-005056b2a5de,48bf359b-08b8-41b4-8059-64e7be28c037,c8220d45-8bd7-11f1-9b18-005056b2a5de,617,097330eb-f92d-4b88-95a8-1a83fd3d8011,
03__SKT__LAY__PMI_53,LAYS Snack Vị Tôm Càng Đút Lò Phô Mai Tan Chảy 53g,Snack Khoai Tây,Bịch,95.0,1298000.0,0.0,0.0,0.0,0.0,0.0,0.0,0.0,0.0,0.0,0.0,0.0,0.0,5.0,80000.0,5.0,80000.0,03__SKT__LAY__PMI_53,LAYS Snack Vị Tôm Càng Đút Lò Phô Mai Tan Chảy 53g,,Hàng hóa,d47fd8d6-8bd7-11f1-9b18-005056b2a5de,ca01e233-f7fc-4fa6-8515-4f5f209bc3cf,c8220d45-8bd7-11f1-9b18-005056b2a5de,618,097330eb-f92d-4b88-95a8-1a83fd3d8011,
03__SKT__LAY__TAO__53,LAYS Snack Vị Tảo Biển Nori Bịch 53g,Snack Khoai Tây,Bịch,219.0,2977000.0,0.0,0.0,0.0,0.0,0.0,0.0,0.0,0.0,0.0,0.0,0.0,0.0,17.0,272000.0,17.0,272000.0,03__SKT__LAY__TAO__53,LAYS Snack Vị Tảo Biển Nori Bịch 53g,,Hàng hóa,d47fd96f-8bd7-11f1-9b18-005056b2a5de,cc473853-ad60-4c01-b99e-fd5be65e3ee8,c8220d45-8bd7-11f1-9b18-005056b2a5de,619,097330eb-f92d-4b88-95a8-1a83fd3d8011,
03__SKT__LAY__TEX__53,LAYS Snack Vị Thăn Bò Nướng Texas 53g,Snack Khoai Tây,Bịch,241.0,3319000.0,0.0,0.0,0.0,0.0,0.0,0.0,0.0,0.0,0.0,0.0,0.0,0.0,34.0,544000.0,34.0,544000.0,03__SKT__LAY__TEX__53,LAYS Snack Vị Thăn Bò Nướng Texas 53g,,Hàng hóa,d47fda04-8bd7-11f1-9b18-005056b2a5de,ab47cafc-13d6-4b9c-88fc-5a5ace295d5c,c8220d45-8bd7-11f1-9b18-005056b2a5de,620,097330eb-f92d-4b88-95a8-1a83fd3d8011,
03__SKT__LAY__TEX__90,LAYS Snack Vị Thăn Bò Nướng Texas 90g,Snack Khoai Tây,Bịch,37.0,1110000.0,0.0,0.0,0.0,0.0,0.0,0.0,0.0,0.0,0.0,0.0,0.0,0.0,23.0,690000.0,23.0,690000.0,03__SKT__LAY__TEX__90,LAYS Snack Vị Thăn Bò Nướng Texas 90g,,Hàng hóa,d47fda99-8bd7-11f1-9b18-005056b2a5de,661713c2-1f8c-43ff-8413-d5fdfa96edaa,c8220d45-8bd7-11f1-9b18-005056b2a5de,621,097330eb-f92d-4b88-95a8-1a83fd3d8011,
03__SKT__LAY__THM__100,LAYS STAX Vị Tôm Hùm Nướng Lon 100g,Snack Khoai Tây,Lon,28.0,1422000.0,0.0,0.0,0.0,0.0,0.0,0.0,0.0,0.0,0.0,0.0,0.0,0.0,8.0,432000.0,8.0,432000.0,03__SKT__LAY__THM__100,LAYS STAX Vị Tôm Hùm Nướng Lon 100g,,Hàng hóa,d47fdb2d-8bd7-11f1-9b18-005056b2a5de,1f2d7b8e-8a5f-4a15-bc9c-aa0bfb1403e9,c8220d45-8bd7-11f1-9b18-005056b2a5de,622,675a42b3-8acd-451e-b184-edaeaebec5b7,
03__SKT__LAY__THM__42,LAYS STAX Khoai Tây Miếng Vị Tôm Hùm Nướng Lon 42g,Snack Khoai Tây,Lon,25.0,724000.0,0.0,0.0,0.0,0.0,0.0,0.0,0.0,0.0,0.0,0.0,0.0,0.0,-1.0,-30000.0,-1.0,-30000.0,03__SKT__LAY__THM__42,LAYS STAX Khoai Tây Miếng Vị Tôm Hùm Nướng Lon 42g,,Hàng hóa,d47fdbc2-8bd7-11f1-9b18-005056b2a5de,49a2d400-f678-43f1-9413-4f4c09014cd9,c8220d45-8bd7-11f1-9b18-005056b2a5de,623,675a42b3-8acd-451e-b184-edaeaebec5b7,
03__SKT__LAY__TNN__100,LAYS STAX Vị Tự Nhiên Lon 100g,Snack Khoai Tây,Lon,37.0,1753000.0,0.0,0.0,0.0,0.0,0.0,0.0,0.0,0.0,0.0,0.0,0.0,0.0,12.0,648000.0,12.0,648000.0,03__SKT__LAY__TNN__100,LAYS STAX Vị Tự Nhiên Lon 100g,,Hàng hóa,d47fdc5a-8bd7-11f1-9b18-005056b2a5de,9f6e477f-7c7f-4308-982e-a32d59722bf6,c8220d45-8bd7-11f1-9b18-005056b2a5de,624,675a42b3-8acd-451e-b184-edaeaebec5b7,
03__SKT__LAY__TNN__42,LAYS STAX Khoai Tây Miếng Vị Tự Nhiên Lon 42g,Snack Khoai Tây,Lon,27.0,764000.0,0.0,0.0,0.0,0.0,0.0,0.0,0.0,0.0,0.0,0.0,0.0,0.0,23.0,690000.0,23.0,690000.0,03__SKT__LAY__TNN__42,LAYS STAX Khoai Tây Miếng Vị Tự Nhiên Lon 42g,,Hàng hóa,d47fdd82-8bd7-11f1-9b18-005056b2a5de,907e1889-4fdd-49a3-8b8f-dbd6ec4356fa,c8220d45-8bd7-11f1-9b18-005056b2a5de,625,675a42b3-8acd-451e-b184-edaeaebec5b7,
03__SKT__LAY__TNN__53,LAYS Snack Vị Khoai Tây Tự Nhiên Bịch 53g,Snack Khoai Tây,Bịch,144.0,1981000.0,0.0,0.0,0.0,0.0,0.0,0.0,0.0,0.0,0.0,0.0,0.0,0.0,22.0,352000.0,22.0,352000.0,03__SKT__LAY__TNN__53,LAYS Snack Vị Khoai Tây Tự Nhiên Bịch 53g,,Hàng hóa,d47fde1b-8bd7-11f1-9b18-005056b2a5de,b8cd6bfd-fee7-4cb0-a544-24a7fe302e0e,c8220d45-8bd7-11f1-9b18-005056b2a5de,626,097330eb-f92d-4b88-95a8-1a83fd3d8011,
03__SKT__LAY__TNN__90,LAYS Snack Vị Khoai Tây Tự Nhiên Bịch 90g,Snack Khoai Tây,Bịch,28.0,840000.0,0.0,0.0,0.0,0.0,0.0,0.0,0.0,0.0,0.0,0.0,0.0,0.0,22.0,660000.0,22.0,660000.0,03__SKT__LAY__TNN__90,LAYS Snack Vị Khoai Tây Tự Nhiên Bịch 90g,,Hàng hóa,d47fdeb5-8bd7-11f1-9b18-005056b2a5de,b51fa6ee-c59e-4249-b748-e59be4acc534,c8220d45-8bd7-11f1-9b18-005056b2a5de,627,097330eb-f92d-4b88-95a8-1a83fd3d8011,
03__SKT__OOS__BMO__52,ORION Ostar Snack Bơ Mật Ong Bịch 52g,Snack Khoai Tây,Bịch,56.0,790000.0,0.0,0.0,0.0,0.0,0.0,0.0,0.0,0.0,0.0,0.0,0.0,0.0,20.0,300000.0,20.0,300000.0,03__SKT__OOS__BMO__52,ORION Ostar Snack Bơ Mật Ong Bịch 52g,,Hàng hóa,d47fdf4a-8bd7-11f1-9b18-005056b2a5de,b3f4702e-10ab-4666-8af9-689680e01dfd,c8220d45-8bd7-11f1-9b18-005056b2a5de,628,097330eb-f92d-4b88-95a8-1a83fd3d8011,
03__SKT__OOS__HAN__55,ORION Ostar Snack Kim Chi Hàn Quốc Tết,,Bịch,34.0,476000.0,0.0,0.0,0.0,0.0,0.0,0.0,0.0,0.0,0.0,0.0,0.0,0.0,0.0,0.0,0.0,0.0,03__SKT__OOS__HAN__55,ORION Ostar Snack Kim Chi Hàn Quốc Tết,,Hàng hóa,d47fdfe2-8bd7-11f1-9b18-005056b2a5de,fd8ba525-345c-4f86-9184-5a291b752395,c8220d45-8bd7-11f1-9b18-005056b2a5de,629,097330eb-f92d-4b88-95a8-1a83fd3d8011,
03__SKT__OOS__KCI__55,ORION Ostar Snack Kim Chi Hàn Quốc Bịch 55g,Snack Khoai Tây,Bịch,199.0,2902000.0,0.0,0.0,0.0,0.0,0.0,0.0,0.0,0.0,0.0,0.0,0.0,0.0,9.0,135000.0,9.0,135000.0,03__SKT__OOS__KCI__55,ORION Ostar Snack Kim Chi Hàn Quốc Bịch 55g,,Hàng hóa,d47fe078-8bd7-11f1-9b18-005056b2a5de,548930a9-5cab-4f12-b70e-6bf05b3ebc89,c8220d45-8bd7-11f1-9b18-005056b2a5de,630,097330eb-f92d-4b88-95a8-1a83fd3d8011,
03__SKT__OOS__PMI__55,ORION Ostar Snack Phô Mai Trứng Muối Tết,Snack Khoai Tây,Bịch,20.0,282000.0,0.0,0.0,0.0,0.0,0.0,0.0,0.0,0.0,0.0,0.0,0.0,0.0,0.0,0.0,0.0,0.0,03__SKT__OOS__PMI__55,ORION Ostar Snack Phô Mai Trứng Muối Tết,,Hàng hóa,d47fe111-8bd7-11f1-9b18-005056b2a5de,39587303-4a03-4e4a-994f-f8158b4554ef,c8220d45-8bd7-11f1-9b18-005056b2a5de,631,097330eb-f92d-4b88-95a8-1a83fd3d8011,
03__SKT__OOS__PMI__56,ORION Ostar Snack Phô Mai Trứng Muối Bịch 56g,Snack Khoai Tây,Bịch,110.0,1589000.0,0.0,0.0,0.0,0.0,0.0,0.0,0.0,0.0,0.0,0.0,0.0,0.0,16.0,240000.0,16.0,240000.0,03__SKT__OOS__PMI__56,ORION Ostar Snack Phô Mai Trứng Muối Bịch 56g,,Hàng hóa,d47fe1b8-8bd7-11f1-9b18-005056b2a5de,262063bf-d888-435f-88f5-f1e8c99aeac1,c8220d45-8bd7-11f1-9b18-005056b2a5de,632,097330eb-f92d-4b88-95a8-1a83fd3d8011,
03__SKT__OOS__TAO__31,ORION Ostar Snack Tảo Biển Bịch 31g,Snack Khoai Tây,Bịch,5.0,50000.0,0.0,0.0,0.0,0.0,0.0,0.0,0.0,0.0,0.0,0.0,0.0,0.0,10.0,100000.0,10.0,100000.0,03__SKT__OOS__TAO__31,ORION Ostar Snack Tảo Biển Bịch 31g,,Hàng hóa,d47fe24f-8bd7-11f1-9b18-005056b2a5de,25ec8e11-1640-4a4f-ab9e-459c6cd8de64,c8220d45-8bd7-11f1-9b18-005056b2a5de,633,097330eb-f92d-4b88-95a8-1a83fd3d8011,
03__SKT__OOS__TAO__55,ORION Ostar Snack Vị Tảo Biển Tết,Snack Khoai Tây,Bịch,13.0,184000.0,0.0,0.0,0.0,0.0,0.0,0.0,0.0,0.0,0.0,0.0,0.0,0.0,-1.0,-15000.0,-1.0,-15000.0,03__SKT__OOS__TAO__55,ORION Ostar Snack Vị Tảo Biển Tết,,Hàng hóa,d47fe2e5-8bd7-11f1-9b18-005056b2a5de,06fd0843-4c19-4c60-bd11-713690f5c95f,c8220d45-8bd7-11f1-9b18-005056b2a5de,634,097330eb-f92d-4b88-95a8-1a83fd3d8011,
03__SKT__OOS__TBN__55,ORION Ostar Snack Tảo Biển Bịch 55g,Snack Khoai Tây,Bịch,229.0,3295000.0,0.0,0.0,0.0,0.0,0.0,0.0,0.0,0.0,0.0,0.0,0.0,0.0,15.0,225000.0,15.0,225000.0,03__SKT__OOS__TBN__55,ORION Ostar Snack Tảo Biển Bịch 55g,,Hàng hóa,d47fe37c-8bd7-11f1-9b18-005056b2a5de,a5e53c28-1e01-4da6-8082-0497f93addbd,c8220d45-8bd7-11f1-9b18-005056b2a5de,635,097330eb-f92d-4b88-95a8-1a83fd3d8011,
03__SKT__OOS__TDD__55,ORION Ostar Snack Tảo Đậm Đặc Biệt Bịch 55g,Snack Khoai Tây,Bịch,101.0,1409000.0,0.0,0.0,0.0,0.0,0.0,0.0,0.0,0.0,0.0,0.0,0.0,0.0,-2.0,-30000.0,-2.0,-30000.0,03__SKT__OOS__TDD__55,ORION Ostar Snack Tảo Đậm Đặc Biệt Bịch 55g,,Hàng hóa,d47fe414-8bd7-11f1-9b18-005056b2a5de,6aa81e9f-f365-48d4-a4c3-45d82a4a582c,c8220d45-8bd7-11f1-9b18-005056b2a5de,636,097330eb-f92d-4b88-95a8-1a83fd3d8011,
03__SKT__OOS__TNN__55,ORION Ostar Snack Khoai Tây Tự Nhiên Bịch 55g,Snack Khoai Tây,Bịch,97.0,1371000.0,0.0,0.0,0.0,0.0,0.0,0.0,1.0,15000.0,0.0,0.0,0.0,0.0,21.0,315000.0,21.0,315000.0,03__SKT__OOS__TNN__55,ORION Ostar Snack Khoai Tây Tự Nhiên Bịch 55g,,Hàng hóa,d47fe4aa-8bd7-11f1-9b18-005056b2a5de,f24ed500-d2b3-43eb-9def-9c07bee0fb8c,c8220d45-8bd7-11f1-9b18-005056b2a5de,637,097330eb-f92d-4b88-95a8-1a83fd3d8011,
03__SKT__ORO__KLT__28,ORION Snack Khoai Lang Tím 28g,Snack Khoai Tây,Bịch,2.0,16000.0,0.0,0.0,0.0,0.0,0.0,0.0,0.0,0.0,0.0,0.0,0.0,0.0,0.0,0.0,0.0,0.0,03__SKT__ORO__KLT__28,ORION Snack Khoai Lang Tím 28g,,Hàng hóa,d47fe540-8bd7-11f1-9b18-005056b2a5de,b5762a8d-025a-4087-a352-1a4f197e401c,c8220d45-8bd7-11f1-9b18-005056b2a5de,638,097330eb-f92d-4b88-95a8-1a83fd3d8011,
03__SKT__ORO__TAO__28,ORION Snack Khoai Tây Tayo Vị Tảo Ngọt Bịch 28g,Snack Khoai Tây,Bịch,20.0,160000.0,0.0,0.0,0.0,0.0,0.0,0.0,0.0,0.0,0.0,0.0,0.0,0.0,-3.0,-24000.0,-3.0,-24000.0,03__SKT__ORO__TAO__28,ORION Snack Khoai Tây Tayo Vị Tảo Ngọt Bịch 28g,,Hàng hóa,d47fe5d7-8bd7-11f1-9b18-005056b2a5de,3d0fa8d7-c797-4f0d-b645-f09782f7e00d,c8220d45-8bd7-11f1-9b18-005056b2a5de,639,097330eb-f92d-4b88-95a8-1a83fd3d8011,
03__SKT__ORO__TAY__45,ORION Snack Khoai Tây Tayo Xốt Chấm 45g,Snack Khoai Tây,Bịch,1.0,16000.0,0.0,0.0,0.0,0.0,0.0,0.0,0.0,0.0,0.0,0.0,0.0,0.0,1.0,16000.0,1.0,16000.0,03__SKT__ORO__TAY__45,ORION Snack Khoai Tây Tayo Xốt Chấm 45g,,Hàng hóa,d47fe66e-8bd7-11f1-9b18-005056b2a5de,19cf06d5-6e94-4f1b-9e38-bacee8359065,c8220d45-8bd7-11f1-9b18-005056b2a5de,640,097330eb-f92d-4b88-95a8-1a83fd3d8011,
03__SKT__ORO__TAY__60,ORION Snack Khoai Tây Tayo Vị Tảo Ngọt Bịch 60g,Snack Khoai Tây,Bịch,33.0,462000.0,0.0,0.0,0.0,0.0,0.0,0.0,0.0,0.0,0.0,0.0,0.0,0.0,32.0,512000.0,32.0,512000.0,03__SKT__ORO__TAY__60,ORION Snack Khoai Tây Tayo Vị Tảo Ngọt Bịch 60g,,Hàng hóa,d47fe706-8bd7-11f1-9b18-005056b2a5de,ddc1a326-9829-45dd-964b-dc0ab8949df2,c8220d45-8bd7-11f1-9b18-005056b2a5de,641,097330eb-f92d-4b88-95a8-1a83fd3d8011,
03__SKT__ORS__BBT__55,ORION Swing Snack Vị Bò Bít Tết Newyork Bịch 55g,Snack Khoai Tây,Bịch,225.0,3287000.0,0.0,0.0,0.0,0.0,0.0,0.0,0.0,0.0,0.0,0.0,0.0,0.0,10.0,160000.0,10.0,160000.0,03__SKT__ORS__BBT__55,ORION Swing Snack Vị Bò Bít Tết Newyork Bịch 55g,,Hàng hóa,d47fe79a-8bd7-11f1-9b18-005056b2a5de,c407ec90-619a-4e4d-b82e-9f8154b9e3b2,c8220d45-8bd7-11f1-9b18-005056b2a5de,642,097330eb-f92d-4b88-95a8-1a83fd3d8011,
03__SKT__ORS__GAT__55,ORION Swing Snack Vị Gà Teriyaki Bịch 55g,Snack Khoai Tây,Bịch,154.0,2188000.0,0.0,0.0,0.0,0.0,0.0,0.0,0.0,0.0,0.0,0.0,0.0,0.0,18.0,288000.0,18.0,288000.0,03__SKT__ORS__GAT__55,ORION Swing Snack Vị Gà Teriyaki Bịch 55g,,Hàng hóa,d47fe830-8bd7-11f1-9b18-005056b2a5de,f8b09eba-9cf4-4dc8-b01c-577cf441a5bd,c8220d45-8bd7-11f1-9b18-005056b2a5de,643,097330eb-f92d-4b88-95a8-1a83fd3d8011,
03__SKT__ORS__MOB__52,ORION Swing Snack Vị Mật Ong Bơ Tỏi 52g,Snack Khoai Tây,Bịch,45.0,644000.0,0.0,0.0,0.0,0.0,0.0,0.0,0.0,0.0,0.0,0.0,0.0,0.0,1.0,16000.0,1.0,16000.0,03__SKT__ORS__MOB__52,ORION Swing Snack Vị Mật Ong Bơ Tỏi 52g,,Hàng hóa,d47fe8c3-8bd7-11f1-9b18-005056b2a5de,6132a1f8-2d41-4ca1-a8c0-80dc62216e65,c8220d45-8bd7-11f1-9b18-005056b2a5de,644,097330eb-f92d-4b88-95a8-1a83fd3d8011,
03__SKT__ORS__TAO__50,ORION Swing Snack Vị Tảo Hàn Quốc Bịch 50g,Snack Khoai Tây,Bịch,30.0,406000.0,0.0,0.0,0.0,0.0,0.0,0.0,0.0,0.0,0.0,0.0,0.0,0.0,3.0,48000.0,3.0,48000.0,03__SKT__ORS__TAO__50,ORION Swing Snack Vị Tảo Hàn Quốc Bịch 50g,,Hàng hóa,d47fe959-8bd7-11f1-9b18-005056b2a5de,749f5e57-6441-4657-9c18-84377a5fa5dc,c8220d45-8bd7-11f1-9b18-005056b2a5de,645,097330eb-f92d-4b88-95a8-1a83fd3d8011,
03__SKT__OSM__BNT__52,ORION Swing Maxx Snack Vị Bò Nướng Tiêu Đen Bịch 52g,Snack Khoai Tây,Bịch,147.0,2096000.0,0.0,0.0,0.0,0.0,0.0,0.0,0.0,0.0,0.0,0.0,0.0,0.0,18.0,288000.0,18.0,288000.0,03__SKT__OSM__BNT__52,ORION Swing Maxx Snack Vị Bò Nướng Tiêu Đen Bịch 52g,,Hàng hóa,d47fe9ec-8bd7-11f1-9b18-005056b2a5de,15ea2d97-248d-491b-bbec-6dce23e6e7b3,c8220d45-8bd7-11f1-9b18-005056b2a5de,646,097330eb-f92d-4b88-95a8-1a83fd3d8011,
03__SKT__OSM__XGO__52,ORION Swing Maxx Snack Xốt Gochujang Bịch 52g,Snack Khoai Tây,Bịch,32.0,430000.0,0.0,0.0,0.0,0.0,0.0,0.0,0.0,0.0,0.0,0.0,0.0,0.0,0.0,0.0,0.0,0.0,03__SKT__OSM__XGO__52,ORION Swing Maxx Snack Xốt Gochujang Bịch 52g,,Hàng hóa,d47fea90-8bd7-11f1-9b18-005056b2a5de,e00292a7-d3b0-41cf-894f-f43fa3e17874,c8220d45-8bd7-11f1-9b18-005056b2a5de,647,097330eb-f92d-4b88-95a8-1a83fd3d8011,
03__SKT__PRI__HAH__102,PRINGLES Snack Khoai Tây Vị Kem Hành Lon 102g,Snack Khoai Tây,Lon,7.0,385000.0,0.0,0.0,0.0,0.0,0.0,0.0,0.0,0.0,0.0,0.0,0.0,0.0,0.0,0.0,0.0,0.0,03__SKT__PRI__HAH__102,PRINGLES Snack Khoai Tây Vị Kem Hành Lon 102g,,Hàng hóa,d47feb29-8bd7-11f1-9b18-005056b2a5de,64b8d02a-be26-4d6d-a9a5-6149653952c7,c8220d45-8bd7-11f1-9b18-005056b2a5de,648,675a42b3-8acd-451e-b184-edaeaebec5b7,
03__SKT__PRI__HAH__42,PRINGLES Snack Khoai Tây Vị Kem Hành Lon 42g,Snack Khoai Tây,Lon,15.0,388000.0,0.0,0.0,0.0,0.0,0.0,0.0,0.0,0.0,0.0,0.0,0.0,0.0,0.0,0.0,0.0,0.0,03__SKT__PRI__HAH__42,PRINGLES Snack Khoai Tây Vị Kem Hành Lon 42g,,Hàng hóa,d47febbc-8bd7-11f1-9b18-005056b2a5de,abc24de1-2c6f-4a4b-90ff-8c2798197f99,c8220d45-8bd7-11f1-9b18-005056b2a5de,649,675a42b3-8acd-451e-b184-edaeaebec5b7,
03__SKT__PRI__PMI__102,PRINGLES Snack Khoai Tây Vị Phô Mai Lon 102g,Snack Khoai Tây,Lon,7.0,371000.0,0.0,0.0,0.0,0.0,0.0,0.0,0.0,0.0,0.0,0.0,0.0,0.0,0.0,0.0,0.0,0.0,03__SKT__PRI__PMI__102,PRINGLES Snack Khoai Tây Vị Phô Mai Lon 102g,,Hàng hóa,d47fec52-8bd7-11f1-9b18-005056b2a5de,d738875f-942a-4a44-886a-7184d21e8be8,c8220d45-8bd7-11f1-9b18-005056b2a5de,650,675a42b3-8acd-451e-b184-edaeaebec5b7,
03__SKT__PRI__TNN__102,PRINGLES Snack Khoai Tây Vị Tự Nhiên Lon 102g,Snack Khoai Tây,Lon,5.0,254000.0,0.0,0.0,0.0,0.0,0.0,0.0,0.0,0.0,0.0,0.0,0.0,0.0,0.0,0.0,0.0,0.0,03__SKT__PRI__TNN__102,PRINGLES Snack Khoai Tây Vị Tự Nhiên Lon 102g,,Hàng hóa,d47fece7-8bd7-11f1-9b18-005056b2a5de,4d02dd8f-a2da-45dc-8703-7fe5500e49d4,c8220d45-8bd7-11f1-9b18-005056b2a5de,651,675a42b3-8acd-451e-b184-edaeaebec5b7,
03__SKT__PRI__TNN__42,PRINGLES Snack Khoai Tây Vị Tự Nhiên Lon 42g,Snack Khoai Tây,Lon,13.0,337000.0,0.0,0.0,0.0,0.0,0.0,0.0,0.0,0.0,0.0,0.0,0.0,0.0,0.0,0.0,0.0,0.0,03__SKT__PRI__TNN__42,PRINGLES Snack Khoai Tây Vị Tự Nhiên Lon 42g,,Hàng hóa,d47fed7f-8bd7-11f1-9b18-005056b2a5de,27d435e4-d892-4dbe-adec-94cd79bc9af9,c8220d45-8bd7-11f1-9b18-005056b2a5de,652,675a42b3-8acd-451e-b184-edaeaebec5b7,
03__SKT__PRI__VOT__102,PRINGLES Snack Khoai Tây Vị Ớt Lon 102g,Snack Khoai Tây,Lon,7.0,359000.0,0.0,0.0,0.0,0.0,0.0,0.0,0.0,0.0,0.0,0.0,0.0,0.0,0.0,0.0,0.0,0.0,03__SKT__PRI__VOT__102,PRINGLES Snack Khoai Tây Vị Ớt Lon 102g,,Hàng hóa,d47feeb3-8bd7-11f1-9b18-005056b2a5de,6df2d794-daf3-46d9-a55f-ca9dcea82dd6,c8220d45-8bd7-11f1-9b18-005056b2a5de,653,675a42b3-8acd-451e-b184-edaeaebec5b7,
03__SKT__SLI__BBQ__60,SLIDE Snack Khoai Tây Vị Thịt Nướng Lon 60g,Snack Khoai Tây,Lon,39.0,1518000.0,0.0,0.0,0.0,0.0,0.0,0.0,0.0,0.0,0.0,0.0,0.0,0.0,12.0,480000.0,12.0,480000.0,03__SKT__SLI__BBQ__60,SLIDE Snack Khoai Tây Vị Thịt Nướng Lon 60g,,Hàng hóa,d47fef47-8bd7-11f1-9b18-005056b2a5de,a5a4171c-df88-47b9-8004-94779271a3bf,c8220d45-8bd7-11f1-9b18-005056b2a5de,654,675a42b3-8acd-451e-b184-edaeaebec5b7,
03__SKT__SLI__CAY__60,SLIDE Snack Khoai Tây Vị Cay Lon 60g,Snack Khoai Tây,Lon,39.0,1476000.0,0.0,0.0,0.0,0.0,0.0,0.0,0.0,0.0,0.0,0.0,0.0,0.0,9.0,360000.0,9.0,360000.0,03__SKT__SLI__CAY__60,SLIDE Snack Khoai Tây Vị Cay Lon 60g,,Hàng hóa,d47fefd8-8bd7-11f1-9b18-005056b2a5de,7cd0ce01-1a82-4827-b0b3-beea1b576d13,c8220d45-8bd7-11f1-9b18-005056b2a5de,655,675a42b3-8acd-451e-b184-edaeaebec5b7,
03__SKT__SLI__CLA__60,SLIDE Snack Khoai Tây Vị Nguyên Bản Lon 60g,Snack Khoai Tây,Lon,31.0,1156000.0,0.0,0.0,0.0,0.0,0.0,0.0,0.0,0.0,0.0,0.0,0.0,0.0,16.0,640000.0,16.0,640000.0,03__SKT__SLI__CLA__60,SLIDE Snack Khoai Tây Vị Nguyên Bản Lon 60g,,Hàng hóa,d47ff06c-8bd7-11f1-9b18-005056b2a5de,88fb26bd-478c-4a0b-a41f-d9f60615995b,c8220d45-8bd7-11f1-9b18-005056b2a5de,656,675a42b3-8acd-451e-b184-edaeaebec5b7,
03__SKT__SLI__HAH__145,SLIDE Snack Khoai Tây Vị Hành Lon 145g,Snack Khoai Tây,Lon,19.0,1235000.0,0.0,0.0,0.0,0.0,0.0,0.0,0.0,0.0,0.0,0.0,0.0,0.0,4.0,260000.0,4.0,260000.0,03__SKT__SLI__HAH__145,SLIDE Snack Khoai Tây Vị Hành Lon 145g,,Hàng hóa,d47ff0fe-8bd7-11f1-9b18-005056b2a5de,f28cb891-38ca-4fd3-b568-b6def76890fb,c8220d45-8bd7-11f1-9b18-005056b2a5de,657,675a42b3-8acd-451e-b184-edaeaebec5b7,
03__SKT__SLI__HAH__60,SLIDE Snack Khoai Tây Vị Hành Lon 60g,Snack Khoai Tây,Lon,20.0,758000.0,0.0,0.0,0.0,0.0,0.0,0.0,0.0,0.0,0.0,0.0,0.0,0.0,11.0,440000.0,11.0,440000.0,03__SKT__SLI__HAH__60,SLIDE Snack Khoai Tây Vị Hành Lon 60g,,Hàng hóa,d47ff191-8bd7-11f1-9b18-005056b2a5de,77af7eac-581b-41f0-962b-ac4923e8aefa,c8220d45-8bd7-11f1-9b18-005056b2a5de,658,675a42b3-8acd-451e-b184-edaeaebec5b7,
03__SKT__SLI__ORI__145,SLIDE KT Vị Nguyên Bản Lon 145g,Snack Khoai Tây,Lon,26.0,1690000.0,0.0,0.0,0.0,0.0,0.0,0.0,0.0,0.0,0.0,0.0,0.0,0.0,-12.0,-780000.0,-12.0,-780000.0,03__SKT__SLI__ORI__145,SLIDE KT Vị Nguyên Bản Lon 145g,,Hàng hóa,d47ff223-8bd7-11f1-9b18-005056b2a5de,04eabcdd-a5bb-4bc7-84d9-417841b19f8e,c8220d45-8bd7-11f1-9b18-005056b2a5de,659,675a42b3-8acd-451e-b184-edaeaebec5b7,
03__SKT__SLI__PMI__145,SLIDE Snack Khoai Tây Vị Phô Mai Lon 145g,Snack Khoai Tây,Lon,24.0,1560000.0,0.0,0.0,0.0,0.0,0.0,0.0,0.0,0.0,0.0,0.0,0.0,0.0,2.0,130000.0,2.0,130000.0,03__SKT__SLI__PMI__145,SLIDE Snack Khoai Tây Vị Phô Mai Lon 145g,,Hàng hóa,d47ff2b5-8bd7-11f1-9b18-005056b2a5de,d843f9ab-7f7e-40ce-814e-62fff82aeff7,c8220d45-8bd7-11f1-9b18-005056b2a5de,660,675a42b3-8acd-451e-b184-edaeaebec5b7,
03__SKT__SLI__PMI__60,SLIDE Snack Khoai Tây Vị Phô Mai Lon 60g,Snack Khoai Tây,Lon,32.0,1196000.0,0.0,0.0,0.0,0.0,0.0,0.0,0.0,0.0,0.0,0.0,0.0,0.0,6.0,240000.0,6.0,240000.0,03__SKT__SLI__PMI__60,SLIDE Snack Khoai Tây Vị Phô Mai Lon 60g,,Hàng hóa,d47ff346-8bd7-11f1-9b18-005056b2a5de,a8df62fe-b41d-449b-b11b-60725b2dfb6e,c8220d45-8bd7-11f1-9b18-005056b2a5de,661,675a42b3-8acd-451e-b184-edaeaebec5b7,
03__SKT__SLI__TNG__145,SLIDE Khoai Tây Vị Thịt Nướng Lon 145g,Snack Khoai Tây,Lon,27.0,1755000.0,0.0,0.0,0.0,0.0,0.0,0.0,0.0,0.0,0.0,0.0,0.0,0.0,15.0,975000.0,15.0,975000.0,03__SKT__SLI__TNG__145,SLIDE Khoai Tây Vị Thịt Nướng Lon 145g,,Hàng hóa,d47ff4f8-8bd7-11f1-9b18-005056b2a5de,35786227-0632-423b-850c-ac6abad140d6,c8220d45-8bd7-11f1-9b18-005056b2a5de,662,675a42b3-8acd-451e-b184-edaeaebec5b7,
03__SOT__MEI__DEN__50,MEIJI Socola Đen 50g,Socola Thanh,Thanh,27.0,1926000.0,0.0,0.0,0.0,0.0,0.0,0.0,0.0,0.0,0.0,0.0,0.0,0.0,6.0,450000.0,6.0,450000.0,03__SOT__MEI__DEN__50,MEIJI Socola Đen 50g,,Hàng hóa,d47ff59d-8bd7-11f1-9b18-005056b2a5de,c7b40d0d-bfc3-4086-905c-dc1a86d33717,c8220d45-8bd7-11f1-9b18-005056b2a5de,663,097330eb-f92d-4b88-95a8-1a83fd3d8021,
03__SOT__MEI__SUA__50,MEIJI Socola Sữa 50g,Socola Thanh,Thanh,39.0,2793000.0,0.0,0.0,0.0,0.0,0.0,0.0,1.0,69000.0,0.0,0.0,0.0,0.0,3.0,225000.0,3.0,225000.0,03__SOT__MEI__SUA__50,MEIJI Socola Sữa 50g,,Hàng hóa,d47ff62e-8bd7-11f1-9b18-005056b2a5de,bf4392f7-45ce-4947-8bd4-504f77bce875,c8220d45-8bd7-11f1-9b18-005056b2a5de,664,097330eb-f92d-4b88-95a8-1a83fd3d8021,
03__SRO__OFO__BBQ__5,OFOOD Lá Kim Vị BBQ 5g,Snack Rong Biển,Gói,29.0,455000.0,0.0,0.0,0.0,0.0,0.0,0.0,0.0,0.0,0.0,0.0,0.0,0.0,52.0,832000.0,52.0,832000.0,03__SRO__OFO__BBQ__5,OFOOD Lá Kim Vị BBQ 5g,,Hàng hóa,d47ff6c1-8bd7-11f1-9b18-005056b2a5de,93228b04-35c4-43cf-847d-7b62c74a7f5b,c8220d45-8bd7-11f1-9b18-005056b2a5de,665,097330eb-f92d-4b88-95a8-1a83fd3d8067,
03__SRO__OFO__CAY__5,OFOOD Lá Kim Vị BBQ Cay 5g,Snack Rong Biển,Gói,7.0,112000.0,0.0,0.0,0.0,0.0,0.0,0.0,0.0,0.0,0.0,0.0,0.0,0.0,74.0,1184000.0,74.0,1184000.0,03__SRO__OFO__CAY__5,OFOOD Lá Kim Vị BBQ Cay 5g,,Hàng hóa,d47ff754-8bd7-11f1-9b18-005056b2a5de,8e971ae8-cb20-48f5-81fe-2d293960b306,c8220d45-8bd7-11f1-9b18-005056b2a5de,666,097330eb-f92d-4b88-95a8-1a83fd3d8067,
03__SRO__OFO__GIO__40,OFOOD Rong Biển Giòn Trộn Gia Vị Gói 40g,Snack Rong Biển,Gói,47.0,1782000.0,0.0,0.0,0.0,0.0,0.0,0.0,1.0,36000.0,0.0,0.0,0.0,0.0,15.0,570000.0,15.0,570000.0,03__SRO__OFO__GIO__40,OFOOD Rong Biển Giòn Trộn Gia Vị Gói 40g,,Hàng hóa,d47ff7e9-8bd7-11f1-9b18-005056b2a5de,ed84d8f2-1b89-49d0-8c73-54a3c2a6fa79,c8220d45-8bd7-11f1-9b18-005056b2a5de,667,097330eb-f92d-4b88-95a8-1a83fd3d8067,
03__SRO__OFO__KGA__40,OFOOD Rong Biển Giòn Trộn Khô Gà Gói 40g,Snack Rong Biển,Gói,42.0,1590000.0,0.0,0.0,0.0,0.0,0.0,0.0,0.0,0.0,0.0,0.0,0.0,0.0,20.0,760000.0,20.0,760000.0,03__SRO__OFO__KGA__40,OFOOD Rong Biển Giòn Trộn Khô Gà Gói 40g,,Hàng hóa,d47ff87f-8bd7-11f1-9b18-005056b2a5de,69796506-85f4-4b9b-aeb0-5b9d3e382ab1,c8220d45-8bd7-11f1-9b18-005056b2a5de,668,097330eb-f92d-4b88-95a8-1a83fd3d8067,
03__SRO__OFO__MUC__6,OFOOD Snack Rong Biển Cuộn Nướng Vị Mực Gói 6g,Snack Rong Biển,Gói,15.0,211500.0,0.0,0.0,0.0,0.0,0.0,0.0,0.0,0.0,0.0,0.0,0.0,0.0,0.0,0.0,0.0,0.0,03__SRO__OFO__MUC__6,OFOOD Snack Rong Biển Cuộn Nướng Vị Mực Gói 6g,,Hàng hóa,d47ff90f-8bd7-11f1-9b18-005056b2a5de,deef6723-9127-4ff2-a048-7071c99cf10d,c8220d45-8bd7-11f1-9b18-005056b2a5de,669,097330eb-f92d-4b88-95a8-1a83fd3d8067,
03__SRO__OFO__OLI__12,OFOOD Rong Biển Lá Kim Tẩm Dầu Ô Liu 4g,Snack Rong Biển,Gói,353.0,3525000.0,0.0,0.0,0.0,0.0,0.0,0.0,0.0,0.0,0.0,0.0,0.0,0.0,18.0,216000.0,18.0,216000.0,03__SRO__OFO__OLI__12,OFOOD Rong Biển Lá Kim Tẩm Dầu Ô Liu 4g,,Hàng hóa,d47ff9a3-8bd7-11f1-9b18-005056b2a5de,dc3bb962-d1fc-4109-8d32-5bf575bf269c,c8220d45-8bd7-11f1-9b18-005056b2a5de,670,097330eb-f92d-4b88-95a8-1a83fd3d8067,
03__SRO__OFO__PMI__5,OFOOD Lá Kim Vị Phô Mai 5g,Snack Rong Biển,Gói,25.0,394000.0,0.0,0.0,0.0,0.0,0.0,0.0,0.0,0.0,0.0,0.0,0.0,0.0,53.0,848000.0,53.0,848000.0,03__SRO__OFO__PMI__5,OFOOD Lá Kim Vị Phô Mai 5g,,Hàng hóa,d47ffa3a-8bd7-11f1-9b18-005056b2a5de,75bfb663-00a0-4d17-aa3c-437140edad8d,c8220d45-8bd7-11f1-9b18-005056b2a5de,671,097330eb-f92d-4b88-95a8-1a83fd3d8067,
03__SRO__OFO__PMI__6,OFOOD Snack Rong Biển Cuộn Nướng Vị Phô Mai Gói 6g,Snack Rong Biển,Gói,124.0,1956000.0,0.0,0.0,0.0,0.0,0.0,0.0,0.0,0.0,0.0,0.0,0.0,0.0,45.0,810000.0,45.0,810000.0,03__SRO__OFO__PMI__6,OFOOD Snack Rong Biển Cuộn Nướng Vị Phô Mai Gói 6g,,Hàng hóa,d47ffacc-8bd7-11f1-9b18-005056b2a5de,ca547973-e8ba-4028-9368-5e9a243bfd5e,c8220d45-8bd7-11f1-9b18-005056b2a5de,672,097330eb-f92d-4b88-95a8-1a83fd3d8067,
03__SRO__OFO__TEM__15,OFOOD Rong Biển Lá Kim Trẻ Em,Snack Rong Biển,Gói,117.0,1234000.0,0.0,0.0,0.0,0.0,0.0,0.0,0.0,0.0,0.0,0.0,0.0,0.0,1.0,12000.0,1.0,12000.0,03__SRO__OFO__TEM__15,OFOOD Rong Biển Lá Kim Trẻ Em,,Hàng hóa,d47ffb5f-8bd7-11f1-9b18-005056b2a5de,d562d599-a852-4b9f-8eac-97ef6588db6b,c8220d45-8bd7-11f1-9b18-005056b2a5de,673,097330eb-f92d-4b88-95a8-1a83fd3d8067,
03__SRO__OFO__TTG__6,OFOOD Snack Rong Biển Cuộn Nướng Vị Truyền Thống 6g,Snack Rong Biển,Gói,226.0,3677500.0,0.0,0.0,0.0,0.0,0.0,0.0,0.0,0.0,0.0,0.0,0.0,0.0,50.0,900000.0,50.0,900000.0,03__SRO__OFO__TTG__6,OFOOD Snack Rong Biển Cuộn Nướng Vị Truyền Thống 6g,,Hàng hóa,d47ffbf2-8bd7-11f1-9b18-005056b2a5de,8b9cce75-1ee8-426a-8706-9f9b8c03edc2,c8220d45-8bd7-11f1-9b18-005056b2a5de,674,097330eb-f92d-4b88-95a8-1a83fd3d8067,
03__SRO__TBB__CLA__6,TAOKENOI BIG BANG Snack Rong Biển Vị Truyền Thống 6g,Snack Rong Biển,Bịch,123.0,1668000.0,0.0,0.0,0.0,0.0,0.0,0.0,0.0,0.0,0.0,0.0,0.0,0.0,58.0,1044000.0,58.0,1044000.0,03__SRO__TBB__CLA__6,TAOKENOI BIG BANG Snack Rong Biển Vị Truyền Thống 6g,,Hàng hóa,d47ffc85-8bd7-11f1-9b18-005056b2a5de,0c2b50b3-e7d0-410a-9854-fc63417a3b10,c8220d45-8bd7-11f1-9b18-005056b2a5de,675,097330eb-f92d-4b88-95a8-1a83fd3d8011,
03__SRO__TBB__MUC__6,TAOKENOI BIG BANG Snack Rong Biển Vị Mực 6g,Snack Rong Biển,Bịch,111.0,1503000.0,0.0,0.0,0.0,0.0,0.0,0.0,0.0,0.0,0.0,0.0,0.0,0.0,71.0,1278000.0,71.0,1278000.0,03__SRO__TBB__MUC__6,TAOKENOI BIG BANG Snack Rong Biển Vị Mực 6g,,Hàng hóa,d47ffd19-8bd7-11f1-9b18-005056b2a5de,b8a3ed1c-a5c2-4073-9ae1-c499a34a241e,c8220d45-8bd7-11f1-9b18-005056b2a5de,676,097330eb-f92d-4b88-95a8-1a83fd3d8011,
03__SRO__TBR__CAY__3,TAOKENOI BIG ROLL Snack Rong Biển Vị Cay,Snack Rong Biển,Bịch,158.0,1896000.0,0.0,0.0,0.0,0.0,0.0,0.0,0.0,0.0,0.0,0.0,0.0,0.0,85.0,1020000.0,85.0,1020000.0,03__SRO__TBR__CAY__3,TAOKENOI BIG ROLL Snack Rong Biển Vị Cay,,Hàng hóa,d47ffdbf-8bd7-11f1-9b18-005056b2a5de,745d6e8d-7a20-4252-9fa3-c2619a14c983,c8220d45-8bd7-11f1-9b18-005056b2a5de,677,097330eb-f92d-4b88-95a8-1a83fd3d8011,
03__SRO__TBR__CLA__3,TAOKENOI BIG ROLL Snack Rong Biển Classic 3g,Snack Rong Biển,Bịch,269.0,3023000.0,0.0,0.0,0.0,0.0,0.0,0.0,1.0,12000.0,0.0,0.0,0.0,0.0,100.0,1200000.0,100.0,1200000.0,03__SRO__TBR__CLA__3,TAOKENOI BIG ROLL Snack Rong Biển Classic 3g,,Hàng hóa,d47ffeec-8bd7-11f1-9b18-005056b2a5de,ff801f4f-0bda-4835-b9d6-641ac7228c41,c8220d45-8bd7-11f1-9b18-005056b2a5de,678,097330eb-f92d-4b88-95a8-1a83fd3d8011,
03__SRO__TBR__PK6__18,TAOKENOI BIG ROLL Snack Rong Biển Classic 18g (6 gói),Snack Rong Biển,Bịch,8.0,387000.0,0.0,0.0,0.0,0.0,0.0,0.0,0.0,0.0,0.0,0.0,0.0,0.0,5.0,300000.0,5.0,300000.0,03__SRO__TBR__PK6__18,TAOKENOI BIG ROLL Snack Rong Biển Classic 18g (6 gói),,Hàng hóa,d47fff81-8bd7-11f1-9b18-005056b2a5de,e7d0fe9a-7fa4-4a54-91c6-4950300a493b,c8220d45-8bd7-11f1-9b18-005056b2a5de,679,097330eb-f92d-4b88-95a8-1a83fd3d8011,
03__TKB__FAN__VBO__1,FANSIPAN Thịt Sấy Vị Bò Sợi,Khô Bò,Bịch,99.0,1980000.0,0.0,0.0,0.0,0.0,0.0,0.0,0.0,0.0,0.0,0.0,0.0,0.0,0.0,0.0,0.0,0.0,03__TKB__FAN__VBO__1,FANSIPAN Thịt Sấy Vị Bò Sợi,,Hàng hóa,d480001f-8bd7-11f1-9b18-005056b2a5de,89125279-5d54-41fa-bdbc-810afb1ebdb0,c8220d45-8bd7-11f1-9b18-005056b2a5de,680,097330eb-f92d-4b88-95a8-1a83fd3d8011,
03__TKB__FAN__VGA__1,FANSIPAN Khô Gà Cay,Khô Gà,Bịch,91.0,1820000.0,0.0,0.0,0.0,0.0,0.0,0.0,0.0,0.0,0.0,0.0,0.0,0.0,7.0,140000.0,7.0,140000.0,03__TKB__FAN__VGA__1,FANSIPAN Khô Gà Cay,,Hàng hóa,d48000b0-8bd7-11f1-9b18-005056b2a5de,6c7e0ae1-c0ea-41c7-acd7-87e6623cdc4e,c8220d45-8bd7-11f1-9b18-005056b2a5de,681,097330eb-f92d-4b88-95a8-1a83fd3d8011,
03__TKB__FAN__VHO__1,FANSIPAN Thịt Sấy Vị Heo Cháy Tỏi,Khô Heo,Bịch,95.0,1900000.0,0.0,0.0,0.0,0.0,0.0,0.0,0.0,0.0,0.0,0.0,0.0,0.0,3.0,60000.0,3.0,60000.0,03__TKB__FAN__VHO__1,FANSIPAN Thịt Sấy Vị Heo Cháy Tỏi,,Hàng hóa,d48001ce-8bd7-11f1-9b18-005056b2a5de,15c6e989-b5eb-4d8f-bfc0-4c7aa330450a,c8220d45-8bd7-11f1-9b18-005056b2a5de,682,097330eb-f92d-4b88-95a8-1a83fd3d8011,
03__TRH__COZ__ATI__50,COZY Trà Atiso 365 Hộp 50g,Trà Hộp,Hộp,7.0,168000.0,0.0,0.0,0.0,0.0,0.0,0.0,1.0,24000.0,0.0,0.0,0.0,0.0,3.0,72000.0,3.0,72000.0,03__TRH__COZ__ATI__50,COZY Trà Atiso 365 Hộp 50g,,Hàng hóa,d4800264-8bd7-11f1-9b18-005056b2a5de,5af7253e-8934-4339-8bf7-83c3734017e9,c8220d45-8bd7-11f1-9b18-005056b2a5de,683,097330eb-f92d-4b88-95a8-1a83fd3d8064,
03__TRH__COZ__HTR__50,COZY Hồng Trà Hộp 50g,Trà Hộp,Hộp,4.0,188000.0,0.0,0.0,0.0,0.0,0.0,0.0,0.0,0.0,0.0,0.0,0.0,0.0,0.0,0.0,0.0,0.0,03__TRH__COZ__HTR__50,COZY Hồng Trà Hộp 50g,,Hàng hóa,d48002f8-8bd7-11f1-9b18-005056b2a5de,c6425955-9fdd-4b9b-bdde-8dab5319fced,c8220d45-8bd7-11f1-9b18-005056b2a5de,684,097330eb-f92d-4b88-95a8-1a83fd3d8064,
03__TRH__COZ__NHA__50,COZY Hương Nhài Hộp 50g,Trà Hộp,Hộp,2.0,74000.0,0.0,0.0,0.0,0.0,0.0,0.0,0.0,0.0,0.0,0.0,0.0,0.0,5.0,185000.0,5.0,185000.0,03__TRH__COZ__NHA__50,COZY Hương Nhài Hộp 50g,,Hàng hóa,d480038e-8bd7-11f1-9b18-005056b2a5de,ffd3c7cb-5c49-4e33-938c-12a237ef765e,c8220d45-8bd7-11f1-9b18-005056b2a5de,685,097330eb-f92d-4b88-95a8-1a83fd3d8064,
03__TRH__COZ__SEN__50,COZY Trà Hương Sen Hộp,Trà Hộp,Hộp,1.0,37000.0,0.0,0.0,0.0,0.0,0.0,0.0,0.0,0.0,0.0,0.0,0.0,0.0,0.0,0.0,0.0,0.0,03__TRH__COZ__SEN__50,COZY Trà Hương Sen Hộp,,Hàng hóa,d4800421-8bd7-11f1-9b18-005056b2a5de,9497706c-a608-4d20-aa8e-0793ac10cff8,c8220d45-8bd7-11f1-9b18-005056b2a5de,686,097330eb-f92d-4b88-95a8-1a83fd3d8064,
03__TRH__COZ__TNN__50,COZY Trà Xanh Thái Nguyên Hộp 50g,Trà Hộp,Hộp,3.0,109000.0,0.0,0.0,0.0,0.0,0.0,0.0,0.0,0.0,0.0,0.0,0.0,0.0,5.0,185000.0,5.0,185000.0,03__TRH__COZ__TNN__50,COZY Trà Xanh Thái Nguyên Hộp 50g,,Hàng hóa,d48004b3-8bd7-11f1-9b18-005056b2a5de,00a4296e-6f13-4b34-b55c-8bfc7bab3e88,c8220d45-8bd7-11f1-9b18-005056b2a5de,687,097330eb-f92d-4b88-95a8-1a83fd3d8064,
03BLAOREDDO60,OREO Bánh Socola Pie Đỏ,Bánh Bông Lan,Bịch,65.0,458000.0,0.0,0.0,0.0,0.0,0.0,0.0,0.0,0.0,0.0,0.0,0.0,0.0,78.0,624000.0,78.0,624000.0,03BLAOREDDO60,OREO Bánh Socola Pie Đỏ,,Hàng hóa,d4800545-8bd7-11f1-9b18-005056b2a5de,61cddc69-293d-4cc3-b50b-cad1eace3ef5,c8220d45-8bd7-11f1-9b18-005056b2a5de,688,097330eb-f92d-4b88-95a8-1a83fd3d8011,
03BLAOREXAH60,OREO Bánh Socola Pie Xanh,Bánh Bông Lan,Bịch,112.0,802000.0,0.0,0.0,0.0,0.0,0.0,0.0,0.0,0.0,0.0,0.0,0.0,0.0,58.0,464000.0,58.0,464000.0,03BLAOREXAH60,OREO Bánh Socola Pie Xanh,,Hàng hóa,d48005de-8bd7-11f1-9b18-005056b2a5de,50bee061-c1c5-450e-b79b-2b77fe27a828,c8220d45-8bd7-11f1-9b18-005056b2a5de,689,097330eb-f92d-4b88-95a8-1a83fd3d8011,
03DPGPOCDUA70,POCA Đậu Phộng Rắc Rắc Vị Nước Cốt Dừa 70g,Đậu Phộng,Bịch,124.0,1713000.0,0.0,0.0,0.0,0.0,0.0,0.0,0.0,0.0,0.0,0.0,0.0,0.0,63.0,945000.0,63.0,945000.0,03DPGPOCDUA70,POCA Đậu Phộng Rắc Rắc Vị Nước Cốt Dừa 70g,,Hàng hóa,d4800671-8bd7-11f1-9b18-005056b2a5de,fac0e80d-24fc-4154-8d54-6c9b2ea1e04c,c8220d45-8bd7-11f1-9b18-005056b2a5de,690,097330eb-f92d-4b88-95a8-1a83fd3d8011,
03DPGPOCMUC70,POCA Đậu Phộng Rắc Rắc Vị Mực Cay 70g,Đậu Phộng,Bịch,116.0,1590000.0,0.0,0.0,0.0,0.0,0.0,0.0,0.0,0.0,0.0,0.0,0.0,0.0,40.0,600000.0,40.0,600000.0,03DPGPOCMUC70,POCA Đậu Phộng Rắc Rắc Vị Mực Cay 70g,,Hàng hóa,d4800704-8bd7-11f1-9b18-005056b2a5de,3d9689dc-3fa4-4c3e-a53d-d0d9c676ee06,c8220d45-8bd7-11f1-9b18-005056b2a5de,691,097330eb-f92d-4b88-95a8-1a83fd3d8011,
04__5CU__BFS__BIC__500,B'FAST Bịch Ngũ Cốc 500g,Ngũ Cốc,Bịch,4.0,269000.0,0.0,0.0,0.0,0.0,0.0,0.0,0.0,0.0,0.0,0.0,0.0,0.0,0.0,0.0,0.0,0.0,04__5CU__BFS__BIC__500,B'FAST Bịch Ngũ Cốc 500g,,Hàng hóa,d4800798-8bd7-11f1-9b18-005056b2a5de,fdd879ec-7b96-4d54-9edf-1b2ef21aa8ff,c8220d45-8bd7-11f1-9b18-005056b2a5de,692,097330eb-f92d-4b88-95a8-1a83fd3d8011,
04__5CU__KEL__HOP__150,KELLOGG's FROOT Ngũ Cốc 150g,Ngũ Cốc,Hộp,9.0,593000.0,0.0,0.0,0.0,0.0,0.0,0.0,0.0,0.0,0.0,0.0,0.0,0.0,0.0,0.0,0.0,0.0,04__5CU__KEL__HOP__150,KELLOGG's FROOT Ngũ Cốc 150g,,Hàng hóa,d4800846-8bd7-11f1-9b18-005056b2a5de,892d7db7-b632-49a0-a667-275c46203680,c8220d45-8bd7-11f1-9b18-005056b2a5de,693,097330eb-f92d-4b88-95a8-1a83fd3d8064,
04__PMM__CBC__DAU__78,CONBOCUOI Phô Mai Vuông Vị Dâu 78g,Phô Mai,Bịch,20.0,1184000.0,0.0,0.0,0.0,0.0,0.0,0.0,0.0,0.0,0.0,0.0,0.0,0.0,-1.0,-62000.0,-1.0,-62000.0,04__PMM__CBC__DAU__78,CONBOCUOI Phô Mai Vuông Vị Dâu 78g,CÔNG TY TNHH ANH PHƯƠNG NINH THUẬN,Hàng hóa,d48008da-8bd7-11f1-9b18-005056b2a5de,fca7d0ee-768d-4754-99c9-03ee72a1eebd,c8220d45-8bd7-11f1-9b18-005056b2a5de,694,097330eb-f92d-4b88-95a8-1a83fd3d8011,
04__PMM__CBC__TTG__112,CONBOCUOI Phô Mai Vị Truyền Thống Hộp 8 Miếng 112g,Phô Mai,Hộp,75.0,3558000.0,0.0,0.0,0.0,0.0,0.0,0.0,1.0,50000.0,0.0,0.0,0.0,0.0,0.0,0.0,0.0,0.0,04__PMM__CBC__TTG__112,CONBOCUOI Phô Mai Vị Truyền Thống Hộp 8 Miếng 112g,CÔNG TY TNHH ANH PHƯƠNG NINH THUẬN,Hàng hóa,d4800973-8bd7-11f1-9b18-005056b2a5de,319e6969-fbd7-490b-9267-09b921bba286,c8220d45-8bd7-11f1-9b18-005056b2a5de,695,097330eb-f92d-4b88-95a8-1a83fd3d8064,
04__PMM__CBC__TTG__78,CONBOCUOI Phô Mai Vuông Vị Truyền Thống 78g,Phô Mai,Bịch,25.0,1492000.0,0.0,0.0,0.0,0.0,0.0,0.0,1.0,62000.0,0.0,0.0,0.0,0.0,-5.0,-310000.0,-5.0,-310000.0,04__PMM__CBC__TTG__78,CONBOCUOI Phô Mai Vuông Vị Truyền Thống 78g,CÔNG TY TNHH ANH PHƯƠNG NINH THUẬN,Hàng hóa,d4800a09-8bd7-11f1-9b18-005056b2a5de,208a0e25-2335-45a2-b676-ca132a32d598,c8220d45-8bd7-11f1-9b18-005056b2a5de,696,097330eb-f92d-4b88-95a8-1a83fd3d8011,
04__PMM__CBC__VQT__78,CONBOCUOI Phô Mai Vuông Vị Việt Quất 78g,Phô Mai,Bịch,47.0,2836000.0,0.0,0.0,0.0,0.0,0.0,0.0,0.0,0.0,0.0,0.0,0.0,0.0,1.0,62000.0,1.0,62000.0,04__PMM__CBC__VQT__78,CONBOCUOI Phô Mai Vuông Vị Việt Quất 78g,CÔNG TY TNHH ANH PHƯƠNG NINH THUẬN,Hàng hóa,d4800a9d-8bd7-11f1-9b18-005056b2a5de,5a85a85b-18c7-4cde-9672-98372226e00d,c8220d45-8bd7-11f1-9b18-005056b2a5de,697,097330eb-f92d-4b88-95a8-1a83fd3d8011,
04__PMM__QBB__DLI__90,QBB Phô Mai Vị Dưa LướI 90g,Phô Mai,Hộp,23.0,2271000.0,0.0,0.0,0.0,0.0,0.0,0.0,0.0,0.0,0.0,0.0,0.0,0.0,9.0,990000.0,9.0,990000.0,04__PMM__QBB__DLI__90,QBB Phô Mai Vị Dưa LướI 90g,,Hàng hóa,d4800b32-8bd7-11f1-9b18-005056b2a5de,520f255f-ccbe-4a3e-9f9b-1f6cfcd2fc9c,c8220d45-8bd7-11f1-9b18-005056b2a5de,698,097330eb-f92d-4b88-95a8-1a83fd3d8064,
04__PMM__QBB__HAT__90,QBB Phô Mai Các Loại Hạt Dinh Dưỡng 90g,Phô Mai,Hộp,15.0,1401000.0,0.0,0.0,0.0,0.0,0.0,0.0,0.0,0.0,0.0,0.0,0.0,0.0,8.0,880000.0,8.0,880000.0,04__PMM__QBB__HAT__90,QBB Phô Mai Các Loại Hạt Dinh Dưỡng 90g,,Hàng hóa,d4800bcf-8bd7-11f1-9b18-005056b2a5de,1cf7177f-7c8c-46ee-a201-2ab4366744e6,c8220d45-8bd7-11f1-9b18-005056b2a5de,699,097330eb-f92d-4b88-95a8-1a83fd3d8064,
04__PMM__QBB__NHO__90,QBB Phô Mai Vị Nho 90g,Phô Mai,Hộp,17.0,1737000.0,0.0,0.0,0.0,0.0,0.0,0.0,1.0,110000.0,0.0,0.0,0.0,0.0,1.0,110000.0,1.0,110000.0,04__PMM__QBB__NHO__90,QBB Phô Mai Vị Nho 90g,,Hàng hóa,d4800c64-8bd7-11f1-9b18-005056b2a5de,17aa4dec-d078-4060-a829-526ba5305745,c8220d45-8bd7-11f1-9b18-005056b2a5de,700,097330eb-f92d-4b88-95a8-1a83fd3d8064,
04__PMM__QBB__VQT__90,QBB Phô Mai Dâu Mâm Xôi Việt Quất 90g,Phô Mai,Hộp,19.0,1879000.0,0.0,0.0,0.0,0.0,0.0,0.0,0.0,0.0,0.0,0.0,0.0,0.0,0.0,0.0,0.0,0.0,04__PMM__QBB__VQT__90,QBB Phô Mai Dâu Mâm Xôi Việt Quất 90g,,Hàng hóa,d4800cfa-8bd7-11f1-9b18-005056b2a5de,d1653ef7-d279-4a5e-955f-0e15e7635272,c8220d45-8bd7-11f1-9b18-005056b2a5de,701,097330eb-f92d-4b88-95a8-1a83fd3d8064,
04__SAN__BVI__CDG__100,BA VÌ Sữa Chua Có Đường Hộp 100g,Sữa Chua Ăn,Hộp,12.0,84000.0,0.0,0.0,0.0,0.0,0.0,0.0,0.0,0.0,0.0,0.0,0.0,0.0,35.0,245000.0,35.0,245000.0,04__SAN__BVI__CDG__100,BA VÌ Sữa Chua Có Đường Hộp 100g,,Hàng hóa,d4800d8e-8bd7-11f1-9b18-005056b2a5de,2d69dc02-ac07-493c-8ad3-66feebbe9583,c8220d45-8bd7-11f1-9b18-005056b2a5de,702,097330eb-f92d-4b88-95a8-1a83fd3d8064,
04__SAN__BVI__KDG__100,BA VÌ Sữa Chua Không Đường 100g,Sữa Chua Ăn,Hộp,4.0,28000.0,0.0,0.0,0.0,0.0,0.0,0.0,0.0,0.0,0.0,0.0,0.0,0.0,48.0,336000.0,48.0,336000.0,04__SAN__BVI__KDG__100,BA VÌ Sữa Chua Không Đường 100g,,Hàng hóa,d4800e25-8bd7-11f1-9b18-005056b2a5de,3eafb481-6115-41d8-9b2a-b431dc329475,c8220d45-8bd7-11f1-9b18-005056b2a5de,703,097330eb-f92d-4b88-95a8-1a83fd3d8064,
04__SAN__BVI__NDM__100,BA VÌ Sữa Chua Nha Đam 100g,Sữa Chua Ăn,Hộp,19.0,133000.0,0.0,0.0,0.0,0.0,0.0,0.0,0.0,0.0,0.0,0.0,0.0,0.0,18.0,126000.0,18.0,126000.0,04__SAN__BVI__NDM__100,BA VÌ Sữa Chua Nha Đam 100g,,Hàng hóa,d4800eb9-8bd7-11f1-9b18-005056b2a5de,45b21ab4-14d8-41e9-892a-07f96b70aad5,c8220d45-8bd7-11f1-9b18-005056b2a5de,704,097330eb-f92d-4b88-95a8-1a83fd3d8064,
04__SAN__BVI__PMI__100,BA VÌ Sữa Chua Phô Mai Hộp 70g,Sữa Chua Ăn,Hộp,31.0,248000.0,0.0,0.0,0.0,0.0,0.0,0.0,0.0,0.0,0.0,0.0,0.0,0.0,49.0,392000.0,49.0,392000.0,04__SAN__BVI__PMI__100,BA VÌ Sữa Chua Phô Mai Hộp 70g,,Hàng hóa,d4801009-8bd7-11f1-9b18-005056b2a5de,cd1ee2ea-095b-4a16-8238-1192fdd8413e,c8220d45-8bd7-11f1-9b18-005056b2a5de,705,097330eb-f92d-4b88-95a8-1a83fd3d8064,
04__SAN__THY__CDG__100,TH True Sữa Chua Có Đường 100g,Sữa Chua Ăn,Hộp,89.0,770000.0,0.0,0.0,0.0,0.0,0.0,0.0,0.0,0.0,0.0,0.0,0.0,0.0,24.0,240000.0,24.0,240000.0,04__SAN__THY__CDG__100,TH True Sữa Chua Có Đường 100g,,Hàng hóa,d48010e7-8bd7-11f1-9b18-005056b2a5de,99b2a6ea-5485-4ac4-b9d2-e3b96e40a21f,c8220d45-8bd7-11f1-9b18-005056b2a5de,706,097330eb-f92d-4b88-95a8-1a83fd3d8064,
04__SAN__THY__IDT__100,TH True Sữa Chua Ít Đường 100g,Sữa Chua Ăn,Hộp,89.0,818000.0,0.0,0.0,0.0,0.0,0.0,0.0,0.0,0.0,0.0,0.0,0.0,0.0,54.0,540000.0,54.0,540000.0,04__SAN__THY__IDT__100,TH True Sữa Chua Ít Đường 100g,,Hàng hóa,d48011ab-8bd7-11f1-9b18-005056b2a5de,46b769b0-4194-4801-9064-c6d47ddad972,c8220d45-8bd7-11f1-9b18-005056b2a5de,707,097330eb-f92d-4b88-95a8-1a83fd3d8064,
04__SAN__THY__NDM__100,TH True Sữa Chua Nha Đam 100g,Sữa Chua Ăn,Hộp,70.0,788000.0,0.0,0.0,0.0,0.0,0.0,0.0,0.0,0.0,0.0,0.0,0.0,0.0,35.0,420000.0,35.0,420000.0,04__SAN__THY__NDM__100,TH True Sữa Chua Nha Đam 100g,,Hàng hóa,d480128d-8bd7-11f1-9b18-005056b2a5de,1363a849-145d-4a60-bc7c-959a6b96319b,c8220d45-8bd7-11f1-9b18-005056b2a5de,708,097330eb-f92d-4b88-95a8-1a83fd3d8064,
04__SAN__VNM__0DG__100,VINAMILK Sữa Chua Ăn Không Đường 100g,Sữa Chua Ăn,Hộp,36.0,252000.0,0.0,0.0,0.0,0.0,0.0,0.0,0.0,0.0,0.0,0.0,0.0,0.0,0.0,0.0,0.0,0.0,04__SAN__VNM__0DG__100,VINAMILK Sữa Chua Ăn Không Đường 100g,,Hàng hóa,d4801325-8bd7-11f1-9b18-005056b2a5de,7a23abf6-1c16-4930-b58d-1fabb8def6ac,c8220d45-8bd7-11f1-9b18-005056b2a5de,709,097330eb-f92d-4b88-95a8-1a83fd3d8064,
04__SAN__VNM__CDG__100,VINAMILK Sữa Chua Ăn Có Đường 100g,Sữa Chua Ăn,Hộp,6.0,42000.0,0.0,0.0,0.0,0.0,0.0,0.0,0.0,0.0,0.0,0.0,0.0,0.0,0.0,0.0,0.0,0.0,04__SAN__VNM__CDG__100,VINAMILK Sữa Chua Ăn Có Đường 100g,,Hàng hóa,d48013b9-8bd7-11f1-9b18-005056b2a5de,6e63e4e0-cd20-4dad-9751-2e3e6561d6fe,c8220d45-8bd7-11f1-9b18-005056b2a5de,710,097330eb-f92d-4b88-95a8-1a83fd3d8064,
04__SAN__VNM__IDG__100,VINAMILK Sữa Chua Ăn Ít Đường 100g,Sữa Chua Ăn,Hộp,6.0,42000.0,0.0,0.0,0.0,0.0,0.0,0.0,0.0,0.0,0.0,0.0,0.0,0.0,0.0,0.0,0.0,0.0,04__SAN__VNM__IDG__100,VINAMILK Sữa Chua Ăn Ít Đường 100g,,Hàng hóa,d48014d8-8bd7-11f1-9b18-005056b2a5de,ba3c4978-ad84-4faa-b311-4dd2e04eb87a,c8220d45-8bd7-11f1-9b18-005056b2a5de,711,097330eb-f92d-4b88-95a8-1a83fd3d8064,
04__SAN__VNM__NDM__100,VINAMILK Sữa Chua Ăn Nha Đam 100g,Sữa Chua Ăn,Hộp,66.0,561000.0,0.0,0.0,0.0,0.0,0.0,0.0,0.0,0.0,0.0,0.0,0.0,0.0,0.0,0.0,0.0,0.0,04__SAN__VNM__NDM__100,VINAMILK Sữa Chua Ăn Nha Đam 100g,,Hàng hóa,d480156b-8bd7-11f1-9b18-005056b2a5de,84133581-1d55-4f32-b3ed-37df37f93ce6,c8220d45-8bd7-11f1-9b18-005056b2a5de,712,097330eb-f92d-4b88-95a8-1a83fd3d8064,
04__SAN__VNM__VQT__100,VINAMILK Sữa Chua Ăn Việt Quất 100g,Sữa Chua Ăn,Hộp,26.0,247000.0,0.0,0.0,0.0,0.0,0.0,0.0,0.0,0.0,0.0,0.0,0.0,0.0,0.0,0.0,0.0,0.0,04__SAN__VNM__VQT__100,VINAMILK Sữa Chua Ăn Việt Quất 100g,,Hàng hóa,d48015fc-8bd7-11f1-9b18-005056b2a5de,3deedf1d-0b9e-430d-aed6-d9e61d9547da,c8220d45-8bd7-11f1-9b18-005056b2a5de,713,097330eb-f92d-4b88-95a8-1a83fd3d8064,
04__SBI__THM__IDG__220,THTruemilk Sữa Tươi TT Ít Đường Bịch 220ml,Sữa Bịch,Bịch,52.0,520000.0,0.0,0.0,0.0,0.0,0.0,0.0,0.0,0.0,0.0,0.0,0.0,0.0,0.0,0.0,0.0,0.0,04__SBI__THM__IDG__220,THTruemilk Sữa Tươi TT Ít Đường Bịch 220ml,,Hàng hóa,d480168f-8bd7-11f1-9b18-005056b2a5de,ca613d00-dd10-40ba-a546-16a769f86ca5,c8220d45-8bd7-11f1-9b18-005056b2a5de,714,097330eb-f92d-4b88-95a8-1a83fd3d8011,
04__SBI__THM__ORG__220,THTruemilk Sữa Tươi TT Nguyên Chất Bịch 220ml,Sữa Bịch,Bịch,35.0,350000.0,0.0,0.0,0.0,0.0,0.0,0.0,0.0,0.0,0.0,0.0,0.0,0.0,0.0,0.0,0.0,0.0,04__SBI__THM__ORG__220,THTruemilk Sữa Tươi TT Nguyên Chất Bịch 220ml,,Hàng hóa,d4801729-8bd7-11f1-9b18-005056b2a5de,5efad6e3-d961-4b61-8059-b08f245d6e1f,c8220d45-8bd7-11f1-9b18-005056b2a5de,715,097330eb-f92d-4b88-95a8-1a83fd3d8011,
04__SBI__VNM__IDG__220,VINAMILK Sữa Tươi TT Ít Đường Bịch 220ml,Sữa Bịch,Bịch,37.0,370000.0,0.0,0.0,0.0,0.0,0.0,0.0,0.0,0.0,0.0,0.0,0.0,0.0,0.0,0.0,0.0,0.0,04__SBI__VNM__IDG__220,VINAMILK Sữa Tươi TT Ít Đường Bịch 220ml,,Hàng hóa,d48017be-8bd7-11f1-9b18-005056b2a5de,bfa1c56c-ba87-41be-b17a-f916d8d57b06,c8220d45-8bd7-11f1-9b18-005056b2a5de,716,097330eb-f92d-4b88-95a8-1a83fd3d8011,
04__SBO__MLO__HOP__285,MILO Sữa Bột Hộp 285g,Sữa Bột,Hộp,2.0,170000.0,0.0,0.0,0.0,0.0,0.0,0.0,0.0,0.0,0.0,0.0,0.0,0.0,21.0,1785000.0,21.0,1785000.0,04__SBO__MLO__HOP__285,MILO Sữa Bột Hộp 285g,,Hàng hóa,d4801851-8bd7-11f1-9b18-005056b2a5de,218b779a-bf57-4cdb-90a4-9c5273ede519,c8220d45-8bd7-11f1-9b18-005056b2a5de,717,097330eb-f92d-4b88-95a8-1a83fd3d8064,
04__SDA__VNM__CAP__165,VINAMILK Creamer Đặc Ông Thọ Cà Phê Tuýp Nâu 165g,Sữa Đặc,Tuýp,3.0,90000.0,0.0,0.0,0.0,0.0,0.0,0.0,0.0,0.0,0.0,0.0,0.0,0.0,5.0,150000.0,5.0,150000.0,04__SDA__VNM__CAP__165,VINAMILK Creamer Đặc Ông Thọ Cà Phê Tuýp Nâu 165g,,Hàng hóa,d48018e7-8bd7-11f1-9b18-005056b2a5de,500694b5-ef07-4253-9713-02294478d5d7,c8220d45-8bd7-11f1-9b18-005056b2a5de,718,097330eb-f92d-4b88-95a8-1a83fd3d8069,
04__SDA__VNM__DDO__380,VINAMILK Sữa Đặc Ông Thọ Lon Đỏ 380g,Sữa Đặc,Hộp,4.0,132000.0,0.0,0.0,0.0,0.0,0.0,0.0,0.0,0.0,0.0,0.0,0.0,0.0,1.0,34000.0,1.0,34000.0,04__SDA__VNM__DDO__380,VINAMILK Sữa Đặc Ông Thọ Lon Đỏ 380g,,Hàng hóa,d480197c-8bd7-11f1-9b18-005056b2a5de,c58665f8-8792-494f-a24a-ab26c8c2c65b,c8220d45-8bd7-11f1-9b18-005056b2a5de,719,097330eb-f92d-4b88-95a8-1a83fd3d8064,
04__SDA__VNM__MAT__165,VINAMILK Creamer Đặc Ông Thọ Matcha Tuýp Xanh Lá 165g,Sữa Đặc,Tuýp,5.0,140000.0,0.0,0.0,0.0,0.0,0.0,0.0,0.0,0.0,0.0,0.0,0.0,0.0,0.0,0.0,0.0,0.0,04__SDA__VNM__MAT__165,VINAMILK Creamer Đặc Ông Thọ Matcha Tuýp Xanh Lá 165g,,Hàng hóa,d4801abe-8bd7-11f1-9b18-005056b2a5de,d6c9f326-8325-4e42-bb82-5c916411d95b,c8220d45-8bd7-11f1-9b18-005056b2a5de,720,097330eb-f92d-4b88-95a8-1a83fd3d8069,
04__SDA__VNM__TDO__165,VINAMILK Creamer Đặc Ông Thọ Tuýp Đỏ 165g,Sữa Đặc,Tuýp,8.0,225000.0,0.0,0.0,0.0,0.0,0.0,0.0,0.0,0.0,0.0,0.0,0.0,0.0,0.0,0.0,0.0,0.0,04__SDA__VNM__TDO__165,VINAMILK Creamer Đặc Ông Thọ Tuýp Đỏ 165g,,Hàng hóa,d4801b52-8bd7-11f1-9b18-005056b2a5de,22e08bbc-f086-4748-ab65-77e0109d9b0d,c8220d45-8bd7-11f1-9b18-005056b2a5de,721,097330eb-f92d-4b88-95a8-1a83fd3d8069,
04__SDA__VNM__XDG__380,VINAMILK Sữa Đặc Ông Thọ Hộp Xanh Dương 380g,Sữa Đặc,Hộp,23.0,851000.0,0.0,0.0,0.0,0.0,0.0,0.0,0.0,0.0,0.0,0.0,0.0,0.0,0.0,0.0,0.0,0.0,04__SDA__VNM__XDG__380,VINAMILK Sữa Đặc Ông Thọ Hộp Xanh Dương 380g,,Hàng hóa,d4801beb-8bd7-11f1-9b18-005056b2a5de,7462a41a-fb01-42a2-a23d-c81ca0444595,c8220d45-8bd7-11f1-9b18-005056b2a5de,722,097330eb-f92d-4b88-95a8-1a83fd3d8064,
04__SHG__BIN__CHU__200,BINGGRAE Sữa Chuối Hộp 200ml,Sữa Hộp Giấy,Hộp,275.0,7005000.0,0.0,0.0,0.0,0.0,0.0,0.0,0.0,0.0,0.0,0.0,0.0,0.0,11.0,308000.0,11.0,308000.0,04__SHG__BIN__CHU__200,BINGGRAE Sữa Chuối Hộp 200ml,,Hàng hóa,d4801c94-8bd7-11f1-9b18-005056b2a5de,47807abb-3249-438d-abb5-312f98caf291,c8220d45-8bd7-11f1-9b18-005056b2a5de,723,097330eb-f92d-4b88-95a8-1a83fd3d8064,
04__SHG__BIN__DLI__200,BINGGRAE Sữa Dưa Lưới Hộp 200ml,Sữa Hộp Giấy,Hộp,146.0,3731000.0,0.0,0.0,0.0,0.0,0.0,0.0,0.0,0.0,0.0,0.0,0.0,0.0,18.0,504000.0,18.0,504000.0,04__SHG__BIN__DLI__200,BINGGRAE Sữa Dưa Lưới Hộp 200ml,,Hàng hóa,d4801d2a-8bd7-11f1-9b18-005056b2a5de,7720427f-a87a-4604-9acd-0d46ae429922,c8220d45-8bd7-11f1-9b18-005056b2a5de,724,097330eb-f92d-4b88-95a8-1a83fd3d8064,
04__SHG__BIN__HDE__200,BINGGRAE Sữa Hạt Dẻ Hộp 200ml,Sữa Hộp Giấy,Hộp,16.0,434000.0,0.0,0.0,0.0,0.0,0.0,0.0,0.0,0.0,0.0,0.0,0.0,0.0,8.0,224000.0,8.0,224000.0,04__SHG__BIN__HDE__200,BINGGRAE Sữa Hạt Dẻ Hộp 200ml,,Hàng hóa,d4801dbd-8bd7-11f1-9b18-005056b2a5de,6385f5af-f735-436d-b91a-4d62b1aa8e43,c8220d45-8bd7-11f1-9b18-005056b2a5de,725,097330eb-f92d-4b88-95a8-1a83fd3d8064,
04__SHG__BIN__KMN__200,BINGGRAE Sữa Khoai Môn Hộp 200ml,Sữa Hộp Giấy,Hộp,12.0,320000.0,0.0,0.0,0.0,0.0,0.0,0.0,0.0,0.0,0.0,0.0,0.0,0.0,12.0,336000.0,12.0,336000.0,04__SHG__BIN__KMN__200,BINGGRAE Sữa Khoai Môn Hộp 200ml,,Hàng hóa,d4801e51-8bd7-11f1-9b18-005056b2a5de,418cd687-43ef-4756-ba2d-7a746db6a96a,c8220d45-8bd7-11f1-9b18-005056b2a5de,726,097330eb-f92d-4b88-95a8-1a83fd3d8064,
04__SHG__BVI__CAM__110,BA VÌ KAKA Sữa Tiệt Trùng Cam 110ml,Sữa Hộp Giấy,Hộp,10.0,60000.0,0.0,0.0,0.0,0.0,0.0,0.0,0.0,0.0,0.0,0.0,0.0,0.0,38.0,228000.0,38.0,228000.0,04__SHG__BVI__CAM__110,BA VÌ KAKA Sữa Tiệt Trùng Cam 110ml,,Hàng hóa,d4801ee2-8bd7-11f1-9b18-005056b2a5de,bc134c1a-aa43-4a4e-bc81-5677c5ee2ad8,c8220d45-8bd7-11f1-9b18-005056b2a5de,727,097330eb-f92d-4b88-95a8-1a83fd3d8064,
04__SHG__BVI__CAM__170,BA VÌ KAKA Sữa Tiệt Trùng Cam 170ml,Sữa Hộp Giấy,Hộp,40.0,360000.0,0.0,0.0,0.0,0.0,0.0,0.0,0.0,0.0,0.0,0.0,0.0,0.0,10.0,90000.0,10.0,90000.0,04__SHG__BVI__CAM__170,BA VÌ KAKA Sữa Tiệt Trùng Cam 170ml,,Hàng hóa,d4801f76-8bd7-11f1-9b18-005056b2a5de,5f81201d-5e73-4c36-ae81-5458525dd23d,c8220d45-8bd7-11f1-9b18-005056b2a5de,728,097330eb-f92d-4b88-95a8-1a83fd3d8064,
04__SHG__BVI__DAU__110,BA VÌ KAKA Sữa Trái Cây Dâu 110ml,Sữa Hộp Giấy,Hộp,48.0,288000.0,0.0,0.0,0.0,0.0,0.0,0.0,0.0,0.0,0.0,0.0,0.0,0.0,0.0,0.0,0.0,0.0,04__SHG__BVI__DAU__110,BA VÌ KAKA Sữa Trái Cây Dâu 110ml,,Hàng hóa,d480200b-8bd7-11f1-9b18-005056b2a5de,999d39cc-e46d-4de7-a538-027e0a107af1,c8220d45-8bd7-11f1-9b18-005056b2a5de,729,097330eb-f92d-4b88-95a8-1a83fd3d8064,
04__SHG__BVI__DAU__170,BA VÌ KAKA Sữa Trái Cây Dâu 170ml,Sữa Hộp Giấy,Hộp,50.0,450000.0,0.0,0.0,0.0,0.0,0.0,0.0,0.0,0.0,0.0,0.0,0.0,0.0,0.0,0.0,0.0,0.0,04__SHG__BVI__DAU__170,BA VÌ KAKA Sữa Trái Cây Dâu 170ml,,Hàng hóa,d48020a0-8bd7-11f1-9b18-005056b2a5de,eea5bfb3-16ad-4bd1-8156-8131e0373683,c8220d45-8bd7-11f1-9b18-005056b2a5de,730,097330eb-f92d-4b88-95a8-1a83fd3d8064,
04__SHG__BVI__TCY__110,BA VÌ KAKA Sữa Trái Cây Nhiệt Đới Hộp 110ml,Sữa Hộp Giấy,Hộp,8.0,48000.0,0.0,0.0,0.0,0.0,0.0,0.0,0.0,0.0,0.0,0.0,0.0,0.0,0.0,0.0,0.0,0.0,04__SHG__BVI__TCY__110,BA VÌ KAKA Sữa Trái Cây Nhiệt Đới Hộp 110ml,,Hàng hóa,d4802135-8bd7-11f1-9b18-005056b2a5de,ee13a667-af95-4d17-84bd-4005826bfb72,c8220d45-8bd7-11f1-9b18-005056b2a5de,731,097330eb-f92d-4b88-95a8-1a83fd3d8064,
04__SHG__HER__BQY__235,HERSHEY's Soyfresh Vị Bánh Quy Hàn Quốc 235ml,Sữa Hộp Giấy,Hộp,46.0,1656000.0,0.0,0.0,0.0,0.0,0.0,0.0,0.0,0.0,0.0,0.0,0.0,0.0,3.0,108000.0,3.0,108000.0,04__SHG__HER__BQY__235,HERSHEY's Soyfresh Vị Bánh Quy Hàn Quốc 235ml,,Hàng hóa,d48021cb-8bd7-11f1-9b18-005056b2a5de,25b04c64-0c80-4d0b-9453-ef1b32f3cca7,c8220d45-8bd7-11f1-9b18-005056b2a5de,732,097330eb-f92d-4b88-95a8-1a83fd3d8064,
04__SHG__HER__CAC__235,HERSHEY's Soyfresh Sữa Cookies & Creame 235ml,Sữa Hộp Giấy,Hộp,23.0,598000.0,0.0,0.0,0.0,0.0,0.0,0.0,0.0,0.0,0.0,0.0,0.0,0.0,1.0,26000.0,1.0,26000.0,04__SHG__HER__CAC__235,HERSHEY's Soyfresh Sữa Cookies & Creame 235ml,,Hàng hóa,d4802260-8bd7-11f1-9b18-005056b2a5de,04b636d4-9350-4f62-a66d-fcad71a54e24,c8220d45-8bd7-11f1-9b18-005056b2a5de,733,097330eb-f92d-4b88-95a8-1a83fd3d8064,
04__SHG__HER__MOC__236,HERSHEY's Soyfresh Sữa Cà Phê Mocha 236ml,Sữa Hộp Giấy,Hộp,23.0,435000.0,0.0,0.0,0.0,0.0,0.0,0.0,0.0,0.0,0.0,0.0,0.0,0.0,0.0,0.0,0.0,0.0,04__SHG__HER__MOC__236,HERSHEY's Soyfresh Sữa Cà Phê Mocha 236ml,,Hàng hóa,d48022f6-8bd7-11f1-9b18-005056b2a5de,a5084edb-0ae1-4bcf-a6c7-6bd6d29e646c,c8220d45-8bd7-11f1-9b18-005056b2a5de,734,097330eb-f92d-4b88-95a8-1a83fd3d8064,
04__SHG__HER__PRO__235,HERSHEY's Socola Protein Hàn Quốc 235ml,Sữa Hộp Giấy,Hộp,96.0,3485000.0,0.0,0.0,0.0,0.0,0.0,0.0,0.0,0.0,0.0,0.0,0.0,0.0,0.0,0.0,0.0,0.0,04__SHG__HER__PRO__235,HERSHEY's Socola Protein Hàn Quốc 235ml,,Hàng hóa,d480238a-8bd7-11f1-9b18-005056b2a5de,7fdd6ade-2f49-4830-a184-3800674f144e,c8220d45-8bd7-11f1-9b18-005056b2a5de,735,097330eb-f92d-4b88-95a8-1a83fd3d8064,
04__SHG__HER__SOC__235,HERSHEY's Soyfresh Sữa Socola Hàn Quốc 235ml,Sữa Hộp Giấy,Hộp,48.0,1728000.0,0.0,0.0,0.0,0.0,0.0,0.0,0.0,0.0,0.0,0.0,0.0,0.0,0.0,0.0,0.0,0.0,04__SHG__HER__SOC__235,HERSHEY's Soyfresh Sữa Socola Hàn Quốc 235ml,,Hàng hóa,d480241c-8bd7-11f1-9b18-005056b2a5de,61ceec2d-4c11-4b23-92bb-6cc85068fbe3,c8220d45-8bd7-11f1-9b18-005056b2a5de,736,097330eb-f92d-4b88-95a8-1a83fd3d8064,
04__SHG__HER__SOC__236,HERSHEY's Soyfresh Sữa Socola 236ml,Sữa Hộp Giấy,Hộp,48.0,1144000.0,0.0,0.0,0.0,0.0,0.0,0.0,0.0,0.0,0.0,0.0,0.0,0.0,13.0,338000.0,13.0,338000.0,04__SHG__HER__SOC__236,HERSHEY's Soyfresh Sữa Socola 236ml,,Hàng hóa,d48024af-8bd7-11f1-9b18-005056b2a5de,0623216e-664d-4731-b2e6-79326188002c,c8220d45-8bd7-11f1-9b18-005056b2a5de,737,097330eb-f92d-4b88-95a8-1a83fd3d8064,
04__SHG__MLO__HOP__110,MILO Sữa Hộp 110ml,Sữa Hộp Giấy,Hộp,46.0,276000.0,0.0,0.0,0.0,0.0,0.0,0.0,0.0,0.0,0.0,0.0,0.0,0.0,0.0,0.0,0.0,0.0,04__SHG__MLO__HOP__110,MILO Sữa Hộp 110ml,,Hàng hóa,d4802683-8bd7-11f1-9b18-005056b2a5de,605ae8f2-9285-4505-81cf-7dcf38db9269,c8220d45-8bd7-11f1-9b18-005056b2a5de,738,097330eb-f92d-4b88-95a8-1a83fd3d8064,
04__SHG__MLO__HOP__180,MILO Sữa Hộp 180ml,Sữa Hộp Giấy,Hộp,565.0,6194000.0,0.0,0.0,0.0,0.0,0.0,0.0,4.0,48000.0,0.0,0.0,0.0,0.0,73.0,876000.0,73.0,876000.0,04__SHG__MLO__HOP__180,MILO Sữa Hộp 180ml,,Hàng hóa,d48027c5-8bd7-11f1-9b18-005056b2a5de,48d35cd8-09c7-46a8-b89a-ed010580015d,c8220d45-8bd7-11f1-9b18-005056b2a5de,739,097330eb-f92d-4b88-95a8-1a83fd3d8064,
04__SHG__OVA__SOC__180,OVALTINE Sữa Lúa Mạch Socola 180ml,Sữa Hộp Giấy,Hộp,312.0,3226000.0,0.0,0.0,0.0,0.0,0.0,0.0,0.0,0.0,0.0,0.0,0.0,0.0,48.0,576000.0,48.0,576000.0,04__SHG__OVA__SOC__180,OVALTINE Sữa Lúa Mạch Socola 180ml,,Hàng hóa,d480285e-8bd7-11f1-9b18-005056b2a5de,a9bbd257-c3ac-4a72-8097-b399b08cd310,c8220d45-8bd7-11f1-9b18-005056b2a5de,740,097330eb-f92d-4b88-95a8-1a83fd3d8064,
04__SHG__THM__CAM__180,THTruemilk Mistori Cam 180ml,Sữa Hộp Giấy,Hộp,11.0,132000.0,0.0,0.0,0.0,0.0,0.0,0.0,0.0,0.0,0.0,0.0,0.0,0.0,0.0,0.0,0.0,0.0,04__SHG__THM__CAM__180,THTruemilk Mistori Cam 180ml,,Hàng hóa,d48028f3-8bd7-11f1-9b18-005056b2a5de,a0094e11-6acb-4a91-8e9d-e2a15811a63f,c8220d45-8bd7-11f1-9b18-005056b2a5de,741,097330eb-f92d-4b88-95a8-1a83fd3d8064,
04__SHG__THM__CDG__110,THTruemilk Sữa Tươi TT Có Đường 110ml,Sữa Hộp Giấy,Hộp,48.0,336000.0,0.0,0.0,0.0,0.0,0.0,0.0,0.0,0.0,0.0,0.0,0.0,0.0,0.0,0.0,0.0,0.0,04__SHG__THM__CDG__110,THTruemilk Sữa Tươi TT Có Đường 110ml,,Hàng hóa,d4802988-8bd7-11f1-9b18-005056b2a5de,08eb5931-4d54-45d1-9f82-2b7c7d7389a1,c8220d45-8bd7-11f1-9b18-005056b2a5de,742,097330eb-f92d-4b88-95a8-1a83fd3d8064,
04__SHG__THM__CDG__180,TH Truemilk Sữa Tươi TT Có Đường 180ml,Sữa Hộp Giấy,Hộp,92.0,920000.0,0.0,0.0,0.0,0.0,0.0,0.0,0.0,0.0,0.0,0.0,0.0,0.0,0.0,0.0,0.0,0.0,04__SHG__THM__CDG__180,TH Truemilk Sữa Tươi TT Có Đường 180ml,,Hàng hóa,d4802a25-8bd7-11f1-9b18-005056b2a5de,b5e2de17-2881-4455-9562-cd3f59fd4e48,c8220d45-8bd7-11f1-9b18-005056b2a5de,743,097330eb-f92d-4b88-95a8-1a83fd3d8064,
04__SHG__THM__IDG__1000,THTruemilk Sữa Tươi TT Ít Đường 1L,Sữa Hộp Giấy,Hộp,10.0,440000.0,0.0,0.0,0.0,0.0,0.0,0.0,0.0,0.0,0.0,0.0,0.0,0.0,0.0,0.0,0.0,0.0,04__SHG__THM__IDG__1000,THTruemilk Sữa Tươi TT Ít Đường 1L,,Hàng hóa,d4802abe-8bd7-11f1-9b18-005056b2a5de,eae6191b-2d31-4094-8b74-5e4cc0319624,c8220d45-8bd7-11f1-9b18-005056b2a5de,744,097330eb-f92d-4b88-95a8-1a83fd3d8064,
04__SHG__THM__IDG__110,THTruemilk Sữa Tươi TT Ít Đường 110ml,Sữa Hộp Giấy,Hộp,144.0,1008000.0,0.0,0.0,0.0,0.0,0.0,0.0,0.0,0.0,0.0,0.0,0.0,0.0,0.0,0.0,0.0,0.0,04__SHG__THM__IDG__110,THTruemilk Sữa Tươi TT Ít Đường 110ml,,Hàng hóa,d4802b53-8bd7-11f1-9b18-005056b2a5de,9d89ab94-08af-4cd2-a283-447b5b4fdb0c,c8220d45-8bd7-11f1-9b18-005056b2a5de,745,097330eb-f92d-4b88-95a8-1a83fd3d8064,
04__SHG__THM__IDG__180,TH Truemilk Sữa Tươi TT Ít Đường 180ml,Sữa Hộp Giấy,Hộp,438.0,4788000.0,0.0,0.0,0.0,0.0,0.0,0.0,0.0,0.0,0.0,0.0,0.0,0.0,45.0,540000.0,45.0,540000.0,04__SHG__THM__IDG__180,TH Truemilk Sữa Tươi TT Ít Đường 180ml,,Hàng hóa,d4802bec-8bd7-11f1-9b18-005056b2a5de,33cea9f1-8dd5-4886-b3f6-3192bede0c26,c8220d45-8bd7-11f1-9b18-005056b2a5de,746,097330eb-f92d-4b88-95a8-1a83fd3d8064,
04__SHG__THM__NHO__180,THTruemilk Mistori Nho 180ml,Sữa Hộp Giấy,Hộp,12.0,144000.0,0.0,0.0,0.0,0.0,0.0,0.0,0.0,0.0,0.0,0.0,0.0,0.0,0.0,0.0,0.0,0.0,04__SHG__THM__NHO__180,THTruemilk Mistori Nho 180ml,,Hàng hóa,d4802c83-8bd7-11f1-9b18-005056b2a5de,a0aa14c5-4d83-4db9-a643-43255ef1c4be,c8220d45-8bd7-11f1-9b18-005056b2a5de,747,097330eb-f92d-4b88-95a8-1a83fd3d8064,
04__SHG__THM__ORG__1000,THTruemilk Sữa Tươi TT Nguyên Chất 1L,Sữa Hộp Giấy,Hộp,12.0,540000.0,0.0,0.0,0.0,0.0,0.0,0.0,0.0,0.0,0.0,0.0,0.0,0.0,0.0,0.0,0.0,0.0,04__SHG__THM__ORG__1000,THTruemilk Sữa Tươi TT Nguyên Chất 1L,,Hàng hóa,d4802d20-8bd7-11f1-9b18-005056b2a5de,ef76a641-0c9c-43cc-9f37-2cce525ebb25,c8220d45-8bd7-11f1-9b18-005056b2a5de,748,097330eb-f92d-4b88-95a8-1a83fd3d8064,
04__SHG__THM__ORG__180,TH Truemilk Sữa Tươi TT Nguyên Chất 180ml,Sữa Hộp Giấy,Hộp,280.0,3196000.0,0.0,0.0,0.0,0.0,0.0,0.0,0.0,0.0,0.0,0.0,0.0,0.0,0.0,0.0,0.0,0.0,04__SHG__THM__ORG__180,TH Truemilk Sữa Tươi TT Nguyên Chất 180ml,,Hàng hóa,d4802db8-8bd7-11f1-9b18-005056b2a5de,0efaa2c6-cbed-4ae7-8d57-1914b04334e3,c8220d45-8bd7-11f1-9b18-005056b2a5de,749,097330eb-f92d-4b88-95a8-1a83fd3d8064,
04__SHG__THM__VAN__180,THTruemilk Topkid Sữa Tươi TT Vani Organic 180ml,Sữa Hộp Giấy,Hộp,45.0,630000.0,0.0,0.0,0.0,0.0,0.0,0.0,0.0,0.0,0.0,0.0,0.0,0.0,1.0,14000.0,1.0,14000.0,04__SHG__THM__VAN__180,THTruemilk Topkid Sữa Tươi TT Vani Organic 180ml,,Hàng hóa,d4802e4d-8bd7-11f1-9b18-005056b2a5de,d8700e6b-6336-46e7-849f-20ee2cd16005,c8220d45-8bd7-11f1-9b18-005056b2a5de,750,097330eb-f92d-4b88-95a8-1a83fd3d8064,
04__SHG__VNM__CDG__180,VINAMILK Sữa Tươi TT Có Đường 180ml,Sữa Hộp Giấy,Hộp,40.0,400000.0,0.0,0.0,0.0,0.0,0.0,0.0,0.0,0.0,0.0,0.0,0.0,0.0,0.0,0.0,0.0,0.0,04__SHG__VNM__CDG__180,VINAMILK Sữa Tươi TT Có Đường 180ml,,Hàng hóa,d4802ee2-8bd7-11f1-9b18-005056b2a5de,7f21a100-3c59-4f88-a4f0-b80daaec37dc,c8220d45-8bd7-11f1-9b18-005056b2a5de,751,097330eb-f92d-4b88-95a8-1a83fd3d8064,
04__SHG__VNM__CHU__180,VINAMILK Sữa Tươi TT Giảm Béo Chuối 180ml,Sữa Hộp Giấy,Hộp,48.0,480000.0,0.0,0.0,0.0,0.0,0.0,0.0,0.0,0.0,0.0,0.0,0.0,0.0,0.0,0.0,0.0,0.0,04__SHG__VNM__CHU__180,VINAMILK Sữa Tươi TT Giảm Béo Chuối 180ml,,Hàng hóa,d4802f7b-8bd7-11f1-9b18-005056b2a5de,c1d0767e-a44b-4878-9633-a697302c09e2,c8220d45-8bd7-11f1-9b18-005056b2a5de,752,097330eb-f92d-4b88-95a8-1a83fd3d8064,
04__SHG__VNM__DAU__180,VINAMILK Sữa Tươi TT Hương Dâu 180ml,Sữa Hộp Giấy,Hộp,43.0,430000.0,0.0,0.0,0.0,0.0,0.0,0.0,0.0,0.0,0.0,0.0,0.0,0.0,0.0,0.0,0.0,0.0,04__SHG__VNM__DAU__180,VINAMILK Sữa Tươi TT Hương Dâu 180ml,,Hàng hóa,d4803020-8bd7-11f1-9b18-005056b2a5de,4586b07d-111e-4374-873a-3e4674e2beb0,c8220d45-8bd7-11f1-9b18-005056b2a5de,753,097330eb-f92d-4b88-95a8-1a83fd3d8064,
04__SHG__VNM__IDG__110,VINAMILK Sữa Tươi TT Ít Đường 110ml,Sữa Hộp Giấy,Hộp,29.0,145000.0,0.0,0.0,0.0,0.0,0.0,0.0,0.0,0.0,0.0,0.0,0.0,0.0,0.0,0.0,0.0,0.0,04__SHG__VNM__IDG__110,VINAMILK Sữa Tươi TT Ít Đường 110ml,,Hàng hóa,d48030b6-8bd7-11f1-9b18-005056b2a5de,b344c4a9-477d-400f-8c36-bd04ef94fcc7,c8220d45-8bd7-11f1-9b18-005056b2a5de,754,097330eb-f92d-4b88-95a8-1a83fd3d8064,
04__SHG__VNM__IDG__180,VINAMILK Sữa Tươi TT Ít Đường 180ml,Sữa Hộp Giấy,Hộp,99.0,990000.0,0.0,0.0,0.0,0.0,0.0,0.0,0.0,0.0,0.0,0.0,0.0,0.0,48.0,480000.0,48.0,480000.0,04__SHG__VNM__IDG__180,VINAMILK Sữa Tươi TT Ít Đường 180ml,,Hàng hóa,d480314b-8bd7-11f1-9b18-005056b2a5de,f4f852fc-bad9-4c50-9a11-fc30dd6a30fa,c8220d45-8bd7-11f1-9b18-005056b2a5de,755,097330eb-f92d-4b88-95a8-1a83fd3d8064,
04__SHG__VNM__ODG__180,VINAMILK Sữa Tươi TT Không Đường 180ml,Sữa Hộp Giấy,Hộp,64.0,640000.0,0.0,0.0,0.0,0.0,0.0,0.0,0.0,0.0,0.0,0.0,0.0,0.0,0.0,0.0,0.0,0.0,04__SHG__VNM__ODG__180,VINAMILK Sữa Tươi TT Không Đường 180ml,,Hàng hóa,d48031df-8bd7-11f1-9b18-005056b2a5de,3c907e40-f116-4c48-872a-2caa9c8a3345,c8220d45-8bd7-11f1-9b18-005056b2a5de,756,097330eb-f92d-4b88-95a8-1a83fd3d8064,
04__SHG__VNM__SOC__180,VINAMILK Sữa Tươi TT Socola 180ml,Sữa Hộp Giấy,Hộp,44.0,440000.0,0.0,0.0,0.0,0.0,0.0,0.0,0.0,0.0,0.0,0.0,0.0,0.0,0.0,0.0,0.0,0.0,04__SHG__VNM__SOC__180,VINAMILK Sữa Tươi TT Socola 180ml,,Hàng hóa,d4803272-8bd7-11f1-9b18-005056b2a5de,2d00194d-0766-4ab9-a9e2-cd5dc8ab08a3,c8220d45-8bd7-11f1-9b18-005056b2a5de,757,097330eb-f92d-4b88-95a8-1a83fd3d8064,
04__SUO__BEN__CAM__300,BETAGEN Sữa Chua Uống Hương Cam 300ml,Sữa Chua Uống,Chai,391.0,10309000.0,0.0,0.0,0.0,0.0,0.0,0.0,2.0,56000.0,0.0,0.0,0.0,0.0,19.0,532000.0,19.0,532000.0,04__SUO__BEN__CAM__300,BETAGEN Sữa Chua Uống Hương Cam 300ml,,Hàng hóa,d4803308-8bd7-11f1-9b18-005056b2a5de,1fe8d91a-1f42-47f8-8828-2d17299c49d2,c8220d45-8bd7-11f1-9b18-005056b2a5de,758,097330eb-f92d-4b88-95a8-1a83fd3d8065,
04__SUO__BEN__DAU__300,BETAGEN Sữa Chua Uống Hương Dâu 300ml,Sữa Chua Uống,Chai,336.0,8817000.0,0.0,0.0,0.0,0.0,0.0,0.0,0.0,0.0,0.0,0.0,0.0,0.0,24.0,672000.0,24.0,672000.0,04__SUO__BEN__DAU__300,BETAGEN Sữa Chua Uống Hương Dâu 300ml,,Hàng hóa,d480339d-8bd7-11f1-9b18-005056b2a5de,1c33c6e2-cf52-4b21-9138-f77f86eca992,c8220d45-8bd7-11f1-9b18-005056b2a5de,759,097330eb-f92d-4b88-95a8-1a83fd3d8065,
04__SUO__BEN__DUA__300,BETAGEN Sữa Chua Uống Hương Dứa 300ml,Sữa Chua Uống,Chai,291.0,7716000.0,0.0,0.0,0.0,0.0,0.0,0.0,0.0,0.0,0.0,0.0,0.0,0.0,21.0,588000.0,21.0,588000.0,04__SUO__BEN__DUA__300,BETAGEN Sữa Chua Uống Hương Dứa 300ml,,Hàng hóa,d4803432-8bd7-11f1-9b18-005056b2a5de,26c60b00-78bd-4ecc-b2f1-94e14b3970ce,c8220d45-8bd7-11f1-9b18-005056b2a5de,760,097330eb-f92d-4b88-95a8-1a83fd3d8065,
04__SUO__BEN__IDG__300,BETAGEN Sữa Chua Uống Ít Đường 300ml,Sữa Chua Uống,Chai,444.0,11696000.0,0.0,0.0,0.0,0.0,0.0,0.0,1.0,28000.0,0.0,0.0,0.0,0.0,19.0,532000.0,19.0,532000.0,04__SUO__BEN__IDG__300,BETAGEN Sữa Chua Uống Ít Đường 300ml,,Hàng hóa,d48034c5-8bd7-11f1-9b18-005056b2a5de,349ee124-26bd-4e49-bd97-cdd3a59266ec,c8220d45-8bd7-11f1-9b18-005056b2a5de,761,097330eb-f92d-4b88-95a8-1a83fd3d8065,
04__SUO__THY__CAM__110,TH True Yogurt Topkid Sữa Chua Uống Cam 110ml,Sữa Chua Uống,Hộp,56.0,336000.0,0.0,0.0,0.0,0.0,0.0,0.0,0.0,0.0,0.0,0.0,0.0,0.0,0.0,0.0,0.0,0.0,04__SUO__THY__CAM__110,TH True Yogurt Topkid Sữa Chua Uống Cam 110ml,,Hàng hóa,d480355c-8bd7-11f1-9b18-005056b2a5de,347e9eb0-f319-4bc7-b28e-e67ff6391d57,c8220d45-8bd7-11f1-9b18-005056b2a5de,762,097330eb-f92d-4b88-95a8-1a83fd3d8064,
04__SUO__THY__DAU__110,TH True Yogurt Topkid Sữa Chua Uống Dâu 110ml,Sữa Chua Uống,Hộp,44.0,264000.0,0.0,0.0,0.0,0.0,0.0,0.0,0.0,0.0,0.0,0.0,0.0,0.0,0.0,0.0,0.0,0.0,04__SUO__THY__DAU__110,TH True Yogurt Topkid Sữa Chua Uống Dâu 110ml,,Hàng hóa,d48035ef-8bd7-11f1-9b18-005056b2a5de,3cfec9e6-18f4-430d-97a8-f75859f4d89b,c8220d45-8bd7-11f1-9b18-005056b2a5de,763,097330eb-f92d-4b88-95a8-1a83fd3d8064,
04__SUO__VNM__DGG__65,VINAMILK Sữa Chua Uống Probi Hương Dưa Gang Lốc 5 Chai 65ml,Sữa Chua Uống,Chai,4.0,108000.0,0.0,0.0,0.0,0.0,0.0,0.0,0.0,0.0,0.0,0.0,0.0,0.0,0.0,0.0,0.0,0.0,04__SUO__VNM__DGG__65,VINAMILK Sữa Chua Uống Probi Hương Dưa Gang Lốc 5 Chai 65ml,,Hàng hóa,d4803684-8bd7-11f1-9b18-005056b2a5de,56a753d6-c639-459e-bf65-4f2c1280c030,c8220d45-8bd7-11f1-9b18-005056b2a5de,764,097330eb-f92d-4b88-95a8-1a83fd3d8065,
04__SUO__VNM__TTG__65,VINAMILK Sữa Chua Uống Probi Vị Truyền Thống Lốc 5 Chai 65ml,Sữa Chua Uống,Chai,8.0,216000.0,0.0,0.0,0.0,0.0,0.0,0.0,0.0,0.0,0.0,0.0,0.0,0.0,0.0,0.0,0.0,0.0,04__SUO__VNM__TTG__65,VINAMILK Sữa Chua Uống Probi Vị Truyền Thống Lốc 5 Chai 65ml,,Hàng hóa,d4803718-8bd7-11f1-9b18-005056b2a5de,36ebeb97-1bb1-4202-86cd-ca30acf367c7,c8220d45-8bd7-11f1-9b18-005056b2a5de,765,097330eb-f92d-4b88-95a8-1a83fd3d8065,
05__GBG__MEI__BIC__150,MEIZAN Bột Chiên Giòn 150g,Gia Vị Nhà Bếp,Bịch,15.0,165000.0,0.0,0.0,0.0,0.0,0.0,0.0,0.0,0.0,0.0,0.0,0.0,0.0,3.0,33000.0,3.0,33000.0,05__GBG__MEI__BIC__150,MEIZAN Bột Chiên Giòn 150g,,Hàng hóa,d48037b0-8bd7-11f1-9b18-005056b2a5de,115346a1-21f9-4b37-be17-22dfe854c3ad,c8220d45-8bd7-11f1-9b18-005056b2a5de,766,097330eb-f92d-4b88-95a8-1a83fd3d8011,
05__GBM__MEI__BIC__500,MEIZAN Bột Mì Đa Dụng Cao Cấp 500g,Gia Vị Nhà Bếp,Bịch,3.0,39000.0,0.0,0.0,0.0,0.0,0.0,0.0,0.0,0.0,0.0,0.0,0.0,0.0,16.0,208000.0,16.0,208000.0,05__GBM__MEI__BIC__500,MEIZAN Bột Mì Đa Dụng Cao Cấp 500g,,Hàng hóa,d48038d3-8bd7-11f1-9b18-005056b2a5de,6b2b8a59-1f61-405f-b040-89f594b0ccb3,c8220d45-8bd7-11f1-9b18-005056b2a5de,767,097330eb-f92d-4b88-95a8-1a83fd3d8011,
05__GBP__MEI__BIC__150,MEIZAN Bột Bắp 150g,Gia Vị Nhà Bếp,Bịch,6.0,60000.0,0.0,0.0,0.0,0.0,0.0,0.0,0.0,0.0,0.0,0.0,0.0,0.0,0.0,0.0,0.0,0.0,05__GBP__MEI__BIC__150,MEIZAN Bột Bắp 150g,,Hàng hóa,d4803976-8bd7-11f1-9b18-005056b2a5de,db21a570-12eb-4622-9676-259d159ce885,c8220d45-8bd7-11f1-9b18-005056b2a5de,768,097330eb-f92d-4b88-95a8-1a83fd3d8011,
05__GBP__OTO__BIH__100,BOT PHO MAI OTOKI 100g,Gia Vị Nhà Bếp,Bịch,0.0,0.0,0.0,0.0,0.0,0.0,0.0,0.0,0.0,0.0,0.0,0.0,0.0,0.0,0.0,0.0,0.0,0.0,05__GBP__OTO__BIH__100,BOT PHO MAI OTOKI 100g,,Hàng hóa,d4803a0a-8bd7-11f1-9b18-005056b2a5de,37ffab85-3cc6-4d7d-bfdb-1554f64a6f29,c8220d45-8bd7-11f1-9b18-005056b2a5de,769,097330eb-f92d-4b88-95a8-1a83fd3d8011,
05__GBV__TAN__MGR__80,TƯỜNG AN Bơ Thực Vật Margarine Vị Nguyên Bản 80g,Gia Vị Nhà Bếp,Hũ,14.0,140000.0,0.0,0.0,0.0,0.0,0.0,0.0,1.0,10000.0,0.0,0.0,0.0,0.0,3.0,30000.0,3.0,30000.0,05__GBV__TAN__MGR__80,TƯỜNG AN Bơ Thực Vật Margarine Vị Nguyên Bản 80g,,Hàng hóa,d4803a9c-8bd7-11f1-9b18-005056b2a5de,7c95d3cc-9703-47f1-8d47-2909ad1bf80b,c8220d45-8bd7-11f1-9b18-005056b2a5de,770,315cd7c9-f951-4e88-888d-9acc60b4a4fc,
05__GBX__MEI__BIC__400,MEIZAN Bột Bánh Xèo 400g,Gia Vị Nhà Bếp,Bịch,7.0,161000.0,0.0,0.0,0.0,0.0,0.0,0.0,0.0,0.0,0.0,0.0,0.0,0.0,3.0,69000.0,3.0,69000.0,05__GBX__MEI__BIC__400,MEIZAN Bột Bánh Xèo 400g,,Hàng hóa,d4803b31-8bd7-11f1-9b18-005056b2a5de,a7bd2f7e-aaa8-45e6-bc94-1899e4e18e21,c8220d45-8bd7-11f1-9b18-005056b2a5de,771,097330eb-f92d-4b88-95a8-1a83fd3d8011,
05__GDA__KID__VIR__250,KIDO Dầu Ăn Olive Oil Extra Virgin 250ml,Gia Vị Nhà Bếp,Chai,0.0,0.0,0.0,0.0,0.0,0.0,0.0,0.0,0.0,0.0,0.0,0.0,0.0,0.0,12.0,1368000.0,12.0,1368000.0,05__GDA__KID__VIR__250,KIDO Dầu Ăn Olive Oil Extra Virgin 250ml,,Hàng hóa,d4803bc4-8bd7-11f1-9b18-005056b2a5de,7460357d-6e52-4179-91fb-2562120741ea,c8220d45-8bd7-11f1-9b18-005056b2a5de,772,097330eb-f92d-4b88-95a8-1a83fd3d8065,
05__GDA__MEI__MET__100,MEIZAN Dầu Mè Thơm 100ml,Gia Vị Nhà Bếp,Chai,0.0,0.0,0.0,0.0,0.0,0.0,0.0,0.0,0.0,0.0,0.0,0.0,0.0,0.0,28.0,1008000.0,28.0,1008000.0,05__GDA__MEI__MET__100,MEIZAN Dầu Mè Thơm 100ml,,Hàng hóa,d4803c56-8bd7-11f1-9b18-005056b2a5de,176ca205-3624-41ed-8c79-92f6a82595c4,c8220d45-8bd7-11f1-9b18-005056b2a5de,773,097330eb-f92d-4b88-95a8-1a83fd3d8065,
05__GDA__MEI__VAG__1000,MEIZAN GOLD Dầu Ăn Cao Cấp 1L,Gia Vị Nhà Bếp,Chai,4.0,268000.0,0.0,0.0,0.0,0.0,0.0,0.0,0.0,0.0,0.0,0.0,0.0,0.0,16.0,1072000.0,16.0,1072000.0,05__GDA__MEI__VAG__1000,MEIZAN GOLD Dầu Ăn Cao Cấp 1L,,Hàng hóa,d4803ced-8bd7-11f1-9b18-005056b2a5de,6f525fb5-4aaf-431a-825d-24f7095b3b13,c8220d45-8bd7-11f1-9b18-005056b2a5de,774,097330eb-f92d-4b88-95a8-1a83fd3d8065,
05__GDA__OLI__LIU__250,OLIVOILA Dầu Oliu Extra Virgin 250ml,Gia Vị Nhà Bếp,Chai,3.0,384000.0,0.0,0.0,0.0,0.0,0.0,0.0,0.0,0.0,0.0,0.0,0.0,0.0,7.0,896000.0,7.0,896000.0,05__GDA__OLI__LIU__250,OLIVOILA Dầu Oliu Extra Virgin 250ml,,Hàng hóa,d4803d7e-8bd7-11f1-9b18-005056b2a5de,63fe9ce5-db90-43bd-abd3-61c3ba63a61d,c8220d45-8bd7-11f1-9b18-005056b2a5de,775,097330eb-f92d-4b88-95a8-1a83fd3d8065,
05__GDA__SIM__DNH__1000,SIMPLY Dầu Đậu Nành 1L,Gia Vị Nhà Bếp,Chai,6.0,474000.0,0.0,0.0,0.0,0.0,0.0,0.0,0.0,0.0,0.0,0.0,0.0,0.0,24.0,1896000.0,24.0,1896000.0,05__GDA__SIM__DNH__1000,SIMPLY Dầu Đậu Nành 1L,,Hàng hóa,d4803e10-8bd7-11f1-9b18-005056b2a5de,7c0a75ea-a9bb-4fc2-970b-37a195a64c8c,c8220d45-8bd7-11f1-9b18-005056b2a5de,776,097330eb-f92d-4b88-95a8-1a83fd3d8065,
05__GDA__TAN__DAU__1000,TƯỜNG AN Dầu Đậu Nành 1L,Gia Vị Nhà Bếp,Chai,4.0,240000.0,0.0,0.0,0.0,0.0,0.0,0.0,0.0,0.0,0.0,0.0,0.0,0.0,7.0,420000.0,7.0,420000.0,05__GDA__TAN__DAU__1000,TƯỜNG AN Dầu Đậu Nành 1L,,Hàng hóa,d4803ea1-8bd7-11f1-9b18-005056b2a5de,d903cb5a-8b2e-450b-88f4-2730058931c0,c8220d45-8bd7-11f1-9b18-005056b2a5de,777,097330eb-f92d-4b88-95a8-1a83fd3d8065,
05__GDA__TAN__DAU__400,TƯỜNG AN Dầu Đậu Nành 400ml,Gia Vị Nhà Bếp,Chai,6.0,210000.0,0.0,0.0,0.0,0.0,0.0,0.0,0.0,0.0,0.0,0.0,0.0,0.0,18.0,630000.0,18.0,630000.0,05__GDA__TAN__DAU__400,TƯỜNG AN Dầu Đậu Nành 400ml,,Hàng hóa,d4803f32-8bd7-11f1-9b18-005056b2a5de,9e5856a0-bb09-42b9-b6b1-24d3c8183e2e,c8220d45-8bd7-11f1-9b18-005056b2a5de,778,097330eb-f92d-4b88-95a8-1a83fd3d8065,
05__GDG__CLM__TRN__270,CHOLIMEX Dầu Dấm Trộn Salad 270g,Gia Vị Nhà Bếp,Chai,3.0,72000.0,0.0,0.0,0.0,0.0,0.0,0.0,0.0,0.0,0.0,0.0,0.0,0.0,9.0,216000.0,9.0,216000.0,05__GDG__CLM__TRN__270,CHOLIMEX Dầu Dấm Trộn Salad 270g,,Hàng hóa,d4803fc7-8bd7-11f1-9b18-005056b2a5de,430c656c-09df-4b2b-b029-87625766f3e2,c8220d45-8bd7-11f1-9b18-005056b2a5de,779,097330eb-f92d-4b88-95a8-1a83fd3d8065,
05__GDH__CSU__SOD__150,CHINSU Dầu Hào Sò Điệp 150g,Gia Vị Nhà Bếp,Chai,3.0,45000.0,0.0,0.0,0.0,0.0,0.0,0.0,0.0,0.0,0.0,0.0,0.0,0.0,8.0,120000.0,8.0,120000.0,05__GDH__CSU__SOD__150,CHINSU Dầu Hào Sò Điệp 150g,,Hàng hóa,d480405c-8bd7-11f1-9b18-005056b2a5de,e3097e83-e20b-418a-9488-80e509d33ffd,c8220d45-8bd7-11f1-9b18-005056b2a5de,780,097330eb-f92d-4b88-95a8-1a83fd3d8065,
05__GDH__MAG__BNU__350,MAGGI Dầu Hào Bào Ngư 350g,Gia Vị Nhà Bếp,Chai,2.0,64000.0,0.0,0.0,0.0,0.0,0.0,0.0,0.0,0.0,0.0,0.0,0.0,0.0,8.0,256000.0,8.0,256000.0,05__GDH__MAG__BNU__350,MAGGI Dầu Hào Bào Ngư 350g,,Hàng hóa,d48040eb-8bd7-11f1-9b18-005056b2a5de,9a356bc0-1ebb-4dc7-9134-49145201b276,c8220d45-8bd7-11f1-9b18-005056b2a5de,781,097330eb-f92d-4b88-95a8-1a83fd3d8065,
05__GDH__MAG__NAM__350,MAGGI Dầu Hào Nấm Hương 350g,Gia Vị Nhà Bếp,Chai,2.0,70000.0,0.0,0.0,0.0,0.0,0.0,0.0,0.0,0.0,0.0,0.0,0.0,0.0,9.0,315000.0,9.0,315000.0,05__GDH__MAG__NAM__350,MAGGI Dầu Hào Nấm Hương 350g,,Hàng hóa,d480417c-8bd7-11f1-9b18-005056b2a5de,ae584d3a-88c0-4567-a40e-2567949df003,c8220d45-8bd7-11f1-9b18-005056b2a5de,782,097330eb-f92d-4b88-95a8-1a83fd3d8065,
05__GHN__CSU__NTH__400,CHINSU Hạt Nêm Ngọt Thanh 400g,Gia Vị Nhà Bếp,Bịch,3.0,114000.0,0.0,0.0,0.0,0.0,0.0,0.0,0.0,0.0,0.0,0.0,0.0,0.0,2.0,76000.0,2.0,76000.0,05__GHN__CSU__NTH__400,CHINSU Hạt Nêm Ngọt Thanh 400g,,Hàng hóa,d480420d-8bd7-11f1-9b18-005056b2a5de,a10c5832-f549-403e-9f89-0c08a33634eb,c8220d45-8bd7-11f1-9b18-005056b2a5de,783,097330eb-f92d-4b88-95a8-1a83fd3d8011,
05__GHN__CSU__RAU__400,CHINSU Hạt Nêm Ngọt Thanh Rau Củ & Nấm 400g,Gia Vị Nhà Bếp,Bịch,3.0,60000.0,0.0,0.0,0.0,0.0,0.0,0.0,0.0,0.0,0.0,0.0,0.0,0.0,0.0,0.0,0.0,0.0,05__GHN__CSU__RAU__400,CHINSU Hạt Nêm Ngọt Thanh Rau Củ & Nấm 400g,,Hàng hóa,d48042b0-8bd7-11f1-9b18-005056b2a5de,bf953b17-ca7d-4db0-8515-53cc027e31f6,c8220d45-8bd7-11f1-9b18-005056b2a5de,784,097330eb-f92d-4b88-95a8-1a83fd3d8011,
05__GHN__KNO__ONG__170,KNOR Hạt Nêm Thịt Thăn Xương Ống Và Tủy 170g,Gia Vị Nhà Bếp,Bịch,4.0,80000.0,0.0,0.0,0.0,0.0,0.0,0.0,0.0,0.0,0.0,0.0,0.0,0.0,13.0,260000.0,13.0,260000.0,05__GHN__KNO__ONG__170,KNOR Hạt Nêm Thịt Thăn Xương Ống Và Tủy 170g,,Hàng hóa,d4804346-8bd7-11f1-9b18-005056b2a5de,4f13a1b7-e537-4340-9471-61532d08fa88,c8220d45-8bd7-11f1-9b18-005056b2a5de,785,097330eb-f92d-4b88-95a8-1a83fd3d8011,
05__GHN__KNO__ORG__170,KNOR Hạt Nêm Nấm Hương Organic 170g,Gia Vị Nhà Bếp,Bịch,1.0,22000.0,0.0,0.0,0.0,0.0,0.0,0.0,0.0,0.0,0.0,0.0,0.0,0.0,9.0,198000.0,9.0,198000.0,05__GHN__KNO__ORG__170,KNOR Hạt Nêm Nấm Hương Organic 170g,,Hàng hóa,d48043dd-8bd7-11f1-9b18-005056b2a5de,ace63551-dbd8-448f-b642-3154c972bcd2,c8220d45-8bd7-11f1-9b18-005056b2a5de,786,097330eb-f92d-4b88-95a8-1a83fd3d8011,
05__GHN__MAG__NAM__200,MAGGI Hạt Nêm Nấm Hương 200g,Gia Vị Nhà Bếp,Bịch,1.0,29000.0,0.0,0.0,0.0,0.0,0.0,0.0,0.0,0.0,0.0,0.0,0.0,0.0,7.0,203000.0,7.0,203000.0,05__GHN__MAG__NAM__200,MAGGI Hạt Nêm Nấm Hương 200g,,Hàng hóa,d48044ab-8bd7-11f1-9b18-005056b2a5de,648c0739-ae07-4aee-9a32-91ccbc858007,c8220d45-8bd7-11f1-9b18-005056b2a5de,787,097330eb-f92d-4b88-95a8-1a83fd3d8011,
05__GMN__CSU__CHI__250,CHINSU Xốt Mayonnaise Nguyên Bản 250g,Gia Vị Nhà Bếp,Chai,5.0,198000.0,0.0,0.0,0.0,0.0,0.0,0.0,0.0,0.0,0.0,0.0,0.0,0.0,1.0,40000.0,1.0,40000.0,05__GMN__CSU__CHI__250,CHINSU Xốt Mayonnaise Nguyên Bản 250g,,Hàng hóa,d4804545-8bd7-11f1-9b18-005056b2a5de,c1fe978b-afff-4631-9c58-da508cd14997,c8220d45-8bd7-11f1-9b18-005056b2a5de,788,097330eb-f92d-4b88-95a8-1a83fd3d8065,
05__GMO__CSU__DOO__200,CHINSU Xốt MuốI Ớt Đỏ 200g,Gia Vị Nhà Bếp,Chai,4.0,92000.0,0.0,0.0,0.0,0.0,0.0,0.0,0.0,0.0,0.0,0.0,0.0,0.0,0.0,0.0,0.0,0.0,05__GMO__CSU__DOO__200,CHINSU Xốt MuốI Ớt Đỏ 200g,,Hàng hóa,d48045d9-8bd7-11f1-9b18-005056b2a5de,ab4bd46b-0283-4d22-9f52-6928659c97b6,c8220d45-8bd7-11f1-9b18-005056b2a5de,789,097330eb-f92d-4b88-95a8-1a83fd3d8065,
05__GMO__CSU__XAH__200,CHINSU Xốt Muối Ớt Xanh 200g,Gia Vị Nhà Bếp,Chai,5.0,115000.0,0.0,0.0,0.0,0.0,0.0,0.0,0.0,0.0,0.0,0.0,0.0,0.0,0.0,0.0,0.0,0.0,05__GMO__CSU__XAH__200,CHINSU Xốt Muối Ớt Xanh 200g,,Hàng hóa,d480466c-8bd7-11f1-9b18-005056b2a5de,ab285342-6ce8-4423-a729-0d5192588e13,c8220d45-8bd7-11f1-9b18-005056b2a5de,790,097330eb-f92d-4b88-95a8-1a83fd3d8065,
05__GMO__DHF__CHH__200,DH FOOD Muối Ớt Chanh Hũ 100g,Gia Vị Nhà Bếp,Chai,11.0,165000.0,0.0,0.0,0.0,0.0,0.0,0.0,0.0,0.0,0.0,0.0,0.0,0.0,0.0,0.0,0.0,0.0,05__GMO__DHF__CHH__200,DH FOOD Muối Ớt Chanh Hũ 100g,,Hàng hóa,d4804701-8bd7-11f1-9b18-005056b2a5de,47c14a59-dc8c-4e38-81f8-5011c175eb07,c8220d45-8bd7-11f1-9b18-005056b2a5de,791,097330eb-f92d-4b88-95a8-1a83fd3d8065,
05__GMT__DHF__TNH__60,DH FOOD Muối Tôm Tây Ninh Hũ 60g,Gia Vị Nhà Bếp,Chai,11.0,165000.0,0.0,0.0,0.0,0.0,0.0,0.0,0.0,0.0,0.0,0.0,0.0,0.0,1.0,15000.0,1.0,15000.0,05__GMT__DHF__TNH__60,DH FOOD Muối Tôm Tây Ninh Hũ 60g,,Hàng hóa,d4804796-8bd7-11f1-9b18-005056b2a5de,60057ca3-ab0c-4bda-b1ee-7998389e0ca7,c8220d45-8bd7-11f1-9b18-005056b2a5de,792,097330eb-f92d-4b88-95a8-1a83fd3d8065,
05__GNA__MEI__DDU__400,MEIZAN Bột Năng Đa Dụng Cao Cấp 400g,Gia Vị Nhà Bếp,Chai,1.0,18000.0,0.0,0.0,0.0,0.0,0.0,0.0,0.0,0.0,0.0,0.0,0.0,0.0,11.0,198000.0,11.0,198000.0,05__GNA__MEI__DDU__400,MEIZAN Bột Năng Đa Dụng Cao Cấp 400g,,Hàng hóa,d4804828-8bd7-11f1-9b18-005056b2a5de,8504bc7e-5076-4e51-a6ce-133c0b526488,c8220d45-8bd7-11f1-9b18-005056b2a5de,793,097330eb-f92d-4b88-95a8-1a83fd3d8065,
05__GND__WON__LON__160,WONDERFARM Nước Cốt Dừa Lon 160ml,Gia Vị Nhà Bếp,Lon,6.0,120000.0,0.0,0.0,0.0,0.0,0.0,0.0,0.0,0.0,0.0,0.0,0.0,0.0,0.0,0.0,0.0,0.0,05__GND__WON__LON__160,WONDERFARM Nước Cốt Dừa Lon 160ml,,Hàng hóa,d48048ba-8bd7-11f1-9b18-005056b2a5de,1abab8a7-233f-4e07-80be-27ff62ded303,c8220d45-8bd7-11f1-9b18-005056b2a5de,794,675a42b3-8acd-451e-b184-edaeaebec5b7,
05__GNM__CLM__CHY__245,CHOLIMEX Nước Mắm Chay 245ml,Gia Vị Nhà Bếp,Chai,1.0,27000.0,0.0,0.0,0.0,0.0,0.0,0.0,0.0,0.0,0.0,0.0,0.0,0.0,11.0,297000.0,11.0,297000.0,05__GNM__CLM__CHY__245,CHOLIMEX Nước Mắm Chay 245ml,,Hàng hóa,d4804952-8bd7-11f1-9b18-005056b2a5de,f6b606ae-8bf4-4b61-88c1-5c6a18665a14,c8220d45-8bd7-11f1-9b18-005056b2a5de,795,097330eb-f92d-4b88-95a8-1a83fd3d8065,
05__GNM__CSU__CCM__720,CHINSU Nước Mắm Cá Cơm Biển Đông 720ml,Gia Vị Nhà Bếp,Chai,4.0,256000.0,0.0,0.0,0.0,0.0,0.0,0.0,0.0,0.0,0.0,0.0,0.0,0.0,8.0,512000.0,8.0,512000.0,05__GNM__CSU__CCM__720,CHINSU Nước Mắm Cá Cơm Biển Đông 720ml,,Hàng hóa,d4804a72-8bd7-11f1-9b18-005056b2a5de,13ded023-696c-4be2-b4da-2feb868352fa,c8220d45-8bd7-11f1-9b18-005056b2a5de,796,097330eb-f92d-4b88-95a8-1a83fd3d8065,
05__GNM__CSU__CHI__500,CHINSU Nước Mắm Nam Ngư Chai 500ml,Gia Vị Nhà Bếp,Chai,13.0,520000.0,0.0,0.0,0.0,0.0,0.0,0.0,0.0,0.0,0.0,0.0,0.0,0.0,0.0,0.0,0.0,0.0,05__GNM__CSU__CHI__500,CHINSU Nước Mắm Nam Ngư Chai 500ml,,Hàng hóa,d4804b07-8bd7-11f1-9b18-005056b2a5de,f02786aa-0d53-45b4-a470-ba659a25436a,c8220d45-8bd7-11f1-9b18-005056b2a5de,797,097330eb-f92d-4b88-95a8-1a83fd3d8065,
05__GST__CLM__TOM__90,CHOLIMEX Sa Tế Tôm 90g,Gia Vị Nhà Bếp,Chai,6.0,72000.0,0.0,0.0,0.0,0.0,0.0,0.0,0.0,0.0,0.0,0.0,0.0,0.0,20.0,240000.0,20.0,240000.0,05__GST__CLM__TOM__90,CHOLIMEX Sa Tế Tôm 90g,,Hàng hóa,d4804b99-8bd7-11f1-9b18-005056b2a5de,a4351ebc-1505-4739-b003-1314432ad64c,c8220d45-8bd7-11f1-9b18-005056b2a5de,798,097330eb-f92d-4b88-95a8-1a83fd3d8065,
05__GST__CSU__TOS__90,CHINSU Sa Tế Tôm Ớt Sả Tươi Chai 90g,Gia Vị Nhà Bếp,Chai,9.0,99000.0,0.0,0.0,0.0,0.0,0.0,0.0,0.0,0.0,0.0,0.0,0.0,0.0,15.0,165000.0,15.0,165000.0,05__GST__CSU__TOS__90,CHINSU Sa Tế Tôm Ớt Sả Tươi Chai 90g,,Hàng hóa,d4804d56-8bd7-11f1-9b18-005056b2a5de,3860103f-922c-4c3c-a688-70a884a73b4e,c8220d45-8bd7-11f1-9b18-005056b2a5de,799,097330eb-f92d-4b88-95a8-1a83fd3d8065,
05__GTC__CLM__CHI__270,CHOLIMEX Tương Cà Chai 270g,Gia Vị Nhà Bếp,Chai,9.0,143000.0,0.0,0.0,0.0,0.0,0.0,0.0,0.0,0.0,0.0,0.0,0.0,0.0,14.0,224000.0,14.0,224000.0,05__GTC__CLM__CHI__270,CHOLIMEX Tương Cà Chai 270g,,Hàng hóa,d4804dfd-8bd7-11f1-9b18-005056b2a5de,72a629c9-9b85-480e-81c8-fa39ed3bbdd3,c8220d45-8bd7-11f1-9b18-005056b2a5de,800,097330eb-f92d-4b88-95a8-1a83fd3d8065,
05__GTC__CLM__GOI__10,CHOLIMEX Tương Cà Gói 10g,Gia Vị Nhà Bếp,Gói,56.0,56000.0,0.0,0.0,0.0,0.0,0.0,0.0,0.0,0.0,0.0,0.0,0.0,0.0,353.0,353000.0,353.0,353000.0,05__GTC__CLM__GOI__10,CHOLIMEX Tương Cà Gói 10g,,Hàng hóa,d4804e95-8bd7-11f1-9b18-005056b2a5de,d91f5988-7d67-4d0e-abd5-e1e4b1b9bb4c,c8220d45-8bd7-11f1-9b18-005056b2a5de,801,097330eb-f92d-4b88-95a8-1a83fd3d8067,
05__GTD__CLM__CHI__230,CHOLIMEX Tương Đen Chai 230g,Gia Vị Nhà Bếp,Chai,0.0,0.0,0.0,0.0,0.0,0.0,0.0,0.0,0.0,0.0,0.0,0.0,0.0,0.0,6.0,108000.0,6.0,108000.0,05__GTD__CLM__CHI__230,CHOLIMEX Tương Đen Chai 230g,,Hàng hóa,d4804f27-8bd7-11f1-9b18-005056b2a5de,91e0f3ac-287b-4103-842a-3095925c9868,c8220d45-8bd7-11f1-9b18-005056b2a5de,802,097330eb-f92d-4b88-95a8-1a83fd3d8065,
05__GTH__CLM__CHI__250,CHOLIMEX Tương Hột Chai 250g,Gia Vị Nhà Bếp,Chai,3.0,42000.0,0.0,0.0,0.0,0.0,0.0,0.0,0.0,0.0,0.0,0.0,0.0,0.0,9.0,126000.0,9.0,126000.0,05__GTH__CLM__CHI__250,CHOLIMEX Tương Hột Chai 250g,,Hàng hóa,d4804fbf-8bd7-11f1-9b18-005056b2a5de,afb92a6f-45ea-4bd5-a000-7e8bb12d2ec9,c8220d45-8bd7-11f1-9b18-005056b2a5de,803,097330eb-f92d-4b88-95a8-1a83fd3d8065,
05__GTO__CLM__CHI__250,CHOLIMEX Tương Ớt Nắp Xuôi 250g,Gia Vị Nhà Bếp,Chai,11.0,198000.0,0.0,0.0,0.0,0.0,0.0,0.0,0.0,0.0,0.0,0.0,0.0,0.0,0.0,0.0,0.0,0.0,05__GTO__CLM__CHI__250,CHOLIMEX Tương Ớt Nắp Xuôi 250g,,Hàng hóa,d4805053-8bd7-11f1-9b18-005056b2a5de,64895c25-cd0a-4158-967a-d2a8893cfc6b,c8220d45-8bd7-11f1-9b18-005056b2a5de,804,097330eb-f92d-4b88-95a8-1a83fd3d8065,
05__GTO__CLM__CHI__270,CHOLIMEX Tương Ớt Chai 270g,Gia Vị Nhà Bếp,Chai,24.0,383000.0,0.0,0.0,0.0,0.0,0.0,0.0,0.0,0.0,0.0,0.0,0.0,0.0,6.0,96000.0,6.0,96000.0,05__GTO__CLM__CHI__270,CHOLIMEX Tương Ớt Chai 270g,,Hàng hóa,d48050ee-8bd7-11f1-9b18-005056b2a5de,f9cf80b7-8355-47c9-8f23-ac5c299068ac,c8220d45-8bd7-11f1-9b18-005056b2a5de,805,097330eb-f92d-4b88-95a8-1a83fd3d8065,
05__GTO__CLM__CNT__270,CHOLIMEX Tương Ớt Chua Ngọt Chai 270g,Gia Vị Nhà Bếp,Chai,4.0,64000.0,0.0,0.0,0.0,0.0,0.0,0.0,0.0,0.0,0.0,0.0,0.0,0.0,1.0,16000.0,1.0,16000.0,05__GTO__CLM__CNT__270,CHOLIMEX Tương Ớt Chua Ngọt Chai 270g,,Hàng hóa,d4805198-8bd7-11f1-9b18-005056b2a5de,c4c1f961-55bc-4837-a478-ea8524eb035f,c8220d45-8bd7-11f1-9b18-005056b2a5de,806,097330eb-f92d-4b88-95a8-1a83fd3d8065,
05__GTO__CLM__GOI__10,CHOLIMEX Tương Ớt Gói 10g,Gia Vị Nhà Bếp,Gói,325.0,325000.0,0.0,0.0,0.0,0.0,0.0,0.0,0.0,0.0,0.0,0.0,0.0,0.0,46.0,46000.0,46.0,46000.0,05__GTO__CLM__GOI__10,CHOLIMEX Tương Ớt Gói 10g,,Hàng hóa,d480522f-8bd7-11f1-9b18-005056b2a5de,0e322206-1799-4101-9d4a-1f8364dd0fde,c8220d45-8bd7-11f1-9b18-005056b2a5de,807,097330eb-f92d-4b88-95a8-1a83fd3d8067,
05__GTO__CLM__XMI__270,CHOLIMEX Tương Ớt Xí Muội Chai 270g,Gia Vị Nhà Bếp,Chai,4.0,64000.0,0.0,0.0,0.0,0.0,0.0,0.0,0.0,0.0,0.0,0.0,0.0,0.0,0.0,0.0,0.0,0.0,05__GTO__CLM__XMI__270,CHOLIMEX Tương Ớt Xí Muội Chai 270g,,Hàng hóa,d48052c5-8bd7-11f1-9b18-005056b2a5de,3652aa9c-e171-4121-aacb-5762871db5cd,c8220d45-8bd7-11f1-9b18-005056b2a5de,808,097330eb-f92d-4b88-95a8-1a83fd3d8065,
05__GTO__CSU__CHI__250,CHINSU Tương Ớt Chai 250g,Gia Vị Nhà Bếp,Chai,37.0,817000.0,0.0,0.0,0.0,0.0,0.0,0.0,0.0,0.0,0.0,0.0,0.0,0.0,14.0,350000.0,14.0,350000.0,05__GTO__CSU__CHI__250,CHINSU Tương Ớt Chai 250g,,Hàng hóa,d4805359-8bd7-11f1-9b18-005056b2a5de,83a8d45e-485a-47b6-83cc-05df9aee7678,c8220d45-8bd7-11f1-9b18-005056b2a5de,809,097330eb-f92d-4b88-95a8-1a83fd3d8065,
05__GTO__CSU__CHI__500,CHINSU Tương Ớt Chai 500g,Gia Vị Nhà Bếp,Chai,12.0,468000.0,0.0,0.0,0.0,0.0,0.0,0.0,0.0,0.0,0.0,0.0,0.0,0.0,0.0,0.0,0.0,0.0,05__GTO__CSU__CHI__500,CHINSU Tương Ớt Chai 500g,,Hàng hóa,d48053ee-8bd7-11f1-9b18-005056b2a5de,305fe073-fefb-4120-ab18-bc40b389b7a0,c8220d45-8bd7-11f1-9b18-005056b2a5de,810,097330eb-f92d-4b88-95a8-1a83fd3d8065,
05__GXD__CLM__GMN__150,CHOLIMEX Nước Tương Đậu Nành Giảm Mặn 150ml,Gia Vị Nhà Bếp,Chai,0.0,0.0,0.0,0.0,0.0,0.0,0.0,0.0,0.0,0.0,0.0,0.0,0.0,0.0,12.0,132000.0,12.0,132000.0,05__GXD__CLM__GMN__150,CHOLIMEX Nước Tương Đậu Nành Giảm Mặn 150ml,,Hàng hóa,d4805484-8bd7-11f1-9b18-005056b2a5de,38ddb06a-010c-4909-bd1e-63a79903cd5b,c8220d45-8bd7-11f1-9b18-005056b2a5de,811,097330eb-f92d-4b88-95a8-1a83fd3d8065,
05__GXD__CSU__NAM__330,CHINSU Nước Tương Nấm Shiitake 330ml,Gia Vị Nhà Bếp,Chai,3.0,60000.0,0.0,0.0,0.0,0.0,0.0,0.0,0.0,0.0,0.0,0.0,0.0,0.0,21.0,420000.0,21.0,420000.0,05__GXD__CSU__NAM__330,CHINSU Nước Tương Nấm Shiitake 330ml,,Hàng hóa,d480551b-8bd7-11f1-9b18-005056b2a5de,6599afaa-9589-4cc3-b9fd-86b130188702,c8220d45-8bd7-11f1-9b18-005056b2a5de,812,097330eb-f92d-4b88-95a8-1a83fd3d8065,
05__GXD__CSU__TOI__330,CHINSU Nước Tương Tỏi Ớt Tươi 330ml,Gia Vị Nhà Bếp,Chai,4.0,92000.0,0.0,0.0,0.0,0.0,0.0,0.0,0.0,0.0,0.0,0.0,0.0,0.0,19.0,437000.0,19.0,437000.0,05__GXD__CSU__TOI__330,CHINSU Nước Tương Tỏi Ớt Tươi 330ml,,Hàng hóa,d48055b1-8bd7-11f1-9b18-005056b2a5de,eb50d74c-ec7c-45a1-99ea-08a8ec4200a5,c8220d45-8bd7-11f1-9b18-005056b2a5de,813,097330eb-f92d-4b88-95a8-1a83fd3d8065,
05__GXD__CSU__TTT__500,CHINSU Tam Thái Tử Nước Tương Nhất Ca 500ml,Gia Vị Nhà Bếp,Chai,8.0,192000.0,0.0,0.0,0.0,0.0,0.0,0.0,0.0,0.0,0.0,0.0,0.0,0.0,14.0,336000.0,14.0,336000.0,05__GXD__CSU__TTT__500,CHINSU Tam Thái Tử Nước Tương Nhất Ca 500ml,,Hàng hóa,d4805647-8bd7-11f1-9b18-005056b2a5de,adc08f8b-84be-478c-be3c-de0a52bd37a6,c8220d45-8bd7-11f1-9b18-005056b2a5de,814,097330eb-f92d-4b88-95a8-1a83fd3d8065,
05__GXD__MAG__DDO__300,MAGGI Xì Dầu Đậm Đặc Chai Đỏ 300ml,Gia Vị Nhà Bếp,Chai,1.0,25000.0,0.0,0.0,0.0,0.0,0.0,0.0,0.0,0.0,0.0,0.0,0.0,0.0,10.0,250000.0,10.0,250000.0,05__GXD__MAG__DDO__300,MAGGI Xì Dầu Đậm Đặc Chai Đỏ 300ml,,Hàng hóa,d48056ee-8bd7-11f1-9b18-005056b2a5de,c7516920-f6bc-4af1-9fa5-28c17f29aba4,c8220d45-8bd7-11f1-9b18-005056b2a5de,815,097330eb-f92d-4b88-95a8-1a83fd3d8065,
05__GXD__MAG__DDO__700,MAGGI Xì Dầu Đậm Đặc Chai Đỏ 700ml,Gia Vị Nhà Bếp,Chai,3.0,129000.0,0.0,0.0,0.0,0.0,0.0,0.0,0.0,0.0,0.0,0.0,0.0,0.0,8.0,344000.0,8.0,344000.0,05__GXD__MAG__DDO__700,MAGGI Xì Dầu Đậm Đặc Chai Đỏ 700ml,,Hàng hóa,d4805786-8bd7-11f1-9b18-005056b2a5de,139ea9fe-1a71-4d47-8c1f-15dda8b44c18,c8220d45-8bd7-11f1-9b18-005056b2a5de,816,097330eb-f92d-4b88-95a8-1a83fd3d8065,
05__GXD__MAG__VAG__300,MAGGI Xì Dầu Đậu Nành Chai Vàng 300ml,Gia Vị Nhà Bếp,Chai,2.0,40000.0,0.0,0.0,0.0,0.0,0.0,0.0,0.0,0.0,0.0,0.0,0.0,0.0,8.0,160000.0,8.0,160000.0,05__GXD__MAG__VAG__300,MAGGI Xì Dầu Đậu Nành Chai Vàng 300ml,,Hàng hóa,d4805818-8bd7-11f1-9b18-005056b2a5de,a012dec0-f28b-4c7e-8d00-99d7f6bd5b7e,c8220d45-8bd7-11f1-9b18-005056b2a5de,817,097330eb-f92d-4b88-95a8-1a83fd3d8065,
05__GXD__MAG__VAG__700,MAGGI Xì Dầu Đậu Nành Chai Vàng 700ml,Gia Vị Nhà Bếp,Chai,2.0,70000.0,0.0,0.0,0.0,0.0,0.0,0.0,0.0,0.0,0.0,0.0,0.0,0.0,9.0,315000.0,9.0,315000.0,05__GXD__MAG__VAG__700,MAGGI Xì Dầu Đậu Nành Chai Vàng 700ml,,Hàng hóa,d48058b0-8bd7-11f1-9b18-005056b2a5de,3352daa3-b9e4-4097-b6b0-e8f4472426c9,c8220d45-8bd7-11f1-9b18-005056b2a5de,818,097330eb-f92d-4b88-95a8-1a83fd3d8065,
05__GXT__CLM__GCM__90,CHOLIMEX Xốt Gà Chiên Nước Mắm Gói 90g,Gia Vị Nhà Bếp,Gói,3.0,39000.0,0.0,0.0,0.0,0.0,0.0,0.0,0.0,0.0,0.0,0.0,0.0,0.0,6.0,78000.0,6.0,78000.0,05__GXT__CLM__GCM__90,CHOLIMEX Xốt Gà Chiên Nước Mắm Gói 90g,,Hàng hóa,d4805947-8bd7-11f1-9b18-005056b2a5de,5d7f0dd2-2522-435f-abdc-85a7612b96ae,c8220d45-8bd7-11f1-9b18-005056b2a5de,819,097330eb-f92d-4b88-95a8-1a83fd3d8067,
05__GXT__CLM__LTI__280,CHOLIMEX Lẩu Thái Chai 280g,Gia Vị Nhà Bếp,Chai,2.0,50000.0,0.0,0.0,0.0,0.0,0.0,0.0,0.0,0.0,0.0,0.0,0.0,0.0,10.0,250000.0,10.0,250000.0,05__GXT__CLM__LTI__280,CHOLIMEX Lẩu Thái Chai 280g,,Hàng hóa,d48059de-8bd7-11f1-9b18-005056b2a5de,fa93dc4b-af2b-4433-970c-2c1ced57a7aa,c8220d45-8bd7-11f1-9b18-005056b2a5de,820,097330eb-f92d-4b88-95a8-1a83fd3d8065,
05__GXT__CLM__SXC__90,CHOLIMEX Gói Xốt Sườn Xào Chua Ngọt 90g,Gia Vị Nhà Bếp,Gói,0.0,0.0,0.0,0.0,0.0,0.0,0.0,0.0,0.0,0.0,0.0,0.0,0.0,0.0,9.0,126000.0,9.0,126000.0,05__GXT__CLM__SXC__90,CHOLIMEX Gói Xốt Sườn Xào Chua Ngọt 90g,,Hàng hóa,d4805a78-8bd7-11f1-9b18-005056b2a5de,66ec167a-170a-411c-aa97-ce1865235919,c8220d45-8bd7-11f1-9b18-005056b2a5de,821,097330eb-f92d-4b88-95a8-1a83fd3d8067,
05__GXT__CLM__TKT__50,CHOLIMEX Gói Gia Vị Kho Thịt 50g,Gia Vị Nhà Bếp,Gói,2.0,16000.0,0.0,0.0,0.0,0.0,0.0,0.0,0.0,0.0,0.0,0.0,0.0,0.0,18.0,144000.0,18.0,144000.0,05__GXT__CLM__TKT__50,CHOLIMEX Gói Gia Vị Kho Thịt 50g,,Hàng hóa,d4805b0d-8bd7-11f1-9b18-005056b2a5de,37428553-aef1-4d12-a015-2da530ab2992,c8220d45-8bd7-11f1-9b18-005056b2a5de,822,097330eb-f92d-4b88-95a8-1a83fd3d8067,
05__GXT__CLM__TNG__70,CHOLIMEX Gói Xốt Ướp Thịt Nướng 70g,Gia Vị Nhà Bếp,Gói,4.0,38500.0,0.0,0.0,0.0,0.0,0.0,0.0,0.0,0.0,0.0,0.0,0.0,0.0,0.0,0.0,0.0,0.0,05__GXT__CLM__TNG__70,CHOLIMEX Gói Xốt Ướp Thịt Nướng 70g,,Hàng hóa,d4805ba3-8bd7-11f1-9b18-005056b2a5de,90309e28-1f6a-4f33-86a9-b19b180e5192,c8220d45-8bd7-11f1-9b18-005056b2a5de,823,097330eb-f92d-4b88-95a8-1a83fd3d8067,
05__GXT__CLM__XAX__70,CHOLIMEX Gói Xốt Ướp Xá Xíu 70g,Gia Vị Nhà Bếp,Gói,2.0,19000.0,0.0,0.0,0.0,0.0,0.0,0.0,0.0,0.0,0.0,0.0,0.0,0.0,17.0,161500.0,17.0,161500.0,05__GXT__CLM__XAX__70,CHOLIMEX Gói Xốt Ướp Xá Xíu 70g,,Hàng hóa,d4805c3a-8bd7-11f1-9b18-005056b2a5de,c9e066a4-a9ab-4ae4-9d8e-7976de8b3ef5,c8220d45-8bd7-11f1-9b18-005056b2a5de,824,097330eb-f92d-4b88-95a8-1a83fd3d8067,
05__GXT__CSU__GCM__70,CHINSU Gói Xốt Gà Chiên Nước Mắm 70g,Gia Vị Nhà Bếp,Gói,2.0,20000.0,0.0,0.0,0.0,0.0,0.0,0.0,0.0,0.0,0.0,0.0,0.0,0.0,7.0,70000.0,7.0,70000.0,05__GXT__CSU__GCM__70,CHINSU Gói Xốt Gà Chiên Nước Mắm 70g,,Hàng hóa,d4805d61-8bd7-11f1-9b18-005056b2a5de,810e0b42-c514-44de-9f4a-ede71b46eeec,c8220d45-8bd7-11f1-9b18-005056b2a5de,825,097330eb-f92d-4b88-95a8-1a83fd3d8067,
05__GXT__CSU__TKO__70,CHINSU Gói Xốt Thịt Kho 70g,Gia Vị Nhà Bếp,Gói,1.0,10000.0,0.0,0.0,0.0,0.0,0.0,0.0,0.0,0.0,0.0,0.0,0.0,0.0,9.0,90000.0,9.0,90000.0,05__GXT__CSU__TKO__70,CHINSU Gói Xốt Thịt Kho 70g,,Hàng hóa,d4805df6-8bd7-11f1-9b18-005056b2a5de,40d2fa11-a5e7-47a5-8788-9fe3a5dc20b8,c8220d45-8bd7-11f1-9b18-005056b2a5de,826,097330eb-f92d-4b88-95a8-1a83fd3d8067,
05__GXT__CSU__TNG__80,CHINSU Gói Xốt Thịt Nướng 80g,Gia Vị Nhà Bếp,Gói,7.0,70000.0,0.0,0.0,0.0,0.0,0.0,0.0,0.0,0.0,0.0,0.0,0.0,0.0,12.0,120000.0,12.0,120000.0,05__GXT__CSU__TNG__80,CHINSU Gói Xốt Thịt Nướng 80g,,Hàng hóa,d4805e89-8bd7-11f1-9b18-005056b2a5de,3b97ae03-0d68-4ab7-b2c9-8cf6bb6a6cec,c8220d45-8bd7-11f1-9b18-005056b2a5de,827,097330eb-f92d-4b88-95a8-1a83fd3d8067,
05__GXT__KNO__CCA__28,KNOR Gói Gia Vị Canh Chua 28g,Gia Vị Nhà Bếp,Gói,1.0,8000.0,0.0,0.0,0.0,0.0,0.0,0.0,0.0,0.0,0.0,0.0,0.0,0.0,5.0,40000.0,5.0,40000.0,05__GXT__KNO__CCA__28,KNOR Gói Gia Vị Canh Chua 28g,,Hàng hóa,d4805f1e-8bd7-11f1-9b18-005056b2a5de,f3803b56-ce8a-4671-8316-66c5c37cb3a4,c8220d45-8bd7-11f1-9b18-005056b2a5de,828,097330eb-f92d-4b88-95a8-1a83fd3d8067,
05__GXT__KNO__CKO__28,KNOR Gói Gia Vị Cá Kho 28g,Gia Vị Nhà Bếp,Gói,1.0,8000.0,0.0,0.0,0.0,0.0,0.0,0.0,0.0,0.0,0.0,0.0,0.0,0.0,5.0,40000.0,5.0,40000.0,05__GXT__KNO__CKO__28,KNOR Gói Gia Vị Cá Kho 28g,,Hàng hóa,d4805fb2-8bd7-11f1-9b18-005056b2a5de,1ca5b3f8-4339-4a02-86d5-7468758582b5,c8220d45-8bd7-11f1-9b18-005056b2a5de,829,097330eb-f92d-4b88-95a8-1a83fd3d8067,
05__GXT__KNO__TKO__28,KNOR Gói Gia Vị Thịt Kho 28g,Gia Vị Nhà Bếp,Gói,1.0,8000.0,0.0,0.0,0.0,0.0,0.0,0.0,0.0,0.0,0.0,0.0,0.0,0.0,5.0,40000.0,5.0,40000.0,05__GXT__KNO__TKO__28,KNOR Gói Gia Vị Thịt Kho 28g,,Hàng hóa,d4806054-8bd7-11f1-9b18-005056b2a5de,5d14ce10-56f4-4cc7-8c56-81e1a7c5026a,c8220d45-8bd7-11f1-9b18-005056b2a5de,830,097330eb-f92d-4b88-95a8-1a83fd3d8067,
05__GXT__OFO__CAH__50,OFOOD Rong Biển Hàn Quốc Nấu Canh Gói 50g,Gia Vị Nhà Bếp,Gói,1.0,55000.0,0.0,0.0,0.0,0.0,0.0,0.0,0.0,0.0,0.0,0.0,0.0,0.0,9.0,495000.0,9.0,495000.0,05__GXT__OFO__CAH__50,OFOOD Rong Biển Hàn Quốc Nấu Canh Gói 50g,,Hàng hóa,d48060e8-8bd7-11f1-9b18-005056b2a5de,c118c805-b03d-4d0b-9fec-9ca6bb198712,c8220d45-8bd7-11f1-9b18-005056b2a5de,831,097330eb-f92d-4b88-95a8-1a83fd3d8067,
06__DBC__GIL__CHH__50,GILLETTE Bọt Cạo Hương Chanh 50g,Chăm Sóc Da & Cơ Thể,Chai,10.0,677000.0,0.0,0.0,0.0,0.0,0.0,0.0,0.0,0.0,0.0,0.0,0.0,0.0,3.0,204000.0,3.0,204000.0,06__DBC__GIL__CHH__50,GILLETTE Bọt Cạo Hương Chanh 50g,,Hàng hóa,d4806182-8bd7-11f1-9b18-005056b2a5de,4f1a737d-2f73-4433-adb8-484f284bf998,c8220d45-8bd7-11f1-9b18-005056b2a5de,832,097330eb-f92d-4b88-95a8-1a83fd3d8065,
06__DCN__NVA__AUR__30,NIVEA Kem Chống Nắng Aura 30ml,Chăm Sóc Da & Cơ Thể,Tuýp,6.0,720000.0,0.0,0.0,0.0,0.0,0.0,0.0,0.0,0.0,0.0,0.0,0.0,0.0,4.0,480000.0,4.0,480000.0,06__DCN__NVA__AUR__30,NIVEA Kem Chống Nắng Aura 30ml,,Hàng hóa,d4806218-8bd7-11f1-9b18-005056b2a5de,90afda76-ff34-4046-b4a5-8b303b2c914b,c8220d45-8bd7-11f1-9b18-005056b2a5de,833,097330eb-f92d-4b88-95a8-1a83fd3d8069,
06__DCN__NVA__CAE__30,NIVEA Kem Chống Nắng C&E 30ml,Chăm Sóc Da & Cơ Thể,Tuýp,4.0,480000.0,0.0,0.0,0.0,0.0,0.0,0.0,0.0,0.0,0.0,0.0,0.0,0.0,6.0,720000.0,6.0,720000.0,06__DCN__NVA__CAE__30,NIVEA Kem Chống Nắng C&E 30ml,,Hàng hóa,d48062ad-8bd7-11f1-9b18-005056b2a5de,3fe70ff9-2f22-447d-831d-c4f3bfd1c9ef,c8220d45-8bd7-11f1-9b18-005056b2a5de,834,097330eb-f92d-4b88-95a8-1a83fd3d8069,
06__DCN__VAS__BRI__200,VASELINE Brightening Defense Lotion 200ml,Chăm Sóc Da & Cơ Thể,Chai,3.0,270000.0,0.0,0.0,0.0,0.0,0.0,0.0,0.0,0.0,0.0,0.0,0.0,0.0,8.0,720000.0,8.0,720000.0,06__DCN__VAS__BRI__200,VASELINE Brightening Defense Lotion 200ml,,Hàng hóa,d4806341-8bd7-11f1-9b18-005056b2a5de,502427fa-696f-40e7-8434-90efa3f1e537,c8220d45-8bd7-11f1-9b18-005056b2a5de,835,097330eb-f92d-4b88-95a8-1a83fd3d8065,
06__DCN__VAS__PER__200,VASELINE Perfect Youth Pro-Age Lotion 200ml,Chăm Sóc Da & Cơ Thể,Chai,3.0,270000.0,0.0,0.0,0.0,0.0,0.0,0.0,0.0,0.0,0.0,0.0,0.0,0.0,9.0,810000.0,9.0,810000.0,06__DCN__VAS__PER__200,VASELINE Perfect Youth Pro-Age Lotion 200ml,,Hàng hóa,d48063de-8bd7-11f1-9b18-005056b2a5de,4e546b4b-5835-4483-9def-b3f6dee6a040,c8220d45-8bd7-11f1-9b18-005056b2a5de,836,097330eb-f92d-4b88-95a8-1a83fd3d8065,
06__DCN__VAS__S50__300,VASELINE Serum Chống Nắng Spf 50+ 300ml,Chăm Sóc Da & Cơ Thể,Chai,11.0,1760000.0,0.0,0.0,0.0,0.0,0.0,0.0,0.0,0.0,0.0,0.0,0.0,0.0,3.0,480000.0,3.0,480000.0,06__DCN__VAS__S50__300,VASELINE Serum Chống Nắng Spf 50+ 300ml,,Hàng hóa,d4806472-8bd7-11f1-9b18-005056b2a5de,351f5dfa-9bbd-4388-825b-58bad21d956b,c8220d45-8bd7-11f1-9b18-005056b2a5de,837,097330eb-f92d-4b88-95a8-1a83fd3d8065,
06__DCR__GIL__2,GILLETTE Dao Cạo Râu 2 Lưỡi,Chăm Sóc Da & Cơ Thể,Cái,206.0,2914000.0,0.0,0.0,0.0,0.0,0.0,0.0,0.0,0.0,0.0,0.0,0.0,0.0,75.0,1200000.0,75.0,1200000.0,06__DCR__GIL__2,GILLETTE Dao Cạo Râu 2 Lưỡi,,Hàng hóa,d4806509-8bd7-11f1-9b18-005056b2a5de,1bf84443-e035-4f0d-b9a4-4137addc00ec,c8220d45-8bd7-11f1-9b18-005056b2a5de,838,097330eb-f92d-4b88-95a8-1a83fd3d8061,
06__DDM__NVA__CNG__200,NIVEA Sữa Dưỡng Thể Sáng Da Phục Hồi & Chống Nắng 200ml,Chăm Sóc Da & Cơ Thể,Chai,4.0,400000.0,0.0,0.0,0.0,0.0,0.0,0.0,0.0,0.0,0.0,0.0,0.0,0.0,12.0,1260000.0,12.0,1260000.0,06__DDM__NVA__CNG__200,NIVEA Sữa Dưỡng Thể Sáng Da Phục Hồi & Chống Nắng 200ml,,Hàng hóa,d480659e-8bd7-11f1-9b18-005056b2a5de,effc228d-9cb1-4b06-bffd-e9f2ae92feb9,c8220d45-8bd7-11f1-9b18-005056b2a5de,839,097330eb-f92d-4b88-95a8-1a83fd3d8065,
06__DDM__NVA__SBD__200,NIVEA Sữa Dưỡng Thể Dưỡng Sáng Ban Đêm 200ml,Chăm Sóc Da & Cơ Thể,Chai,5.0,475000.0,0.0,0.0,0.0,0.0,0.0,0.0,0.0,0.0,0.0,0.0,0.0,0.0,5.0,475000.0,5.0,475000.0,06__DDM__NVA__SBD__200,NIVEA Sữa Dưỡng Thể Dưỡng Sáng Ban Đêm 200ml,,Hàng hóa,d4806636-8bd7-11f1-9b18-005056b2a5de,d823d1a0-f474-4d52-b715-13370e9574df,c8220d45-8bd7-11f1-9b18-005056b2a5de,840,097330eb-f92d-4b88-95a8-1a83fd3d8065,
06__DDM__VAS__DAM__300,VASELINE Gluta-Hya Dưỡng Sáng Da Ẩm Mượt 300ml,Chăm Sóc Da & Cơ Thể,Chai,4.0,520000.0,0.0,0.0,0.0,0.0,0.0,0.0,0.0,0.0,0.0,0.0,0.0,0.0,0.0,0.0,0.0,0.0,06__DDM__VAS__DAM__300,VASELINE Gluta-Hya Dưỡng Sáng Da Ẩm Mượt 300ml,,Hàng hóa,d48066cc-8bd7-11f1-9b18-005056b2a5de,55ed3fc6-1fd4-4a6d-8173-036dab32a5e6,c8220d45-8bd7-11f1-9b18-005056b2a5de,841,097330eb-f92d-4b88-95a8-1a83fd3d8065,
06__DDM__VAS__SDA__300,VASELINE Gluta-Hya Dưỡng Sáng Da Không Lo 300ml,Chăm Sóc Da & Cơ Thể,Chai,1.0,130000.0,0.0,0.0,0.0,0.0,0.0,0.0,0.0,0.0,0.0,0.0,0.0,0.0,6.0,780000.0,6.0,780000.0,06__DDM__VAS__SDA__300,VASELINE Gluta-Hya Dưỡng Sáng Da Không Lo 300ml,,Hàng hóa,d4806760-8bd7-11f1-9b18-005056b2a5de,70bc227a-808a-4b27-b15c-a44df007b2b4,c8220d45-8bd7-11f1-9b18-005056b2a5de,842,097330eb-f92d-4b88-95a8-1a83fd3d8065,
06__DKM__DOV__COL__45,DOVE Lăn Khử Mùi Tinh Chất Sáng Da Collagen 45ml,Chăm Sóc Da & Cơ Thể,Chai,5.0,395000.0,0.0,0.0,0.0,0.0,0.0,0.0,0.0,0.0,0.0,0.0,0.0,0.0,4.0,340000.0,4.0,340000.0,06__DKM__DOV__COL__45,DOVE Lăn Khử Mùi Tinh Chất Sáng Da Collagen 45ml,,Hàng hóa,d48067fb-8bd7-11f1-9b18-005056b2a5de,bf19d147-4b2c-4920-a28a-e52aac3f607c,c8220d45-8bd7-11f1-9b18-005056b2a5de,843,097330eb-f92d-4b88-95a8-1a83fd3d8065,
06__DKM__DOV__VCE__45,DOVE Lăn Khử Mùi Tinh Chất Sáng Da Vit C&E 45ml,Chăm Sóc Da & Cơ Thể,Chai,6.0,450000.0,0.0,0.0,0.0,0.0,0.0,0.0,0.0,0.0,0.0,0.0,0.0,0.0,6.0,510000.0,6.0,510000.0,06__DKM__DOV__VCE__45,DOVE Lăn Khử Mùi Tinh Chất Sáng Da Vit C&E 45ml,,Hàng hóa,d4806893-8bd7-11f1-9b18-005056b2a5de,071ccffd-ae75-49b7-b1b7-9110468fa113,c8220d45-8bd7-11f1-9b18-005056b2a5de,844,097330eb-f92d-4b88-95a8-1a83fd3d8065,
06__DLD__GIL__LAM__5,GILLETTE Lưỡi Lam 5 x 20 x 50,Chăm Sóc Da & Cơ Thể,Cái,7.0,70000.0,0.0,0.0,0.0,0.0,0.0,0.0,0.0,0.0,0.0,0.0,0.0,0.0,43.0,430000.0,43.0,430000.0,06__DLD__GIL__LAM__5,GILLETTE Lưỡi Lam 5 x 20 x 50,,Hàng hóa,d4806939-8bd7-11f1-9b18-005056b2a5de,0b0035f4-a964-4c03-9715-6299a37a6b26,c8220d45-8bd7-11f1-9b18-005056b2a5de,845,097330eb-f92d-4b88-95a8-1a83fd3d8061,
06__DLK__NVA__BNW__50,NIVEA Lăn Khử Mùi Nam Black & White 50ml,Chăm Sóc Da & Cơ Thể,Chai,6.0,575000.0,0.0,0.0,0.0,0.0,0.0,0.0,0.0,0.0,0.0,0.0,0.0,0.0,6.0,600000.0,6.0,600000.0,06__DLK__NVA__BNW__50,NIVEA Lăn Khử Mùi Nam Black & White 50ml,,Hàng hóa,d48069d0-8bd7-11f1-9b18-005056b2a5de,263880c2-eaab-419b-b0e6-90a052154b5b,c8220d45-8bd7-11f1-9b18-005056b2a5de,846,097330eb-f92d-4b88-95a8-1a83fd3d8065,
06__DLK__NVA__COO__1,NIVEA Lăn Khử Mùi Nam Cool Fresh,Chăm Sóc Da & Cơ Thể,Chai,3.0,270000.0,0.0,0.0,0.0,0.0,0.0,0.0,0.0,0.0,0.0,0.0,0.0,0.0,3.0,270000.0,3.0,270000.0,06__DLK__NVA__COO__1,NIVEA Lăn Khử Mùi Nam Cool Fresh,,Hàng hóa,d4806a66-8bd7-11f1-9b18-005056b2a5de,99994196-93d2-4e0a-b6d2-d874ba678b20,c8220d45-8bd7-11f1-9b18-005056b2a5de,847,097330eb-f92d-4b88-95a8-1a83fd3d8065,
06__DLK__NVA__DRY__50,NIVEA Lăn Khử Mùi Dry Comfort 50ml,Chăm Sóc Da & Cơ Thể,Chai,5.0,375000.0,0.0,0.0,0.0,0.0,0.0,0.0,0.0,0.0,0.0,0.0,0.0,0.0,0.0,0.0,0.0,0.0,06__DLK__NVA__DRY__50,NIVEA Lăn Khử Mùi Dry Comfort 50ml,,Hàng hóa,d4806afc-8bd7-11f1-9b18-005056b2a5de,45dabc5c-8f74-492e-9577-997283b285ec,c8220d45-8bd7-11f1-9b18-005056b2a5de,848,097330eb-f92d-4b88-95a8-1a83fd3d8065,
06__DLK__NVA__FRE__50,NIVEA Lăn Khử Mùi Fresh Energy 50ml,Chăm Sóc Da & Cơ Thể,Chai,8.0,612000.0,0.0,0.0,0.0,0.0,0.0,0.0,0.0,0.0,0.0,0.0,0.0,0.0,9.0,720000.0,9.0,720000.0,06__DLK__NVA__FRE__50,NIVEA Lăn Khử Mùi Fresh Energy 50ml,,Hàng hóa,d4806b99-8bd7-11f1-9b18-005056b2a5de,0d5de16e-440a-4a03-8136-5fd8a4aa9ca4,c8220d45-8bd7-11f1-9b18-005056b2a5de,849,097330eb-f92d-4b88-95a8-1a83fd3d8065,
06__DLK__NVA__IMP__50,NIVEA Lăn Khử Mùi Nam Dry Impact 50ml,Chăm Sóc Da & Cơ Thể,Chai,6.0,455000.0,0.0,0.0,0.0,0.0,0.0,0.0,0.0,0.0,0.0,0.0,0.0,0.0,6.0,480000.0,6.0,480000.0,06__DLK__NVA__IMP__50,NIVEA Lăn Khử Mùi Nam Dry Impact 50ml,,Hàng hóa,d4806c32-8bd7-11f1-9b18-005056b2a5de,f41db33c-0150-4cc0-a354-98887ee95af1,c8220d45-8bd7-11f1-9b18-005056b2a5de,850,097330eb-f92d-4b88-95a8-1a83fd3d8065,
06__DLK__NVM__BNW__50,NIVEA MEN Lăn Khử Mùi Black & White Invisible Ultimate 50ml,Chăm Sóc Da & Cơ Thể,Chai,6.0,564000.0,0.0,0.0,0.0,0.0,0.0,0.0,0.0,0.0,0.0,0.0,0.0,0.0,0.0,0.0,0.0,0.0,06__DLK__NVM__BNW__50,NIVEA MEN Lăn Khử Mùi Black & White Invisible Ultimate 50ml,,Hàng hóa,d4806cc5-8bd7-11f1-9b18-005056b2a5de,2c17f5e9-30cc-4d32-8b89-c084870bdc6a,c8220d45-8bd7-11f1-9b18-005056b2a5de,851,097330eb-f92d-4b88-95a8-1a83fd3d8065,
06__DLK__XMN__FIR__25,XMEN Lăn Khử Mùi Fire 25ml,Chăm Sóc Da & Cơ Thể,Chai,6.0,240000.0,0.0,0.0,0.0,0.0,0.0,0.0,0.0,0.0,0.0,0.0,0.0,0.0,6.0,270000.0,6.0,270000.0,06__DLK__XMN__FIR__25,XMEN Lăn Khử Mùi Fire 25ml,,Hàng hóa,d4806d5e-8bd7-11f1-9b18-005056b2a5de,3eda8184-d76a-4ae3-87de-b1d7b0ddad8b,c8220d45-8bd7-11f1-9b18-005056b2a5de,852,097330eb-f92d-4b88-95a8-1a83fd3d8065,
06__DLK__XMN__WOO__25,XMEN Lăn Khủ Mùi Wood 25ml,Chăm Sóc Da & Cơ Thể,Chai,12.0,474000.0,0.0,0.0,0.0,0.0,0.0,0.0,0.0,0.0,0.0,0.0,0.0,0.0,0.0,0.0,0.0,0.0,06__DLK__XMN__WOO__25,XMEN Lăn Khủ Mùi Wood 25ml,,Hàng hóa,d4806e84-8bd7-11f1-9b18-005056b2a5de,65752c2f-a37f-44b3-993c-73a179aab451,c8220d45-8bd7-11f1-9b18-005056b2a5de,853,097330eb-f92d-4b88-95a8-1a83fd3d8065,
06__DRM__NVA__ACN__90,NIVEA Sữa Rửa Mặt Acne Care 90ml,Chăm Sóc Da & Cơ Thể,Chai,18.0,1540000.0,0.0,0.0,0.0,0.0,0.0,0.0,0.0,0.0,0.0,0.0,0.0,0.0,4.0,360000.0,4.0,360000.0,06__DRM__NVA__ACN__90,NIVEA Sữa Rửa Mặt Acne Care 90ml,,Hàng hóa,d4806f18-8bd7-11f1-9b18-005056b2a5de,6bc9bdfc-6fc5-4d66-a717-79c20f035bc4,c8220d45-8bd7-11f1-9b18-005056b2a5de,854,097330eb-f92d-4b88-95a8-1a83fd3d8065,
06__DRM__NVA__DSA__100,NIVEA Sữa Rửa Mặt Ngọc Trai Dưỡng Sáng 100g,Chăm Sóc Da & Cơ Thể,Chai,18.0,1437000.0,0.0,0.0,0.0,0.0,0.0,0.0,0.0,0.0,0.0,0.0,0.0,0.0,4.0,360000.0,4.0,360000.0,06__DRM__NVA__DSA__100,NIVEA Sữa Rửa Mặt Ngọc Trai Dưỡng Sáng 100g,,Hàng hóa,d4806fad-8bd7-11f1-9b18-005056b2a5de,1123630f-eb59-43e2-a5c2-6f717d951194,c8220d45-8bd7-11f1-9b18-005056b2a5de,855,097330eb-f92d-4b88-95a8-1a83fd3d8065,
06__DRM__NVM__ACN__100,NIVEA MEN Sữa Rửa Mặt Acne Oil Clear 100g,Chăm Sóc Da & Cơ Thể,Chai,8.0,680000.0,0.0,0.0,0.0,0.0,0.0,0.0,0.0,0.0,0.0,0.0,0.0,0.0,4.0,340000.0,4.0,340000.0,06__DRM__NVM__ACN__100,NIVEA MEN Sữa Rửa Mặt Acne Oil Clear 100g,,Hàng hóa,d4807049-8bd7-11f1-9b18-005056b2a5de,d1f15302-0e56-4502-b96a-6fae2b2bb6f2,c8220d45-8bd7-11f1-9b18-005056b2a5de,856,097330eb-f92d-4b88-95a8-1a83fd3d8065,
06__DRM__NVM__BRI__100,NIVEA MEN Sữa Rửa Mặt Bright Oil Clear Foam 100g,Chăm Sóc Da & Cơ Thể,Chai,16.0,1312000.0,0.0,0.0,0.0,0.0,0.0,0.0,0.0,0.0,0.0,0.0,0.0,0.0,11.0,902000.0,11.0,902000.0,06__DRM__NVM__BRI__100,NIVEA MEN Sữa Rửa Mặt Bright Oil Clear Foam 100g,,Hàng hóa,d48070e2-8bd7-11f1-9b18-005056b2a5de,aa696d79-aaa2-4338-a1be-f24a7f53b69e,c8220d45-8bd7-11f1-9b18-005056b2a5de,857,097330eb-f92d-4b88-95a8-1a83fd3d8065,
06__DRT__LBY__BVE__180,LIFEBUOY Nước Rửa Tay Bảo Vệ Vượt Trội 180g,Chăm Sóc Da & Cơ Thể,Chai,5.0,194000.0,0.0,0.0,0.0,0.0,0.0,0.0,0.0,0.0,0.0,0.0,0.0,0.0,3.0,126000.0,3.0,126000.0,06__DRT__LBY__BVE__180,LIFEBUOY Nước Rửa Tay Bảo Vệ Vượt Trội 180g,,Hàng hóa,d4807176-8bd7-11f1-9b18-005056b2a5de,eb950dc6-065e-4096-95e2-1d07704dc7fc,c8220d45-8bd7-11f1-9b18-005056b2a5de,858,097330eb-f92d-4b88-95a8-1a83fd3d8065,
06__DRT__LBY__CHH__180,LIFEBUOY Nước Rửa Tay Chanh Khử Mùi 180g,Chăm Sóc Da & Cơ Thể,Chai,4.0,160000.0,0.0,0.0,0.0,0.0,0.0,0.0,0.0,0.0,0.0,0.0,0.0,0.0,3.0,126000.0,3.0,126000.0,06__DRT__LBY__CHH__180,LIFEBUOY Nước Rửa Tay Chanh Khử Mùi 180g,,Hàng hóa,d480720b-8bd7-11f1-9b18-005056b2a5de,83f0af6a-6d06-4899-aaaa-3b8b74b5cd4e,c8220d45-8bd7-11f1-9b18-005056b2a5de,859,097330eb-f92d-4b88-95a8-1a83fd3d8065,
06__DRT__LBY__SDA__180,LIFEBUOY Nước Rửa Tay Sữa Dưỡng Ẩm 180g,Chăm Sóc Da & Cơ Thể,Chai,8.0,308000.0,0.0,0.0,0.0,0.0,0.0,0.0,0.0,0.0,0.0,0.0,0.0,0.0,3.0,126000.0,3.0,126000.0,06__DRT__LBY__SDA__180,LIFEBUOY Nước Rửa Tay Sữa Dưỡng Ẩm 180g,,Hàng hóa,d48073ec-8bd7-11f1-9b18-005056b2a5de,2184278e-4d09-4eaf-b127-cccd01421a1e,c8220d45-8bd7-11f1-9b18-005056b2a5de,860,097330eb-f92d-4b88-95a8-1a83fd3d8065,
06__DSO__NVM__DAO__1,NIVEA Son Dưỡng Ẩm Đào,Chăm Sóc Da & Cơ Thể,Chai,9.0,675000.0,0.0,0.0,0.0,0.0,0.0,0.0,0.0,0.0,0.0,0.0,0.0,0.0,7.0,525000.0,7.0,525000.0,06__DSO__NVM__DAO__1,NIVEA Son Dưỡng Ẩm Đào,,Hàng hóa,d4807499-8bd7-11f1-9b18-005056b2a5de,ac6cc354-922b-4a1a-acc3-d15987c4a899,c8220d45-8bd7-11f1-9b18-005056b2a5de,861,097330eb-f92d-4b88-95a8-1a83fd3d8065,
06__DSO__NVM__DAU__1,NIVEA Son Dưỡng Ẩm Dâu,Chăm Sóc Da & Cơ Thể,Cái,4.0,300000.0,0.0,0.0,0.0,0.0,0.0,0.0,0.0,0.0,0.0,0.0,0.0,0.0,2.0,150000.0,2.0,150000.0,06__DSO__NVM__DAU__1,NIVEA Son Dưỡng Ẩm Dâu,,Hàng hóa,d4807531-8bd7-11f1-9b18-005056b2a5de,568b7130-2417-4d7a-8748-338d9f0e4333,c8220d45-8bd7-11f1-9b18-005056b2a5de,862,097330eb-f92d-4b88-95a8-1a83fd3d8061,
06__DSO__NVM__TNN__1,NIVEA Son Dưỡng Ẩm Tự Nhiên,Chăm Sóc Da & Cơ Thể,Chai,7.0,525000.0,0.0,0.0,0.0,0.0,0.0,0.0,0.0,0.0,0.0,0.0,0.0,0.0,13.0,975000.0,13.0,975000.0,06__DSO__NVM__TNN__1,NIVEA Son Dưỡng Ẩm Tự Nhiên,,Hàng hóa,d48075c6-8bd7-11f1-9b18-005056b2a5de,4e752dd3-af8f-4015-bcac-a52d2b815b79,c8220d45-8bd7-11f1-9b18-005056b2a5de,863,097330eb-f92d-4b88-95a8-1a83fd3d8065,
06__DST__DOV__DBO__500,DOVE Sữa Tắm Invigorating Dầu Bơ & Hoa Cúc 500g,Chăm Sóc Da & Cơ Thể,Chai,6.0,944000.0,0.0,0.0,0.0,0.0,0.0,0.0,0.0,0.0,0.0,0.0,0.0,0.0,3.0,480000.0,3.0,480000.0,06__DST__DOV__DBO__500,DOVE Sữa Tắm Invigorating Dầu Bơ & Hoa Cúc 500g,,Hàng hóa,d480765c-8bd7-11f1-9b18-005056b2a5de,8d6aeff6-da9b-46c6-8b67-b0584c0d937a,c8220d45-8bd7-11f1-9b18-005056b2a5de,864,097330eb-f92d-4b88-95a8-1a83fd3d8065,
06__DST__DOV__SAK__500,DOVE Sữa Tắm Radiance Hoa Sakura & Muối Hồng 500g,Chăm Sóc Da & Cơ Thể,Chai,3.0,468000.0,0.0,0.0,0.0,0.0,0.0,0.0,0.0,0.0,0.0,0.0,0.0,0.0,1.0,160000.0,1.0,160000.0,06__DST__DOV__SAK__500,DOVE Sữa Tắm Radiance Hoa Sakura & Muối Hồng 500g,,Hàng hóa,d48076f3-8bd7-11f1-9b18-005056b2a5de,f2a1b985-ad96-4f92-b534-7ccfc6899964,c8220d45-8bd7-11f1-9b18-005056b2a5de,865,097330eb-f92d-4b88-95a8-1a83fd3d8065,
06__DST__LBY__BVE__350,LIFEBUOY Sữa Tắm Bảo Vệ Vượt Trội 350g,Chăm Sóc Da & Cơ Thể,Chai,5.0,360000.0,0.0,0.0,0.0,0.0,0.0,0.0,0.0,0.0,0.0,0.0,0.0,0.0,7.0,525000.0,7.0,525000.0,06__DST__LBY__BVE__350,LIFEBUOY Sữa Tắm Bảo Vệ Vượt Trội 350g,,Hàng hóa,d480778d-8bd7-11f1-9b18-005056b2a5de,26321ba2-abda-45cc-9afd-6a36b0f9459c,c8220d45-8bd7-11f1-9b18-005056b2a5de,866,097330eb-f92d-4b88-95a8-1a83fd3d8065,
06__DST__LBY__DAM__350,LIFEBUOY Sữa Tắm Sữa Dưỡng Ẩm 350g,Chăm Sóc Da & Cơ Thể,Chai,9.0,630000.0,0.0,0.0,0.0,0.0,0.0,0.0,0.0,0.0,0.0,0.0,0.0,0.0,2.0,150000.0,2.0,150000.0,06__DST__LBY__DAM__350,LIFEBUOY Sữa Tắm Sữa Dưỡng Ẩm 350g,,Hàng hóa,d4807823-8bd7-11f1-9b18-005056b2a5de,61635594-a3d5-4ec3-88cb-136303103c4b,c8220d45-8bd7-11f1-9b18-005056b2a5de,867,097330eb-f92d-4b88-95a8-1a83fd3d8065,
06__DSV__XMN__CLY__65,XMEN Sáp Vuốt Tóc ClayWax 65g,Chăm Sóc Tóc,Hộp,4.0,378000.0,0.0,0.0,0.0,0.0,0.0,0.0,0.0,0.0,0.0,0.0,0.0,0.0,2.0,194000.0,2.0,194000.0,06__DSV__XMN__CLY__65,XMEN Sáp Vuốt Tóc ClayWax 65g,,Hàng hóa,d48078ba-8bd7-11f1-9b18-005056b2a5de,6f1a18b1-add4-4964-b183-f60ad707a489,c8220d45-8bd7-11f1-9b18-005056b2a5de,868,097330eb-f92d-4b88-95a8-1a83fd3d8064,
06__DSV__XMN__FRE__70,XMEN Sáp Vuốt Tóc FreestyleWax 70g,Chăm Sóc Tóc,Hộp,3.0,271000.0,0.0,0.0,0.0,0.0,0.0,0.0,0.0,0.0,0.0,0.0,0.0,0.0,0.0,0.0,0.0,0.0,06__DSV__XMN__FRE__70,XMEN Sáp Vuốt Tóc FreestyleWax 70g,,Hàng hóa,d480794e-8bd7-11f1-9b18-005056b2a5de,402dbf27-105b-4a1f-b542-a2964be58a75,c8220d45-8bd7-11f1-9b18-005056b2a5de,869,097330eb-f92d-4b88-95a8-1a83fd3d8064,
06__DSV__XMN__MAT__70,XMEN Sáp Vuốt Tóc Matte Pomade 70g,Chăm Sóc Tóc,Hộp,1.0,87000.0,0.0,0.0,0.0,0.0,0.0,0.0,0.0,0.0,0.0,0.0,0.0,0.0,5.0,485000.0,5.0,485000.0,06__DSV__XMN__MAT__70,XMEN Sáp Vuốt Tóc Matte Pomade 70g,,Hàng hóa,d48079e7-8bd7-11f1-9b18-005056b2a5de,183e5717-168b-4aeb-9097-7b7f6ea5a377,c8220d45-8bd7-11f1-9b18-005056b2a5de,870,097330eb-f92d-4b88-95a8-1a83fd3d8064,
06__DSV__XMN__SHI__70,XMEN Sáp Vuốt Tóc Shine Pomade 70g,Chăm Sóc Tóc,Hộp,1.0,97000.0,0.0,0.0,0.0,0.0,0.0,0.0,0.0,0.0,0.0,0.0,0.0,0.0,2.0,194000.0,2.0,194000.0,06__DSV__XMN__SHI__70,XMEN Sáp Vuốt Tóc Shine Pomade 70g,,Hàng hóa,d4807a7d-8bd7-11f1-9b18-005056b2a5de,839c6b4b-2f48-428a-849c-bb31bb0f296d,c8220d45-8bd7-11f1-9b18-005056b2a5de,871,097330eb-f92d-4b88-95a8-1a83fd3d8064,
06__DTT__NVA__SDA__200,NIVEA Nước Tẩy Trang Sáng Da 200ml,Chăm Sóc Da & Cơ Thể,Chai,15.0,1665000.0,0.0,0.0,0.0,0.0,0.0,0.0,0.0,0.0,0.0,0.0,0.0,0.0,8.0,920000.0,8.0,920000.0,06__DTT__NVA__SDA__200,NIVEA Nước Tẩy Trang Sáng Da 200ml,,Hàng hóa,d4807b14-8bd7-11f1-9b18-005056b2a5de,f0d9f1c2-7c25-472f-8d30-912264b7f8c1,c8220d45-8bd7-11f1-9b18-005056b2a5de,872,097330eb-f92d-4b88-95a8-1a83fd3d8065,
06__DTT__SIL__JAP__66,SILCOT Bông Tẩy Trang Nhật Bản Cao Cấp 66 Miếng,Chăm Sóc Da & Cơ Thể,Hộp,33.0,1650000.0,0.0,0.0,0.0,0.0,0.0,0.0,0.0,0.0,0.0,0.0,0.0,0.0,14.0,700000.0,14.0,700000.0,06__DTT__SIL__JAP__66,SILCOT Bông Tẩy Trang Nhật Bản Cao Cấp 66 Miếng,,Hàng hóa,d4807bae-8bd7-11f1-9b18-005056b2a5de,1181a292-8aaa-476e-a76a-394db72943db,c8220d45-8bd7-11f1-9b18-005056b2a5de,873,097330eb-f92d-4b88-95a8-1a83fd3d8064,
06__DTT__SIL__JAP__82,SILCOT Bông Tẩy Trang Nhật Bản 82 Miếng,Chăm Sóc Da & Cơ Thể,Hộp,13.0,568000.0,0.0,0.0,0.0,0.0,0.0,0.0,0.0,0.0,0.0,0.0,0.0,0.0,0.0,0.0,0.0,0.0,06__DTT__SIL__JAP__82,SILCOT Bông Tẩy Trang Nhật Bản 82 Miếng,,Hàng hóa,d4807c44-8bd7-11f1-9b18-005056b2a5de,751c5ac1-2138-4879-83c6-6369666f9f91,c8220d45-8bd7-11f1-9b18-005056b2a5de,874,097330eb-f92d-4b88-95a8-1a83fd3d8064,
06__DXK__NVM__BAW__150,NIVEA MEN Xịt Khử Mùi Ultimate Impact 150ml,Chăm Sóc Da & Cơ Thể,Chai,4.0,512000.0,0.0,0.0,0.0,0.0,0.0,0.0,0.0,0.0,0.0,0.0,0.0,0.0,0.0,0.0,0.0,0.0,06__DXK__NVM__BAW__150,NIVEA MEN Xịt Khử Mùi Ultimate Impact 150ml,,Hàng hóa,d4807cee-8bd7-11f1-9b18-005056b2a5de,c001e4b7-3873-4238-b9d4-543297a36070,c8220d45-8bd7-11f1-9b18-005056b2a5de,875,097330eb-f92d-4b88-95a8-1a83fd3d8065,
06__DXK__NVM__DRY__150,NIVEA MEN Xịt Khử Mùi Dry Impact 150ml,Chăm Sóc Da & Cơ Thể,Chai,1.0,120000.0,0.0,0.0,0.0,0.0,0.0,0.0,0.0,0.0,0.0,0.0,0.0,0.0,17.0,2040000.0,17.0,2040000.0,06__DXK__NVM__DRY__150,NIVEA MEN Xịt Khử Mùi Dry Impact 150ml,,Hàng hóa,d4807d89-8bd7-11f1-9b18-005056b2a5de,ad641668-f2be-41ee-bd73-80f507d4ca57,c8220d45-8bd7-11f1-9b18-005056b2a5de,876,097330eb-f92d-4b88-95a8-1a83fd3d8065,
06__DXK__RMO__DDO__195,ROMANO Xịt Ngăn Mùi Toàn Thân Attitude Đỏ 195ml,Chăm Sóc Da & Cơ Thể,Chai,4.0,440000.0,0.0,0.0,0.0,0.0,0.0,0.0,0.0,0.0,0.0,0.0,0.0,0.0,0.0,0.0,0.0,0.0,06__DXK__RMO__DDO__195,ROMANO Xịt Ngăn Mùi Toàn Thân Attitude Đỏ 195ml,,Hàng hóa,d4807e1d-8bd7-11f1-9b18-005056b2a5de,e19d1df1-d444-4777-a4d8-0e0b40d5ace5,c8220d45-8bd7-11f1-9b18-005056b2a5de,877,097330eb-f92d-4b88-95a8-1a83fd3d8065,
06__DXK__RMO__XLA__195,ROMANO Xịt Ngăn Mùi Toàn Thân Classic Xanh Lá 195ml,Chăm Sóc Da & Cơ Thể,Chai,6.0,660000.0,0.0,0.0,0.0,0.0,0.0,0.0,0.0,0.0,0.0,0.0,0.0,0.0,0.0,0.0,0.0,0.0,06__DXK__RMO__XLA__195,ROMANO Xịt Ngăn Mùi Toàn Thân Classic Xanh Lá 195ml,,Hàng hóa,d4807eb4-8bd7-11f1-9b18-005056b2a5de,936142e3-7cc2-44fe-96a8-827396f26cf0,c8220d45-8bd7-11f1-9b18-005056b2a5de,878,097330eb-f92d-4b88-95a8-1a83fd3d8065,
06__RBC__COL__MAH__3,COLGATE Bàn Chải Mềm Mảnh Sạch Sâu Hiệu Quả (3cây),Chăm Sóc Răng Miệng,Cái,12.0,600000.0,0.0,0.0,0.0,0.0,0.0,0.0,0.0,0.0,0.0,0.0,0.0,0.0,0.0,0.0,0.0,0.0,06__RBC__COL__MAH__3,COLGATE Bàn Chải Mềm Mảnh Sạch Sâu Hiệu Quả (3cây),,Hàng hóa,d4807f4b-8bd7-11f1-9b18-005056b2a5de,5698de83-508d-41bb-9c85-549e309b63a1,c8220d45-8bd7-11f1-9b18-005056b2a5de,879,097330eb-f92d-4b88-95a8-1a83fd3d8061,
06__RBC__COL__MEM__3,COLGATE Bàn Chải Mềm Mảnh Chăm Sóc Nướu (3cây),Chăm Sóc Răng Miệng,Cái,10.0,450000.0,0.0,0.0,0.0,0.0,0.0,0.0,1.0,45000.0,0.0,0.0,0.0,0.0,14.0,630000.0,14.0,630000.0,06__RBC__COL__MEM__3,COLGATE Bàn Chải Mềm Mảnh Chăm Sóc Nướu (3cây),,Hàng hóa,d4807fe4-8bd7-11f1-9b18-005056b2a5de,7613427d-0c60-4f85-8a0e-ea71516df25a,c8220d45-8bd7-11f1-9b18-005056b2a5de,880,097330eb-f92d-4b88-95a8-1a83fd3d8061,
06__RBC__COL__TRE__1,COLGATE Bàn Chải Đánh Răng Trẻ Em,Chăm Sóc Răng Miệng,Cái,13.0,474000.0,0.0,0.0,0.0,0.0,0.0,0.0,0.0,0.0,0.0,0.0,0.0,0.0,10.0,400000.0,10.0,400000.0,06__RBC__COL__TRE__1,COLGATE Bàn Chải Đánh Răng Trẻ Em,,Hàng hóa,d480811b-8bd7-11f1-9b18-005056b2a5de,2a8e4e0f-50f1-4c1c-9cc4-7cf868b7c0a6,c8220d45-8bd7-11f1-9b18-005056b2a5de,881,097330eb-f92d-4b88-95a8-1a83fd3d8061,
06__RBC__KPS__BVE__01,PS Bàn Chải Bảo Vệ 123 Mềm MạI,Chăm Sóc Răng Miệng,Cái,33.0,429000.0,0.0,0.0,0.0,0.0,0.0,0.0,0.0,0.0,0.0,0.0,0.0,0.0,1.0,13000.0,1.0,13000.0,06__RBC__KPS__BVE__01,PS Bàn Chải Bảo Vệ 123 Mềm MạI,,Hàng hóa,d48081b0-8bd7-11f1-9b18-005056b2a5de,82458a1c-ec4c-4331-8a0a-1b0705a3cdec,c8220d45-8bd7-11f1-9b18-005056b2a5de,882,097330eb-f92d-4b88-95a8-1a83fd3d8061,
06__RBC__KPS__MEM__01,PS Bàn Chải Siêu Mềm Lông Tơ Sạch Hiệu Quả,Chăm Sóc Răng Miệng,Cái,42.0,840000.0,0.0,0.0,0.0,0.0,0.0,0.0,0.0,0.0,0.0,0.0,0.0,0.0,1.0,20000.0,1.0,20000.0,06__RBC__KPS__MEM__01,PS Bàn Chải Siêu Mềm Lông Tơ Sạch Hiệu Quả,,Hàng hóa,d4808247-8bd7-11f1-9b18-005056b2a5de,55825ce2-6349-49cc-a270-4b5fd1964f49,c8220d45-8bd7-11f1-9b18-005056b2a5de,883,097330eb-f92d-4b88-95a8-1a83fd3d8061,
06__RBC__KPS__MEM__12,PS Bàn Chải Lông Tơ Mềm Mại *12c/vỉ,Chăm Sóc Răng Miệng,Cái,78.0,2184000.0,0.0,0.0,0.0,0.0,0.0,0.0,0.0,0.0,0.0,0.0,0.0,0.0,16.0,448000.0,16.0,448000.0,06__RBC__KPS__MEM__12,PS Bàn Chải Lông Tơ Mềm Mại *12c/vỉ,,Hàng hóa,d48082da-8bd7-11f1-9b18-005056b2a5de,f676de85-ff30-4b5d-8310-5f033a990a31,c8220d45-8bd7-11f1-9b18-005056b2a5de,884,097330eb-f92d-4b88-95a8-1a83fd3d8061,
06__RBC__KPS__T11__01,PS Bàn Chải Trẻ Em Siêu Mềm 7-11 Tuổi,Chăm Sóc Răng Miệng,Cái,15.0,300000.0,0.0,0.0,0.0,0.0,0.0,0.0,0.0,0.0,0.0,0.0,0.0,0.0,9.0,180000.0,9.0,180000.0,06__RBC__KPS__T11__01,PS Bàn Chải Trẻ Em Siêu Mềm 7-11 Tuổi,,Hàng hóa,d480836e-8bd7-11f1-9b18-005056b2a5de,db3b10db-bd80-4943-9a3e-db0a32383052,c8220d45-8bd7-11f1-9b18-005056b2a5de,885,097330eb-f92d-4b88-95a8-1a83fd3d8061,
06__RBC__KPS__T26__01,PS Bàn Chải Trẻ Em Siêu Mềm 2-6 Tuổi,Chăm Sóc Răng Miệng,Cái,8.0,160000.0,0.0,0.0,0.0,0.0,0.0,0.0,0.0,0.0,0.0,0.0,0.0,0.0,3.0,60000.0,3.0,60000.0,06__RBC__KPS__T26__01,PS Bàn Chải Trẻ Em Siêu Mềm 2-6 Tuổi,,Hàng hóa,d4808405-8bd7-11f1-9b18-005056b2a5de,b58cc363-c32d-4d0c-91eb-750b2c48ed0d,c8220d45-8bd7-11f1-9b18-005056b2a5de,886,097330eb-f92d-4b88-95a8-1a83fd3d8061,
06__RBC__KPS__TBC__01,PS Bàn Chải Than Bạc Kháng Khuẩn,Chăm Sóc Răng Miệng,Cái,11.0,421000.0,0.0,0.0,0.0,0.0,0.0,0.0,0.0,0.0,0.0,0.0,0.0,0.0,0.0,0.0,0.0,0.0,06__RBC__KPS__TBC__01,PS Bàn Chải Than Bạc Kháng Khuẩn,,Hàng hóa,d4808497-8bd7-11f1-9b18-005056b2a5de,6a014ca4-71b4-4eed-8bcc-7d34e51dd2b6,c8220d45-8bd7-11f1-9b18-005056b2a5de,887,097330eb-f92d-4b88-95a8-1a83fd3d8061,
06__RBC__KPS__TRE__01,PS Bàn Chải MuốI Tre,Chăm Sóc Răng Miệng,Cái,27.0,933000.0,0.0,0.0,0.0,0.0,0.0,0.0,0.0,0.0,0.0,0.0,0.0,0.0,18.0,630000.0,18.0,630000.0,06__RBC__KPS__TRE__01,PS Bàn Chải MuốI Tre,,Hàng hóa,d480852a-8bd7-11f1-9b18-005056b2a5de,347f299d-568e-4a7b-b84f-8c9e74613f8a,c8220d45-8bd7-11f1-9b18-005056b2a5de,888,097330eb-f92d-4b88-95a8-1a83fd3d8061,
06__RBC__ORB__BLK__3,ORAL'B Bàn Chải Đánh Răng Black Tea Mua 2 Tặng 1,Chăm Sóc Răng Miệng,Vỉ,15.0,1185000.0,0.0,0.0,0.0,0.0,0.0,0.0,0.0,0.0,0.0,0.0,0.0,0.0,5.0,415000.0,5.0,415000.0,06__RBC__ORB__BLK__3,ORAL'B Bàn Chải Đánh Răng Black Tea Mua 2 Tặng 1,,Hàng hóa,d48085ba-8bd7-11f1-9b18-005056b2a5de,0eddbacf-a8bc-4004-b4fe-b518c727cafb,c8220d45-8bd7-11f1-9b18-005056b2a5de,889,097330eb-f92d-4b88-95a8-1a83fd3d8017,
06__RBC__ORB__GRE__3,ORAL'B Bàn Chải Đánh Răng Green Tea Mua 2 Tặng 1,Chăm Sóc Răng Miệng,Vỉ,11.0,865000.0,0.0,0.0,0.0,0.0,0.0,0.0,0.0,0.0,0.0,0.0,0.0,0.0,9.0,747000.0,9.0,747000.0,06__RBC__ORB__GRE__3,ORAL'B Bàn Chải Đánh Răng Green Tea Mua 2 Tặng 1,,Hàng hóa,d4808660-8bd7-11f1-9b18-005056b2a5de,4de6ec18-8540-4b7b-88c7-f62655e2d19b,c8220d45-8bd7-11f1-9b18-005056b2a5de,890,097330eb-f92d-4b88-95a8-1a83fd3d8017,
06__RKD__CLO__BHA__180,CLOSEUP Kem Đánh Răng Thơm Mát Bạc Hà 180g,Chăm Sóc Răng Miệng,Cái,19.0,886000.0,0.0,0.0,0.0,0.0,0.0,0.0,0.0,0.0,0.0,0.0,0.0,0.0,11.0,550000.0,11.0,550000.0,06__RKD__CLO__BHA__180,CLOSEUP Kem Đánh Răng Thơm Mát Bạc Hà 180g,,Hàng hóa,d48086f5-8bd7-11f1-9b18-005056b2a5de,f78e419a-b8d3-4dae-aca4-3062a942017e,c8220d45-8bd7-11f1-9b18-005056b2a5de,891,097330eb-f92d-4b88-95a8-1a83fd3d8061,
06__RKD__COL__PRO__110,COLGATE Kem Đánh Răng Sensitive Pro-Relief 110g,Chăm Sóc Răng Miệng,Cái,22.0,1672000.0,0.0,0.0,0.0,0.0,0.0,0.0,0.0,0.0,0.0,0.0,0.0,0.0,14.0,1260000.0,14.0,1260000.0,06__RKD__COL__PRO__110,COLGATE Kem Đánh Răng Sensitive Pro-Relief 110g,,Hàng hóa,d480878a-8bd7-11f1-9b18-005056b2a5de,e2388570-50f2-4e65-a645-5b29dcd89eed,c8220d45-8bd7-11f1-9b18-005056b2a5de,892,097330eb-f92d-4b88-95a8-1a83fd3d8061,
06__RKD__COL__TOT__150,COLGATE Kem Đánh Răng Total Active Prevention 150g,Chăm Sóc Răng Miệng,Cái,19.0,1131000.0,0.0,0.0,0.0,0.0,0.0,0.0,0.0,0.0,0.0,0.0,0.0,0.0,28.0,1876000.0,28.0,1876000.0,06__RKD__COL__TOT__150,COLGATE Kem Đánh Răng Total Active Prevention 150g,,Hàng hóa,d4808821-8bd7-11f1-9b18-005056b2a5de,c178e9d9-4eb1-4b7d-bf13-480dbdb14b16,c8220d45-8bd7-11f1-9b18-005056b2a5de,893,097330eb-f92d-4b88-95a8-1a83fd3d8061,
06__RKD__COL__VMC__90,COLGATE Kem Đánh Răng VitaminC Thơm Mát 90g,Chăm Sóc Răng Miệng,Cái,44.0,1130000.0,0.0,0.0,0.0,0.0,0.0,0.0,0.0,0.0,0.0,0.0,0.0,0.0,25.0,700000.0,25.0,700000.0,06__RKD__COL__VMC__90,COLGATE Kem Đánh Răng VitaminC Thơm Mát 90g,,Hàng hóa,d48088b6-8bd7-11f1-9b18-005056b2a5de,8d5a56e9-eedf-457f-a6cc-6a36ecac4f9e,c8220d45-8bd7-11f1-9b18-005056b2a5de,894,097330eb-f92d-4b88-95a8-1a83fd3d8061,
06__RKD__CUP__BTT__180,CLOSEUP Kem Đánh Răng Tinh Thể Băng Tuyết 180g,Chăm Sóc Răng Miệng,Cái,24.0,1164000.0,0.0,0.0,0.0,0.0,0.0,0.0,0.0,0.0,0.0,0.0,0.0,0.0,13.0,650000.0,13.0,650000.0,06__RKD__CUP__BTT__180,CLOSEUP Kem Đánh Răng Tinh Thể Băng Tuyết 180g,,Hàng hóa,d4808948-8bd7-11f1-9b18-005056b2a5de,d4a6eeeb-42ce-4e43-b855-fca3ebef60f4,c8220d45-8bd7-11f1-9b18-005056b2a5de,895,097330eb-f92d-4b88-95a8-1a83fd3d8061,
06__RKD__KPS__123__180,PS Kem Đánh Răng Bảo Vệ 123 180g,Chăm Sóc Răng Miệng,Cái,34.0,1288000.0,0.0,0.0,0.0,0.0,0.0,0.0,1.0,38000.0,0.0,0.0,0.0,0.0,3.0,120000.0,3.0,120000.0,06__RKD__KPS__123__180,PS Kem Đánh Răng Bảo Vệ 123 180g,,Hàng hóa,d48089db-8bd7-11f1-9b18-005056b2a5de,81086c6b-e42e-455b-bfa0-fb595deec35f,c8220d45-8bd7-11f1-9b18-005056b2a5de,896,097330eb-f92d-4b88-95a8-1a83fd3d8061,
06__RKD__KPS__26D__90,PS Kem Đánh Răng Trẻ Em 2-6 Tuổi Dâu 90g,Chăm Sóc Răng Miệng,Cái,5.0,200000.0,0.0,0.0,0.0,0.0,0.0,0.0,1.0,40000.0,0.0,0.0,0.0,0.0,1.0,40000.0,1.0,40000.0,06__RKD__KPS__26D__90,PS Kem Đánh Răng Trẻ Em 2-6 Tuổi Dâu 90g,,Hàng hóa,d4808a6f-8bd7-11f1-9b18-005056b2a5de,212dff8b-92ae-4bc0-a137-094749b92ebf,c8220d45-8bd7-11f1-9b18-005056b2a5de,897,097330eb-f92d-4b88-95a8-1a83fd3d8061,
06__RKD__KPS__C26__45,PS Kem Đánh Răng Trẻ Em Hương Cam 45g,Chăm Sóc Răng Miệng,Cái,11.0,275000.0,0.0,0.0,0.0,0.0,0.0,0.0,0.0,0.0,0.0,0.0,0.0,0.0,0.0,0.0,0.0,0.0,06__RKD__KPS__C26__45,PS Kem Đánh Răng Trẻ Em Hương Cam 45g,,Hàng hóa,d4808b02-8bd7-11f1-9b18-005056b2a5de,f1939160-0636-417d-b711-9e97642d7c43,c8220d45-8bd7-11f1-9b18-005056b2a5de,898,097330eb-f92d-4b88-95a8-1a83fd3d8061,
06__RKD__KPS__CAM__90,PS Kem Đánh Răng Trẻ Em 2-6 Tuổi Cam 90g,Chăm Sóc Răng Miệng,Cái,4.0,176000.0,0.0,0.0,0.0,0.0,0.0,0.0,0.0,0.0,0.0,0.0,0.0,0.0,2.0,88000.0,2.0,88000.0,06__RKD__KPS__CAM__90,PS Kem Đánh Răng Trẻ Em 2-6 Tuổi Cam 90g,,Hàng hóa,d4808b93-8bd7-11f1-9b18-005056b2a5de,6e04e827-6802-4e43-907d-c58f9077cdd2,c8220d45-8bd7-11f1-9b18-005056b2a5de,899,097330eb-f92d-4b88-95a8-1a83fd3d8061,
06__RKD__KPS__DAU__90,PS Kem Đánh Răng Trẻ Em Hương Dâu 45g,Chăm Sóc Răng Miệng,Cái,13.0,325000.0,0.0,0.0,0.0,0.0,0.0,0.0,0.0,0.0,0.0,0.0,0.0,0.0,8.0,200000.0,8.0,200000.0,06__RKD__KPS__DAU__90,PS Kem Đánh Răng Trẻ Em Hương Dâu 45g,,Hàng hóa,d4808c30-8bd7-11f1-9b18-005056b2a5de,c9aa8fd4-1c4a-44ba-a242-821a22552a75,c8220d45-8bd7-11f1-9b18-005056b2a5de,900,097330eb-f92d-4b88-95a8-1a83fd3d8061,
06__RKD__KPS__SAU__100,PS Kem Đánh Răng Ngừa Sâu Răng Vượt Trội 100g,Chăm Sóc Răng Miệng,Hộp,19.0,570000.0,0.0,0.0,0.0,0.0,0.0,0.0,0.0,0.0,0.0,0.0,0.0,0.0,0.0,0.0,0.0,0.0,06__RKD__KPS__SAU__100,PS Kem Đánh Răng Ngừa Sâu Răng Vượt Trội 100g,,Hàng hóa,d4808cc7-8bd7-11f1-9b18-005056b2a5de,cf18ffa7-9209-4b43-b9ef-7c9c31a4e1aa,c8220d45-8bd7-11f1-9b18-005056b2a5de,901,097330eb-f92d-4b88-95a8-1a83fd3d8064,
06__RKD__KPS__THT__180,PS Kem Đánh Răng Than Hoạt Tính 180g,Chăm Sóc Răng Miệng,Cái,11.0,462000.0,0.0,0.0,0.0,0.0,0.0,0.0,0.0,0.0,0.0,0.0,0.0,0.0,0.0,0.0,0.0,0.0,06__RKD__KPS__THT__180,PS Kem Đánh Răng Than Hoạt Tính 180g,,Hàng hóa,d4808d5b-8bd7-11f1-9b18-005056b2a5de,0f93303b-ade5-4961-827c-469548b35bb0,c8220d45-8bd7-11f1-9b18-005056b2a5de,902,097330eb-f92d-4b88-95a8-1a83fd3d8061,
06__RKD__KPS__TXH__180,PS Kem Đánh Răng Trà Xanh 180g,Chăm Sóc Răng Miệng,Cái,30.0,1338000.0,0.0,0.0,0.0,0.0,0.0,0.0,0.0,0.0,0.0,0.0,0.0,0.0,28.0,1288000.0,28.0,1288000.0,06__RKD__KPS__TXH__180,PS Kem Đánh Răng Trà Xanh 180g,,Hàng hóa,d4808df1-8bd7-11f1-9b18-005056b2a5de,48cc8104-621e-41fb-818e-bd85f42a7af5,c8220d45-8bd7-11f1-9b18-005056b2a5de,903,097330eb-f92d-4b88-95a8-1a83fd3d8061,
06__RSM__LIS__COL__250,LISTERINE Nước Súc Miệng Coolmint 250ml,Chăm Sóc Răng Miệng,Chai,30.0,1800000.0,0.0,0.0,0.0,0.0,0.0,0.0,0.0,0.0,0.0,0.0,0.0,0.0,17.0,1020000.0,17.0,1020000.0,06__RSM__LIS__COL__250,LISTERINE Nước Súc Miệng Coolmint 250ml,,Hàng hóa,d4808e86-8bd7-11f1-9b18-005056b2a5de,836891e6-be0c-4c54-90dc-6c257d728eed,c8220d45-8bd7-11f1-9b18-005056b2a5de,904,097330eb-f92d-4b88-95a8-1a83fd3d8065,
06__RSM__LIS__TXH__250,LISTERINE Nước Súc Miệng Trà Xanh 250ml,Chăm Sóc Răng Miệng,Chai,4.0,265000.0,0.0,0.0,0.0,0.0,0.0,0.0,0.0,0.0,0.0,0.0,0.0,0.0,0.0,0.0,0.0,0.0,06__RSM__LIS__TXH__250,LISTERINE Nước Súc Miệng Trà Xanh 250ml,,Hàng hóa,d4808f2a-8bd7-11f1-9b18-005056b2a5de,029c39ed-a9e6-477e-9590-47fb553310b3,c8220d45-8bd7-11f1-9b18-005056b2a5de,905,097330eb-f92d-4b88-95a8-1a83fd3d8065,
06__TGC__CLR__MBH__170,CLEAR MEN Dầu Gội Bạc Hà Mát Lạnh Xanh 170g,Chăm Sóc Tóc,Chai,14.0,1136000.0,0.0,0.0,0.0,0.0,0.0,0.0,0.0,0.0,0.0,0.0,0.0,0.0,2.0,164000.0,2.0,164000.0,06__TGC__CLR__MBH__170,CLEAR MEN Dầu Gội Bạc Hà Mát Lạnh Xanh 170g,,Hàng hóa,d4809091-8bd7-11f1-9b18-005056b2a5de,72a0bf9d-23b2-4471-a58d-afa4b3a90800,c8220d45-8bd7-11f1-9b18-005056b2a5de,906,097330eb-f92d-4b88-95a8-1a83fd3d8065,
06__TGC__CLR__TRG__170,CLEAR Dầu Gội Bạc Hà Mát Lạnh Trắng 170g,Chăm Sóc Tóc,Chai,20.0,1540000.0,0.0,0.0,0.0,0.0,0.0,0.0,0.0,0.0,0.0,0.0,0.0,0.0,6.0,480000.0,6.0,480000.0,06__TGC__CLR__TRG__170,CLEAR Dầu Gội Bạc Hà Mát Lạnh Trắng 170g,,Hàng hóa,d4809178-8bd7-11f1-9b18-005056b2a5de,f657cb08-883d-4a24-8f41-6b66abe5e6f0,c8220d45-8bd7-11f1-9b18-005056b2a5de,907,097330eb-f92d-4b88-95a8-1a83fd3d8065,
06__TGC__DOV__HOI__170,DOVE Dầu Gội Phục Hồi Hư Tổn 170g,Chăm Sóc Tóc,Chai,12.0,720000.0,0.0,0.0,0.0,0.0,0.0,0.0,0.0,0.0,0.0,0.0,0.0,0.0,0.0,0.0,0.0,0.0,06__TGC__DOV__HOI__170,DOVE Dầu Gội Phục Hồi Hư Tổn 170g,,Hàng hóa,d4809251-8bd7-11f1-9b18-005056b2a5de,bee3e3c2-09de-478d-af39-74f035d440f0,c8220d45-8bd7-11f1-9b18-005056b2a5de,908,097330eb-f92d-4b88-95a8-1a83fd3d8065,
06__TGC__DOV__HOI__190,DOVE Dầu Gội Phục Hồi Hư Tổn 190g,Chăm Sóc Tóc,Chai,8.0,720000.0,0.0,0.0,0.0,0.0,0.0,0.0,0.0,0.0,0.0,0.0,0.0,0.0,7.0,630000.0,7.0,630000.0,06__TGC__DOV__HOI__190,DOVE Dầu Gội Phục Hồi Hư Tổn 190g,,Hàng hóa,d48093f1-8bd7-11f1-9b18-005056b2a5de,fbf6fa4f-d0c0-4d7d-b57a-14c96bc00033,c8220d45-8bd7-11f1-9b18-005056b2a5de,909,097330eb-f92d-4b88-95a8-1a83fd3d8065,
06__TGC__HNS__BHA__330,HEAD&SHOULDERS Dầu Gội Bạc Hà Mát Lạnh 330ml,Chăm Sóc Tóc,Chai,5.0,817000.0,0.0,0.0,0.0,0.0,0.0,0.0,0.0,0.0,0.0,0.0,0.0,0.0,6.0,1020000.0,6.0,1020000.0,06__TGC__HNS__BHA__330,HEAD&SHOULDERS Dầu Gội Bạc Hà Mát Lạnh 330ml,,Hàng hóa,d480948e-8bd7-11f1-9b18-005056b2a5de,be959c6b-bd50-4bf0-b012-23680cc74762,c8220d45-8bd7-11f1-9b18-005056b2a5de,910,097330eb-f92d-4b88-95a8-1a83fd3d8065,
06__TGC__LBY__DTC__170,LIFEBUOY Dầu Gội Dưỡng Tóc Óng Ả 170g,Chăm Sóc Tóc,Chai,18.0,684000.0,0.0,0.0,0.0,0.0,0.0,0.0,0.0,0.0,0.0,0.0,0.0,0.0,5.0,190000.0,5.0,190000.0,06__TGC__LBY__DTC__170,LIFEBUOY Dầu Gội Dưỡng Tóc Óng Ả 170g,,Hàng hóa,d4809527-8bd7-11f1-9b18-005056b2a5de,3125ef08-96b6-452a-aaeb-7bac04c51f6d,c8220d45-8bd7-11f1-9b18-005056b2a5de,911,097330eb-f92d-4b88-95a8-1a83fd3d8065,
06__TGC__PAN__RTC__300,PANTENE Dầu Gội Ngăn Rụng Tóc 300ml,Chăm Sóc Tóc,Chai,12.0,1435000.0,0.0,0.0,0.0,0.0,0.0,0.0,8.0,1000000.0,0.0,0.0,0.0,0.0,4.0,440000.0,4.0,440000.0,06__TGC__PAN__RTC__300,PANTENE Dầu Gội Ngăn Rụng Tóc 300ml,,Hàng hóa,d48095be-8bd7-11f1-9b18-005056b2a5de,9c4bbb62-8e02-4a76-aa8c-b97dd5f39c1c,c8220d45-8bd7-11f1-9b18-005056b2a5de,912,097330eb-f92d-4b88-95a8-1a83fd3d8065,
06__TGC__RMO__DDO__180,ROMANO Dầu Gội Attitude Đỏ 180g,Chăm Sóc Tóc,Chai,5.0,375000.0,0.0,0.0,0.0,0.0,0.0,0.0,0.0,0.0,0.0,0.0,0.0,0.0,0.0,0.0,0.0,0.0,06__TGC__RMO__DDO__180,ROMANO Dầu Gội Attitude Đỏ 180g,,Hàng hóa,d4809658-8bd7-11f1-9b18-005056b2a5de,f94581f1-ff6e-464a-a528-2ae2c2ad0bac,c8220d45-8bd7-11f1-9b18-005056b2a5de,913,097330eb-f92d-4b88-95a8-1a83fd3d8065,
06__TGC__RMO__XLA__180,ROMANO Dầu Gội Classic Xanh Lá 180g,Chăm Sóc Tóc,Chai,5.0,375000.0,0.0,0.0,0.0,0.0,0.0,0.0,0.0,0.0,0.0,0.0,0.0,0.0,4.0,300000.0,4.0,300000.0,06__TGC__RMO__XLA__180,ROMANO Dầu Gội Classic Xanh Lá 180g,,Hàng hóa,d48096f0-8bd7-11f1-9b18-005056b2a5de,1cce36c7-71e1-4b8f-96c1-e21d2746f0f2,c8220d45-8bd7-11f1-9b18-005056b2a5de,914,097330eb-f92d-4b88-95a8-1a83fd3d8065,
06__TGC__SUN__OMT__170,SUNSILK Dầu Gội Óng Mượt Rạng Ngời Đen 170g,Chăm Sóc Tóc,Chai,16.0,912000.0,0.0,0.0,0.0,0.0,0.0,0.0,0.0,0.0,0.0,0.0,0.0,0.0,5.0,285000.0,5.0,285000.0,06__TGC__SUN__OMT__170,SUNSILK Dầu Gội Óng Mượt Rạng Ngời Đen 170g,,Hàng hóa,d4809786-8bd7-11f1-9b18-005056b2a5de,8badef39-0eea-4fba-bc78-b4abce673700,c8220d45-8bd7-11f1-9b18-005056b2a5de,915,097330eb-f92d-4b88-95a8-1a83fd3d8065,
06__TGC__XMN__2IN1__180,XMEN Dầu Tắm Gội 2in1 Nước Hoa Wood 180g,Chăm Sóc Tóc,Chai,3.0,225000.0,0.0,0.0,0.0,0.0,0.0,0.0,0.0,0.0,0.0,0.0,0.0,0.0,8.0,640000.0,8.0,640000.0,06__TGC__XMN__2IN1__180,XMEN Dầu Tắm Gội 2in1 Nước Hoa Wood 180g,,Hàng hóa,d480981d-8bd7-11f1-9b18-005056b2a5de,9dba2a11-5aba-44cd-9613-4d4b50dd07c9,c8220d45-8bd7-11f1-9b18-005056b2a5de,916,097330eb-f92d-4b88-95a8-1a83fd3d8065,
06__TGC__XMN__BOS__180,XMEN For Boss Dầu Gội Nước Hoa Intense 180g,Chăm Sóc Tóc,Chai,5.0,430000.0,0.0,0.0,0.0,0.0,0.0,0.0,0.0,0.0,0.0,0.0,0.0,0.0,3.0,282000.0,3.0,282000.0,06__TGC__XMN__BOS__180,XMEN For Boss Dầu Gội Nước Hoa Intense 180g,,Hàng hóa,d48098ae-8bd7-11f1-9b18-005056b2a5de,e56f3b86-fb48-4bc5-bd32-6e389838d9fe,c8220d45-8bd7-11f1-9b18-005056b2a5de,917,097330eb-f92d-4b88-95a8-1a83fd3d8065,
06__TGC__XMN__FIR__180,XMEN Dầu Gội Nước Hoa FIRE 180g,Chăm Sóc Tóc,Chai,1.0,74000.0,0.0,0.0,0.0,0.0,0.0,0.0,0.0,0.0,0.0,0.0,0.0,0.0,7.0,560000.0,7.0,560000.0,06__TGC__XMN__FIR__180,XMEN Dầu Gội Nước Hoa FIRE 180g,,Hàng hóa,d4809944-8bd7-11f1-9b18-005056b2a5de,b9b4d486-c0be-4bbb-919d-7b8b2b2ace7d,c8220d45-8bd7-11f1-9b18-005056b2a5de,918,097330eb-f92d-4b88-95a8-1a83fd3d8065,
06__TGC__XMN__FIR__380,XMEN Dầu Gội Nước Hoa Fire 380g,Chăm Sóc Tóc,Chai,0.0,0.0,0.0,0.0,0.0,0.0,0.0,0.0,0.0,0.0,0.0,0.0,0.0,0.0,4.0,540000.0,4.0,540000.0,06__TGC__XMN__FIR__380,XMEN Dầu Gội Nước Hoa Fire 380g,,Hàng hóa,d48099d7-8bd7-11f1-9b18-005056b2a5de,8a221d6d-154d-4745-9b3c-a61e31e6dd27,c8220d45-8bd7-11f1-9b18-005056b2a5de,919,097330eb-f92d-4b88-95a8-1a83fd3d8065,
06__TGC__XMN__MET__180,XMEN Dầu Gội Nước Hoa Metal 180g,Chăm Sóc Tóc,Chai,3.0,234000.0,0.0,0.0,0.0,0.0,0.0,0.0,0.0,0.0,0.0,0.0,0.0,0.0,5.0,400000.0,5.0,400000.0,06__TGC__XMN__MET__180,XMEN Dầu Gội Nước Hoa Metal 180g,,Hàng hóa,d4809a7c-8bd7-11f1-9b18-005056b2a5de,3133f912-c775-40c5-b3ae-46c3da07ad82,c8220d45-8bd7-11f1-9b18-005056b2a5de,920,097330eb-f92d-4b88-95a8-1a83fd3d8065,
06__TGC__XMN__WOD__180,XMEN Dầu Gội Nước Hoa Wood 180g,Chăm Sóc Tóc,Chai,0.0,0.0,0.0,0.0,0.0,0.0,0.0,0.0,0.0,0.0,0.0,0.0,0.0,0.0,7.0,560000.0,7.0,560000.0,06__TGC__XMN__WOD__180,XMEN Dầu Gội Nước Hoa Wood 180g,,Hàng hóa,d4809b0e-8bd7-11f1-9b18-005056b2a5de,a02fdead-8ae4-4c3b-85e7-f0ccbf462c7f,c8220d45-8bd7-11f1-9b18-005056b2a5de,921,097330eb-f92d-4b88-95a8-1a83fd3d8065,
06__TGC__XMN__WOD__380,XMEN Dầu Gội Nước Hoa Wood 380g,Chăm Sóc Tóc,Chai,1.0,135000.0,0.0,0.0,0.0,0.0,0.0,0.0,0.0,0.0,0.0,0.0,0.0,0.0,7.0,945000.0,7.0,945000.0,06__TGC__XMN__WOD__380,XMEN Dầu Gội Nước Hoa Wood 380g,,Hàng hóa,d4809ba6-8bd7-11f1-9b18-005056b2a5de,12227902-b77a-40af-a50a-c8ee8ebdfce6,c8220d45-8bd7-11f1-9b18-005056b2a5de,922,097330eb-f92d-4b88-95a8-1a83fd3d8065,
06__TTG__RMO__DDO__650,ROMANO Tắm Gội 2in1 Attitude Đỏ 650g,Chăm Sóc Tóc,Chai,1.0,198000.0,0.0,0.0,0.0,0.0,0.0,0.0,0.0,0.0,0.0,0.0,0.0,0.0,4.0,792000.0,4.0,792000.0,06__TTG__RMO__DDO__650,ROMANO Tắm Gội 2in1 Attitude Đỏ 650g,,Hàng hóa,d4809c37-8bd7-11f1-9b18-005056b2a5de,a0bee1ee-5fda-4e55-8eb9-6915697e55f0,c8220d45-8bd7-11f1-9b18-005056b2a5de,923,097330eb-f92d-4b88-95a8-1a83fd3d8065,
06__TTG__RMO__XLA__180,ROMANO Tắm Gội 2in1 Classic Xanh Lá 180g,Chăm Sóc Tóc,Chai,7.0,525000.0,0.0,0.0,0.0,0.0,0.0,0.0,0.0,0.0,0.0,0.0,0.0,0.0,8.0,600000.0,8.0,600000.0,06__TTG__RMO__XLA__180,ROMANO Tắm Gội 2in1 Classic Xanh Lá 180g,,Hàng hóa,d4809ccb-8bd7-11f1-9b18-005056b2a5de,9196fd84-0f76-485c-8e81-2f63e3a94063,c8220d45-8bd7-11f1-9b18-005056b2a5de,924,097330eb-f92d-4b88-95a8-1a83fd3d8065,
06__TTG__RMO__XLA__650,ROMANO Tắm Gội 2in1 Classic Xanh Lá 650g,Chăm Sóc Tóc,Chai,6.0,1188000.0,0.0,0.0,0.0,0.0,0.0,0.0,0.0,0.0,0.0,0.0,0.0,0.0,1.0,198000.0,1.0,198000.0,06__TTG__RMO__XLA__650,ROMANO Tắm Gội 2in1 Classic Xanh Lá 650g,,Hàng hóa,d4809d60-8bd7-11f1-9b18-005056b2a5de,8fdac043-3e1e-4c01-8788-12398f5af073,c8220d45-8bd7-11f1-9b18-005056b2a5de,925,097330eb-f92d-4b88-95a8-1a83fd3d8065,
06__TXC__DOV__HOI__170,DOVE Kem Xả Phục HồI Hư Tổn 170g,Chăm Sóc Tóc,Chai,28.0,1790000.0,0.0,0.0,0.0,0.0,0.0,0.0,0.0,0.0,0.0,0.0,0.0,0.0,9.0,630000.0,9.0,630000.0,06__TXC__DOV__HOI__170,DOVE Kem Xả Phục HồI Hư Tổn 170g,,Hàng hóa,d4809df5-8bd7-11f1-9b18-005056b2a5de,f27f0c22-1730-4197-81c8-728dedbdc17a,c8220d45-8bd7-11f1-9b18-005056b2a5de,926,097330eb-f92d-4b88-95a8-1a83fd3d8065,
06__TXC__PAN__KER__300,PANTENE Kem Xả Mềm Tóc Miracles Keratin 300ml,Chăm Sóc Tóc,Chai,10.0,1495000.0,0.0,0.0,0.0,0.0,0.0,0.0,0.0,0.0,0.0,0.0,0.0,0.0,7.0,1120000.0,7.0,1120000.0,06__TXC__PAN__KER__300,PANTENE Kem Xả Mềm Tóc Miracles Keratin 300ml,,Hàng hóa,d4809e88-8bd7-11f1-9b18-005056b2a5de,fe28ef9e-141d-4a9f-ad18-91bb944bf621,c8220d45-8bd7-11f1-9b18-005056b2a5de,927,097330eb-f92d-4b88-95a8-1a83fd3d8065,
06__TXC__PAN__RTC__300,PANTENE Dầu Xả Ngăn Rụng Tóc 300ml,Chăm Sóc Tóc,Chai,10.0,1235000.0,0.0,0.0,0.0,0.0,0.0,0.0,0.0,0.0,0.0,0.0,0.0,0.0,7.0,910000.0,7.0,910000.0,06__TXC__PAN__RTC__300,PANTENE Dầu Xả Ngăn Rụng Tóc 300ml,,Hàng hóa,d4809f1e-8bd7-11f1-9b18-005056b2a5de,e16cc539-c60f-4188-a690-314abb77c622,c8220d45-8bd7-11f1-9b18-005056b2a5de,928,097330eb-f92d-4b88-95a8-1a83fd3d8065,
06__VSB__DIA__FRE__20,DIANA Băng Vệ Sinh HN Cool Fresh 20,Chăm Sóc Vệ Sinh Cá Nhân,Bịch,27.0,753000.0,0.0,0.0,0.0,0.0,0.0,0.0,0.0,0.0,0.0,0.0,0.0,0.0,7.0,210000.0,7.0,210000.0,06__VSB__DIA__FRE__20,DIANA Băng Vệ Sinh HN Cool Fresh 20,,Hàng hóa,d4809fb5-8bd7-11f1-9b18-005056b2a5de,c9585f6c-5b10-4106-b7bb-7f8e39e09dc5,c8220d45-8bd7-11f1-9b18-005056b2a5de,929,097330eb-f92d-4b88-95a8-1a83fd3d8011,
06__VSB__DIA__MOV__8M,DIANA BVS Hàng Ngày Kháng Khuẩn Mỏng Vừa 8M,Chăm Sóc Vệ Sinh Cá Nhân,Bịch,29.0,377000.0,0.0,0.0,0.0,0.0,0.0,0.0,0.0,0.0,0.0,0.0,0.0,0.0,5.0,65000.0,5.0,65000.0,06__VSB__DIA__MOV__8M,DIANA BVS Hàng Ngày Kháng Khuẩn Mỏng Vừa 8M,,Hàng hóa,d480a056-8bd7-11f1-9b18-005056b2a5de,a1c7093f-8a38-4ee0-95db-561f724befcb,c8220d45-8bd7-11f1-9b18-005056b2a5de,930,097330eb-f92d-4b88-95a8-1a83fd3d8011,
06__VSB__DIA__SCF__238,DIANA Băng Vệ Sinh Sensi Cool Fresh SMC 23cm x 8 Miếng,Chăm Sóc Vệ Sinh Cá Nhân,Bịch,44.0,1228000.0,0.0,0.0,0.0,0.0,0.0,0.0,0.0,0.0,0.0,0.0,0.0,0.0,16.0,512000.0,16.0,512000.0,06__VSB__DIA__SCF__238,DIANA Băng Vệ Sinh Sensi Cool Fresh SMC 23cm x 8 Miếng,,Hàng hóa,d480a0ea-8bd7-11f1-9b18-005056b2a5de,2f4a095b-ac45-4224-8631-daf83b683ec1,c8220d45-8bd7-11f1-9b18-005056b2a5de,931,097330eb-f92d-4b88-95a8-1a83fd3d8011,
06__VSB__DIA__SCS__353,DIANA Băng Vệ Sinh Sensi Cool Fresh Super Night 35cm x 3 Miếng,Chăm Sóc Vệ Sinh Cá Nhân,Bịch,48.0,1291000.0,0.0,0.0,0.0,0.0,0.0,0.0,0.0,0.0,0.0,0.0,0.0,0.0,5.0,170000.0,5.0,170000.0,06__VSB__DIA__SCS__353,DIANA Băng Vệ Sinh Sensi Cool Fresh Super Night 35cm x 3 Miếng,,Hàng hóa,d480a180-8bd7-11f1-9b18-005056b2a5de,e33ce395-8527-4147-9c88-91737cb9ec91,c8220d45-8bd7-11f1-9b18-005056b2a5de,932,097330eb-f92d-4b88-95a8-1a83fd3d8011,
06__VSB__DIA__SEN__20,DIANA Băng Vệ Sinh Sensi Khô Thoáng 20 Miếng,Chăm Sóc Vệ Sinh Cá Nhân,Bịch,18.0,978000.0,0.0,0.0,0.0,0.0,0.0,0.0,0.0,0.0,0.0,0.0,0.0,0.0,6.0,360000.0,6.0,360000.0,06__VSB__DIA__SEN__20,DIANA Băng Vệ Sinh Sensi Khô Thoáng 20 Miếng,,Hàng hóa,d480a219-8bd7-11f1-9b18-005056b2a5de,3c1cf0b5-99b4-4cbb-b20f-7d698bf8f807,c8220d45-8bd7-11f1-9b18-005056b2a5de,933,097330eb-f92d-4b88-95a8-1a83fd3d8011,
06__VSB__DIA__SEN__81,DIANA BVS Sensi Cool Fresh SMC (8+1),Chăm Sóc Vệ Sinh Cá Nhân,Bịch,27.0,945000.0,0.0,0.0,0.0,0.0,0.0,0.0,0.0,0.0,0.0,0.0,0.0,0.0,1.0,35000.0,1.0,35000.0,06__VSB__DIA__SEN__81,DIANA BVS Sensi Cool Fresh SMC (8+1),,Hàng hóa,d480a2af-8bd7-11f1-9b18-005056b2a5de,421abb60-cd9c-4560-a505-becc3920ac04,c8220d45-8bd7-11f1-9b18-005056b2a5de,934,097330eb-f92d-4b88-95a8-1a83fd3d8011,
06__VSB__DIA__SHN__15520,DIANA Băng Vệ Sinh Sensi HN KK 155mm 20 Miếng,Chăm Sóc Vệ Sinh Cá Nhân,Bịch,14.0,295000.0,0.0,0.0,0.0,0.0,0.0,0.0,0.0,0.0,0.0,0.0,0.0,0.0,13.0,325000.0,13.0,325000.0,06__VSB__DIA__SHN__15520,DIANA Băng Vệ Sinh Sensi HN KK 155mm 20 Miếng,,Hàng hóa,d480a530-8bd7-11f1-9b18-005056b2a5de,53de7713-d50f-498f-b5d8-3b26a1c896c1,c8220d45-8bd7-11f1-9b18-005056b2a5de,935,097330eb-f92d-4b88-95a8-1a83fd3d8011,
06__VSB__DIA__SMC__238,DIANA Băng Vệ Sinh Sensi SMC 23cm x 8 Miếng,Chăm Sóc Vệ Sinh Cá Nhân,Bịch,56.0,1470000.0,0.0,0.0,0.0,0.0,0.0,0.0,0.0,0.0,0.0,0.0,0.0,0.0,6.0,180000.0,6.0,180000.0,06__VSB__DIA__SMC__238,DIANA Băng Vệ Sinh Sensi SMC 23cm x 8 Miếng,,Hàng hóa,d480a5fb-8bd7-11f1-9b18-005056b2a5de,d6e4daa3-9930-477b-8786-4a87593cb112,c8220d45-8bd7-11f1-9b18-005056b2a5de,936,097330eb-f92d-4b88-95a8-1a83fd3d8011,
06__VSB__DIA__SNI__35,DIANA Băng Vệ Sinh Siêu Thấm Supernight 35cm (3+1),Chăm Sóc Vệ Sinh Cá Nhân,Bịch,33.0,898000.0,0.0,0.0,0.0,0.0,0.0,0.0,0.0,0.0,0.0,0.0,0.0,0.0,14.0,420000.0,14.0,420000.0,06__VSB__DIA__SNI__35,DIANA Băng Vệ Sinh Siêu Thấm Supernight 35cm (3+1),,Hàng hóa,d480a742-8bd7-11f1-9b18-005056b2a5de,b567bb59-7a9c-4143-be44-10dab3bf718b,c8220d45-8bd7-11f1-9b18-005056b2a5de,937,097330eb-f92d-4b88-95a8-1a83fd3d8011,
06__VSB__DIA__STH__8MT2,DIANA BVS Siêu Thấm 8 Miếng Tặng 2,Chăm Sóc Vệ Sinh Cá Nhân,Bịch,39.0,1170000.0,0.0,0.0,0.0,0.0,0.0,0.0,0.0,0.0,0.0,0.0,0.0,0.0,15.0,450000.0,15.0,450000.0,06__VSB__DIA__STH__8MT2,DIANA BVS Siêu Thấm 8 Miếng Tặng 2,,Hàng hóa,d480a7da-8bd7-11f1-9b18-005056b2a5de,8184fb0c-2f67-41d1-ad99-ff68a83387d5,c8220d45-8bd7-11f1-9b18-005056b2a5de,938,097330eb-f92d-4b88-95a8-1a83fd3d8011,
06__VSB__DIA__STM__20,DIANA Băng Vệ Sinh Siêu Thấm 20 Miếng,Chăm Sóc Vệ Sinh Cá Nhân,Bịch,18.0,1028000.0,0.0,0.0,0.0,0.0,0.0,0.0,0.0,0.0,0.0,0.0,0.0,0.0,5.0,300000.0,5.0,300000.0,06__VSB__DIA__STM__20,DIANA Băng Vệ Sinh Siêu Thấm 20 Miếng,,Hàng hóa,d480a86c-8bd7-11f1-9b18-005056b2a5de,84d86eac-029d-4f11-a563-efb65c7619b7,c8220d45-8bd7-11f1-9b18-005056b2a5de,939,097330eb-f92d-4b88-95a8-1a83fd3d8011,
06__VSB__KOT__BQN__ML2,KOTEX Băng Quần Max Protect Size M-L 2 Miếng,Chăm Sóc Vệ Sinh Cá Nhân,Bịch,24.0,1008000.0,0.0,0.0,0.0,0.0,0.0,0.0,0.0,0.0,0.0,0.0,0.0,0.0,0.0,0.0,0.0,0.0,06__VSB__KOT__BQN__ML2,KOTEX Băng Quần Max Protect Size M-L 2 Miếng,,Hàng hóa,d480a904-8bd7-11f1-9b18-005056b2a5de,f3793aef-0cc1-4b3b-ac29-27d959e31b84,c8220d45-8bd7-11f1-9b18-005056b2a5de,940,097330eb-f92d-4b88-95a8-1a83fd3d8011,
06__VSB__KOT__BQU__ML2,KOTEX Băng Quần Cool Size M-L 2 Miếng,Chăm Sóc Vệ Sinh Cá Nhân,Bịch,12.0,760000.0,0.0,0.0,0.0,0.0,0.0,0.0,0.0,0.0,0.0,0.0,0.0,0.0,0.0,0.0,0.0,0.0,06__VSB__KOT__BQU__ML2,KOTEX Băng Quần Cool Size M-L 2 Miếng,,Hàng hóa,d480a99e-8bd7-11f1-9b18-005056b2a5de,71905717-7e9a-497f-8a6d-f50e20bbb145,c8220d45-8bd7-11f1-9b18-005056b2a5de,941,097330eb-f92d-4b88-95a8-1a83fd3d8011,
06__VSB__KOT__BVE__2320,KOTEX Bảo Vệ Toàn Diện 23cm 20 Miếng,Chăm Sóc Vệ Sinh Cá Nhân,Bịch,5.0,244000.0,0.0,0.0,0.0,0.0,0.0,0.0,0.0,0.0,0.0,0.0,0.0,0.0,10.0,600000.0,10.0,600000.0,06__VSB__KOT__BVE__2320,KOTEX Bảo Vệ Toàn Diện 23cm 20 Miếng,,Hàng hóa,d480aa33-8bd7-11f1-9b18-005056b2a5de,fdf8a2bd-5bdd-4a9d-8303-5e3feef5d443,c8220d45-8bd7-11f1-9b18-005056b2a5de,942,097330eb-f92d-4b88-95a8-1a83fd3d8011,
06__VSB__KOT__BVE__238,KOTEX Bảo Vệ Toàn Diện 23cm 8 Miếng,Chăm Sóc Vệ Sinh Cá Nhân,Bịch,28.0,761000.0,0.0,0.0,0.0,0.0,0.0,0.0,0.0,0.0,0.0,0.0,0.0,0.0,19.0,665000.0,19.0,665000.0,06__VSB__KOT__BVE__238,KOTEX Bảo Vệ Toàn Diện 23cm 8 Miếng,,Hàng hóa,d480aac5-8bd7-11f1-9b18-005056b2a5de,80807399-1a3e-4d03-b7ab-08b70341ef7b,c8220d45-8bd7-11f1-9b18-005056b2a5de,943,097330eb-f92d-4b88-95a8-1a83fd3d8011,
06__VSB__KOT__DAO__2320,KOTEX Gardenia Hoa Anh Đào 23cm 8 Miếng,Chăm Sóc Vệ Sinh Cá Nhân,Bịch,15.0,390000.0,0.0,0.0,0.0,0.0,0.0,0.0,0.0,0.0,0.0,0.0,0.0,0.0,0.0,0.0,0.0,0.0,06__VSB__KOT__DAO__2320,KOTEX Gardenia Hoa Anh Đào 23cm 8 Miếng,,Hàng hóa,d480ab59-8bd7-11f1-9b18-005056b2a5de,9547e75a-afb0-458c-b5b1-cb414f34f45e,c8220d45-8bd7-11f1-9b18-005056b2a5de,944,097330eb-f92d-4b88-95a8-1a83fd3d8011,
06__VSB__KOT__DEM__2812,KOTEX Siêu Ban Đêm 28cm 12 Miếng,Chăm Sóc Vệ Sinh Cá Nhân,Bịch,20.0,989000.0,0.0,0.0,0.0,0.0,0.0,0.0,0.0,0.0,0.0,0.0,0.0,0.0,4.0,220000.0,4.0,220000.0,06__VSB__KOT__DEM__2812,KOTEX Siêu Ban Đêm 28cm 12 Miếng,,Hàng hóa,d480abef-8bd7-11f1-9b18-005056b2a5de,fa144554-855e-47c5-9672-ed0a642cb049,c8220d45-8bd7-11f1-9b18-005056b2a5de,945,097330eb-f92d-4b88-95a8-1a83fd3d8011,
06__VSB__KOT__DEM__284,KOTEX Siêu Ban Đêm 28cm 4 Miếng,Chăm Sóc Vệ Sinh Cá Nhân,Bịch,23.0,458000.0,0.0,0.0,0.0,0.0,0.0,0.0,0.0,0.0,0.0,0.0,0.0,0.0,7.0,182000.0,7.0,182000.0,06__VSB__KOT__DEM__284,KOTEX Siêu Ban Đêm 28cm 4 Miếng,,Hàng hóa,d480ac8b-8bd7-11f1-9b18-005056b2a5de,1a0769ca-9998-42b3-9cd4-34419a8a62de,c8220d45-8bd7-11f1-9b18-005056b2a5de,946,097330eb-f92d-4b88-95a8-1a83fd3d8011,
06__VSB__KOT__DEM__353,KOTEX Siêu Ban Đêm 35cm 3 Miếng,Chăm Sóc Vệ Sinh Cá Nhân,Bịch,34.0,766000.0,0.0,0.0,0.0,0.0,0.0,0.0,0.0,0.0,0.0,0.0,0.0,0.0,5.0,125000.0,5.0,125000.0,06__VSB__KOT__DEM__353,KOTEX Siêu Ban Đêm 35cm 3 Miếng,,Hàng hóa,d480ad1f-8bd7-11f1-9b18-005056b2a5de,59099e7a-e12d-4858-aa3e-4193a924e8a6,c8220d45-8bd7-11f1-9b18-005056b2a5de,947,097330eb-f92d-4b88-95a8-1a83fd3d8011,
06__VSB__KOT__DEM__358,KOTEX Siêu Ban Đêm 35cm 8 Miếng,Chăm Sóc Vệ Sinh Cá Nhân,Bịch,25.0,1175000.0,0.0,0.0,0.0,0.0,0.0,0.0,0.0,0.0,0.0,0.0,0.0,0.0,3.0,156000.0,3.0,156000.0,06__VSB__KOT__DEM__358,KOTEX Siêu Ban Đêm 35cm 8 Miếng,,Hàng hóa,d480adb3-8bd7-11f1-9b18-005056b2a5de,e234949a-9baf-4e7a-b126-16e54d9fdf28,c8220d45-8bd7-11f1-9b18-005056b2a5de,948,097330eb-f92d-4b88-95a8-1a83fd3d8011,
06__VSB__KOT__FRE__238,KOTEX Freedom 23Cm 8 Miếng,Chăm Sóc Vệ Sinh Cá Nhân,Bịch,10.0,150000.0,0.0,0.0,0.0,0.0,0.0,0.0,0.0,0.0,0.0,0.0,0.0,0.0,5.0,75000.0,5.0,75000.0,06__VSB__KOT__FRE__238,KOTEX Freedom 23Cm 8 Miếng,,Hàng hóa,d480ae47-8bd7-11f1-9b18-005056b2a5de,687071cd-4d17-4e62-937e-fae27fc3596d,c8220d45-8bd7-11f1-9b18-005056b2a5de,949,097330eb-f92d-4b88-95a8-1a83fd3d8011,
06__VSB__KOT__LUX__238,KOTEX Luxe 23Cm 8 Miếng Mua1Tang1,Chăm Sóc Vệ Sinh Cá Nhân,Bịch,8.0,288000.0,0.0,0.0,0.0,0.0,0.0,0.0,0.0,0.0,0.0,0.0,0.0,0.0,8.0,304000.0,8.0,304000.0,06__VSB__KOT__LUX__238,KOTEX Luxe 23Cm 8 Miếng Mua1Tang1,,Hàng hóa,d480aeee-8bd7-11f1-9b18-005056b2a5de,9d20b400-2bb3-4046-b1b9-1ab1028840b9,c8220d45-8bd7-11f1-9b18-005056b2a5de,950,097330eb-f92d-4b88-95a8-1a83fd3d8011,
06__VSB__KOT__MCL__1520,KOTEX Maxcool Spa 15cm 20 Miếng + 2,Chăm Sóc Vệ Sinh Cá Nhân,Bịch,12.0,250000.0,0.0,0.0,0.0,0.0,0.0,0.0,0.0,0.0,0.0,0.0,0.0,0.0,4.0,120000.0,4.0,120000.0,06__VSB__KOT__MCL__1520,KOTEX Maxcool Spa 15cm 20 Miếng + 2,,Hàng hóa,d480af83-8bd7-11f1-9b18-005056b2a5de,14687b80-c6f4-45de-b310-65ae49a49ad3,c8220d45-8bd7-11f1-9b18-005056b2a5de,951,097330eb-f92d-4b88-95a8-1a83fd3d8011,
06__VSB__KOT__MCL__2320,KOTEX Maxcool Spa 23cm 20 Miếng,Chăm Sóc Vệ Sinh Cá Nhân,Bịch,16.0,900000.0,0.0,0.0,0.0,0.0,0.0,0.0,0.0,0.0,0.0,0.0,0.0,0.0,18.0,1170000.0,18.0,1170000.0,06__VSB__KOT__MCL__2320,KOTEX Maxcool Spa 23cm 20 Miếng,,Hàng hóa,d480b01a-8bd7-11f1-9b18-005056b2a5de,b1924998-bce6-4dbc-b3bb-4cc93f5908ac,c8220d45-8bd7-11f1-9b18-005056b2a5de,952,097330eb-f92d-4b88-95a8-1a83fd3d8011,
06__VSB__KOT__MCL__238,KOTEX Maxcool Spa 23cm 8 Miếng +4,Chăm Sóc Vệ Sinh Cá Nhân,Bịch,24.0,620000.0,0.0,0.0,0.0,0.0,0.0,0.0,0.0,0.0,0.0,0.0,0.0,0.0,4.0,140000.0,4.0,140000.0,06__VSB__KOT__MCL__238,KOTEX Maxcool Spa 23cm 8 Miếng +4,,Hàng hóa,d480b0b1-8bd7-11f1-9b18-005056b2a5de,232d95db-5bd9-4140-9a21-384e6231fb34,c8220d45-8bd7-11f1-9b18-005056b2a5de,953,097330eb-f92d-4b88-95a8-1a83fd3d8011,
06__VSB__KOT__NGY__20,KOTEX Hàng Ngày Mỏng 20 Miếng,Chăm Sóc Vệ Sinh Cá Nhân,Bịch,14.0,266000.0,0.0,0.0,0.0,0.0,0.0,0.0,0.0,0.0,0.0,0.0,0.0,0.0,0.0,0.0,0.0,0.0,06__VSB__KOT__NGY__20,KOTEX Hàng Ngày Mỏng 20 Miếng,,Hàng hóa,d480b144-8bd7-11f1-9b18-005056b2a5de,bce86a37-0de1-4d21-81cd-591e00e08563,c8220d45-8bd7-11f1-9b18-005056b2a5de,954,097330eb-f92d-4b88-95a8-1a83fd3d8011,
06__VSB__KOT__NGY__8,KOTEX Hàng Ngày Mỏng 8 Miếng,Chăm Sóc Vệ Sinh Cá Nhân,Bịch,22.0,198000.0,0.0,0.0,0.0,0.0,0.0,0.0,0.0,0.0,0.0,0.0,0.0,0.0,0.0,0.0,0.0,0.0,06__VSB__KOT__NGY__8,KOTEX Hàng Ngày Mỏng 8 Miếng,,Hàng hóa,d480b1d8-8bd7-11f1-9b18-005056b2a5de,64e1e140-1965-443e-b1ea-f53548f6696c,c8220d45-8bd7-11f1-9b18-005056b2a5de,955,097330eb-f92d-4b88-95a8-1a83fd3d8011,
06__VSB__SOF__COM__2617,SOFY Skin Comfort Băng Vệ Sinh 26cm 17 Miếng,Chăm Sóc Vệ Sinh Cá Nhân,Bịch,16.0,1449000.0,0.0,0.0,0.0,0.0,0.0,0.0,0.0,0.0,0.0,0.0,0.0,0.0,9.0,900000.0,9.0,900000.0,06__VSB__SOF__COM__2617,SOFY Skin Comfort Băng Vệ Sinh 26cm 17 Miếng,,Hàng hóa,d480b26f-8bd7-11f1-9b18-005056b2a5de,be3786ae-e076-49e4-9cf7-e2e134d370ae,c8220d45-8bd7-11f1-9b18-005056b2a5de,956,097330eb-f92d-4b88-95a8-1a83fd3d8011,
06__VSB__SOF__COM__268,SOFY SKIN Comfort Băng Vệ Sinh 26cm 8 Miếng,Chăm Sóc Vệ Sinh Cá Nhân,Bịch,25.0,1250000.0,0.0,0.0,0.0,0.0,0.0,0.0,0.0,0.0,0.0,0.0,0.0,0.0,10.0,500000.0,10.0,500000.0,06__VSB__SOF__COM__268,SOFY SKIN Comfort Băng Vệ Sinh 26cm 8 Miếng,,Hàng hóa,d480b303-8bd7-11f1-9b18-005056b2a5de,8ef06262-9716-4f00-b345-f5bf0f9d3fda,c8220d45-8bd7-11f1-9b18-005056b2a5de,957,097330eb-f92d-4b88-95a8-1a83fd3d8011,
06__VSD__DIA__FNC__150,DIANA Dung Dịch VSPN Fresh & Cool Chai 150ml,Chăm Sóc Vệ Sinh Cá Nhân,Chai,5.0,260000.0,0.0,0.0,0.0,0.0,0.0,0.0,0.0,0.0,0.0,0.0,0.0,0.0,1.0,52000.0,1.0,52000.0,06__VSD__DIA__FNC__150,DIANA Dung Dịch VSPN Fresh & Cool Chai 150ml,,Hàng hóa,d480b395-8bd7-11f1-9b18-005056b2a5de,c2008099-9c20-42bb-b52f-5ed4f5bb7d39,c8220d45-8bd7-11f1-9b18-005056b2a5de,958,097330eb-f92d-4b88-95a8-1a83fd3d8065,
06__VSD__DIA__FRE__150,DIANA Dung Dịch VSPN Odor Fresh+ 150ml,Chăm Sóc Vệ Sinh Cá Nhân,Chai,4.0,200000.0,0.0,0.0,0.0,0.0,0.0,0.0,0.0,0.0,0.0,0.0,0.0,0.0,0.0,0.0,0.0,0.0,06__VSD__DIA__FRE__150,DIANA Dung Dịch VSPN Odor Fresh+ 150ml,,Hàng hóa,d480b430-8bd7-11f1-9b18-005056b2a5de,32fff679-38d2-4780-9ded-988543ffef75,c8220d45-8bd7-11f1-9b18-005056b2a5de,959,097330eb-f92d-4b88-95a8-1a83fd3d8065,
06__VSD__DIA__SKI__150,DIANA Dung Dịch VSPN Skincare+ 150ml,Chăm Sóc Vệ Sinh Cá Nhân,Chai,7.0,392000.0,0.0,0.0,0.0,0.0,0.0,0.0,0.0,0.0,0.0,0.0,0.0,0.0,2.0,112000.0,2.0,112000.0,06__VSD__DIA__SKI__150,DIANA Dung Dịch VSPN Skincare+ 150ml,,Hàng hóa,d480b4c4-8bd7-11f1-9b18-005056b2a5de,deb28685-dcf9-44df-b757-de0a40b302f5,c8220d45-8bd7-11f1-9b18-005056b2a5de,960,097330eb-f92d-4b88-95a8-1a83fd3d8065,
06__VSK__LET__DNG__1,LET-GREEN Giấy Đa Năng,Chăm Sóc Vệ Sinh Cá Nhân,Bịch,68.0,1020000.0,0.0,0.0,0.0,0.0,0.0,0.0,0.0,0.0,0.0,0.0,0.0,0.0,7.0,105000.0,7.0,105000.0,06__VSK__LET__DNG__1,LET-GREEN Giấy Đa Năng,,Hàng hóa,d480b55c-8bd7-11f1-9b18-005056b2a5de,ab5dc35d-d14e-498d-b578-21f45aa2334d,c8220d45-8bd7-11f1-9b18-005056b2a5de,961,097330eb-f92d-4b88-95a8-1a83fd3d8011,
06__VSK__PUL__3LO__1,PULPPY Khăn Giấy Cao Cấp 3 Lớp,Chăm Sóc Vệ Sinh Cá Nhân,Gói,347.0,1847000.0,0.0,0.0,0.0,0.0,0.0,0.0,0.0,0.0,0.0,0.0,0.0,0.0,20.0,120000.0,20.0,120000.0,06__VSK__PUL__3LO__1,PULPPY Khăn Giấy Cao Cấp 3 Lớp,,Hàng hóa,d480b647-8bd7-11f1-9b18-005056b2a5de,1527628c-52d6-4fec-857b-0840414df40c,c8220d45-8bd7-11f1-9b18-005056b2a5de,962,097330eb-f92d-4b88-95a8-1a83fd3d8067,
06__VSU__FRE__BHA__20,FRESSI Care Khăn Giấy Ướt Bạc Hà Bịch 20M,Chăm Sóc Vệ Sinh Cá Nhân,Bịch,86.0,1566000.0,0.0,0.0,0.0,0.0,0.0,0.0,0.0,0.0,0.0,0.0,0.0,0.0,31.0,589000.0,31.0,589000.0,06__VSU__FRE__BHA__20,FRESSI Care Khăn Giấy Ướt Bạc Hà Bịch 20M,,Hàng hóa,d480b6e4-8bd7-11f1-9b18-005056b2a5de,63f4b388-6d3a-47fe-b794-d0b69290c857,c8220d45-8bd7-11f1-9b18-005056b2a5de,963,097330eb-f92d-4b88-95a8-1a83fd3d8011,
06__VSU__FRE__BIC__100,FRESSI Care Khăn Giấy Ướt Bịch 100 miếng,Chăm Sóc Vệ Sinh Cá Nhân,Bịch,43.0,2236000.0,0.0,0.0,0.0,0.0,0.0,0.0,0.0,0.0,0.0,0.0,0.0,0.0,14.0,728000.0,14.0,728000.0,06__VSU__FRE__BIC__100,FRESSI Care Khăn Giấy Ướt Bịch 100 miếng,,Hàng hóa,d480b779-8bd7-11f1-9b18-005056b2a5de,e638e426-e1b7-4c89-854c-61ce11043f71,c8220d45-8bd7-11f1-9b18-005056b2a5de,964,097330eb-f92d-4b88-95a8-1a83fd3d8011,
06__VSU__FRE__BIC__20,FRESSI Care Khăn Giấy Ướt Bịch 20 Miếng,Chăm Sóc Vệ Sinh Cá Nhân,Bịch,115.0,1915000.0,0.0,0.0,0.0,0.0,0.0,0.0,0.0,0.0,0.0,0.0,0.0,0.0,23.0,437000.0,23.0,437000.0,06__VSU__FRE__BIC__20,FRESSI Care Khăn Giấy Ướt Bịch 20 Miếng,,Hàng hóa,d480b8b1-8bd7-11f1-9b18-005056b2a5de,ffe8afe3-5d94-4252-a679-a68535cc9c9e,c8220d45-8bd7-11f1-9b18-005056b2a5de,965,097330eb-f92d-4b88-95a8-1a83fd3d8011,
06__VSU__FRE__TAO__20,FRESSI Care Khăn Giấy Ướt Hương Táo Bịch 20M,Chăm Sóc Vệ Sinh Cá Nhân,Bịch,37.0,666000.0,0.0,0.0,0.0,0.0,0.0,0.0,0.0,0.0,0.0,0.0,0.0,0.0,3.0,54000.0,3.0,54000.0,06__VSU__FRE__TAO__20,FRESSI Care Khăn Giấy Ướt Hương Táo Bịch 20M,,Hàng hóa,d480b94a-8bd7-11f1-9b18-005056b2a5de,fedf7954-eeaa-4472-a81a-e486f720c02d,c8220d45-8bd7-11f1-9b18-005056b2a5de,966,097330eb-f92d-4b88-95a8-1a83fd3d8011,
06__VSU__HUG__HOP__80,HUGGIES Khăn Ướt Lau Sạch Dịu Nhẹ 80 Miếng,Chăm Sóc Vệ Sinh Cá Nhân,Bịch,10.0,470000.0,0.0,0.0,0.0,0.0,0.0,0.0,0.0,0.0,0.0,0.0,0.0,0.0,0.0,0.0,0.0,0.0,06__VSU__HUG__HOP__80,HUGGIES Khăn Ướt Lau Sạch Dịu Nhẹ 80 Miếng,,Hàng hóa,d480b9e2-8bd7-11f1-9b18-005056b2a5de,9f1495fe-b678-4a42-98f4-fc3a22220818,c8220d45-8bd7-11f1-9b18-005056b2a5de,967,097330eb-f92d-4b88-95a8-1a83fd3d8011,
07__DMA__JON__OIL__50,JOHNSON's Dầu Matxa Babyoil 50ml,Chăm Sóc Da Trẻ Em,Chai,21.0,1218000.0,0.0,0.0,0.0,0.0,0.0,0.0,0.0,0.0,0.0,0.0,0.0,0.0,11.0,638000.0,11.0,638000.0,07__DMA__JON__OIL__50,JOHNSON's Dầu Matxa Babyoil 50ml,,Hàng hóa,d480ba77-8bd7-11f1-9b18-005056b2a5de,ebaeac87-6278-45b8-95cd-39e1ea744c8f,c8220d45-8bd7-11f1-9b18-005056b2a5de,968,097330eb-f92d-4b88-95a8-1a83fd3d8065,
07__DPE__JOH__CHI__100,JOHNSON's Phấn Em Bé 100g,Chăm Sóc Da Trẻ Em,Chai,3.0,138000.0,0.0,0.0,0.0,0.0,0.0,0.0,0.0,0.0,0.0,0.0,0.0,0.0,7.0,322000.0,7.0,322000.0,07__DPE__JOH__CHI__100,JOHNSON's Phấn Em Bé 100g,,Hàng hóa,d480bb0f-8bd7-11f1-9b18-005056b2a5de,0c34adde-df0f-47ae-bb81-cd33f8a4caa1,c8220d45-8bd7-11f1-9b18-005056b2a5de,969,097330eb-f92d-4b88-95a8-1a83fd3d8065,
07__DST__JON__COT__200,JOHNSON's Sữa Tắm Em Bé Cottontouch 200ml,Chăm Sóc Da Trẻ Em,Chai,7.0,630000.0,0.0,0.0,0.0,0.0,0.0,0.0,0.0,0.0,0.0,0.0,0.0,0.0,1.0,90000.0,1.0,90000.0,07__DST__JON__COT__200,JOHNSON's Sữa Tắm Em Bé Cottontouch 200ml,,Hàng hóa,d480bba4-8bd7-11f1-9b18-005056b2a5de,c52b1e69-f040-4d92-955c-9bae01392c1e,c8220d45-8bd7-11f1-9b18-005056b2a5de,970,097330eb-f92d-4b88-95a8-1a83fd3d8065,
07__DST__JON__TTT__200,JOHNSON's Sữa Tắm Em Bé Top-To-Toe 200ml,Chăm Sóc Da Trẻ Em,Chai,7.0,700000.0,0.0,0.0,0.0,0.0,0.0,0.0,0.0,0.0,0.0,0.0,0.0,0.0,11.0,1100000.0,11.0,1100000.0,07__DST__JON__TTT__200,JOHNSON's Sữa Tắm Em Bé Top-To-Toe 200ml,,Hàng hóa,d480bc3e-8bd7-11f1-9b18-005056b2a5de,2c3f3f0a-2442-4f9b-bd10-0a565db136ae,c8220d45-8bd7-11f1-9b18-005056b2a5de,971,097330eb-f92d-4b88-95a8-1a83fd3d8065,
08__TKM__SIL__CNU__1000,SILVER SPOON Thức Ăn Cho Mèo Vị Cá Ngừ 1Kg,Thức Ăn Thú Cưng,Bịch,2.0,333000.0,0.0,0.0,0.0,0.0,0.0,0.0,0.0,0.0,0.0,0.0,0.0,0.0,13.0,2184000.0,13.0,2184000.0,08__TKM__SIL__CNU__1000,SILVER SPOON Thức Ăn Cho Mèo Vị Cá Ngừ 1Kg,,Hàng hóa,d480bcd6-8bd7-11f1-9b18-005056b2a5de,696d926d-91d6-474a-9677-bc0af70c787d,c8220d45-8bd7-11f1-9b18-005056b2a5de,972,097330eb-f92d-4b88-95a8-1a83fd3d8011,
08__TKM__SIL__TGA__1000,SILVER SPOON Thức Ăn Cho Mèo Vị Thịt Gà 1Kg,Thức Ăn Thú Cưng,Bịch,11.0,1848000.0,0.0,0.0,0.0,0.0,0.0,0.0,0.0,0.0,0.0,0.0,0.0,0.0,0.0,0.0,0.0,0.0,08__TKM__SIL__TGA__1000,SILVER SPOON Thức Ăn Cho Mèo Vị Thịt Gà 1Kg,,Hàng hóa,d480bd6d-8bd7-11f1-9b18-005056b2a5de,ab8644cd-42fc-4dd9-91a9-2e9dd7be3b1b,c8220d45-8bd7-11f1-9b18-005056b2a5de,973,097330eb-f92d-4b88-95a8-1a83fd3d8011,
09__CSK__UNI__FIT__15,UNICHARM Khẩu Trang 3D Mask Super Fit (5miếng x 3gói),Chăm Sóc Sức Khỏe,Bịch,42.0,1620000.0,0.0,0.0,0.0,0.0,0.0,0.0,0.0,0.0,0.0,0.0,0.0,0.0,9.0,378000.0,9.0,378000.0,09__CSK__UNI__FIT__15,UNICHARM Khẩu Trang 3D Mask Super Fit (5miếng x 3gói),,Hàng hóa,d480be03-8bd7-11f1-9b18-005056b2a5de,2a648fac-b885-4c0f-a520-d21b1f325ac2,c8220d45-8bd7-11f1-9b18-005056b2a5de,974,097330eb-f92d-4b88-95a8-1a83fd3d8011,
09__CSK__UNI__KID__5,UNICHARM Khẩu Trang 3D Mask Kids (5 miếng),Chăm Sóc Sức Khỏe,Bịch,14.0,364000.0,0.0,0.0,0.0,0.0,0.0,0.0,0.0,0.0,0.0,0.0,0.0,0.0,27.0,702000.0,27.0,702000.0,09__CSK__UNI__KID__5,UNICHARM Khẩu Trang 3D Mask Kids (5 miếng),,Hàng hóa,d480be97-8bd7-11f1-9b18-005056b2a5de,b611be6c-e42e-4883-9b6a-fd68f908397a,c8220d45-8bd7-11f1-9b18-005056b2a5de,975,097330eb-f92d-4b88-95a8-1a83fd3d8011,
09__CSK__UNI__UVM__5,UNICHARM Khẩu Trang UV Maks Bảo Vệ Da (5 miếng),Chăm Sóc Sức Khỏe,Bịch,54.0,1282000.0,0.0,0.0,0.0,0.0,0.0,0.0,0.0,0.0,0.0,0.0,0.0,0.0,40.0,1000000.0,40.0,1000000.0,09__CSK__UNI__UVM__5,UNICHARM Khẩu Trang UV Maks Bảo Vệ Da (5 miếng),,Hàng hóa,d480bf2f-8bd7-11f1-9b18-005056b2a5de,cdf759ec-9168-4977-a4a9-14fda0bad04f,c8220d45-8bd7-11f1-9b18-005056b2a5de,976,097330eb-f92d-4b88-95a8-1a83fd3d8011,
09__SKB__DUR__CLI__3,DUREX BCS Mutual Climax 3S,Chăm Sóc Cá Nhân,Hộp,11.0,1122000.0,0.0,0.0,0.0,0.0,0.0,0.0,0.0,0.0,0.0,0.0,0.0,0.0,17.0,1870000.0,17.0,1870000.0,09__SKB__DUR__CLI__3,DUREX BCS Mutual Climax 3S,,Hàng hóa,d480bfc5-8bd7-11f1-9b18-005056b2a5de,4f12b853-03e2-4d03-9228-0a197b3caa54,c8220d45-8bd7-11f1-9b18-005056b2a5de,977,097330eb-f92d-4b88-95a8-1a83fd3d8064,
09__SKB__DUR__FET__3,DUREX BCS Fetherlite 3S,Chăm Sóc Cá Nhân,Hộp,33.0,2970000.0,0.0,0.0,0.0,0.0,0.0,0.0,0.0,0.0,0.0,0.0,0.0,0.0,13.0,1170000.0,13.0,1170000.0,09__SKB__DUR__FET__3,DUREX BCS Fetherlite 3S,,Hàng hóa,d480c058-8bd7-11f1-9b18-005056b2a5de,27dea953-b95e-48f4-900f-37f1faead059,c8220d45-8bd7-11f1-9b18-005056b2a5de,978,097330eb-f92d-4b88-95a8-1a83fd3d8064,
09__SKB__DUR__INV__10,DUREX BCS Durex Invisible Extra Thin Extra Sensitive 10,Chăm Sóc Cá Nhân,Hộp,5.0,1350000.0,0.0,0.0,0.0,0.0,0.0,0.0,0.0,0.0,0.0,0.0,0.0,0.0,10.0,2700000.0,10.0,2700000.0,09__SKB__DUR__INV__10,DUREX BCS Durex Invisible Extra Thin Extra Sensitive 10,,Hàng hóa,d480c0eb-8bd7-11f1-9b18-005056b2a5de,af6092a3-ba72-4f77-a36d-5d0d6f3aae3f,c8220d45-8bd7-11f1-9b18-005056b2a5de,979,097330eb-f92d-4b88-95a8-1a83fd3d8064,
09__SKB__DUR__INV__3,DUREX BCS Invisible Extra Thin 3S,Chăm Sóc Cá Nhân,Hộp,56.0,5720000.0,0.0,0.0,0.0,0.0,0.0,0.0,0.0,0.0,0.0,0.0,0.0,0.0,23.0,2530000.0,23.0,2530000.0,09__SKB__DUR__INV__3,DUREX BCS Invisible Extra Thin 3S,,Hàng hóa,d480c193-8bd7-11f1-9b18-005056b2a5de,7bcdd1cf-31b7-4030-85b3-8d5b59fc3505,c8220d45-8bd7-11f1-9b18-005056b2a5de,980,097330eb-f92d-4b88-95a8-1a83fd3d8064,
09__SKB__DUR__JEA__3,DUREX BCS Jeans 3S,Chăm Sóc Cá Nhân,Hộp,27.0,1620000.0,0.0,0.0,0.0,0.0,0.0,0.0,0.0,0.0,0.0,0.0,0.0,0.0,5.0,300000.0,5.0,300000.0,09__SKB__DUR__JEA__3,DUREX BCS Jeans 3S,,Hàng hóa,d480c22b-8bd7-11f1-9b18-005056b2a5de,c4310fba-def2-4a51-b0ae-f6fddf55fb3c,c8220d45-8bd7-11f1-9b18-005056b2a5de,981,097330eb-f92d-4b88-95a8-1a83fd3d8064,
09__SKB__DUR__KIN__12,DUREX BCS Kingtex 12S,Chăm Sóc Cá Nhân,Hộp,9.0,1485000.0,0.0,0.0,0.0,0.0,0.0,0.0,0.0,0.0,0.0,0.0,0.0,0.0,6.0,990000.0,6.0,990000.0,09__SKB__DUR__KIN__12,DUREX BCS Kingtex 12S,,Hàng hóa,d480c2bd-8bd7-11f1-9b18-005056b2a5de,1dc2b1cb-4d38-4223-9658-b1b0120a7df2,c8220d45-8bd7-11f1-9b18-005056b2a5de,982,097330eb-f92d-4b88-95a8-1a83fd3d8064,
09__SKB__DUR__KIN__3,DUREX BCS Kingtex 3S,Chăm Sóc Cá Nhân,Hộp,38.0,2265000.0,0.0,0.0,0.0,0.0,0.0,0.0,0.0,0.0,0.0,0.0,0.0,0.0,10.0,600000.0,10.0,600000.0,09__SKB__DUR__KIN__3,DUREX BCS Kingtex 3S,,Hàng hóa,d480c350-8bd7-11f1-9b18-005056b2a5de,829c3247-65b8-4308-aa28-e6c6ac3eae86,c8220d45-8bd7-11f1-9b18-005056b2a5de,983,097330eb-f92d-4b88-95a8-1a83fd3d8064,
09__SKB__DUR__LUB__10,DUREX BCS Durex Invisible Extra Thin Extra Lubricated 10,Chăm Sóc Cá Nhân,Hộp,4.0,1200000.0,0.0,0.0,0.0,0.0,0.0,0.0,0.0,0.0,0.0,0.0,0.0,0.0,-4.0,-1200000.0,-4.0,-1200000.0,09__SKB__DUR__LUB__10,DUREX BCS Durex Invisible Extra Thin Extra Lubricated 10,,Hàng hóa,d480c3e7-8bd7-11f1-9b18-005056b2a5de,20ece2ed-70ab-4205-b0a5-aa654e63648d,c8220d45-8bd7-11f1-9b18-005056b2a5de,984,097330eb-f92d-4b88-95a8-1a83fd3d8064,
09__SKB__DUR__PER__12,DUREX BCS Performa 12S,Chăm Sóc Cá Nhân,Hộp,5.0,1375000.0,0.0,0.0,0.0,0.0,0.0,0.0,0.0,0.0,0.0,0.0,0.0,0.0,10.0,2750000.0,10.0,2750000.0,09__SKB__DUR__PER__12,DUREX BCS Performa 12S,,Hàng hóa,d480c47b-8bd7-11f1-9b18-005056b2a5de,4b34954c-32c6-4549-8c56-2da8b68060ec,c8220d45-8bd7-11f1-9b18-005056b2a5de,985,097330eb-f92d-4b88-95a8-1a83fd3d8064,
09__SKB__DUR__PER__3,DUREX BCS Performa 3S,Chăm Sóc Cá Nhân,Hộp,32.0,2905000.0,0.0,0.0,0.0,0.0,0.0,0.0,0.0,0.0,0.0,0.0,0.0,0.0,23.0,2185000.0,23.0,2185000.0,09__SKB__DUR__PER__3,DUREX BCS Performa 3S,,Hàng hóa,d480c50e-8bd7-11f1-9b18-005056b2a5de,7b31f3f8-eea7-4382-9657-49801ef5fb4e,c8220d45-8bd7-11f1-9b18-005056b2a5de,986,097330eb-f92d-4b88-95a8-1a83fd3d8064,
09__SKB__DUR__PLE__3,DUREX BCS Pleasuremax 3S,Chăm Sóc Cá Nhân,Hộp,22.0,1980000.0,0.0,0.0,0.0,0.0,0.0,0.0,0.0,0.0,0.0,0.0,0.0,0.0,18.0,1620000.0,18.0,1620000.0,09__SKB__DUR__PLE__3,DUREX BCS Pleasuremax 3S,,Hàng hóa,d480c5a2-8bd7-11f1-9b18-005056b2a5de,7c842e20-fae1-4a0b-8e39-8427d40c35fa,c8220d45-8bd7-11f1-9b18-005056b2a5de,987,097330eb-f92d-4b88-95a8-1a83fd3d8064,
09__SKG__DUR__CLA__50,DUREX Gel Bôi Trơn Play Classic 50ml,Chăm Sóc Cá Nhân,Chai,12.0,1440000.0,0.0,0.0,0.0,0.0,0.0,0.0,0.0,0.0,0.0,0.0,0.0,0.0,0.0,0.0,0.0,0.0,09__SKG__DUR__CLA__50,DUREX Gel Bôi Trơn Play Classic 50ml,,Hàng hóa,d480c63c-8bd7-11f1-9b18-005056b2a5de,18f5bb99-62ce-4d5d-a301-d1a0169cf216,c8220d45-8bd7-11f1-9b18-005056b2a5de,988,097330eb-f92d-4b88-95a8-1a83fd3d8065,
10__VPB__TLG__027__1,THIÊN LONG Bút Bi TL027 Mực Xanh,Văn Phòng Phẩm,Cái,67.0,335000.0,0.0,0.0,0.0,0.0,0.0,0.0,0.0,0.0,0.0,0.0,0.0,0.0,0.0,0.0,0.0,0.0,10__VPB__TLG__027__1,THIÊN LONG Bút Bi TL027 Mực Xanh,,Hàng hóa,d480c6d3-8bd7-11f1-9b18-005056b2a5de,6de2de4b-1433-410a-a4b6-93f232bfaaf1,c8220d45-8bd7-11f1-9b18-005056b2a5de,989,097330eb-f92d-4b88-95a8-1a83fd3d8061,
10__VPB__TLG__CHI__1,THIÊN LONG Bút Chì,Văn Phòng Phẩm,Cái,20.0,120000.0,0.0,0.0,0.0,0.0,0.0,0.0,0.0,0.0,0.0,0.0,0.0,0.0,0.0,0.0,0.0,0.0,10__VPB__TLG__CHI__1,THIÊN LONG Bút Chì,,Hàng hóa,d480c765-8bd7-11f1-9b18-005056b2a5de,7c90c09b-c8d4-45ad-a0a8-50380a892f32,c8220d45-8bd7-11f1-9b18-005056b2a5de,990,097330eb-f92d-4b88-95a8-1a83fd3d8061,
10__VPB__TLG__DAU__PM04,THIÊN LONG Bút Lông Dầu Mực Xanh PM04,Văn Phòng Phẩm,Cái,7.0,91000.0,0.0,0.0,0.0,0.0,0.0,0.0,0.0,0.0,0.0,0.0,0.0,0.0,10.0,130000.0,10.0,130000.0,10__VPB__TLG__DAU__PM04,THIÊN LONG Bút Lông Dầu Mực Xanh PM04,,Hàng hóa,d480c7f9-8bd7-11f1-9b18-005056b2a5de,f32914d4-7d2b-4526-9006-252216f67d9e,c8220d45-8bd7-11f1-9b18-005056b2a5de,991,097330eb-f92d-4b88-95a8-1a83fd3d8061,
10__VPB__TLG__DAU__PM09,THIÊN LONG Bút Lông Dầu Mực Xanh PM09,Văn Phòng Phẩm,Cái,1.0,15000.0,0.0,0.0,0.0,0.0,0.0,0.0,0.0,0.0,0.0,0.0,0.0,0.0,17.0,255000.0,17.0,255000.0,10__VPB__TLG__DAU__PM09,THIÊN LONG Bút Lông Dầu Mực Xanh PM09,,Hàng hóa,d480c890-8bd7-11f1-9b18-005056b2a5de,8217f579-6ba0-4f12-bed5-94c4ff385586,c8220d45-8bd7-11f1-9b18-005056b2a5de,992,097330eb-f92d-4b88-95a8-1a83fd3d8061,
10__VPB__TLG__SUN__1,THIÊN LONG Bút Bi SunBeam,Văn Phòng Phẩm,Cái,20.0,180000.0,0.0,0.0,0.0,0.0,0.0,0.0,0.0,0.0,0.0,0.0,0.0,0.0,14.0,126000.0,14.0,126000.0,10__VPB__TLG__SUN__1,THIÊN LONG Bút Bi SunBeam,,Hàng hóa,d480c924-8bd7-11f1-9b18-005056b2a5de,76069f65-a692-4cb1-b2b7-5e246e7b4fa2,c8220d45-8bd7-11f1-9b18-005056b2a5de,993,097330eb-f92d-4b88-95a8-1a83fd3d8061,
10__VPB__TLG__XAH__FO3,THIÊN LONG Bút Bi Mực Xanh F03,Văn Phòng Phẩm,Cái,34.0,170000.0,0.0,0.0,0.0,0.0,0.0,0.0,0.0,0.0,0.0,0.0,0.0,0.0,0.0,0.0,0.0,0.0,10__VPB__TLG__XAH__FO3,THIÊN LONG Bút Bi Mực Xanh F03,,Hàng hóa,d480ca48-8bd7-11f1-9b18-005056b2a5de,fa38184a-1fa4-4183-9cea-abc31293fae2,c8220d45-8bd7-11f1-9b18-005056b2a5de,994,097330eb-f92d-4b88-95a8-1a83fd3d8061,
10__VPD__TLG__DAO__1,THIÊN LONG Dao Rọc Giấy,Văn Phòng Phẩm,Cái,3.0,90000.0,0.0,0.0,0.0,0.0,0.0,0.0,0.0,0.0,0.0,0.0,0.0,0.0,6.0,180000.0,6.0,180000.0,10__VPD__TLG__DAO__1,THIÊN LONG Dao Rọc Giấy,,Hàng hóa,d480cadb-8bd7-11f1-9b18-005056b2a5de,216bb254-1031-4cf2-946f-43e76fa70dd1,c8220d45-8bd7-11f1-9b18-005056b2a5de,995,097330eb-f92d-4b88-95a8-1a83fd3d8061,
10__VPD__TLG__LDO__10,THIÊN LONG Lưỡi Dao Rọc Giấy BL02 10 Cái,Văn Phòng Phẩm,Cái,2.0,30000.0,0.0,0.0,0.0,0.0,0.0,0.0,0.0,0.0,0.0,0.0,0.0,0.0,36.0,540000.0,36.0,540000.0,10__VPD__TLG__LDO__10,THIÊN LONG Lưỡi Dao Rọc Giấy BL02 10 Cái,,Hàng hóa,d480cc84-8bd7-11f1-9b18-005056b2a5de,32d27479-9a8c-4d69-b455-7e7907b4dccb,c8220d45-8bd7-11f1-9b18-005056b2a5de,996,097330eb-f92d-4b88-95a8-1a83fd3d8061,
10__VPG__COP__PA4__500,COPY Paper Xấp Giấy A4 500 Tờ,Văn Phòng Phẩm,Gam,2.0,174000.0,0.0,0.0,0.0,0.0,0.0,0.0,0.0,0.0,0.0,0.0,0.0,0.0,0.0,0.0,0.0,0.0,10__VPG__COP__PA4__500,COPY Paper Xấp Giấy A4 500 Tờ,,Hàng hóa,d480cd2a-8bd7-11f1-9b18-005056b2a5de,2af09c6e-e557-44f3-88ce-c48aa683a8a0,c8220d45-8bd7-11f1-9b18-005056b2a5de,997,097330eb-f92d-4b88-95a8-1a83fd3d8023,
10__VPG__COP__PA5__500,COPY Paper Xấp Giấy A5 500 Tờ,Văn Phòng Phẩm,Gam,1.0,45000.0,0.0,0.0,0.0,0.0,0.0,0.0,0.0,0.0,0.0,0.0,0.0,0.0,8.0,360000.0,8.0,360000.0,10__VPG__COP__PA5__500,COPY Paper Xấp Giấy A5 500 Tờ,,Hàng hóa,d480cdc4-8bd7-11f1-9b18-005056b2a5de,ef233ea9-8df9-4dcf-b341-03ba234cef6a,c8220d45-8bd7-11f1-9b18-005056b2a5de,998,097330eb-f92d-4b88-95a8-1a83fd3d8023,
10__VPI__ENE__A27__1,ENERGIZER Pin A27,Văn Phòng Phẩm,Vỉ,0.0,0.0,0.0,0.0,0.0,0.0,0.0,0.0,0.0,0.0,0.0,0.0,0.0,0.0,12.0,240000.0,12.0,240000.0,10__VPI__ENE__A27__1,ENERGIZER Pin A27,,Hàng hóa,d480ce59-8bd7-11f1-9b18-005056b2a5de,f611ad50-ec5e-468e-b300-c861453c4e9c,c8220d45-8bd7-11f1-9b18-005056b2a5de,999,097330eb-f92d-4b88-95a8-1a83fd3d8017,
10__VPI__ENE__AA__SW4,EVEREADY Pin 915 AA SW4,Văn Phòng Phẩm,Vỉ,10.0,110000.0,0.0,0.0,0.0,0.0,0.0,0.0,0.0,0.0,0.0,0.0,0.0,0.0,2.0,22000.0,2.0,22000.0,10__VPI__ENE__AA__SW4,EVEREADY Pin 915 AA SW4,,Hàng hóa,d480ceed-8bd7-11f1-9b18-005056b2a5de,2fec35fc-5b9c-483d-9797-e584becb38c0,c8220d45-8bd7-11f1-9b18-005056b2a5de,1000,097330eb-f92d-4b88-95a8-1a83fd3d8017,
10__VPI__ENE__AA2__2,ENERGIZER Max Pin AA2,Văn Phòng Phẩm,Vỉ,9.0,315000.0,0.0,0.0,0.0,0.0,0.0,0.0,0.0,0.0,0.0,0.0,0.0,0.0,18.0,720000.0,18.0,720000.0,10__VPI__ENE__AA2__2,ENERGIZER Max Pin AA2,,Hàng hóa,d480cf7f-8bd7-11f1-9b18-005056b2a5de,3a8a4b62-a158-456a-a7e5-d10f0e24abe8,c8220d45-8bd7-11f1-9b18-005056b2a5de,1001,097330eb-f92d-4b88-95a8-1a83fd3d8017,
10__VPI__ENE__AAA__2,ENERGIZER Max Pin AAA2,Văn Phòng Phẩm,Vỉ,4.0,138000.0,0.0,0.0,0.0,0.0,0.0,0.0,0.0,0.0,0.0,0.0,0.0,0.0,22.0,880000.0,22.0,880000.0,10__VPI__ENE__AAA__2,ENERGIZER Max Pin AAA2,,Hàng hóa,d480d011-8bd7-11f1-9b18-005056b2a5de,c6c0f8d4-aee1-4534-9bdd-380b1e63f530,c8220d45-8bd7-11f1-9b18-005056b2a5de,1002,097330eb-f92d-4b88-95a8-1a83fd3d8017,
10__VPI__ENE__AAA__SW4,EVEREADY Pin 912 AAA SW4,Văn Phòng Phẩm,Vỉ,10.0,110000.0,0.0,0.0,0.0,0.0,0.0,0.0,0.0,0.0,0.0,0.0,0.0,0.0,0.0,0.0,0.0,0.0,10__VPI__ENE__AAA__SW4,EVEREADY Pin 912 AAA SW4,,Hàng hóa,d480d0a2-8bd7-11f1-9b18-005056b2a5de,e4f6ae8e-2376-4406-898f-57a015d67a5b,c8220d45-8bd7-11f1-9b18-005056b2a5de,1003,097330eb-f92d-4b88-95a8-1a83fd3d8017,
10__VPI__ENE__LIT__PK5,ENERGIZER 2032 Pin Lithium,Văn Phòng Phẩm,Vì,5.0,99000.0,0.0,0.0,0.0,0.0,0.0,0.0,2.0,110000.0,0.0,0.0,0.0,0.0,5.0,55000.0,5.0,55000.0,10__VPI__ENE__LIT__PK5,ENERGIZER 2032 Pin Lithium,,Hàng hóa,d480d137-8bd7-11f1-9b18-005056b2a5de,d839d402-a936-407e-b2ab-05f2c9aa1aac,c8220d45-8bd7-11f1-9b18-005056b2a5de,1004,2580c0c2-fa3b-4aa4-807f-feedeeb5e3c0,
10__VPI__EVE__SW1__9V,EVEREADY Pin Super Heavy Duty 1222 SW1 9V,Văn Phòng Phẩm,Cái,2.0,48000.0,0.0,0.0,0.0,0.0,0.0,0.0,0.0,0.0,0.0,0.0,0.0,0.0,10.0,240000.0,10.0,240000.0,10__VPI__EVE__SW1__9V,EVEREADY Pin Super Heavy Duty 1222 SW1 9V,,Hàng hóa,d480d1c9-8bd7-11f1-9b18-005056b2a5de,f93e14b7-f3d6-4b92-951f-58774b028ff9,c8220d45-8bd7-11f1-9b18-005056b2a5de,1005,097330eb-f92d-4b88-95a8-1a83fd3d8061,
10__VPK__KEO__GLU__1,502 Keo Super Glue,Văn Phòng Phẩm,Chai,27.0,270000.0,0.0,0.0,0.0,0.0,0.0,0.0,0.0,0.0,0.0,0.0,0.0,0.0,19.0,190000.0,19.0,190000.0,10__VPK__KEO__GLU__1,502 Keo Super Glue,,Hàng hóa,d480d25c-8bd7-11f1-9b18-005056b2a5de,ce9c4fe7-3b87-46e9-af59-7342c2c27d99,c8220d45-8bd7-11f1-9b18-005056b2a5de,1006,097330eb-f92d-4b88-95a8-1a83fd3d8065,
10__VPK__OPP__CAI__18,OPP Băng Keo Trong 18mm*18,Văn Phòng Phẩm,Cái,13.0,91000.0,0.0,0.0,0.0,0.0,0.0,0.0,0.0,0.0,0.0,0.0,0.0,0.0,13.0,91000.0,13.0,91000.0,10__VPK__OPP__CAI__18,OPP Băng Keo Trong 18mm*18,,Hàng hóa,d480d2f2-8bd7-11f1-9b18-005056b2a5de,d5a39425-d51a-4e8d-987d-81b8ace08951,c8220d45-8bd7-11f1-9b18-005056b2a5de,1007,097330eb-f92d-4b88-95a8-1a83fd3d8061,
10__VPK__OPP__CAI__24,OPP Băng Keo 2 Mặt 24mm,Văn Phòng Phẩm,Cái,13.0,156000.0,0.0,0.0,0.0,0.0,0.0,0.0,0.0,0.0,0.0,0.0,0.0,0.0,7.0,84000.0,7.0,84000.0,10__VPK__OPP__CAI__24,OPP Băng Keo 2 Mặt 24mm,,Hàng hóa,d480d384-8bd7-11f1-9b18-005056b2a5de,18f4bdc2-37e1-48e7-84c9-a65a8cee9e57,c8220d45-8bd7-11f1-9b18-005056b2a5de,1008,097330eb-f92d-4b88-95a8-1a83fd3d8061,
10__VPK__OPP__CAI__48,OPP Băng Keo Trong 48mm 50Y,Văn Phòng Phẩm,Cái,8.0,120000.0,0.0,0.0,0.0,0.0,0.0,0.0,0.0,0.0,0.0,0.0,0.0,0.0,0.0,0.0,0.0,0.0,10__VPK__OPP__CAI__48,OPP Băng Keo Trong 48mm 50Y,,Hàng hóa,d480d414-8bd7-11f1-9b18-005056b2a5de,6d161f3c-05cd-4702-b670-d57717f2ff0c,c8220d45-8bd7-11f1-9b18-005056b2a5de,1009,097330eb-f92d-4b88-95a8-1a83fd3d8061,
10__VPK__TLG__HOP__1,THIÊN LONG Kim Bấm Số 10,Văn Phòng Phẩm,Cái,1.0,5000.0,0.0,0.0,0.0,0.0,0.0,0.0,0.0,0.0,0.0,0.0,0.0,0.0,38.0,190000.0,38.0,190000.0,10__VPK__TLG__HOP__1,THIÊN LONG Kim Bấm Số 10,,Hàng hóa,d480d4a7-8bd7-11f1-9b18-005056b2a5de,533bb574-afbf-4b62-8de9-3385ce09bf8c,c8220d45-8bd7-11f1-9b18-005056b2a5de,1010,097330eb-f92d-4b88-95a8-1a83fd3d8061,
10__VPK__TLG__KIM__10,THIÊN LONG Bấm Kim Số 10,Văn Phòng Phẩm,Cái,4.0,100000.0,0.0,0.0,0.0,0.0,0.0,0.0,0.0,0.0,0.0,0.0,0.0,0.0,6.0,150000.0,6.0,150000.0,10__VPK__TLG__KIM__10,THIÊN LONG Bấm Kim Số 10,,Hàng hóa,d480d539-8bd7-11f1-9b18-005056b2a5de,8c532c95-56af-4f5b-a04c-1eb24e9fc5cc,c8220d45-8bd7-11f1-9b18-005056b2a5de,1011,097330eb-f92d-4b88-95a8-1a83fd3d8061,
10__VPP__TLG__BA4__1,THIÊN LONG Bìa Trình Ký A4,Văn Phòng Phẩm,Cái,4.0,152000.0,0.0,0.0,0.0,0.0,0.0,0.0,0.0,0.0,0.0,0.0,0.0,0.0,2.0,76000.0,2.0,76000.0,10__VPP__TLG__BA4__1,THIÊN LONG Bìa Trình Ký A4,,Hàng hóa,d480d5db-8bd7-11f1-9b18-005056b2a5de,7a107f92-ad55-4c90-980f-92500119315a,c8220d45-8bd7-11f1-9b18-005056b2a5de,1012,097330eb-f92d-4b88-95a8-1a83fd3d8061,
10__VPP__TLG__KEO__18,THIÊN LONG Kéo 18cm,Văn Phòng Phẩm,Cái,14.0,372000.0,0.0,0.0,0.0,0.0,0.0,0.0,0.0,0.0,0.0,0.0,0.0,0.0,7.0,189000.0,7.0,189000.0,10__VPP__TLG__KEO__18,THIÊN LONG Kéo 18cm,,Hàng hóa,d480d66f-8bd7-11f1-9b18-005056b2a5de,300eff5a-9047-471f-bed1-610825cbbe65,c8220d45-8bd7-11f1-9b18-005056b2a5de,1013,097330eb-f92d-4b88-95a8-1a83fd3d8061,
10__VPP__TLG__NUT__1,THIÊN LONG Bìa Nút,Văn Phòng Phẩm,Cái,18.0,108000.0,0.0,0.0,0.0,0.0,0.0,0.0,0.0,0.0,0.0,0.0,0.0,0.0,29.0,174000.0,29.0,174000.0,10__VPP__TLG__NUT__1,THIÊN LONG Bìa Nút,,Hàng hóa,d480d700-8bd7-11f1-9b18-005056b2a5de,eeb82eb4-4d39-43ca-a0e8-ca25a4d5df8a,c8220d45-8bd7-11f1-9b18-005056b2a5de,1014,097330eb-f92d-4b88-95a8-1a83fd3d8061,
10__VPP__TLG__THG__1,THIÊN LONG Thước Thẳng,Văn Phòng Phẩm,Cái,11.0,66000.0,0.0,0.0,0.0,0.0,0.0,0.0,0.0,0.0,0.0,0.0,0.0,0.0,7.0,42000.0,7.0,42000.0,10__VPP__TLG__THG__1,THIÊN LONG Thước Thẳng,,Hàng hóa,d480d792-8bd7-11f1-9b18-005056b2a5de,14b44f98-8f69-4625-851b-0a32e1fe7155,c8220d45-8bd7-11f1-9b18-005056b2a5de,1015,097330eb-f92d-4b88-95a8-1a83fd3d8061,
10__VPV__TLG__JOY__96,THIÊN LONG Vở 96 Trang Joyee,Văn Phòng Phẩm,Cái,39.0,585000.0,0.0,0.0,0.0,0.0,0.0,0.0,0.0,0.0,0.0,0.0,0.0,0.0,0.0,0.0,0.0,0.0,10__VPV__TLG__JOY__96,THIÊN LONG Vở 96 Trang Joyee,,Hàng hóa,d480d824-8bd7-11f1-9b18-005056b2a5de,394e18fe-2e5d-477b-b510-114f69571e1f,c8220d45-8bd7-11f1-9b18-005056b2a5de,1016,097330eb-f92d-4b88-95a8-1a83fd3d8061,
11__BHQ__MIR__CAI__1,MIRA Hộp Quẹt,Đồ Dùng Bếp,Cái,39.0,273000.0,0.0,0.0,0.0,0.0,0.0,0.0,0.0,0.0,0.0,0.0,0.0,0.0,1.0,7000.0,1.0,7000.0,11__BHQ__MIR__CAI__1,MIRA Hộp Quẹt,,Hàng hóa,d480d936-8bd7-11f1-9b18-005056b2a5de,27d6bfc6-dd27-4cc4-8b65-eaaf26e1a28e,c8220d45-8bd7-11f1-9b18-005056b2a5de,1017,097330eb-f92d-4b88-95a8-1a83fd3d8061,
11__BLK__GIF__MAT__540,GIFT Lau Kính Sắc Biển Tươi Mát 540ml,Đồ Dùng Bếp,Chai,16.0,400000.0,0.0,0.0,0.0,0.0,0.0,0.0,0.0,0.0,0.0,0.0,0.0,0.0,4.0,100000.0,4.0,100000.0,11__BLK__GIF__MAT__540,GIFT Lau Kính Sắc Biển Tươi Mát 540ml,,Hàng hóa,d480d9d2-8bd7-11f1-9b18-005056b2a5de,0e4a7c57-f91c-4f38-afdd-d5a94f92f8a5,c8220d45-8bd7-11f1-9b18-005056b2a5de,1018,097330eb-f92d-4b88-95a8-1a83fd3d8065,
11__BLS__SUN__BHA__1000,SUNLIGHT Lau Sàn Hương Hoa & Hạ Bạc Hà 1Kg,Đồ Dùng Bếp,Chai,3.0,114000.0,0.0,0.0,0.0,0.0,0.0,0.0,0.0,0.0,0.0,0.0,0.0,0.0,1.0,38000.0,1.0,38000.0,11__BLS__SUN__BHA__1000,SUNLIGHT Lau Sàn Hương Hoa & Hạ Bạc Hà 1Kg,,Hàng hóa,d480da67-8bd7-11f1-9b18-005056b2a5de,3741b0b3-da6f-43f0-a81f-a9f8a5d0f7c8,c8220d45-8bd7-11f1-9b18-005056b2a5de,1019,097330eb-f92d-4b88-95a8-1a83fd3d8065,
11__BLS__SUN__LAV__1000,SUNLIGHT Lau Sàn Hương Hoa Lavender 1Kg,Đồ Dùng Bếp,Chai,2.0,76000.0,0.0,0.0,0.0,0.0,0.0,0.0,0.0,0.0,0.0,0.0,0.0,0.0,4.0,152000.0,4.0,152000.0,11__BLS__SUN__LAV__1000,SUNLIGHT Lau Sàn Hương Hoa Lavender 1Kg,,Hàng hóa,d480daff-8bd7-11f1-9b18-005056b2a5de,91281c21-60f6-42d7-9e63-b0af72aa1a3c,c8220d45-8bd7-11f1-9b18-005056b2a5de,1020,097330eb-f92d-4b88-95a8-1a83fd3d8065,
11__BLS__SUN__LIL__1000,SUNLIGHT Lau Sàn Hương Hoa Lily & Bạch Trà 1Kg,Đồ Dùng Bếp,Chai,1.0,38000.0,0.0,0.0,0.0,0.0,0.0,0.0,0.0,0.0,0.0,0.0,0.0,0.0,3.0,114000.0,3.0,114000.0,11__BLS__SUN__LIL__1000,SUNLIGHT Lau Sàn Hương Hoa Lily & Bạch Trà 1Kg,,Hàng hóa,d480db9b-8bd7-11f1-9b18-005056b2a5de,2f509580-336e-46ef-9073-011ab0b2a8a4,c8220d45-8bd7-11f1-9b18-005056b2a5de,1021,097330eb-f92d-4b88-95a8-1a83fd3d8065,
11__BLS__SUN__YUZ__1000,SUNLIGHT Lau Sàn Hương Chanh Yuzu Và Sả 1Kg,Đồ Dùng Bếp,Chai,3.0,117000.0,0.0,0.0,0.0,0.0,0.0,0.0,0.0,0.0,0.0,0.0,0.0,0.0,11.0,429000.0,11.0,429000.0,11__BLS__SUN__YUZ__1000,SUNLIGHT Lau Sàn Hương Chanh Yuzu Và Sả 1Kg,,Hàng hóa,d480dc31-8bd7-11f1-9b18-005056b2a5de,60fef4db-2bf3-4c1d-b965-ea7d98303eaf,c8220d45-8bd7-11f1-9b18-005056b2a5de,1022,097330eb-f92d-4b88-95a8-1a83fd3d8065,
11__BSA__MIR__BIH__1,MIRA Áo Mưa Sử Dụng 1 Lần,,Cái,48.0,480000.0,0.0,0.0,0.0,0.0,0.0,0.0,0.0,0.0,0.0,0.0,0.0,0.0,1.0,10000.0,1.0,10000.0,11__BSA__MIR__BIH__1,MIRA Áo Mưa Sử Dụng 1 Lần,,Hàng hóa,d480dcca-8bd7-11f1-9b18-005056b2a5de,1e7f8c9e-b44d-41e8-b966-43426bf5680a,c8220d45-8bd7-11f1-9b18-005056b2a5de,1023,097330eb-f92d-4b88-95a8-1a83fd3d8061,
11__BSM__JUM__NHA__222,JUMBO Nhang Muỗi S2 222g,Đồ Dùng Bếp,Hộp,12.0,180000.0,0.0,0.0,0.0,0.0,0.0,0.0,0.0,0.0,0.0,0.0,0.0,0.0,4.0,60000.0,4.0,60000.0,11__BSM__JUM__NHA__222,JUMBO Nhang Muỗi S2 222g,,Hàng hóa,d480ddef-8bd7-11f1-9b18-005056b2a5de,d74c6bbf-5ad5-4b34-9829-b44cf8e73a82,c8220d45-8bd7-11f1-9b18-005056b2a5de,1024,097330eb-f92d-4b88-95a8-1a83fd3d8064,
11__BSS__GLA__HOA__180,GLADE Sáp Thơm Tuyệt Tác Hương Hoa 180g,Đồ Dùng Bếp,Hộp,3.0,174000.0,0.0,0.0,0.0,0.0,0.0,0.0,0.0,0.0,0.0,0.0,0.0,0.0,2.0,116000.0,2.0,116000.0,11__BSS__GLA__HOA__180,GLADE Sáp Thơm Tuyệt Tác Hương Hoa 180g,,Hàng hóa,d480de85-8bd7-11f1-9b18-005056b2a5de,92afe914-9091-4715-a988-ce4e539e06a6,c8220d45-8bd7-11f1-9b18-005056b2a5de,1025,097330eb-f92d-4b88-95a8-1a83fd3d8064,
11__BSS__GLA__LAI__180,GLADE Sáp Thơm Hương Hoa Lài 180g,Đồ Dùng Bếp,Hộp,3.0,174000.0,0.0,0.0,0.0,0.0,0.0,0.0,0.0,0.0,0.0,0.0,0.0,0.0,1.0,58000.0,1.0,58000.0,11__BSS__GLA__LAI__180,GLADE Sáp Thơm Hương Hoa Lài 180g,,Hàng hóa,d480df1b-8bd7-11f1-9b18-005056b2a5de,5c657491-d436-4ced-98ae-a6dc69468ac6,c8220d45-8bd7-11f1-9b18-005056b2a5de,1026,097330eb-f92d-4b88-95a8-1a83fd3d8064,
11__BSS__GLA__LAV__180,GLADE Sáp Thơm Hương Lavender 180g,Đồ Dùng Bếp,Hộp,4.0,232000.0,0.0,0.0,0.0,0.0,0.0,0.0,0.0,0.0,0.0,0.0,0.0,0.0,0.0,0.0,0.0,0.0,11__BSS__GLA__LAV__180,GLADE Sáp Thơm Hương Lavender 180g,,Hàng hóa,d480dfb0-8bd7-11f1-9b18-005056b2a5de,212954ef-638b-497e-9af2-3c274553151e,c8220d45-8bd7-11f1-9b18-005056b2a5de,1027,097330eb-f92d-4b88-95a8-1a83fd3d8064,
11__BST__GLA__CHH__280,GLADE Bình Xịt Thơm Phòng Hương Chanh 280ml,Đồ Dùng Bếp,Chai,1.0,65000.0,0.0,0.0,0.0,0.0,0.0,0.0,0.0,0.0,0.0,0.0,0.0,0.0,2.0,130000.0,2.0,130000.0,11__BST__GLA__CHH__280,GLADE Bình Xịt Thơm Phòng Hương Chanh 280ml,,Hàng hóa,d480e058-8bd7-11f1-9b18-005056b2a5de,f4697dd3-5c09-42b4-8fc8-041f804f88c6,c8220d45-8bd7-11f1-9b18-005056b2a5de,1028,097330eb-f92d-4b88-95a8-1a83fd3d8065,
11__BST__GLA__OAI__280,GLADE Bình Xịt Thơm Phòng Hương Hoa Oải Hương 280ml,Đồ Dùng Bếp,Chai,3.0,192000.0,0.0,0.0,0.0,0.0,0.0,0.0,0.0,0.0,0.0,0.0,0.0,0.0,0.0,0.0,0.0,0.0,11__BST__GLA__OAI__280,GLADE Bình Xịt Thơm Phòng Hương Hoa Oải Hương 280ml,,Hàng hóa,d480e0f5-8bd7-11f1-9b18-005056b2a5de,f660dbd8-4d8a-4666-aa34-87d8306713c4,c8220d45-8bd7-11f1-9b18-005056b2a5de,1029,097330eb-f92d-4b88-95a8-1a83fd3d8065,
11__BST__GLA__TTC__280,GLADE Bình Xịt Thơm Phòng Tuyệt Tác Hương Hoa 280ml,Đồ Dùng Bếp,Chai,4.0,256000.0,0.0,0.0,0.0,0.0,0.0,0.0,0.0,0.0,0.0,0.0,0.0,0.0,1.0,64000.0,1.0,64000.0,11__BST__GLA__TTC__280,GLADE Bình Xịt Thơm Phòng Tuyệt Tác Hương Hoa 280ml,,Hàng hóa,d480e18a-8bd7-11f1-9b18-005056b2a5de,57915f2f-14bd-4951-9b5b-04cc78a8f1cb,c8220d45-8bd7-11f1-9b18-005056b2a5de,1030,097330eb-f92d-4b88-95a8-1a83fd3d8065,
11__BSX__JUM__0MI__600,JUMBO Xịt Côn Trùng Không Mùi 600ml,Đồ Dùng Bếp,Chai,4.0,276000.0,0.0,0.0,0.0,0.0,0.0,0.0,0.0,0.0,0.0,0.0,0.0,0.0,12.0,828000.0,12.0,828000.0,11__BSX__JUM__0MI__600,JUMBO Xịt Côn Trùng Không Mùi 600ml,,Hàng hóa,d480e21e-8bd7-11f1-9b18-005056b2a5de,61a55390-e1ee-4268-9ab7-05fe3f5a52b5,c8220d45-8bd7-11f1-9b18-005056b2a5de,1031,097330eb-f92d-4b88-95a8-1a83fd3d8065,
11__BSX__JUM__CCH__300,JUMBO Xịt Côn Trùng Cam Chanh 300ml,Đồ Dùng Bếp,Chai,5.0,195000.0,0.0,0.0,0.0,0.0,0.0,0.0,0.0,0.0,0.0,0.0,0.0,0.0,15.0,585000.0,15.0,585000.0,11__BSX__JUM__CCH__300,JUMBO Xịt Côn Trùng Cam Chanh 300ml,,Hàng hóa,d480e2b4-8bd7-11f1-9b18-005056b2a5de,92f7fcc2-5373-43b5-9b24-9d0b97d2548a,c8220d45-8bd7-11f1-9b18-005056b2a5de,1032,097330eb-f92d-4b88-95a8-1a83fd3d8065,
11__BSX__JUM__CCH__660,JUMBO Xịt Côn Trùng Cam Chanh 660ml,Đồ Dùng Bếp,Chai,0.0,0.0,0.0,0.0,0.0,0.0,0.0,0.0,0.0,0.0,0.0,0.0,0.0,0.0,12.0,900000.0,12.0,900000.0,11__BSX__JUM__CCH__660,JUMBO Xịt Côn Trùng Cam Chanh 660ml,,Hàng hóa,d480e34f-8bd7-11f1-9b18-005056b2a5de,6daa10e3-f8ba-4c23-9e4f-de59d33d4cda,c8220d45-8bd7-11f1-9b18-005056b2a5de,1033,097330eb-f92d-4b88-95a8-1a83fd3d8065,
11__BSX__JUM__LAV__600,JUMBO Xịt Côn Trùng Lavender 600ml,Đồ Dùng Bếp,Chai,1.0,75000.0,0.0,0.0,0.0,0.0,0.0,0.0,0.0,0.0,0.0,0.0,0.0,0.0,15.0,1125000.0,15.0,1125000.0,11__BSX__JUM__LAV__600,JUMBO Xịt Côn Trùng Lavender 600ml,,Hàng hóa,d480e3e2-8bd7-11f1-9b18-005056b2a5de,0c5ed7b8-333e-462a-8c55-c6b5c63d5e74,c8220d45-8bd7-11f1-9b18-005056b2a5de,1034,097330eb-f92d-4b88-95a8-1a83fd3d8065,
11__BSX__RAI__0MI__520,RAID Bình Xịt Côn Trùng Không Mùi 520ml,Đồ Dùng Bếp,Chai,5.0,315000.0,0.0,0.0,0.0,0.0,0.0,0.0,0.0,0.0,0.0,0.0,0.0,0.0,0.0,0.0,0.0,0.0,11__BSX__RAI__0MI__520,RAID Bình Xịt Côn Trùng Không Mùi 520ml,,Hàng hóa,d480e476-8bd7-11f1-9b18-005056b2a5de,d7ea2dc0-72ea-4b22-b9db-19b65adaf222,c8220d45-8bd7-11f1-9b18-005056b2a5de,1035,097330eb-f92d-4b88-95a8-1a83fd3d8065,
11__BSX__RAI__LAV__700,RAID Bình Xịt Côn Trùng Lavender 520ml,Đồ Dùng Bếp,Chai,6.0,378000.0,0.0,0.0,0.0,0.0,0.0,0.0,0.0,0.0,0.0,0.0,0.0,0.0,0.0,0.0,0.0,0.0,11__BSX__RAI__LAV__700,RAID Bình Xịt Côn Trùng Lavender 520ml,,Hàng hóa,d480e50b-8bd7-11f1-9b18-005056b2a5de,e847d32d-eecf-4555-8399-606222efa947,c8220d45-8bd7-11f1-9b18-005056b2a5de,1036,097330eb-f92d-4b88-95a8-1a83fd3d8065,
11__BTR__GIF__TOI__600,GIFT Tẩy Rửa Toilet 600ml,Đồ Dùng Bếp,Chai,1.0,18000.0,0.0,0.0,0.0,0.0,0.0,0.0,0.0,0.0,0.0,0.0,0.0,0.0,5.0,90000.0,5.0,90000.0,11__BTR__GIF__TOI__600,GIFT Tẩy Rửa Toilet 600ml,,Hàng hóa,d480e5a0-8bd7-11f1-9b18-005056b2a5de,cdf41b76-a3db-4ef3-aa43-e07038bef0d5,c8220d45-8bd7-11f1-9b18-005056b2a5de,1037,097330eb-f92d-4b88-95a8-1a83fd3d8065,
11__BTR__VIM__BHA__180,VIM Thả Bồn Cầu Hương Bạc Hà 180g,Đồ Dùng Bếp,Vỉ,4.0,200000.0,0.0,0.0,0.0,0.0,0.0,0.0,0.0,0.0,0.0,0.0,0.0,0.0,6.0,300000.0,6.0,300000.0,11__BTR__VIM__BHA__180,VIM Thả Bồn Cầu Hương Bạc Hà 180g,,Hàng hóa,d480e633-8bd7-11f1-9b18-005056b2a5de,97c3980e-cb66-49f3-b273-b838e65cb5e6,c8220d45-8bd7-11f1-9b18-005056b2a5de,1038,097330eb-f92d-4b88-95a8-1a83fd3d8017,
11__BTR__VIM__CHH__50,VIM Treo Bồn Cầu Hương Chanh 50g,Đồ Dùng Bếp,Cái,5.0,148000.0,0.0,0.0,0.0,0.0,0.0,0.0,0.0,0.0,0.0,0.0,0.0,0.0,11.0,330000.0,11.0,330000.0,11__BTR__VIM__CHH__50,VIM Treo Bồn Cầu Hương Chanh 50g,,Hàng hóa,d480e6c7-8bd7-11f1-9b18-005056b2a5de,2d257012-be87-4729-b8b7-5eb7d27a7fa6,c8220d45-8bd7-11f1-9b18-005056b2a5de,1039,097330eb-f92d-4b88-95a8-1a83fd3d8061,
11__BTR__VIM__TRX__50,VIM Treo Bồn Cầu Hương Trà Xanh & Chanh 50g,Đồ Dùng Bếp,Cái,5.0,149000.0,0.0,0.0,0.0,0.0,0.0,0.0,0.0,0.0,0.0,0.0,0.0,0.0,4.0,120000.0,4.0,120000.0,11__BTR__VIM__TRX__50,VIM Treo Bồn Cầu Hương Trà Xanh & Chanh 50g,,Hàng hóa,d480e75f-8bd7-11f1-9b18-005056b2a5de,9f4b6ee0-f774-491d-b0be-0de76d8754cc,c8220d45-8bd7-11f1-9b18-005056b2a5de,1040,097330eb-f92d-4b88-95a8-1a83fd3d8061,
11__BTR__VIM__XAH__500,VIM Chai Xanh Biển 500ml,Đồ Dùng Bếp,Chai,5.0,140000.0,0.0,0.0,0.0,0.0,0.0,0.0,0.0,0.0,0.0,0.0,0.0,0.0,1.0,28000.0,1.0,28000.0,11__BTR__VIM__XAH__500,VIM Chai Xanh Biển 500ml,,Hàng hóa,d480e7f2-8bd7-11f1-9b18-005056b2a5de,e102ff83-48bf-46f3-a4cb-fd3d7b9bdbd5,c8220d45-8bd7-11f1-9b18-005056b2a5de,1041,097330eb-f92d-4b88-95a8-1a83fd3d8065,
11__BTT__NTU__HOP__1,Tăm Tre Tiệt Trùng Ngọc Thu,Đồ Dùng Bếp,Hộp,12.0,120000.0,0.0,0.0,0.0,0.0,0.0,0.0,0.0,0.0,0.0,0.0,0.0,0.0,8.0,80000.0,8.0,80000.0,11__BTT__NTU__HOP__1,Tăm Tre Tiệt Trùng Ngọc Thu,,Hàng hóa,d480e882-8bd7-11f1-9b18-005056b2a5de,98e87798-39b0-4246-b3fa-a60cdf080ff1,c8220d45-8bd7-11f1-9b18-005056b2a5de,1042,097330eb-f92d-4b88-95a8-1a83fd3d8064,
11__BVC__SUN__BEP__690,SUNLIGHT Kem Tẩy Chuyên Dụng 690g,Đồ Dùng Bếp,Chai,1.0,35000.0,0.0,0.0,0.0,0.0,0.0,0.0,0.0,0.0,0.0,0.0,0.0,0.0,15.0,525000.0,15.0,525000.0,11__BVC__SUN__BEP__690,SUNLIGHT Kem Tẩy Chuyên Dụng 690g,,Hàng hóa,d480e929-8bd7-11f1-9b18-005056b2a5de,fb9fb2e1-304e-4471-af00-487595b62edc,c8220d45-8bd7-11f1-9b18-005056b2a5de,1043,097330eb-f92d-4b88-95a8-1a83fd3d8065,
11__BVL__SUN__CSA__500,SUNLIGHT Lau Đa Năng Chanh Và Sả 500ml,Đồ Dùng Bếp,Chai,4.0,132000.0,0.0,0.0,0.0,0.0,0.0,0.0,0.0,0.0,0.0,0.0,0.0,0.0,7.0,231000.0,7.0,231000.0,11__BVL__SUN__CSA__500,SUNLIGHT Lau Đa Năng Chanh Và Sả 500ml,,Hàng hóa,d480e9bb-8bd7-11f1-9b18-005056b2a5de,8892e87d-22cc-4ee9-ac4f-30477f354fde,c8220d45-8bd7-11f1-9b18-005056b2a5de,1044,097330eb-f92d-4b88-95a8-1a83fd3d8065,
11__BVL__SUN__POW__500,SUNLIGHT Lau Bếp Bọt Tuyết Powerfoam 500ml,Đồ Dùng Bếp,Chai,6.0,234000.0,0.0,0.0,0.0,0.0,0.0,0.0,0.0,0.0,0.0,0.0,0.0,0.0,6.0,234000.0,6.0,234000.0,11__BVL__SUN__POW__500,SUNLIGHT Lau Bếp Bọt Tuyết Powerfoam 500ml,,Hàng hóa,d480ea4f-8bd7-11f1-9b18-005056b2a5de,d7d0675b-1502-43f1-9a88-dccb5f49e8f4,c8220d45-8bd7-11f1-9b18-005056b2a5de,1045,097330eb-f92d-4b88-95a8-1a83fd3d8065,
11__BVN__HOM__CAM__750,HOMEY Nước Rửa Chén Hương Cam Satsuma 750g,Đồ Dùng Bếp,Chai,6.0,144000.0,0.0,0.0,0.0,0.0,0.0,0.0,0.0,0.0,0.0,0.0,0.0,0.0,2.0,48000.0,2.0,48000.0,11__BVN__HOM__CAM__750,HOMEY Nước Rửa Chén Hương Cam Satsuma 750g,,Hàng hóa,d480eae3-8bd7-11f1-9b18-005056b2a5de,2bfda161-3267-4de8-a398-7cc631bf3e30,c8220d45-8bd7-11f1-9b18-005056b2a5de,1046,097330eb-f92d-4b88-95a8-1a83fd3d8065,
11__BVN__SUN__CHH__400,SUNLIGHT Nước Rửa Chén Chanh 100 400g,Đồ Dùng Bếp,Chai,1.0,22000.0,0.0,0.0,0.0,0.0,0.0,0.0,0.0,0.0,0.0,0.0,0.0,0.0,11.0,242000.0,11.0,242000.0,11__BVN__SUN__CHH__400,SUNLIGHT Nước Rửa Chén Chanh 100 400g,,Hàng hóa,d480eb7c-8bd7-11f1-9b18-005056b2a5de,158cff02-8eb0-4b4d-bd26-6893eb656838,c8220d45-8bd7-11f1-9b18-005056b2a5de,1047,097330eb-f92d-4b88-95a8-1a83fd3d8065,
11__BVN__SUN__LHI__400,SUNLIGHT Nước Rửa Chén Thiên Nhiên Lô Hội 400g,Đồ Dùng Bếp,Chai,3.0,66000.0,0.0,0.0,0.0,0.0,0.0,0.0,0.0,0.0,0.0,0.0,0.0,0.0,3.0,66000.0,3.0,66000.0,11__BVN__SUN__LHI__400,SUNLIGHT Nước Rửa Chén Thiên Nhiên Lô Hội 400g,,Hàng hóa,d480ec0e-8bd7-11f1-9b18-005056b2a5de,08ef4768-8de3-4fc4-95e9-af70a5b6ad60,c8220d45-8bd7-11f1-9b18-005056b2a5de,1048,097330eb-f92d-4b88-95a8-1a83fd3d8065,
11__BVN__SUN__MAT__400,SUNLIGHT Nước Rửa Chén Matcha Trà Nhật 400g,Đồ Dùng Bếp,Chai,4.0,88000.0,0.0,0.0,0.0,0.0,0.0,0.0,0.0,0.0,0.0,0.0,0.0,0.0,1.0,22000.0,1.0,22000.0,11__BVN__SUN__MAT__400,SUNLIGHT Nước Rửa Chén Matcha Trà Nhật 400g,,Hàng hóa,d480eca1-8bd7-11f1-9b18-005056b2a5de,86ce3155-2c0d-4df0-8e7e-f3bf0bb699bc,c8220d45-8bd7-11f1-9b18-005056b2a5de,1049,097330eb-f92d-4b88-95a8-1a83fd3d8065,
11__VNG__HYG__DEN__1800,HYGIENE Nước Giặt Túi Đen 1.8L,Chăm Sóc Quần Áo,Bịch,0.0,0.0,0.0,0.0,0.0,0.0,0.0,0.0,0.0,0.0,0.0,0.0,0.0,0.0,8.0,750000.0,8.0,750000.0,11__VNG__HYG__DEN__1800,HYGIENE Nước Giặt Túi Đen 1.8L,,Hàng hóa,d480ed35-8bd7-11f1-9b18-005056b2a5de,37f7fca6-fe43-4b89-9847-1001862122de,c8220d45-8bd7-11f1-9b18-005056b2a5de,1050,097330eb-f92d-4b88-95a8-1a83fd3d8011,
11__VNG__OMO__3I1__210,OMO Viên Giặt 3in1 Hương Tươi Mát 210g,Chăm Sóc Quần Áo,Hộp,1.0,102000.0,0.0,0.0,0.0,0.0,0.0,0.0,0.0,0.0,0.0,0.0,0.0,0.0,4.0,408000.0,4.0,408000.0,11__VNG__OMO__3I1__210,OMO Viên Giặt 3in1 Hương Tươi Mát 210g,,Hàng hóa,d480edc9-8bd7-11f1-9b18-005056b2a5de,97405aa6-d925-49de-b550-9614af21f32a,c8220d45-8bd7-11f1-9b18-005056b2a5de,1051,097330eb-f92d-4b88-95a8-1a83fd3d8064,
11__VNG__OMO__COM__350,OMO COMFORT Bột Giặt Tinh Dầu Thơm Sang Trọng 350g,Chăm Sóc Quần Áo,Bịch,33.0,726000.0,0.0,0.0,0.0,0.0,0.0,0.0,0.0,0.0,0.0,0.0,0.0,0.0,0.0,0.0,0.0,0.0,11__VNG__OMO__COM__350,OMO COMFORT Bột Giặt Tinh Dầu Thơm Sang Trọng 350g,,Hàng hóa,d480ee5c-8bd7-11f1-9b18-005056b2a5de,e63ff858-4fe8-4822-b336-e86b165c1d1a,c8220d45-8bd7-11f1-9b18-005056b2a5de,1052,097330eb-f92d-4b88-95a8-1a83fd3d8011,
11__VNG__OMO__ECU__1800,"OMO Nước Giặt Cửa Trên Hoa Hồng Ecuador 1,8Kg",Chăm Sóc Quần Áo,Bịch,3.0,315000.0,0.0,0.0,0.0,0.0,0.0,0.0,0.0,0.0,0.0,0.0,0.0,0.0,1.0,105000.0,1.0,105000.0,11__VNG__OMO__ECU__1800,"OMO Nước Giặt Cửa Trên Hoa Hồng Ecuador 1,8Kg",,Hàng hóa,d480ef80-8bd7-11f1-9b18-005056b2a5de,19cc3996-b2b7-47f7-8205-98dd48650e5b,c8220d45-8bd7-11f1-9b18-005056b2a5de,1053,097330eb-f92d-4b88-95a8-1a83fd3d8011,
11__VNG__OMO__MAT__1900,OMO Nước Giặt Matic Cửa Trên Sạch Thơm Vượt Trội 1.9Kg,Chăm Sóc Quần Áo,Bịch,2.0,200000.0,0.0,0.0,0.0,0.0,0.0,0.0,0.0,0.0,0.0,0.0,0.0,0.0,2.0,200000.0,2.0,200000.0,11__VNG__OMO__MAT__1900,OMO Nước Giặt Matic Cửa Trên Sạch Thơm Vượt Trội 1.9Kg,,Hàng hóa,d480f016-8bd7-11f1-9b18-005056b2a5de,a87e0fb0-aa39-41c9-ab43-0e9dcbced00b,c8220d45-8bd7-11f1-9b18-005056b2a5de,1054,097330eb-f92d-4b88-95a8-1a83fd3d8011,
11__VNG__OMO__OAI__1800,"OMO Nước Giặt Cửa Trước Hoa OảI Hương Thư Thái 1,8Kg",Chăm Sóc Quần Áo,Bịch,4.0,420000.0,0.0,0.0,0.0,0.0,0.0,0.0,0.0,0.0,0.0,0.0,0.0,0.0,0.0,0.0,0.0,0.0,11__VNG__OMO__OAI__1800,"OMO Nước Giặt Cửa Trước Hoa OảI Hương Thư Thái 1,8Kg",,Hàng hóa,d480f0ab-8bd7-11f1-9b18-005056b2a5de,66008a0f-97c5-479e-9fd4-3d33d502df48,c8220d45-8bd7-11f1-9b18-005056b2a5de,1055,097330eb-f92d-4b88-95a8-1a83fd3d8011,
11__VNG__OMO__TRE__1800,"OMO Nước Giặt Cửa Trên Giữ Màu 1,8Kg",Chăm Sóc Quần Áo,Bịch,1.0,105000.0,0.0,0.0,0.0,0.0,0.0,0.0,0.0,0.0,0.0,0.0,0.0,0.0,3.0,315000.0,3.0,315000.0,11__VNG__OMO__TRE__1800,"OMO Nước Giặt Cửa Trên Giữ Màu 1,8Kg",,Hàng hóa,d480f141-8bd7-11f1-9b18-005056b2a5de,027c8924-1bbb-4ca7-8370-1134df5ca6df,c8220d45-8bd7-11f1-9b18-005056b2a5de,1056,097330eb-f92d-4b88-95a8-1a83fd3d8011,
11__VNG__OMO__TTE__210,OMO Viên Giặt 3in1 Hương Tinh Tế 210g,Chăm Sóc Quần Áo,Hộp,2.0,204000.0,0.0,0.0,0.0,0.0,0.0,0.0,0.0,0.0,0.0,0.0,0.0,0.0,2.0,204000.0,2.0,204000.0,11__VNG__OMO__TTE__210,OMO Viên Giặt 3in1 Hương Tinh Tế 210g,,Hàng hóa,d480f1db-8bd7-11f1-9b18-005056b2a5de,eb07a2c0-740d-4b68-b417-86bf6477e810,c8220d45-8bd7-11f1-9b18-005056b2a5de,1057,097330eb-f92d-4b88-95a8-1a83fd3d8064,
11__VNG_HYG__TRG__1800,HYGIENE Nước Giặt Túi Trắng 1.8L,Chăm Sóc Quần Áo,Bịch,0.0,0.0,0.0,0.0,0.0,0.0,0.0,0.0,0.0,0.0,0.0,0.0,0.0,0.0,8.0,750000.0,8.0,750000.0,11__VNG_HYG__TRG__1800,HYGIENE Nước Giặt Túi Trắng 1.8L,,Hàng hóa,d480f3a1-8bd7-11f1-9b18-005056b2a5de,934b26b5-96f7-4cbf-8e08-76e96cbea7aa,c8220d45-8bd7-11f1-9b18-005056b2a5de,1058,097330eb-f92d-4b88-95a8-1a83fd3d8011,
11__VNX__COM__BMI__1800,COMFORT Nước Xả Một Lần Xả Hương Ban Mai 1.8L,Chăm Sóc Quần Áo,Bịch,1.0,142000.0,0.0,0.0,0.0,0.0,0.0,0.0,0.0,0.0,0.0,0.0,0.0,0.0,3.0,426000.0,3.0,426000.0,11__VNX__COM__BMI__1800,COMFORT Nước Xả Một Lần Xả Hương Ban Mai 1.8L,,Hàng hóa,d480f444-8bd7-11f1-9b18-005056b2a5de,31d8a63e-dc11-4a99-9898-84295c475b1a,c8220d45-8bd7-11f1-9b18-005056b2a5de,1059,097330eb-f92d-4b88-95a8-1a83fd3d8011,
11__VNX__COM__DNH__5000,Comfort NX Chuyên Dụng Dịu Nhẹ Thơm Hương Phấn 5L,Chăm Sóc Quần Áo,Can,0.0,0.0,0.0,0.0,0.0,0.0,0.0,0.0,0.0,0.0,0.0,0.0,0.0,0.0,4.0,0.0,4.0,0.0,11__VNX__COM__DNH__5000,Comfort NX Chuyên Dụng Dịu Nhẹ Thơm Hương Phấn 5L,,Hàng hóa,d480f4da-8bd7-11f1-9b18-005056b2a5de,303fd430-0f71-4372-a44d-9845bf9a223c,c8220d45-8bd7-11f1-9b18-005056b2a5de,1060,cf4f9d31-5b9b-4b47-9dad-b199f4143836,
11__VNX__COM__HOA__1800,COMFORT Nước Xả Hương Nước Hoa Quyến Rũ 1.8L,Chăm Sóc Quần Áo,Bịch,1.0,140000.0,0.0,0.0,0.0,0.0,0.0,0.0,0.0,0.0,0.0,0.0,0.0,0.0,3.0,420000.0,3.0,420000.0,11__VNX__COM__HOA__1800,COMFORT Nước Xả Hương Nước Hoa Quyến Rũ 1.8L,,Hàng hóa,d480f573-8bd7-11f1-9b18-005056b2a5de,01415de9-fba3-4beb-9f82-048e93c6ca45,c8220d45-8bd7-11f1-9b18-005056b2a5de,1061,097330eb-f92d-4b88-95a8-1a83fd3d8011,
11__VNX__COM__PHN__1700,COMFORT Nước Xả Dịu Nhẹ Thơm Hương Phấn 1.7L,Chăm Sóc Quần Áo,Bịch,0.0,0.0,0.0,0.0,0.0,0.0,0.0,0.0,0.0,0.0,0.0,0.0,0.0,0.0,4.0,552000.0,4.0,552000.0,11__VNX__COM__PHN__1700,COMFORT Nước Xả Dịu Nhẹ Thơm Hương Phấn 1.7L,,Hàng hóa,d480f606-8bd7-11f1-9b18-005056b2a5de,98c687f8-0002-4782-875b-5a9a4c3d8dd3,c8220d45-8bd7-11f1-9b18-005056b2a5de,1062,097330eb-f92d-4b88-95a8-1a83fd3d8011,
11__VNX__DOW__KOR__2500,DOWNY Nước Xả Vải Đậm Đặc Korean Spring 2.5L,Chăm Sóc Quần Áo,Bịch,3.0,684000.0,0.0,0.0,0.0,0.0,0.0,0.0,0.0,0.0,0.0,0.0,0.0,0.0,4.0,912000.0,4.0,912000.0,11__VNX__DOW__KOR__2500,DOWNY Nước Xả Vải Đậm Đặc Korean Spring 2.5L,,Hàng hóa,d480f699-8bd7-11f1-9b18-005056b2a5de,d75379d7-a6c7-45f6-8893-79defe7b1695,c8220d45-8bd7-11f1-9b18-005056b2a5de,1063,097330eb-f92d-4b88-95a8-1a83fd3d8011,
11__VNX__DOW__KOR__2600,DOWNY Nước Xả Vải Đậm Đặc Hương Nắng Mai Bịch 2.6L,Chăm Sóc Quần Áo,Bịch,1.0,228000.0,0.0,0.0,0.0,0.0,0.0,0.0,0.0,0.0,0.0,0.0,0.0,0.0,2.0,456000.0,2.0,456000.0,11__VNX__DOW__KOR__2600,DOWNY Nước Xả Vải Đậm Đặc Hương Nắng Mai Bịch 2.6L,,Hàng hóa,d480f72c-8bd7-11f1-9b18-005056b2a5de,db48aa66-192b-4f34-a2c8-7b1f35800c80,c8220d45-8bd7-11f1-9b18-005056b2a5de,1064,097330eb-f92d-4b88-95a8-1a83fd3d8011,
11__VNX__DOW__MAI__900,DOWNY Nước Xả Vải Đậm Đặc Hương Nắng Mai Chai 900ml,Chăm Sóc Quần Áo,Chai,0.0,0.0,0.0,0.0,0.0,0.0,0.0,0.0,0.0,0.0,0.0,0.0,0.0,0.0,12.0,1188000.0,12.0,1188000.0,11__VNX__DOW__MAI__900,DOWNY Nước Xả Vải Đậm Đặc Hương Nắng Mai Chai 900ml,,Hàng hóa,d480f7c6-8bd7-11f1-9b18-005056b2a5de,67491dbb-d19a-47ea-96be-70a4286b89b1,c8220d45-8bd7-11f1-9b18-005056b2a5de,1065,097330eb-f92d-4b88-95a8-1a83fd3d8065,
11__VNX__HYG__DEN__1100,HYGIENE Nước Xả Túi Đen 1.1L,Chăm Sóc Quần Áo,Bịch,0.0,0.0,0.0,0.0,0.0,0.0,0.0,0.0,0.0,0.0,0.0,0.0,0.0,0.0,16.0,1280000.0,16.0,1280000.0,11__VNX__HYG__DEN__1100,HYGIENE Nước Xả Túi Đen 1.1L,,Hàng hóa,d480f85b-8bd7-11f1-9b18-005056b2a5de,6042207e-e401-4268-a95c-706742b15b51,c8220d45-8bd7-11f1-9b18-005056b2a5de,1066,097330eb-f92d-4b88-95a8-1a83fd3d8011,
11__VXI__DOW__PAS__370,DOWNY Nước Xịt Vải Passion Đam Mê 370ml,Chăm Sóc Quần Áo,Chai,4.0,480000.0,0.0,0.0,0.0,0.0,0.0,0.0,0.0,0.0,0.0,0.0,0.0,0.0,4.0,480000.0,4.0,480000.0,11__VXI__DOW__PAS__370,DOWNY Nước Xịt Vải Passion Đam Mê 370ml,,Hàng hóa,d480f8ee-8bd7-11f1-9b18-005056b2a5de,1f3ade60-6ef1-48e3-bb03-b108dcc68a76,c8220d45-8bd7-11f1-9b18-005056b2a5de,1067,097330eb-f92d-4b88-95a8-1a83fd3d8065,
12__GBT__MIR__DOK__1,Bài Tây Double K MIRA,,Hộp,96.0,960000.0,0.0,0.0,0.0,0.0,0.0,0.0,0.0,0.0,0.0,0.0,0.0,0.0,4.0,40000.0,4.0,40000.0,12__GBT__MIR__DOK__1,Bài Tây Double K MIRA,,Hàng hóa,d480f984-8bd7-11f1-9b18-005056b2a5de,503fc3d4-ad6f-4617-a836-ce41a8decffb,c8220d45-8bd7-11f1-9b18-005056b2a5de,1068,097330eb-f92d-4b88-95a8-1a83fd3d8064,
13__MCP__MIR__DEN__1,MIRA Cafe Đen,MIRA Cà Phê,Ly,0.0,0.0,0.0,0.0,0.0,0.0,0.0,0.0,0.0,0.0,0.0,0.0,0.0,0.0,0.0,0.0,0.0,0.0,13__MCP__MIR__DEN__1,MIRA Cafe Đen,,Hàng hóa,d480fa20-8bd7-11f1-9b18-005056b2a5de,6e2c0e45-b084-40d6-8d10-e5215b98ca7f,c8220d45-8bd7-11f1-9b18-005056b2a5de,1069,0a0154e9-97da-471f-a528-3620c35b3e76,
13__MCP__MIR__SUA__1,MIRA Cafe Sữa,MIRA Cà Phê,Ly,4.0,80000.0,0.0,0.0,0.0,0.0,0.0,0.0,0.0,0.0,0.0,0.0,0.0,0.0,-4.0,-80000.0,-4.0,-80000.0,13__MCP__MIR__SUA__1,MIRA Cafe Sữa,,Hàng hóa,d480fab6-8bd7-11f1-9b18-005056b2a5de,d1aed431-3f96-4031-8c8e-0473ca8058e2,c8220d45-8bd7-11f1-9b18-005056b2a5de,1070,0a0154e9-97da-471f-a528-3620c35b3e76,
13__MDC__MIR__BDA__1,MIRA Bịch Đá,Dụng Cụ Ăn Uống MIRA,Bịch,183.0,1830000.0,0.0,0.0,0.0,0.0,0.0,0.0,5.0,50000.0,0.0,0.0,0.0,0.0,-56.0,-560000.0,-56.0,-560000.0,13__MDC__MIR__BDA__1,MIRA Bịch Đá,,Hàng hóa,d480fb49-8bd7-11f1-9b18-005056b2a5de,66afd1ac-f3ed-4b49-be7e-cefeb9cb3467,c8220d45-8bd7-11f1-9b18-005056b2a5de,1071,097330eb-f92d-4b88-95a8-1a83fd3d8011,
13__MDC__MIR__LY__1,MIRA Ly Giấy,Dụng Cụ Ăn Uống MIRA,Ly,654.0,654000.0,0.0,0.0,0.0,0.0,0.0,0.0,1.0,1000.0,0.0,0.0,0.0,0.0,-508.0,-508000.0,-508.0,-508000.0,13__MDC__MIR__LY__1,MIRA Ly Giấy,,Hàng hóa,d480fbe1-8bd7-11f1-9b18-005056b2a5de,74f90880-f400-48de-a293-a388ef62029b,c8220d45-8bd7-11f1-9b18-005056b2a5de,1072,0a0154e9-97da-471f-a528-3620c35b3e76,
13__MDC__MIR__TAY__1,MIRA Tẩy Đá,Dụng Cụ Ăn Uống MIRA,Ly,9606.0,28818000.0,0.0,0.0,0.0,0.0,0.0,0.0,6.0,18000.0,0.0,0.0,0.0,0.0,-385.0,-1155000.0,-385.0,-1155000.0,13__MDC__MIR__TAY__1,MIRA Tẩy Đá,,Hàng hóa,d480fc89-8bd7-11f1-9b18-005056b2a5de,754db6b0-1d50-4328-8f10-4402e8d10cef,c8220d45-8bd7-11f1-9b18-005056b2a5de,1073,0a0154e9-97da-471f-a528-3620c35b3e76,
13__MDC__MIR__TOG__1,MIRA Tô Giấy,Dụng Cụ Ăn Uống MIRA,Tô,1909.0,3818000.0,0.0,0.0,0.0,0.0,0.0,0.0,2.0,4000.0,0.0,0.0,0.0,0.0,-92.0,-184000.0,-92.0,-184000.0,13__MDC__MIR__TOG__1,MIRA Tô Giấy,,Hàng hóa,d480fd1f-8bd7-11f1-9b18-005056b2a5de,fd81daaf-7884-434c-a0c4-1907c99dafd9,c8220d45-8bd7-11f1-9b18-005056b2a5de,1074,b6482b1f-e8c5-4921-ad59-6b055022c7e2,
13__MTH__MIR__DLI__1,DƯA LƯỚI LOẠI I,Trái Cây Cắt Sẵn,Hộp,0.0,0.0,0.0,0.0,0.0,0.0,0.0,0.0,0.0,0.0,0.0,0.0,0.0,0.0,0.0,0.0,0.0,0.0,13__MTH__MIR__DLI__1,DƯA LƯỚI LOẠI I,,Hàng hóa,d480fdb3-8bd7-11f1-9b18-005056b2a5de,d1ebd583-dac1-4370-b280-48f5079c6283,c8220d45-8bd7-11f1-9b18-005056b2a5de,1075,097330eb-f92d-4b88-95a8-1a83fd3d8064,
13__MTH__MIR__MIX__1,TRÁI CÂY MIX,Trái Cây Cắt Sẵn,Hộp,0.0,0.0,0.0,0.0,0.0,0.0,0.0,0.0,0.0,0.0,0.0,0.0,0.0,0.0,0.0,0.0,0.0,0.0,13__MTH__MIR__MIX__1,TRÁI CÂY MIX,,Hàng hóa,d480fe48-8bd7-11f1-9b18-005056b2a5de,36ba30a8-6990-4243-a4da-27c8dbd4c188,c8220d45-8bd7-11f1-9b18-005056b2a5de,1076,097330eb-f92d-4b88-95a8-1a83fd3d8064,
13__MTH__MIR__NHO__1,NHO BA MỌI,Trái Cây Cắt Sẵn,Hộp,0.0,0.0,0.0,0.0,0.0,0.0,0.0,0.0,0.0,0.0,0.0,0.0,0.0,0.0,0.0,0.0,0.0,0.0,13__MTH__MIR__NHO__1,NHO BA MỌI,,Hàng hóa,d480fedd-8bd7-11f1-9b18-005056b2a5de,9fdc4541-e422-4661-a06d-6e28213a477b,c8220d45-8bd7-11f1-9b18-005056b2a5de,1077,097330eb-f92d-4b88-95a8-1a83fd3d8064,
13__MTH__MIR__THO__1,THƠM,Trái Cây Cắt Sẵn,Hộp,0.0,0.0,0.0,0.0,0.0,0.0,0.0,0.0,0.0,0.0,0.0,0.0,0.0,0.0,0.0,0.0,0.0,0.0,13__MTH__MIR__THO__1,THƠM,,Hàng hóa,d480ff6f-8bd7-11f1-9b18-005056b2a5de,73f208e7-9f57-4205-bf51-68375af118ec,c8220d45-8bd7-11f1-9b18-005056b2a5de,1078,097330eb-f92d-4b88-95a8-1a83fd3d8064,
13__MTR__MIR__DAO__1,MIRA Trà Đào Trân Châu Trắng,MIRA Trà,Ly,0.0,0.0,0.0,0.0,0.0,0.0,0.0,0.0,0.0,0.0,0.0,0.0,0.0,0.0,0.0,0.0,0.0,0.0,13__MTR__MIR__DAO__1,MIRA Trà Đào Trân Châu Trắng,,Hàng hóa,d4810009-8bd7-11f1-9b18-005056b2a5de,5012a7e1-ebf4-4d07-81f7-95108dc70b33,c8220d45-8bd7-11f1-9b18-005056b2a5de,1079,0a0154e9-97da-471f-a528-3620c35b3e76,
13__MTR__MIR__NHA__1,MIRA Trà Nhãn Trân Châu Trắng,MIRA Trà,Ly,0.0,0.0,0.0,0.0,0.0,0.0,0.0,0.0,0.0,0.0,0.0,0.0,0.0,0.0,0.0,0.0,0.0,0.0,13__MTR__MIR__NHA__1,MIRA Trà Nhãn Trân Châu Trắng,,Hàng hóa,d481009d-8bd7-11f1-9b18-005056b2a5de,291c789a-e4b9-4d97-b67f-9b9c7c1e2c45,c8220d45-8bd7-11f1-9b18-005056b2a5de,1080,0a0154e9-97da-471f-a528-3620c35b3e76,
13__MTR__MIR__TST__1,MIRA Trà Sữa Truyền Thống Trân Châu Trắng,MIRA Trà,Ly,0.0,0.0,0.0,0.0,0.0,0.0,0.0,0.0,0.0,0.0,0.0,0.0,0.0,0.0,0.0,0.0,0.0,0.0,13__MTR__MIR__TST__1,MIRA Trà Sữa Truyền Thống Trân Châu Trắng,,Hàng hóa,d4810131-8bd7-11f1-9b18-005056b2a5de,42ba9b0b-5f36-43fb-b189-7e1d91c98b2e,c8220d45-8bd7-11f1-9b18-005056b2a5de,1081,0a0154e9-97da-471f-a528-3620c35b3e76,
13__MTR__MIR__TXH__1,MIRA Trà Thái Xanh Trân Châu Trắng,MIRA Trà,Ly,0.0,0.0,0.0,0.0,0.0,0.0,0.0,0.0,0.0,0.0,0.0,0.0,0.0,0.0,0.0,0.0,0.0,0.0,13__MTR__MIR__TXH__1,MIRA Trà Thái Xanh Trân Châu Trắng,,Hàng hóa,d481025b-8bd7-11f1-9b18-005056b2a5de,6673f7da-3860-4280-a7f4-024be0e103ca,c8220d45-8bd7-11f1-9b18-005056b2a5de,1082,0a0154e9-97da-471f-a528-3620c35b3e76,
13__MTR__MIR__TXM__1,MIRA Trà Tắc Xí Mụôi Trân Châu Trắng,MIRA Trà,Ly,0.0,0.0,0.0,0.0,0.0,0.0,0.0,0.0,0.0,0.0,0.0,0.0,0.0,0.0,0.0,0.0,0.0,0.0,13__MTR__MIR__TXM__1,MIRA Trà Tắc Xí Mụôi Trân Châu Trắng,,Hàng hóa,d48102f1-8bd7-11f1-9b18-005056b2a5de,5427bf1e-3455-41bf-96a0-3f4bb91677df,c8220d45-8bd7-11f1-9b18-005056b2a5de,1083,0a0154e9-97da-471f-a528-3620c35b3e76,
13__MXB__MIR__BOV__5,MIRA Bò Viên Chiên,MIRA Xiên Chiên,Cái,10.0,126000.0,0.0,0.0,0.0,0.0,0.0,0.0,0.0,0.0,0.0,0.0,0.0,0.0,-8.0,-96000.0,-8.0,-96000.0,13__MXB__MIR__BOV__5,MIRA Bò Viên Chiên,,Hàng hóa,d481038b-8bd7-11f1-9b18-005056b2a5de,f676c882-e9d0-4142-9f53-62c116bdd20d,c8220d45-8bd7-11f1-9b18-005056b2a5de,1084,097330eb-f92d-4b88-95a8-1a83fd3d8061,
13__MXC__MIR__CAV__5,MIRA Cá Viên Chiên,MIRA Xiên Chiên,Cái,24.0,240000.0,0.0,0.0,0.0,0.0,0.0,0.0,0.0,0.0,0.0,0.0,0.0,0.0,-17.0,-170000.0,-17.0,-170000.0,13__MXC__MIR__CAV__5,MIRA Cá Viên Chiên,,Hàng hóa,d4810424-8bd7-11f1-9b18-005056b2a5de,e706b1cc-b128-4ffb-9526-ab703d937e18,c8220d45-8bd7-11f1-9b18-005056b2a5de,1085,097330eb-f92d-4b88-95a8-1a83fd3d8061,
13__MXX__MIR__HAC__1,MIRA Há Cảo Hấp,MIRA Xiên Chiên,Cái,19.0,285000.0,0.0,0.0,0.0,0.0,0.0,0.0,0.0,0.0,0.0,0.0,0.0,0.0,-19.0,-285000.0,-19.0,-285000.0,13__MXX__MIR__HAC__1,MIRA Há Cảo Hấp,,Hàng hóa,d48104be-8bd7-11f1-9b18-005056b2a5de,f582407c-6cdf-45bc-99fe-5242eaa84ec7,c8220d45-8bd7-11f1-9b18-005056b2a5de,1086,097330eb-f92d-4b88-95a8-1a83fd3d8061,
13__MXX__MIR__XXH__1,MIRA Xúc Xích Chiên,MIRA Xiên Chiên,Cái,29.0,348000.0,0.0,0.0,0.0,0.0,0.0,0.0,0.0,0.0,0.0,0.0,0.0,0.0,-7.0,-84000.0,-7.0,-84000.0,13__MXX__MIR__XXH__1,MIRA Xúc Xích Chiên,,Hàng hóa,d4810552-8bd7-11f1-9b18-005056b2a5de,c309b9fd-f7b8-4845-8014-48bded99bb02,c8220d45-8bd7-11f1-9b18-005056b2a5de,1087,097330eb-f92d-4b88-95a8-1a83fd3d8061,
14__KEB__CEL__KTC__70,CELANO Kem Bánh Cá Trà Sữa Khoai Môn 70g,Kem Bánh,Cái,90.0,2336000.0,0.0,0.0,0.0,0.0,0.0,0.0,0.0,0.0,0.0,0.0,0.0,0.0,8.0,240000.0,8.0,240000.0,14__KEB__CEL__KTC__70,CELANO Kem Bánh Cá Trà Sữa Khoai Môn 70g,,Hàng hóa,d48105e8-8bd7-11f1-9b18-005056b2a5de,498eb6ff-58e5-4a68-8ad9-aa6a92764bad,c8220d45-8bd7-11f1-9b18-005056b2a5de,1088,097330eb-f92d-4b88-95a8-1a83fd3d8061,
14__KEB__CEL__SLM__70,CELANO Kem Bánh Cá Socola Lúa Mạch 70g,Kem Bánh,Cái,55.0,1462000.0,0.0,0.0,0.0,0.0,0.0,0.0,0.0,0.0,0.0,0.0,0.0,0.0,1.0,30000.0,1.0,30000.0,14__KEB__CEL__SLM__70,CELANO Kem Bánh Cá Socola Lúa Mạch 70g,,Hàng hóa,d4810681-8bd7-11f1-9b18-005056b2a5de,98b202de-8f62-4429-96ed-e71dbc6811db,c8220d45-8bd7-11f1-9b18-005056b2a5de,1089,097330eb-f92d-4b88-95a8-1a83fd3d8061,
14__KEB__CEL__TTC__70,CELANO Kem Bánh Cá Trà Sữa Trân Châu 70g,Kem Bánh,Cái,145.0,3684000.0,0.0,0.0,0.0,0.0,0.0,0.0,6.0,156000.0,0.0,0.0,0.0,0.0,0.0,0.0,0.0,0.0,14__KEB__CEL__TTC__70,CELANO Kem Bánh Cá Trà Sữa Trân Châu 70g,,Hàng hóa,d481072b-8bd7-11f1-9b18-005056b2a5de,43d2fa74-200d-427b-a51c-791f825abafd,c8220d45-8bd7-11f1-9b18-005056b2a5de,1090,097330eb-f92d-4b88-95a8-1a83fd3d8061,
14__KEB__CEL__VDD__70,CELANO Kem Bánh Cá Vani Đậu Đỏ 70g,Kem Bánh,Cái,94.0,2484000.0,0.0,0.0,0.0,0.0,0.0,0.0,0.0,0.0,0.0,0.0,0.0,0.0,23.0,690000.0,23.0,690000.0,14__KEB__CEL__VDD__70,CELANO Kem Bánh Cá Vani Đậu Đỏ 70g,,Hàng hóa,d48107fc-8bd7-11f1-9b18-005056b2a5de,0c12fcb2-cfb5-4cc3-9730-db390384ed6d,c8220d45-8bd7-11f1-9b18-005056b2a5de,1091,097330eb-f92d-4b88-95a8-1a83fd3d8061,
14__KEH__CEL__DAU__213,CELANO Kem Hộp Dâu 213g,Kem Hộp,Hộp,3.0,234000.0,0.0,0.0,0.0,0.0,0.0,0.0,0.0,0.0,0.0,0.0,0.0,0.0,0.0,0.0,0.0,0.0,14__KEH__CEL__DAU__213,CELANO Kem Hộp Dâu 213g,,Hàng hóa,d4810895-8bd7-11f1-9b18-005056b2a5de,96d731df-ff57-4cd3-ae1e-e23fbd1cb6a6,c8220d45-8bd7-11f1-9b18-005056b2a5de,1092,097330eb-f92d-4b88-95a8-1a83fd3d8064,
14__KEH__CEL__DAU__65,CELANO Kem Hộp Dâu 65g,Kem Hộp,Cái,69.0,2070000.0,0.0,0.0,0.0,0.0,0.0,0.0,0.0,0.0,0.0,0.0,0.0,0.0,13.0,390000.0,13.0,390000.0,14__KEH__CEL__DAU__65,CELANO Kem Hộp Dâu 65g,,Hàng hóa,d481092b-8bd7-11f1-9b18-005056b2a5de,028b93df-959c-4fa8-af88-42e865750e7d,c8220d45-8bd7-11f1-9b18-005056b2a5de,1093,097330eb-f92d-4b88-95a8-1a83fd3d8061,
14__KEH__CEL__SHN__213,CELANO Kem Hộp Socola Hạnh Nhân 213g,Kem Hộp,Hộp,3.0,234000.0,0.0,0.0,0.0,0.0,0.0,0.0,0.0,0.0,0.0,0.0,0.0,0.0,0.0,0.0,0.0,0.0,14__KEH__CEL__SHN__213,CELANO Kem Hộp Socola Hạnh Nhân 213g,,Hàng hóa,d48109c3-8bd7-11f1-9b18-005056b2a5de,3166736d-f99c-49cf-aeba-4096f2326718,c8220d45-8bd7-11f1-9b18-005056b2a5de,1094,097330eb-f92d-4b88-95a8-1a83fd3d8064,
14__KEH__CEL__SHN__65,CELANO Kem Hộp Socola Hạnh Nhân 65g,Kem Hộp,Cái,73.0,2190000.0,0.0,0.0,0.0,0.0,0.0,0.0,0.0,0.0,0.0,0.0,0.0,0.0,16.0,480000.0,16.0,480000.0,14__KEH__CEL__SHN__65,CELANO Kem Hộp Socola Hạnh Nhân 65g,,Hàng hóa,d4810a62-8bd7-11f1-9b18-005056b2a5de,90ad6e7e-306a-43d3-bc12-17b13d1672d1,c8220d45-8bd7-11f1-9b18-005056b2a5de,1095,097330eb-f92d-4b88-95a8-1a83fd3d8061,
14__KEH__MER__DAU__95,MERINO Kem Hộp Vani Dâu 95ml,Kem Hộp,Cái,115.0,1732000.0,0.0,0.0,0.0,0.0,0.0,0.0,0.0,0.0,0.0,0.0,0.0,0.0,17.0,272000.0,17.0,272000.0,14__KEH__MER__DAU__95,MERINO Kem Hộp Vani Dâu 95ml,,Hàng hóa,d4810af9-8bd7-11f1-9b18-005056b2a5de,b682e726-ef0b-48ca-8a4d-85f464223b21,c8220d45-8bd7-11f1-9b18-005056b2a5de,1096,097330eb-f92d-4b88-95a8-1a83fd3d8061,
14__KEH__MER__SCH__73,MERINO Kem Hộp Socola Chuối 73g (150ml),Kem Hộp,Hũ,66.0,1320000.0,0.0,0.0,0.0,0.0,0.0,0.0,0.0,0.0,0.0,0.0,0.0,0.0,14.0,280000.0,14.0,280000.0,14__KEH__MER__SCH__73,MERINO Kem Hộp Socola Chuối 73g (150ml),,Hàng hóa,d4810b8d-8bd7-11f1-9b18-005056b2a5de,2dde8077-f1e5-4482-b1fd-40c366f674e0,c8220d45-8bd7-11f1-9b18-005056b2a5de,1097,315cd7c9-f951-4e88-888d-9acc60b4a4fc,
14__KEH__MER__SDA__95,MERINO Kem Hộp Sữa Dừa 95ml,Kem Hộp,Cái,106.0,1560000.0,0.0,0.0,0.0,0.0,0.0,0.0,0.0,0.0,0.0,0.0,0.0,0.0,27.0,432000.0,27.0,432000.0,14__KEH__MER__SDA__95,MERINO Kem Hộp Sữa Dừa 95ml,,Hàng hóa,d4810c24-8bd7-11f1-9b18-005056b2a5de,b9924b09-1493-4845-a802-179b236d2955,c8220d45-8bd7-11f1-9b18-005056b2a5de,1098,097330eb-f92d-4b88-95a8-1a83fd3d8061,
14__KEH__MER__SOC__95,MERINO Kem Hộp Socola Vani 95ml,Kem Hộp,Cái,146.0,2224000.0,0.0,0.0,0.0,0.0,0.0,0.0,0.0,0.0,0.0,0.0,0.0,0.0,14.0,224000.0,14.0,224000.0,14__KEH__MER__SOC__95,MERINO Kem Hộp Socola Vani 95ml,,Hàng hóa,d4810cbd-8bd7-11f1-9b18-005056b2a5de,35cb1899-4d9a-4494-88bd-880f4216cd31,c8220d45-8bd7-11f1-9b18-005056b2a5de,1099,097330eb-f92d-4b88-95a8-1a83fd3d8061,
14__KEH__VNM__DAU__49,VINAMILK Kem Mịn Dâu Hũ 49g,Kem Hộp,Hũ,4.0,48000.0,0.0,0.0,0.0,0.0,0.0,0.0,0.0,0.0,0.0,0.0,0.0,0.0,0.0,0.0,0.0,0.0,14__KEH__VNM__DAU__49,VINAMILK Kem Mịn Dâu Hũ 49g,,Hàng hóa,d4810d55-8bd7-11f1-9b18-005056b2a5de,5b6f192f-037c-4526-930e-9e67a9335f66,c8220d45-8bd7-11f1-9b18-005056b2a5de,1100,315cd7c9-f951-4e88-888d-9acc60b4a4fc,
14__KEH__VNM__DUA__850,VINAMILK Kem Mịn Dừa Hộp 850ml,Kem Hộp,Hộp,4.0,376000.0,0.0,0.0,0.0,0.0,0.0,0.0,0.0,0.0,0.0,0.0,0.0,0.0,0.0,0.0,0.0,0.0,14__KEH__VNM__DUA__850,VINAMILK Kem Mịn Dừa Hộp 850ml,,Hàng hóa,d4810df7-8bd7-11f1-9b18-005056b2a5de,224f0ab9-a0c0-4c2c-8c3a-c9f36dbab603,c8220d45-8bd7-11f1-9b18-005056b2a5de,1101,097330eb-f92d-4b88-95a8-1a83fd3d8064,
14__KEH__VNM__KMN__400,VINAMILK Kem Mịn Khoai Môn Hộp 400ml,Kem Hộp,Hộp,4.0,215000.0,0.0,0.0,0.0,0.0,0.0,0.0,0.0,0.0,0.0,0.0,0.0,0.0,0.0,0.0,0.0,0.0,14__KEH__VNM__KMN__400,VINAMILK Kem Mịn Khoai Môn Hộp 400ml,,Hàng hóa,d4810e8c-8bd7-11f1-9b18-005056b2a5de,8e70426e-2491-46d4-a2bc-1dc2b29526e9,c8220d45-8bd7-11f1-9b18-005056b2a5de,1102,097330eb-f92d-4b88-95a8-1a83fd3d8064,
14__KEO__CEL__CPM__66,CELANO Kem Ốc Caramel Phomai 66g,Kem Ốc,Cái,41.0,984000.0,0.0,0.0,0.0,0.0,0.0,0.0,0.0,0.0,0.0,0.0,0.0,0.0,0.0,0.0,0.0,0.0,14__KEO__CEL__CPM__66,CELANO Kem Ốc Caramel Phomai 66g,,Hàng hóa,d4810f26-8bd7-11f1-9b18-005056b2a5de,a3c00708-e0ce-48ff-a72d-868e88838701,c8220d45-8bd7-11f1-9b18-005056b2a5de,1103,097330eb-f92d-4b88-95a8-1a83fd3d8061,
14__KEO__CEL__DAU__66,CELANO Kem Ốc Quế Cone Dâu Vani 66g,Kem Ốc,Cái,171.0,4334000.0,0.0,0.0,0.0,0.0,0.0,0.0,0.0,0.0,0.0,0.0,0.0,0.0,23.0,644000.0,23.0,644000.0,14__KEO__CEL__DAU__66,CELANO Kem Ốc Quế Cone Dâu Vani 66g,,Hàng hóa,d4810fbd-8bd7-11f1-9b18-005056b2a5de,f71f9dba-7d11-4b07-bc10-58ac9dd305b3,c8220d45-8bd7-11f1-9b18-005056b2a5de,1104,097330eb-f92d-4b88-95a8-1a83fd3d8061,
14__KEO__CEL__HDE__66,CELANO Kem Ốc Quế Cone Hạt Dẻ Cười 66g,Kem Ốc,Cái,65.0,1668000.0,0.0,0.0,0.0,0.0,0.0,0.0,0.0,0.0,0.0,0.0,0.0,0.0,26.0,728000.0,26.0,728000.0,14__KEO__CEL__HDE__66,CELANO Kem Ốc Quế Cone Hạt Dẻ Cười 66g,,Hàng hóa,d4811053-8bd7-11f1-9b18-005056b2a5de,5067f48b-981b-43fa-8689-c573189e7ea4,c8220d45-8bd7-11f1-9b18-005056b2a5de,1105,097330eb-f92d-4b88-95a8-1a83fd3d8061,
14__KEO__CEL__SVA__66,CELANO Kem Ốc Quế Cone Socola Vani 66g,Kem Ốc,Cái,131.0,3196000.0,0.0,0.0,0.0,0.0,0.0,0.0,0.0,0.0,0.0,0.0,0.0,0.0,27.0,756000.0,27.0,756000.0,14__KEO__CEL__SVA__66,CELANO Kem Ốc Quế Cone Socola Vani 66g,,Hàng hóa,d4811106-8bd7-11f1-9b18-005056b2a5de,e24fd4d5-f7f8-48cd-ab09-811a2ce13a0f,c8220d45-8bd7-11f1-9b18-005056b2a5de,1106,097330eb-f92d-4b88-95a8-1a83fd3d8061,
14__KEO__CEL__VAN__66,CELANO Kem Ốc Quế Cone Vani 66g,Kem Ốc,Cái,71.0,1784000.0,0.0,0.0,0.0,0.0,0.0,0.0,0.0,0.0,0.0,0.0,0.0,0.0,11.0,308000.0,11.0,308000.0,14__KEO__CEL__VAN__66,CELANO Kem Ốc Quế Cone Vani 66g,,Hàng hóa,d481127e-8bd7-11f1-9b18-005056b2a5de,34c3d5e3-b223-43ed-a166-eccb4dccda63,c8220d45-8bd7-11f1-9b18-005056b2a5de,1107,097330eb-f92d-4b88-95a8-1a83fd3d8061,
14__KEO__MER__CRS__60,MERINO Kem Ốc Quế Cream Socola 60g,Kem Ốc,Cái,74.0,1320000.0,0.0,0.0,0.0,0.0,0.0,0.0,0.0,0.0,0.0,0.0,0.0,0.0,5.0,90000.0,5.0,90000.0,14__KEO__MER__CRS__60,MERINO Kem Ốc Quế Cream Socola 60g,,Hàng hóa,d481136d-8bd7-11f1-9b18-005056b2a5de,5d6bafb4-225d-43ea-9980-6173e28c2b17,c8220d45-8bd7-11f1-9b18-005056b2a5de,1108,097330eb-f92d-4b88-95a8-1a83fd3d8061,
14__KEO__MER__DSO__60,MERINO Kem Ốc Quế S.Teen Dâu Socola 60g,Kem Ốc,Cái,24.0,400000.0,0.0,0.0,0.0,0.0,0.0,0.0,0.0,0.0,0.0,0.0,0.0,0.0,0.0,0.0,0.0,0.0,14__KEO__MER__DSO__60,MERINO Kem Ốc Quế S.Teen Dâu Socola 60g,,Hàng hóa,d4811446-8bd7-11f1-9b18-005056b2a5de,e46efc75-729b-4e78-8a28-e7edf16cbab7,c8220d45-8bd7-11f1-9b18-005056b2a5de,1109,097330eb-f92d-4b88-95a8-1a83fd3d8061,
14__KEO__MER__SOC__60,MERINO Kem Ốc Quế S.Teen Socola 60g,Kem Ốc,Cái,205.0,3610000.0,0.0,0.0,0.0,0.0,0.0,0.0,0.0,0.0,0.0,0.0,0.0,0.0,33.0,594000.0,33.0,594000.0,14__KEO__MER__SOC__60,MERINO Kem Ốc Quế S.Teen Socola 60g,,Hàng hóa,d481156f-8bd7-11f1-9b18-005056b2a5de,9db7cb7f-6451-4f1c-8d7c-af9a827e5366,c8220d45-8bd7-11f1-9b18-005056b2a5de,1110,097330eb-f92d-4b88-95a8-1a83fd3d8061,
14__KEO__MER__VAS__60,MERINO Kem Ốc Quế S.Teen Vani Socola 60g,Kem Ốc,Cái,132.0,2364000.0,0.0,0.0,0.0,0.0,0.0,0.0,0.0,0.0,0.0,0.0,0.0,0.0,21.0,378000.0,21.0,378000.0,14__KEO__MER__VAS__60,MERINO Kem Ốc Quế S.Teen Vani Socola 60g,,Hàng hóa,d481160f-8bd7-11f1-9b18-005056b2a5de,e7992bcf-0f14-4fc0-add5-b1fa8d24f59a,c8220d45-8bd7-11f1-9b18-005056b2a5de,1111,097330eb-f92d-4b88-95a8-1a83fd3d8061,
14__KEQ__CEL__CVA__53,CELANO Kem Que Caramel Vani 53g,Kem Que,Cái,96.0,2452000.0,0.0,0.0,0.0,0.0,0.0,0.0,0.0,0.0,0.0,0.0,0.0,0.0,17.0,476000.0,17.0,476000.0,14__KEQ__CEL__CVA__53,CELANO Kem Que Caramel Vani 53g,,Hàng hóa,d481173e-8bd7-11f1-9b18-005056b2a5de,37b1aac6-ccb5-4d54-981f-d97729dfc8ee,c8220d45-8bd7-11f1-9b18-005056b2a5de,1112,097330eb-f92d-4b88-95a8-1a83fd3d8061,
14__KEQ__CEL__SHN__53,CELANO Kem Que Socola Hạnh Nhân 53g,Kem Que,Cái,188.0,4816000.0,0.0,0.0,0.0,0.0,0.0,0.0,0.0,0.0,0.0,0.0,0.0,0.0,27.0,756000.0,27.0,756000.0,14__KEQ__CEL__SHN__53,CELANO Kem Que Socola Hạnh Nhân 53g,,Hàng hóa,d48117d4-8bd7-11f1-9b18-005056b2a5de,b9bd6357-f019-4d5d-8090-3c60031af32f,c8220d45-8bd7-11f1-9b18-005056b2a5de,1113,097330eb-f92d-4b88-95a8-1a83fd3d8061,
14__KEQ__CEL__STC__65,CELANO Kem Que Sữa Tươi Trân Châu Đường Đen 65g,Kem Que,Cái,70.0,1776000.0,0.0,0.0,0.0,0.0,0.0,0.0,0.0,0.0,0.0,0.0,0.0,0.0,18.0,504000.0,18.0,504000.0,14__KEQ__CEL__STC__65,CELANO Kem Que Sữa Tươi Trân Châu Đường Đen 65g,,Hàng hóa,d4811872-8bd7-11f1-9b18-005056b2a5de,47b36e1d-f107-4a7c-9bd0-138be768ab69,c8220d45-8bd7-11f1-9b18-005056b2a5de,1114,097330eb-f92d-4b88-95a8-1a83fd3d8061,
14__KEQ__CEL__TCS__75,CELANO Kem Que Trân Châu Sữa Dừa 75g,Kem Que,Cái,119.0,3042000.0,0.0,0.0,0.0,0.0,0.0,0.0,0.0,0.0,0.0,0.0,0.0,0.0,30.0,840000.0,30.0,840000.0,14__KEQ__CEL__TCS__75,CELANO Kem Que Trân Châu Sữa Dừa 75g,,Hàng hóa,d481190c-8bd7-11f1-9b18-005056b2a5de,0429573a-5111-44df-ad71-3f37fcaeb62e,c8220d45-8bd7-11f1-9b18-005056b2a5de,1115,097330eb-f92d-4b88-95a8-1a83fd3d8061,
14__KEQ__CEL__XOI__60,CELANO Kem Que Xoài 60g,Kem Que,Cái,127.0,3204000.0,0.0,0.0,0.0,0.0,0.0,0.0,0.0,0.0,0.0,0.0,0.0,0.0,29.0,812000.0,29.0,812000.0,14__KEQ__CEL__XOI__60,CELANO Kem Que Xoài 60g,,Hàng hóa,d48119a3-8bd7-11f1-9b18-005056b2a5de,755de993-04ec-43e8-838c-c0b0a8cf9d2c,c8220d45-8bd7-11f1-9b18-005056b2a5de,1116,097330eb-f92d-4b88-95a8-1a83fd3d8061,
14__KEQ__MER__BBP__50,MERINO Kem Que Bánh Bắp 50g,Kem Que,Cái,250.0,2822000.0,0.0,0.0,0.0,0.0,0.0,0.0,8.0,96000.0,0.0,0.0,0.0,0.0,2.0,24000.0,2.0,24000.0,14__KEQ__MER__BBP__50,MERINO Kem Que Bánh Bắp 50g,,Hàng hóa,d4811a38-8bd7-11f1-9b18-005056b2a5de,a8cf2956-88c4-4038-9998-4a2186af0e11,c8220d45-8bd7-11f1-9b18-005056b2a5de,1117,097330eb-f92d-4b88-95a8-1a83fd3d8061,
14__KEQ__MER__CBE__64,MERINO Kem Que Cutie Bear Socola Sữa 64g,Kem Que,Cái,163.0,2691000.0,0.0,0.0,0.0,0.0,0.0,0.0,0.0,0.0,0.0,0.0,0.0,0.0,12.0,216000.0,12.0,216000.0,14__KEQ__MER__CBE__64,MERINO Kem Que Cutie Bear Socola Sữa 64g,,Hàng hóa,d4811ad8-8bd7-11f1-9b18-005056b2a5de,db80d222-2242-4b64-b650-5525c74d4cf3,c8220d45-8bd7-11f1-9b18-005056b2a5de,1118,097330eb-f92d-4b88-95a8-1a83fd3d8061,
14__KEQ__MER__CHU__85,MERINO Kem Que Chuối Truyền Thống 85g,Kem Que,Cái,224.0,4032000.0,0.0,0.0,0.0,0.0,0.0,0.0,0.0,0.0,0.0,0.0,0.0,0.0,10.0,180000.0,10.0,180000.0,14__KEQ__MER__CHU__85,MERINO Kem Que Chuối Truyền Thống 85g,,Hàng hóa,d4811b6b-8bd7-11f1-9b18-005056b2a5de,4cad9208-c8f0-4f9f-8cde-831fd2eea254,c8220d45-8bd7-11f1-9b18-005056b2a5de,1119,097330eb-f92d-4b88-95a8-1a83fd3d8061,
14__KEQ__MER__CSO__68,MERINO Kem Que Cacao Socola 68g,Kem Que,Cái,318.0,4770000.0,0.0,0.0,0.0,0.0,0.0,0.0,0.0,0.0,0.0,0.0,0.0,0.0,40.0,600000.0,40.0,600000.0,14__KEQ__MER__CSO__68,MERINO Kem Que Cacao Socola 68g,,Hàng hóa,d4811bff-8bd7-11f1-9b18-005056b2a5de,cbfbe510-7566-4c14-8712-d09dbf3e33b1,c8220d45-8bd7-11f1-9b18-005056b2a5de,1120,097330eb-f92d-4b88-95a8-1a83fd3d8061,
14__KEQ__MER__DHA__62,MERINO Kem Que Dưa Hấu 62g,Kem Que,Cái,168.0,1900000.0,0.0,0.0,0.0,0.0,0.0,0.0,0.0,0.0,0.0,0.0,0.0,0.0,11.0,132000.0,11.0,132000.0,14__KEQ__MER__DHA__62,MERINO Kem Que Dưa Hấu 62g,,Hàng hóa,d4811c94-8bd7-11f1-9b18-005056b2a5de,184bca70-d50e-4f73-a790-021f05660597,c8220d45-8bd7-11f1-9b18-005056b2a5de,1121,097330eb-f92d-4b88-95a8-1a83fd3d8061,
14__KEQ__MER__DXH__60,MERINO Kem Que Lõi Xốt Đậu Xanh 60g,Kem Que,Cái,197.0,2955000.0,0.0,0.0,0.0,0.0,0.0,0.0,1.0,15000.0,0.0,0.0,0.0,0.0,36.0,540000.0,36.0,540000.0,14__KEQ__MER__DXH__60,MERINO Kem Que Lõi Xốt Đậu Xanh 60g,,Hàng hóa,d4811e74-8bd7-11f1-9b18-005056b2a5de,697ec78a-beb4-4f59-806c-ae00d241a6fa,c8220d45-8bd7-11f1-9b18-005056b2a5de,1122,097330eb-f92d-4b88-95a8-1a83fd3d8061,
14__KEQ__MER__KMN__60,MERINO Kem Que Lõi Xốt Khoai Môn 60g,Kem Que,Cái,190.0,2850000.0,0.0,0.0,0.0,0.0,0.0,0.0,0.0,0.0,0.0,0.0,0.0,0.0,16.0,240000.0,16.0,240000.0,14__KEQ__MER__KMN__60,MERINO Kem Que Lõi Xốt Khoai Môn 60g,,Hàng hóa,d4811f17-8bd7-11f1-9b18-005056b2a5de,18423aa7-3b0c-4ece-a19d-9b009af25305,c8220d45-8bd7-11f1-9b18-005056b2a5de,1123,097330eb-f92d-4b88-95a8-1a83fd3d8061,
14__KES__MER__PBT__50,MERINO Kem Sữa Chua Dẻo Phúc Bồn Tử 50g,Kem Sữa Chua Dẻo,Cái,42.0,252000.0,0.0,0.0,0.0,0.0,0.0,0.0,0.0,0.0,0.0,0.0,0.0,0.0,1.0,8000.0,1.0,8000.0,14__KES__MER__PBT__50,MERINO Kem Sữa Chua Dẻo Phúc Bồn Tử 50g,,Hàng hóa,d4811fab-8bd7-11f1-9b18-005056b2a5de,41be7c9a-99cb-4f64-9559-99d9a2d2e92d,c8220d45-8bd7-11f1-9b18-005056b2a5de,1124,097330eb-f92d-4b88-95a8-1a83fd3d8061,
14__KES__MER__PMI__50,MERINO Kem Sữa Chua Dẻo Phô Mai 50g,Kem Sữa Chua Dẻo,Cái,576.0,4384000.0,0.0,0.0,0.0,0.0,0.0,0.0,0.0,0.0,0.0,0.0,0.0,0.0,56.0,448000.0,56.0,448000.0,14__KES__MER__PMI__50,MERINO Kem Sữa Chua Dẻo Phô Mai 50g,,Hàng hóa,d4812042-8bd7-11f1-9b18-005056b2a5de,a9ed0ac2-51a6-41b6-8ee3-f1745557e615,c8220d45-8bd7-11f1-9b18-005056b2a5de,1125,097330eb-f92d-4b88-95a8-1a83fd3d8061,
ACGVTC401,ALACO Chân Gà Vị Tê Cay 40g,Chân Gà,Cái,327.0,4574000.0,0.0,0.0,0.0,0.0,0.0,0.0,4.0,56000.0,0.0,0.0,0.0,0.0,33.0,462000.0,33.0,462000.0,ACGVTC401,ALACO Chân Gà Vị Tê Cay 40g,,Hàng hóa,d48120dc-8bd7-11f1-9b18-005056b2a5de,75403e54-6bbf-4c55-a322-e36524ec53d2,c8220d45-8bd7-11f1-9b18-005056b2a5de,1126,097330eb-f92d-4b88-95a8-1a83fd3d8061,
AKSC01,ALPENLIEBE Kẹo Sữa Caramen,,Chiếc,1.0,8000.0,0.0,0.0,0.0,0.0,0.0,0.0,0.0,0.0,0.0,0.0,0.0,0.0,31.0,248000.0,31.0,248000.0,AKSC01,ALPENLIEBE Kẹo Sữa Caramen,,Hàng hóa,d4812175-8bd7-11f1-9b18-005056b2a5de,5d4c084a-d5a8-4329-ae12-9efd71de2b5a,c8220d45-8bd7-11f1-9b18-005056b2a5de,1127,097330eb-f92d-4b88-95a8-1a83fd3d8062,
AKXMO01,ALPENLIEBE Kẹo Xoài Muối Ớt,,Chiếc,0.0,0.0,0.0,0.0,0.0,0.0,0.0,0.0,0.0,0.0,0.0,0.0,0.0,0.0,32.0,256000.0,32.0,256000.0,AKXMO01,ALPENLIEBE Kẹo Xoài Muối Ớt,,Hàng hóa,d481220a-8bd7-11f1-9b18-005056b2a5de,904bf0fa-51b9-46ba-9139-44979853ae2b,c8220d45-8bd7-11f1-9b18-005056b2a5de,1128,097330eb-f92d-4b88-95a8-1a83fd3d8062,
ASMTGXPMT901,ACECOOK SiuKay Mì Trộn Gà Xốt Phô Mai Tô 96g,Mì Tô,Tô,75.0,1878000.0,0.0,0.0,0.0,0.0,0.0,0.0,0.0,0.0,0.0,0.0,0.0,0.0,9.0,252000.0,9.0,252000.0,ASMTGXPMT901,ACECOOK SiuKay Mì Trộn Gà Xốt Phô Mai Tô 96g,,Hàng hóa,d481229e-8bd7-11f1-9b18-005056b2a5de,be4ebb4b-21fc-49f0-8740-236a6fb090b3,c8220d45-8bd7-11f1-9b18-005056b2a5de,1129,b6482b1f-e8c5-4921-ad59-6b055022c7e2,
ATCNV201,ALACO Trứng Cút Ngũ Vị 24g,trứng cút,Bịch,95.0,1140000.0,0.0,0.0,0.0,0.0,0.0,0.0,0.0,0.0,0.0,0.0,0.0,0.0,-35.0,-420000.0,-35.0,-420000.0,ATCNV201,ALACO Trứng Cút Ngũ Vị 24g,,Hàng hóa,d4812334-8bd7-11f1-9b18-005056b2a5de,80114511-8724-4195-b722-b0ca2bcb27c9,c8220d45-8bd7-11f1-9b18-005056b2a5de,1130,097330eb-f92d-4b88-95a8-1a83fd3d8011,
ATCVMN201,ALACO Trứng Cút Vị Muối Nướng 24g,trứng cút,Bịch,96.0,1152000.0,0.0,0.0,0.0,0.0,0.0,0.0,0.0,0.0,0.0,0.0,0.0,0.0,4.0,48000.0,4.0,48000.0,ATCVMN201,ALACO Trứng Cút Vị Muối Nướng 24g,,Hàng hóa,d48123c7-8bd7-11f1-9b18-005056b2a5de,52c0f2bb-49b1-414a-8061-ebcc0e02dea0,c8220d45-8bd7-11f1-9b18-005056b2a5de,1131,097330eb-f92d-4b88-95a8-1a83fd3d8011,
BBNPGC101,BATRAFOOD BT Nướng Phủ Gà Cay 140g,,Bịch,27.0,1458000.0,0.0,0.0,0.0,0.0,0.0,0.0,1.0,54000.0,0.0,0.0,0.0,0.0,33.0,1782000.0,33.0,1782000.0,BBNPGC101,BATRAFOOD BT Nướng Phủ Gà Cay 140g,,Hàng hóa,d4812458-8bd7-11f1-9b18-005056b2a5de,45cfce04-5c0e-46b6-b2c2-c90cf33c7e97,c8220d45-8bd7-11f1-9b18-005056b2a5de,1132,097330eb-f92d-4b88-95a8-1a83fd3d8011,
CAKCC3M01,COCA-COLA Aquarius Không Calo Chai 390 ml,Nước Bù Điện Giải,Chai,89.0,1068000.0,0.0,0.0,0.0,0.0,0.0,0.0,0.0,0.0,0.0,0.0,0.0,0.0,7.0,84000.0,7.0,84000.0,CAKCC3M01,COCA-COLA Aquarius Không Calo Chai 390 ml,,Hàng hóa,d48124e9-8bd7-11f1-9b18-005056b2a5de,5ef193f1-d455-4d32-b70a-139eb4e01b9a,c8220d45-8bd7-11f1-9b18-005056b2a5de,1133,097330eb-f92d-4b88-95a8-1a83fd3d8065,
CBCMMCSN01,COLGATE Bàn Chải Mềm Mảnh Chăm Sóc Nướu,Chăm Sóc Vệ Sinh Cá Nhân,Cái,11.0,275000.0,0.0,0.0,0.0,0.0,0.0,0.0,0.0,0.0,0.0,0.0,0.0,0.0,13.0,325000.0,13.0,325000.0,CBCMMCSN01,COLGATE Bàn Chải Mềm Mảnh Chăm Sóc Nướu,,Hàng hóa,d481257d-8bd7-11f1-9b18-005056b2a5de,97df2c37-44bc-4d2c-9703-20ef04482997,c8220d45-8bd7-11f1-9b18-005056b2a5de,1134,097330eb-f92d-4b88-95a8-1a83fd3d8061,
CKDRNSR401,COLGATE Kem Đánh Răng Ngừa Sâu Răng 45g,Chăm Sóc Vệ Sinh Cá Nhân,Hộp,31.0,496000.0,0.0,0.0,0.0,0.0,0.0,0.0,0.0,0.0,0.0,0.0,0.0,0.0,17.0,272000.0,17.0,272000.0,CKDRNSR401,COLGATE Kem Đánh Răng Ngừa Sâu Răng 45g,,Hàng hóa,d481260e-8bd7-11f1-9b18-005056b2a5de,adad992d-6b77-465e-8586-c70bb40648bc,c8220d45-8bd7-11f1-9b18-005056b2a5de,1135,097330eb-f92d-4b88-95a8-1a83fd3d8064,
CKDRTE401,COLGATE Kem Đánh Răng Trẻ Em 40g,Chăm Sóc Vệ Sinh Cá Nhân,Hộp,4.0,148000.0,0.0,0.0,0.0,0.0,0.0,0.0,0.0,0.0,0.0,0.0,0.0,0.0,20.0,740000.0,20.0,740000.0,CKDRTE401,COLGATE Kem Đánh Răng Trẻ Em 40g,,Hàng hóa,d48126a3-8bd7-11f1-9b18-005056b2a5de,c7633ff0-3419-4f3e-964c-4945d7440878,c8220d45-8bd7-11f1-9b18-005056b2a5de,1136,097330eb-f92d-4b88-95a8-1a83fd3d8064,
CPMH,Chi phí mua hàng,,,0.0,0.0,0.0,0.0,0.0,0.0,0.0,0.0,0.0,0.0,0.0,0.0,0.0,0.0,0.0,0.0,0.0,0.0,CPMH,Chi phí mua hàng,,Hàng hóa,d4812734-8bd7-11f1-9b18-005056b2a5de,ab81811c-48bd-43b9-b7c5-d8d6c3b39a2a,c8220d45-8bd7-11f1-9b18-005056b2a5de,1137,00000000-0000-0000-0000-000000000000,
DKBHNS401,DYNAMITE Kẹo Bạc Hà Nhân Socola 42g,Kẹo Cứng,Bịch,9.0,90000.0,0.0,0.0,0.0,0.0,0.0,0.0,0.0,0.0,0.0,0.0,0.0,0.0,1.0,10000.0,1.0,10000.0,DKBHNS401,DYNAMITE Kẹo Bạc Hà Nhân Socola 42g,,Hàng hóa,d48127d7-8bd7-11f1-9b18-005056b2a5de,1ad014ce-c33c-4671-9e83-13acee2e3e77,c8220d45-8bd7-11f1-9b18-005056b2a5de,1138,097330eb-f92d-4b88-95a8-1a83fd3d8011,
DTNHC201,DOUBLEMINT Tuýp Ngậm Hương Chanh 23.8g,,Hũ,7.0,280000.0,0.0,0.0,0.0,0.0,0.0,0.0,0.0,0.0,0.0,0.0,0.0,0.0,0.0,0.0,0.0,0.0,DTNHC201,DOUBLEMINT Tuýp Ngậm Hương Chanh 23.8g,,Hàng hóa,d481286a-8bd7-11f1-9b18-005056b2a5de,c60f3c6d-3d7f-46aa-b0b8-c45327f8d7ff,c8220d45-8bd7-11f1-9b18-005056b2a5de,1139,315cd7c9-f951-4e88-888d-9acc60b4a4fc,
FNHHQHDC201,FRUTIVAL Nước Hạt Húng Quế Hương Dứa Chai 290ml,Nước Trái Cây,Chai,20.0,700000.0,0.0,0.0,0.0,0.0,0.0,0.0,0.0,0.0,0.0,0.0,0.0,0.0,28.0,980000.0,28.0,980000.0,FNHHQHDC201,FRUTIVAL Nước Hạt Húng Quế Hương Dứa Chai 290ml,,Hàng hóa,d4812900-8bd7-11f1-9b18-005056b2a5de,6f11771a-fa9b-49a9-9b03-eb652b0725f8,c8220d45-8bd7-11f1-9b18-005056b2a5de,1140,097330eb-f92d-4b88-95a8-1a83fd3d8065,
FNHHQHNC201,FRUTIVAL Nước Hạt Húng Quế Hương Nho Chai 290ml,Nước Trái Cây,Chai,15.0,525000.0,0.0,0.0,0.0,0.0,0.0,0.0,0.0,0.0,0.0,0.0,0.0,0.0,33.0,1155000.0,33.0,1155000.0,FNHHQHNC201,FRUTIVAL Nước Hạt Húng Quế Hương Nho Chai 290ml,,Hàng hóa,d4812991-8bd7-11f1-9b18-005056b2a5de,2a22ff0d-6af1-4d4e-8763-08d5016c68bc,c8220d45-8bd7-11f1-9b18-005056b2a5de,1141,097330eb-f92d-4b88-95a8-1a83fd3d8065,
GBTCD901,GIZZA Bánh Tươi Chanh Dây 90g,Bánh Bông Lan,Chiếc,1.0,20000.0,0.0,0.0,0.0,0.0,0.0,0.0,0.0,0.0,0.0,0.0,0.0,0.0,20.0,400000.0,20.0,400000.0,GBTCD901,GIZZA Bánh Tươi Chanh Dây 90g,,Hàng hóa,d4812abd-8bd7-11f1-9b18-005056b2a5de,ace88d8c-5215-402d-8c1b-eebb80dc4abe,c8220d45-8bd7-11f1-9b18-005056b2a5de,1142,097330eb-f92d-4b88-95a8-1a83fd3d8062,
GCDSKF101,GREEN CROSS DD Sát Khuẩn Fresh 100ml,,Chai,2.0,76000.0,0.0,0.0,0.0,0.0,0.0,0.0,0.0,0.0,0.0,0.0,0.0,0.0,6.0,228000.0,6.0,228000.0,GCDSKF101,GREEN CROSS DD Sát Khuẩn Fresh 100ml,,Hàng hóa,d4812b50-8bd7-11f1-9b18-005056b2a5de,477b021b-3f72-49ad-8906-bcf8ef9acb93,c8220d45-8bd7-11f1-9b18-005056b2a5de,1143,097330eb-f92d-4b88-95a8-1a83fd3d8065,
GCDXKTX101,GREEN CROSS DD Xát Khuẩn Trà Xanh 100ml,,Chiếc,6.0,228000.0,0.0,0.0,0.0,0.0,0.0,0.0,0.0,0.0,0.0,0.0,0.0,0.0,6.0,228000.0,6.0,228000.0,GCDXKTX101,GREEN CROSS DD Xát Khuẩn Trà Xanh 100ml,,Hàng hóa,d4812be3-8bd7-11f1-9b18-005056b2a5de,c3f80cc1-1525-48af-8616-d572ced58e46,c8220d45-8bd7-11f1-9b18-005056b2a5de,1144,097330eb-f92d-4b88-95a8-1a83fd3d8062,
GKSTD01,GOLIA Kẹo Syro Thảo Dược,,Chiếc,2.0,16000.0,0.0,0.0,0.0,0.0,0.0,0.0,0.0,0.0,0.0,0.0,0.0,0.0,30.0,240000.0,30.0,240000.0,GKSTD01,GOLIA Kẹo Syro Thảo Dược,,Hàng hóa,d4812c75-8bd7-11f1-9b18-005056b2a5de,971a7510-c44e-4e5c-8b75-dd43c51ccea1,c8220d45-8bd7-11f1-9b18-005056b2a5de,1145,097330eb-f92d-4b88-95a8-1a83fd3d8062,
KABQVLM801,KINHDO AFC Bánh Quy Vị Lúa Mì 86g,Bánh Quy,Hộp,10.0,240000.0,0.0,0.0,0.0,0.0,0.0,0.0,0.0,0.0,0.0,0.0,0.0,0.0,20.0,480000.0,20.0,480000.0,KABQVLM801,KINHDO AFC Bánh Quy Vị Lúa Mì 86g,,Hàng hóa,d4812d0c-8bd7-11f1-9b18-005056b2a5de,7b66e96e-b90e-4a64-ad60-9f4730daa16d,c8220d45-8bd7-11f1-9b18-005056b2a5de,1146,097330eb-f92d-4b88-95a8-1a83fd3d8064,
KABQVR801,KINHDO AFC Bánh Quy Vị Rau 86g,Bánh Quy,Hộp,4.0,96000.0,0.0,0.0,0.0,0.0,0.0,0.0,0.0,0.0,0.0,0.0,0.0,0.0,8.0,192000.0,8.0,192000.0,KABQVR801,KINHDO AFC Bánh Quy Vị Rau 86g,,Hàng hóa,d4812da1-8bd7-11f1-9b18-005056b2a5de,9e42de89-e637-4db6-96fd-586712094494,c8220d45-8bd7-11f1-9b18-005056b2a5de,1147,097330eb-f92d-4b88-95a8-1a83fd3d8064,
KB11M01,KOTEX Bio-care 15cm 16 miếng,Chăm Sóc Vệ Sinh Cá Nhân,Bịch,0.0,0.0,0.0,0.0,0.0,0.0,0.0,0.0,0.0,0.0,0.0,0.0,0.0,0.0,12.0,360000.0,12.0,360000.0,KB11M01,KOTEX Bio-care 15cm 16 miếng,,Hàng hóa,d4812e36-8bd7-11f1-9b18-005056b2a5de,b7eb4996-15e0-43ce-ba91-5b32b89a19f6,c8220d45-8bd7-11f1-9b18-005056b2a5de,1148,097330eb-f92d-4b88-95a8-1a83fd3d8011,
KBQHSM2MT2M01,KOTEX Băng Quần Herbal Size M-L 2 Miếng Tặng 2 Miếng,Chăm Sóc Vệ Sinh Cá Nhân,Bịch,8.0,560000.0,0.0,0.0,0.0,0.0,0.0,0.0,0.0,0.0,0.0,0.0,0.0,0.0,0.0,0.0,0.0,0.0,KBQHSM2MT2M01,KOTEX Băng Quần Herbal Size M-L 2 Miếng Tặng 2 Miếng,,Hàng hóa,d4812eca-8bd7-11f1-9b18-005056b2a5de,a7e1f0da-0304-4fcd-b2d2-e402f94fe728,c8220d45-8bd7-11f1-9b18-005056b2a5de,1149,097330eb-f92d-4b88-95a8-1a83fd3d8011,
KBXSSG101,KITKAT Bánh Xốp Socola Sữa Gói 17g,,Cái,177.0,2527000.0,0.0,0.0,0.0,0.0,0.0,0.0,0.0,0.0,0.0,0.0,0.0,0.0,3.0,45000.0,3.0,45000.0,KBXSSG101,KITKAT Bánh Xốp Socola Sữa Gói 17g,,Hàng hóa,d4812f5e-8bd7-11f1-9b18-005056b2a5de,28607a3b-e44c-42a4-93d3-c1084d5add9c,c8220d45-8bd7-11f1-9b18-005056b2a5de,1150,097330eb-f92d-4b88-95a8-1a83fd3d8061,
KHAD26M01,KOTEX Hoa Anh Đào 23cm 6 Miếng,,Bịch,2.0,40000.0,0.0,0.0,0.0,0.0,0.0,0.0,0.0,0.0,0.0,0.0,0.0,0.0,6.0,120000.0,6.0,120000.0,KHAD26M01,KOTEX Hoa Anh Đào 23cm 6 Miếng,,Hàng hóa,d4812ff0-8bd7-11f1-9b18-005056b2a5de,54e7b1d8-d03c-4511-b1d3-12011b6fc344,c8220d45-8bd7-11f1-9b18-005056b2a5de,1151,097330eb-f92d-4b88-95a8-1a83fd3d8011,
KKCPS101,KOPIKO Kẹo Cà Phê Sữa 140g,,Bịch,4.0,120000.0,0.0,0.0,0.0,0.0,0.0,0.0,0.0,0.0,0.0,0.0,0.0,0.0,1.0,30000.0,1.0,30000.0,KKCPS101,KOPIKO Kẹo Cà Phê Sữa 140g,,Hàng hóa,d4813084-8bd7-11f1-9b18-005056b2a5de,87d4eb1b-716a-4732-98fc-f9a8d2577b90,c8220d45-8bd7-11f1-9b18-005056b2a5de,1152,097330eb-f92d-4b88-95a8-1a83fd3d8011,
KMC7CDG101,KORENO Mì Cay 7 Cấp Độ Gói 104g,,Gói,63.0,1134000.0,0.0,0.0,0.0,0.0,0.0,0.0,0.0,0.0,0.0,0.0,0.0,0.0,9.0,162000.0,9.0,162000.0,KMC7CDG101,KORENO Mì Cay 7 Cấp Độ Gói 104g,,Hàng hóa,d481311b-8bd7-11f1-9b18-005056b2a5de,e2e70ce0-0ae6-4b42-b6c0-0dcddf4ed614,c8220d45-8bd7-11f1-9b18-005056b2a5de,1153,097330eb-f92d-4b88-95a8-1a83fd3d8067,
LMSVTBW901,LAYS MAX Snack Vị Thăn Bò Wagyu 90g,,Bịch,11.0,330000.0,0.0,0.0,0.0,0.0,0.0,0.0,0.0,0.0,0.0,0.0,0.0,0.0,19.0,570000.0,19.0,570000.0,LMSVTBW901,LAYS MAX Snack Vị Thăn Bò Wagyu 90g,,Hàng hóa,d48131b3-8bd7-11f1-9b18-005056b2a5de,1dc03cea-577c-4da2-b658-4463bb373eae,c8220d45-8bd7-11f1-9b18-005056b2a5de,1154,097330eb-f92d-4b88-95a8-1a83fd3d8011,
LSVKTTNB301,LAYS Snack Vị Khoai Tây Tự Nhiên Bịch 31g,,Bịch,16.0,144000.0,0.0,0.0,0.0,0.0,0.0,0.0,0.0,0.0,0.0,0.0,0.0,0.0,1.0,9000.0,1.0,9000.0,LSVKTTNB301,LAYS Snack Vị Khoai Tây Tự Nhiên Bịch 31g,,Hàng hóa,d4813257-8bd7-11f1-9b18-005056b2a5de,a0936f37-668a-40e2-98cb-f89af01d9719,c8220d45-8bd7-11f1-9b18-005056b2a5de,1155,097330eb-f92d-4b88-95a8-1a83fd3d8011,
LSVPMCB901,LAYS Snack Vị Phô Mai Cheddar Bịch 90g,Snack Khoai Tây,Bịch,10.0,300000.0,0.0,0.0,0.0,0.0,0.0,0.0,0.0,0.0,0.0,0.0,0.0,0.0,-10.0,-300000.0,-10.0,-300000.0,LSVPMCB901,LAYS Snack Vị Phô Mai Cheddar Bịch 90g,,Hàng hóa,d48132ea-8bd7-11f1-9b18-005056b2a5de,5a6dd471-031a-473d-9af8-eed0408d7dc9,c8220d45-8bd7-11f1-9b18-005056b2a5de,1156,097330eb-f92d-4b88-95a8-1a83fd3d8011,
LSVSNBBB301,LAYS Snack Vị Sườn Nướng BBQ Brazil Bịch 31g,,Bịch,10.0,100000.0,0.0,0.0,0.0,0.0,0.0,0.0,0.0,0.0,0.0,0.0,0.0,0.0,7.0,70000.0,7.0,70000.0,LSVSNBBB301,LAYS Snack Vị Sườn Nướng BBQ Brazil Bịch 31g,,Hàng hóa,d481337e-8bd7-11f1-9b18-005056b2a5de,5834f416-7724-4d64-b24c-5e41519df606,c8220d45-8bd7-11f1-9b18-005056b2a5de,1157,097330eb-f92d-4b88-95a8-1a83fd3d8011,
LSVTBNB901,LAYS Snack Vị Tảo Biển Nori Bịch 90g,Snack Khoai Tây,Bịch,39.0,1170000.0,0.0,0.0,0.0,0.0,0.0,0.0,0.0,0.0,0.0,0.0,0.0,0.0,21.0,630000.0,21.0,630000.0,LSVTBNB901,LAYS Snack Vị Tảo Biển Nori Bịch 90g,,Hàng hóa,d4813417-8bd7-11f1-9b18-005056b2a5de,927db869-104f-433f-ade1-2c49366a55d9,c8220d45-8bd7-11f1-9b18-005056b2a5de,1158,097330eb-f92d-4b88-95a8-1a83fd3d8011,
MBQVOCH101,MIX Bánh Que Vị Ớt Cay Hũ 150g,,Hũ,4.0,240000.0,0.0,0.0,0.0,0.0,0.0,0.0,0.0,0.0,0.0,0.0,0.0,0.0,4.0,240000.0,4.0,240000.0,MBQVOCH101,MIX Bánh Que Vị Ớt Cay Hũ 150g,,Hàng hóa,d48134ae-8bd7-11f1-9b18-005056b2a5de,d52028a7-5276-42c0-b4de-b6c092b4c71a,c8220d45-8bd7-11f1-9b18-005056b2a5de,1159,315cd7c9-f951-4e88-888d-9acc60b4a4fc,
MBQVTTH101,MIX Bánh Que Vị Truyền Thống Hũ 150g,,Hũ,7.0,420000.0,0.0,0.0,0.0,0.0,0.0,0.0,0.0,0.0,0.0,0.0,0.0,0.0,3.0,180000.0,3.0,180000.0,MBQVTTH101,MIX Bánh Que Vị Truyền Thống Hũ 150g,,Hàng hóa,d481353f-8bd7-11f1-9b18-005056b2a5de,233ab24e-98b7-403a-a220-ad38005f022d,c8220d45-8bd7-11f1-9b18-005056b2a5de,1160,315cd7c9-f951-4e88-888d-9acc60b4a4fc,
MKMDD401,MERINO Kem Mochi Đậu Đỏ 40g,Kem Bánh,Bịch,98.0,882000.0,0.0,0.0,0.0,0.0,0.0,0.0,0.0,0.0,0.0,0.0,0.0,0.0,22.0,198000.0,22.0,198000.0,MKMDD401,MERINO Kem Mochi Đậu Đỏ 40g,,Hàng hóa,d48135d2-8bd7-11f1-9b18-005056b2a5de,e16a0dfd-3cd5-407f-8d76-d90d0b7d85a9,c8220d45-8bd7-11f1-9b18-005056b2a5de,1161,097330eb-f92d-4b88-95a8-1a83fd3d8011,
MKMDX401,MERINO Kem Mochi Đậu Xanh 40g,Kem Bánh,Bịch,75.0,675000.0,0.0,0.0,0.0,0.0,0.0,0.0,0.0,0.0,0.0,0.0,0.0,0.0,45.0,405000.0,45.0,405000.0,MKMDX401,MERINO Kem Mochi Đậu Xanh 40g,,Hàng hóa,d4813665-8bd7-11f1-9b18-005056b2a5de,dba6d912-a31c-4aa9-8094-95b7d7f6f9b9,c8220d45-8bd7-11f1-9b18-005056b2a5de,1162,097330eb-f92d-4b88-95a8-1a83fd3d8011,
MKNBH01,MENTOS Kẹo Nhai Bạc Hà,,Chiếc,0.0,0.0,0.0,0.0,0.0,0.0,0.0,0.0,0.0,0.0,0.0,0.0,0.0,0.0,32.0,256000.0,32.0,256000.0,MKNBH01,MENTOS Kẹo Nhai Bạc Hà,,Hàng hóa,d48136fe-8bd7-11f1-9b18-005056b2a5de,2cc87f34-4b2b-48e3-9978-8941a53796d9,c8220d45-8bd7-11f1-9b18-005056b2a5de,1163,097330eb-f92d-4b88-95a8-1a83fd3d8062,
MKNCV01,MENTOS Kẹo Nhai Cầu Vồng,,Chiếc,1.0,8000.0,0.0,0.0,0.0,0.0,0.0,0.0,0.0,0.0,0.0,0.0,0.0,0.0,31.0,248000.0,31.0,248000.0,MKNCV01,MENTOS Kẹo Nhai Cầu Vồng,,Hàng hóa,d481378f-8bd7-11f1-9b18-005056b2a5de,1cb4ac08-cf04-4088-bb17-ba8ad0b74312,c8220d45-8bd7-11f1-9b18-005056b2a5de,1164,097330eb-f92d-4b88-95a8-1a83fd3d8062,
MKNKDHCH301,MENTOS Kẹo Ngậm Không Đường Hương Chanh Hũ 35g,,Chiếc,0.0,0.0,0.0,0.0,0.0,0.0,0.0,0.0,0.0,0.0,0.0,0.0,0.0,0.0,24.0,1152000.0,24.0,1152000.0,MKNKDHCH301,MENTOS Kẹo Ngậm Không Đường Hương Chanh Hũ 35g,,Hàng hóa,d4813822-8bd7-11f1-9b18-005056b2a5de,6a8b409f-faf8-4295-baee-a09c54c7f473,c8220d45-8bd7-11f1-9b18-005056b2a5de,1165,097330eb-f92d-4b88-95a8-1a83fd3d8062,
MKNKDHDH301,MENTOS Kẹo Ngậm Không Đường Hương Đào Hũ 35g,,Chiếc,0.0,0.0,0.0,0.0,0.0,0.0,0.0,0.0,0.0,0.0,0.0,0.0,0.0,0.0,24.0,1152000.0,24.0,1152000.0,MKNKDHDH301,MENTOS Kẹo Ngậm Không Đường Hương Đào Hũ 35g,,Hàng hóa,d48138b6-8bd7-11f1-9b18-005056b2a5de,f20f6e9d-0700-4b72-96f1-2b956943e8c5,c8220d45-8bd7-11f1-9b18-005056b2a5de,1166,097330eb-f92d-4b88-95a8-1a83fd3d8062,
MM__GIATSAY__CHANDRAP__12,GIẶT SẤY Chăn Drap Rèm 1-2Kg,,Lần,5.0,200000.0,0.0,0.0,0.0,0.0,0.0,0.0,0.0,0.0,0.0,0.0,0.0,0.0,0.0,0.0,0.0,0.0,MM__GIATSAY__CHANDRAP__12,GIẶT SẤY Chăn Drap Rèm 1-2Kg,,Hàng hóa,d481394b-8bd7-11f1-9b18-005056b2a5de,26d35f33-b394-4ae7-90da-1ff32ee0a8a2,c8220d45-8bd7-11f1-9b18-005056b2a5de,1167,f78c2d07-2a3c-4945-8664-bb1fe249b29a,
MM__GIATSAY__CHANDRAP__1x,GIẶT SẤY Chăn Drap Giường,Giặt Sấy Mềm Mại,Kg,108.4,3162000.0,0.0,0.0,0.0,0.0,0.0,0.0,0.0,0.0,0.0,0.0,0.0,0.0,0.0,0.0,0.0,0.0,MM__GIATSAY__CHANDRAP__1x,GIẶT SẤY Chăn Drap Giường,,Hàng hóa,d48139df-8bd7-11f1-9b18-005056b2a5de,2df77770-daf8-4f2c-bb66-d6171e790841,c8220d45-8bd7-11f1-9b18-005056b2a5de,1168,097330eb-f92d-4b88-95a8-1a83fd3d8015,
MM__GIATSAY__CHANDRAP__23,GIẶT SẤY Chăn Drap Rèm 2-3Kg,,Lần,12.0,720000.0,0.0,0.0,0.0,0.0,0.0,0.0,0.0,0.0,0.0,0.0,0.0,0.0,0.0,0.0,0.0,0.0,MM__GIATSAY__CHANDRAP__23,GIẶT SẤY Chăn Drap Rèm 2-3Kg,,Hàng hóa,d4813a76-8bd7-11f1-9b18-005056b2a5de,c1f9f7aa-5828-43be-b9fd-9787357d2b39,c8220d45-8bd7-11f1-9b18-005056b2a5de,1169,f78c2d07-2a3c-4945-8664-bb1fe249b29a,
MM__GIATSAY__CHANDRAP__34,GIẶT SẤY Chăn Drap Rèm 3-4Kg,,Lần,9.0,720000.0,0.0,0.0,0.0,0.0,0.0,0.0,0.0,0.0,0.0,0.0,0.0,0.0,0.0,0.0,0.0,0.0,MM__GIATSAY__CHANDRAP__34,GIẶT SẤY Chăn Drap Rèm 3-4Kg,,Hàng hóa,d4813b0b-8bd7-11f1-9b18-005056b2a5de,5170c64f-1e9b-485b-ab68-6df5b0ca9977,c8220d45-8bd7-11f1-9b18-005056b2a5de,1170,f78c2d07-2a3c-4945-8664-bb1fe249b29a,
MM__GIATSAY__CHANDRAP__45,GIẶT SẤY Chăn Drap Rèm 4-5Kg,,Lần,2.0,200000.0,0.0,0.0,0.0,0.0,0.0,0.0,0.0,0.0,0.0,0.0,0.0,0.0,0.0,0.0,0.0,0.0,MM__GIATSAY__CHANDRAP__45,GIẶT SẤY Chăn Drap Rèm 4-5Kg,,Hàng hóa,d4813b9d-8bd7-11f1-9b18-005056b2a5de,dbd41536-1d72-463c-9c3a-7a2fc76d3e54,c8220d45-8bd7-11f1-9b18-005056b2a5de,1171,f78c2d07-2a3c-4945-8664-bb1fe249b29a,
MM__GIATSAY__CHANDRAP__x1,GIẶT SẤY Chăn Drap Rèm Dưới 1Kg,,Lần,2.0,45000.0,0.0,0.0,0.0,0.0,0.0,0.0,0.0,0.0,0.0,0.0,0.0,0.0,0.0,0.0,0.0,0.0,MM__GIATSAY__CHANDRAP__x1,GIẶT SẤY Chăn Drap Rèm Dưới 1Kg,,Hàng hóa,d4813c40-8bd7-11f1-9b18-005056b2a5de,310daddd-b19e-414f-b20a-994f1e351907,c8220d45-8bd7-11f1-9b18-005056b2a5de,1172,f78c2d07-2a3c-4945-8664-bb1fe249b29a,
MM__GIATSAY__GAUBONG__1x,GIẶT SẤY Gấu Bông,Giặt Sấy Mềm Mại,Kg,3.0,105000.0,0.0,0.0,0.0,0.0,0.0,0.0,0.0,0.0,0.0,0.0,0.0,0.0,0.0,0.0,0.0,0.0,MM__GIATSAY__GAUBONG__1x,GIẶT SẤY Gấu Bông,,Hàng hóa,d4813d62-8bd7-11f1-9b18-005056b2a5de,c4e0fc0a-48be-4831-b19a-6a7b3551a9ad,c8220d45-8bd7-11f1-9b18-005056b2a5de,1173,097330eb-f92d-4b88-95a8-1a83fd3d8015,
MM__GIATSAY__GAUBONG__x1,GIẶT SẤY Gấu Bông Dưới 1 Kg,,Lần,1.0,35000.0,0.0,0.0,0.0,0.0,0.0,0.0,0.0,0.0,0.0,0.0,0.0,0.0,0.0,0.0,0.0,0.0,MM__GIATSAY__GAUBONG__x1,GIẶT SẤY Gấu Bông Dưới 1 Kg,,Hàng hóa,d4813dfd-8bd7-11f1-9b18-005056b2a5de,59708fd9-9ff3-479a-92ec-769d7cddb1c2,c8220d45-8bd7-11f1-9b18-005056b2a5de,1174,f78c2d07-2a3c-4945-8664-bb1fe249b29a,
MM__GIATSAY__GOI__1x,GIẶT SẤY GỐI,Giặt Sấy Mềm Mại,Kg,0.8,24000.0,0.0,0.0,0.0,0.0,0.0,0.0,0.0,0.0,0.0,0.0,0.0,0.0,0.0,0.0,0.0,0.0,MM__GIATSAY__GOI__1x,GIẶT SẤY GỐI,,Hàng hóa,d4813e90-8bd7-11f1-9b18-005056b2a5de,745b1de0-222e-4b2c-9048-21e0f0fed065,c8220d45-8bd7-11f1-9b18-005056b2a5de,1175,097330eb-f92d-4b88-95a8-1a83fd3d8015,
MM__GIATSAY__PHUTHU__x1,Phụ Thu Giặt Quần Áo,Giặt Sấy Mềm Mại,Lần,20.0,295000.0,0.0,0.0,0.0,0.0,0.0,0.0,0.0,0.0,0.0,0.0,0.0,0.0,0.0,0.0,0.0,0.0,MM__GIATSAY__PHUTHU__x1,Phụ Thu Giặt Quần Áo,,Hàng hóa,d4813f26-8bd7-11f1-9b18-005056b2a5de,9e7d1dd5-ee03-43a7-bf7a-ba5e9af5f581,c8220d45-8bd7-11f1-9b18-005056b2a5de,1176,f78c2d07-2a3c-4945-8664-bb1fe249b29a,
MM__GIATSAY__QUANAO__10105,GIẶT SẤY Quần Áo Từ 10-10.5Kg,Giặt Sấy Mềm Mại,Lần,5.0,630000.0,0.0,0.0,0.0,0.0,0.0,0.0,0.0,0.0,0.0,0.0,0.0,0.0,0.0,0.0,0.0,0.0,MM__GIATSAY__QUANAO__10105,GIẶT SẤY Quần Áo Từ 10-10.5Kg,,Hàng hóa,d4813fbc-8bd7-11f1-9b18-005056b2a5de,f84da7d8-cb0c-44c5-8188-7f5fe1b8bfc1,c8220d45-8bd7-11f1-9b18-005056b2a5de,1177,f78c2d07-2a3c-4945-8664-bb1fe249b29a,
MM__GIATSAY__QUANAO__10511,GIẶT SẤY Quần Áo Từ 10.5-11Kg,Giặt Sấy Mềm Mại,Lần,0.0,0.0,0.0,0.0,0.0,0.0,0.0,0.0,0.0,0.0,0.0,0.0,0.0,0.0,0.0,0.0,0.0,0.0,MM__GIATSAY__QUANAO__10511,GIẶT SẤY Quần Áo Từ 10.5-11Kg,,Hàng hóa,d4814053-8bd7-11f1-9b18-005056b2a5de,6f6965d7-86f1-4731-80f9-0d72f3b3c9c1,c8220d45-8bd7-11f1-9b18-005056b2a5de,1178,f78c2d07-2a3c-4945-8664-bb1fe249b29a,
MM__GIATSAY__QUANAO__11115,GIẶT SẤY Quần Áo Từ 11-11.5Kg,Giặt Sấy Mềm Mại,Lần,2.0,276000.0,0.0,0.0,0.0,0.0,0.0,0.0,0.0,0.0,0.0,0.0,0.0,0.0,0.0,0.0,0.0,0.0,MM__GIATSAY__QUANAO__11115,GIẶT SẤY Quần Áo Từ 11-11.5Kg,,Hàng hóa,d48140eb-8bd7-11f1-9b18-005056b2a5de,6390827c-9b60-4440-9174-c7f3bfe33f28,c8220d45-8bd7-11f1-9b18-005056b2a5de,1179,f78c2d07-2a3c-4945-8664-bb1fe249b29a,
MM__GIATSAY__QUANAO__11512,GIẶT SẤY Quần Áo Từ 11.5-12Kg,Giặt Sấy Mềm Mại,Lần,2.0,288000.0,0.0,0.0,0.0,0.0,0.0,0.0,0.0,0.0,0.0,0.0,0.0,0.0,0.0,0.0,0.0,0.0,MM__GIATSAY__QUANAO__11512,GIẶT SẤY Quần Áo Từ 11.5-12Kg,,Hàng hóa,d4814181-8bd7-11f1-9b18-005056b2a5de,e8571c5f-5432-4ec1-a465-def6a3f7f03b,c8220d45-8bd7-11f1-9b18-005056b2a5de,1180,f78c2d07-2a3c-4945-8664-bb1fe249b29a,
MM__GIATSAY__QUANAO__12125,GIẶT SẤY Quần Áo Từ 12-12.5Kg,Giặt Sấy Mềm Mại,Lần,5.0,696000.0,0.0,0.0,0.0,0.0,0.0,0.0,0.0,0.0,0.0,0.0,0.0,0.0,0.0,0.0,0.0,0.0,MM__GIATSAY__QUANAO__12125,GIẶT SẤY Quần Áo Từ 12-12.5Kg,,Hàng hóa,d4814217-8bd7-11f1-9b18-005056b2a5de,e9a235e1-a559-443c-a50a-54248048d4a7,c8220d45-8bd7-11f1-9b18-005056b2a5de,1181,f78c2d07-2a3c-4945-8664-bb1fe249b29a,
MM__GIATSAY__QUANAO__12513,GIẶT SẤY Quần Áo Từ 12.5-13Kg,Giặt Sấy Mềm Mại,Lần,0.0,0.0,0.0,0.0,0.0,0.0,0.0,0.0,0.0,0.0,0.0,0.0,0.0,0.0,0.0,0.0,0.0,0.0,MM__GIATSAY__QUANAO__12513,GIẶT SẤY Quần Áo Từ 12.5-13Kg,,Hàng hóa,d48142ab-8bd7-11f1-9b18-005056b2a5de,2920b014-748f-4330-990c-7e88b75ca205,c8220d45-8bd7-11f1-9b18-005056b2a5de,1182,f78c2d07-2a3c-4945-8664-bb1fe249b29a,
MM__GIATSAY__QUANAO__13,GIẶT SẤY Quần Áo Từ 1-3Kg,Giặt Sấy Mềm Mại,Lần,676.0,24720000.0,0.0,0.0,0.0,0.0,0.0,0.0,0.0,0.0,0.0,0.0,0.0,0.0,0.0,0.0,0.0,0.0,MM__GIATSAY__QUANAO__13,GIẶT SẤY Quần Áo Từ 1-3Kg,,Hàng hóa,d481433f-8bd7-11f1-9b18-005056b2a5de,267dd9a5-9d84-4210-9db9-a5ff6b9d904c,c8220d45-8bd7-11f1-9b18-005056b2a5de,1183,f78c2d07-2a3c-4945-8664-bb1fe249b29a,
MM__GIATSAY__QUANAO__13135,GIẶT SẤY Quần Áo Từ 13-13.5Kg,Giặt Sấy Mềm Mại,Lần,2.0,324000.0,0.0,0.0,0.0,0.0,0.0,0.0,0.0,0.0,0.0,0.0,0.0,0.0,0.0,0.0,0.0,0.0,MM__GIATSAY__QUANAO__13135,GIẶT SẤY Quần Áo Từ 13-13.5Kg,,Hàng hóa,d48143d5-8bd7-11f1-9b18-005056b2a5de,f45929dc-4d2a-44f8-b25f-faf3b6df88c0,c8220d45-8bd7-11f1-9b18-005056b2a5de,1184,f78c2d07-2a3c-4945-8664-bb1fe249b29a,
MM__GIATSAY__QUANAO__13514,GIẶT SẤY Quần Áo Từ 13.5-14Kg,Giặt Sấy Mềm Mại,Lần,0.0,0.0,0.0,0.0,0.0,0.0,0.0,0.0,0.0,0.0,0.0,0.0,0.0,0.0,0.0,0.0,0.0,0.0,MM__GIATSAY__QUANAO__13514,GIẶT SẤY Quần Áo Từ 13.5-14Kg,,Hàng hóa,d4814469-8bd7-11f1-9b18-005056b2a5de,b427231a-1844-4898-b823-8638b312a01b,c8220d45-8bd7-11f1-9b18-005056b2a5de,1185,f78c2d07-2a3c-4945-8664-bb1fe249b29a,
MM__GIATSAY__QUANAO__14145,GIẶT SẤY Quần Áo Từ 14-14.5Kg,Giặt Sấy Mềm Mại,Lần,0.0,0.0,0.0,0.0,0.0,0.0,0.0,0.0,0.0,0.0,0.0,0.0,0.0,0.0,0.0,0.0,0.0,0.0,MM__GIATSAY__QUANAO__14145,GIẶT SẤY Quần Áo Từ 14-14.5Kg,,Hàng hóa,d48144fe-8bd7-11f1-9b18-005056b2a5de,605c137b-da25-44f6-b3b5-1a0d0adb8a0c,c8220d45-8bd7-11f1-9b18-005056b2a5de,1186,f78c2d07-2a3c-4945-8664-bb1fe249b29a,
MM__GIATSAY__QUANAO__14515,GIẶT SẤY Quần Áo Từ 14.5-15Kg,Giặt Sấy Mềm Mại,Lần,0.0,0.0,0.0,0.0,0.0,0.0,0.0,0.0,0.0,0.0,0.0,0.0,0.0,0.0,0.0,0.0,0.0,0.0,MM__GIATSAY__QUANAO__14515,GIẶT SẤY Quần Áo Từ 14.5-15Kg,,Hàng hóa,d4814591-8bd7-11f1-9b18-005056b2a5de,45b1833f-b71c-40fa-adc6-54a2d6c4baf6,c8220d45-8bd7-11f1-9b18-005056b2a5de,1187,f78c2d07-2a3c-4945-8664-bb1fe249b29a,
MM__GIATSAY__QUANAO__15155,GIẶT SẤY Quần Áo Từ 15-15.5Kg,Giặt Sấy Mềm Mại,Lần,0.0,0.0,0.0,0.0,0.0,0.0,0.0,0.0,0.0,0.0,0.0,0.0,0.0,0.0,0.0,0.0,0.0,0.0,MM__GIATSAY__QUANAO__15155,GIẶT SẤY Quần Áo Từ 15-15.5Kg,,Hàng hóa,d4814634-8bd7-11f1-9b18-005056b2a5de,c269a651-1fc7-476e-89e6-cc45eea75cc6,c8220d45-8bd7-11f1-9b18-005056b2a5de,1188,f78c2d07-2a3c-4945-8664-bb1fe249b29a,
MM__GIATSAY__QUANAO__15516,GIẶT SẤY Quần Áo Từ 15.5-16Kg,Giặt Sấy Mềm Mại,Lần,0.0,0.0,0.0,0.0,0.0,0.0,0.0,0.0,0.0,0.0,0.0,0.0,0.0,0.0,0.0,0.0,0.0,0.0,MM__GIATSAY__QUANAO__15516,GIẶT SẤY Quần Áo Từ 15.5-16Kg,,Hàng hóa,d48146cb-8bd7-11f1-9b18-005056b2a5de,5b0f1d37-097f-4666-a358-0aeb08d7947c,c8220d45-8bd7-11f1-9b18-005056b2a5de,1189,f78c2d07-2a3c-4945-8664-bb1fe249b29a,
MM__GIATSAY__QUANAO__16165,GIẶT SẤY Quần Áo Từ 16-16.5Kg,Giặt Sấy Mềm Mại,Lần,0.0,0.0,0.0,0.0,0.0,0.0,0.0,0.0,0.0,0.0,0.0,0.0,0.0,0.0,0.0,0.0,0.0,0.0,MM__GIATSAY__QUANAO__16165,GIẶT SẤY Quần Áo Từ 16-16.5Kg,,Hàng hóa,d4814760-8bd7-11f1-9b18-005056b2a5de,c2eb1915-ad04-4cf0-a40a-33a259311e32,c8220d45-8bd7-11f1-9b18-005056b2a5de,1190,f78c2d07-2a3c-4945-8664-bb1fe249b29a,
MM__GIATSAY__QUANAO__16517,GIẶT SẤY Quần Áo Từ 16.5-17Kg,Giặt Sấy Mềm Mại,Lần,0.0,0.0,0.0,0.0,0.0,0.0,0.0,0.0,0.0,0.0,0.0,0.0,0.0,0.0,0.0,0.0,0.0,0.0,MM__GIATSAY__QUANAO__16517,GIẶT SẤY Quần Áo Từ 16.5-17Kg,,Hàng hóa,d48147f4-8bd7-11f1-9b18-005056b2a5de,5bfa5438-ae70-4f7e-a543-4c96f4f4a1c2,c8220d45-8bd7-11f1-9b18-005056b2a5de,1191,f78c2d07-2a3c-4945-8664-bb1fe249b29a,
MM__GIATSAY__QUANAO__17175,GIẶT SẤY Quần Áo Từ 17-17.5Kg,Giặt Sấy Mềm Mại,Lần,1.0,210000.0,0.0,0.0,0.0,0.0,0.0,0.0,0.0,0.0,0.0,0.0,0.0,0.0,0.0,0.0,0.0,0.0,MM__GIATSAY__QUANAO__17175,GIẶT SẤY Quần Áo Từ 17-17.5Kg,,Hàng hóa,d481488b-8bd7-11f1-9b18-005056b2a5de,5bb854fe-584d-4dd6-851b-f206a1926c91,c8220d45-8bd7-11f1-9b18-005056b2a5de,1192,f78c2d07-2a3c-4945-8664-bb1fe249b29a,
MM__GIATSAY__QUANAO__17518,GIẶT SẤY Quần Áo Từ 17.5-18Kg,Giặt Sấy Mềm Mại,Lần,1.0,216000.0,0.0,0.0,0.0,0.0,0.0,0.0,0.0,0.0,0.0,0.0,0.0,0.0,0.0,0.0,0.0,0.0,MM__GIATSAY__QUANAO__17518,GIẶT SẤY Quần Áo Từ 17.5-18Kg,,Hàng hóa,d481491e-8bd7-11f1-9b18-005056b2a5de,2428508b-7043-472f-90d7-bea88a2ff751,c8220d45-8bd7-11f1-9b18-005056b2a5de,1193,f78c2d07-2a3c-4945-8664-bb1fe249b29a,
MM__GIATSAY__QUANAO__335,GIẶT SẤY Quần Áo Từ 3-3.5Kg,Giặt Sấy Mềm Mại,Lần,92.0,3864000.0,0.0,0.0,0.0,0.0,0.0,0.0,0.0,0.0,0.0,0.0,0.0,0.0,0.0,0.0,0.0,0.0,MM__GIATSAY__QUANAO__335,GIẶT SẤY Quần Áo Từ 3-3.5Kg,,Hàng hóa,d48149b2-8bd7-11f1-9b18-005056b2a5de,2fe04bdc-1d82-4dc4-a897-88e11878a3cd,c8220d45-8bd7-11f1-9b18-005056b2a5de,1194,f78c2d07-2a3c-4945-8664-bb1fe249b29a,
MM__GIATSAY__QUANAO__34,GIẶT SẤY Quần Áo Từ 3-4Kg,,Lần,134.0,5360000.0,0.0,0.0,0.0,0.0,0.0,0.0,0.0,0.0,0.0,0.0,0.0,0.0,0.0,0.0,0.0,0.0,MM__GIATSAY__QUANAO__34,GIẶT SẤY Quần Áo Từ 3-4Kg,,Hàng hóa,d4814a4d-8bd7-11f1-9b18-005056b2a5de,2a9d2c44-a3d4-4cbb-8ac3-c832bb5d98fc,c8220d45-8bd7-11f1-9b18-005056b2a5de,1195,f78c2d07-2a3c-4945-8664-bb1fe249b29a,
MM__GIATSAY__QUANAO__354,GIẶT SẤY Quần Áo Từ 3.5-4Kg,Giặt Sấy Mềm Mại,Lần,67.0,3216000.0,0.0,0.0,0.0,0.0,0.0,0.0,0.0,0.0,0.0,0.0,0.0,0.0,0.0,0.0,0.0,0.0,MM__GIATSAY__QUANAO__354,GIẶT SẤY Quần Áo Từ 3.5-4Kg,,Hàng hóa,d4814ae4-8bd7-11f1-9b18-005056b2a5de,597d5422-efac-407a-95f3-a3e9e5b4e8fc,c8220d45-8bd7-11f1-9b18-005056b2a5de,1196,f78c2d07-2a3c-4945-8664-bb1fe249b29a,
MM__GIATSAY__QUANAO__3x,GIẶT SẤY Quần Áo Trên 3Kg,,Kg,79.4,829400.0,0.0,0.0,0.0,0.0,0.0,0.0,0.0,0.0,0.0,0.0,0.0,0.0,0.0,0.0,0.0,0.0,MM__GIATSAY__QUANAO__3x,GIẶT SẤY Quần Áo Trên 3Kg,,Hàng hóa,d4814b79-8bd7-11f1-9b18-005056b2a5de,5cc6ca8f-dfde-477e-9130-e16d0ad0a6cb,c8220d45-8bd7-11f1-9b18-005056b2a5de,1197,097330eb-f92d-4b88-95a8-1a83fd3d8015,
MM__GIATSAY__QUANAO__445,GIẶT SẤY Quần Áo Từ 4-4.5Kg,Giặt Sấy Mềm Mại,Lần,53.0,2862000.0,0.0,0.0,0.0,0.0,0.0,0.0,0.0,0.0,0.0,0.0,0.0,0.0,0.0,0.0,0.0,0.0,MM__GIATSAY__QUANAO__445,GIẶT SẤY Quần Áo Từ 4-4.5Kg,,Hàng hóa,d4814c0c-8bd7-11f1-9b18-005056b2a5de,abede7cc-df60-4723-b568-a3ec12991347,c8220d45-8bd7-11f1-9b18-005056b2a5de,1198,f78c2d07-2a3c-4945-8664-bb1fe249b29a,
MM__GIATSAY__QUANAO__45,GIẶT SẤY Quần Áo Từ 4-5Kg,,Lần,80.0,4000000.0,0.0,0.0,0.0,0.0,0.0,0.0,0.0,0.0,0.0,0.0,0.0,0.0,0.0,0.0,0.0,0.0,MM__GIATSAY__QUANAO__45,GIẶT SẤY Quần Áo Từ 4-5Kg,,Hàng hóa,d4814ca3-8bd7-11f1-9b18-005056b2a5de,0351aab7-6bf9-4260-8318-236be30b45d2,c8220d45-8bd7-11f1-9b18-005056b2a5de,1199,f78c2d07-2a3c-4945-8664-bb1fe249b29a,
MM__GIATSAY__QUANAO__455,GIẶT SẤY Quần Áo Từ 4.5-5Kg,Giặt Sấy Mềm Mại,Lần,38.0,2280000.0,0.0,0.0,0.0,0.0,0.0,0.0,0.0,0.0,0.0,0.0,0.0,0.0,0.0,0.0,0.0,0.0,MM__GIATSAY__QUANAO__455,GIẶT SẤY Quần Áo Từ 4.5-5Kg,,Hàng hóa,d4814d3c-8bd7-11f1-9b18-005056b2a5de,34aaba2a-0abc-47fd-8812-ddc4dd72f315,c8220d45-8bd7-11f1-9b18-005056b2a5de,1200,f78c2d07-2a3c-4945-8664-bb1fe249b29a,
MM__GIATSAY__QUANAO__555,GIẶT SẤY Quần Áo Từ 5-5.5Kg,Giặt Sấy Mềm Mại,Lần,29.0,1914000.0,0.0,0.0,0.0,0.0,0.0,0.0,0.0,0.0,0.0,0.0,0.0,0.0,0.0,0.0,0.0,0.0,MM__GIATSAY__QUANAO__555,GIẶT SẤY Quần Áo Từ 5-5.5Kg,,Hàng hóa,d4814dd3-8bd7-11f1-9b18-005056b2a5de,0044a3e6-1ff0-4ee2-b4c7-810aac750984,c8220d45-8bd7-11f1-9b18-005056b2a5de,1201,f78c2d07-2a3c-4945-8664-bb1fe249b29a,
MM__GIATSAY__QUANAO__556,GIẶT SẤY Quần Áo Từ 5.5-6Kg,Giặt Sấy Mềm Mại,Lần,15.0,1080000.0,0.0,0.0,0.0,0.0,0.0,0.0,0.0,0.0,0.0,0.0,0.0,0.0,0.0,0.0,0.0,0.0,MM__GIATSAY__QUANAO__556,GIẶT SẤY Quần Áo Từ 5.5-6Kg,,Hàng hóa,d4814efc-8bd7-11f1-9b18-005056b2a5de,44b11982-bec9-40f5-9a01-fce6076b969f,c8220d45-8bd7-11f1-9b18-005056b2a5de,1202,f78c2d07-2a3c-4945-8664-bb1fe249b29a,
MM__GIATSAY__QUANAO__56,GIẶT SẤY Quần Áo Từ 5-6Kg,,Lần,48.0,2880000.0,0.0,0.0,0.0,0.0,0.0,0.0,0.0,0.0,0.0,0.0,0.0,0.0,0.0,0.0,0.0,0.0,MM__GIATSAY__QUANAO__56,GIẶT SẤY Quần Áo Từ 5-6Kg,,Hàng hóa,d48150d8-8bd7-11f1-9b18-005056b2a5de,a7be13cc-9be4-4034-8e6f-ac1b2371569c,c8220d45-8bd7-11f1-9b18-005056b2a5de,1203,f78c2d07-2a3c-4945-8664-bb1fe249b29a,
MM__GIATSAY__QUANAO__657,GIẶT SẤY Quần Áo Từ 6.5-7Kg,Giặt Sấy Mềm Mại,Lần,15.0,1260000.0,0.0,0.0,0.0,0.0,0.0,0.0,0.0,0.0,0.0,0.0,0.0,0.0,0.0,0.0,0.0,0.0,MM__GIATSAY__QUANAO__657,GIẶT SẤY Quần Áo Từ 6.5-7Kg,,Hàng hóa,d481517e-8bd7-11f1-9b18-005056b2a5de,a5891638-46d5-484b-95b3-3a83bcabc819,c8220d45-8bd7-11f1-9b18-005056b2a5de,1204,f78c2d07-2a3c-4945-8664-bb1fe249b29a,
MM__GIATSAY__QUANAO__665,GIẶT SẤY Quần Áo Từ 6-6.5Kg,Giặt Sấy Mềm Mại,Lần,18.0,1404000.0,0.0,0.0,0.0,0.0,0.0,0.0,0.0,0.0,0.0,0.0,0.0,0.0,0.0,0.0,0.0,0.0,MM__GIATSAY__QUANAO__665,GIẶT SẤY Quần Áo Từ 6-6.5Kg,,Hàng hóa,d481526f-8bd7-11f1-9b18-005056b2a5de,3ee7da06-9025-41d8-b084-e1967e52be84,c8220d45-8bd7-11f1-9b18-005056b2a5de,1205,f78c2d07-2a3c-4945-8664-bb1fe249b29a,
MM__GIATSAY__QUANAO__67,GIẶT SẤY Quần Áo Từ 6-7Kg,,Lần,13.0,910000.0,0.0,0.0,0.0,0.0,0.0,0.0,0.0,0.0,0.0,0.0,0.0,0.0,0.0,0.0,0.0,0.0,MM__GIATSAY__QUANAO__67,GIẶT SẤY Quần Áo Từ 6-7Kg,,Hàng hóa,d4815310-8bd7-11f1-9b18-005056b2a5de,af266c34-420e-42f9-83b3-3540a0f11d70,c8220d45-8bd7-11f1-9b18-005056b2a5de,1206,f78c2d07-2a3c-4945-8664-bb1fe249b29a,
MM__GIATSAY__QUANAO__7508,GIẶT SẤY Quần Áo Từ 7.5-8Kg,Giặt Sấy Mềm Mại,Lần,9.0,864000.0,0.0,0.0,0.0,0.0,0.0,0.0,0.0,0.0,0.0,0.0,0.0,0.0,0.0,0.0,0.0,0.0,MM__GIATSAY__QUANAO__7508,GIẶT SẤY Quần Áo Từ 7.5-8Kg,,Hàng hóa,d48153b6-8bd7-11f1-9b18-005056b2a5de,3921c64e-aad3-4791-aa6c-2459cad0f0b2,c8220d45-8bd7-11f1-9b18-005056b2a5de,1207,f78c2d07-2a3c-4945-8664-bb1fe249b29a,
MM__GIATSAY__QUANAO__775,GIẶT SẤY Quần Áo Từ 7-7.5Kg,Giặt Sấy Mềm Mại,Lần,9.0,810000.0,0.0,0.0,0.0,0.0,0.0,0.0,0.0,0.0,0.0,0.0,0.0,0.0,0.0,0.0,0.0,0.0,MM__GIATSAY__QUANAO__775,GIẶT SẤY Quần Áo Từ 7-7.5Kg,,Hàng hóa,d481544b-8bd7-11f1-9b18-005056b2a5de,1c4fd81b-e9e6-44cb-9d61-aec279275728,c8220d45-8bd7-11f1-9b18-005056b2a5de,1208,f78c2d07-2a3c-4945-8664-bb1fe249b29a,
MM__GIATSAY__QUANAO__78,GIẶT SẤY Quần Áo Từ 7-8Kg,,Lần,11.0,880000.0,0.0,0.0,0.0,0.0,0.0,0.0,0.0,0.0,0.0,0.0,0.0,0.0,0.0,0.0,0.0,0.0,MM__GIATSAY__QUANAO__78,GIẶT SẤY Quần Áo Từ 7-8Kg,,Hàng hóa,d48154e1-8bd7-11f1-9b18-005056b2a5de,46809bc5-2de2-462b-8df2-6c8fae39a96c,c8220d45-8bd7-11f1-9b18-005056b2a5de,1209,f78c2d07-2a3c-4945-8664-bb1fe249b29a,
MM__GIATSAY__QUANAO__859,GIẶT SẤY Quần Áo Từ 8.5-9Kg,Giặt Sấy Mềm Mại,Lần,2.0,216000.0,0.0,0.0,0.0,0.0,0.0,0.0,0.0,0.0,0.0,0.0,0.0,0.0,0.0,0.0,0.0,0.0,MM__GIATSAY__QUANAO__859,GIẶT SẤY Quần Áo Từ 8.5-9Kg,,Hàng hóa,d481557d-8bd7-11f1-9b18-005056b2a5de,fbf46f3f-97d4-449f-adb0-e3001589e4e3,c8220d45-8bd7-11f1-9b18-005056b2a5de,1210,f78c2d07-2a3c-4945-8664-bb1fe249b29a,
MM__GIATSAY__QUANAO__885,GIẶT SẤY Quần Áo Từ 8-8.5Kg,Giặt Sấy Mềm Mại,Lần,13.0,1326000.0,0.0,0.0,0.0,0.0,0.0,0.0,0.0,0.0,0.0,0.0,0.0,0.0,0.0,0.0,0.0,0.0,MM__GIATSAY__QUANAO__885,GIẶT SẤY Quần Áo Từ 8-8.5Kg,,Hàng hóa,d48156a4-8bd7-11f1-9b18-005056b2a5de,4fe2ea9c-fe88-49d3-b2bc-82c25bf78238,c8220d45-8bd7-11f1-9b18-005056b2a5de,1211,f78c2d07-2a3c-4945-8664-bb1fe249b29a,
MM__GIATSAY__QUANAO__9510,GIẶT SẤY Quần Áo Từ 9.5-10Kg,Giặt Sấy Mềm Mại,Lần,2.0,240000.0,0.0,0.0,0.0,0.0,0.0,0.0,0.0,0.0,0.0,0.0,0.0,0.0,0.0,0.0,0.0,0.0,MM__GIATSAY__QUANAO__9510,GIẶT SẤY Quần Áo Từ 9.5-10Kg,,Hàng hóa,d481573d-8bd7-11f1-9b18-005056b2a5de,c5d503b4-58df-457c-bfb6-765f356c5104,c8220d45-8bd7-11f1-9b18-005056b2a5de,1212,f78c2d07-2a3c-4945-8664-bb1fe249b29a,
MM__GIATSAY__QUANAO__995,GIẶT SẤY Quần Áo Từ 9-9.5Kg,Giặt Sấy Mềm Mại,Lần,6.0,684000.0,0.0,0.0,0.0,0.0,0.0,0.0,0.0,0.0,0.0,0.0,0.0,0.0,0.0,0.0,0.0,0.0,MM__GIATSAY__QUANAO__995,GIẶT SẤY Quần Áo Từ 9-9.5Kg,,Hàng hóa,d48157d3-8bd7-11f1-9b18-005056b2a5de,30adfb0b-d350-4f25-a0d3-849dffa8a8c7,c8220d45-8bd7-11f1-9b18-005056b2a5de,1213,f78c2d07-2a3c-4945-8664-bb1fe249b29a,
MM__GIATSAY__QUANAO__x1,GIẶT SẤY Quần Áo Dưới 1Kg,,Lần,16.0,400000.0,0.0,0.0,0.0,0.0,0.0,0.0,0.0,0.0,0.0,0.0,0.0,0.0,0.0,0.0,0.0,0.0,MM__GIATSAY__QUANAO__x1,GIẶT SẤY Quần Áo Dưới 1Kg,,Hàng hóa,d481586c-8bd7-11f1-9b18-005056b2a5de,3c2d8e99-1311-4efe-946a-658db2ec45c1,c8220d45-8bd7-11f1-9b18-005056b2a5de,1214,f78c2d07-2a3c-4945-8664-bb1fe249b29a,
MM__GIATSAY__REMCUA__1x,GIẶT SẤY Rèm Cửa,Giặt Sấy Mềm Mại,Kg,9.6,384000.0,0.0,0.0,0.0,0.0,0.0,0.0,0.0,0.0,0.0,0.0,0.0,0.0,0.0,0.0,0.0,0.0,MM__GIATSAY__REMCUA__1x,GIẶT SẤY Rèm Cửa,,Hàng hóa,d4815909-8bd7-11f1-9b18-005056b2a5de,b49f0d08-99ff-447a-9c1c-c3399fb7b1e9,c8220d45-8bd7-11f1-9b18-005056b2a5de,1215,097330eb-f92d-4b88-95a8-1a83fd3d8015,
MM__GIATSAY__SAY__3,SẤY Quần Áo <3Kg,Giặt Sấy Mềm Mại,Lần,1.0,25000.0,0.0,0.0,0.0,0.0,0.0,0.0,0.0,0.0,0.0,0.0,0.0,0.0,0.0,0.0,0.0,0.0,MM__GIATSAY__SAY__3,SẤY Quần Áo <3Kg,,Hàng hóa,d48159a2-8bd7-11f1-9b18-005056b2a5de,84f579e9-4257-4505-97d8-2de762f7b1fd,c8220d45-8bd7-11f1-9b18-005056b2a5de,1216,f78c2d07-2a3c-4945-8664-bb1fe249b29a,
MM__GIATSAY__SAY__335,SẤY Quần Áo 3-3.5Kg,Giặt Sấy Mềm Mại,Lần,2.0,60000.0,0.0,0.0,0.0,0.0,0.0,0.0,0.0,0.0,0.0,0.0,0.0,0.0,0.0,0.0,0.0,0.0,MM__GIATSAY__SAY__335,SẤY Quần Áo 3-3.5Kg,,Hàng hóa,d4815a38-8bd7-11f1-9b18-005056b2a5de,b4a23bb4-26b2-4755-83a9-756d0a75f7b8,c8220d45-8bd7-11f1-9b18-005056b2a5de,1217,f78c2d07-2a3c-4945-8664-bb1fe249b29a,
MM__GIATSAY__SAY__354,SẤY Quần Áo 3.5-4Kg,Giặt Sấy Mềm Mại,Lần,0.0,0.0,0.0,0.0,0.0,0.0,0.0,0.0,0.0,0.0,0.0,0.0,0.0,0.0,0.0,0.0,0.0,0.0,MM__GIATSAY__SAY__354,SẤY Quần Áo 3.5-4Kg,,Hàng hóa,d4815ad1-8bd7-11f1-9b18-005056b2a5de,79a55e4c-4afb-4c6f-a093-51b1ed2d6576,c8220d45-8bd7-11f1-9b18-005056b2a5de,1218,f78c2d07-2a3c-4945-8664-bb1fe249b29a,
MM__GIATSAY__SAY__445,SẤY Quần Áo 4-4.5Kg,Giặt Sấy Mềm Mại,Lần,0.0,0.0,0.0,0.0,0.0,0.0,0.0,0.0,0.0,0.0,0.0,0.0,0.0,0.0,0.0,0.0,0.0,0.0,MM__GIATSAY__SAY__445,SẤY Quần Áo 4-4.5Kg,,Hàng hóa,d4815b7e-8bd7-11f1-9b18-005056b2a5de,fe66e83c-d655-443f-bb7e-15dcb641c5b4,c8220d45-8bd7-11f1-9b18-005056b2a5de,1219,f78c2d07-2a3c-4945-8664-bb1fe249b29a,
MM__GIATSAY__SAY__455,SẤY Quần Áo 4.5-5Kg,Giặt Sấy Mềm Mại,Lần,0.0,0.0,0.0,0.0,0.0,0.0,0.0,0.0,0.0,0.0,0.0,0.0,0.0,0.0,0.0,0.0,0.0,0.0,MM__GIATSAY__SAY__455,SẤY Quần Áo 4.5-5Kg,,Hàng hóa,d4815c14-8bd7-11f1-9b18-005056b2a5de,d2ca0d6d-e9f6-422e-a252-4df92244547b,c8220d45-8bd7-11f1-9b18-005056b2a5de,1220,f78c2d07-2a3c-4945-8664-bb1fe249b29a,
MM__GIATSAY__TAYO__x1,Tẩy Ố/ Tẩy Trắng,Giặt Sấy Mềm Mại,Lần,16.0,425000.0,0.0,0.0,0.0,0.0,0.0,0.0,0.0,0.0,0.0,0.0,0.0,0.0,0.0,0.0,0.0,0.0,MM__GIATSAY__TAYO__x1,Tẩy Ố/ Tẩy Trắng,,Hàng hóa,d4815caf-8bd7-11f1-9b18-005056b2a5de,23a6c2c5-f098-41ef-b991-1b8abd0a5d19,c8220d45-8bd7-11f1-9b18-005056b2a5de,1221,f78c2d07-2a3c-4945-8664-bb1fe249b29a,
MM__GIATSAY__TOPPER__1x,GIẶT SẤY Topper,Giặt Sấy Mềm Mại,Kg,10.6,424000.0,0.0,0.0,0.0,0.0,0.0,0.0,0.0,0.0,0.0,0.0,0.0,0.0,0.0,0.0,0.0,0.0,MM__GIATSAY__TOPPER__1x,GIẶT SẤY Topper,,Hàng hóa,d4815d47-8bd7-11f1-9b18-005056b2a5de,3e17c4cb-3acd-46d2-8493-3dbba194e0a8,c8220d45-8bd7-11f1-9b18-005056b2a5de,1222,097330eb-f92d-4b88-95a8-1a83fd3d8015,
MM__GIATSAY__VOCHANDRAP__1x,GIẶT SẤY Vỏ Chăn Drap Gối,Giặt Sấy Mềm Mại,Kg,13.6,340000.0,0.0,0.0,0.0,0.0,0.0,0.0,0.0,0.0,0.0,0.0,0.0,0.0,0.0,0.0,0.0,0.0,MM__GIATSAY__VOCHANDRAP__1x,GIẶT SẤY Vỏ Chăn Drap Gối,,Hàng hóa,d4815dde-8bd7-11f1-9b18-005056b2a5de,a1bca05d-823c-4898-868e-ae1a544ba86c,c8220d45-8bd7-11f1-9b18-005056b2a5de,1223,097330eb-f92d-4b88-95a8-1a83fd3d8015,
MM__SAYGAP__CHANDRAP__1,SẤY GẤP Chăn Drap Mền,Giặt Sấy Mềm Mại,Kg,12.8,256000.0,0.0,0.0,0.0,0.0,0.0,0.0,0.0,0.0,0.0,0.0,0.0,0.0,0.0,0.0,0.0,0.0,MM__SAYGAP__CHANDRAP__1,SẤY GẤP Chăn Drap Mền,,Hàng hóa,d4815e73-8bd7-11f1-9b18-005056b2a5de,85a0d8ae-2085-4649-a41b-2dee82210ba3,c8220d45-8bd7-11f1-9b18-005056b2a5de,1224,097330eb-f92d-4b88-95a8-1a83fd3d8015,
MM__SAYGAP__CHANDRAP__45,SẤY GẤP Chăn Drap 4-5Kg,,Lần,1.0,65000.0,0.0,0.0,0.0,0.0,0.0,0.0,0.0,0.0,0.0,0.0,0.0,0.0,0.0,0.0,0.0,0.0,MM__SAYGAP__CHANDRAP__45,SẤY GẤP Chăn Drap 4-5Kg,,Hàng hóa,d4815f07-8bd7-11f1-9b18-005056b2a5de,723351b6-828b-46f5-9436-6d8354e83fe2,c8220d45-8bd7-11f1-9b18-005056b2a5de,1225,f78c2d07-2a3c-4945-8664-bb1fe249b29a,
OSPNCDCPTZ701,OISHI Snack Pillows Nhân Cốt Dừa Cà Phê Túi Zip 75g,Snack Khác,Bịch,4.0,64000.0,0.0,0.0,0.0,0.0,0.0,0.0,0.0,0.0,0.0,0.0,0.0,0.0,-4.0,-64000.0,-4.0,-64000.0,OSPNCDCPTZ701,OISHI Snack Pillows Nhân Cốt Dừa Cà Phê Túi Zip 75g,,Hàng hóa,d4815f9f-8bd7-11f1-9b18-005056b2a5de,733ed8cd-e3ed-4bb9-bc0f-125f40c5de36,c8220d45-8bd7-11f1-9b18-005056b2a5de,1226,097330eb-f92d-4b88-95a8-1a83fd3d8011,
Saimavach,ORION Swing Snack Mật Ong Bơ Tỏi Bịch 52g,Snack Khoai Tây,Bịch,0.0,0.0,0.0,0.0,0.0,0.0,0.0,0.0,0.0,0.0,0.0,0.0,0.0,0.0,29.0,348000.0,29.0,348000.0,Saimavach,ORION Swing Snack Mật Ong Bơ Tỏi Bịch 52g,,Hàng hóa,d481603a-8bd7-11f1-9b18-005056b2a5de,aea935b9-6539-4747-8085-a02634b4e693,c8220d45-8bd7-11f1-9b18-005056b2a5de,1227,097330eb-f92d-4b88-95a8-1a83fd3d8011,
TSCVQ101,THTrue Sữa Chua Việt Quất 100g,Sữa Chua Ăn,Hộp,22.0,264000.0,0.0,0.0,0.0,0.0,0.0,0.0,0.0,0.0,0.0,0.0,0.0,0.0,26.0,312000.0,26.0,312000.0,TSCVQ101,THTrue Sữa Chua Việt Quất 100g,,Hàng hóa,d48160d0-8bd7-11f1-9b18-005056b2a5de,3477952a-2689-4fa9-8bb3-43c83f9882aa,c8220d45-8bd7-11f1-9b18-005056b2a5de,1228,097330eb-f92d-4b88-95a8-1a83fd3d8064,
VSDOT401,VINAMILK Sữa Đặc Ông Thọ 40g,Sữa Đặc,Chiếc,16.0,160000.0,0.0,0.0,0.0,0.0,0.0,0.0,0.0,0.0,0.0,0.0,0.0,0.0,8.0,80000.0,8.0,80000.0,VSDOT401,VINAMILK Sữa Đặc Ông Thọ 40g,,Hàng hóa,d4816167-8bd7-11f1-9b18-005056b2a5de,0c71a2bb-413d-4a18-8da6-4e5e7d30fa72,c8220d45-8bd7-11f1-9b18-005056b2a5de,1229,097330eb-f92d-4b88-95a8-1a83fd3d8062,
ZBGVBMO601,ZENNUT Bắp Giòn Vị Bơ Mật Ong 60g,,Chiếc,1.0,30000.0,0.0,0.0,0.0,0.0,0.0,0.0,0.0,0.0,0.0,0.0,0.0,0.0,-1.0,-30000.0,-1.0,-30000.0,ZBGVBMO601,ZENNUT Bắp Giòn Vị Bơ Mật Ong 60g,,Hàng hóa,d48161fb-8bd7-11f1-9b18-005056b2a5de,ad312f34-cb7b-46ae-a4fa-1c4d60882d22,c8220d45-8bd7-11f1-9b18-005056b2a5de,1230,097330eb-f92d-4b88-95a8-1a83fd3d8062,
ZBGVBX601,ZENNUT Bắp Giòn Vị Biển Xanh 60g,,Chiếc,2.0,60000.0,0.0,0.0,0.0,0.0,0.0,0.0,0.0,0.0,0.0,0.0,0.0,0.0,-2.0,-60000.0,-2.0,-60000.0,ZBGVBX601,ZENNUT Bắp Giòn Vị Biển Xanh 60g,,Hàng hóa,d4816290-8bd7-11f1-9b18-005056b2a5de,501956ce-1adc-45a1-9fb0-d32ce704fecf,c8220d45-8bd7-11f1-9b18-005056b2a5de,1231,097330eb-f92d-4b88-95a8-1a83fd3d8062,
ZBGVZ601,ZENNUT Bắp Giòn Vị Zin 60g,,Chiếc,1.0,30000.0,0.0,0.0,0.0,0.0,0.0,0.0,0.0,0.0,0.0,0.0,0.0,0.0,-1.0,-30000.0,-1.0,-30000.0,ZBGVZ601,ZENNUT Bắp Giòn Vị Zin 60g,,Hàng hóa,d48163cb-8bd7-11f1-9b18-005056b2a5de,98f497a6-e345-4f40-a0db-66c038f5a91e,c8220d45-8bd7-11f1-9b18-005056b2a5de,1232,097330eb-f92d-4b88-95a8-1a83fd3d8062,
ZHDDMD301,ZENNUT Hạt Dinh Dưỡng Mix Dừa 30g,,Chiếc,6.0,90000.0,0.0,0.0,0.0,0.0,0.0,0.0,0.0,0.0,0.0,0.0,0.0,0.0,-6.0,-90000.0,-6.0,-90000.0,ZHDDMD301,ZENNUT Hạt Dinh Dưỡng Mix Dừa 30g,,Hàng hóa,d4816466-8bd7-11f1-9b18-005056b2a5de,894d58b9-e75f-4830-9fa2-6880f1ad0abb,c8220d45-8bd7-11f1-9b18-005056b2a5de,1233,097330eb-f92d-4b88-95a8-1a83fd3d8062,
