sku_code,barcode,inventory_item_name,inventory_item_category_name,unit_name,latest_inward_unit_price,latest_outward_sale_unit_price,avg_inward_unit_price,avg_outward_sale_unit_price,quantity_closing_balance,amount_closing_balance,revenue_closing_balance,first_inward_date,latest_inward_date,latest_outward_date,latest_outward_sale_date,days_from_first_inward,days_from_latest_inward,days_from_latest_outward,days_from_latest_outward_sale,warehouse_storage_time_report_id,inventory_item_id,session_id,detail_id
01__BLO__BLC__164__250,8934692090051,1664 BLANC Bia Lon 250ml,Bia Lon,Lon,0.0,20909.0,0.0,18739.306358,-13.0,0.0,-243610.982654,2025-12-24T00:00:00,2026-06-28T00:00:00,2026-08-01T00:00:00,2026-08-01T00:00:00,223,37,3,3,cd7eb225-8ef4-11f1-9b18-005056b2a5de,9ee9512e-33d3-4980-9b3a-18657fde9a32,c5954a39-8ef4-11f1-9b18-005056b2a5de,1
01__BLO__BLC__164__330,8934692090020,1664 BLANC Bia Lon 330ml,Bia Lon,Lon,0.0,25455.0,0.0,25293.107143,24.0,337000.0,607034.571432,2025-11-27T00:00:00,2026-06-28T00:00:00,2026-05-15T00:00:00,2026-02-18T00:00:00,250,37,81,167,cd7e5a08-8ef4-11f1-9b18-005056b2a5de,9dffea9a-1e7d-47a6-b704-38830a21e33c,c5954a39-8ef4-11f1-9b18-005056b2a5de,2
10__VPK__KEO__GLU__1,8938531873058,502 Keo Super Glue,Văn Phòng Phẩm,Chai,0.0,9259.0,0.0,9259.034483,17.0,0.0,157403.586211,2025-11-10T00:00:00,2025-11-10T00:00:00,2026-08-03T00:00:00,2026-08-03T00:00:00,267,267,1,1,cd7fe309-8ef4-11f1-9b18-005056b2a5de,ce9c4fe7-3b87-46e9-af59-7342c2c27d99,c5954a39-8ef4-11f1-9b18-005056b2a5de,3
02__MGO__DNT__TBM__83,8934563165161,ACECOOK Đệ Nhất Mì Gia Vị Thịt Bằm Gói 83g,Mì Gói,Gói,0.0,11111.0,0.0,10749.695122,6.0,2499.0,64498.170732,2025-12-27T00:00:00,2026-05-16T00:00:00,2026-08-02T00:00:00,2026-08-02T00:00:00,220,80,2,2,cd802b0e-8ef4-11f1-9b18-005056b2a5de,bce765ca-0390-4f70-a186-7c783fcea76a,c5954a39-8ef4-11f1-9b18-005056b2a5de,4
02__PGI__DNT__BOO__68,8934563215132,ACECOOK Đệ Nhất Phở Bò Gói 68g,Phở Gói,Gói,0.0,10185.0,0.0,10005.172662,0.0,207000.0,0.0,2025-11-09T00:00:00,2026-05-16T00:00:00,2026-07-28T00:00:00,2026-07-28T00:00:00,268,80,7,7,cd7e9e05-8ef4-11f1-9b18-005056b2a5de,f0eabe94-3ef8-40a5-b88c-6ce49330e6e7,c5954a39-8ef4-11f1-9b18-005056b2a5de,5
02__PGI__DNT__GAA__67,8934563216139,ACECOOK Đệ Nhất Phở Gà Gói 67g,Phở Gói,Gói,0.0,10185.0,0.0,9910.703704,0.0,207000.0,0.0,2025-11-15T00:00:00,2026-03-16T00:00:00,2026-07-23T00:00:00,2026-07-23T00:00:00,262,141,12,12,cd7f94ff-8ef4-11f1-9b18-005056b2a5de,bf002d93-ee21-4b61-9d89-bc4816898557,c5954a39-8ef4-11f1-9b18-005056b2a5de,6
02__MGO__HAO__GVG__74,8934563184148,ACECOOK HẢO HẢO Mì Gà Vàng Gói 74g,Mì Gói,Gói,0.0,5556.0,0.0,5555.630435,12.0,46408.0,66667.56522,2026-01-10T00:00:00,2026-01-10T00:00:00,2026-04-23T00:00:00,2026-04-23T00:00:00,206,206,103,103,cd7fc390-8ef4-11f1-9b18-005056b2a5de,9516d258-a699-4e04-9dc2-1655e595267e,c5954a39-8ef4-11f1-9b18-005056b2a5de,7
02__MIL__HAO__TCY__67,8934563651138,ACECOOK HẢO HẢO Mì Ly Tôm Chua Cay 67g,Mì Ly,Ly,0.0,16666.5,0.0,13456.976242,78.0,2301232.0,1049644.146876,2025-11-19T00:00:00,2026-07-25T00:00:00,2026-08-02T00:00:00,2026-08-02T00:00:00,258,10,2,2,cd7d9ab5-8ef4-11f1-9b18-005056b2a5de,5259be17-00c9-4d63-993d-bf5630ae3cac,c5954a39-8ef4-11f1-9b18-005056b2a5de,8
02__MGO__HAO__CAY__75,8934563138165,ACECOOK HẢO HẢO Mì Tôm Chua Cay Gói 75g,Mì Gói,Gói,0.0,5555.5,0.0,5555.667464,23.0,123000.0,127780.351672,2025-11-07T00:00:00,2026-07-25T00:00:00,2026-08-02T00:00:00,2026-08-02T00:00:00,270,10,2,2,cd7d9702-8ef4-11f1-9b18-005056b2a5de,0d72dbc9-99f3-4c92-a057-cc611a7a554b,c5954a39-8ef4-11f1-9b18-005056b2a5de,9
02__MGO__HAO__XTC__75,8934563151157,ACECOOK HẢO HẢO Mì Xào Tôm Chua Ngọt Gói 75g,Mì Gói,Gói,0.0,5555.5,0.0,5555.609756,-18.0,0.0,-100000.975608,2025-11-15T00:00:00,2026-01-10T00:00:00,2026-05-02T00:00:00,2026-05-02T00:00:00,262,206,94,94,cd7e6e36-8ef4-11f1-9b18-005056b2a5de,054f1664-f4ed-4883-a82e-27374588d561,c5954a39-8ef4-11f1-9b18-005056b2a5de,10
02__HGI__NSN__NVG__71,8934563455149,ACECOOK Hủ Tiếu Nam Vang Gói 71g,Hủ Tiếu Gói,Gói,0.0,12963.0,0.0,12185.16,3.0,15000.0,36555.48,2025-11-09T00:00:00,2025-11-09T00:00:00,2026-04-25T00:00:00,2026-04-25T00:00:00,268,268,101,101,cd7fd1ad-8ef4-11f1-9b18-005056b2a5de,f11cae50-fc24-4a35-af30-e82f409bfe86,c5954a39-8ef4-11f1-9b18-005056b2a5de,11
02__MGO__ACE__LTT__81,8934563102166,ACECOOK Mì Lẩu Thái Tôm Gói 81g,Mì Gói,Gói,0.0,11111.0,0.0,10333.910714,42.0,226569.0,434024.249988,2026-03-16T00:00:00,2026-03-16T00:00:00,2026-04-23T00:00:00,2026-04-23T00:00:00,141,141,103,103,cd8054ed-8ef4-11f1-9b18-005056b2a5de,e03347be-661a-499c-8b67-1501de184708,c5954a39-8ef4-11f1-9b18-005056b2a5de,12
02__MNG__PHG__LTT__60,8934563304157,ACECOOK Miến Phú Hương Lẩu Thái Tôm Gói 60g,Miến Gói,Gói,0.0,14815.0,0.0,14550.428571,27.0,269252.0,392861.571417,2025-11-09T00:00:00,2026-07-11T00:00:00,2026-07-27T00:00:00,2026-07-27T00:00:00,268,24,8,8,cd7fc43b-8ef4-11f1-9b18-005056b2a5de,ecf62208-cc73-4609-8f4e-07ad723db987,c5954a39-8ef4-11f1-9b18-005056b2a5de,13
02__MNG__PHG__HEO__55,8934563301156,ACECOOK Miến Phú Hương Sườn Heo Gói 55g,Miến Gói,Gói,0.0,14815.0,0.0,14695.516129,12.0,104026.0,176346.193548,2025-11-09T00:00:00,2026-02-01T00:00:00,2026-07-11T00:00:00,2026-07-11T00:00:00,268,184,24,24,cd7ebeef-8ef4-11f1-9b18-005056b2a5de,8df27c15-ee11-48c8-ace2-3012a2289f72,c5954a39-8ef4-11f1-9b18-005056b2a5de,14
02__MNG__PHG__TBM__55,8934563303150,ACECOOK Miến Phú Hương Thịt Bằm Gói 55g,Miến Gói,Gói,0.0,14815.0,0.0,14540.555556,18.0,158454.0,261730.000008,2025-11-09T00:00:00,2026-02-01T00:00:00,2026-07-26T00:00:00,2026-07-26T00:00:00,268,184,9,9,cd7ee9ee-8ef4-11f1-9b18-005056b2a5de,e58de060-8cfa-4d86-9986-70bad66564bc,c5954a39-8ef4-11f1-9b18-005056b2a5de,15
02__MIL__MOD__LTT__67,8934563619138,ACECOOK MODERN Mì Ly Lẩu Thái Tôm 67g,Mì Ly,Ly,0.0,13889.0,0.0,13229.096085,23.0,3336000.0,304269.209955,2025-11-07T00:00:00,2026-08-02T00:00:00,2026-08-03T00:00:00,2026-08-03T00:00:00,270,2,1,1,cd7d8354-8ef4-11f1-9b18-005056b2a5de,f4df8b62-1088-4f7d-96fb-14f5710a1560,c5954a39-8ef4-11f1-9b18-005056b2a5de,16
02__MIL__MOD__BKY__66,8934563657130,ACECOOK MODERN Xtreme Mì Ly Bò Kay 66g,Mì Ly,Ly,0.0,13889.0,0.0,13046.469388,61.0,1303144.0,795834.632668,2025-11-07T00:00:00,2026-07-01T00:00:00,2026-08-02T00:00:00,2026-08-02T00:00:00,270,34,2,2,cd7e0951-8ef4-11f1-9b18-005056b2a5de,dd07d3b3-e94b-45d7-b533-1a30964694ae,c5954a39-8ef4-11f1-9b18-005056b2a5de,17
02__MIL__MOD__KCI__66,8934563658137,ACECOOK MODERN Xtreme Mì Ly Vị Kim Chi 66g,Mì Ly,Ly,0.0,11111.0,0.0,11111.0,2.0,21387.0,22222.0,2025-11-22T00:00:00,2026-02-01T00:00:00,2026-04-12T00:00:00,2026-04-12T00:00:00,255,184,114,114,cd7fc4ec-8ef4-11f1-9b18-005056b2a5de,adc45ae9-fe89-4ba2-8f73-86088de32378,c5954a39-8ef4-11f1-9b18-005056b2a5de,18
02__HGI__NSN__BKO__75,8934563461140,ACECOOK Nhịp Sống Hủ Tiếu Bò Kho Gói 75g,Hủ Tiếu Gói,Gói,0.0,12963.0,0.0,12345.666667,0.0,0.0,0.0,2025-11-09T00:00:00,2025-12-27T00:00:00,2026-02-21T00:00:00,2026-02-21T00:00:00,268,220,164,164,cd7fd081-8ef4-11f1-9b18-005056b2a5de,a2f62243-01f0-4c01-8db2-78bc63645088,c5954a39-8ef4-11f1-9b18-005056b2a5de,19
02__HGI__NSN__HEO__70,8934563458140,ACECOOK Nhịp Sống Hủ Tiếu Sườn Heo Gói 70g,Hủ Tiếu Gói,Gói,0.0,12963.0,0.0,12796.016393,4.0,29791.0,51184.065572,2025-11-09T00:00:00,2026-03-16T00:00:00,2026-08-02T00:00:00,2026-08-02T00:00:00,268,141,2,2,cd7fd6ac-8ef4-11f1-9b18-005056b2a5de,a490488e-5336-4be9-adb9-553d130c8d5b,c5954a39-8ef4-11f1-9b18-005056b2a5de,20
02__MTO__NHO__LTT__84,8934563506155,ACECOOK NHỚ Mì Lẩu Thái Tô 84g,Mì Tô,Tô,0.0,23148.0,857.142857,17293.783465,32.0,868004.0,553401.07088,2025-11-09T00:00:00,2026-07-25T00:00:00,2026-08-02T00:00:00,2026-08-02T00:00:00,268,10,2,2,cd7dfb0d-8ef4-11f1-9b18-005056b2a5de,fe91d7ff-38f3-43c3-bd7e-31e6b72c5a17,c5954a39-8ef4-11f1-9b18-005056b2a5de,21
02__MNT__NHO__HEO__64,8934563347130,ACECOOK NHỚ Miến Sườn Heo Tô 64g,Miến Tô,Tô,0.0,25926.0,0.0,19265.340909,11.0,155833.0,211918.749999,2025-11-07T00:00:00,2026-07-25T00:00:00,2026-08-01T00:00:00,2026-08-01T00:00:00,270,10,3,3,cd7ebdca-8ef4-11f1-9b18-005056b2a5de,a4da1000-a95b-4c02-a4a7-9e2e836468d1,c5954a39-8ef4-11f1-9b18-005056b2a5de,22
02__PTO__NHO__BOO__74,8934563221157,ACECOOK NHỚ Phở Bò Tô 74g,Phở Tô,Tô,0.0,23148.0,3500.0,19805.4,7.0,314000.0,138637.8,2025-12-06T00:00:00,2026-05-23T00:00:00,2026-08-02T00:00:00,2026-08-02T00:00:00,241,73,2,2,cd7e6c48-8ef4-11f1-9b18-005056b2a5de,d1416c37-3795-4c61-9ba3-f0eef13489bf,c5954a39-8ef4-11f1-9b18-005056b2a5de,23
02__MGO__ACE__GPM__131,8934563116262,ACECOOK SiuKay Gà Xốt Phô Mai Gói 131g,Mì Gói,Gói,0.0,22222.0,0.0,18746.971564,47.0,540000.0,881107.663508,2026-02-11T00:00:00,2026-08-02T00:00:00,2026-08-03T00:00:00,2026-08-03T00:00:00,174,2,1,1,cd7daaa4-8ef4-11f1-9b18-005056b2a5de,e8197731-6182-47d9-a64e-abeccac7eb91,c5954a39-8ef4-11f1-9b18-005056b2a5de,24
02__MGO__SKY__HSN__128,8934563193263,ACECOOK SiuKay Mì Hải Sản Gói 128g*24,Mì Gói,Gói,0.0,22222.0,0.0,17632.228188,28.0,1350000.0,493702.389264,2025-11-07T00:00:00,2026-07-11T00:00:00,2026-08-02T00:00:00,2026-08-02T00:00:00,270,24,2,2,cd7e1269-8ef4-11f1-9b18-005056b2a5de,838fb0fd-2d0c-4bbb-b0c5-9daa4c5a023b,c5954a39-8ef4-11f1-9b18-005056b2a5de,25
ASMTGXPMT901,8934563502195,ACECOOK SiuKay Mì Trộn Gà Xốt Phô Mai Tô 96g,Mì Tô,Tô,0.0,25926.0,0.0,23356.3625,28.0,1324000.0,653978.15,2026-05-31T00:00:00,2026-08-02T00:00:00,2026-08-03T00:00:00,2026-08-03T00:00:00,65,2,1,1,cd7dc53c-8ef4-11f1-9b18-005056b2a5de,be4ebb4b-21fc-49f0-8740-236a6fb090b3,c5954a39-8ef4-11f1-9b18-005056b2a5de,26
02__MTO__SKY__HSN__96,8934563544201,ACECOOK SiuKay Mì Trộn Hải Sản Tô 96g,Mì Tô,Tô,0.0,25926.0,0.0,21414.835517,22.0,1300425.0,471126.381374,2025-11-07T00:00:00,2026-07-25T00:00:00,2026-08-02T00:00:00,2026-08-02T00:00:00,270,10,2,2,cd7dcfd0-8ef4-11f1-9b18-005056b2a5de,fe644aa9-20dc-4bc4-880f-99f2d7a213ef,c5954a39-8ef4-11f1-9b18-005056b2a5de,27
02__MGO__SKY__VBO__128,8934563131258,ACECOOK SiuKay Mì Vị Bò Gói 128g,Mì Gói,Gói,0.0,18519.0,0.0,17940.943262,24.0,270000.0,430582.638288,2025-11-15T00:00:00,2026-03-16T00:00:00,2026-07-09T00:00:00,2026-07-09T00:00:00,262,141,26,26,cd7f9277-8ef4-11f1-9b18-005056b2a5de,575ab54d-71e7-4b6d-af0d-793b1e590237,c5954a39-8ef4-11f1-9b18-005056b2a5de,28
03__CGA__ALA__ORI__26,8938552123033,ALACO Chân Gà R.X Truyền Thống 26g,Chân Gà,Cái,0.0,12963.0,0.0,12376.113326,349.0,3908331.0,4319263.550774,2026-01-01T00:00:00,2026-07-16T00:00:00,2026-08-03T00:00:00,2026-08-03T00:00:00,215,19,1,1,cd7e0fd7-8ef4-11f1-9b18-005056b2a5de,cdfb3e78-caa9-469b-a3f3-8ca45ac64bdc,c5954a39-8ef4-11f1-9b18-005056b2a5de,29
03__CGA__ALA__CNG__26,8938552123040,ALACO Chân Gà Rút Xương Vị Cay Ngọt 26g,Chân Gà,Cái,0.0,12963.0,0.0,12347.057808,148.0,3686672.0,1827364.555584,2026-01-01T00:00:00,2026-07-16T00:00:00,2026-08-03T00:00:00,2026-08-03T00:00:00,215,19,1,1,cd7d7f74-8ef4-11f1-9b18-005056b2a5de,a1b7093f-87d3-469c-806e-4a20921805f4,c5954a39-8ef4-11f1-9b18-005056b2a5de,30
03__CGA__ALA__TCA__35,8938552123057,ALACO Chân Gà Vị Tê Cay 35g,Chân Gà,Cái,0.0,12037.0,0.0,10283.123947,0.0,0.0,0.0,2026-01-01T00:00:00,2026-04-29T00:00:00,2026-06-04T00:00:00,2026-06-04T00:00:00,215,97,61,61,cd7d8647-8ef4-11f1-9b18-005056b2a5de,1f481ef9-bfb0-45ba-a751-f7a12f771333,c5954a39-8ef4-11f1-9b18-005056b2a5de,31
ACGVTC401,8938552123101,ALACO Chân Gà Vị Tê Cay 40g,Chân Gà,Cái,0.0,12963.0,0.0,12952.477273,188.0,2945576.0,2435065.727324,2026-05-31T00:00:00,2026-07-16T00:00:00,2026-08-03T00:00:00,2026-08-03T00:00:00,65,19,1,1,cd7e3871-8ef4-11f1-9b18-005056b2a5de,75403e54-6bbf-4c55-a322-e36524ec53d2,c5954a39-8ef4-11f1-9b18-005056b2a5de,32
ATCNV201,8938552123798,ALACO Trứng Cút Ngũ Vị 24g,trứng cút,Bịch,0.0,11111.0,0.0,11111.0,154.0,1288488.0,1711094.0,2026-05-31T00:00:00,2026-07-16T00:00:00,2026-08-02T00:00:00,2026-08-02T00:00:00,65,19,2,2,cd7df84e-8ef4-11f1-9b18-005056b2a5de,80114511-8724-4195-b722-b0ca2bcb27c9,c5954a39-8ef4-11f1-9b18-005056b2a5de,33
ATCVMN201,8938552123804,ALACO Trứng Cút Vị Muối Nướng 24g,trứng cút,Bịch,0.0,11111.0,0.0,11111.0,204.0,1529999.0,2266644.0,2026-05-31T00:00:00,2026-07-16T00:00:00,2026-07-07T00:00:00,2026-07-07T00:00:00,65,19,28,28,cd804973-8ef4-11f1-9b18-005056b2a5de,52c0f2bb-49b1-414a-8061-ebcc0e02dea0,c5954a39-8ef4-11f1-9b18-005056b2a5de,34
03__KCU__APL__2CH__84,8935001712527,ALPENLIEBE Kẹo 2CHEW Dâu & Nho 84g,Kẹo Cứng,Bịch,0.0,21296.0,0.0,17387.0,0.0,0.0,0.0,,,2025-11-22T00:00:00,2025-11-22T00:00:00,,,255,255,cd8015ea-8ef4-11f1-9b18-005056b2a5de,66cb25ff-3453-48ea-94bb-5e0f4ab531ec,c5954a39-8ef4-11f1-9b18-005056b2a5de,35
AKSC01,8935001704188,ALPENLIEBE Kẹo Sữa Caramen,,Chiếc,0.0,7407.0,0.0,7407.0,30.0,120000.0,222210.0,2026-07-17T00:00:00,2026-07-17T00:00:00,2026-08-01T00:00:00,2026-08-01T00:00:00,18,18,3,3,cd80335f-8ef4-11f1-9b18-005056b2a5de,5d4c084a-d5a8-4329-ae12-9efd71de2b5a,c5954a39-8ef4-11f1-9b18-005056b2a5de,36
AKXMO01,8935001714316,ALPENLIEBE Kẹo Xoài Muối Ớt,,Chiếc,0.0,7407.0,0.0,7407.0,31.0,124000.0,229617.0,2026-07-17T00:00:00,2026-07-17T00:00:00,2026-08-02T00:00:00,2026-08-02T00:00:00,18,18,2,2,cd8059d6-8ef4-11f1-9b18-005056b2a5de,904bf0fa-51b9-46ba-9139-44979853ae2b,c5954a39-8ef4-11f1-9b18-005056b2a5de,37
04__5CU__BFS__BIC__500,7934615008720,B'FAST Bịch Ngũ Cốc 500g,Ngũ Cốc,Bịch,0.0,62963.0,0.0,62268.5,0.0,0.0,0.0,,,2026-03-17T00:00:00,2026-03-17T00:00:00,,,140,140,cd8029d9-8ef4-11f1-9b18-005056b2a5de,fdd879ec-7b96-4d54-9edf-1b2ef21aa8ff,c5954a39-8ef4-11f1-9b18-005056b2a5de,38
04__SHG__BVI__CAM__110,8936223750304,BA VÌ KAKA Sữa Tiệt Trùng Cam 110ml,Sữa Hộp Giấy,Hộp,0.0,5556.0,0.0,5555.6,38.0,132696.0,211112.8,2026-02-09T00:00:00,2026-02-09T00:00:00,2026-01-22T00:00:00,2026-01-22T00:00:00,176,176,194,194,cd7fb539-8ef4-11f1-9b18-005056b2a5de,bc134c1a-aa43-4a4e-bc81-5677c5ee2ad8,c5954a39-8ef4-11f1-9b18-005056b2a5de,39
04__SHG__BVI__CAM__170,8936223750120,BA VÌ KAKA Sữa Tiệt Trùng Cam 170ml,Sữa Hộp Giấy,Hộp,0.0,8333.5,0.0,8333.325,10.0,61880.0,83333.25,,,2026-05-03T00:00:00,2026-05-03T00:00:00,,,93,93,cd7f242f-8ef4-11f1-9b18-005056b2a5de,5f81201d-5e73-4c36-ae81-5458525dd23d,c5954a39-8ef4-11f1-9b18-005056b2a5de,40
04__SHG__BVI__DAU__110,8938501171023,BA VÌ KAKA Sữa Trái Cây Dâu 110ml,Sữa Hộp Giấy,Hộp,0.0,5555.5,0.0,5555.541667,0.0,0.0,0.0,2025-11-09T00:00:00,2025-11-09T00:00:00,2026-03-17T00:00:00,2026-03-17T00:00:00,268,268,140,140,cd7fdfe5-8ef4-11f1-9b18-005056b2a5de,999d39cc-e46d-4de7-a538-027e0a107af1,c5954a39-8ef4-11f1-9b18-005056b2a5de,41
04__SHG__BVI__DAU__170,8936223750137,BA VÌ KAKA Sữa Trái Cây Dâu 170ml,Sữa Hộp Giấy,Hộp,0.0,8333.0,0.0,8333.28,0.0,0.0,0.0,,,2026-03-16T00:00:00,2026-03-16T00:00:00,,,141,141,cd7ed193-8ef4-11f1-9b18-005056b2a5de,eea5bfb3-16ad-4bd1-8156-8131e0373683,c5954a39-8ef4-11f1-9b18-005056b2a5de,42
04__SHG__BVI__TCY__110,8938501170972,BA VÌ KAKA Sữa Trái Cây Nhiệt Đới Hộp 110ml,Sữa Hộp Giấy,Hộp,0.0,5555.5,0.0,5555.5,0.0,0.0,0.0,,,2025-12-10T00:00:00,2025-12-10T00:00:00,,,237,237,cd7f349a-8ef4-11f1-9b18-005056b2a5de,ee13a667-af95-4d17-84bd-4005826bfb72,c5954a39-8ef4-11f1-9b18-005056b2a5de,43
04__SAN__BVI__CDG__100,8938501170071,BA VÌ Sữa Chua Có Đường Hộp 100g,Sữa Chua Ăn,Hộp,0.0,6481.0,0.0,6481.333333,35.0,167545.0,226846.666655,,,2025-11-21T00:00:00,2025-11-21T00:00:00,,,256,256,cd8027af-8ef4-11f1-9b18-005056b2a5de,2d69dc02-ac07-493c-8ad3-66feebbe9583,c5954a39-8ef4-11f1-9b18-005056b2a5de,44
04__SAN__BVI__KDG__100,8936223750175,BA VÌ Sữa Chua Không Đường 100g,Sữa Chua Ăn,Hộp,0.0,6481.5,0.0,6481.5,48.0,270000.0,311112.0,,,2025-11-04T00:00:00,2025-11-04T00:00:00,,,273,273,cd802b92-8ef4-11f1-9b18-005056b2a5de,3eafb481-6115-41d8-9b2a-b431dc329475,c5954a39-8ef4-11f1-9b18-005056b2a5de,45
04__SAN__BVI__NDM__100,8938501170477,BA VÌ Sữa Chua Nha Đam 100g,Sữa Chua Ăn,Hộp,0.0,6481.5,0.0,6481.315789,18.0,82521.0,116663.684202,2025-11-09T00:00:00,2025-11-09T00:00:00,2025-12-02T00:00:00,2025-12-02T00:00:00,268,268,245,245,cd801ea3-8ef4-11f1-9b18-005056b2a5de,45b21ab4-14d8-41e9-892a-07f96b70aad5,c5954a39-8ef4-11f1-9b18-005056b2a5de,46
04__SAN__BVI__PMI__100,8938501170675,BA VÌ Sữa Chua Phô Mai Hộp 70g,Sữa Chua Ăn,Hộp,0.0,7407.5,0.0,7407.354839,49.0,101977.0,362960.387111,2025-11-01T00:00:00,2025-11-09T00:00:00,2025-11-29T00:00:00,2025-11-29T00:00:00,276,268,248,248,cd7fe7f9-8ef4-11f1-9b18-005056b2a5de,cd1ee2ea-095b-4a16-8238-1192fdd8413e,c5954a39-8ef4-11f1-9b18-005056b2a5de,47
12__GBT__MIR__DOK__1,6923388230637,Bài Tây Double K MIRA,,Hộp,0.0,9259.0,0.0,9259.229167,4.0,0.0,37036.916668,2025-11-10T00:00:00,2025-11-10T00:00:00,2026-05-29T00:00:00,2026-05-29T00:00:00,267,267,67,67,cd7ff226-8ef4-11f1-9b18-005056b2a5de,503fc3d4-ad6f-4617-a836-ce41a8decffb,c5954a39-8ef4-11f1-9b18-005056b2a5de,48
03__SKH__BAF__CAN__45,8938529066516,BATRAFOOD BT Khô Cá Nướng Fishi 45g,Snack Khác,Bịch,0.0,18519.0,0.0,16082.105263,2.0,4429.0,32164.210526,2025-11-01T00:00:00,2026-05-20T00:00:00,2026-07-13T00:00:00,2026-07-13T00:00:00,276,76,22,22,cd7f8eb0-8ef4-11f1-9b18-005056b2a5de,26334272-5951-443f-b8c3-f49b5cd000d9,c5954a39-8ef4-11f1-9b18-005056b2a5de,49
03__SKH__BAF__MUC__45,8938529066509,BATRAFOOD BT Khô Mực Nướng SquiDy 45g,Snack Khác,Bịch,0.0,14815.0,0.0,14815.0,0.0,0.0,0.0,2025-11-01T00:00:00,2025-11-01T00:00:00,2026-02-19T00:00:00,2026-02-19T00:00:00,276,276,166,166,cd80059b-8ef4-11f1-9b18-005056b2a5de,7e7e8d3c-5fed-4643-ae3b-77c22acf189f,c5954a39-8ef4-11f1-9b18-005056b2a5de,50
03__SKH__BAF__TOI__45,8938529066363,BATRAFOOD BT Nướng Mắm Tỏi Ori 45g,Snack Khác,Bịch,0.0,14815.0,0.0,14815.0,1.0,0.0,14815.0,2025-11-01T00:00:00,2026-03-06T00:00:00,2026-05-13T00:00:00,2026-05-13T00:00:00,276,151,83,83,cd7fe484-8ef4-11f1-9b18-005056b2a5de,b3edf433-0406-49cd-9c51-0ff0f5234e9f,c5954a39-8ef4-11f1-9b18-005056b2a5de,51
BBNPGC101,8938529066073,BATRAFOOD BT Nướng Phủ Gà Cay 140g,,Bịch,0.0,50000.0,0.0,50000.0,31.0,682000.0,1550000.0,2026-06-29T00:00:00,2026-06-29T00:00:00,2026-08-02T00:00:00,2026-08-02T00:00:00,36,36,2,2,cd7e92ee-8ef4-11f1-9b18-005056b2a5de,45cfce04-5c0e-46b6-b2c2-c90cf33c7e97,c5954a39-8ef4-11f1-9b18-005056b2a5de,52
03__SKH__BAF__GCY__45,8938529066165,BATRAFOOD BT Nướng Phủ Gà Cay Chycky 45g,Snack Khác,Bịch,0.0,14815.0,0.0,14815.0,1.0,0.0,14815.0,2025-11-01T00:00:00,2026-03-06T00:00:00,2026-05-15T00:00:00,2026-05-15T00:00:00,276,151,81,81,cd7f514f-8ef4-11f1-9b18-005056b2a5de,019e96de-6c3a-47d9-a1a3-2a195e84b8b4,c5954a39-8ef4-11f1-9b18-005056b2a5de,53
03__SKH__BAF__TOM__45,8938529066172,BATRAFOOD BT Nướng Sốt Tôm Cay Tik Tik 45g,Snack Khác,Bịch,0.0,18519.0,0.0,15325.87931,0.0,0.0,0.0,2025-11-01T00:00:00,2026-03-06T00:00:00,2026-06-25T00:00:00,2026-06-25T00:00:00,276,151,40,40,cd7ffd87-8ef4-11f1-9b18-005056b2a5de,214459f1-354a-4593-8b44-a88b05373ab2,c5954a39-8ef4-11f1-9b18-005056b2a5de,54
03__SKH__BAF__PMI__30,8938529066875,BATRAFOOD BT Trộn Phô Mai,Snack Khác,Bịch,0.0,18519.0,0.0,12820.487179,35.0,182296.0,448717.051265,2026-03-06T00:00:00,2026-06-29T00:00:00,2026-08-01T00:00:00,2026-08-01T00:00:00,151,36,3,3,cd7edb0e-8ef4-11f1-9b18-005056b2a5de,fea3d1d0-4a2e-44b2-aed6-4ef48a5936f0,c5954a39-8ef4-11f1-9b18-005056b2a5de,55
03__SKH__BAF__RGB__30,8938529066776,BATRAFOOD BT Trộn Rong Biển Gà Cay 30g,Snack Khác,Bịch,0.0,9259.0,0.0,9259.102941,45.0,204550.0,416659.632345,2025-12-17T00:00:00,2026-06-29T00:00:00,2026-08-01T00:00:00,2026-08-01T00:00:00,230,36,3,3,cd7ea7ec-8ef4-11f1-9b18-005056b2a5de,905b8ebe-b744-4502-918d-fee684b32d1a,c5954a39-8ef4-11f1-9b18-005056b2a5de,56
03__SKH__BAF__BOO__30,8938529066844,BATRAFOOD BT Trộn Sa Tế Bò 25g,Snack Khác,Bịch,0.0,9259.0,0.0,9259.121547,29.0,89040.0,268514.524863,2025-11-22T00:00:00,2026-06-29T00:00:00,2026-08-02T00:00:00,2026-08-02T00:00:00,255,36,2,2,cd7fb0b7-8ef4-11f1-9b18-005056b2a5de,49ea87fb-2c57-483e-a96a-0ba8a26cfe72,c5954a39-8ef4-11f1-9b18-005056b2a5de,57
03__SKH__BAF__TMHK__30,8938529066882,BATRAFOOD BT Trộn Trứng Muối Hoàng Kim,Snack Khác,Bịch,0.0,9259.0,0.0,9259.029412,42.0,198113.0,388879.235304,2026-03-06T00:00:00,2026-06-29T00:00:00,2026-08-02T00:00:00,2026-08-02T00:00:00,151,36,2,2,cd7eb713-8ef4-11f1-9b18-005056b2a5de,e9bbbab7-e414-4be4-aa3a-fb9058e82b09,c5954a39-8ef4-11f1-9b18-005056b2a5de,58
03__SKH__BAF__XAH__30,8938529066868,BATRAFOOD BT Trộn Xoài Xanh Muối Ớt 30g,Snack Khác,Bịch,0.0,9259.0,0.0,9259.064516,1.0,0.0,9259.064516,2026-06-29T00:00:00,2026-06-29T00:00:00,2026-07-04T00:00:00,2026-07-04T00:00:00,36,36,31,31,cd805e7f-8ef4-11f1-9b18-005056b2a5de,946bed0b-8944-45cf-90e1-e6b10ec44d5f,c5954a39-8ef4-11f1-9b18-005056b2a5de,59
03__SKH__BEN__CDO__22,8935342400480,BENTO Max Extreme Snack Hải Sản Cay Ngọt Đỏ 22g,Snack Khác,Bịch,0.0,25926.0,1292.307692,28352.128492,42.0,1980008.0,1190789.396664,2025-11-14T00:00:00,2026-07-20T00:00:00,2026-08-03T00:00:00,2026-08-03T00:00:00,263,15,1,1,cd7dfeed-8ef4-11f1-9b18-005056b2a5de,b85caea4-78e1-47eb-8bbf-1cdb117f50f4,c5954a39-8ef4-11f1-9b18-005056b2a5de,60
03__SKH__BEN__XAH__22,8935342400510,BENTO Max Extreme Snack Hải Sản Cay Nồng Xanh Dương 22g,Snack Khác,Bịch,0.0,25926.0,1846.153846,28486.855469,27.0,1080000.0,769145.097663,2025-11-14T00:00:00,2026-06-22T00:00:00,2026-08-02T00:00:00,2026-08-02T00:00:00,263,43,2,2,cd7d9d98-8ef4-11f1-9b18-005056b2a5de,7009b15d-379b-4d65-894c-44ae04f1e94f,c5954a39-8ef4-11f1-9b18-005056b2a5de,61
03__SKH__BEN__MEX__20,8850157403283,BENTO Snack Hải Sản Tẩm Vị Mexican 20g,Snack Khác,Bịch,0.0,33333.0,0.0,33333.083333,0.0,0.0,0.0,,,2025-11-19T00:00:00,2025-11-19T00:00:00,,,258,258,cd801cdd-8ef4-11f1-9b18-005056b2a5de,96c51514-c87c-4f94-bd74-ab5ff2306abb,c5954a39-8ef4-11f1-9b18-005056b2a5de,62
03__SKH__BEN__DEN__18,8850157402231,BENTO Snack Hải Sản Vị Ớt Cực Cay Đen 18g,Snack Khác,Bịch,0.0,27778.0,2800.0,29263.42246,2.0,540000.0,58526.84492,2025-11-14T00:00:00,2026-05-31T00:00:00,2026-07-11T00:00:00,2026-07-11T00:00:00,263,65,24,24,cd7e7f6c-8ef4-11f1-9b18-005056b2a5de,c4ba4f0b-f5de-47d6-8c88-67ba62f91f35,c5954a39-8ef4-11f1-9b18-005056b2a5de,63
04__SUO__BEN__CAM__300,8850393991926,BETAGEN Sữa Chua Uống Hương Cam 300ml,Sữa Chua Uống,Chai,0.0,25926.0,2345.844612,24439.281407,12.0,252732.0,293271.376884,2025-11-04T00:00:00,2026-07-26T00:00:00,2026-08-02T00:00:00,2026-08-02T00:00:00,273,9,2,2,cd7db344-8ef4-11f1-9b18-005056b2a5de,1fe8d91a-1f42-47f8-8828-2d17299c49d2,c5954a39-8ef4-11f1-9b18-005056b2a5de,64
04__SUO__BEN__DAU__300,8850393801379,BETAGEN Sữa Chua Uống Hương Dâu 300ml,Sữa Chua Uống,Chai,0.0,25926.0,2111.731844,24321.123167,19.0,342646.0,462101.340173,2025-11-04T00:00:00,2026-07-26T00:00:00,2026-08-02T00:00:00,2026-08-02T00:00:00,273,9,2,2,cd7dfd00-8ef4-11f1-9b18-005056b2a5de,1c33c6e2-cf52-4b21-9138-f77f86eca992,c5954a39-8ef4-11f1-9b18-005056b2a5de,65
04__SUO__BEN__DUA__300,8850393800679,BETAGEN Sữa Chua Uống Hương Dứa 300ml,Sữa Chua Uống,Chai,0.0,25926.0,2070.28754,24583.610738,14.0,254016.0,344170.550332,2025-12-13T00:00:00,2026-07-26T00:00:00,2026-08-03T00:00:00,2026-08-03T00:00:00,234,9,1,1,cd7e4951-8ef4-11f1-9b18-005056b2a5de,26c60b00-78bd-4ecc-b2f1-94e14b3970ce,c5954a39-8ef4-11f1-9b18-005056b2a5de,66
04__SUO__BEN__IDG__300,8850393800440,BETAGEN Sữa Chua Uống Ít Đường 300ml,Sữa Chua Uống,Chai,0.0,25926.0,2538.461538,24434.673961,6.0,107532.0,146608.043766,2025-11-04T00:00:00,2026-07-26T00:00:00,2026-08-02T00:00:00,2026-08-02T00:00:00,273,9,2,2,cd7e16b0-8ef4-11f1-9b18-005056b2a5de,349ee124-26bd-4e49-bd97-cdd3a59266ec,c5954a39-8ef4-11f1-9b18-005056b2a5de,67
03__KCU__BIB__HME__70,8934609412136,BIBICA Migita Kẹo Hương Me 70g,Kẹo Cứng,Bịch,0.0,11111.0,0.0,11111.0,1.0,3287.0,11111.0,2025-11-09T00:00:00,2025-11-09T00:00:00,2026-05-18T00:00:00,2026-05-18T00:00:00,268,268,78,78,cd8006e8-8ef4-11f1-9b18-005056b2a5de,f6ef52a6-97de-4304-be35-f2fa308a70be,c5954a39-8ef4-11f1-9b18-005056b2a5de,68
02__DMD__BIB__BCH__250,8934717402159,BIBIGO Mandu Hải Sản Bịch 250g,Đồ Đông Lạnh,Bịch,0.0,42592.5,0.0,42592.8,0.0,0.0,0.0,2025-11-18T00:00:00,2025-11-18T00:00:00,2025-12-26T00:00:00,2025-12-26T00:00:00,259,259,221,221,cd7fd4c9-8ef4-11f1-9b18-005056b2a5de,cedb1ce4-4b42-4083-8f93-96e94894b219,c5954a39-8ef4-11f1-9b18-005056b2a5de,69
04__SHG__BIN__CHU__200,769828221591,BINGGRAE Sữa Chuối Hộp 200ml,Sữa Hộp Giấy,Hộp,0.0,25926.0,2900.0,23635.736655,5.0,84912.0,118178.683275,2025-11-27T00:00:00,2026-06-22T00:00:00,2026-08-02T00:00:00,2026-08-02T00:00:00,250,43,2,2,cd7dc68a-8ef4-11f1-9b18-005056b2a5de,47807abb-3249-438d-abb5-312f98caf291,c5954a39-8ef4-11f1-9b18-005056b2a5de,70
04__SHG__BIN__DLI__200,8801104940146,BINGGRAE Sữa Dưa Lưới Hộp 200ml,Sữa Hộp Giấy,Hộp,0.0,25926.0,4142.857143,23661.760274,18.0,800000.0,425911.684932,2025-11-27T00:00:00,2026-06-12T00:00:00,2026-07-30T00:00:00,2026-07-30T00:00:00,250,53,5,5,cd7e4a37-8ef4-11f1-9b18-005056b2a5de,7720427f-a87a-4604-9acd-0d46ae429922,c5954a39-8ef4-11f1-9b18-005056b2a5de,71
04__SHG__BIN__HDE__200,8801104945974,BINGGRAE Sữa Hạt Dẻ Hộp 200ml,Sữa Hộp Giấy,Hộp,0.0,25926.0,0.0,25115.75,32.0,520000.0,803704.0,2026-05-18T00:00:00,2026-06-30T00:00:00,2026-07-25T00:00:00,2026-07-25T00:00:00,78,35,10,10,cd7f5620-8ef4-11f1-9b18-005056b2a5de,6385f5af-f735-436d-b91a-4d62b1aa8e43,c5954a39-8ef4-11f1-9b18-005056b2a5de,72
04__SHG__BIN__KMN__200,769828940300,BINGGRAE Sữa Khoai Môn Hộp 200ml,Sữa Hộp Giấy,Hộp,0.0,25926.0,0.0,24867.714286,34.0,555306.0,845502.285724,2026-05-18T00:00:00,2026-06-30T00:00:00,2026-08-02T00:00:00,2026-08-02T00:00:00,78,35,2,2,cd805dc5-8ef4-11f1-9b18-005056b2a5de,418cd687-43ef-4756-ba2d-7a746db6a96a,c5954a39-8ef4-11f1-9b18-005056b2a5de,73
03__SKH__BTZ__DO__18,8936000750589,BITEEZ Cá Tẩm Vị Mực Cay Đậm Đà Đỏ 18g,Snack Khác,Bịch,0.0,32407.0,0.0,32407.0,0.0,0.0,0.0,,,2025-11-11T00:00:00,2025-11-11T00:00:00,,,266,266,cd8017cb-8ef4-11f1-9b18-005056b2a5de,1a0e7874-d420-4478-8da2-7ad1e1913fbd,c5954a39-8ef4-11f1-9b18-005056b2a5de,74
01__BLO__BUD__LON__250,8936094291500,BUDWEISER Bia Lon 250ml,Bia Lon,Lon,0.0,20000.0,0.0,20000.0,11.0,970408.0,220000.0,2026-01-07T00:00:00,2026-07-17T00:00:00,2026-07-30T00:00:00,2026-07-30T00:00:00,209,18,5,5,cd7db917-8ef4-11f1-9b18-005056b2a5de,980e2373-eba1-4c90-8a9b-568c576f3f2c,c5954a39-8ef4-11f1-9b18-005056b2a5de,75
01__NBD__CVI__CAM__140,8851123237031,C-VITT Nước Cam Vitamin 140ml,Nước Bù Điện Giải,Chai,0.0,25455.0,2458.0,20736.819048,31.0,556000.0,642841.390488,2025-10-28T00:00:00,2026-07-17T00:00:00,2026-07-28T00:00:00,2026-07-28T00:00:00,280,18,7,7,cd7dc1a1-8ef4-11f1-9b18-005056b2a5de,69d1bcb3-ea0b-4c1c-b116-9f4d1baa5dad,c5954a39-8ef4-11f1-9b18-005056b2a5de,76
01__NBD__CVI__CHH__140,8851123237000,C-VITT Nước Chanh Vitamin 140ml,Nước Bù Điện Giải,Chai,0.0,25455.0,3297.317073,20882.614458,35.0,684174.0,730891.50603,2025-10-28T00:00:00,2026-07-17T00:00:00,2026-08-01T00:00:00,2026-08-01T00:00:00,280,18,3,3,cd7e9ae5-8ef4-11f1-9b18-005056b2a5de,acdf31d4-3ac2-4031-bffb-36afbfe74795,c5954a39-8ef4-11f1-9b18-005056b2a5de,77
01__NBD__CVI__LUU__140,8851123237062,C-VITT Nước Hương Lựu 140ml,Nước Bù Điện Giải,Chai,0.0,25926.0,0.0,25926.0,8.0,140000.0,207408.0,2026-04-04T00:00:00,2026-07-17T00:00:00,2026-07-28T00:00:00,2026-07-28T00:00:00,122,18,7,7,cd80511d-8ef4-11f1-9b18-005056b2a5de,5083211d-c80d-4515-a97d-43f77116c3c0,c5954a39-8ef4-11f1-9b18-005056b2a5de,78
01__BLO__CAR__LON__330,8934692020218,CARLSBERG Bia Lon 330ml,Bia Lon,Lon,0.0,23636.5,0.0,28099.069182,8.0,370000.0,224792.553456,2025-11-27T00:00:00,2026-06-09T00:00:00,2026-07-31T00:00:00,2026-07-31T00:00:00,250,56,4,4,cd7e48ad-8ef4-11f1-9b18-005056b2a5de,a218506b-981c-40c4-b958-05d2c459f168,c5954a39-8ef4-11f1-9b18-005056b2a5de,79
02__DBV__CTR__BCH__500,8934717371349,CẦU TRE Bò Viên Ngon Bịch 500g,Đồ Đông Lạnh,Bịch,0.0,95370.0,0.0,95370.0,2.0,144210.0,190740.0,2025-11-18T00:00:00,2025-11-18T00:00:00,2026-06-29T00:00:00,2026-06-29T00:00:00,259,259,36,36,cd7fdadf-8ef4-11f1-9b18-005056b2a5de,a863bd58-8bf4-400e-9a51-45679d08cf4c,c5954a39-8ef4-11f1-9b18-005056b2a5de,80
02__DCV__CTR__BCH__500,8934717421525,CẦU TRE Cá Viên Ngon Bịch 500g,Đồ Đông Lạnh,Bịch,0.0,59259.0,0.0,59259.0,4.0,178212.0,237036.0,2025-11-18T00:00:00,2025-11-18T00:00:00,2026-04-02T00:00:00,2026-04-02T00:00:00,259,259,124,124,cd80119d-8ef4-11f1-9b18-005056b2a5de,bd3b0309-2aac-44fd-85fc-9b428728e726,c5954a39-8ef4-11f1-9b18-005056b2a5de,81
02__DCG__CTR__BCH__500,8934717261015,CẦU TRE Chả Giò Bánh Tráng Thịt Bịch 500g,Đồ Đông Lạnh,Bịch,0.0,64815.0,0.0,64815.0,5.0,0.0,324075.0,2025-11-18T00:00:00,2025-11-18T00:00:00,2026-01-18T00:00:00,2026-01-18T00:00:00,259,259,198,198,cd7ffa74-8ef4-11f1-9b18-005056b2a5de,d8fa4db7-dfb7-4466-89e8-2f021f25e970,c5954a39-8ef4-11f1-9b18-005056b2a5de,82
02__DCG__CTR__TTH__400,8934717264474,CẦU TRE Chả Giò Da Xốp Tôm Thịt Bịch 400g,Đồ Đông Lạnh,Bịch,0.0,85185.0,0.0,85185.0,2.0,128890.0,170370.0,2025-11-18T00:00:00,2025-11-18T00:00:00,2026-02-18T00:00:00,2026-02-18T00:00:00,259,259,167,167,cd800292-8ef4-11f1-9b18-005056b2a5de,39af18c8-497b-457b-851f-68b9c7f3cb7a,c5954a39-8ef4-11f1-9b18-005056b2a5de,83
02__DHC__CTR__THI__500,8934717271021,CẦU TRE Há Cảo Thịt Bịch 500g,Đồ Đông Lạnh,Bịch,0.0,64815.0,0.0,64815.0,3.0,144522.0,194445.0,2025-11-18T00:00:00,2026-02-13T00:00:00,2026-06-29T00:00:00,2026-06-29T00:00:00,259,172,36,36,cd7ff4ae-8ef4-11f1-9b18-005056b2a5de,e85a6d05-f6da-4c36-bdf8-54a9c0adb181,c5954a39-8ef4-11f1-9b18-005056b2a5de,84
02__DXM__CTR__THI__500,8934717351013,CẦU TRE Xíu Mại Thịt Bịch 500g,Đồ Đông Lạnh,Bịch,0.0,87963.0,0.0,87963.0,1.0,66505.0,87963.0,2025-11-18T00:00:00,2025-11-18T00:00:00,2026-01-17T00:00:00,2026-01-17T00:00:00,259,259,199,199,cd8001ed-8ef4-11f1-9b18-005056b2a5de,2144a4d4-9805-49ee-aef3-75e8168d0f92,c5954a39-8ef4-11f1-9b18-005056b2a5de,85
02__DXX__CTR__BCH__500,8934717600692,CẦU TRE Xúc Xích Khỏe Bịch 500g,Đồ Đông Lạnh,Bịch,0.0,69444.5,0.0,69444.2,2.0,0.0,138888.4,2025-11-18T00:00:00,2025-12-21T00:00:00,2026-02-16T00:00:00,2026-02-16T00:00:00,259,226,169,169,cd7fdb8a-8ef4-11f1-9b18-005056b2a5de,9cb71a01-fdbd-4d29-8a37-3062b228e0f0,c5954a39-8ef4-11f1-9b18-005056b2a5de,86
14__KEB__CEL__SLM__70,8936011772235,CELANO Kem Bánh Cá Socola Lúa Mạch 70g,Kem Bánh,Cái,0.0,27778.0,0.0,24612.763636,1.0,20600.0,24612.763636,2025-11-14T00:00:00,2026-06-23T00:00:00,2026-07-14T00:00:00,2026-07-14T00:00:00,263,42,21,21,cd7e139a-8ef4-11f1-9b18-005056b2a5de,98b202de-8f62-4429-96ed-e71dbc6811db,c5954a39-8ef4-11f1-9b18-005056b2a5de,87
14__KEB__CEL__KTC__70,8936011773942,CELANO Kem Bánh Cá Trà Sữa Khoai Môn 70g,Kem Bánh,Cái,0.0,27778.0,0.0,24074.0,7.0,119817.0,168518.0,2025-11-14T00:00:00,2026-06-23T00:00:00,2026-08-01T00:00:00,2026-08-01T00:00:00,263,42,3,3,cd7e8e9e-8ef4-11f1-9b18-005056b2a5de,498eb6ff-58e5-4a68-8ad9-aa6a92764bad,c5954a39-8ef4-11f1-9b18-005056b2a5de,88
14__KEB__CEL__TTC__70,8936011773959,CELANO Kem Bánh Cá Trà Sữa Trân Châu 70g,Kem Bánh,Cái,0.0,27778.0,0.0,23524.8,0.0,0.0,0.0,2025-11-09T00:00:00,2026-06-06T00:00:00,2026-06-29T00:00:00,2026-06-29T00:00:00,268,59,36,36,cd7e1bb7-8ef4-11f1-9b18-005056b2a5de,43d2fa74-200d-427b-a51c-791f825abafd,c5954a39-8ef4-11f1-9b18-005056b2a5de,89
14__KEB__CEL__VDD__70,8936011773997,CELANO Kem Bánh Cá Vani Đậu Đỏ 70g,Kem Bánh,Cái,0.0,27778.0,0.0,24666.64,17.0,291692.0,419332.88,2025-11-14T00:00:00,2026-07-29T00:00:00,2026-08-02T00:00:00,2026-08-02T00:00:00,263,6,2,2,cd7df1a3-8ef4-11f1-9b18-005056b2a5de,0c12fcb2-cfb5-4cc3-9730-db390384ed6d,c5954a39-8ef4-11f1-9b18-005056b2a5de,90
14__KEH__CEL__DAU__213,8936011776714,CELANO Kem Hộp Dâu 213g,Kem Hộp,Hộp,0.0,72222.0,0.0,72222.0,0.0,0.0,0.0,,,2025-12-10T00:00:00,2025-12-10T00:00:00,,,237,237,cd7e12f6-8ef4-11f1-9b18-005056b2a5de,96d731df-ff57-4cd3-ae1e-e23fbd1cb6a6,c5954a39-8ef4-11f1-9b18-005056b2a5de,91
14__KEH__CEL__DAU__65,8936011771313,CELANO Kem Hộp Dâu 65g,Kem Hộp,Cái,0.0,27777.666667,0.0,27777.958333,10.0,207428.0,277779.58333,2025-12-17T00:00:00,2026-07-03T00:00:00,2026-08-02T00:00:00,2026-08-02T00:00:00,230,32,2,2,cd7df247-8ef4-11f1-9b18-005056b2a5de,028b93df-959c-4fa8-af88-42e865750e7d,c5954a39-8ef4-11f1-9b18-005056b2a5de,92
14__KEH__CEL__SHN__213,8936011776707,CELANO Kem Hộp Socola Hạnh Nhân 213g,Kem Hộp,Hộp,0.0,72222.0,0.0,72222.0,0.0,0.0,0.0,,,2025-11-29T00:00:00,2025-11-29T00:00:00,,,248,248,cd7f73c1-8ef4-11f1-9b18-005056b2a5de,3166736d-f99c-49cf-aeba-4096f2326718,c5954a39-8ef4-11f1-9b18-005056b2a5de,93
14__KEH__CEL__SHN__65,8936011771306,CELANO Kem Hộp Socola Hạnh Nhân 65g,Kem Hộp,Cái,0.0,27778.0,0.0,27777.986486,15.0,311620.0,416669.79729,2025-11-14T00:00:00,2026-07-11T00:00:00,2026-08-02T00:00:00,2026-08-02T00:00:00,263,24,2,2,cd7e4195-8ef4-11f1-9b18-005056b2a5de,90ad6e7e-306a-43d3-bc12-17b13d1672d1,c5954a39-8ef4-11f1-9b18-005056b2a5de,94
14__KEO__CEL__CPM__66,8936011772198,CELANO Kem Ốc Caramel Phomai 66g,Kem Ốc,Cái,0.0,22222.0,0.0,22222.0,0.0,0.0,0.0,2025-11-09T00:00:00,2026-04-15T00:00:00,2026-06-04T00:00:00,2026-06-04T00:00:00,268,111,61,61,cd7fd606-8ef4-11f1-9b18-005056b2a5de,a3c00708-e0ce-48ff-a72d-868e88838701,c5954a39-8ef4-11f1-9b18-005056b2a5de,95
14__KEO__CEL__DAU__66,8936011771153,CELANO Kem Ốc Quế Cone Dâu Vani 66g,Kem Ốc,Cái,0.0,25926.0,0.0,23481.819767,22.0,322000.0,516600.034874,2025-11-14T00:00:00,2026-07-29T00:00:00,2026-07-30T00:00:00,2026-07-30T00:00:00,263,6,5,5,cd7d9348-8ef4-11f1-9b18-005056b2a5de,f71f9dba-7d11-4b07-bc10-58ac9dd305b3,c5954a39-8ef4-11f1-9b18-005056b2a5de,96
14__KEO__CEL__HDE__66,8936011771221,CELANO Kem Ốc Quế Cone Hạt Dẻ Cười 66g,Kem Ốc,Cái,0.0,25926.0,0.0,23760.584615,26.0,363510.0,617775.19999,2026-03-16T00:00:00,2026-07-29T00:00:00,2026-07-23T00:00:00,2026-07-23T00:00:00,141,6,12,12,cd7eaa6f-8ef4-11f1-9b18-005056b2a5de,5067f48b-981b-43fa-8689-c573189e7ea4,c5954a39-8ef4-11f1-9b18-005056b2a5de,97
14__KEO__CEL__SVA__66,8936011771177,CELANO Kem Ốc Quế Cone Socola Vani 66g,Kem Ốc,Cái,0.0,25926.0,0.0,22614.863636,26.0,97681.0,587986.454536,2025-11-14T00:00:00,2026-07-29T00:00:00,2026-07-30T00:00:00,2026-07-30T00:00:00,263,6,5,5,cd7e04ba-8ef4-11f1-9b18-005056b2a5de,e24fd4d5-f7f8-48cd-ab09-811a2ce13a0f,c5954a39-8ef4-11f1-9b18-005056b2a5de,98
14__KEO__CEL__VAN__66,8936011771023,CELANO Kem Ốc Quế Cone Vani 66g,Kem Ốc,Cái,0.0,25926.0,0.0,23338.342466,9.0,90053.0,210045.082194,2025-11-09T00:00:00,2026-05-28T00:00:00,2026-08-02T00:00:00,2026-08-02T00:00:00,268,68,2,2,cd7e107c-8ef4-11f1-9b18-005056b2a5de,34c3d5e3-b223-43ed-a166-eccb4dccda63,c5954a39-8ef4-11f1-9b18-005056b2a5de,99
14__KEQ__CEL__CVA__53,8936011771504,CELANO Kem Que Caramel Vani 53g,Kem Que,Cái,0.0,25926.0,0.0,23696.040816,15.0,256636.0,355440.61224,2026-01-30T00:00:00,2026-07-11T00:00:00,2026-08-01T00:00:00,2026-08-01T00:00:00,186,24,3,3,cd7e539c-8ef4-11f1-9b18-005056b2a5de,37b1aac6-ccb5-4d54-981f-d97729dfc8ee,c5954a39-8ef4-11f1-9b18-005056b2a5de,100
14__KEQ__CEL__SHN__53,8936011771511,CELANO Kem Que Socola Hạnh Nhân 53g,Kem Que,Cái,0.0,25926.0,0.0,23731.042328,26.0,441603.0,617007.100528,2025-11-14T00:00:00,2026-07-29T00:00:00,2026-07-30T00:00:00,2026-07-30T00:00:00,263,6,5,5,cd7d9e5c-8ef4-11f1-9b18-005056b2a5de,b9bd6357-f019-4d5d-8090-3c60031af32f,c5954a39-8ef4-11f1-9b18-005056b2a5de,101
14__KEQ__CEL__STC__65,8936011773409,CELANO Kem Que Sữa Tươi Trân Châu Đường Đen 65g,Kem Que,Cái,0.0,25926.0,0.0,23491.957143,18.0,278343.0,422855.228574,2025-11-14T00:00:00,2026-07-11T00:00:00,2026-07-28T00:00:00,2026-07-28T00:00:00,263,24,7,7,cd7e8ba7-8ef4-11f1-9b18-005056b2a5de,47b36e1d-f107-4a7c-9bd0-138be768ab69,c5954a39-8ef4-11f1-9b18-005056b2a5de,102
14__KEQ__CEL__TCS__75,8936011772419,CELANO Kem Que Trân Châu Sữa Dừa 75g,Kem Que,Cái,0.0,25926.0,0.0,23724.868852,27.0,453600.0,640571.459004,2025-11-14T00:00:00,2026-07-29T00:00:00,2026-08-03T00:00:00,2026-08-03T00:00:00,263,6,1,1,cd7e35e0-8ef4-11f1-9b18-005056b2a5de,0429573a-5111-44df-ad71-3f37fcaeb62e,c5954a39-8ef4-11f1-9b18-005056b2a5de,103
14__KEQ__CEL__XOI__60,8936011770767,CELANO Kem Que Xoài 60g,Kem Que,Cái,0.0,25926.0,0.0,23399.24031,27.0,470657.0,631779.48837,2025-11-14T00:00:00,2026-07-29T00:00:00,2026-08-02T00:00:00,2026-08-02T00:00:00,263,6,2,2,cd7e1759-8ef4-11f1-9b18-005056b2a5de,755de993-04ec-43e8-838c-c0b0a8cf9d2c,c5954a39-8ef4-11f1-9b18-005056b2a5de,104
03__HDG__CHA__BIH__130,8859559600962,CHACHEER Hạt Hướng Dương Dừa 130g,Hạt Hướng Dương,Bịch,0.0,38889.0,0.0,36272.53211,11.0,234054.0,398997.85321,2025-12-16T00:00:00,2026-06-23T00:00:00,2026-07-31T00:00:00,2026-07-31T00:00:00,231,42,4,4,cd7e9615-8ef4-11f1-9b18-005056b2a5de,1166326d-f085-442a-9252-5abaf245c1e0,c5954a39-8ef4-11f1-9b18-005056b2a5de,105
03__HDG__CHA__DUA__40,8859559600993,CHACHEER Hạt Hướng Dương Dừa 40g,Hạt Hướng Dương,Bịch,0.0,13889.0,0.0,13362.863636,0.0,0.0,0.0,2025-11-21T00:00:00,2026-05-20T00:00:00,2026-06-13T00:00:00,2026-06-13T00:00:00,256,76,52,52,cd7dba88-8ef4-11f1-9b18-005056b2a5de,490bbbb2-9cad-45fb-8e4c-e579679cdffd,c5954a39-8ef4-11f1-9b18-005056b2a5de,106
03__HDG__CHA__NAM__100,6924187870420,CHACHEER Hạt Hướng Dương Nấm Trufle 100g,Hạt Hướng Dương,Bịch,0.0,32407.0,0.0,32407.074074,0.0,0.0,0.0,,,2026-02-18T00:00:00,2026-02-18T00:00:00,,,167,167,cd7e0f28-8ef4-11f1-9b18-005056b2a5de,de779616-0e4a-41ca-a2fd-c051643add4f,c5954a39-8ef4-11f1-9b18-005056b2a5de,107
01__TDC__CHA__TDO__350,8850227041803,CHASIAM Trà Sữa Thái Đỏ Chai 350ml,Trà Đóng Chai,Chai,0.0,37037.0,0.0,37157.782609,1.0,25500.0,37157.782609,2025-12-29T00:00:00,2025-12-29T00:00:00,2026-07-23T00:00:00,2026-07-23T00:00:00,218,218,12,12,cd7ec8ae-8ef4-11f1-9b18-005056b2a5de,7645b60e-6b7d-4d1c-a30d-5489a33b08eb,c5954a39-8ef4-11f1-9b18-005056b2a5de,108
01__TDC__CHA__TXA__350,8850227042121,CHASIAM Trà Sữa Thái Xanh Chai 350ml,Trà Đóng Chai,Chai,0.0,37037.0,0.0,37037.0,3.0,76500.0,111111.0,2025-12-29T00:00:00,2025-12-29T00:00:00,2026-07-23T00:00:00,2026-07-23T00:00:00,218,218,12,12,cd7e234c-8ef4-11f1-9b18-005056b2a5de,2e389903-2041-43cf-b6f3-226929f126f4,c5954a39-8ef4-11f1-9b18-005056b2a5de,109
01__NLM__CHL__CAM__320,8936185352035,CHILL Nước COCKTAIL Cam 320ml,Nước Lên Men,Lon,0.0,36364.0,0.0,36332.0625,0.0,0.0,0.0,2025-11-27T00:00:00,2025-12-16T00:00:00,2026-02-26T00:00:00,2026-02-26T00:00:00,250,231,159,159,cd7faba1-8ef4-11f1-9b18-005056b2a5de,f76d8d3b-adcf-4f1d-a385-9a435197bfd4,c5954a39-8ef4-11f1-9b18-005056b2a5de,110
01__NLM__CHL__DAO__320,8936185351366,CHILL Nước COCKTAIL Đào 320ml,Nước Lên Men,Lon,0.0,36364.0,0.0,36537.3125,0.0,0.0,0.0,2025-11-27T00:00:00,2025-12-16T00:00:00,2026-02-26T00:00:00,2026-02-26T00:00:00,250,231,159,159,cd7f19f9-8ef4-11f1-9b18-005056b2a5de,da47440b-476a-4809-9e41-67dc556fb2b6,c5954a39-8ef4-11f1-9b18-005056b2a5de,111
01__NLM__CHL__DAU__320,8936185351380,CHILL Nước COCKTAIL Dâu 320ml,Nước Lên Men,Lon,0.0,36364.0,0.0,36000.625,0.0,0.0,0.0,2025-11-27T00:00:00,2025-12-16T00:00:00,2026-02-26T00:00:00,2026-02-26T00:00:00,250,231,159,159,cd7f6555-8ef4-11f1-9b18-005056b2a5de,2ce94a1a-6ba6-4c25-9335-431737b9c100,c5954a39-8ef4-11f1-9b18-005056b2a5de,112
01__NLM__CHL__NHO__320,8936185351410,CHILL Nước COCKTAIL Nho 320ml,Nước Lên Men,Lon,0.0,36364.0,0.0,36136.189189,0.0,0.0,0.0,2025-11-27T00:00:00,2026-04-04T00:00:00,2026-05-22T00:00:00,2026-05-22T00:00:00,250,122,74,74,cd7e9247-8ef4-11f1-9b18-005056b2a5de,bb59c751-c481-4c97-99cd-7eb0009d79d5,c5954a39-8ef4-11f1-9b18-005056b2a5de,113
01__NLM__CHL__VAI__320,8936185351373,CHILL Nước COCKTAIL Vải 320ml,Nước Lên Men,Lon,0.0,36364.0,0.0,35795.375,0.0,0.0,0.0,2025-11-27T00:00:00,2025-12-16T00:00:00,2026-02-24T00:00:00,2026-02-24T00:00:00,250,231,161,161,cd7fa9b3-8ef4-11f1-9b18-005056b2a5de,33acc2c6-ba96-4d78-9294-48c555dda35b,c5954a39-8ef4-11f1-9b18-005056b2a5de,114
01__NLM__CHL__VQT__320,8936185351397,CHILL Nước COCKTAIL Việt Quất 320ml,Nước Lên Men,Lon,0.0,36364.0,0.0,36235.325,0.0,0.0,0.0,2025-11-27T00:00:00,2026-04-04T00:00:00,2026-06-12T00:00:00,2026-06-12T00:00:00,250,122,53,53,cd7ec6ab-8ef4-11f1-9b18-005056b2a5de,ed5d32ba-8ae8-4bcd-8907-193ccb2dc8fe,c5954a39-8ef4-11f1-9b18-005056b2a5de,115
05__GDH__CSU__SOD__150,8936221040025,CHINSU Dầu Hào Sò Điệp 150g,Gia Vị Nhà Bếp,Chai,0.0,13889.0,0.0,13889.0,8.0,68000.0,111112.0,,,2026-06-11T00:00:00,2026-06-11T00:00:00,,,54,54,cd7f4786-8ef4-11f1-9b18-005056b2a5de,e3097e83-e20b-418a-9488-80e509d33ffd,c5954a39-8ef4-11f1-9b18-005056b2a5de,116
05__GXT__CSU__GCM__70,8936136168326,CHINSU Gói Xốt Gà Chiên Nước Mắm 70g,Gia Vị Nhà Bếp,Gói,0.0,9259.0,0.0,9259.0,7.0,48300.0,64813.0,,,2026-05-17T00:00:00,2025-11-21T00:00:00,,,79,256,cd802182-8ef4-11f1-9b18-005056b2a5de,810e0b42-c514-44de-9f4a-ede71b46eeec,c5954a39-8ef4-11f1-9b18-005056b2a5de,117
05__GXT__CSU__TKO__70,8936136168340,CHINSU Gói Xốt Thịt Kho 70g,Gia Vị Nhà Bếp,Gói,0.0,9259.0,0.0,9259.0,9.0,62100.0,83331.0,,,2025-11-21T00:00:00,2025-11-21T00:00:00,,,256,256,cd802723-8ef4-11f1-9b18-005056b2a5de,40d2fa11-a5e7-47a5-8788-9fe3a5dc20b8,c5954a39-8ef4-11f1-9b18-005056b2a5de,118
05__GXT__CSU__TNG__80,8936136163284,CHINSU Gói Xốt Thịt Nướng 80g,Gia Vị Nhà Bếp,Gói,0.0,9259.5,0.0,9259.428571,12.0,48300.0,111113.142852,2026-05-17T00:00:00,2026-05-17T00:00:00,2026-03-29T00:00:00,2026-03-29T00:00:00,79,79,128,128,cd805810-8ef4-11f1-9b18-005056b2a5de,3b97ae03-0d68-4ab7-b2c9-8cf6bb6a6cec,c5954a39-8ef4-11f1-9b18-005056b2a5de,119
05__GHN__CSU__NTH__400,8936221041503,CHINSU Hạt Nêm Ngọt Thanh 400g,Gia Vị Nhà Bếp,Bịch,0.0,35185.0,0.0,35185.0,2.0,40000.0,70370.0,2025-11-09T00:00:00,2025-11-09T00:00:00,2026-06-01T00:00:00,2026-06-01T00:00:00,268,268,64,64,cd7fee78-8ef4-11f1-9b18-005056b2a5de,a10c5832-f549-403e-9f89-0c08a33634eb,c5954a39-8ef4-11f1-9b18-005056b2a5de,120
05__GHN__CSU__RAU__400,8936221040926,CHINSU Hạt Nêm Ngọt Thanh Rau Củ & Nấm 400g,Gia Vị Nhà Bếp,Bịch,0.0,18518.666667,0.0,18518.666667,0.0,0.0,0.0,,,2026-03-19T00:00:00,2026-03-19T00:00:00,,,138,138,cd7f38d6-8ef4-11f1-9b18-005056b2a5de,bf953b17-ca7d-4db0-8515-53cc027e31f6,c5954a39-8ef4-11f1-9b18-005056b2a5de,121
05__GNM__CSU__CCM__720,8936136167343,CHINSU Nước Mắm Cá Cơm Biển Đông 720ml,Gia Vị Nhà Bếp,Chai,0.0,59259.0,0.0,59259.25,8.0,137332.0,474074.0,2025-11-09T00:00:00,2025-11-09T00:00:00,2026-02-20T00:00:00,2026-02-20T00:00:00,268,268,165,165,cd7fd412-8ef4-11f1-9b18-005056b2a5de,13ded023-696c-4be2-b4da-2feb868352fa,c5954a39-8ef4-11f1-9b18-005056b2a5de,122
05__GNM__CSU__CHI__500,8936221048076,CHINSU Nước Mắm Nam Ngư Chai 500ml,Gia Vị Nhà Bếp,Chai,0.0,37037.0,0.0,37037.0,0.0,0.0,0.0,2025-11-09T00:00:00,2025-11-09T00:00:00,2026-06-21T00:00:00,2026-06-21T00:00:00,268,268,44,44,cd7fdea4-8ef4-11f1-9b18-005056b2a5de,f02786aa-0d53-45b4-a470-ba659a25436a,c5954a39-8ef4-11f1-9b18-005056b2a5de,123
05__GXD__CSU__NAM__330,8936136163017,CHINSU Nước Tương Nấm Shiitake 330ml,Gia Vị Nhà Bếp,Chai,0.0,18519.0,0.0,18519.0,21.0,291812.0,388899.0,2025-11-09T00:00:00,2025-11-09T00:00:00,2026-06-03T00:00:00,2026-06-03T00:00:00,268,268,62,62,cd7fe091-8ef4-11f1-9b18-005056b2a5de,6599afaa-9589-4cc3-b9fd-86b130188702,c5954a39-8ef4-11f1-9b18-005056b2a5de,124
05__GXD__CSU__TOI__330,8936136163734,CHINSU Nước Tương Tỏi Ớt Tươi 330ml,Gia Vị Nhà Bếp,Chai,0.0,21296.0,0.0,21296.0,19.0,313500.0,404624.0,,,2026-05-22T00:00:00,2026-05-22T00:00:00,,,74,74,cd802df5-8ef4-11f1-9b18-005056b2a5de,eb50d74c-ec7c-45a1-99ea-08a8ec4200a5,c5954a39-8ef4-11f1-9b18-005056b2a5de,125
05__GST__CSU__TOS__90,8936136168449,CHINSU Sa Tế Tôm Ớt Sả Tươi Chai 90g,Gia Vị Nhà Bếp,Chai,0.0,10185.0,0.0,10185.0,15.0,120000.0,152775.0,,,2026-03-24T00:00:00,2026-03-24T00:00:00,,,133,133,cd7eb985-8ef4-11f1-9b18-005056b2a5de,3860103f-922c-4c3c-a688-70a884a73b4e,c5954a39-8ef4-11f1-9b18-005056b2a5de,126
02__HGI__CSU__HSN__77,8936136168869,CHINSU Story Hủ Tiếu Mỹ Tho Hải Sản Gói 77g,Hủ Tiếu Gói,Gói,0.0,12963.0,0.0,12794.636364,4.0,31404.0,51178.545456,2025-10-28T00:00:00,2025-10-28T00:00:00,2026-05-21T00:00:00,2026-05-21T00:00:00,280,280,75,75,cd7fd876-8ef4-11f1-9b18-005056b2a5de,06d1aa5f-76b5-4141-9d7a-be2127fe9d8b,c5954a39-8ef4-11f1-9b18-005056b2a5de,127
02__MNG__CSU__GAA__62,8936221042272,CHINSU Story Miến Gà Lá Chanh Gói 62g,Miến Gói,Gói,0.0,12037.0,0.0,11928.058824,7.0,54839.0,83496.411768,2025-10-28T00:00:00,2025-10-28T00:00:00,2026-06-28T00:00:00,2026-06-28T00:00:00,280,280,37,37,cd80014c-8ef4-11f1-9b18-005056b2a5de,d235a247-ec15-4be5-9c56-1c8250349b66,c5954a39-8ef4-11f1-9b18-005056b2a5de,128
05__GXD__CSU__TTT__500,8936017367091,CHINSU Tam Thái Tử Nước Tương Nhất Ca 500ml,Gia Vị Nhà Bếp,Chai,0.0,22222.0,0.0,22222.125,14.0,200456.0,311109.75,2025-11-09T00:00:00,2025-11-09T00:00:00,2026-07-01T00:00:00,2026-07-01T00:00:00,268,268,34,34,cd800f0a-8ef4-11f1-9b18-005056b2a5de,adc08f8b-84be-478c-be3c-de0a52bd37a6,c5954a39-8ef4-11f1-9b18-005056b2a5de,129
05__GTO__CSU__CHI__250,8936017363505,CHINSU Tương Ớt Chai 250g,Gia Vị Nhà Bếp,Chai,0.0,23148.0,0.0,20516.210526,13.0,1950000.0,266710.736838,2025-11-09T00:00:00,2026-06-27T00:00:00,2026-08-01T00:00:00,2026-08-01T00:00:00,268,38,3,3,cd800c9d-8ef4-11f1-9b18-005056b2a5de,83a8d45e-485a-47b6-83cc-05df9aee7678,c5954a39-8ef4-11f1-9b18-005056b2a5de,130
05__GTO__CSU__CHI__500,8936136161143,CHINSU Tương Ớt Chai 500g,Gia Vị Nhà Bếp,Chai,0.0,36111.0,0.0,36111.0,0.0,0.0,0.0,,,2026-04-16T00:00:00,2026-04-16T00:00:00,,,110,110,cd7ee123-8ef4-11f1-9b18-005056b2a5de,305fe073-fefb-4120-ab18-bc40b389b7a0,c5954a39-8ef4-11f1-9b18-005056b2a5de,131
05__GMN__CSU__CHI__250,8936136168517,CHINSU Xốt Mayonnaise Nguyên Bản 250g,Gia Vị Nhà Bếp,Chai,0.0,37037.0,0.0,36666.6,1.0,22125.0,36666.6,2025-11-09T00:00:00,2025-11-09T00:00:00,2026-02-14T00:00:00,2026-02-14T00:00:00,268,268,171,171,cd7ff881-8ef4-11f1-9b18-005056b2a5de,c1fe978b-afff-4631-9c58-da508cd14997,c5954a39-8ef4-11f1-9b18-005056b2a5de,132
05__GMO__CSU__DOO__200,8936221043552,CHINSU Xốt MuốI Ớt Đỏ 200g,Gia Vị Nhà Bếp,Chai,0.0,21296.0,0.0,21296.0,0.0,0.0,0.0,,,2026-01-25T00:00:00,2026-01-25T00:00:00,,,191,191,cd7f29ce-8ef4-11f1-9b18-005056b2a5de,ab4bd46b-0283-4d22-9f52-6928659c97b6,c5954a39-8ef4-11f1-9b18-005056b2a5de,133
05__GMO__CSU__XAH__200,8936221043545,CHINSU Xốt Muối Ớt Xanh 200g,Gia Vị Nhà Bếp,Chai,0.0,21296.0,0.0,21296.0,0.0,0.0,0.0,2025-11-09T00:00:00,2025-11-09T00:00:00,2026-03-18T00:00:00,2026-03-18T00:00:00,268,268,139,139,cd7ff405-8ef4-11f1-9b18-005056b2a5de,ab285342-6ce8-4423-a729-0d5192588e13,c5954a39-8ef4-11f1-9b18-005056b2a5de,134
05__GDG__CLM__TRN__270,8934637513676,CHOLIMEX Dầu Dấm Trộn Salad 270g,Gia Vị Nhà Bếp,Chai,0.0,22222.0,0.0,22222.0,9.0,148500.0,199998.0,,,2026-05-19T00:00:00,2026-05-19T00:00:00,,,77,77,cd7ecd6c-8ef4-11f1-9b18-005056b2a5de,430c656c-09df-4b2b-b029-87625766f3e2,c5954a39-8ef4-11f1-9b18-005056b2a5de,135
05__GXT__CLM__TKT__50,8934637515465,CHOLIMEX Gói Gia Vị Kho Thịt 50g,Gia Vị Nhà Bếp,Gói,0.0,7407.0,0.0,7407.0,18.0,94050.0,133326.0,2025-11-09T00:00:00,2025-11-09T00:00:00,2026-06-16T00:00:00,2026-06-16T00:00:00,268,268,49,49,cd804524-8ef4-11f1-9b18-005056b2a5de,37428553-aef1-4d12-a015-2da530ab2992,c5954a39-8ef4-11f1-9b18-005056b2a5de,136
05__GXT__CLM__TNG__70,8934637514871,CHOLIMEX Gói Xốt Ướp Thịt Nướng 70g,Gia Vị Nhà Bếp,Gói,0.0,9259.0,0.0,8912.0,0.0,0.0,0.0,,,2026-01-10T00:00:00,2025-11-22T00:00:00,,,206,255,cd802213-8ef4-11f1-9b18-005056b2a5de,90309e28-1f6a-4f33-86a9-b19b180e5192,c5954a39-8ef4-11f1-9b18-005056b2a5de,137
05__GXT__CLM__XAX__70,8934637515236,CHOLIMEX Gói Xốt Ướp Xá Xíu 70g,Gia Vị Nhà Bếp,Gói,0.0,8796.0,0.0,8796.0,17.0,115600.0,149532.0,,,2026-07-07T00:00:00,2026-07-07T00:00:00,,,28,28,cd804f0e-8ef4-11f1-9b18-005056b2a5de,c9e066a4-a9ab-4ae4-9d8e-7976de8b3ef5,c5954a39-8ef4-11f1-9b18-005056b2a5de,138
05__GXT__CLM__LTI__280,8934637514932,CHOLIMEX Lẩu Thái Chai 280g,Gia Vị Nhà Bếp,Chai,0.0,23148.0,0.0,23148.0,10.0,172000.0,231480.0,,,2026-06-11T00:00:00,2026-06-11T00:00:00,,,54,54,cd7e3540-8ef4-11f1-9b18-005056b2a5de,fa93dc4b-af2b-4433-970c-2c1ced57a7aa,c5954a39-8ef4-11f1-9b18-005056b2a5de,139
05__GNM__CLM__CHY__245,8934637516318,CHOLIMEX Nước Mắm Chay 245ml,Gia Vị Nhà Bếp,Chai,0.0,25000.0,0.0,25000.0,11.0,101750.0,275000.0,2025-11-09T00:00:00,2025-11-09T00:00:00,2026-07-24T00:00:00,2026-07-24T00:00:00,268,268,11,11,cd7ffbb1-8ef4-11f1-9b18-005056b2a5de,f6b606ae-8bf4-4b61-88c1-5c6a18665a14,c5954a39-8ef4-11f1-9b18-005056b2a5de,140
05__GST__CLM__TOM__90,8934637514314,CHOLIMEX Sa Tế Tôm 90g,Gia Vị Nhà Bếp,Chai,0.0,11111.0,0.0,11111.0,20.0,53710.0,222220.0,2025-11-09T00:00:00,2026-05-17T00:00:00,2026-07-01T00:00:00,2026-07-01T00:00:00,268,79,34,34,cd7efca2-8ef4-11f1-9b18-005056b2a5de,a4351ebc-1505-4739-b003-1314432ad64c,c5954a39-8ef4-11f1-9b18-005056b2a5de,141
05__GTC__CLM__CHI__270,8934637212531,CHOLIMEX Tương Cà Chai 270g,Gia Vị Nhà Bếp,Chai,0.0,14815.0,0.0,14712.111111,14.0,71992.0,205969.555554,2025-11-09T00:00:00,2026-01-10T00:00:00,2026-06-05T00:00:00,2026-06-05T00:00:00,268,206,60,60,cd7ff9c6-8ef4-11f1-9b18-005056b2a5de,72a629c9-9b85-480e-81c8-fa39ed3bbdd3,c5954a39-8ef4-11f1-9b18-005056b2a5de,142
05__GTC__CLM__GOI__10,8934637514659,CHOLIMEX Tương Cà Gói 10g,Gia Vị Nhà Bếp,Gói,0.0,926.0,0.0,926.0,353.0,0.0,326878.0,2025-11-10T00:00:00,2026-01-10T00:00:00,2026-07-23T00:00:00,2026-07-23T00:00:00,267,206,12,12,cd7ec37c-8ef4-11f1-9b18-005056b2a5de,d91f5988-7d67-4d0e-abd5-e1e4b1b9bb4c,c5954a39-8ef4-11f1-9b18-005056b2a5de,143
05__GTH__CLM__CHI__250,8934637514925,CHOLIMEX Tương Hột Chai 250g,Gia Vị Nhà Bếp,Chai,0.0,12963.0,0.0,12963.0,9.0,71249.0,116667.0,2025-11-09T00:00:00,2025-11-09T00:00:00,2026-02-20T00:00:00,2026-02-20T00:00:00,268,268,165,165,cd7fe73f-8ef4-11f1-9b18-005056b2a5de,afb92a6f-45ea-4bd5-a000-7e8bb12d2ec9,c5954a39-8ef4-11f1-9b18-005056b2a5de,144
05__GTO__CLM__CHI__270,8934637011523,CHOLIMEX Tương Ớt Chai 270g,Gia Vị Nhà Bếp,Chai,0.0,14815.0,0.0,14776.416667,6.0,19150.0,88658.500002,2025-11-09T00:00:00,2025-11-09T00:00:00,2026-05-09T00:00:00,2026-05-09T00:00:00,268,268,87,87,cd7ff54a-8ef4-11f1-9b18-005056b2a5de,f9cf80b7-8355-47c9-8f23-ac5c299068ac,c5954a39-8ef4-11f1-9b18-005056b2a5de,145
05__GTO__CLM__CNT__270,8934637062525,CHOLIMEX Tương Ớt Chua Ngọt Chai 270g,Gia Vị Nhà Bếp,Chai,0.0,14815.0,0.0,14815.0,1.0,11000.0,14815.0,,,2026-06-30T00:00:00,2026-06-30T00:00:00,,,35,35,cd7f53b2-8ef4-11f1-9b18-005056b2a5de,c4c1f961-55bc-4837-a478-ea8524eb035f,c5954a39-8ef4-11f1-9b18-005056b2a5de,146
05__GTO__CLM__GOI__10,8934637514642,CHOLIMEX Tương Ớt Gói 10g,Gia Vị Nhà Bếp,Gói,0.0,926.0,0.0,926.0,46.0,0.0,42596.0,2026-01-10T00:00:00,2026-01-10T00:00:00,2026-05-21T00:00:00,2026-05-21T00:00:00,206,206,75,75,cd7e17f0-8ef4-11f1-9b18-005056b2a5de,0e322206-1799-4101-9d4a-1f8364dd0fde,c5954a39-8ef4-11f1-9b18-005056b2a5de,147
05__GTO__CLM__CHI__250,8934637514413,CHOLIMEX Tương Ớt Nắp Xuôi 250g,Gia Vị Nhà Bếp,Chai,0.0,16667.0,0.0,16667.0,0.0,0.0,0.0,,,2026-05-31T00:00:00,2026-05-31T00:00:00,,,65,65,cd7efc0f-8ef4-11f1-9b18-005056b2a5de,64895c25-cd0a-4158-967a-d2a8893cfc6b,c5954a39-8ef4-11f1-9b18-005056b2a5de,148
05__GTO__CLM__XMI__270,8934637042534,CHOLIMEX Tương Ớt Xí Muội Chai 270g,Gia Vị Nhà Bếp,Chai,0.0,14815.0,0.0,14815.0,0.0,0.0,0.0,,,2026-06-05T00:00:00,2026-06-05T00:00:00,,,60,60,cd7f1e15-8ef4-11f1-9b18-005056b2a5de,3652aa9c-e171-4121-aacb-5762871db5cd,c5954a39-8ef4-11f1-9b18-005056b2a5de,149
05__GXT__CLM__GCM__90,8934637517209,CHOLIMEX Xốt Gà Chiên Nước Mắm Gói 90g,Gia Vị Nhà Bếp,Gói,0.0,12037.0,0.0,12037.0,6.0,43200.0,72222.0,,,2026-06-25T00:00:00,2026-06-25T00:00:00,,,40,40,cd7f359f-8ef4-11f1-9b18-005056b2a5de,5d7f0dd2-2522-435f-abdc-85a7612b96ae,c5954a39-8ef4-11f1-9b18-005056b2a5de,150
01__NGA__CDG__SXI__320,8935015402636,CHƯƠNG DƯƠNG Sá Xị Nguyên Bản Lon 320ml,Nước Có Ga,Lon,0.0,11111.0,0.0,10743.442748,3.0,42034.0,32230.328244,2025-11-09T00:00:00,2026-01-07T00:00:00,2026-04-29T00:00:00,2026-04-29T00:00:00,268,209,97,97,cd7fe3c4-8ef4-11f1-9b18-005056b2a5de,5e6229a7-b244-4618-bc27-7c35c78bc498,c5954a39-8ef4-11f1-9b18-005056b2a5de,151
01__NGA__CDG__KEM__320,8935015402667,CHƯƠNG DƯƠNG Soda Kem Lon 320ml,Nước Có Ga,Lon,0.0,11111.0,0.0,11111.0,0.0,0.0,0.0,2026-01-07T00:00:00,2026-01-07T00:00:00,2026-03-13T00:00:00,2026-03-13T00:00:00,209,209,144,144,cd805bb1-8ef4-11f1-9b18-005056b2a5de,f4e78d20-dbd0-43c7-9b9c-1316736ec79e,c5954a39-8ef4-11f1-9b18-005056b2a5de,152
03__KDE__CHU__HOP__105,8935001719830,CHUPA CHUPS Kẹo Dẻo Gieo Quẻ Hộp 105g,Kẹo Dẻo,Hộp,0.0,53704.0,0.0,53704.0,0.0,0.0,0.0,2026-01-07T00:00:00,2026-01-07T00:00:00,2026-06-07T00:00:00,2026-06-07T00:00:00,209,209,58,58,cd7f3ca1-8ef4-11f1-9b18-005056b2a5de,46b00225-510a-4979-a593-fe3384fd266b,c5954a39-8ef4-11f1-9b18-005056b2a5de,153
03__KDE__CHU__TCY__7,8935001713074,CHUPA CHUPS Kẹo Dẻo S.BELT 7g,Kẹo Dẻo,Cái,0.0,2778.0,0.0,2777.891566,0.0,0.0,0.0,2025-11-09T00:00:00,2025-11-09T00:00:00,2026-03-10T00:00:00,2026-03-10T00:00:00,268,268,147,147,cd7fde07-8ef4-11f1-9b18-005056b2a5de,e7681373-71cd-4883-b5d7-37ff62da81bf,c5954a39-8ef4-11f1-9b18-005056b2a5de,154
03__KDE__CHU__BEL__50,8935001714774,CHUPA CHUPS Kẹo Dẻo Sugar BELT 1M*50g,Kẹo Dẻo,Bịch,0.0,18519.0,0.0,14994.859873,37.0,751177.0,554809.815301,2025-11-08T00:00:00,2026-06-23T00:00:00,2026-08-02T00:00:00,2026-08-02T00:00:00,269,42,2,2,cd7e1c5e-8ef4-11f1-9b18-005056b2a5de,948594b1-8d4f-41fa-8d9c-594a7338e9dd,c5954a39-8ef4-11f1-9b18-005056b2a5de,155
03__KDE__CHU__DAU__105,8935001719533,CHUPA CHUPS Kẹo Mút Hương Dâu,Kẹo Cứng,Bịch,0.0,9259.0,0.0,9259.12766,7.0,43371.0,64813.89362,2026-01-07T00:00:00,2026-01-07T00:00:00,2026-07-11T00:00:00,2026-07-11T00:00:00,209,209,24,24,cd804333-8ef4-11f1-9b18-005056b2a5de,e986cb52-c76e-4a7f-b12b-7c122c14d26c,c5954a39-8ef4-11f1-9b18-005056b2a5de,156
03__KDE__CHU__MUT__7,58934588843114,CHUPA CHUPS Kẹo Mút Hương Tổng Hợp,Kẹo Cứng,Cái,0.0,2778.0,0.0,2777.873077,101.0,262401.0,280565.180777,2026-05-20T00:00:00,2026-06-23T00:00:00,2026-08-03T00:00:00,2026-08-03T00:00:00,76,42,1,1,cd7dea42-8ef4-11f1-9b18-005056b2a5de,1f218227-5da6-4b17-861e-e2fff3ffde63,c5954a39-8ef4-11f1-9b18-005056b2a5de,157
03__KCU__CHU__POP__110,8935001713838,CHUPA CHUPS Kẹo Mút Mega Pop 110g,Kẹo Cứng,Bịch,0.0,64815.0,0.0,64815.0,0.0,0.0,0.0,,,2025-12-13T00:00:00,2025-12-13T00:00:00,,,234,234,cd7f25b2-8ef4-11f1-9b18-005056b2a5de,aa9f69a1-e871-4224-bf85-cf4ec342cb16,c5954a39-8ef4-11f1-9b18-005056b2a5de,158
06__TGC__CLR__TRG__170,8934868152569,CLEAR Dầu Gội Bạc Hà Mát Lạnh Trắng 170g,Chăm Sóc Tóc,Chai,0.0,74074.0,0.0,71296.0,6.0,329004.0,427776.0,2026-03-30T00:00:00,2026-06-22T00:00:00,2026-07-18T00:00:00,2026-07-18T00:00:00,127,43,17,17,cd8037a9-8ef4-11f1-9b18-005056b2a5de,f657cb08-883d-4a24-8f41-6b66abe5e6f0,c5954a39-8ef4-11f1-9b18-005056b2a5de,159
06__TGC__CLR__MBH__170,8934868168607,CLEAR MEN Dầu Gội Bạc Hà Mát Lạnh Xanh 170g,Chăm Sóc Tóc,Chai,0.0,75926.0,0.0,75132.285714,2.0,116878.0,150264.571428,2026-06-22T00:00:00,2026-06-22T00:00:00,2026-07-28T00:00:00,2026-07-28T00:00:00,43,43,7,7,cd8034b5-8ef4-11f1-9b18-005056b2a5de,72a0bf9d-23b2-4471-a58d-afa4b3a90800,c5954a39-8ef4-11f1-9b18-005056b2a5de,160
06__RKD__CLO__BHA__180,8934839125967,CLOSEUP Kem Đánh Răng Thơm Mát Bạc Hà 180g,Chăm Sóc Răng Miệng,Cái,0.0,46296.0,0.0,43333.6,10.0,338256.0,433336.0,2025-11-09T00:00:00,2026-05-16T00:00:00,2026-08-01T00:00:00,2026-08-01T00:00:00,268,80,3,3,cd7f86ed-8ef4-11f1-9b18-005056b2a5de,f78e419a-b8d3-4dae-aca4-3062a942017e,c5954a39-8ef4-11f1-9b18-005056b2a5de,161
06__RKD__CUP__BTT__180,8934839126018,CLOSEUP Kem Đánh Răng Tinh Thể Băng Tuyết 180g,Chăm Sóc Răng Miệng,Cái,0.0,46296.0,0.0,44907.041667,13.0,451910.0,583791.541671,2025-11-09T00:00:00,2026-07-11T00:00:00,2026-07-19T00:00:00,2026-07-19T00:00:00,268,24,16,16,cd7f6c60-8ef4-11f1-9b18-005056b2a5de,d4a6eeeb-42ce-4e43-b855-fca3ebef60f4,c5954a39-8ef4-11f1-9b18-005056b2a5de,162
01__NGA__COC__AQA__390,8935049510871,COCA-COLA Aquarius Chai 390 ml,Nước Có Ga,Chai,0.0,12037.0,196.372093,11145.391247,35.0,1561442.0,390088.693645,2025-11-11T00:00:00,2026-07-28T00:00:00,2026-08-03T00:00:00,2026-08-03T00:00:00,266,7,1,1,cd7d78e5-8ef4-11f1-9b18-005056b2a5de,2917be29-7a15-4a76-930a-c90d7fe4c531,c5954a39-8ef4-11f1-9b18-005056b2a5de,163
CAKCC3M01,8935049501244,COCA-COLA Aquarius Không Calo Chai 390 ml,Nước Bù Điện Giải,Chai,0.0,11111.0,0.0,11111.0,5.0,464000.0,55555.0,2026-06-09T00:00:00,2026-07-14T00:00:00,2026-07-30T00:00:00,2026-07-30T00:00:00,56,21,5,5,cd7e7ec6-8ef4-11f1-9b18-005056b2a5de,5ef193f1-d455-4d32-b70a-139eb4e01b9a,c5954a39-8ef4-11f1-9b18-005056b2a5de,164
01__NGA__COC__CAM__320,8935049501572,COCA-COLA Fanta Hương Cam Lon 320ml,Nước Có Ga,Lon,0.0,12037.0,0.0,11805.520833,24.0,162812.0,283332.499992,2025-12-27T00:00:00,2026-01-02T00:00:00,2026-04-06T00:00:00,2026-04-06T00:00:00,220,214,120,120,cd804482-8ef4-11f1-9b18-005056b2a5de,9d63ff72-8dd9-421a-9e69-2c31ca1f76df,c5954a39-8ef4-11f1-9b18-005056b2a5de,165
01__NGA__COC__DAU__320,8935049502104,COCA-COLA Fanta Hương Dâu Lon 320ml,Nước Có Ga,Lon,0.0,12037.0,0.0,11786.72973,22.0,131260.0,259308.05406,2026-01-10T00:00:00,2026-07-21T00:00:00,2026-08-02T00:00:00,2026-08-02T00:00:00,206,14,2,2,cd7eac6b-8ef4-11f1-9b18-005056b2a5de,31a86bc3-00ed-4be9-bfb3-b1051edb0908,c5954a39-8ef4-11f1-9b18-005056b2a5de,166
01__NGA__COC__LIG__320,8935049501527,COCA-COLA Light Lon 320ml,Nước Có Ga,Lon,0.0,13889.0,0.0,13603.691892,30.0,594000.0,408110.75676,2026-01-30T00:00:00,2026-07-28T00:00:00,2026-08-01T00:00:00,2026-08-01T00:00:00,186,7,3,3,cd7e64c4-8ef4-11f1-9b18-005056b2a5de,c5e1275d-35e7-4d0d-92cb-f526c28a428d,c5954a39-8ef4-11f1-9b18-005056b2a5de,167
01__NGA__COC__LON__320,8935049501503,COCA-COLA Lon 320ml,Nước Có Ga,Lon,0.0,13889.0,266.445141,12098.735088,67.0,1352024.0,810615.250896,2025-11-04T00:00:00,2026-07-28T00:00:00,2026-07-31T00:00:00,2026-07-31T00:00:00,273,7,4,4,cd7df909-8ef4-11f1-9b18-005056b2a5de,02778fce-ccba-4e22-ad85-a2d6e51df304,c5954a39-8ef4-11f1-9b18-005056b2a5de,168
01__NLU__MON__DEN__355,4897036691342,COCA-COLA Monster Nước Tăng Lực Đen 355ml,Nước Tăng Lực,Lon,0.0,30000.0,1973.058296,28203.933054,-2.0,681004.0,-56407.866108,2025-11-18T00:00:00,2026-06-30T00:00:00,2026-08-03T00:00:00,2026-08-03T00:00:00,259,35,1,1,cd7d9283-8ef4-11f1-9b18-005056b2a5de,e85f0b1e-bd58-4f2f-b656-e28ec289371c,c5954a39-8ef4-11f1-9b18-005056b2a5de,169
01__NLU__MON__HOG__320,4897036695289,COCA-COLA Monster Nước Tăng Lực Hồng 320ml,Nước Tăng Lực,Lon,0.0,30000.0,2619.0,28085.747059,20.0,907000.0,561714.94118,2025-11-18T00:00:00,2026-06-30T00:00:00,2026-07-31T00:00:00,2026-07-31T00:00:00,259,35,4,4,cd7e477e-8ef4-11f1-9b18-005056b2a5de,b3c565f5-4ef3-406b-a10d-e44a93e328ac,c5954a39-8ef4-11f1-9b18-005056b2a5de,170
01__NLU__MON__XDG__320,4897036693162,COCA-COLA Monster Nước Tăng Lực Xanh Dương 320ml,Nước Tăng Lực,Lon,0.0,30000.0,4399.92,28068.252101,3.0,1970672.0,84204.756303,2025-12-10T00:00:00,2026-07-28T00:00:00,2026-08-02T00:00:00,2026-08-02T00:00:00,237,7,2,2,cd7de2bf-8ef4-11f1-9b18-005056b2a5de,fb3bfb9b-e502-4b1f-bbeb-d709db115d11,c5954a39-8ef4-11f1-9b18-005056b2a5de,171
01__NLU__MON__XLA__320,4897036693636,COCA-COLA Monster Nước Tăng Lực Xanh Lá 320ml,Nước Tăng Lực,Lon,0.0,30000.0,0.0,28029.459184,68.0,1322434.0,1906003.224512,2025-12-27T00:00:00,2026-07-28T00:00:00,2026-08-02T00:00:00,2026-08-02T00:00:00,220,7,2,2,cd7e1f0d-8ef4-11f1-9b18-005056b2a5de,791e3592-d43c-47cd-948b-65199e1add53,c5954a39-8ef4-11f1-9b18-005056b2a5de,172
01__NLU__MON__TRG__355,4897036692257,COCA-COLA Monster Ultra Nước Tăng Lực Trắng 355ml,Nước Tăng Lực,Lon,0.0,30000.0,2291.625,28098.281768,27.0,681004.0,758653.607736,2025-11-11T00:00:00,2026-06-30T00:00:00,2026-07-10T00:00:00,2026-07-10T00:00:00,266,35,25,25,cd7d7dfd-8ef4-11f1-9b18-005056b2a5de,19ba6e16-c278-4418-8472-f8313a770ec0,c5954a39-8ef4-11f1-9b18-005056b2a5de,173
01__STC__NUT__BQY__297,8935049510024,COCA-COLA NUTRIBOOST Sữa Bánh Quy 297ml,Sữa Trái Cây,Chai,0.0,13889.0,0.0,13016.681159,-8.0,528000.0,-104133.449272,2026-06-09T00:00:00,2026-07-21T00:00:00,2026-08-02T00:00:00,2026-08-02T00:00:00,56,14,2,2,cd7deea9-8ef4-11f1-9b18-005056b2a5de,b8065d81-89af-4205-be4b-fd1bbd4ec395,c5954a39-8ef4-11f1-9b18-005056b2a5de,174
01__STC__NUT__DAU__297,8935049500131,COCA-COLA Nutriboost Sữa Dâu 297ml,Sữa Trái Cây,Chai,0.0,13889.0,307.399638,11946.701721,33.0,667244.0,394241.156793,2025-11-04T00:00:00,2026-07-28T00:00:00,2026-08-02T00:00:00,2026-08-02T00:00:00,273,7,2,2,cd7dbe11-8ef4-11f1-9b18-005056b2a5de,0c6edd74-63ab-439c-a297-620dd05661bf,c5954a39-8ef4-11f1-9b18-005056b2a5de,175
01__STC__NUT__CAM__297,8935049511021,COCA-COLA Nutriboost Sữa Mật Ong Cam 297ml,Sữa Trái Cây,Chai,0.0,13889.0,472.2,11963.373089,41.0,702234.0,490498.296649,2025-11-04T00:00:00,2026-07-28T00:00:00,2026-07-31T00:00:00,2026-07-31T00:00:00,273,7,4,4,cd7e288a-8ef4-11f1-9b18-005056b2a5de,c00e50b0-9272-44f4-b0a5-69086176b60f,c5954a39-8ef4-11f1-9b18-005056b2a5de,176
01__NGA__COC__SDA__320,8935049501596,COCA-COLA Schweppes Soda Lon 320ml,Nước Có Ga,Lon,0.0,11111.0,0.0,11071.617021,1.0,6250.0,11071.617021,,,2026-03-18T00:00:00,2026-03-18T00:00:00,,,139,139,cd7dc5d4-8ef4-11f1-9b18-005056b2a5de,9f516cc4-1508-4153-aba2-c0b616b97c34,c5954a39-8ef4-11f1-9b18-005056b2a5de,177
01__NGA__COC__SPR__320,8935049501718,COCA-COLA Sprite Lon 320ml,Nước Có Ga,Lon,0.0,12037.0,946.792899,11878.257143,18.0,166000.0,213808.628574,2025-12-10T00:00:00,2026-07-14T00:00:00,2026-08-01T00:00:00,2026-08-01T00:00:00,237,21,3,3,cd7e403d-8ef4-11f1-9b18-005056b2a5de,647328eb-0433-423d-bb0b-8977db245275,c5954a39-8ef4-11f1-9b18-005056b2a5de,178
01__NGA__COC__ZER__320,8935049501534,COCA-COLA Zero Sugar Lon 320ml,Nước Có Ga,Lon,0.0,13889.0,0.0,13671.703971,26.0,262284.0,355464.303246,2026-01-10T00:00:00,2026-07-28T00:00:00,2026-08-02T00:00:00,2026-08-02T00:00:00,206,7,2,2,cd7e6f88-8ef4-11f1-9b18-005056b2a5de,3048249d-7e18-454e-acf0-2781c1daab51,c5954a39-8ef4-11f1-9b18-005056b2a5de,179
06__RBC__COL__TRE__1,4710168714812,COLGATE Bàn Chải Đánh Răng Trẻ Em,Chăm Sóc Răng Miệng,Cái,0.0,37037.0,0.0,33760.384615,10.0,176346.0,337603.84615,2025-11-09T00:00:00,2025-11-09T00:00:00,2026-07-07T00:00:00,2026-07-07T00:00:00,268,268,28,28,cd7fff60-8ef4-11f1-9b18-005056b2a5de,2a8e4e0f-50f1-4c1c-9cc4-7cf868b7c0a6,c5954a39-8ef4-11f1-9b18-005056b2a5de,180
CBCMMCSN01,8935236000666,COLGATE Bàn Chải Mềm Mảnh Chăm Sóc Nướu,Chăm Sóc Vệ Sinh Cá Nhân,Cái,0.0,23148.0,0.0,23148.0,13.0,343200.0,300924.0,2026-06-28T00:00:00,2026-06-28T00:00:00,2026-07-27T00:00:00,2026-07-27T00:00:00,37,37,8,8,cd7f4df8-8ef4-11f1-9b18-005056b2a5de,97df2c37-44bc-4d2c-9703-20ef04482997,c5954a39-8ef4-11f1-9b18-005056b2a5de,181
06__RBC__COL__MEM__3,8935236000253,COLGATE Bàn Chải Mềm Mảnh Chăm Sóc Nướu (3cây),Chăm Sóc Răng Miệng,Cái,0.0,41667.0,0.0,41666.8,14.0,409501.0,583335.2,2026-03-30T00:00:00,2026-03-30T00:00:00,2026-03-16T00:00:00,2026-03-16T00:00:00,127,127,141,141,cd804caa-8ef4-11f1-9b18-005056b2a5de,7613427d-0c60-4f85-8a0e-ea71516df25a,c5954a39-8ef4-11f1-9b18-005056b2a5de,182
06__RBC__COL__MAH__3,8935236000758,COLGATE Bàn Chải Mềm Mảnh Sạch Sâu Hiệu Quả (3cây),Chăm Sóc Răng Miệng,Cái,0.0,46296.0,0.0,46296.0,0.0,0.0,0.0,2026-05-18T00:00:00,2026-05-20T00:00:00,2026-07-11T00:00:00,2026-07-11T00:00:00,78,76,24,24,cd7eff2b-8ef4-11f1-9b18-005056b2a5de,5698de83-508d-41bb-9c85-549e309b63a1,c5954a39-8ef4-11f1-9b18-005056b2a5de,183
CKDRNSR401,8850006932223,COLGATE Kem Đánh Răng Ngừa Sâu Răng 45g,Chăm Sóc Vệ Sinh Cá Nhân,Hộp,0.0,14815.0,0.0,14815.0,14.0,109228.0,207410.0,2026-06-16T00:00:00,2026-06-28T00:00:00,2026-08-02T00:00:00,2026-08-02T00:00:00,49,37,2,2,cd7e737e-8ef4-11f1-9b18-005056b2a5de,adad992d-6b77-465e-8586-c70bb40648bc,c5954a39-8ef4-11f1-9b18-005056b2a5de,184
06__RKD__COL__PRO__110,8850006327647,COLGATE Kem Đánh Răng Sensitive Pro-Relief 110g,Chăm Sóc Răng Miệng,Cái,0.0,83333.0,0.0,70370.727273,14.0,777000.0,985190.181822,2026-03-30T00:00:00,2026-03-30T00:00:00,2026-07-13T00:00:00,2026-07-13T00:00:00,127,127,22,22,cd7e2933-8ef4-11f1-9b18-005056b2a5de,e2388570-50f2-4e65-a645-5b29dcd89eed,c5954a39-8ef4-11f1-9b18-005056b2a5de,185
06__RKD__COL__TOT__150,8850006325636,COLGATE Kem Đánh Răng Total Active Prevention 150g,Chăm Sóc Răng Miệng,Cái,0.0,62037.0,0.0,55117.105263,28.0,1203124.0,1543278.947364,2026-03-30T00:00:00,2026-07-27T00:00:00,2026-07-27T00:00:00,2026-07-27T00:00:00,127,8,8,8,cd7f693a-8ef4-11f1-9b18-005056b2a5de,c178e9d9-4eb1-4b7d-bf13-480dbdb14b16,c5954a39-8ef4-11f1-9b18-005056b2a5de,186
CKDRTE401,8850006930977,COLGATE Kem Đánh Răng Trẻ Em 40g,Chăm Sóc Vệ Sinh Cá Nhân,Hộp,0.0,34259.0,0.0,34259.0,20.0,370000.0,685180.0,2026-06-16T00:00:00,2026-06-28T00:00:00,2026-07-10T00:00:00,2026-07-10T00:00:00,49,37,25,25,cd7f5ee6-8ef4-11f1-9b18-005056b2a5de,c7633ff0-3419-4f3e-964c-4945d7440878,c5954a39-8ef4-11f1-9b18-005056b2a5de,187
06__RKD__COL__VMC__90,8850006933015,COLGATE Kem Đánh Răng VitaminC Thơm Mát 90g,Chăm Sóc Răng Miệng,Cái,0.0,25926.0,0.0,23958.25,21.0,323546.0,503123.25,2026-03-30T00:00:00,2026-07-27T00:00:00,2026-08-02T00:00:00,2026-08-02T00:00:00,127,8,2,2,cd7e87cb-8ef4-11f1-9b18-005056b2a5de,8d5a56e9-eedf-457f-a6cc-6a36ecac4f9e,c5954a39-8ef4-11f1-9b18-005056b2a5de,188
11__VNX__COM__HOA__1800,8934868172888,COMFORT Nước Xả Hương Nước Hoa Quyến Rũ 1.8L,Chăm Sóc Quần Áo,Bịch,0.0,129630.0,0.0,129630.0,3.0,308967.0,388890.0,,,2025-11-08T00:00:00,2025-11-08T00:00:00,,,269,269,cd802077-8ef4-11f1-9b18-005056b2a5de,01415de9-fba3-4beb-9f82-048e93c6ca45,c5954a39-8ef4-11f1-9b18-005056b2a5de,189
11__VNX__COM__BMI__1800,8934868150404,COMFORT Nước Xả Một Lần Xả Hương Ban Mai 1.8L,Chăm Sóc Quần Áo,Bịch,0.0,131481.0,0.0,131481.0,3.0,308967.0,394443.0,,,2025-10-29T00:00:00,2025-10-29T00:00:00,,,279,279,cd802e88-8ef4-11f1-9b18-005056b2a5de,31d8a63e-dc11-4a99-9898-84295c475b1a,c5954a39-8ef4-11f1-9b18-005056b2a5de,190
11__VNX__COM__DNH__5000,58934588843079,Comfort NX Chuyên Dụng Dịu Nhẹ Thơm Hương Phấn 5L,Chăm Sóc Quần Áo,Can,0.0,0.0,0.0,0.0,4.0,911833.0,0.0,2026-02-10T00:00:00,2026-02-10T00:00:00,,,175,175,,,cd7f26d5-8ef4-11f1-9b18-005056b2a5de,303fd430-0f71-4372-a44d-9845bf9a223c,c5954a39-8ef4-11f1-9b18-005056b2a5de,191
01__NLU__COM__LUU__330,8936236470466,COMPACT Nước Tăng Lực Vị Lựu Chai 330ml,Nước Tăng Lực,Chai,0.0,11818.0,0.0,11902.956897,6.0,40744.0,71417.741382,2025-12-10T00:00:00,2026-05-14T00:00:00,2026-05-29T00:00:00,2026-05-29T00:00:00,237,82,67,67,cd7e54f4-8ef4-11f1-9b18-005056b2a5de,9dc22f12-b3b8-4a8c-9bda-d58e93b582e7,c5954a39-8ef4-11f1-9b18-005056b2a5de,192
04__PMM__CBC__TTG__112,3073781154351,CONBOCUOI Phô Mai Vị Truyền Thống Hộp 8 Miếng 112g,Phô Mai,Hộp,0.0,46296.0,0.0,43926.026667,0.0,0.0,0.0,2026-01-10T00:00:00,2026-05-22T00:00:00,2026-07-23T00:00:00,2026-07-23T00:00:00,206,74,12,12,cd7e7b80-8ef4-11f1-9b18-005056b2a5de,319e6969-fbd7-490b-9267-09b921bba286,c5954a39-8ef4-11f1-9b18-005056b2a5de,193
04__PMM__CBC__DAU__78,3073781153859,CONBOCUOI Phô Mai Vuông Vị Dâu 78g,Phô Mai,Bịch,0.0,57407.0,14333.333333,54938.333333,-2.0,0.0,-109876.666666,2025-12-10T00:00:00,2026-01-10T00:00:00,2026-08-02T00:00:00,2026-08-02T00:00:00,237,206,2,2,cd7e3f97-8ef4-11f1-9b18-005056b2a5de,fca7d0ee-768d-4754-99c9-03ee72a1eebd,c5954a39-8ef4-11f1-9b18-005056b2a5de,194
04__PMM__CBC__TTG__78,3073781110685,CONBOCUOI Phô Mai Vuông Vị Truyền Thống 78g,Phô Mai,Bịch,0.0,57407.0,14333.333333,55259.2,-5.0,0.0,-276296.0,2025-12-10T00:00:00,2026-01-10T00:00:00,2026-07-26T00:00:00,2026-07-26T00:00:00,237,206,9,9,cd7f4441-8ef4-11f1-9b18-005056b2a5de,208a0e25-2335-45a2-b676-ca132a32d598,c5954a39-8ef4-11f1-9b18-005056b2a5de,195
04__PMM__CBC__VQT__78,3073781203875,CONBOCUOI Phô Mai Vuông Vị Việt Quất 78g,Phô Mai,Bịch,0.0,57407.0,4777.777778,55870.638298,1.0,43000.0,55870.638298,2025-12-10T00:00:00,2026-05-22T00:00:00,2026-07-29T00:00:00,2026-07-29T00:00:00,237,74,6,6,cd7ebf93-8ef4-11f1-9b18-005056b2a5de,5a85a85b-18c7-4cde-9672-98372226e00d,c5954a39-8ef4-11f1-9b18-005056b2a5de,196
03__KGU__COL__BHA__40,8936114081098,COOLAIR Kẹo Gum Hương Bạc Hà 40g,Kẹo Gum,Hũ,0.0,41667.0,0.0,41666.833333,0.0,0.0,0.0,,,2026-02-19T00:00:00,2026-02-19T00:00:00,,,166,166,cd7f543a-8ef4-11f1-9b18-005056b2a5de,5db4d81a-d1d6-4d6d-a815-6a70bd8ccc07,c5954a39-8ef4-11f1-9b18-005056b2a5de,197
03__KGU__COL__VAG__40,8936114081111,COOLAIR Kẹo Gum Hương Chanh Mật Ong Vàng 40g,Kẹo Gum,Hũ,0.0,41667.0,0.0,40895.333333,0.0,0.0,0.0,,,2026-03-11T00:00:00,2026-03-11T00:00:00,,,146,146,cd7e557b-8ef4-11f1-9b18-005056b2a5de,f87d0d3a-f963-4a7e-b07f-12780acae60d,c5954a39-8ef4-11f1-9b18-005056b2a5de,198
03__KGU__COL__MOG__40,8936114080961,COOLAIR Kẹo Gum Hương Quả Mọng 40g,Kẹo Gum,Hũ,0.0,37037.0,0.0,35879.5,0.0,84006.0,0.0,2026-03-26T00:00:00,2026-03-26T00:00:00,2026-05-31T00:00:00,2026-05-31T00:00:00,131,131,65,65,cd805269-8ef4-11f1-9b18-005056b2a5de,f3ef839f-65f1-4d32-90ea-3dc4e685f9ec,c5954a39-8ef4-11f1-9b18-005056b2a5de,199
03__KGU__COL__XDG__55,8936114080022,COOLAIR Kẹo Gum Khuynh Diệp Hũ Xanh Dương 55.4g,Kẹo Gum,Hũ,0.0,37037.0,0.0,34203.0,15.0,396000.0,513045.0,2025-12-30T00:00:00,2026-07-11T00:00:00,2026-07-28T00:00:00,2026-07-28T00:00:00,217,24,7,7,cd7e77b5-8ef4-11f1-9b18-005056b2a5de,71325bae-61ea-490b-9e3f-f991d9851049,c5954a39-8ef4-11f1-9b18-005056b2a5de,200
10__VPG__COP__PA4__500,8991389139004,COPY Paper Xấp Giấy A4 500 Tờ,Văn Phòng Phẩm,Gam,0.0,80556.0,0.0,80556.0,0.0,0.0,0.0,,,2026-03-03T00:00:00,2026-03-03T00:00:00,,,154,154,cd803fec-8ef4-11f1-9b18-005056b2a5de,2af09c6e-e557-44f3-88ce-c48aa683a8a0,c5954a39-8ef4-11f1-9b18-005056b2a5de,201
10__VPG__COP__PA5__500,8991389139622,COPY Paper Xấp Giấy A5 500 Tờ,Văn Phòng Phẩm,Gam,0.0,41667.0,0.0,41667.0,8.0,249600.0,333336.0,,,2026-03-20T00:00:00,2026-03-20T00:00:00,,,137,137,cd7f5802-8ef4-11f1-9b18-005056b2a5de,ef233ea9-8df9-4dcf-b341-03ba234cef6a,c5954a39-8ef4-11f1-9b18-005056b2a5de,202
03__TRH__COZ__HTR__50,8936010530072,COZY Hồng Trà Hộp 50g,Trà Hộp,Hộp,0.0,43519.0,0.0,43519.0,0.0,0.0,0.0,,,2026-06-07T00:00:00,2026-06-07T00:00:00,,,58,58,cd7f1722-8ef4-11f1-9b18-005056b2a5de,c6425955-9fdd-4b9b-bdde-8dab5319fced,c5954a39-8ef4-11f1-9b18-005056b2a5de,203
03__TRH__COZ__NHA__50,8936010530096,COZY Hương Nhài Hộp 50g,Trà Hộp,Hộp,0.0,34259.0,0.0,34259.0,5.0,54980.0,171295.0,2026-05-18T00:00:00,2026-05-18T00:00:00,2026-04-30T00:00:00,2026-04-30T00:00:00,78,78,96,96,cd7f0c32-8ef4-11f1-9b18-005056b2a5de,ffd3c7cb-5c49-4e33-938c-12a237ef765e,c5954a39-8ef4-11f1-9b18-005056b2a5de,204
03__TRH__COZ__ATI__50,8936010530195,COZY Trà Atiso 365 Hộp 50g,Trà Hộp,Hộp,0.0,22222.0,0.0,22222.0,3.0,52488.0,66666.0,,,2026-07-04T00:00:00,2026-07-04T00:00:00,,,31,31,cd7e9076-8ef4-11f1-9b18-005056b2a5de,5af7253e-8934-4339-8bf7-83c3734017e9,c5954a39-8ef4-11f1-9b18-005056b2a5de,205
01__TDC__COZ__DAO__455,8936010532106,COZY Trà Đào Sả Chai 455ml,Trà Đóng Chai,Chai,0.0,11111.0,0.0,11111.0,1.0,0.0,11111.0,2025-11-09T00:00:00,2025-11-09T00:00:00,2025-12-23T00:00:00,2025-12-23T00:00:00,268,268,224,224,cd7fce97-8ef4-11f1-9b18-005056b2a5de,87f026c3-d3b4-406d-bf69-2feece121fd2,c5954a39-8ef4-11f1-9b18-005056b2a5de,206
01__TDH__COZ__DAO__225,8936010532069,COZY Trà Đào Sả Hộp 225ml,Trà Đóng Hộp,Hộp,0.0,8333.0,0.0,8333.2,0.0,0.0,0.0,2025-11-09T00:00:00,2025-11-09T00:00:00,2025-12-23T00:00:00,2025-12-23T00:00:00,268,268,224,224,cd7fef0a-8ef4-11f1-9b18-005056b2a5de,4155f2aa-4c12-400b-8065-e51ab584f656,c5954a39-8ef4-11f1-9b18-005056b2a5de,207
03__TRH__COZ__SEN__50,8936010530102,COZY Trà Hương Sen Hộp,Trà Hộp,Hộp,0.0,34259.0,0.0,34259.0,0.0,0.0,0.0,,,2025-12-18T00:00:00,2025-12-18T00:00:00,,,229,229,cd7f3736-8ef4-11f1-9b18-005056b2a5de,9497706c-a608-4d20-aa8e-0793ac10cff8,c5954a39-8ef4-11f1-9b18-005056b2a5de,208
01__TDC__COZ__XOA__455,8936010532120,COZY Trà Ô Long Xoài Chai 455ml,Trà Đóng Chai,Chai,0.0,11111.0,0.0,11111.0,0.0,0.0,0.0,,,2025-12-22T00:00:00,2025-12-22T00:00:00,,,225,225,cd7eeed6-8ef4-11f1-9b18-005056b2a5de,509dc08c-af8a-42f3-8029-60b3d0b53ea9,c5954a39-8ef4-11f1-9b18-005056b2a5de,209
01__TDC__COZ__TAC__455,8936010532090,COZY Trà Tắc Mật Ong Chai 455ml,Trà Đóng Chai,Chai,0.0,11111.0,0.0,11111.0,0.0,0.0,0.0,,,2025-12-27T00:00:00,2025-12-27T00:00:00,,,220,220,cd7e91a7-8ef4-11f1-9b18-005056b2a5de,ecd4dd3e-1be6-44c1-aa40-003166e74721,c5954a39-8ef4-11f1-9b18-005056b2a5de,210
01__TDC__COZ__VAI__455,8936010532113,COZY Trà Vải Chai 455ml,Trà Đóng Chai,Chai,0.0,11111.0,0.0,11111.0,0.0,0.0,0.0,2025-11-09T00:00:00,2025-11-09T00:00:00,2025-12-22T00:00:00,2025-12-22T00:00:00,268,268,225,225,cd7fd7d6-8ef4-11f1-9b18-005056b2a5de,d7dcbf9a-92ef-4993-8684-63f9af9ccbec,c5954a39-8ef4-11f1-9b18-005056b2a5de,211
03__TRH__COZ__TNN__50,8936010530089,COZY Trà Xanh Thái Nguyên Hộp 50g,Trà Hộp,Hộp,0.0,34259.0,0.0,33641.666667,5.0,17181.0,168208.333335,2025-11-09T00:00:00,2026-02-09T00:00:00,2026-06-29T00:00:00,2026-06-29T00:00:00,268,176,36,36,cd802956-8ef4-11f1-9b18-005056b2a5de,00a4296e-6f13-4b34-b55c-8bfc7bab3e88,c5954a39-8ef4-11f1-9b18-005056b2a5de,212
02__MTO__KOO__BBQ__105,8936104380316,CUNG ĐÌNH Kool Mì Tô Trộn BBQ 105g,Mì Tô,Tô,0.0,20370.0,1675.589189,20370.096591,9.0,322000.0,183330.869319,2025-11-27T00:00:00,2026-07-15T00:00:00,2026-08-01T00:00:00,2026-08-01T00:00:00,250,20,3,3,cd7db402-8ef4-11f1-9b18-005056b2a5de,79290a43-da42-4903-8680-718764145f93,c5954a39-8ef4-11f1-9b18-005056b2a5de,213
02__MTO__KOO__SPA__105,8936104380163,CUNG ĐÌNH Kool Mì Tô Trộn Spaghetti 105g,Mì Tô,Tô,0.0,20370.0,0.0,20370.109375,9.0,161000.0,183330.984375,2025-11-27T00:00:00,2026-07-15T00:00:00,2026-08-02T00:00:00,2026-08-02T00:00:00,250,20,2,2,cd7dff8b-8ef4-11f1-9b18-005056b2a5de,1da573af-36a9-4bf6-a383-667890a25aae,c5954a39-8ef4-11f1-9b18-005056b2a5de,214
02__MTO__CDH__TMI__90,8936010680999,CUNG ĐÌNH Kool Mì Tô Trứng Muối 90g,Mì Tô,Tô,0.0,21296.0,0.0,21296.0,0.0,0.0,0.0,,,2025-12-15T00:00:00,2025-12-15T00:00:00,,,232,232,cd7f0fc5-8ef4-11f1-9b18-005056b2a5de,2e9e2a9d-7317-4802-81d2-26030d2fde43,c5954a39-8ef4-11f1-9b18-005056b2a5de,215
02__MTO__KOO__TCC__85,8936104380446,CUNG ĐÌNH Mì Tô Lẩu Tôm Chua Cay 85g,Mì Tô,Tô,0.0,18519.0,0.0,18518.82243,2.0,288000.0,37037.64486,2025-11-27T00:00:00,2026-06-17T00:00:00,2026-07-03T00:00:00,2026-07-03T00:00:00,250,48,32,32,cd7dccdd-8ef4-11f1-9b18-005056b2a5de,6724d324-5a00-4732-a210-625358dd2df0,c5954a39-8ef4-11f1-9b18-005056b2a5de,216
01__RSJ__DAM__CLA__360,8809018212038,DAMSO Rượu Soju Hàn Quốc Truyền Thống 360ml,Rượu Soju,Chai,0.0,81818.0,0.0,82210.87037,16.0,1758735.0,1315373.92592,2026-01-01T00:00:00,2026-07-16T00:00:00,2026-08-01T00:00:00,2026-08-01T00:00:00,215,19,3,3,cd7fb202-8ef4-11f1-9b18-005056b2a5de,c6740238-638d-477c-a01f-aa6e05a8bb9e,c5954a39-8ef4-11f1-9b18-005056b2a5de,217
01__RSJ__DAM__DAO__360,8809018212052,DAMSO Rượu Soju Hàn Quốc Vị Đào 360ml,Rượu Soju,Chai,0.0,81818.2,0.0,82636.24,0.0,426360.0,0.0,2026-01-01T00:00:00,2026-01-30T00:00:00,2026-04-12T00:00:00,2026-04-12T00:00:00,215,186,114,114,cd7e80c4-8ef4-11f1-9b18-005056b2a5de,853c1209-b1b3-40dc-8e74-748da160cf38,c5954a39-8ef4-11f1-9b18-005056b2a5de,218
01__RSJ__DAM__NHO__360,8809018212076,DAMSO Rượu Soju Hàn Quốc Vị Nho Xanh 360ml,Rượu Soju,Chai,0.0,81818.0,0.0,82128.769231,11.0,1065900.0,903416.461541,2026-01-01T00:00:00,2026-07-16T00:00:00,2026-08-01T00:00:00,2026-08-01T00:00:00,215,19,3,3,cd7e34b4-8ef4-11f1-9b18-005056b2a5de,42abd3f4-efea-479d-82ac-45a9a0604f19,c5954a39-8ef4-11f1-9b18-005056b2a5de,219
01__RSJ__DAM__TAO__360,8809018212045,DAMSO Rượu Soju Hàn Quốc Vị Táo 360ml,Rượu Soju,Chai,0.0,81818.0,0.0,81949.771739,12.0,1771814.0,983397.260868,2026-01-01T00:00:00,2026-07-16T00:00:00,2026-08-01T00:00:00,2026-08-01T00:00:00,215,19,3,3,cd7e8299-8ef4-11f1-9b18-005056b2a5de,7b84cc97-078b-41c9-b4a9-2031c57d9809,c5954a39-8ef4-11f1-9b18-005056b2a5de,220
01__RSJ__DAM__VQT__360,8809018212137,DAMSO Rượu Soju Hàn Quốc Vị Việt Quất 360ml,Rượu Soju,Chai,0.0,81818.0,0.0,82061.535714,13.0,1385700.0,1066799.964282,2026-01-01T00:00:00,2026-07-16T00:00:00,2026-08-01T00:00:00,2026-08-01T00:00:00,215,19,3,3,cd7e4fd7-8ef4-11f1-9b18-005056b2a5de,7851a6ac-099b-45cc-915b-13acbb286352,c5954a39-8ef4-11f1-9b18-005056b2a5de,221
05__GMO__DHF__CHH__200,8936079287931,DH FOOD Muối Ớt Chanh Hũ 100g,Gia Vị Nhà Bếp,Chai,0.0,13889.0,0.0,13889.0,0.0,0.0,0.0,,,2026-06-26T00:00:00,2026-06-26T00:00:00,,,39,39,cd7f1953-8ef4-11f1-9b18-005056b2a5de,47c14a59-dc8c-4e38-81f8-5011c175eb07,c5954a39-8ef4-11f1-9b18-005056b2a5de,222
05__GMT__DHF__TNH__60,8936079282233,DH FOOD Muối Tôm Tây Ninh Hũ 60g,Gia Vị Nhà Bếp,Chai,0.0,13889.0,0.0,13889.0,1.0,9500.0,13889.0,,,2026-05-02T00:00:00,2026-05-02T00:00:00,,,94,94,cd7e9699-8ef4-11f1-9b18-005056b2a5de,60057ca3-ab0c-4bda-b1ee-7998389e0ca7,c5954a39-8ef4-11f1-9b18-005056b2a5de,223
06__VSB__DIA__FRE__20,8934755014314,DIANA Băng Vệ Sinh HN Cool Fresh 20,Chăm Sóc Vệ Sinh Cá Nhân,Bịch,0.0,27778.0,9000.0,25823.111111,7.0,121269.0,180761.777777,2026-03-05T00:00:00,2026-06-24T00:00:00,2026-07-26T00:00:00,2026-07-26T00:00:00,152,41,9,9,cd7f3a01-8ef4-11f1-9b18-005056b2a5de,c9585f6c-5b10-4106-b7bb-7f8e39e09dc5,c5954a39-8ef4-11f1-9b18-005056b2a5de,224
06__VSB__DIA__SCF__238,8934755020049,DIANA Băng Vệ Sinh Sensi Cool Fresh SMC 23cm x 8 Miếng,Chăm Sóc Vệ Sinh Cá Nhân,Bịch,0.0,29630.0,10125.0,25926.0,21.0,451488.0,544446.0,2026-03-05T00:00:00,2026-07-30T00:00:00,2026-08-01T00:00:00,2026-08-01T00:00:00,152,5,3,3,cd7dede3-8ef4-11f1-9b18-005056b2a5de,2f4a095b-ac45-4224-8631-daf83b683ec1,c5954a39-8ef4-11f1-9b18-005056b2a5de,225
06__VSB__DIA__SCS__353,8934755010408,DIANA Băng Vệ Sinh Sensi Cool Fresh Super Night 35cm x 3 Miếng,Chăm Sóc Vệ Sinh Cá Nhân,Bịch,0.0,31481.5,6250.0,24903.4375,17.0,315376.0,423358.4375,2026-03-05T00:00:00,2026-07-30T00:00:00,2026-07-26T00:00:00,2026-07-26T00:00:00,152,5,9,9,cd7f5aa0-8ef4-11f1-9b18-005056b2a5de,e33ce395-8527-4147-9c88-91737cb9ec91,c5954a39-8ef4-11f1-9b18-005056b2a5de,226
06__VSB__DIA__SHN__15520,8934755014154,DIANA Băng Vệ Sinh Sensi HN KK 155mm 20 Miếng,Chăm Sóc Vệ Sinh Cá Nhân,Bịch,0.0,23148.0,0.0,19510.785714,13.0,186698.0,253640.214282,2026-06-24T00:00:00,2026-06-24T00:00:00,2026-07-26T00:00:00,2026-07-26T00:00:00,41,41,9,9,cd8031ee-8ef4-11f1-9b18-005056b2a5de,53de7713-d50f-498f-b5d8-3b26a1c896c1,c5954a39-8ef4-11f1-9b18-005056b2a5de,227
06__VSB__DIA__SEN__20,8934755010347,DIANA Băng Vệ Sinh Sensi Khô Thoáng 20 Miếng,Chăm Sóc Vệ Sinh Cá Nhân,Bịch,0.0,55556.0,0.0,50308.666667,6.0,105257.0,301852.000002,2025-11-09T00:00:00,2026-05-17T00:00:00,2026-07-26T00:00:00,2026-07-26T00:00:00,268,79,9,9,cd7f8591-8ef4-11f1-9b18-005056b2a5de,3c1cf0b5-99b4-4cbb-b20f-7d698bf8f807,c5954a39-8ef4-11f1-9b18-005056b2a5de,228
06__VSB__DIA__SMC__238,8934755010255,DIANA Băng Vệ Sinh Sensi SMC 23cm x 8 Miếng,Chăm Sóc Vệ Sinh Cá Nhân,Bịch,0.0,27778.0,6857.142857,24305.5,12.0,241247.0,291666.0,2026-03-05T00:00:00,2026-07-30T00:00:00,2026-07-28T00:00:00,2026-07-28T00:00:00,152,5,7,7,cd7e0beb-8ef4-11f1-9b18-005056b2a5de,d6e4daa3-9930-477b-8786-4a87593cb112,c5954a39-8ef4-11f1-9b18-005056b2a5de,229
06__VSB__DIA__STM__20,8934755010330,DIANA Băng Vệ Sinh Siêu Thấm 20 Miếng,Chăm Sóc Vệ Sinh Cá Nhân,Bịch,0.0,55556.0,0.0,53021.684211,8.0,302461.0,424173.473688,2025-11-09T00:00:00,2026-07-30T00:00:00,2026-07-31T00:00:00,2026-07-31T00:00:00,268,5,4,4,cd7ea690-8ef4-11f1-9b18-005056b2a5de,84d86eac-029d-4f11-a563-efb65c7619b7,c5954a39-8ef4-11f1-9b18-005056b2a5de,230
06__VSB__DIA__SNI__35,8934755010231,DIANA Băng Vệ Sinh Siêu Thấm Supernight 35cm (3+1),Chăm Sóc Vệ Sinh Cá Nhân,Bịch,0.0,27778.0,6500.0,25272.352941,13.0,228436.0,328540.588233,2026-03-05T00:00:00,2026-07-13T00:00:00,2026-07-31T00:00:00,2026-07-31T00:00:00,152,22,4,4,cd7f078f-8ef4-11f1-9b18-005056b2a5de,b567bb59-7a9c-4143-be44-10dab3bf718b,c5954a39-8ef4-11f1-9b18-005056b2a5de,231
06__VSB__DIA__MOV__8M,8934755014147,DIANA BVS Hàng Ngày Kháng Khuẩn Mỏng Vừa 8M,Chăm Sóc Vệ Sinh Cá Nhân,Bịch,0.0,12037.0,0.0,12037.0,17.0,113851.0,204629.0,2026-02-02T00:00:00,2026-07-30T00:00:00,2026-07-29T00:00:00,2026-07-29T00:00:00,183,5,6,6,cd7ee253-8ef4-11f1-9b18-005056b2a5de,a1c7093f-8a38-4ee0-95db-561f724befcb,c5954a39-8ef4-11f1-9b18-005056b2a5de,232
06__VSB__DIA__SEN__81,8934755020230,DIANA BVS Sensi Cool Fresh SMC (8+1),Chăm Sóc Vệ Sinh Cá Nhân,Bịch,0.0,32407.0,0.0,32407.148148,1.0,19996.0,32407.148148,2026-04-28T00:00:00,2026-05-25T00:00:00,2026-07-02T00:00:00,2026-07-02T00:00:00,98,71,33,33,cd7ee544-8ef4-11f1-9b18-005056b2a5de,421abb60-cd9c-4560-a505-becc3920ac04,c5954a39-8ef4-11f1-9b18-005056b2a5de,233
06__VSB__DIA__STH__8MT2,8934755010156,DIANA BVS Siêu Thấm 8 Miếng Tặng 2,Chăm Sóc Vệ Sinh Cá Nhân,Bịch,0.0,27778.0,0.0,27778.0,6.0,112651.0,166668.0,2026-01-07T00:00:00,2026-07-13T00:00:00,2026-08-03T00:00:00,2026-08-03T00:00:00,209,22,1,1,cd7e74a4-8ef4-11f1-9b18-005056b2a5de,8184fb0c-2f67-41d1-ad99-ff68a83387d5,c5954a39-8ef4-11f1-9b18-005056b2a5de,234
06__VSD__DIA__FNC__150,8934755018022,DIANA Dung Dịch VSPN Fresh & Cool Chai 150ml,Chăm Sóc Vệ Sinh Cá Nhân,Chai,0.0,48148.0,0.0,48148.0,1.0,0.0,48148.0,2025-11-09T00:00:00,2025-11-09T00:00:00,2026-07-18T00:00:00,2026-07-18T00:00:00,268,268,17,17,cd801049-8ef4-11f1-9b18-005056b2a5de,c2008099-9c20-42bb-b52f-5ed4f5bb7d39,c5954a39-8ef4-11f1-9b18-005056b2a5de,235
06__VSD__DIA__FRE__150,8934755018008,DIANA Dung Dịch VSPN Odor Fresh+ 150ml,Chăm Sóc Vệ Sinh Cá Nhân,Chai,0.0,46296.0,0.0,46296.0,0.0,0.0,0.0,2025-11-09T00:00:00,2025-11-09T00:00:00,2026-03-20T00:00:00,2026-03-20T00:00:00,268,268,137,137,cd7feb53-8ef4-11f1-9b18-005056b2a5de,32fff679-38d2-4780-9ded-988543ffef75,c5954a39-8ef4-11f1-9b18-005056b2a5de,236
06__VSD__DIA__SKI__150,8934755018046,DIANA Dung Dịch VSPN Skincare+ 150ml,Chăm Sóc Vệ Sinh Cá Nhân,Chai,0.0,51852.0,0.0,51852.0,2.0,62830.0,103704.0,2025-11-09T00:00:00,2026-04-01T00:00:00,2026-07-30T00:00:00,2026-07-30T00:00:00,268,125,5,5,cd7fa10f-8ef4-11f1-9b18-005056b2a5de,deb28685-dcf9-44df-b757-de0a40b302f5,c5954a39-8ef4-11f1-9b18-005056b2a5de,237
02__HCA__DWN__CNU__150,8801047111849,DONGWON Cá Ngừ Trắng Hộp 150g,Cá Hộp,Hộp,0.0,59259.0,0.0,59259.0,4.0,192000.0,237036.0,,,2026-05-08T00:00:00,2026-05-08T00:00:00,,,88,88,cd7ee2db-8ef4-11f1-9b18-005056b2a5de,9a620ea6-a220-40e0-8553-86225bf45c95,c5954a39-8ef4-11f1-9b18-005056b2a5de,238
02__HCA__DWN__CAY__150,8801047123750,DONGWON Cá Ngừ Vị Ớt Hộp 150g,Cá Hộp,Hộp,0.0,59259.0,0.0,59259.0,2.0,96000.0,118518.0,,,2026-07-15T00:00:00,2026-07-15T00:00:00,,,20,20,cd7f08c0-8ef4-11f1-9b18-005056b2a5de,26a183cc-3302-47a5-971a-10cc6e92ee4f,c5954a39-8ef4-11f1-9b18-005056b2a5de,239
03__SKH__DOR__CAM__20,8935342400077,DORKBUA Snack Que Cam Thịt Heo Xông Khói 20g,Snack Khác,Bịch,0.0,12037.0,0.0,9432.8125,155.0,510000.0,1462085.9375,2025-11-09T00:00:00,2026-07-20T00:00:00,2026-08-01T00:00:00,2026-08-01T00:00:00,268,15,3,3,cd7fbad7-8ef4-11f1-9b18-005056b2a5de,95cf64c9-fd0a-4e9d-bdaa-679f9fb2a83d,c5954a39-8ef4-11f1-9b18-005056b2a5de,240
03__SKH__DOR__CAM__50,8935342400084,DORKBUA Snack Que Cam Thịt Heo Xông Khói 50g,Snack Khác,Bịch,0.0,14815.0,0.0,14459.815068,66.0,757148.0,954347.794488,2026-02-25T00:00:00,2026-07-20T00:00:00,2026-08-03T00:00:00,2026-08-03T00:00:00,160,15,1,1,cd803aec-8ef4-11f1-9b18-005056b2a5de,62f05d94-08aa-4b0f-b814-ac25650d720f,c5954a39-8ef4-11f1-9b18-005056b2a5de,241
03__SKH__DOR__DDO__20,8935342400015,DORKBUA Snack Que Đỏ Thịt Heo Xông Khói 20g,Snack Khác,Bịch,0.0,9259.0,0.0,9234.379679,164.0,510000.0,1514438.267356,2025-11-10T00:00:00,2026-07-20T00:00:00,2026-08-02T00:00:00,2026-08-02T00:00:00,267,15,2,2,cd7e0c8d-8ef4-11f1-9b18-005056b2a5de,b830c974-fc26-41aa-a09f-319d80e3b279,c5954a39-8ef4-11f1-9b18-005056b2a5de,242
03__SKH__DOR__DDO__55,8935342400022,DORKBUA Snack Que Đỏ Thịt Heo Xông Khói 55g,Snack Khác,Bịch,0.0,14815.0,0.0,14356.409524,39.0,422400.0,559899.971436,2026-02-25T00:00:00,2026-07-20T00:00:00,2026-08-01T00:00:00,2026-08-01T00:00:00,160,15,3,3,cd7e46cf-8ef4-11f1-9b18-005056b2a5de,91ba733e-b0f0-4284-9fb1-818a90ff693f,c5954a39-8ef4-11f1-9b18-005056b2a5de,243
03__KGU__DOU__PK5__14,9555192501107,DOUBLEMINT Kẹo Gum 5Sticks 13.5g,Kẹo Gum,Cái,0.0,6481.0,0.0,6481.10989,2.0,8000.0,12962.21978,,,2026-03-09T00:00:00,2026-03-09T00:00:00,,,148,148,cd7e32cf-8ef4-11f1-9b18-005056b2a5de,285073fb-e891-40e6-83a6-7636f43a7fbf,c5954a39-8ef4-11f1-9b18-005056b2a5de,244
03__KGU__DOU__BHA__58,8936114080084,DOUBLEMINT Kẹo Gum Bạc Hà 58.4g,Kẹo Gum,Hũ,0.0,37037.0,0.0,34239.8125,11.0,89859.0,376637.9375,2025-12-30T00:00:00,2026-07-11T00:00:00,2026-07-31T00:00:00,2026-07-31T00:00:00,217,24,4,4,cd7f69e6-8ef4-11f1-9b18-005056b2a5de,9b40c645-13a4-4341-920b-736efe2ff01a,c5954a39-8ef4-11f1-9b18-005056b2a5de,245
03__KGU__DOU__BHA__24,8997018480769,DOUBLEMINT Tuýp Ngậm Bạc Hà 23.8g,Kẹo Gum,Hũ,0.0,37037.0,0.0,33940.875,20.0,460000.0,678817.5,2026-03-16T00:00:00,2026-07-28T00:00:00,2026-08-02T00:00:00,2026-08-02T00:00:00,141,7,2,2,cd7ef697-8ef4-11f1-9b18-005056b2a5de,429e2668-7d6b-4b98-bdc8-34d97d42cab5,c5954a39-8ef4-11f1-9b18-005056b2a5de,246
03__KGU__DOU__CAM__24,8997018484217,DOUBLEMINT Tuýp Ngậm Hương Cam 23.8g,Kẹo Gum,Tuýp,0.0,37037.0,0.0,33333.05,13.0,439217.0,433329.65,2026-03-16T00:00:00,2026-07-28T00:00:00,2026-07-30T00:00:00,2026-07-30T00:00:00,141,7,5,5,cd7f46ff-8ef4-11f1-9b18-005056b2a5de,1b5d4288-c974-4508-adf7-36f0cac46565,c5954a39-8ef4-11f1-9b18-005056b2a5de,247
DTNHC201,8857122621376,DOUBLEMINT Tuýp Ngậm Hương Chanh 23.8g,,Hũ,0.0,37037.0,0.0,37037.0,-1.0,0.0,-37037.0,2026-05-22T00:00:00,2026-05-22T00:00:00,2026-08-01T00:00:00,2026-08-01T00:00:00,74,74,3,3,cd7f45cb-8ef4-11f1-9b18-005056b2a5de,c60f3c6d-3d7f-46aa-b0b8-c45327f8d7ff,c5954a39-8ef4-11f1-9b18-005056b2a5de,248
06__TGC__DOV__HOI__170,8934868180494,DOVE Dầu Gội Phục Hồi Hư Tổn 170g,Chăm Sóc Tóc,Chai,0.0,55556.0,0.0,55556.0,0.0,0.0,0.0,,,2026-03-11T00:00:00,2026-03-11T00:00:00,,,146,146,cd7e83cd-8ef4-11f1-9b18-005056b2a5de,bee3e3c2-09de-478d-af39-74f035d440f0,c5954a39-8ef4-11f1-9b18-005056b2a5de,249
06__TGC__DOV__HOI__190,8934868192138,DOVE Dầu Gội Phục Hồi Hư Tổn 190g,Chăm Sóc Tóc,Chai,0.0,83333.0,0.0,83333.0,6.0,334493.0,499998.0,2026-04-25T00:00:00,2026-06-22T00:00:00,2026-08-02T00:00:00,2026-08-02T00:00:00,101,43,2,2,cd7f7b16-8ef4-11f1-9b18-005056b2a5de,fbf6fa4f-d0c0-4d7d-b57a-14c96bc00033,c5954a39-8ef4-11f1-9b18-005056b2a5de,250
06__TXC__DOV__HOI__170,8934868192213,DOVE Kem Xả Phục HồI Hư Tổn 170g,Chăm Sóc Tóc,Chai,0.0,64815.0,0.0,59193.464286,9.0,446747.0,532741.178574,2026-03-30T00:00:00,2026-07-18T00:00:00,2026-07-29T00:00:00,2026-07-29T00:00:00,127,17,6,6,cd7e67e3-8ef4-11f1-9b18-005056b2a5de,f27f0c22-1730-4197-81c8-728dedbdc17a,c5954a39-8ef4-11f1-9b18-005056b2a5de,251
06__DKM__DOV__COL__45,4800888281654,DOVE Lăn Khử Mùi Tinh Chất Sáng Da Collagen 45ml,Chăm Sóc Da & Cơ Thể,Chai,0.0,78704.0,0.0,74074.0,3.0,170906.0,222222.0,2026-05-31T00:00:00,2026-05-31T00:00:00,2026-07-30T00:00:00,2026-07-30T00:00:00,65,65,5,5,cd7fbfcc-8ef4-11f1-9b18-005056b2a5de,bf19d147-4b2c-4920-a28a-e52aac3f607c,c5954a39-8ef4-11f1-9b18-005056b2a5de,252
06__DKM__DOV__VCE__45,4800888281678,DOVE Lăn Khử Mùi Tinh Chất Sáng Da Vit C&E 45ml,Chăm Sóc Da & Cơ Thể,Chai,0.0,69444.0,0.0,69444.0,6.0,341810.0,416664.0,2026-05-31T00:00:00,2026-05-31T00:00:00,2026-05-08T00:00:00,2026-05-08T00:00:00,65,65,88,88,cd7f66a1-8ef4-11f1-9b18-005056b2a5de,071ccffd-ae75-49b7-b1b7-9110468fa113,c5954a39-8ef4-11f1-9b18-005056b2a5de,253
06__DST__DOV__DBO__500,8934868188612,DOVE Sữa Tắm Invigorating Dầu Bơ & Hoa Cúc 500g,Chăm Sóc Da & Cơ Thể,Chai,0.0,148148.0,0.0,145678.666667,3.0,323232.0,437036.000001,2026-03-30T00:00:00,2026-03-30T00:00:00,2026-07-12T00:00:00,2026-07-12T00:00:00,127,127,23,23,cd806e8c-8ef4-11f1-9b18-005056b2a5de,8d6aeff6-da9b-46c6-8b67-b0584c0d937a,c5954a39-8ef4-11f1-9b18-005056b2a5de,254
06__DST__DOV__SAK__500,8934868188643,DOVE Sữa Tắm Radiance Hoa Sakura & Muối Hồng 500g,Chăm Sóc Da & Cơ Thể,Chai,0.0,144444.0,0.0,144444.0,1.0,112487.0,144444.0,,,2026-05-10T00:00:00,2026-05-10T00:00:00,,,86,86,cd7ed49b-8ef4-11f1-9b18-005056b2a5de,f2a1b985-ad96-4f92-b534-7ccfc6899964,c5954a39-8ef4-11f1-9b18-005056b2a5de,255
11__VNX__DOW__KOR__2600,4902430818742,DOWNY Nước Xả Vải Đậm Đặc Hương Nắng Mai Bịch 2.6L,Chăm Sóc Quần Áo,Bịch,0.0,211111.0,0.0,211111.0,2.0,342850.0,422222.0,,,2025-11-15T00:00:00,2025-11-15T00:00:00,,,262,262,cd802cc7-8ef4-11f1-9b18-005056b2a5de,db48aa66-192b-4f34-a2c8-7b1f35800c80,c5954a39-8ef4-11f1-9b18-005056b2a5de,256
11__VNX__DOW__KOR__2500,4987176298607,DOWNY Nước Xả Vải Đậm Đặc Korean Spring 2.5L,Chăm Sóc Quần Áo,Bịch,0.0,211111.0,0.0,211111.0,4.0,685700.0,844444.0,,,2026-05-07T00:00:00,2026-05-07T00:00:00,,,89,89,cd7fcb7b-8ef4-11f1-9b18-005056b2a5de,d75379d7-a6c7-45f6-8893-79defe7b1695,c5954a39-8ef4-11f1-9b18-005056b2a5de,257
11__VXI__DOW__PAS__370,4987176112729,DOWNY Nước Xịt Vải Passion Đam Mê 370ml,Chăm Sóc Quần Áo,Chai,0.0,111111.0,0.0,111111.0,4.0,360636.0,444444.0,,,2026-05-17T00:00:00,2026-05-17T00:00:00,,,79,79,cd7ef56c-8ef4-11f1-9b18-005056b2a5de,1f3ade60-6ef1-48e3-bb03-b108dcc68a76,c5954a39-8ef4-11f1-9b18-005056b2a5de,258
09__SKB__DUR__LUB__10,5052197050295,DUREX BCS Durex Invisible Extra Thin Extra Lubricated 10,Chăm Sóc Cá Nhân,Hộp,0.0,277778.0,0.0,281746.0,-4.0,0.0,-1126984.0,,,2026-06-27T00:00:00,2026-06-27T00:00:00,,,38,38,cd7f3080-8ef4-11f1-9b18-005056b2a5de,20ece2ed-70ab-4205-b0a5-aa654e63648d,c5954a39-8ef4-11f1-9b18-005056b2a5de,259
09__SKB__DUR__INV__10,5052197050264,DUREX BCS Durex Invisible Extra Thin Extra Sensitive 10,Chăm Sóc Cá Nhân,Hộp,0.0,250000.0,0.0,250000.0,10.0,0.0,2500000.0,2025-12-04T00:00:00,2026-03-05T00:00:00,2026-02-20T00:00:00,2026-02-20T00:00:00,243,152,165,165,cd7f15f7-8ef4-11f1-9b18-005056b2a5de,af6092a3-ba72-4f77-a36d-5d0d6f3aae3f,c5954a39-8ef4-11f1-9b18-005056b2a5de,260
09__SKB__DUR__FET__3,8850163000100,DUREX BCS Fetherlite 3S,Chăm Sóc Cá Nhân,Hộp,0.0,83333.0,0.0,83333.0,13.0,1131501.0,1083329.0,2025-12-04T00:00:00,2026-06-22T00:00:00,2026-07-29T00:00:00,2026-07-29T00:00:00,243,43,6,6,cd7e851e-8ef4-11f1-9b18-005056b2a5de,27dea953-b95e-48f4-900f-37f1faead059,c5954a39-8ef4-11f1-9b18-005056b2a5de,261
09__SKB__DUR__INV__3,5052197050233,DUREX BCS Invisible Extra Thin 3S,Chăm Sóc Cá Nhân,Hộp,0.0,101852.0,0.0,94577.035714,23.0,2317266.0,2175271.821422,2025-12-04T00:00:00,2026-06-22T00:00:00,2026-07-29T00:00:00,2026-07-29T00:00:00,243,43,6,6,cd7da423-8ef4-11f1-9b18-005056b2a5de,7bcdd1cf-31b7-4030-85b3-8d5b59fc3505,c5954a39-8ef4-11f1-9b18-005056b2a5de,262
09__SKB__DUR__JEA__3,5052197059311,DUREX BCS Jeans 3S,Chăm Sóc Cá Nhân,Hộp,0.0,55556.0,0.0,55556.0,5.0,232176.0,277780.0,2025-12-04T00:00:00,2026-04-26T00:00:00,2026-07-30T00:00:00,2026-07-30T00:00:00,243,100,5,5,cd7fb407-8ef4-11f1-9b18-005056b2a5de,c4310fba-def2-4a51-b0ae-f6fddf55fb3c,c5954a39-8ef4-11f1-9b18-005056b2a5de,263
09__SKB__DUR__KIN__12,5052197036190,DUREX BCS Kingtex 12S,Chăm Sóc Cá Nhân,Hộp,0.0,152778.0,0.0,152778.0,6.0,796717.0,916668.0,2025-12-04T00:00:00,2026-04-26T00:00:00,2026-07-15T00:00:00,2026-07-15T00:00:00,243,100,20,20,cd7f8ff2-8ef4-11f1-9b18-005056b2a5de,1dc2b1cb-4d38-4223-9658-b1b0120a7df2,c5954a39-8ef4-11f1-9b18-005056b2a5de,264
09__SKB__DUR__KIN__3,5038483151648,DUREX BCS Kingtex 3S,Chăm Sóc Cá Nhân,Hộp,0.0,55556.0,0.0,55190.421053,10.0,333756.0,551904.21053,2025-12-04T00:00:00,2026-04-26T00:00:00,2026-07-21T00:00:00,2026-07-21T00:00:00,243,100,14,14,cd803132-8ef4-11f1-9b18-005056b2a5de,829c3247-65b8-4308-aa28-e6c6ac3eae86,c5954a39-8ef4-11f1-9b18-005056b2a5de,265
09__SKB__DUR__CLI__3,8850360038296,DUREX BCS Mutual Climax 3S,Chăm Sóc Cá Nhân,Hộp,0.0,101852.0,0.0,95062.0,16.0,960554.0,1520992.0,2026-03-21T00:00:00,2026-06-22T00:00:00,2026-08-01T00:00:00,2026-08-01T00:00:00,136,43,3,3,cd7eeb42-8ef4-11f1-9b18-005056b2a5de,4f12b853-03e2-4d03-9228-0a197b3caa54,c5954a39-8ef4-11f1-9b18-005056b2a5de,266
09__SKB__DUR__PER__12,5010232955226,DUREX BCS Performa 12S,Chăm Sóc Cá Nhân,Hộp,0.0,254630.0,0.0,254630.0,9.0,1833120.0,2291670.0,2025-12-04T00:00:00,2026-04-26T00:00:00,2026-08-02T00:00:00,2026-08-02T00:00:00,243,100,2,2,cd7fad05-8ef4-11f1-9b18-005056b2a5de,4b34954c-32c6-4549-8c56-2da8b68060ec,c5954a39-8ef4-11f1-9b18-005056b2a5de,267
09__SKB__DUR__PER__3,5010232955233,DUREX BCS Performa 3S,Chăm Sóc Cá Nhân,Hộp,0.0,87963.0,0.0,84056.5,23.0,1784727.0,1933299.5,2025-12-04T00:00:00,2026-06-22T00:00:00,2026-07-25T00:00:00,2026-07-25T00:00:00,243,43,10,10,cd7e0aa7-8ef4-11f1-9b18-005056b2a5de,7b31f3f8-eea7-4382-9657-49801ef5fb4e,c5954a39-8ef4-11f1-9b18-005056b2a5de,268
09__SKB__DUR__PLE__3,5038483234198,DUREX BCS Pleasuremax 3S,Chăm Sóc Cá Nhân,Hộp,0.0,83333.0,0.0,83333.0,17.0,1028475.0,1416661.0,2025-12-04T00:00:00,2026-06-22T00:00:00,2026-08-01T00:00:00,2026-08-01T00:00:00,243,43,3,3,cd7e9a34-8ef4-11f1-9b18-005056b2a5de,7c842e20-fae1-4a0b-8e39-8427d40c35fa,c5954a39-8ef4-11f1-9b18-005056b2a5de,269
09__SKG__DUR__CLA__50,5052197061284,DUREX Gel Bôi Trơn Play Classic 50ml,Chăm Sóc Cá Nhân,Chai,0.0,111111.0,0.0,111111.0,0.0,0.0,0.0,2025-12-04T00:00:00,2026-04-26T00:00:00,2026-07-29T00:00:00,2026-07-29T00:00:00,243,100,6,6,cd7f1bdd-8ef4-11f1-9b18-005056b2a5de,18f5bb99-62ce-4d5d-a301-d1a0169cf216,c5954a39-8ef4-11f1-9b18-005056b2a5de,270
03__KCU__DYN__BHA__112,8934564100352,DYNAMITE Kẹo Bạc Hà Nhân Socola 112g,Kẹo Cứng,Bịch,0.0,23148.0,0.0,20721.310345,0.0,0.0,0.0,2025-11-21T00:00:00,2026-05-23T00:00:00,2026-06-09T00:00:00,2026-06-09T00:00:00,256,73,56,56,cd7ec2e2-8ef4-11f1-9b18-005056b2a5de,62bf2374-b2a7-48b3-8f6f-e6b084b54bcc,c5954a39-8ef4-11f1-9b18-005056b2a5de,271
DKBHNS401,8934564100314,DYNAMITE Kẹo Bạc Hà Nhân Socola 42g,Kẹo Cứng,Bịch,0.0,9259.0,0.0,9259.111111,1.0,5300.0,9259.111111,2026-06-09T00:00:00,2026-06-09T00:00:00,2026-07-26T00:00:00,2026-07-26T00:00:00,56,56,9,9,cd7ea406-8ef4-11f1-9b18-005056b2a5de,1ad014ce-c33c-4671-9e83-13acee2e3e77,c5954a39-8ef4-11f1-9b18-005056b2a5de,272
03__KCU__DYN__SBH__112,8934564130014,DYNAMITE Kẹo Nhai Nhân Socola Hương Bạc Hà 112g (Đỏ),Kẹo Cứng,Bịch,0.0,27778.0,0.0,27778.0,0.0,113600.0,0.0,2026-04-04T00:00:00,2026-04-04T00:00:00,2026-05-30T00:00:00,2026-05-30T00:00:00,122,122,66,66,cd7ec0da-8ef4-11f1-9b18-005056b2a5de,eae8bdd9-c3a3-4bb9-ae97-c10dc68ffb01,c5954a39-8ef4-11f1-9b18-005056b2a5de,273
03__KCU__DYN__OHG__96,8934564100833,DYNAMITE Kẹo Ổi Hồng Muối Ớt 96g,Kẹo Cứng,Bịch,0.0,23148.0,0.0,21592.48,0.0,0.0,0.0,2026-01-12T00:00:00,2026-05-23T00:00:00,2026-07-09T00:00:00,2026-07-09T00:00:00,204,73,26,26,cd7e6edf-8ef4-11f1-9b18-005056b2a5de,b80eec97-4f95-4c92-97b5-4ef9e94ee717,c5954a39-8ef4-11f1-9b18-005056b2a5de,274
03__KCU__DYN__XMO__96,8934564100826,DYNAMITE Kẹo Xoài Muối Ớt 96g,Kẹo Cứng,Bịch,0.0,23148.2,0.0,20185.05,0.0,0.0,0.0,2025-11-21T00:00:00,2026-01-12T00:00:00,2026-03-07T00:00:00,2026-03-07T00:00:00,256,204,150,150,cd7e443a-8ef4-11f1-9b18-005056b2a5de,e93539cf-1c34-4ef7-adda-5c0ebdc6db2d,c5954a39-8ef4-11f1-9b18-005056b2a5de,275
10__VPI__ENE__LIT__PK5,8888021300185,ENERGIZER 2032 Pin Lithium,Văn Phòng Phẩm,Vì,0.0,10185.0,0.0,18333.2,5.0,202500.0,91666.0,,,2026-07-03T00:00:00,2026-07-03T00:00:00,,,32,32,cd7ecf39-8ef4-11f1-9b18-005056b2a5de,d839d402-a936-407e-b2ab-05f2c9aa1aac,c5954a39-8ef4-11f1-9b18-005056b2a5de,276
10__VPI__ENE__AA2__2,8888021200119,ENERGIZER Max Pin AA2,Văn Phòng Phẩm,Vỉ,0.0,37037.0,0.0,32870.1,17.0,507300.0,558791.7,2025-11-09T00:00:00,2026-07-17T00:00:00,2026-07-30T00:00:00,2026-07-30T00:00:00,268,18,5,5,cd7fcf3f-8ef4-11f1-9b18-005056b2a5de,3a8a4b62-a158-456a-a7e5-d10f0e24abe8,c5954a39-8ef4-11f1-9b18-005056b2a5de,277
10__VPI__ENE__AAA__2,8888021200157,ENERGIZER Max Pin AAA2,Văn Phòng Phẩm,Vỉ,0.0,32407.0,0.0,31944.25,22.0,585170.0,702773.5,2026-07-17T00:00:00,2026-07-17T00:00:00,2026-05-23T00:00:00,2026-05-21T00:00:00,18,18,73,75,cd7fa725-8ef4-11f1-9b18-005056b2a5de,c6c0f8d4-aee1-4534-9bdd-380b1e63f530,c5954a39-8ef4-11f1-9b18-005056b2a5de,278
03__KCU__ESP__CAP__150,8991002306523,ESPREZZO Kẹo Cà Phê Nhân Cà Phê 150g,Kẹo Cứng,Bịch,0.0,25926.0,0.0,20267.444444,1.0,14000.0,20267.444444,,,2026-04-22T00:00:00,2026-04-22T00:00:00,,,104,104,cd7f44cb-8ef4-11f1-9b18-005056b2a5de,9d5a9f1a-51bf-4276-b6a4-d6a31754b9b9,c5954a39-8ef4-11f1-9b18-005056b2a5de,279
03__KCU__ESP__MOC__150,8991002306301,ESPREZZO Kẹo Cà Phê Nhân Mocha 150g,Kẹo Cứng,Bịch,0.0,25926.0,0.0,22325.0,1.0,14000.0,22325.0,,,2026-06-16T00:00:00,2026-06-16T00:00:00,,,49,49,cd7f2531-8ef4-11f1-9b18-005056b2a5de,b903ab19-2069-4cf7-8a59-50fe273d8cc5,c5954a39-8ef4-11f1-9b18-005056b2a5de,280
03__KCU__ESP__VAN__150,8991002306202,ESPREZZO Kẹo Cà Phê Nhân Vanila 150g,Kẹo Cứng,Bịch,0.0,25926.0,0.0,21810.777778,0.0,0.0,0.0,,,2026-06-24T00:00:00,2026-06-24T00:00:00,,,41,41,cd7e7a32-8ef4-11f1-9b18-005056b2a5de,2888d5f5-5978-421f-88e3-0be1e311e539,c5954a39-8ef4-11f1-9b18-005056b2a5de,281
10__VPI__ENE__AAA__SW4,6223001580522,EVEREADY Pin 912 AAA SW4,Văn Phòng Phẩm,Vỉ,0.0,10185.0,0.0,10185.0,0.0,0.0,0.0,,,2026-07-14T00:00:00,2026-07-14T00:00:00,,,21,21,cd7ee419-8ef4-11f1-9b18-005056b2a5de,e4f6ae8e-2376-4406-898f-57a015d67a5b,c5954a39-8ef4-11f1-9b18-005056b2a5de,282
10__VPI__ENE__AA__SW4,8888021100433,EVEREADY Pin 915 AA SW4,Văn Phòng Phẩm,Vỉ,0.0,10185.0,0.0,10185.0,2.0,15664.0,20370.0,,,2026-02-25T00:00:00,2026-02-25T00:00:00,,,160,160,cd7ea073-8ef4-11f1-9b18-005056b2a5de,2fec35fc-5b9c-483d-9797-e584becb38c0,c5954a39-8ef4-11f1-9b18-005056b2a5de,283
10__VPI__EVE__SW1__9V,9556149001070,EVEREADY Pin Super Heavy Duty 1222 SW1 9V,Văn Phòng Phẩm,Cái,0.0,22222.0,0.0,22222.0,10.0,178400.0,222220.0,,,2026-06-26T00:00:00,2026-06-26T00:00:00,,,39,39,cd7f351e-8ef4-11f1-9b18-005056b2a5de,f93e14b7-f3d6-4b92-951f-58774b028ff9,c5954a39-8ef4-11f1-9b18-005056b2a5de,284
03__TKB__FAN__VGA__1,8938520478042,FANSIPAN Khô Gà Cay,Khô Gà,Bịch,0.0,18519.0,0.0,18518.904255,4.0,488800.0,74075.61702,2026-02-08T00:00:00,2026-02-08T00:00:00,2026-08-02T00:00:00,2026-08-02T00:00:00,177,177,2,2,cd805590-8ef4-11f1-9b18-005056b2a5de,6c7e0ae1-c0ea-41c7-acd7-87e6623cdc4e,c5954a39-8ef4-11f1-9b18-005056b2a5de,285
03__TKB__FAN__VBO__1,8938547067298,FANSIPAN Thịt Sấy Vị Bò Sợi,Khô Bò,Bịch,0.0,18519.0,0.0,18518.969697,0.0,0.0,0.0,2026-02-08T00:00:00,2026-02-08T00:00:00,2026-07-01T00:00:00,2026-07-01T00:00:00,177,177,34,34,cd7f48d2-8ef4-11f1-9b18-005056b2a5de,89125279-5d54-41fa-bdbc-810afb1ebdb0,c5954a39-8ef4-11f1-9b18-005056b2a5de,286
03__TKB__FAN__VHO__1,8938520478370,FANSIPAN Thịt Sấy Vị Heo Cháy Tỏi,Khô Heo,Bịch,0.0,18519.0,0.0,18518.884211,3.0,192000.0,55556.652633,2026-02-08T00:00:00,2026-02-08T00:00:00,2026-07-14T00:00:00,2026-07-14T00:00:00,177,177,21,21,cd8051c3-8ef4-11f1-9b18-005056b2a5de,15c6e989-b5eb-4d8f-bfc0-4c7aa330450a,c5954a39-8ef4-11f1-9b18-005056b2a5de,287
03__KSO__FER__SOC__62,80135906,"FERRORO ROCHER Socola 62,5g",Kẹo Socola,Hộp,0.0,92593.0,0.0,90278.166667,0.0,0.0,0.0,,,2026-03-06T00:00:00,2026-03-06T00:00:00,,,151,151,cd7efd2a-8ef4-11f1-9b18-005056b2a5de,1fb382fb-87e4-45a8-a021-2114c320aa59,c5954a39-8ef4-11f1-9b18-005056b2a5de,288
03__KCU__FIS__BHA__25,50854011,FISHERMAN's FRIEND Kẹo Cay Con Tàu Hương Bạc Hà 25g,Kẹo Cứng,Bịch,0.0,30556.0,0.0,30555.888889,1.0,19926.0,30555.888889,,,2026-02-07T00:00:00,2026-02-07T00:00:00,,,178,178,cd7edcd0-8ef4-11f1-9b18-005056b2a5de,66a5fcd3-d2e4-48ba-b81e-be1def0d7a01,c5954a39-8ef4-11f1-9b18-005056b2a5de,289
03__KCU__FIS__CHE__25,96118511,FISHERMAN'S FRIEND Kẹo Cay Con Tàu Hương Cherry 25g,Kẹo Cứng,Bịch,0.0,30556.0,0.0,29115.555556,0.0,0.0,0.0,,,2026-05-19T00:00:00,2026-05-19T00:00:00,,,77,77,cd7ecc66-8ef4-11f1-9b18-005056b2a5de,0c273acd-cd8d-4b8a-aad3-9d22b606e1f1,c5954a39-8ef4-11f1-9b18-005056b2a5de,290
03__KCU__FIS__QUT__25,96118504,FISHERMAN'S FRIEND Kẹo Cay Con Tàu Hương Quýt 25g,Kẹo Cứng,Bịch,0.0,30556.0,0.0,29938.583333,0.0,0.0,0.0,,,2026-07-13T00:00:00,2026-07-13T00:00:00,,,22,22,cd7ee7b4-8ef4-11f1-9b18-005056b2a5de,5975a344-39dd-47f4-82e5-6d48f7141397,c5954a39-8ef4-11f1-9b18-005056b2a5de,291
03__KCU__FIS__SPE__25,96118528,FISHERMAN'S FRIEND Kẹo Cay Con Tàu Hương Spearmint 25g,Kẹo Cứng,Bịch,0.0,30556.0,0.0,28935.5,1.0,19926.0,28935.5,,,2026-04-03T00:00:00,2026-04-03T00:00:00,,,123,123,cd7f1057-8ef4-11f1-9b18-005056b2a5de,5fd9ed36-9248-4c35-aa02-837898490f7c,c5954a39-8ef4-11f1-9b18-005056b2a5de,292
03__KCU__FRE__APP__150,8996001346365,FRES Kẹo Apple Peach Bịch 150g,Kẹo Cứng,Bịch,0.0,25926.0,0.0,23456.666667,0.0,0.0,0.0,2025-11-21T00:00:00,2026-06-09T00:00:00,2026-07-13T00:00:00,2026-07-13T00:00:00,256,56,22,22,cd7e6a58-8ef4-11f1-9b18-005056b2a5de,83dc65d5-d68e-449f-96e9-24523dc7448d,c5954a39-8ef4-11f1-9b18-005056b2a5de,293
03__KCU__FRE__GOI__150,8996001338063,FRES Kẹo The Bịch 150g,Kẹo Cứng,Bịch,0.0,25926.0,0.0,21875.083333,1.0,14534.0,21875.083333,2025-11-21T00:00:00,2026-06-09T00:00:00,2026-07-29T00:00:00,2026-07-29T00:00:00,256,56,6,6,cd7ff684-8ef4-11f1-9b18-005056b2a5de,8010c8d8-1bb5-47c8-a9c6-c703da2c82a3,c5954a39-8ef4-11f1-9b18-005056b2a5de,294
06__VSU__FRE__BHA__20,8934755035326,FRESSI Care Khăn Giấy Ướt Bạc Hà Bịch 20M,Chăm Sóc Vệ Sinh Cá Nhân,Bịch,0.0,17593.0,0.0,16869.183908,30.0,344061.0,506075.51724,2026-01-07T00:00:00,2026-07-30T00:00:00,2026-07-30T00:00:00,2026-07-30T00:00:00,209,5,5,5,cd7e23f2-8ef4-11f1-9b18-005056b2a5de,63f4b388-6d3a-47fe-b794-d0b69290c857,c5954a39-8ef4-11f1-9b18-005056b2a5de,295
06__VSU__FRE__BIC__100,8934755035197,FRESSI Care Khăn Giấy Ướt Bịch 100 miếng,Chăm Sóc Vệ Sinh Cá Nhân,Bịch,0.0,48148.0,0.0,48148.0,14.0,488749.0,674072.0,2026-04-01T00:00:00,2026-07-13T00:00:00,2026-07-27T00:00:00,2026-07-27T00:00:00,125,22,8,8,cd7f64ac-8ef4-11f1-9b18-005056b2a5de,e638e426-e1b7-4c89-854c-61ce11043f71,c5954a39-8ef4-11f1-9b18-005056b2a5de,296
06__VSU__FRE__BIC__20,8934755035036,FRESSI Care Khăn Giấy Ướt Bịch 20 Miếng,Chăm Sóc Vệ Sinh Cá Nhân,Bịch,0.0,17593.0,0.0,15491.941176,19.0,194777.0,294346.882344,2025-11-11T00:00:00,2026-07-30T00:00:00,2026-08-03T00:00:00,2026-08-03T00:00:00,266,5,1,1,cd7e060f-8ef4-11f1-9b18-005056b2a5de,ffe8afe3-5d94-4252-a679-a68535cc9c9e,c5954a39-8ef4-11f1-9b18-005056b2a5de,297
06__VSU__FRE__TAO__20,8934755035333,FRESSI Care Khăn Giấy Ướt Hương Táo Bịch 20M,Chăm Sóc Vệ Sinh Cá Nhân,Bịch,0.0,16667.0,0.0,16666.945946,3.0,33125.0,50000.837838,2026-01-07T00:00:00,2026-02-02T00:00:00,2026-05-01T00:00:00,2026-05-01T00:00:00,209,183,95,95,cd8036dc-8ef4-11f1-9b18-005056b2a5de,fedf7954-eeaa-4472-a81a-e486f720c02d,c5954a39-8ef4-11f1-9b18-005056b2a5de,298
FNHHQHDC201,8857124866409,FRUTIVAL Nước Hạt Húng Quế Hương Dứa Chai 290ml,Nước Trái Cây,Chai,0.0,32407.0,0.0,32407.041667,24.0,465600.0,777769.000008,2026-06-23T00:00:00,2026-06-29T00:00:00,2026-08-02T00:00:00,2026-08-02T00:00:00,42,36,2,2,cd7e26ae-8ef4-11f1-9b18-005056b2a5de,6f11771a-fa9b-49a9-9b03-eb652b0725f8,c5954a39-8ef4-11f1-9b18-005056b2a5de,299
01__NTR__FRU__LUU__290,8857124866126,FRUTIVAL Nước Hạt Húng Quế Hương Lựu Chai 290ml,Nước Trái Cây,Chai,0.0,31818.0,0.0,29045.462963,36.0,905800.0,1045636.666668,2025-12-24T00:00:00,2026-07-17T00:00:00,2026-08-02T00:00:00,2026-08-02T00:00:00,223,18,2,2,cd7dfe42-8ef4-11f1-9b18-005056b2a5de,488ab345-f5fe-40dc-9fa0-dcc2c543350e,c5954a39-8ef4-11f1-9b18-005056b2a5de,300
FNHHQHNC201,8857124866416,FRUTIVAL Nước Hạt Húng Quế Hương Nho Chai 290ml,Nước Trái Cây,Chai,0.0,32407.0,0.0,32407.0,31.0,622964.0,1004617.0,2026-06-23T00:00:00,2026-06-29T00:00:00,2026-08-02T00:00:00,2026-08-02T00:00:00,42,36,2,2,cd7f0a39-8ef4-11f1-9b18-005056b2a5de,2a22ff0d-6af1-4d4e-8763-08d5016c68bc,c5954a39-8ef4-11f1-9b18-005056b2a5de,301
03__SKH__ENA__HGA__30,8994834002595,GEMEZ ENAAK Snack Mì Hương Gà 30g,Snack Khác,Gói,0.0,9259.0,0.0,7805.525346,42.0,1477992.0,327832.064532,2025-11-19T00:00:00,2026-06-16T00:00:00,2026-08-03T00:00:00,2026-08-03T00:00:00,258,49,1,1,cd7e08a9-8ef4-11f1-9b18-005056b2a5de,a1293eac-c58e-4ea3-b0c5-0df17a90c548,c5954a39-8ef4-11f1-9b18-005056b2a5de,302
03__SKH__ENA__HOT__28,8994834004728,GEMEZ ENAAK Snack Mì Hương Ớt 28g,Snack Khác,Gói,0.0,9259.0,0.0,7720.854015,28.0,576000.0,216183.91242,2025-11-19T00:00:00,2026-06-16T00:00:00,2026-08-03T00:00:00,2026-08-03T00:00:00,258,49,1,1,cd7da7b5-8ef4-11f1-9b18-005056b2a5de,fcad80e7-d965-41ec-b4b6-5a9d45b05db9,c5954a39-8ef4-11f1-9b18-005056b2a5de,303
03__BQU__GER__PMI__180,8992775347256,GERY Cheese Crackers Bánh Quy Phô Mai Hộp 180g,Bánh Quy,Hộp,0.0,46296.0,0.0,46296.0,1.0,30000.0,46296.0,2026-03-25T00:00:00,2026-03-25T00:00:00,2026-07-10T00:00:00,2026-07-10T00:00:00,132,132,25,25,cd7ed10e-8ef4-11f1-9b18-005056b2a5de,b9611c24-29cb-45d1-adf5-15e14c27d053,c5954a39-8ef4-11f1-9b18-005056b2a5de,304
11__BLK__GIF__MAT__540,8936013254951,GIFT Lau Kính Sắc Biển Tươi Mát 540ml,Đồ Dùng Bếp,Chai,0.0,23148.0,0.0,23148.0625,4.0,72000.0,92592.25,,,2026-07-11T00:00:00,2026-07-11T00:00:00,,,24,24,cd7eba0d-8ef4-11f1-9b18-005056b2a5de,0e4a7c57-f91c-4f38-afdd-d5a94f92f8a5,c5954a39-8ef4-11f1-9b18-005056b2a5de,305
11__BTR__GIF__TOI__600,8936013252117,GIFT Tẩy Rửa Toilet 600ml,Đồ Dùng Bếp,Chai,0.0,16667.0,0.0,16667.0,5.0,55000.0,83335.0,,,2026-05-17T00:00:00,2025-12-06T00:00:00,,,79,241,cd7f1c64-8ef4-11f1-9b18-005056b2a5de,cdf41b76-a3db-4ef3-aa43-e07038bef0d5,c5954a39-8ef4-11f1-9b18-005056b2a5de,306
06__DBC__GIL__CHH__50,9556149001053,GILLETTE Bọt Cạo Hương Chanh 50g,Chăm Sóc Da & Cơ Thể,Chai,0.0,62963.0,0.0,62685.2,3.0,140911.0,188055.6,2026-07-21T00:00:00,2026-07-21T00:00:00,2026-07-19T00:00:00,2026-07-19T00:00:00,14,14,16,16,cd7f169d-8ef4-11f1-9b18-005056b2a5de,4f1a737d-2f73-4433-adb8-484f284bf998,c5954a39-8ef4-11f1-9b18-005056b2a5de,307
06__DCR__GIL__2,4987176092267,GILLETTE Dao Cạo Râu 2 Lưỡi,Chăm Sóc Da & Cơ Thể,Cái,0.0,14815.0,0.0,13146.433962,69.0,877485.0,907103.943378,2026-02-25T00:00:00,2026-07-21T00:00:00,2026-08-03T00:00:00,2026-08-03T00:00:00,160,14,1,1,cd7da647-8ef4-11f1-9b18-005056b2a5de,1bf84443-e035-4f0d-b9a4-4137addc00ec,c5954a39-8ef4-11f1-9b18-005056b2a5de,308
06__DLD__GIL__LAM__5,4902430503679,GILLETTE Lưỡi Lam 5 x 20 x 50,Chăm Sóc Da & Cơ Thể,Cái,0.0,9259.0,0.0,9259.0,43.0,322973.0,398137.0,,,2026-07-18T00:00:00,2026-07-18T00:00:00,,,17,17,cd7e4be7-8ef4-11f1-9b18-005056b2a5de,0b0035f4-a964-4c03-9715-6299a37a6b26,c5954a39-8ef4-11f1-9b18-005056b2a5de,309
03__KCU__GIN__GUG__125,8991002301436,GINGERBON Kẹo Gừng Chanh Mật Ong Vàng 125g,Kẹo Cứng,Bịch,0.0,36111.0,0.0,29468.695652,0.0,0.0,0.0,2026-01-12T00:00:00,2026-05-15T00:00:00,2026-07-20T00:00:00,2026-07-20T00:00:00,204,81,15,15,cd7e4f30-8ef4-11f1-9b18-005056b2a5de,17816cf9-5130-4abb-b179-b013f59a784d,c5954a39-8ef4-11f1-9b18-005056b2a5de,310
03__KCU__GIN__HOG__125,8991002202719,GINGERBON Kẹo Gừng Hồng Bịch 125g,Kẹo Cứng,Bịch,0.0,28704.0,0.0,28703.916667,1.0,0.0,28703.916667,2026-01-28T00:00:00,2026-01-28T00:00:00,2026-04-30T00:00:00,2026-04-30T00:00:00,188,188,96,96,cd7f99fa-8ef4-11f1-9b18-005056b2a5de,aa6bfc06-ba0d-4f3a-b32b-6dc76c2d211d,c5954a39-8ef4-11f1-9b18-005056b2a5de,311
GBTCD901,893621740337,GIZZA Bánh Tươi Chanh Dây 90g,Bánh Bông Lan,Chiếc,0.0,18519.0,0.0,18519.0,17.0,198856.0,314823.0,2026-07-29T00:00:00,2026-07-29T00:00:00,2026-08-01T00:00:00,2026-08-01T00:00:00,6,6,3,3,cd7f816f-8ef4-11f1-9b18-005056b2a5de,ace88d8c-5215-402d-8c1b-eebb80dc4abe,c5954a39-8ef4-11f1-9b18-005056b2a5de,312
03__BLA__GIZ__CHO__90,8936217400604,GIZZA Bánh Tươi Chocolate 90g,Bánh Bông Lan,Cái,0.0,18519.0,0.0,18039.967816,9.0,215865.0,162359.710344,2025-11-04T00:00:00,2026-07-29T00:00:00,2026-08-02T00:00:00,2026-08-02T00:00:00,273,6,2,2,cd7df02b-8ef4-11f1-9b18-005056b2a5de,e8d2b071-681c-42aa-b97f-4fab15b2572f,c5954a39-8ef4-11f1-9b18-005056b2a5de,313
03__BLA__GIZ__MAT__90,8936217400611,GIZZA Bánh Tươi Matcha 90g,Bánh Bông Lan,Cái,0.0,18519.0,0.0,18204.037783,9.0,104400.0,163836.340047,2025-11-07T00:00:00,2026-07-29T00:00:00,2026-08-03T00:00:00,2026-08-03T00:00:00,270,6,1,1,cd7d9f0c-8ef4-11f1-9b18-005056b2a5de,09d24ef3-cf0a-43a4-8ee3-aefde59d6f00,c5954a39-8ef4-11f1-9b18-005056b2a5de,314
03__BLA__GIZ__ORI__90,8936217400635,GIZZA Bánh Tươi Original 90g,Bánh Bông Lan,Cái,0.0,18519.0,0.0,18183.22365,9.0,545200.0,163649.01285,2025-11-04T00:00:00,2026-07-29T00:00:00,2026-08-03T00:00:00,2026-08-03T00:00:00,273,6,1,1,cd7d9105-8ef4-11f1-9b18-005056b2a5de,81b50640-2576-4965-ba60-44ee792ee537,c5954a39-8ef4-11f1-9b18-005056b2a5de,315
11__BST__GLA__CHH__280,8934889800388,GLADE Bình Xịt Thơm Phòng Hương Chanh 280ml,Đồ Dùng Bếp,Chai,0.0,60185.0,0.0,60185.0,2.0,97000.0,120370.0,,,2026-05-17T00:00:00,2025-11-21T00:00:00,,,79,256,cd8028c1-8ef4-11f1-9b18-005056b2a5de,f4697dd3-5c09-42b4-8fc8-041f804f88c6,c5954a39-8ef4-11f1-9b18-005056b2a5de,316
11__BST__GLA__OAI__280,9556149001068,GLADE Bình Xịt Thơm Phòng Hương Hoa Oải Hương 280ml,Đồ Dùng Bếp,Chai,0.0,59259.0,0.0,59259.0,0.0,0.0,0.0,,,2026-02-20T00:00:00,2026-02-20T00:00:00,,,165,165,cd8023ab-8ef4-11f1-9b18-005056b2a5de,f660dbd8-4d8a-4666-aa34-87d8306713c4,c5954a39-8ef4-11f1-9b18-005056b2a5de,317
11__BST__GLA__TTC__280,9556149001069,GLADE Bình Xịt Thơm Phòng Tuyệt Tác Hương Hoa 280ml,Đồ Dùng Bếp,Chai,0.0,59259.0,0.0,59259.0,1.0,29000.0,59259.0,2026-05-17T00:00:00,2026-05-17T00:00:00,2026-07-11T00:00:00,2026-07-11T00:00:00,79,79,24,24,cd806a2d-8ef4-11f1-9b18-005056b2a5de,57915f2f-14bd-4951-9b5b-04cc78a8f1cb,c5954a39-8ef4-11f1-9b18-005056b2a5de,318
11__BSS__GLA__LAI__180,8934889801170,GLADE Sáp Thơm Hương Hoa Lài 180g,Đồ Dùng Bếp,Hộp,0.0,53703.5,0.0,53703.666667,1.0,43500.0,53703.666667,,,2026-04-29T00:00:00,2026-04-29T00:00:00,,,97,97,cd7fbd40-8ef4-11f1-9b18-005056b2a5de,5c657491-d436-4ced-98ae-a6dc69468ac6,c5954a39-8ef4-11f1-9b18-005056b2a5de,319
11__BSS__GLA__LAV__180,8934889801163,GLADE Sáp Thơm Hương Lavender 180g,Đồ Dùng Bếp,Hộp,0.0,53704.0,0.0,53703.75,0.0,0.0,0.0,,,2026-06-24T00:00:00,2026-06-24T00:00:00,,,41,41,cd7ef71b-8ef4-11f1-9b18-005056b2a5de,212954ef-638b-497e-9af2-3c274553151e,c5954a39-8ef4-11f1-9b18-005056b2a5de,320
11__BSS__GLA__HOA__180,8801328400891,GLADE Sáp Thơm Tuyệt Tác Hương Hoa 180g,Đồ Dùng Bếp,Hộp,0.0,53704.0,0.0,53704.0,2.0,10875.0,107408.0,2025-11-09T00:00:00,2026-05-17T00:00:00,2026-05-05T00:00:00,2026-05-05T00:00:00,268,79,91,91,cd7fcc10-8ef4-11f1-9b18-005056b2a5de,92afe914-9091-4715-a988-ce4e539e06a6,c5954a39-8ef4-11f1-9b18-005056b2a5de,321
03__SKH__GLO__CHO__40,8851019310190,GLICO Pocky Chocolate Hộp 40g,Snack Khác,Hộp,0.0,22222.0,0.0,21998.551724,0.0,0.0,0.0,2025-12-21T00:00:00,2026-01-11T00:00:00,2026-02-16T00:00:00,2026-02-16T00:00:00,226,205,169,169,cd7ec4bd-8ef4-11f1-9b18-005056b2a5de,242937b6-5b69-4a9b-a6f5-12baed4248d3,c5954a39-8ef4-11f1-9b18-005056b2a5de,322
03__SKH__GLO__CRM__40,8851019500195,GLICO Pocky Cookies & Cream Hộp 40g,Snack Khác,Hộp,0.0,25926.0,0.0,22743.563218,0.0,0.0,0.0,2025-12-27T00:00:00,2026-03-21T00:00:00,2026-07-04T00:00:00,2026-07-04T00:00:00,220,136,31,31,cd7d8a45-8ef4-11f1-9b18-005056b2a5de,53db35d7-5088-44f3-bea7-1780e0109864,c5954a39-8ef4-11f1-9b18-005056b2a5de,323
03__SKH__GLO__DAU__38,8851019310206,GLICO Pocky Dâu Hộp 38g,Snack Khác,Hộp,0.0,25926.0,0.0,22386.622222,0.0,0.0,0.0,2025-12-21T00:00:00,2025-12-27T00:00:00,2026-06-20T00:00:00,2026-06-20T00:00:00,226,220,45,45,cd7e14e1-8ef4-11f1-9b18-005056b2a5de,7d63b2b0-a98e-48bf-8756-4cdff78b9815,c5954a39-8ef4-11f1-9b18-005056b2a5de,324
03__SKH__GLO__2CO__39,8851019310244,GLICO Pocky Double Chocolate Hộp 39g,Snack Khác,Hộp,0.0,25926.0,0.0,23134.57971,19.0,311416.0,439557.01449,2025-12-27T00:00:00,2026-05-24T00:00:00,2026-08-02T00:00:00,2026-08-02T00:00:00,220,72,2,2,cd7e22aa-8ef4-11f1-9b18-005056b2a5de,cde37446-cccc-4004-9e27-99e95f73dd63,c5954a39-8ef4-11f1-9b18-005056b2a5de,325
03__SKH__GLO__MAT__35,8851019500164,GLICO Pocky Milky Matcha Hộp 35g,Snack Khác,Hộp,0.0,25926.0,0.0,22743.71831,1.0,18596.0,22743.71831,2025-12-27T00:00:00,2026-05-24T00:00:00,2026-07-27T00:00:00,2026-07-27T00:00:00,220,72,8,8,cd7e457b-8ef4-11f1-9b18-005056b2a5de,7d7d54b6-d018-4461-947e-35855d9569ed,c5954a39-8ef4-11f1-9b18-005056b2a5de,326
03__SKH__GLO__SUA__40,8851019600277,GLICO Pocky Sữa Hộp 40g,Snack Khác,Hộp,0.0,22222.0,0.0,22222.0,0.0,0.0,0.0,2026-03-21T00:00:00,2026-03-21T00:00:00,2026-05-26T00:00:00,2026-05-26T00:00:00,136,136,70,70,cd7f4a15-8ef4-11f1-9b18-005056b2a5de,d1570048-16e4-4683-8a7b-ec6ee403639b,c5954a39-8ef4-11f1-9b18-005056b2a5de,327
03__KCU__GOL__ACT__109,8935001702504,GOLIA ACTIVE+ Kẹo 108.9g,Kẹo Cứng,Bịch,0.0,27778.0,0.0,23504.230769,6.0,91800.0,141025.384614,2026-06-09T00:00:00,2026-06-09T00:00:00,2026-07-13T00:00:00,2026-07-13T00:00:00,56,56,22,22,cd804b5c-8ef4-11f1-9b18-005056b2a5de,c6750fbe-c443-4173-8065-09c5065ccc99,c5954a39-8ef4-11f1-9b18-005056b2a5de,328
GKSTD01,8935001704300,GOLIA Kẹo Syro Thảo Dược,,Chiếc,0.0,7407.0,0.0,7407.0,29.0,124000.0,214803.0,2026-07-17T00:00:00,2026-07-17T00:00:00,2026-08-03T00:00:00,2026-08-03T00:00:00,18,18,1,1,cd805778-8ef4-11f1-9b18-005056b2a5de,971a7510-c44e-4e5c-8b75-dd43c51ccea1,c5954a39-8ef4-11f1-9b18-005056b2a5de,329
GCDSKF101,8936027440722,GREEN CROSS DD Sát Khuẩn Fresh 100ml,,Chai,0.0,35185.0,0.0,35185.0,6.0,156343.0,211110.0,2026-06-23T00:00:00,2026-06-23T00:00:00,2026-07-06T00:00:00,2026-07-06T00:00:00,42,42,29,29,cd80408b-8ef4-11f1-9b18-005056b2a5de,477b021b-3f72-49ad-8906-bcf8ef9acb93,c5954a39-8ef4-11f1-9b18-005056b2a5de,330
GCDXKTX101,8936027440739,GREEN CROSS DD Xát Khuẩn Trà Xanh 100ml,,Chiếc,0.0,35185.0,0.0,35185.0,5.0,114000.0,175925.0,2026-06-23T00:00:00,2026-06-23T00:00:00,2026-07-30T00:00:00,2026-07-30T00:00:00,42,42,5,5,cd8065fd-8ef4-11f1-9b18-005056b2a5de,c3f80cc1-1525-48af-8616-d572ced58e46,c5954a39-8ef4-11f1-9b18-005056b2a5de,331
02__LTS__HAI__CCX__282,6971284209264,HAIDILAO Lẩu Tự Sôi Cà Chua Xương Hầm 282g,Lẩu Tự Sôi,Hộp,0.0,98148.0,0.0,97962.8,0.0,0.0,0.0,,,2026-01-02T00:00:00,2026-01-02T00:00:00,,,214,214,cd7f975e-8ef4-11f1-9b18-005056b2a5de,27c56c71-93f7-44ad-90fe-4a2a8a4fe0d2,c5954a39-8ef4-11f1-9b18-005056b2a5de,332
03__SKH__HNM__TOM__52,8852052110501,HANAMI Snack Tôm Thái Bịch 52g,Snack Khác,Bịch,0.0,32407.0,0.0,31365.625,0.0,0.0,0.0,,,2026-02-20T00:00:00,2026-02-20T00:00:00,,,165,165,cd7eb177-8ef4-11f1-9b18-005056b2a5de,e3f15e72-57ed-4ce7-85e8-c859fbdca848,c5954a39-8ef4-11f1-9b18-005056b2a5de,333
03__BQU__HCO__GLT__250,8936217401106,HAPPY COOKIES Bánh Quy Ăn Kiêng Vị Gạo Lứt Hộp 250g,Bánh Quy,Hộp,0.0,50926.0,0.0,49768.5,4.0,66363.0,199074.0,2025-11-09T00:00:00,2025-11-09T00:00:00,2026-06-17T00:00:00,2026-06-17T00:00:00,268,268,48,48,cd7fda36-8ef4-11f1-9b18-005056b2a5de,b958591f-10b7-423f-866a-7524ddf2b069,c5954a39-8ef4-11f1-9b18-005056b2a5de,334
03__BQU__HCO__YMH__250,8936217401113,HAPPY COOKIES Bánh Quy Ăn Kiêng Vị Yến Mạch Hộp 250g,Bánh Quy,Hộp,0.0,50926.0,0.0,49537.0,0.0,0.0,0.0,2025-11-09T00:00:00,2025-11-09T00:00:00,2026-07-19T00:00:00,2026-07-19T00:00:00,268,268,16,16,cd7fd9a4-8ef4-11f1-9b18-005056b2a5de,e5c0a84c-bae5-4c88-b5f1-cefc66b14070,c5954a39-8ef4-11f1-9b18-005056b2a5de,335
03__KDE__HAR__VAG__80,8691216090439,HARIBO GOLDBEARS Kẹo Dẻo Bịch Vàng 80g,Kẹo Dẻo,Bịch,0.0,37037.0,0.0,34855.755556,10.0,330400.0,348557.55556,2025-11-18T00:00:00,2026-05-21T00:00:00,2026-08-02T00:00:00,2026-08-02T00:00:00,259,75,2,2,cd7f70b3-8ef4-11f1-9b18-005056b2a5de,baffac4e-f459-4ffe-8567-3d3b3029543c,c5954a39-8ef4-11f1-9b18-005056b2a5de,336
03__KDE__HAR__XAH__80,8691216090477,HARIBO GOLDBEARS Kẹo Dẻo Starmix Xanh 80g,Kẹo Dẻo,Bịch,0.0,38889.0,0.0,36562.128205,4.0,141600.0,146248.51282,2025-11-18T00:00:00,2026-05-21T00:00:00,2026-08-02T00:00:00,2026-08-02T00:00:00,259,75,2,2,cd7ec606-8ef4-11f1-9b18-005056b2a5de,14744dda-5794-4562-8176-53bcbebe480e,c5954a39-8ef4-11f1-9b18-005056b2a5de,337
03__KDE__HAR__BDO__80,8691216090446,HARIBO HAPPYCOLA Kẹo Dẻo Bịch Đỏ 80g,Kẹo Dẻo,Bịch,0.0,37037.0,0.0,35271.139535,5.0,141600.0,176355.697675,2025-11-18T00:00:00,2026-05-21T00:00:00,2026-08-02T00:00:00,2026-08-02T00:00:00,259,75,2,2,cd7eb666-8ef4-11f1-9b18-005056b2a5de,b098ba4e-d635-4113-ba0b-d7d5d5258efa,c5954a39-8ef4-11f1-9b18-005056b2a5de,338
03__KDE__HAR__XLC__80,8691216090453,HARIBO WORMS Kẹo Dẻo Bịch Xanh Lá Cây 80g,Kẹo Dẻo,Bịch,0.0,37037.0,0.0,35469.923077,9.0,330400.0,319229.307693,2025-11-18T00:00:00,2026-05-21T00:00:00,2026-08-02T00:00:00,2026-08-02T00:00:00,259,75,2,2,cd8012ee-8ef4-11f1-9b18-005056b2a5de,5ae13f42-cc4d-487e-9988-f54e2a9a82e9,c5954a39-8ef4-11f1-9b18-005056b2a5de,339
06__TGC__HNS__BHA__330,4902430411776,HEAD&SHOULDERS Dầu Gội Bạc Hà Mát Lạnh 330ml,Chăm Sóc Tóc,Chai,0.0,157407.0,0.0,151296.0,6.0,705138.0,907776.0,,,2026-06-28T00:00:00,2026-06-28T00:00:00,,,37,37,cd7f3187-8ef4-11f1-9b18-005056b2a5de,be959c6b-bd50-4bf0-b012-23680cc74762,c5954a39-8ef4-11f1-9b18-005056b2a5de,340
01__BCH__KEN__BAC__330,8934822204013,HEINEKEN Bạc Bia Chai Tết 330ml,Bia Chai,Chai,0.0,31818.0,0.0,31867.166667,0.0,0.0,0.0,2026-01-07T00:00:00,2026-01-07T00:00:00,2026-04-06T00:00:00,2026-04-06T00:00:00,209,209,120,120,cd804286-8ef4-11f1-9b18-005056b2a5de,ff5ccbda-22bc-446b-9ad5-5546325beb11,c5954a39-8ef4-11f1-9b18-005056b2a5de,341
01__BLO__KEN__BAC__250,8934822201272,HEINEKEN Bạc Bia Lon 250ml,Bia Lon,Lon,0.0,20000.0,2083.285714,20446.239041,98.0,6924672.0,2003731.426018,2025-12-09T00:00:00,2026-07-17T00:00:00,2026-07-29T00:00:00,2026-07-29T00:00:00,238,18,6,6,cd7dfc5f-8ef4-11f1-9b18-005056b2a5de,f5428d74-046d-4429-93f0-abd0b3d6674e,c5954a39-8ef4-11f1-9b18-005056b2a5de,342
01__BLO__KEN__BAC__330,8934822201210,HEINEKEN Bạc Bia Lon 330ml,Bia Lon,Lon,0.0,24545.5,460.91358,25046.219485,84.0,6360008.0,2103882.43674,2025-11-09T00:00:00,2026-07-17T00:00:00,2026-08-02T00:00:00,2026-08-02T00:00:00,268,18,2,2,cd7dbbed-8ef4-11f1-9b18-005056b2a5de,11374cb3-13e5-4cf6-bbf8-367eb2a8ca5b,c5954a39-8ef4-11f1-9b18-005056b2a5de,343
04__SHG__HER__PRO__235,8801121032435,HERSHEY's Socola Protein Hàn Quốc 235ml,Sữa Hộp Giấy,Hộp,0.0,34259.0,0.0,33530.833333,0.0,0.0,0.0,2026-03-07T00:00:00,2026-04-29T00:00:00,2026-06-24T00:00:00,2026-06-24T00:00:00,150,97,41,41,cd7f9e7f-8ef4-11f1-9b18-005056b2a5de,7fdd6ade-2f49-4830-a184-3800674f144e,c5954a39-8ef4-11f1-9b18-005056b2a5de,344
04__SHG__HER__MOC__236,9556007002178,HERSHEY's Soyfresh Sữa Cà Phê Mocha 236ml,Sữa Hộp Giấy,Hộp,0.0,19444.0,0.0,17512.173913,0.0,0.0,0.0,,,2025-12-22T00:00:00,2025-12-22T00:00:00,,,225,225,cd7f2638-8ef4-11f1-9b18-005056b2a5de,a5084edb-0ae1-4bcf-a6c7-6bd6d29e646c,c5954a39-8ef4-11f1-9b18-005056b2a5de,345
04__SHG__HER__CAC__235,9556007002215,HERSHEY's Soyfresh Sữa Cookies & Creame 235ml,Sữa Hộp Giấy,Hộp,0.0,24074.0,0.0,24074.0,1.0,12909.0,24074.0,2026-04-25T00:00:00,2026-04-25T00:00:00,2026-05-16T00:00:00,2026-05-16T00:00:00,101,101,80,80,cd7fc638-8ef4-11f1-9b18-005056b2a5de,04b636d4-9350-4f62-a66d-fcad71a54e24,c5954a39-8ef4-11f1-9b18-005056b2a5de,346
04__SHG__HER__SOC__236,9556007002154,HERSHEY's Soyfresh Sữa Socola 236ml,Sữa Hộp Giấy,Hộp,0.0,24074.0,0.0,22108.836735,12.0,320008.0,265306.04082,2026-05-21T00:00:00,2026-05-21T00:00:00,2026-08-01T00:00:00,2026-08-01T00:00:00,75,75,3,3,cd7ecbe1-8ef4-11f1-9b18-005056b2a5de,0623216e-664d-4731-b2e6-79326188002c,c5954a39-8ef4-11f1-9b18-005056b2a5de,347
04__SHG__HER__SOC__235,8801121190197,HERSHEY's Soyfresh Sữa Socola Hàn Quốc 235ml,Sữa Hộp Giấy,Hộp,0.0,33333.0,0.0,33333.083333,0.0,0.0,0.0,2026-01-11T00:00:00,2026-01-11T00:00:00,2026-02-21T00:00:00,2026-02-21T00:00:00,205,205,164,164,cd8045cc-8ef4-11f1-9b18-005056b2a5de,61ceec2d-4c11-4b23-92bb-6cc85068fbe3,c5954a39-8ef4-11f1-9b18-005056b2a5de,348
04__SHG__HER__BQY__235,8801121759943,HERSHEY's Soyfresh Vị Bánh Quy Hàn Quốc 235ml,Sữa Hộp Giấy,Hộp,0.0,33333.5,0.0,33333.130435,3.0,53883.0,99999.391305,2026-01-25T00:00:00,2026-02-23T00:00:00,2026-03-05T00:00:00,2026-03-05T00:00:00,191,162,152,152,cd7ea9c8-8ef4-11f1-9b18-005056b2a5de,25b04c64-0c80-4d0b-9453-ef1b32f3cca7,c5954a39-8ef4-11f1-9b18-005056b2a5de,349
01__CPL__HLD__LON__185,8936079140021,HIGHLAND Cà Phê Sữa Đá Lon 185ml,Cà Phê Lon,Lon,0.0,20000.0,0.0,18494.965398,0.0,0.0,0.0,2025-11-01T00:00:00,2026-06-09T00:00:00,2026-06-19T00:00:00,2026-06-19T00:00:00,276,56,46,46,cd7e040d-8ef4-11f1-9b18-005056b2a5de,3d998041-5ed6-4bfb-9041-f43e1bf50533,c5954a39-8ef4-11f1-9b18-005056b2a5de,350
01__CPL__HLD__LON__235,8936079140014,HIGHLAND Cà Phê Sữa Lon 235ml,Cà Phê Lon,Lon,0.0,22727.0,0.0,21853.467153,84.0,2822898.0,1835691.240852,2025-12-24T00:00:00,2026-07-15T00:00:00,2026-08-02T00:00:00,2026-08-02T00:00:00,223,20,2,2,cd7e6ced-8ef4-11f1-9b18-005056b2a5de,09662628-fb8b-435a-a016-bf8ecf322b89,c5954a39-8ef4-11f1-9b18-005056b2a5de,351
02__XXH__HDH__PMI__500,8936219600583,HOA DOANH HOT DOG Xúc Xích Phô Mai 500g,,Cái,0.0,20370.0,0.0,20370.0,1.0,11500.0,20370.0,,,2026-05-28T00:00:00,2026-01-20T00:00:00,,,68,196,cd806b52-8ef4-11f1-9b18-005056b2a5de,7fa6fc4c-706c-477a-be4d-b065d1c77567,c5954a39-8ef4-11f1-9b18-005056b2a5de,352
01__BLO__HGD__ROS__250,8936036202458,HOEGAARDEN Rose Bia Lon 250ml,Bia Lon,Lon,0.0,23636.5,0.0,25183.184615,38.0,750000.0,956961.01537,2025-11-27T00:00:00,2026-07-17T00:00:00,2026-08-02T00:00:00,2026-08-02T00:00:00,250,18,2,2,cd7e9b88-8ef4-11f1-9b18-005056b2a5de,03e92136-95f9-450c-8cef-5f9f1507c702,c5954a39-8ef4-11f1-9b18-005056b2a5de,353
01__BLO__HGD__TRG__250,8936036202434,HOEGAARDEN White Bia Lon 250ml,Bia Lon,Lon,0.0,23636.0,0.0,24998.826531,57.0,1047430.0,1424933.112267,2025-11-27T00:00:00,2026-07-17T00:00:00,2026-08-01T00:00:00,2026-08-01T00:00:00,250,18,3,3,cd7f4829-8ef4-11f1-9b18-005056b2a5de,f2a0a540-7766-46e5-91be-d64f9c2c0fe4,c5954a39-8ef4-11f1-9b18-005056b2a5de,354
01__BLO__HGD__DAO__500,8936036201642,HOEGAARDEN White Đào (Peach) Bia Lon 500ml,Bia Lon,Lon,0.0,47273.0,0.0,51212.041667,0.0,0.0,0.0,2026-04-04T00:00:00,2026-04-04T00:00:00,2026-06-27T00:00:00,2026-06-27T00:00:00,122,122,38,38,cd7f7295-8ef4-11f1-9b18-005056b2a5de,ac15866e-e85d-43a8-a40e-3a95a8958964,c5954a39-8ef4-11f1-9b18-005056b2a5de,355
11__BVN__HOM__CAM__750,8936136162331,HOMEY Nước Rửa Chén Hương Cam Satsuma 750g,Đồ Dùng Bếp,Chai,0.0,22222.0,0.0,22222.0,2.0,12560.0,44444.0,2025-11-09T00:00:00,2025-11-09T00:00:00,2026-06-27T00:00:00,2026-06-27T00:00:00,268,268,38,38,cd7fd2d7-8ef4-11f1-9b18-005056b2a5de,2bfda161-3267-4de8-a398-7cc631bf3e30,c5954a39-8ef4-11f1-9b18-005056b2a5de,356
06__VSU__HUG__HOP__80,8888336041834,HUGGIES Khăn Ướt Lau Sạch Dịu Nhẹ 80 Miếng,Chăm Sóc Vệ Sinh Cá Nhân,Bịch,0.0,45370.0,0.0,43518.4,0.0,0.0,0.0,,,2025-12-05T00:00:00,2025-12-05T00:00:00,,,242,242,cd7f8e09-8ef4-11f1-9b18-005056b2a5de,9f1495fe-b678-4a42-98f4-fc3a22220818,c5954a39-8ef4-11f1-9b18-005056b2a5de,357
03__BLA__HCA__DUA__25,8934609608300,HURA Castella Bánh Ăn Sáng Xốt Phô Mai Dừa Bịch 25g,Bánh Bông Lan,Bịch,0.0,6481.0,0.0,9015.421053,48.0,109370.0,432740.210544,2025-11-09T00:00:00,2025-12-17T00:00:00,2026-02-21T00:00:00,2026-02-21T00:00:00,268,230,164,164,cd7e4233-8ef4-11f1-9b18-005056b2a5de,d527d586-40e6-48ae-b508-1ce429c08011,c5954a39-8ef4-11f1-9b18-005056b2a5de,358
03__BLA__HCA__PMI__25,8934609608317,HURA Castella Bánh Ăn Sáng Xốt Phô Mai Trứng Muối Bịch 25g,Bánh Bông Lan,Bịch,0.0,6481.0,0.0,7304.472222,3.0,0.0,21913.416666,2025-11-09T00:00:00,2025-12-17T00:00:00,2026-03-06T00:00:00,2026-03-06T00:00:00,268,230,151,151,cd7ffec8-8ef4-11f1-9b18-005056b2a5de,a7cdc2a9-ea2e-47d0-8db9-8a819848dd79,c5954a39-8ef4-11f1-9b18-005056b2a5de,359
03__BLA__HDE__BSA__168,8934609602391,HURA DELI Bánh Bông Lan Bơ Sữa Gói Nhỏ,Bánh Bông Lan,Hộp,0.0,6481.0,0.0,5826.2,20.0,54087.0,116524.0,2025-11-09T00:00:00,2025-12-16T00:00:00,2026-07-07T00:00:00,2026-07-07T00:00:00,268,231,28,28,cd7ea10f-8ef4-11f1-9b18-005056b2a5de,b5ee4c19-4ea9-45ea-80b8-ae6c8c1528e8,c5954a39-8ef4-11f1-9b18-005056b2a5de,360
03__BLA__HDE__CDA__168,8934609602353,HURA DELI Bánh Bông Lan Cốm Dừa Gói Nhỏ,Bánh Bông Lan,Hộp,0.0,6481.5,0.0,6018.402778,-12.0,0.0,-72220.833336,2025-12-16T00:00:00,2025-12-16T00:00:00,2026-07-02T00:00:00,2026-07-02T00:00:00,231,231,33,33,cd7edc4c-8ef4-11f1-9b18-005056b2a5de,e7122cda-af6b-41cb-abc3-25008e0f15d6,c5954a39-8ef4-11f1-9b18-005056b2a5de,361
03__BLA__HSW__DAU__36,8934609605781,HURA Swissroll Bánh Trứng Cuộn Kem Dâu 36g,Bánh Bông Lan,Hộp,0.0,9259.0,0.0,9053.388889,11.0,31551.0,99587.277779,2025-10-28T00:00:00,2025-11-09T00:00:00,2026-07-16T00:00:00,2026-07-16T00:00:00,280,268,19,19,cd7fe259-8ef4-11f1-9b18-005056b2a5de,49880b41-109e-4ea8-8b4b-5c28aa6a0589,c5954a39-8ef4-11f1-9b18-005056b2a5de,362
03__BLA__HSW__SUA__36,8934609605859,HURA Swissroll Bánh Trứng Cuộn Kem Hương Bơ Sữa 36g,Bánh Bông Lan,Hộp,0.0,9259.0,0.0,9259.232558,4.0,24000.0,37036.930232,2025-11-16T00:00:00,2025-11-16T00:00:00,2026-07-16T00:00:00,2026-07-16T00:00:00,261,261,19,19,cd7fe537-8ef4-11f1-9b18-005056b2a5de,0591e389-1773-4405-b55b-e6dd778b6d06,c5954a39-8ef4-11f1-9b18-005056b2a5de,363
02__MGO__IND__KBC__91,089686910704,INDOMIE Mì Xào Khô Bò Cay Goreng Gói 91g,Mì Gói,Gói,0.0,9259.0,0.0,7857.336449,54.0,297713.0,424296.168246,2025-11-01T00:00:00,2026-07-17T00:00:00,2026-07-22T00:00:00,2026-07-22T00:00:00,276,18,13,13,cd7e8a5c-8ef4-11f1-9b18-005056b2a5de,6ed6ab78-3809-4fee-86c5-70e1903aed76,c5954a39-8ef4-11f1-9b18-005056b2a5de,364
02__MGO__IND__KCN__79,089686011036,INDOMIE Mì Xào Khô Cay Nồng Goreng Gói 79g,Mì Gói,Gói,0.0,7407.0,0.0,7407.325,0.0,0.0,0.0,2025-11-01T00:00:00,2025-11-09T00:00:00,2025-12-11T00:00:00,2025-12-11T00:00:00,276,268,236,236,cd7ff927-8ef4-11f1-9b18-005056b2a5de,50fc8084-3134-409a-8fed-6020bf26c262,c5954a39-8ef4-11f1-9b18-005056b2a5de,365
02__MGO__IND__KDB__85,089686010947,INDOMIE Mì Xào Khô Đặc Biệt Gói 85g,Mì Gói,Gói,0.0,11111.0,0.0,9909.663415,32.0,200384.0,317109.22928,2025-12-16T00:00:00,2026-07-17T00:00:00,2026-07-31T00:00:00,2026-07-31T00:00:00,231,18,4,4,cd7e2fac-8ef4-11f1-9b18-005056b2a5de,70ece99d-595b-466b-9c69-c87e90489b94,c5954a39-8ef4-11f1-9b18-005056b2a5de,366
02__MGO__IND__KSU__80,089686043686,INDOMIE Mì Xào Khô Vị Sườn Gói 80g,Mì Gói,Gói,0.0,11111.0,0.0,10237.575472,30.0,203536.0,307127.26416,2025-12-16T00:00:00,2026-07-17T00:00:00,2026-08-02T00:00:00,2026-08-02T00:00:00,231,18,2,2,cd7e00d9-8ef4-11f1-9b18-005056b2a5de,935c5d3a-604d-4568-b005-0d5415f2e7fc,c5954a39-8ef4-11f1-9b18-005056b2a5de,367
01__NTR__JEL__BLA__150,8935342400947,JELE Nước Ép Trái Cây BLACKCUR 150g,Nước Trái Cây,Gói,0.0,16364.0,0.0,17872.247059,16.0,126742.0,285955.952944,2025-11-09T00:00:00,2026-07-20T00:00:00,2026-07-31T00:00:00,2026-07-31T00:00:00,268,15,4,4,cd7f51f3-8ef4-11f1-9b18-005056b2a5de,07816395-fab5-40d5-a2d3-d3924c1aeb30,c5954a39-8ef4-11f1-9b18-005056b2a5de,368
01__NTR__JEL__CAR__150,8935342400961,JELE Nước Ép Trái Cây Carnitine And Vitamin C 150g,Nước Trái Cây,Gói,0.0,16364.0,0.0,17302.617647,17.0,135975.0,294144.499999,2026-06-22T00:00:00,2026-07-20T00:00:00,2026-07-30T00:00:00,2026-07-30T00:00:00,43,15,5,5,cd7e867a-8ef4-11f1-9b18-005056b2a5de,a1bde083-fe90-44a1-b443-19617d9cc519,c5954a39-8ef4-11f1-9b18-005056b2a5de,369
01__NTR__JEL__COL__150,8935342400930,JELE Nước Ép Trái Cây Collagen And Vitamin C 150g,Nước Trái Cây,Gói,0.0,16364.0,0.0,17725.089286,10.0,79929.0,177250.89286,2026-03-12T00:00:00,2026-07-20T00:00:00,2026-07-26T00:00:00,2026-07-26T00:00:00,145,15,9,9,cd7e40e5-8ef4-11f1-9b18-005056b2a5de,b7cf61de-5c43-40e2-9491-c89d5ec82fcb,c5954a39-8ef4-11f1-9b18-005056b2a5de,370
01__NTR__JEL__HIG__150,8935342400954,JELE Nước Ép Trái Cây High Vitamin C 150g,Nước Trái Cây,Gói,0.0,16364.0,0.0,17968.463415,12.0,94256.0,215621.56098,2026-03-12T00:00:00,2026-07-20T00:00:00,2026-07-31T00:00:00,2026-07-31T00:00:00,145,15,4,4,cd7fa67c-8ef4-11f1-9b18-005056b2a5de,801152c4-0c2a-4e19-b565-c43702d94083,c5954a39-8ef4-11f1-9b18-005056b2a5de,371
01__NTR__JEL__ACE__150,8935342400923,JELE Nước Ép Trái Cây Vita A&E 150g,Nước Trái Cây,Gói,0.0,16364.0,0.0,18330.916667,8.0,72000.0,146647.333336,2025-11-09T00:00:00,2026-07-20T00:00:00,2026-07-26T00:00:00,2026-07-26T00:00:00,268,15,9,9,cd7d9040-8ef4-11f1-9b18-005056b2a5de,ae82f43e-a168-4ad4-b3fc-ca4801134fef,c5954a39-8ef4-11f1-9b18-005056b2a5de,372
07__DMA__JON__OIL__50,8850007060314,JOHNSON's Dầu Matxa Babyoil 50ml,Chăm Sóc Da Trẻ Em,Chai,0.0,53704.0,0.0,53703.909091,10.0,397058.0,537039.09091,2026-04-22T00:00:00,2026-04-22T00:00:00,2026-08-02T00:00:00,2026-08-02T00:00:00,104,104,2,2,cd7f59f9-8ef4-11f1-9b18-005056b2a5de,ebaeac87-6278-45b8-95cd-39e1ea744c8f,c5954a39-8ef4-11f1-9b18-005056b2a5de,373
07__DPE__JOH__CHI__100,9556006294949,JOHNSON's Phấn Em Bé 100g,Chăm Sóc Da Trẻ Em,Chai,0.0,42593.0,0.0,42593.0,6.0,191100.0,255558.0,,,2026-07-30T00:00:00,2026-07-30T00:00:00,,,5,5,cd7f280a-8ef4-11f1-9b18-005056b2a5de,0c34adde-df0f-47ae-bb81-cd33f8a4caa1,c5954a39-8ef4-11f1-9b18-005056b2a5de,374
07__DST__JON__COT__200,4801010570103,JOHNSON's Sữa Tắm Em Bé Cottontouch 200ml,Chăm Sóc Da Trẻ Em,Chai,0.0,83333.0,0.0,83333.0,1.0,58500.0,83333.0,,,2026-07-24T00:00:00,2026-07-24T00:00:00,,,11,11,cd7f0b7c-8ef4-11f1-9b18-005056b2a5de,c52b1e69-f040-4d92-955c-9bae01392c1e,c5954a39-8ef4-11f1-9b18-005056b2a5de,375
07__DST__JON__TTT__200,9556006012093,JOHNSON's Sữa Tắm Em Bé Top-To-Toe 200ml,Chăm Sóc Da Trẻ Em,Chai,0.0,92593.0,0.0,92593.0,11.0,807125.0,1018523.0,,,2026-07-29T00:00:00,2026-07-29T00:00:00,,,6,6,cd7f2e38-8ef4-11f1-9b18-005056b2a5de,2c3f3f0a-2442-4f9b-bd10-0a565db136ae,c5954a39-8ef4-11f1-9b18-005056b2a5de,376
11__BSM__JUM__NHA__222,8934732104311,JUMBO Nhang Muỗi S2 222g,Đồ Dùng Bếp,Hộp,0.0,13889.0,0.0,13889.0,4.0,42000.0,55556.0,,,2026-07-02T00:00:00,2026-07-02T00:00:00,,,33,33,cd7edea9-8ef4-11f1-9b18-005056b2a5de,d74c6bbf-5ad5-4b34-9829-b44cf8e73a82,c5954a39-8ef4-11f1-9b18-005056b2a5de,377
11__BSX__JUM__CCH__300,8934732202529,JUMBO Xịt Côn Trùng Cam Chanh 300ml,Đồ Dùng Bếp,Chai,0.0,36111.0,0.0,36111.0,15.0,256762.0,541665.0,2025-11-09T00:00:00,2025-11-09T00:00:00,2026-06-30T00:00:00,2026-06-30T00:00:00,268,268,35,35,cd7fec8a-8ef4-11f1-9b18-005056b2a5de,92f7fcc2-5373-43b5-9b24-9d0b97d2548a,c5954a39-8ef4-11f1-9b18-005056b2a5de,378
11__BSX__JUM__CCH__660,8934732202512,JUMBO Xịt Côn Trùng Cam Chanh 660ml,Đồ Dùng Bếp,Chai,0.0,0.0,0.0,0.0,12.0,612000.0,0.0,,,2026-01-08T00:00:00,,,,208,,cd805af9-8ef4-11f1-9b18-005056b2a5de,6daa10e3-f8ba-4c23-9e4f-de59d33d4cda,c5954a39-8ef4-11f1-9b18-005056b2a5de,379
11__BSX__JUM__0MI__600,8934732202611,JUMBO Xịt Côn Trùng Không Mùi 600ml,Đồ Dùng Bếp,Chai,0.0,63889.0,0.0,63889.0,12.0,612000.0,766668.0,,,2026-06-21T00:00:00,2026-06-21T00:00:00,,,44,44,cd7f9632-8ef4-11f1-9b18-005056b2a5de,61a55390-e1ee-4268-9ab7-05fe3f5a52b5,c5954a39-8ef4-11f1-9b18-005056b2a5de,380
11__BSX__JUM__LAV__600,8934732202710,JUMBO Xịt Côn Trùng Lavender 600ml,Đồ Dùng Bếp,Chai,0.0,69444.0,0.0,69444.0,15.0,765000.0,1041660.0,,,2025-11-20T00:00:00,2025-11-20T00:00:00,,,257,257,cd802fb2-8ef4-11f1-9b18-005056b2a5de,0c5ed7b8-333e-462a-8c55-c6b5c63d5e74,c5954a39-8ef4-11f1-9b18-005056b2a5de,381
03__BXO__KAL__SDU__24,8996001354001,KALPA Bánh Xốp Kem Phủ Socola Dừa 24g,Bánh Xốp,Bịch,0.0,7407.0,0.0,7098.515152,2.0,6569.0,14197.030304,2025-12-16T00:00:00,2026-02-23T00:00:00,2026-08-02T00:00:00,2026-08-02T00:00:00,231,162,2,2,cd7fb99e-8ef4-11f1-9b18-005056b2a5de,89d426c7-5074-441f-9686-a41760a4829a,c5954a39-8ef4-11f1-9b18-005056b2a5de,382
04__5CU__KEL__HOP__150,8852756303049,KELLOGG's FROOT Ngũ Cốc 150g,Ngũ Cốc,Hộp,0.0,61111.0,0.0,61008.111111,0.0,0.0,0.0,,,2026-03-29T00:00:00,2026-03-29T00:00:00,,,128,128,cd7ee83a-8ef4-11f1-9b18-005056b2a5de,892d7db7-b632-49a0-a667-275c46203680,c5954a39-8ef4-11f1-9b18-005056b2a5de,383
03__BMI__KID__SGP__55,8934952005511,KIDO Bánh Chà Bông Xốt Sigapore 55g,Bánh Mì Mềm,Bịch,0.0,13889.0,486.891386,13151.761538,9.0,106793.0,118365.853842,2025-11-04T00:00:00,2026-07-28T00:00:00,2026-08-02T00:00:00,2026-08-02T00:00:00,273,7,2,2,cd7e69b6-8ef4-11f1-9b18-005056b2a5de,9dc12ba5-b66f-41e1-9228-9f2d4247546b,c5954a39-8ef4-11f1-9b18-005056b2a5de,384
03__BMI__KID__HKK__55,8934952005962,KIDO Bánh Gà Nướng Xốt Hồng Kong 55g,Bánh Mì Mềm,Bịch,0.0,13889.0,663.265306,13146.97351,5.0,44313.0,65734.86755,2025-10-28T00:00:00,2026-07-28T00:00:00,2026-08-02T00:00:00,2026-08-02T00:00:00,280,7,2,2,cd7dad7c-8ef4-11f1-9b18-005056b2a5de,f9d5aef6-9d2b-4618-b308-ee3d78e55d67,c5954a39-8ef4-11f1-9b18-005056b2a5de,385
03__BMI__KID__DUA__80,8934952006433,KIDO Bánh Mì 6 Múi Kem Lá Dứa 80g,Bánh Mì Mềm,Bịch,0.0,13889.0,447.368421,12978.694915,0.0,0.0,0.0,2025-10-28T00:00:00,2026-06-22T00:00:00,2026-06-28T00:00:00,2026-06-28T00:00:00,280,43,37,37,cd7edf56-8ef4-11f1-9b18-005056b2a5de,6bc714e6-2045-4b79-97ca-4f6d011c400a,c5954a39-8ef4-11f1-9b18-005056b2a5de,386
03__BMI__KID__SUA__80,8934952007423,KIDO Bánh Mì 6 Múi Vị Bơ Sữa 80g,Bánh Mì Mềm,Bịch,0.0,13889.0,629.62963,13131.363636,4.0,41226.0,52525.454544,2025-10-28T00:00:00,2026-07-28T00:00:00,2026-08-02T00:00:00,2026-08-02T00:00:00,280,7,2,2,cd7ecfdd-8ef4-11f1-9b18-005056b2a5de,f78ba506-a6cb-43da-86d4-010afa5afd1d,c5954a39-8ef4-11f1-9b18-005056b2a5de,387
03__BMI__KID__CUC__80,8934952005948,KIDO Bánh Mì Hoa Cúc 80g,Bánh Mì Mềm,Bịch,0.0,18519.0,0.0,18518.897436,3.0,63050.0,55556.692308,2025-10-28T00:00:00,2026-07-18T00:00:00,2026-08-02T00:00:00,2026-08-02T00:00:00,280,17,2,2,cd7e690d-8ef4-11f1-9b18-005056b2a5de,feb1ef9f-3223-44ce-86ed-443656b39259,c5954a39-8ef4-11f1-9b18-005056b2a5de,388
03__BMI__KID__SUA__55,8934952006464,KIDO Bánh Mì Vị Bơ Sữa 55g,Bánh Mì Mềm,Bịch,0.0,11111.0,257.936508,9499.157407,2.0,21009.0,18998.314814,2025-10-28T00:00:00,2026-07-28T00:00:00,2026-08-02T00:00:00,2026-08-02T00:00:00,280,7,2,2,cd7e5085-8ef4-11f1-9b18-005056b2a5de,a9b82a10-d3e8-4e19-b568-24a4779baf7f,c5954a39-8ef4-11f1-9b18-005056b2a5de,389
03__BMI__KID__SOC__55,8934952006457,KIDO Bánh Mì Vị Socola 55g,Bánh Mì Mềm,Bịch,0.0,11111.0,172.87234,9555.169279,4.0,47430.0,38220.677116,2025-10-28T00:00:00,2026-07-28T00:00:00,2026-08-02T00:00:00,2026-08-02T00:00:00,280,7,2,2,cd7e0b47-8ef4-11f1-9b18-005056b2a5de,34a2b17e-2e5f-4cfb-90a0-ff59a7427327,c5954a39-8ef4-11f1-9b18-005056b2a5de,390
03__BMI__KID__DLO__40,8934952006044,KIDO Bánh Phô Mai Castella Hương Vị Đài Loan 40g,,Bịch,0.0,13889.0,769.230769,13186.517241,10.0,100731.0,131865.17241,2025-12-02T00:00:00,2026-07-28T00:00:00,2026-08-03T00:00:00,2026-08-03T00:00:00,245,7,1,1,cd7dcf13-8ef4-11f1-9b18-005056b2a5de,bdaeebf2-3361-47d1-82ae-c0ed5caf3436,c5954a39-8ef4-11f1-9b18-005056b2a5de,391
03__BMI__KID__TAK__55,8934952005955,KIDO Bánh TAKOYAKI Xốt Nhật Bản 55g,Bánh Mì Mềm,Bịch,0.0,12963.0,368.852459,12963.0,0.0,0.0,0.0,2025-10-28T00:00:00,2026-05-26T00:00:00,2026-05-29T00:00:00,2026-05-29T00:00:00,280,70,67,67,cd7e3ef1-8ef4-11f1-9b18-005056b2a5de,a23e7eda-cbd3-436f-8d0f-d859760a3f60,c5954a39-8ef4-11f1-9b18-005056b2a5de,392
03__BXO__KCH__VAN__1,8992775004494,KIDO Chocolatos Bánh Xốp Cuộn Hương Vani,Bánh Xốp,Cái,0.0,2778.0,0.0,2610.621505,144.0,272340.0,375929.49672,2025-12-30T00:00:00,2026-07-11T00:00:00,2026-08-02T00:00:00,2026-08-02T00:00:00,217,24,2,2,cd7dae31-8ef4-11f1-9b18-005056b2a5de,436a7603-d1f0-47d7-b4da-1e20189738ef,c5954a39-8ef4-11f1-9b18-005056b2a5de,393
03__BXO__KCH__PMI__1,8992775001608,KIDO Chocolatos Bánh Xốp Cuộn Vị Phô Mai,Bánh Xốp,Bịch,0.0,2778.0,0.0,2738.13941,122.0,194773.0,334053.00802,2026-03-25T00:00:00,2026-07-11T00:00:00,2026-08-02T00:00:00,2026-08-02T00:00:00,132,24,2,2,cd7e581e-8ef4-11f1-9b18-005056b2a5de,812ec377-7c57-4c3e-ada6-33f538e570e7,c5954a39-8ef4-11f1-9b18-005056b2a5de,394
03__BXO__KCH__SOC__1,8992775311981,KIDO Chocolatos Bánh Xốp Cuộn Vị Socola,Bánh Xốp,Cái,0.0,2778.0,370.193237,2510.330658,132.0,226531.0,331363.646856,2025-12-30T00:00:00,2026-07-11T00:00:00,2026-08-03T00:00:00,2026-08-03T00:00:00,217,24,1,1,cd7df6d0-8ef4-11f1-9b18-005056b2a5de,5df3f1b9-dbbb-439e-8d20-f824f10dfa45,c5954a39-8ef4-11f1-9b18-005056b2a5de,395
03__BXO__KID__SOC__336,58934588843071,KIDO Chocolatos Bánh Xốp Cuộn Vị Socola 336g,Bánh Xốp,Hộp,0.0,55556.0,0.0,53935.5,4.0,146296.0,215742.0,,,2025-12-16T00:00:00,2025-12-16T00:00:00,,,231,231,cd7effb6-8ef4-11f1-9b18-005056b2a5de,bf07900e-15b7-4ee4-b666-49fd9863804c,c5954a39-8ef4-11f1-9b18-005056b2a5de,396
03__BXO__KCH__SOD__1,8992775311479,KIDO Chocolatos Bánh Xốp Cuộn Vị Socola Đen,Bánh Xốp,Cái,0.0,2778.0,237.76699,2566.622624,88.0,150255.0,225862.790912,2025-12-30T00:00:00,2026-07-11T00:00:00,2026-08-03T00:00:00,2026-08-03T00:00:00,217,24,1,1,cd7da598-8ef4-11f1-9b18-005056b2a5de,208ba11f-14d3-41ef-af54-116b27c536c6,c5954a39-8ef4-11f1-9b18-005056b2a5de,397
03__BXO__KID__SDN__336,58934588843070,KIDO Chocolatos Bánh Xốp Cuộn Vị Socola Đen 336g,Bánh Xốp,Hộp,0.0,55556.0,0.0,55556.0,5.0,182870.0,277780.0,,,2025-12-27T00:00:00,2025-12-27T00:00:00,,,220,220,cd802838-8ef4-11f1-9b18-005056b2a5de,f2cf11a7-ad73-46f8-8239-73f888687cb4,c5954a39-8ef4-11f1-9b18-005056b2a5de,398
05__GDA__KID__VIR__250,8936035100960,KIDO Dầu Ăn Olive Oil Extra Virgin 250ml,Gia Vị Nhà Bếp,Chai,0.0,0.0,0.0,0.0,12.0,514800.0,0.0,2025-11-09T00:00:00,2025-11-09T00:00:00,,,268,268,,,cd7fdf3d-8ef4-11f1-9b18-005056b2a5de,7460357d-6e52-4179-91fb-2562120741ea,c5954a39-8ef4-11f1-9b18-005056b2a5de,399
03__BMI__KDY__XBO__150,8934952007348,KIDO Dora-yaki Bánh Chà Bông Xốt Bơ 150g,Bánh Mì Mềm,Bịch,0.0,9259.0,202.166065,9530.8,53.0,269246.0,505132.4,2025-11-22T00:00:00,2026-07-28T00:00:00,2026-08-02T00:00:00,2026-08-02T00:00:00,255,7,2,2,cd7dd08a-8ef4-11f1-9b18-005056b2a5de,9f04550c-3924-4e2a-923f-b36d53ee4c55,c5954a39-8ef4-11f1-9b18-005056b2a5de,400
03__BMI__KDY__PMI__30,8934952008055,KIDO Dora-yaki Bánh Chà Bông Xốt Phô Mai Bịch 30g,Bánh Mì Mềm,Bịch,0.0,9259.0,232.365145,9968.775701,26.0,146428.0,259188.168226,2025-11-28T00:00:00,2026-07-28T00:00:00,2026-08-02T00:00:00,2026-08-02T00:00:00,249,7,2,2,cd7dab54-8ef4-11f1-9b18-005056b2a5de,01392e5a-9636-4c15-b75a-01a9d5c1548d,c5954a39-8ef4-11f1-9b18-005056b2a5de,401
03__BMI__KDY__TMI__30,8934952008727,KIDO Dora-yaki Bánh Chà Bông Xốt Trứng Muối Bịch 30g,Bánh Mì Mềm,Bịch,0.0,8518.6,0.0,10162.743961,22.0,120414.0,223580.367142,2025-11-22T00:00:00,2026-07-28T00:00:00,2026-08-01T00:00:00,2026-08-01T00:00:00,255,7,3,3,cd7e4d2c-8ef4-11f1-9b18-005056b2a5de,52ca55bc-51e5-4925-a5b6-d73f29badfdd,c5954a39-8ef4-11f1-9b18-005056b2a5de,402
03__BMI__KDY__DDO__30,8934952008116,KIDO Dora-yaki Bánh Đậu Đỏ,Bánh Mì Mềm,Bịch,0.0,9259.5,953.191489,9051.490654,20.0,107310.0,181029.81308,2025-12-23T00:00:00,2026-07-28T00:00:00,2026-08-03T00:00:00,2026-08-03T00:00:00,224,7,1,1,cd7ea893-8ef4-11f1-9b18-005056b2a5de,87f218fb-764c-4b2a-9389-d0d38c02228d,c5954a39-8ef4-11f1-9b18-005056b2a5de,403
03__BMI__KDY__SOC__30,8934952007355,KIDO Dora-yaki Bánh Vị Socola,Bánh Mì Mềm,Bịch,0.0,8518.6,308.133971,9695.240741,50.0,229694.0,484762.03705,2025-11-22T00:00:00,2026-07-28T00:00:00,2026-07-26T00:00:00,2026-07-26T00:00:00,255,7,9,9,cd7dd51d-8ef4-11f1-9b18-005056b2a5de,6783a387-2e7d-4068-a9b9-0ddc67304322,c5954a39-8ef4-11f1-9b18-005056b2a5de,404
03__BMI__KDY__BBQ__30,8934952008079,KIDO Dora-yaki Bánh Xốt BBQ Bịch 30g,Bánh Mì Mềm,Bịch,0.0,9259.0,0.0,9049.528302,37.0,202441.0,334832.547174,2026-05-06T00:00:00,2026-07-28T00:00:00,2026-08-02T00:00:00,2026-08-02T00:00:00,90,7,2,2,cd7eae45-8ef4-11f1-9b18-005056b2a5de,98158487-b992-4075-9480-26b418c5a0ef,c5954a39-8ef4-11f1-9b18-005056b2a5de,405
03__SKH__KRI__MOC__50,8997212801094,KIDO KRIZZI Bánh Snack Mocha 50g,Snack Khác,Bịch,0.0,16667.0,0.0,16314.206349,15.0,154194.0,244713.095235,2025-10-28T00:00:00,2026-06-25T00:00:00,2026-07-13T00:00:00,2026-07-13T00:00:00,280,40,22,22,cd7fc76d-8ef4-11f1-9b18-005056b2a5de,d7e6409b-78f2-4250-a736-ed2bc6033c0a,c5954a39-8ef4-11f1-9b18-005056b2a5de,406
03__SKH__KRI__DAU__50,8997212800806,KIDO KRIZZI Bánh Snack Vị Dâu 50g,Snack Khác,Bịch,0.0,16667.0,0.0,14815.0,0.0,0.0,0.0,,,2025-12-06T00:00:00,2025-12-06T00:00:00,,,241,241,cd7f4653-8ef4-11f1-9b18-005056b2a5de,e1ed72b6-72ee-44b4-b1b3-51ef032863ed,c5954a39-8ef4-11f1-9b18-005056b2a5de,407
03__SKH__KRI__SOC__50,8997212800790,KIDO KRIZZI Bánh Snack Vị Socola 50g,Snack Khác,Bịch,0.0,16667.0,0.0,16066.777778,3.0,210000.0,48200.333334,2025-11-08T00:00:00,2026-06-25T00:00:00,2026-07-23T00:00:00,2026-07-23T00:00:00,269,40,12,12,cd7fbb7a-8ef4-11f1-9b18-005056b2a5de,eb82db6b-b840-49cd-a9a7-df9ca6f713c7,c5954a39-8ef4-11f1-9b18-005056b2a5de,408
03__BXO__BUN__SOC__43,8000500066027,KINDER BUNENO Bánh Socola 43g,Bánh Xốp,Cái,0.0,41667.0,0.0,41557.840336,46.0,2046000.0,1911660.655456,2026-04-25T00:00:00,2026-05-19T00:00:00,2026-08-02T00:00:00,2026-08-02T00:00:00,101,77,2,2,cd7f8ad2-8ef4-11f1-9b18-005056b2a5de,a3a14b99-d869-4841-9535-8030dcf6b055,c5954a39-8ef4-11f1-9b18-005056b2a5de,409
03__KSO__KIN__HOG__20,80768258,KINDER JOY Kẹo Socola Hồng 20g,Kẹo Socola,Cái,0.0,40741.0,0.0,39537.05,1.0,26900.0,39537.05,,,2026-02-20T00:00:00,2026-02-20T00:00:00,,,165,165,cd7e686a-8ef4-11f1-9b18-005056b2a5de,7ca3f176-a8bb-4d8d-82b5-1e94b87734ba,c5954a39-8ef4-11f1-9b18-005056b2a5de,410
03__KSO__KIN__XAH__20,80974482,KINDER JOY Kẹo Socola Xanh 20g,Kẹo Socola,Cái,0.0,40741.0,0.0,35370.2,0.0,0.0,0.0,,,2026-01-14T00:00:00,2026-01-14T00:00:00,,,202,202,cd801bc9-8ef4-11f1-9b18-005056b2a5de,65998737-3182-4243-ad64-4228565f4a12,c5954a39-8ef4-11f1-9b18-005056b2a5de,411
03__BQU__AFC__LMI__1,8934680025980,KINHDO AFC Bánh Quy Vị Lúa Mì,Bánh Quy,Hộp,0.0,37037.0,0.0,36574.0,0.0,0.0,0.0,2025-12-24T00:00:00,2025-12-24T00:00:00,2026-07-05T00:00:00,2026-07-05T00:00:00,223,223,30,30,cd7fc06e-8ef4-11f1-9b18-005056b2a5de,70e0b507-017e-4a26-a725-cb15767d53ea,c5954a39-8ef4-11f1-9b18-005056b2a5de,412
KABQVLM801,8934680025959,KINHDO AFC Bánh Quy Vị Lúa Mì 86g,Bánh Quy,Hộp,0.0,22222.0,0.0,22222.1,20.0,252000.0,444442.0,2026-06-26T00:00:00,2026-07-18T00:00:00,2026-07-24T00:00:00,2026-07-24T00:00:00,39,17,11,11,cd7f8c2f-8ef4-11f1-9b18-005056b2a5de,7b66e96e-b90e-4a64-ad60-9f4730daa16d,c5954a39-8ef4-11f1-9b18-005056b2a5de,413
03__BQU__AFC__RAU__1,8934680025973,KINHDO AFC Bánh Quy Vị Rau,Bánh Quy,Hộp,0.0,37037.0,0.0,36265.333333,0.0,0.0,0.0,2025-12-24T00:00:00,2025-12-24T00:00:00,2026-05-21T00:00:00,2026-05-21T00:00:00,223,223,75,75,cd7f8cd3-8ef4-11f1-9b18-005056b2a5de,6f89db2b-e2f4-45c9-a6e2-002eb3066ebe,c5954a39-8ef4-11f1-9b18-005056b2a5de,414
KABQVR801,8934680025966,KINHDO AFC Bánh Quy Vị Rau 86g,Bánh Quy,Hộp,0.0,22222.0,0.0,22222.0,7.0,126000.0,155554.0,2026-06-26T00:00:00,2026-06-26T00:00:00,2026-08-02T00:00:00,2026-08-02T00:00:00,39,39,2,2,cd7f9dd3-8ef4-11f1-9b18-005056b2a5de,9e42de89-e637-4db6-96fd-586712094494,c5954a39-8ef4-11f1-9b18-005056b2a5de,415
03__BQU__AFC__TAO__1,8934680028028,KINHDO AFC Bánh Quy Vị Tảo Biển,Bánh Quy,Hộp,0.0,37037.0,0.0,35648.0,0.0,0.0,0.0,2025-12-24T00:00:00,2025-12-24T00:00:00,2026-07-09T00:00:00,2026-07-09T00:00:00,223,223,26,26,cd7f63f8-8ef4-11f1-9b18-005056b2a5de,d3cab05b-eed8-4518-a4d4-13b2aa5d850c,c5954a39-8ef4-11f1-9b18-005056b2a5de,416
01__NTR__KIC__DAO__490,8935001282310,KIRIN Ice+ Nước Trái Cây Vị Đào 490ml,Nước Trái Cây,Chai,0.0,11818.0,0.0,11003.147222,36.0,656996.0,396113.299992,2025-11-08T00:00:00,2026-07-28T00:00:00,2026-08-03T00:00:00,2026-08-03T00:00:00,269,7,1,1,cd7dca1d-8ef4-11f1-9b18-005056b2a5de,8bd31047-06b3-41fc-8efc-294e88c8a8b9,c5954a39-8ef4-11f1-9b18-005056b2a5de,417
01__NTR__KIC__DLI__490,8935001282693,KIRIN Ice+ Nước Trái Cây Vị Dưa LướI 490ml,Nước Trái Cây,Chai,0.0,11818.0,0.0,10802.613793,16.0,152744.0,172841.820688,2025-11-04T00:00:00,2026-06-30T00:00:00,2026-08-02T00:00:00,2026-08-02T00:00:00,273,35,2,2,cd7e3d05-8ef4-11f1-9b18-005056b2a5de,ed8ff328-71ed-43a6-a518-4b8b79148399,c5954a39-8ef4-11f1-9b18-005056b2a5de,418
01__NTR__KIC__NHO__490,8935001282327,KIRIN Ice+ Nước Trái Cây Vị Nho 490ml,Nước Trái Cây,Chai,0.0,11818.0,0.0,11135.336683,29.0,238000.0,322924.763807,2025-11-08T00:00:00,2026-07-28T00:00:00,2026-08-01T00:00:00,2026-08-01T00:00:00,269,7,3,3,cd7d810c-8ef4-11f1-9b18-005056b2a5de,c06d80d5-ee27-4e9d-b2ad-4817f5bb96d1,c5954a39-8ef4-11f1-9b18-005056b2a5de,419
01__TDC__KIC__DAO__490,8935001282662,KIRIN Ice+ Trà Trái Cây Vị Đào 490ml,Trà Đóng Chai,Chai,0.0,12037.0,0.0,11042.425926,43.0,333294.0,474824.314818,2025-11-04T00:00:00,2026-07-06T00:00:00,2026-07-31T00:00:00,2026-07-31T00:00:00,273,29,4,4,cd7e6175-8ef4-11f1-9b18-005056b2a5de,d41db35c-0b5d-4981-94f4-d00fac7ac65f,c5954a39-8ef4-11f1-9b18-005056b2a5de,420
01__TDC__KIC__TKI__490,8935001282679,KIRIN Ice+ Trà Trái Cây Vị Trà Táo Kiwi 490ml,Trà Đóng Chai,Chai,0.0,12037.0,0.0,11305.947368,19.0,190768.0,214812.999992,2025-11-08T00:00:00,2026-07-06T00:00:00,2026-08-02T00:00:00,2026-08-02T00:00:00,269,29,2,2,cd7e8721-8ef4-11f1-9b18-005056b2a5de,b3478045-fcdc-41e5-9a38-4ea97dd32613,c5954a39-8ef4-11f1-9b18-005056b2a5de,421
01__TDC__KIR__SCC__280,8935001282440,KIRIN Imuse Vị Sữa Chua & Chanh 280ml,Trà Đóng Chai,Chai,0.0,12727.0,0.0,12523.794521,0.0,0.0,0.0,2025-11-08T00:00:00,2026-06-04T00:00:00,2026-06-17T00:00:00,2026-06-17T00:00:00,269,61,48,48,cd7f5b4b-8ef4-11f1-9b18-005056b2a5de,cca49032-2cee-4d80-a928-7051571d82dc,c5954a39-8ef4-11f1-9b18-005056b2a5de,422
01__TDC__KIL__CAR__440,8935001282433,KIRIN Latte Coffee & Caramel 440ml,Trà Đóng Chai,Chai,0.0,13636.0,0.0,13408.791667,72.0,784692.0,965433.000024,2025-11-17T00:00:00,2026-06-26T00:00:00,2026-07-30T00:00:00,2026-07-30T00:00:00,260,39,5,5,cd7d97c0-8ef4-11f1-9b18-005056b2a5de,9fc84c6b-2cbf-4dd9-9388-debb1df2e7ed,c5954a39-8ef4-11f1-9b18-005056b2a5de,423
01__TDC__KIL__DSA__440,8935001282297,KIRIN Latte Hỗn Hợp Dâu Sữa 440ml,Trà Đóng Chai,Chai,0.0,13636.0,0.0,12583.273684,23.0,209290.0,289415.294732,2025-11-08T00:00:00,2026-07-06T00:00:00,2026-08-03T00:00:00,2026-08-03T00:00:00,269,29,1,1,cd7dc03c-8ef4-11f1-9b18-005056b2a5de,4073d102-8766-4ef0-a9ea-566f664b2c8b,c5954a39-8ef4-11f1-9b18-005056b2a5de,424
01__TDC__KIL__MCS__440,8935001282273,KIRIN Latte Mãng Cầu Sữa 440ml,Trà Đóng Chai,Chai,0.0,13636.0,0.0,12625.759615,31.0,248809.0,391398.548065,2025-11-08T00:00:00,2026-07-06T00:00:00,2026-07-25T00:00:00,2026-07-25T00:00:00,269,29,10,10,cd7f4971-8ef4-11f1-9b18-005056b2a5de,009369b9-0b61-4a49-a4ef-6f417b61e131,c5954a39-8ef4-11f1-9b18-005056b2a5de,425
01__TDC__KIL__SSA__440,8935001282686,KIRIN Latte Socola Sữa 440ml,Trà Đóng Chai,Chai,0.0,13636.0,0.0,12554.26875,27.0,606516.0,338965.25625,2025-10-28T00:00:00,2026-07-28T00:00:00,2026-08-02T00:00:00,2026-08-02T00:00:00,280,7,2,2,cd7d8984-8ef4-11f1-9b18-005056b2a5de,63c26d57-c118-4e44-bd69-93f59c356ede,c5954a39-8ef4-11f1-9b18-005056b2a5de,426
01__TDC__KIL__TSA__440,8935001282266,KIRIN Latte Trà Sữa 440ml,Trà Đóng Chai,Chai,0.0,13636.0,0.0,12682.085294,19.0,651904.0,240959.620586,2025-10-28T00:00:00,2026-07-28T00:00:00,2026-08-03T00:00:00,2026-08-03T00:00:00,280,7,1,1,cd7dc8a9-8ef4-11f1-9b18-005056b2a5de,b504589d-871c-400e-9c3a-24186fb1888d,c5954a39-8ef4-11f1-9b18-005056b2a5de,427
01__TDC__KIR__TSA__345,8935001215028,KIRIN Trà Sữa Anh Quốc 345ml,Trà Đóng Chai,Chai,0.0,13636.0,0.0,12859.467532,20.0,227132.0,257189.35064,2025-11-20T00:00:00,2026-07-06T00:00:00,2026-08-02T00:00:00,2026-08-02T00:00:00,257,29,2,2,cd7db1d8-8ef4-11f1-9b18-005056b2a5de,dfcb1c12-d1c0-4a3a-8c37-05877ff44ce1,c5954a39-8ef4-11f1-9b18-005056b2a5de,428
01__TDC__KIR__TXH__345,8935001282372,KIRIN Trà Xanh Nhật 345ml,Trà Đóng Chai,Chai,0.0,13889.0,0.0,12282.673469,20.0,381432.0,245653.46938,2025-10-28T00:00:00,2026-06-26T00:00:00,2026-08-02T00:00:00,2026-08-02T00:00:00,280,39,2,2,cd7dc25b-8ef4-11f1-9b18-005056b2a5de,9696a38d-ee72-42c2-973a-0a4e51a07603,c5954a39-8ef4-11f1-9b18-005056b2a5de,429
03__BXO__KIT__DAU__17,58934588843075,KITKAT Bánh Xốp Dâu Gói 17g,Bánh Xốp,Cái,0.0,20370.0,0.0,18888.8,0.0,0.0,0.0,2026-01-30T00:00:00,2026-02-28T00:00:00,2026-04-19T00:00:00,2026-04-19T00:00:00,186,157,107,107,cd7e8474-8ef4-11f1-9b18-005056b2a5de,7b3eca23-c87b-43bc-aebe-ee38067683f2,c5954a39-8ef4-11f1-9b18-005056b2a5de,430
03__BXO__KIT__MLO__16,9556001317346,KITKAT Bánh Xốp Milo Gói 16g,Bánh Xốp,Cái,0.0,18519.0,0.0,17179.177665,124.0,1469300.0,2130218.03046,2025-11-21T00:00:00,2026-07-07T00:00:00,2026-08-02T00:00:00,2026-08-02T00:00:00,256,28,2,2,cd7e9f4e-8ef4-11f1-9b18-005056b2a5de,dc27945b-decc-43a3-ac6f-77bc4e0c44ee,c5954a39-8ef4-11f1-9b18-005056b2a5de,431
03__BXO__KIT__SCS__15,9556001071750,KITKAT Bánh Xốp Socola Sữa Gói 15g,Bánh Xốp,Cái,0.0,12037.0,0.0,11929.268698,1.0,0.0,11929.268698,2025-11-21T00:00:00,2026-05-23T00:00:00,2026-05-16T00:00:00,2026-05-16T00:00:00,256,73,80,80,cd7e0803-8ef4-11f1-9b18-005056b2a5de,1c2decf8-bd88-4c5f-a6f7-e4737365c632,c5954a39-8ef4-11f1-9b18-005056b2a5de,432
KBXSSG101,95506500,KITKAT Bánh Xốp Socola Sữa Gói 17g,,Cái,0.0,13889.0,0.0,13219.344633,3.0,38386.0,39658.033899,2026-05-26T00:00:00,2026-05-26T00:00:00,2026-07-26T00:00:00,2026-07-26T00:00:00,70,70,9,9,cd7e5130-8ef4-11f1-9b18-005056b2a5de,28607a3b-e44c-42a4-93d3-c1084d5add9c,c5954a39-8ef4-11f1-9b18-005056b2a5de,433
03__BXO__KIT__TXH__17,9556001227560,KITKAT Bánh Xốp Trà Xanh Gói 17g,Bánh Xốp,Cái,0.0,19444.0,0.0,18163.040404,128.0,1919370.0,2324869.171712,2026-01-30T00:00:00,2026-07-07T00:00:00,2026-08-02T00:00:00,2026-08-02T00:00:00,186,28,2,2,cd7f88d4-8ef4-11f1-9b18-005056b2a5de,4c9dde93-79ac-4125-93d9-8251a3b968a7,c5954a39-8ef4-11f1-9b18-005056b2a5de,434
05__GXT__KNO__CKO__28,8934707010944,KNOR Gói Gia Vị Cá Kho 28g,Gia Vị Nhà Bếp,Gói,0.0,7407.0,0.0,7407.0,5.0,15620.0,37035.0,,,2026-02-18T00:00:00,2026-02-18T00:00:00,,,167,167,cd7fc7fe-8ef4-11f1-9b18-005056b2a5de,1ca5b3f8-4339-4a02-86d5-7468758582b5,c5954a39-8ef4-11f1-9b18-005056b2a5de,435
05__GXT__KNO__CCA__28,8934707010982,KNOR Gói Gia Vị Canh Chua 28g,Gia Vị Nhà Bếp,Gói,0.0,7407.0,0.0,7407.0,5.0,15620.0,37035.0,,,2026-07-07T00:00:00,2026-07-07T00:00:00,,,28,28,cd8072f6-8ef4-11f1-9b18-005056b2a5de,f3803b56-ce8a-4671-8316-66c5c37cb3a4,c5954a39-8ef4-11f1-9b18-005056b2a5de,436
05__GXT__KNO__TKO__28,8934707011002,KNOR Gói Gia Vị Thịt Kho 28g,Gia Vị Nhà Bếp,Gói,0.0,7407.0,0.0,7407.0,5.0,15620.0,37035.0,,,2026-06-25T00:00:00,2026-06-25T00:00:00,,,40,40,cd8046f5-8ef4-11f1-9b18-005056b2a5de,5d14ce10-56f4-4cc7-8c56-81e1a7c5026a,c5954a39-8ef4-11f1-9b18-005056b2a5de,437
05__GHN__KNO__ORG__170,8934707012122,KNOR Hạt Nêm Nấm Hương Organic 170g,Gia Vị Nhà Bếp,Bịch,0.0,20370.0,0.0,20370.0,9.0,134469.0,183330.0,,,2026-01-23T00:00:00,2026-01-23T00:00:00,,,193,193,cd7fa7ad-8ef4-11f1-9b18-005056b2a5de,ace63551-dbd8-448f-b642-3154c972bcd2,c5954a39-8ef4-11f1-9b18-005056b2a5de,438
05__GHN__KNO__ONG__170,8934707029144,KNOR Hạt Nêm Thịt Thăn Xương Ống Và Tủy 170g,Gia Vị Nhà Bếp,Bịch,0.0,18519.0,0.0,18519.0,13.0,63718.0,240747.0,2025-11-09T00:00:00,2025-11-09T00:00:00,2026-07-11T00:00:00,2026-07-11T00:00:00,268,268,24,24,cd80032c-8ef4-11f1-9b18-005056b2a5de,4f13a1b7-e537-4340-9471-61532d08fa88,c5954a39-8ef4-11f1-9b18-005056b2a5de,439
02__MGO__KOK__SCY__90,8936221044221,KOKOMI 90 Mì Gói Sườn Hành Phi 90g*30,Mì Gói,Gói,3667.0,7407.0,3667.0,6307.90625,25.0,91675.0,157697.65625,2025-12-01T00:00:00,2025-12-01T00:00:00,2026-04-11T00:00:00,2026-04-11T00:00:00,246,246,115,115,cd7ef021-8ef4-11f1-9b18-005056b2a5de,838b0d43-b8b5-4c0b-a881-759d25c5291f,c5954a39-8ef4-11f1-9b18-005056b2a5de,440
02__MGO__KOK__CAY__90,8936221044184,KOKOMI 90 Mì Gói Tôm Chua Cay 90g*30,Mì Gói,Gói,0.0,7407.0,0.0,7008.482051,-28.0,110000.0,-196237.497428,2025-11-08T00:00:00,2026-05-28T00:00:00,2026-08-02T00:00:00,2026-08-02T00:00:00,269,68,2,2,cd7e9c32-8ef4-11f1-9b18-005056b2a5de,33b73798-4b86-4904-84df-1ee6df19c68b,c5954a39-8ef4-11f1-9b18-005056b2a5de,441
02__MGO__KOK__XHS__95,8936221044245,KOKOMI 90 Mì Gói Vị Hải Sản Cay Tê 90g*30,Mì Gói,Gói,0.0,7407.5,0.0,7011.675214,22.0,110000.0,154256.854708,2025-11-08T00:00:00,2026-07-01T00:00:00,2026-07-31T00:00:00,2026-07-31T00:00:00,269,34,4,4,cd7f3e7a-8ef4-11f1-9b18-005056b2a5de,a8d22de2-a1c0-4efd-b293-96ff822796ff,c5954a39-8ef4-11f1-9b18-005056b2a5de,442
02__MIL__KOK__THT__90,8936221048281,KOKOMI 90 Mì Ly Có Cây Thịt 90g*24,Mì Ly,Ly,0.0,11111.0,0.0,11111.0,0.0,0.0,0.0,2025-11-12T00:00:00,2025-11-12T00:00:00,2025-11-02T00:00:00,2025-11-02T00:00:00,265,265,275,275,cd802449-8ef4-11f1-9b18-005056b2a5de,971d4f03-ee67-4750-afc5-30170fffca02,c5954a39-8ef4-11f1-9b18-005056b2a5de,443
02__MGO__KOK__BXC__95,8936221044238,KOKOMI 90 Mì Xào Vị Bò Xốt Cà Gói 95g*30,Mì Gói,Gói,0.0,7407.5,0.0,7407.322034,1.0,2972.0,7407.322034,2025-12-16T00:00:00,2026-01-23T00:00:00,2026-05-15T00:00:00,2026-05-15T00:00:00,231,193,81,81,cd7f4059-8ef4-11f1-9b18-005056b2a5de,7d3fe9e3-cc2f-451d-bf24-6571644c1dd7,c5954a39-8ef4-11f1-9b18-005056b2a5de,444
02__MGO__KOK__CAY__65,8936221044160,KOKOMI Mì Gói Tôm Chua Cay 65g*30,Mì Gói,Gói,0.0,5556.0,0.0,5327.983607,0.0,38808.0,0.0,2025-11-09T00:00:00,2026-03-21T00:00:00,2026-06-03T00:00:00,2026-06-03T00:00:00,268,136,62,62,cd7e3924-8ef4-11f1-9b18-005056b2a5de,8c422147-a625-4cd8-a4e6-48e675d16584,c5954a39-8ef4-11f1-9b18-005056b2a5de,445
02__MIL__KOK__CAY__65,8936221048298,KOKOMI Mì Ly Tôm Chua Cay 65g*24,Mì Ly,Ly,0.0,11111.0,0.0,9749.9,30.0,500000.0,292497.0,2025-11-08T00:00:00,2026-07-01T00:00:00,2026-08-01T00:00:00,2026-08-01T00:00:00,269,34,3,3,cd7d873e-8ef4-11f1-9b18-005056b2a5de,19d24afb-4802-4955-9611-4c1752b947cd,c5954a39-8ef4-11f1-9b18-005056b2a5de,446
03__KCU__KOP__CFE__135,8996001320051,KOPIKO Kẹo Cà Phê 135g,Kẹo Cứng,Bịch,0.0,27778.0,0.0,22222.157895,0.0,0.0,0.0,2026-01-12T00:00:00,2026-01-12T00:00:00,2026-06-13T00:00:00,2026-06-13T00:00:00,204,204,52,52,cd7ee5ed-8ef4-11f1-9b18-005056b2a5de,1384b968-2bf4-4b39-a4d4-19050f0dc3e9,c5954a39-8ef4-11f1-9b18-005056b2a5de,447
KKCPS101,8996001320136,KOPIKO Kẹo Cà Phê Sữa 140g,,Bịch,0.0,27778.0,0.0,27778.0,1.0,15800.0,27778.0,2026-06-09T00:00:00,2026-06-09T00:00:00,2026-07-03T00:00:00,2026-07-03T00:00:00,56,56,32,32,cd7f4f4a-8ef4-11f1-9b18-005056b2a5de,87d4eb1b-716a-4732-98fc-f9a8d2577b90,c5954a39-8ef4-11f1-9b18-005056b2a5de,448
02__MIL__KOR__PMI__65,8936028643177,KORENO M.X Vị Bò Phô Mai Cay Ly 65g,Mì Ly,Bịch,0.0,16667.0,0.0,16140.234201,40.0,328000.0,645609.36804,2025-11-14T00:00:00,2026-07-17T00:00:00,2026-08-02T00:00:00,2026-08-02T00:00:00,263,18,2,2,cd7e19c9-8ef4-11f1-9b18-005056b2a5de,235efc82-aa6a-4fee-9bdd-a1fda99d472a,c5954a39-8ef4-11f1-9b18-005056b2a5de,449
KMC7CDG101,8936028644501,KORENO Mì Cay 7 Cấp Độ Gói 104g,,Gói,0.0,16667.0,0.0,16666.884058,3.0,24354.0,50000.652174,2026-06-18T00:00:00,2026-07-17T00:00:00,2026-08-03T00:00:00,2026-08-03T00:00:00,47,18,1,1,cd7ebab6-8ef4-11f1-9b18-005056b2a5de,e2e70ce0-0ae6-4b42-b6c0-0dcddf4ed614,c5954a39-8ef4-11f1-9b18-005056b2a5de,450
02__MIL__KOR__LTI__65,8936028642187,KORENO Mì Lẩu Thái Ly 65g,Mì Ly,Ly,0.0,16667.0,0.0,15621.088235,19.0,152000.0,296800.676465,2025-11-14T00:00:00,2026-07-09T00:00:00,2026-07-30T00:00:00,2026-07-30T00:00:00,263,26,5,5,cd7f4b51-8ef4-11f1-9b18-005056b2a5de,b3ada2a5-2c7f-4b47-a211-bba1b3b6e1ab,c5954a39-8ef4-11f1-9b18-005056b2a5de,451
02__MIL__KOR__DEN__68,8936028641531,KORENO Mì Trộn Tương Đen Ly 68g,Mì Ly,Ly,0.0,16667.0,0.0,15599.187075,53.0,558315.0,826756.914975,2025-11-04T00:00:00,2026-07-17T00:00:00,2026-08-01T00:00:00,2026-08-01T00:00:00,273,18,3,3,cd7d77f6-8ef4-11f1-9b18-005056b2a5de,a0e5aa6b-1333-45f7-9e89-40608ea13554,c5954a39-8ef4-11f1-9b18-005056b2a5de,452
02__MIL__KOR__BXO__65,8936028643054,KORENO Mì Xào Vị Bò Xào Ly 65g,Mì Ly,Ly,0.0,16667.0,0.0,15486.893805,28.0,193282.0,433633.02654,2025-11-09T00:00:00,2026-05-21T00:00:00,2026-07-22T00:00:00,2026-07-22T00:00:00,268,75,13,13,cd7df38e-8ef4-11f1-9b18-005056b2a5de,24a09840-3340-484f-9165-a5361817cb03,c5954a39-8ef4-11f1-9b18-005056b2a5de,453
06__VSB__KOT__BQU__ML2,8888336044125,KOTEX Băng Quần Cool Size M-L 2 Miếng,Chăm Sóc Vệ Sinh Cá Nhân,Bịch,0.0,41667.0,0.0,58642.166667,0.0,0.0,0.0,2025-11-09T00:00:00,2026-06-26T00:00:00,2026-07-08T00:00:00,2026-07-08T00:00:00,268,39,27,27,cd7f2b1a-8ef4-11f1-9b18-005056b2a5de,71905717-7e9a-497f-8a6d-f50e20bbb145,c5954a39-8ef4-11f1-9b18-005056b2a5de,454
KBQHSM2MT2M01,8888336040462,KOTEX Băng Quần Herbal Size M-L 2 Miếng Tặng 2 Miếng,Chăm Sóc Vệ Sinh Cá Nhân,Bịch,0.0,64815.0,0.0,64815.0,0.0,0.0,0.0,2026-06-26T00:00:00,2026-06-26T00:00:00,2026-07-13T00:00:00,2026-07-13T00:00:00,39,39,22,22,cd80632d-8ef4-11f1-9b18-005056b2a5de,a7e1f0da-0304-4fcd-b2d2-e402f94fe728,c5954a39-8ef4-11f1-9b18-005056b2a5de,455
06__VSB__KOT__BQN__ML2,8888336033174,KOTEX Băng Quần Max Protect Size M-L 2 Miếng,Chăm Sóc Vệ Sinh Cá Nhân,Bịch,0.0,38889.0,0.0,38889.0,0.0,0.0,0.0,2025-11-09T00:00:00,2026-04-01T00:00:00,2026-05-17T00:00:00,2026-05-17T00:00:00,268,125,79,79,cd7fb35e-8ef4-11f1-9b18-005056b2a5de,f3793aef-0cc1-4b3b-ac29-27d959e31b84,c5954a39-8ef4-11f1-9b18-005056b2a5de,456
06__VSB__KOT__BVE__2320,8888336008974,KOTEX Bảo Vệ Toàn Diện 23cm 20 Miếng,Chăm Sóc Vệ Sinh Cá Nhân,Bịch,0.0,55556.0,0.0,45185.6,10.0,354626.0,451856.0,2026-06-26T00:00:00,2026-06-26T00:00:00,2026-06-27T00:00:00,2026-06-27T00:00:00,39,39,38,38,cd7ed23b-8ef4-11f1-9b18-005056b2a5de,fdf8a2bd-5bdd-4a9d-8303-5e3feef5d443,c5954a39-8ef4-11f1-9b18-005056b2a5de,457
06__VSB__KOT__BVE__238,8888336008936,KOTEX Bảo Vệ Toàn Diện 23cm 8 Miếng,Chăm Sóc Vệ Sinh Cá Nhân,Bịch,0.0,32407.0,0.0,25165.178571,19.0,267737.0,478138.392849,2026-05-09T00:00:00,2026-06-26T00:00:00,2026-07-29T00:00:00,2026-07-29T00:00:00,87,39,6,6,cd7f6744-8ef4-11f1-9b18-005056b2a5de,80807399-1a3e-4d03-b7ab-08b70341ef7b,c5954a39-8ef4-11f1-9b18-005056b2a5de,458
KB11M01,8935107204278,KOTEX Bio-care 15cm 16 miếng,Chăm Sóc Vệ Sinh Cá Nhân,Bịch,0.0,0.0,0.0,0.0,12.0,170560.0,0.0,2026-06-26T00:00:00,2026-06-26T00:00:00,,,39,39,,,cd7f289f-8ef4-11f1-9b18-005056b2a5de,b7eb4996-15e0-43ce-ba91-5b32b89a19f6,c5954a39-8ef4-11f1-9b18-005056b2a5de,459
06__VSB__KOT__FRE__238,8935107214239,KOTEX Freedom 23Cm 8 Miếng,Chăm Sóc Vệ Sinh Cá Nhân,Bịch,0.0,13889.0,0.0,13889.0,5.0,34460.0,69445.0,2026-01-11T00:00:00,2026-01-11T00:00:00,2026-07-06T00:00:00,2026-07-06T00:00:00,205,205,29,29,cd803cd0-8ef4-11f1-9b18-005056b2a5de,687071cd-4d17-4e62-937e-fae27fc3596d,c5954a39-8ef4-11f1-9b18-005056b2a5de,460
06__VSB__KOT__DAO__2320,8935107202397,KOTEX Gardenia Hoa Anh Đào 23cm 8 Miếng,Chăm Sóc Vệ Sinh Cá Nhân,Bịch,0.0,24074.0,0.0,24074.0,0.0,0.0,0.0,2026-01-11T00:00:00,2026-01-11T00:00:00,2026-05-24T00:00:00,2026-05-24T00:00:00,205,205,72,72,cd7fbc0f-8ef4-11f1-9b18-005056b2a5de,9547e75a-afb0-458c-b5b1-cb414f34f45e,c5954a39-8ef4-11f1-9b18-005056b2a5de,461
06__VSB__KOT__NGY__20,8888336008080,KOTEX Hàng Ngày Mỏng 20 Miếng,Chăm Sóc Vệ Sinh Cá Nhân,Bịch,0.0,17593.0,0.0,17592.928571,0.0,0.0,0.0,2026-01-11T00:00:00,2026-01-11T00:00:00,2026-05-16T00:00:00,2026-05-16T00:00:00,205,205,80,80,cd803568-8ef4-11f1-9b18-005056b2a5de,bce86a37-0de1-4d21-81cd-591e00e08563,c5954a39-8ef4-11f1-9b18-005056b2a5de,462
06__VSB__KOT__NGY__8,8888336008073,KOTEX Hàng Ngày Mỏng 8 Miếng,Chăm Sóc Vệ Sinh Cá Nhân,Bịch,0.0,8333.0,0.0,8333.136364,0.0,0.0,0.0,2025-12-17T00:00:00,2026-04-01T00:00:00,2026-07-19T00:00:00,2026-07-19T00:00:00,230,125,16,16,cd7e7c21-8ef4-11f1-9b18-005056b2a5de,64e1e140-1965-443e-b1ea-f53548f6696c,c5954a39-8ef4-11f1-9b18-005056b2a5de,463
KHAD26M01,8935107204247,KOTEX Hoa Anh Đào 23cm 6 Miếng,,Bịch,0.0,18519.0,0.0,18519.0,5.0,59372.0,92595.0,2026-06-26T00:00:00,2026-06-26T00:00:00,2026-07-30T00:00:00,2026-07-30T00:00:00,39,39,5,5,cd806fcd-8ef4-11f1-9b18-005056b2a5de,54e7b1d8-d03c-4511-b1d3-12011b6fc344,c5954a39-8ef4-11f1-9b18-005056b2a5de,464
06__VSB__KOT__LUX__238,8888336025445,KOTEX Luxe 23Cm 8 Miếng Mua1Tang1,Chăm Sóc Vệ Sinh Cá Nhân,Bịch,0.0,33333.0,0.0,33333.0,8.0,85440.0,266664.0,2026-01-11T00:00:00,2026-01-11T00:00:00,2026-06-05T00:00:00,2026-06-05T00:00:00,205,205,60,60,cd7f93b0-8ef4-11f1-9b18-005056b2a5de,9d20b400-2bb3-4046-b1b9-1ab1028840b9,c5954a39-8ef4-11f1-9b18-005056b2a5de,465
06__VSB__KOT__MCL__1520,8935107202793,KOTEX Maxcool Spa 15cm 20 Miếng + 2,Chăm Sóc Vệ Sinh Cá Nhân,Bịch,0.0,27778.0,0.0,19290.583333,4.0,27430.0,77162.333332,2025-11-09T00:00:00,2026-01-11T00:00:00,2026-07-27T00:00:00,2026-07-27T00:00:00,268,205,8,8,cd7f4aae-8ef4-11f1-9b18-005056b2a5de,14687b80-c6f4-45de-b310-65ae49a49ad3,c5954a39-8ef4-11f1-9b18-005056b2a5de,466
06__VSB__KOT__MCL__2320,8935107202106,KOTEX Maxcool Spa 23cm 20 Miếng,Chăm Sóc Vệ Sinh Cá Nhân,Bịch,0.0,60185.0,0.0,52083.375,18.0,564654.0,937500.75,2025-11-09T00:00:00,2026-06-26T00:00:00,2026-07-18T00:00:00,2026-07-18T00:00:00,268,39,17,17,cd7ee391-8ef4-11f1-9b18-005056b2a5de,b1924998-bce6-4dbc-b3bb-4cc93f5908ac,c5954a39-8ef4-11f1-9b18-005056b2a5de,467
06__VSB__KOT__MCL__238,8935107201192,KOTEX Maxcool Spa 23cm 8 Miếng +4,Chăm Sóc Vệ Sinh Cá Nhân,Bịch,0.0,32407.0,0.0,23919.583333,4.0,86796.0,95678.333332,2026-01-11T00:00:00,2026-06-26T00:00:00,2026-07-13T00:00:00,2026-07-13T00:00:00,205,39,22,22,cd7ed91b-8ef4-11f1-9b18-005056b2a5de,232d95db-5bd9-4140-9a21-384e6231fb34,c5954a39-8ef4-11f1-9b18-005056b2a5de,468
06__VSB__KOT__DEM__2812,8935107201093,KOTEX Siêu Ban Đêm 28cm 12 Miếng,Chăm Sóc Vệ Sinh Cá Nhân,Bịch,0.0,50926.0,0.0,45786.8,4.0,205633.0,183147.2,2025-11-09T00:00:00,2026-06-26T00:00:00,2026-07-21T00:00:00,2026-07-21T00:00:00,268,39,14,14,cd7e78fe-8ef4-11f1-9b18-005056b2a5de,fa144554-855e-47c5-9672-ed0a642cb049,c5954a39-8ef4-11f1-9b18-005056b2a5de,469
06__VSB__KOT__DEM__284,8935107200324,KOTEX Siêu Ban Đêm 28cm 4 Miếng,Chăm Sóc Vệ Sinh Cá Nhân,Bịch,0.0,24074.0,0.0,18889.12,5.0,82417.0,94445.6,2025-11-09T00:00:00,2026-06-26T00:00:00,2026-08-01T00:00:00,2026-08-01T00:00:00,268,39,3,3,cd7ed66c-8ef4-11f1-9b18-005056b2a5de,1a0769ca-9998-42b3-9cd4-34419a8a62de,c5954a39-8ef4-11f1-9b18-005056b2a5de,470
06__VSB__KOT__DEM__353,8935107201970,KOTEX Siêu Ban Đêm 35cm 3 Miếng,Chăm Sóc Vệ Sinh Cá Nhân,Bịch,0.0,23148.0,0.0,20860.382353,5.0,91800.0,104301.911765,2026-01-11T00:00:00,2026-06-26T00:00:00,2026-07-10T00:00:00,2026-07-10T00:00:00,205,39,25,25,cd7f424c-8ef4-11f1-9b18-005056b2a5de,59099e7a-e12d-4858-aa3e-4193a924e8a6,c5954a39-8ef4-11f1-9b18-005056b2a5de,471
06__VSB__KOT__DEM__358,8935107201987,KOTEX Siêu Ban Đêm 35cm 8 Miếng,Chăm Sóc Vệ Sinh Cá Nhân,Bịch,0.0,48148.0,0.0,43518.6,3.0,101349.0,130555.8,2025-11-09T00:00:00,2026-06-26T00:00:00,2026-07-26T00:00:00,2026-07-26T00:00:00,268,39,9,9,cd7fb5df-8ef4-11f1-9b18-005056b2a5de,e234949a-9baf-4e7a-b126-16e54d9fdf28,c5954a39-8ef4-11f1-9b18-005056b2a5de,472
01__NLO__LAV__CHI__5000,8935005800008,LAVIE Chai 5L,Nước Lọc Chai,Chai,0.0,34259.5,0.0,34065.843478,17.0,350543.0,579119.339126,2025-11-27T00:00:00,2026-07-10T00:00:00,2026-07-30T00:00:00,2026-07-30T00:00:00,250,25,5,5,cd7e4dd6-8ef4-11f1-9b18-005056b2a5de,fa987949-6e73-4320-b4e7-df61f5a15125,c5954a39-8ef4-11f1-9b18-005056b2a5de,473
01__NLO__LAV__NBN__500,8935005801135,LAVIE Nguyên Bản Chai 500ml,Nước Lọc Chai,Chai,0.0,7407.0,0.0,7253.702632,66.0,234000.0,478744.373712,2025-11-09T00:00:00,2026-07-10T00:00:00,2026-08-02T00:00:00,2026-08-02T00:00:00,268,25,2,2,cd7dc7ee-8ef4-11f1-9b18-005056b2a5de,28364e6b-75d0-467a-9ba4-1b66fba0d90f,c5954a39-8ef4-11f1-9b18-005056b2a5de,474
01__NLO__LAV__DNE__500,8935005800220,LAVIE Vị Dịu Nhẹ Chai 500ml,Nước Lọc Chai,Chai,0.0,7407.0,0.0,7304.318267,26.0,85908.0,189912.274942,2025-12-27T00:00:00,2026-07-10T00:00:00,2026-08-03T00:00:00,2026-08-03T00:00:00,220,25,1,1,cd7d79c6-8ef4-11f1-9b18-005056b2a5de,8b58dbd3-01ba-4256-b20f-64da8f8d2b37,c5954a39-8ef4-11f1-9b18-005056b2a5de,475
LMSVTBW901,8936079123833,LAYS MAX Snack Vị Thăn Bò Wagyu 90g,,Bịch,0.0,27778.0,0.0,27778.0,16.0,495000.0,444448.0,2026-06-23T00:00:00,2026-07-18T00:00:00,2026-08-02T00:00:00,2026-08-02T00:00:00,42,17,2,2,cd7ea362-8ef4-11f1-9b18-005056b2a5de,1dc03cea-577c-4da2-b658-4463bb373eae,c5954a39-8ef4-11f1-9b18-005056b2a5de,476
LSVKTTNB301,8936079120047,LAYS Snack Vị Khoai Tây Tự Nhiên Bịch 31g,,Bịch,0.0,8333.0,0.0,8333.0625,1.0,0.0,8333.0625,2026-06-03T00:00:00,2026-06-03T00:00:00,2026-07-25T00:00:00,2026-07-25T00:00:00,62,62,10,10,cd7ed717-8ef4-11f1-9b18-005056b2a5de,a0936f37-668a-40e2-98cb-f89af01d9719,c5954a39-8ef4-11f1-9b18-005056b2a5de,477
03__SKT__LAY__TNN__53,8936079120092,LAYS Snack Vị Khoai Tây Tự Nhiên Bịch 53g,Snack Khoai Tây,Bịch,0.0,14815.0,0.0,12780.319728,19.0,157421.0,242826.074832,2025-11-09T00:00:00,2026-07-28T00:00:00,2026-08-03T00:00:00,2026-08-03T00:00:00,268,7,1,1,cd7e5dde-8ef4-11f1-9b18-005056b2a5de,b8cd6bfd-fee7-4cb0-a544-24a7fe302e0e,c5954a39-8ef4-11f1-9b18-005056b2a5de,478
03__SKT__LAY__TNN__90,8936079120139,LAYS Snack Vị Khoai Tây Tự Nhiên Bịch 90g,Snack Khoai Tây,Bịch,0.0,27778.0,0.0,27778.0,21.0,440000.0,583338.0,2026-05-20T00:00:00,2026-07-18T00:00:00,2026-07-30T00:00:00,2026-07-30T00:00:00,76,17,5,5,cd7ea5ee-8ef4-11f1-9b18-005056b2a5de,b51fa6ee-c59e-4249-b748-e59be4acc534,c5954a39-8ef4-11f1-9b18-005056b2a5de,479
03__SKT__LAY__PMI__53,8936079121112,LAYS Snack Vị Phô Mai Cheddar Bịch 53g,Snack Khoai Tây,Bịch,0.0,14815.0,0.0,12351.034783,20.0,125928.0,247020.69566,2025-11-08T00:00:00,2026-05-20T00:00:00,2026-07-13T00:00:00,2026-07-13T00:00:00,269,76,22,22,cd7e52fa-8ef4-11f1-9b18-005056b2a5de,48bf359b-08b8-41b4-8059-64e7be28c037,c5954a39-8ef4-11f1-9b18-005056b2a5de,480
LSVPMCB901,8936079124236,LAYS Snack Vị Phô Mai Cheddar Bịch 90g,Snack Khoai Tây,Bịch,0.0,27778.0,0.0,27778.0,-10.0,0.0,-277780.0,,,2026-07-10T00:00:00,2026-07-10T00:00:00,,,25,25,cd7e51b8-8ef4-11f1-9b18-005056b2a5de,5a6dd471-031a-473d-9af8-eed0408d7dc9,c5954a39-8ef4-11f1-9b18-005056b2a5de,481
LSVSNBBB301,8936079120054,LAYS Snack Vị Sườn Nướng BBQ Brazil Bịch 31g,,Bịch,0.0,9259.0,0.0,9259.1,7.0,0.0,64813.7,2026-06-23T00:00:00,2026-07-28T00:00:00,2026-07-29T00:00:00,2026-07-29T00:00:00,42,7,6,6,cd7ed876-8ef4-11f1-9b18-005056b2a5de,5834f416-7724-4d64-b24c-5e41519df606,c5954a39-8ef4-11f1-9b18-005056b2a5de,482
03__SKT__LAY__BBQ__53,8936079120108,LAYS Snack Vị Sườn Nướng BBQ Brazil Bịch 53g,Snack Khoai Tây,Bịch,0.0,14815.0,0.0,12391.058824,21.0,276330.0,260212.235304,2025-11-08T00:00:00,2026-07-28T00:00:00,2026-07-30T00:00:00,2026-07-30T00:00:00,269,7,5,5,cd7eb7b7-8ef4-11f1-9b18-005056b2a5de,75d560ab-6537-4c4c-a866-e89764acc83f,c5954a39-8ef4-11f1-9b18-005056b2a5de,483
03__SKT__LAY__BBQ__90,8936079121013,LAYS Snack Vị Sườn Nướng BBQ Brazil Bịch 90g,Snack Khoai Tây,Bịch,0.0,27778.0,0.0,27778.0,15.0,330000.0,416670.0,2026-05-20T00:00:00,2026-06-23T00:00:00,2026-07-17T00:00:00,2026-07-17T00:00:00,76,42,18,18,cd7d9407-8ef4-11f1-9b18-005056b2a5de,151de13f-105b-4a55-9aec-b85e7589e12f,c5954a39-8ef4-11f1-9b18-005056b2a5de,484
03__SKT__LAY__TAO__53,8936079120115,LAYS Snack Vị Tảo Biển Nori Bịch 53g,Snack Khoai Tây,Bịch,0.0,14815.0,0.0,12636.419643,12.0,200512.0,151637.035716,2025-11-08T00:00:00,2026-07-04T00:00:00,2026-08-02T00:00:00,2026-08-02T00:00:00,269,31,2,2,cd7e1dc6-8ef4-11f1-9b18-005056b2a5de,cc473853-ad60-4c01-b99e-fd5be65e3ee8,c5954a39-8ef4-11f1-9b18-005056b2a5de,485
LSVTBNB901,8936079121020,LAYS Snack Vị Tảo Biển Nori Bịch 90g,Snack Khoai Tây,Bịch,0.0,27778.0,0.0,27777.948718,21.0,623334.0,583336.923078,2026-06-03T00:00:00,2026-07-18T00:00:00,2026-07-29T00:00:00,2026-07-29T00:00:00,62,17,6,6,cd7ec75f-8ef4-11f1-9b18-005056b2a5de,927db869-104f-433f-ade1-2c49366a55d9,c5954a39-8ef4-11f1-9b18-005056b2a5de,486
03__SKT__LAY__TEX__53,8936079121761,LAYS Snack Vị Thăn Bò Nướng Texas 53g,Snack Khoai Tây,Bịch,0.0,14815.0,0.0,12768.654321,32.0,267145.0,408596.938272,2025-11-09T00:00:00,2026-07-18T00:00:00,2026-08-01T00:00:00,2026-08-01T00:00:00,268,17,3,3,cd7e324a-8ef4-11f1-9b18-005056b2a5de,ab47cafc-13d6-4b9c-88fc-5a5ace295d5c,c5954a39-8ef4-11f1-9b18-005056b2a5de,487
03__SKT__LAY__TEX__90,8936079121778,LAYS Snack Vị Thăn Bò Nướng Texas 90g,Snack Khoai Tây,Bịch,0.0,27778.0,0.0,27778.0,23.0,495000.0,638894.0,2026-05-20T00:00:00,2026-07-28T00:00:00,2026-07-29T00:00:00,2026-07-29T00:00:00,76,7,6,6,cd7eec90-8ef4-11f1-9b18-005056b2a5de,661713c2-1f8c-43ff-8413-d5fdfa96edaa,c5954a39-8ef4-11f1-9b18-005056b2a5de,488
03__SKT__LAY__PMI_53,8936079124229,LAYS Snack Vị Tôm Càng Đút Lò Phô Mai Tan Chảy 53g,Snack Khoai Tây,Bịch,0.0,14815.0,0.0,12651.084211,5.0,174966.0,63255.421055,2025-11-18T00:00:00,2026-06-23T00:00:00,2026-07-26T00:00:00,2026-07-26T00:00:00,259,42,9,9,cd7e79a8-8ef4-11f1-9b18-005056b2a5de,ca01e233-f7fc-4fa6-8515-4f5f209bc3cf,c5954a39-8ef4-11f1-9b18-005056b2a5de,489
03__SKT__LAY__BOW__100,8850718821914;8936079126100,LAYS STAX Khoai Tây Miếng Vị Bò Wagyu Xốt Nấm Truffle Lon 100g,Snack Khoai Tây,Lon,0.0,50000.0,0.0,46666.6,8.0,180000.0,373332.8,2026-07-04T00:00:00,2026-07-04T00:00:00,2026-07-31T00:00:00,2026-07-31T00:00:00,31,31,4,4,cd7f0dba-8ef4-11f1-9b18-005056b2a5de,e4ff48cb-c2ab-4268-b411-78f207bfc51f,c5954a39-8ef4-11f1-9b18-005056b2a5de,490
03__SKT__LAY__HTY__42,8936079126124,LAYS STAX Khoai Tây Miếng Vị Hành Tây Lon 42g,Snack Khoai Tây,Lon,0.0,27778.0,0.0,27778.0,0.0,0.0,0.0,2025-12-24T00:00:00,2026-03-04T00:00:00,2026-06-13T00:00:00,2026-06-13T00:00:00,223,153,52,52,cd7eef7a-8ef4-11f1-9b18-005056b2a5de,9ddeb318-8e0b-467d-a674-ac57f309267c,c5954a39-8ef4-11f1-9b18-005056b2a5de,491
03__SKT__LAY__PAQ__42,8936079126148,LAYS STAX Khoai Tây Miếng Vị Phô Mai Anh Quốc Lon 42g,Snack Khoai Tây,Lon,0.0,27778.0,0.0,26984.285714,22.0,165000.0,593654.285708,2026-01-07T00:00:00,2026-06-23T00:00:00,2026-07-07T00:00:00,2026-07-07T00:00:00,209,42,28,28,cd7f8834-8ef4-11f1-9b18-005056b2a5de,0fe5b0ee-d7af-42f5-8b63-f405c51d18ea,c5954a39-8ef4-11f1-9b18-005056b2a5de,492
03__SKT__LAY__PAQ__90,8936079126155,LAYS STAX Khoai Tây Miếng Vị Phô Mai Anh Quốc Lon 90g,Snack Khoai Tây,Lon,0.0,50000.0,0.0,50000.0,24.0,648000.0,1200000.0,2026-03-31T00:00:00,2026-06-03T00:00:00,2026-07-07T00:00:00,2026-07-07T00:00:00,126,62,28,28,cd7f1aa9-8ef4-11f1-9b18-005056b2a5de,ab6203ea-620a-49c1-b315-8d778370019d,c5954a39-8ef4-11f1-9b18-005056b2a5de,493
03__SKT__LAY__PMI__100,8850718822799,LAYS STAX Khoai Tây Miếng Vị Phô Mai Lon 100g,Snack Khoai Tây,Lon,0.0,41667.0,0.0,35581.857143,1.0,10800.0,35581.857143,2025-11-09T00:00:00,2026-01-07T00:00:00,2026-02-18T00:00:00,2026-02-18T00:00:00,268,209,167,167,cd7fb862-8ef4-11f1-9b18-005056b2a5de,99e39752-9389-462b-bdbc-88a1c01f40e0,c5954a39-8ef4-11f1-9b18-005056b2a5de,494
03__SKT__LAY__PMI__42,8850718822812,LAYS STAX Khoai Tây Miếng Vị Phô Mai Lon 42g,Snack Khoai Tây,Lon,0.0,18519.0,0.0,18519.0,10.0,150000.0,185190.0,2025-11-09T00:00:00,2026-03-04T00:00:00,2025-11-15T00:00:00,2025-11-15T00:00:00,268,153,262,262,cd802c38-8ef4-11f1-9b18-005056b2a5de,ccc6aff8-c587-4778-81fa-9bb630a28d86,c5954a39-8ef4-11f1-9b18-005056b2a5de,495
03__SKT__LAY__THM__42,8936079125486,LAYS STAX Khoai Tây Miếng Vị Tôm Hùm Nướng Lon 42g,Snack Khoai Tây,Lon,0.0,27778.0,0.0,26814.92,-1.0,0.0,-26814.92,2025-12-24T00:00:00,2025-12-24T00:00:00,2026-03-19T00:00:00,2026-03-19T00:00:00,223,223,138,138,cd7fbcb5-8ef4-11f1-9b18-005056b2a5de,49a2d400-f678-43f1-9413-4f4c09014cd9,c5954a39-8ef4-11f1-9b18-005056b2a5de,496
03__SKT__LAY__LON__42,8850718816057,LAYS STAX Khoai Tây Miếng Vị Tôm Hùm Nướng Lon 42g,Snack Khoai Tây,Lon,0.0,27778.0,0.0,20833.75,44.0,352000.0,916685.0,2025-11-09T00:00:00,2026-06-23T00:00:00,2026-07-29T00:00:00,2026-07-29T00:00:00,268,42,6,6,cd7f6352-8ef4-11f1-9b18-005056b2a5de,487398f4-8149-4ce0-a757-5795f2c84659,c5954a39-8ef4-11f1-9b18-005056b2a5de,497
03__SKT__LAY__TNN__42,8936079126131,LAYS STAX Khoai Tây Miếng Vị Tự Nhiên Lon 42g,Snack Khoai Tây,Lon,0.0,27778.0,0.0,26200.518519,23.0,321940.0,602611.925937,2025-11-09T00:00:00,2026-06-23T00:00:00,2026-07-11T00:00:00,2026-07-11T00:00:00,268,42,24,24,cd7ed53f-8ef4-11f1-9b18-005056b2a5de,907e1889-4fdd-49a3-8b8f-dbd6ec4356fa,c5954a39-8ef4-11f1-9b18-005056b2a5de,498
03__SKT__LAY__KCA__100,8936079126049,LAYS STAX Vị Hành Tây Lon 100g,Snack Khoai Tây,Lon,0.0,50000.0,0.0,42320.294118,0.0,0.0,0.0,2026-01-07T00:00:00,2026-03-04T00:00:00,2026-05-20T00:00:00,2026-05-20T00:00:00,209,153,76,76,cd7f60ce-8ef4-11f1-9b18-005056b2a5de,90861a99-6de6-4c7c-adf9-069674239cd5,c5954a39-8ef4-11f1-9b18-005056b2a5de,499
03__SKT__LAY__MUC__100,8936079126032,LAYS STAX Vị Mực Xốt Cay Lon 100g,Snack Khoai Tây,Lon,0.0,50000.0,0.0,47916.75,13.0,351000.0,622917.75,2026-01-07T00:00:00,2026-07-18T00:00:00,2026-07-14T00:00:00,2026-07-14T00:00:00,209,17,21,21,cd7f3bf7-8ef4-11f1-9b18-005056b2a5de,d57c127d-d310-4b8f-890f-bdd52f7bf623,c5954a39-8ef4-11f1-9b18-005056b2a5de,500
03__SKT__LAY__THM__100,8936079126025,LAYS STAX Vị Tôm Hùm Nướng Lon 100g,Snack Khoai Tây,Lon,0.0,50000.0,0.0,47222.266667,6.0,162000.0,283333.600002,2026-01-07T00:00:00,2026-07-18T00:00:00,2026-08-01T00:00:00,2026-08-01T00:00:00,209,17,3,3,cd7fa310-8ef4-11f1-9b18-005056b2a5de,1f2d7b8e-8a5f-4a15-bc9c-aa0bfb1403e9,c5954a39-8ef4-11f1-9b18-005056b2a5de,501
03__SKT__LAY__TNN__100,8936079126018,LAYS STAX Vị Tự Nhiên Lon 100g,Snack Khoai Tây,Lon,0.0,50000.0,0.0,43868.864865,12.0,21046.0,526426.37838,2025-12-17T00:00:00,2026-07-18T00:00:00,2026-07-29T00:00:00,2026-07-29T00:00:00,230,17,6,6,cd7e438e-8ef4-11f1-9b18-005056b2a5de,9f6e477f-7c7f-4308-982e-a32d59722bf6,c5954a39-8ef4-11f1-9b18-005056b2a5de,502
06__VSK__LET__DNG__1,8936006851082,LET-GREEN Giấy Đa Năng,Chăm Sóc Vệ Sinh Cá Nhân,Bịch,0.0,13889.0,0.0,13889.0,6.0,48668.0,83334.0,2026-02-28T00:00:00,2026-06-23T00:00:00,2026-08-02T00:00:00,2026-08-02T00:00:00,157,42,2,2,cd7f7c61-8ef4-11f1-9b18-005056b2a5de,ab5dc35d-d14e-498d-b578-21f45aa2334d,c5954a39-8ef4-11f1-9b18-005056b2a5de,503
06__TGC__LBY__DTC__170,8934868164159,LIFEBUOY Dầu Gội Dưỡng Tóc Óng Ả 170g,Chăm Sóc Tóc,Chai,0.0,35185.0,0.0,35185.0,5.0,143627.0,175925.0,2026-03-30T00:00:00,2026-06-22T00:00:00,2026-07-13T00:00:00,2026-07-13T00:00:00,127,43,22,22,cd7f8446-8ef4-11f1-9b18-005056b2a5de,3125ef08-96b6-452a-aaeb-7bac04c51f6d,c5954a39-8ef4-11f1-9b18-005056b2a5de,504
06__DRT__LBY__BVE__180,8934868155324,LIFEBUOY Nước Rửa Tay Bảo Vệ Vượt Trội 180g,Chăm Sóc Da & Cơ Thể,Chai,0.0,38889.0,0.0,35925.8,3.0,85281.0,107777.4,,,2026-06-12T00:00:00,2026-06-12T00:00:00,,,53,53,cd7f9127-8ef4-11f1-9b18-005056b2a5de,eb950dc6-065e-4096-95e2-1d07704dc7fc,c5954a39-8ef4-11f1-9b18-005056b2a5de,505
06__DRT__LBY__CHH__180,8934868155225,LIFEBUOY Nước Rửa Tay Chanh Khử Mùi 180g,Chăm Sóc Da & Cơ Thể,Chai,0.0,38889.0,0.0,37037.0,3.0,85281.0,111111.0,,,2026-06-19T00:00:00,2026-06-19T00:00:00,,,46,46,cd7f3105-8ef4-11f1-9b18-005056b2a5de,83f0af6a-6d06-4899-aaaa-3b8b74b5cd4e,c5954a39-8ef4-11f1-9b18-005056b2a5de,506
06__DRT__LBY__SDA__180,8934868155294,LIFEBUOY Nước Rửa Tay Sữa Dưỡng Ẩm 180g,Chăm Sóc Da & Cơ Thể,Chai,0.0,38889.0,0.0,35648.0,3.0,85281.0,106944.0,,,2026-06-12T00:00:00,2026-06-12T00:00:00,,,53,53,cd7eb47d-8ef4-11f1-9b18-005056b2a5de,2184278e-4d09-4eaf-b127-cccd01421a1e,c5954a39-8ef4-11f1-9b18-005056b2a5de,507
06__DST__LBY__BVE__350,8934868182429,LIFEBUOY Sữa Tắm Bảo Vệ Vượt Trội 350g,Chăm Sóc Da & Cơ Thể,Chai,0.0,69444.0,0.0,66666.6,7.0,355313.0,466666.2,,,2026-06-27T00:00:00,2026-06-27T00:00:00,,,38,38,cd7e75db-8ef4-11f1-9b18-005056b2a5de,26321ba2-abda-45cc-9afd-6a36b0f9459c,c5954a39-8ef4-11f1-9b18-005056b2a5de,508
06__DST__LBY__DAM__350,8934868182436,LIFEBUOY Sữa Tắm Sữa Dưỡng Ẩm 350g,Chăm Sóc Da & Cơ Thể,Chai,0.0,64815.0,0.0,64815.0,2.0,101518.0,129630.0,,,2026-05-26T00:00:00,2026-05-26T00:00:00,,,70,70,cd7f2934-8ef4-11f1-9b18-005056b2a5de,61635594-a3d5-4ec3-88cb-136303103c4b,c5954a39-8ef4-11f1-9b18-005056b2a5de,509
01__NLU__LIP__MNN__250,8935023911151,LIPOVITAN Nước Tăng Lực Mật Nhân Lon 250ml,Nước Tăng Lực,Lon,0.0,13889.0,0.0,13456.866667,33.0,6182.0,444076.600011,2026-03-26T00:00:00,2026-05-23T00:00:00,2026-08-01T00:00:00,2026-08-01T00:00:00,131,73,3,3,cd7e1440-8ef4-11f1-9b18-005056b2a5de,801d18ec-5fc1-485b-9048-2dbf7829d255,c5954a39-8ef4-11f1-9b18-005056b2a5de,510
01__NLU__LIP__MOG__250,8935023911137,LIPOVITAN Nước Tăng Lực Mật Ong Lon 250ml,Nước Tăng Lực,Lon,0.0,13889.0,2214.285714,13309.539877,8.0,0.0,106476.319016,2025-11-30T00:00:00,2026-05-23T00:00:00,2026-08-02T00:00:00,2026-08-02T00:00:00,247,73,2,2,cd7e4b68-8ef4-11f1-9b18-005056b2a5de,af2025fc-7388-4eee-a6d7-f084e2c3daac,c5954a39-8ef4-11f1-9b18-005056b2a5de,511
06__RSM__LIS__COL__250,8850007813040,LISTERINE Nước Súc Miệng Coolmint 250ml,Chăm Sóc Răng Miệng,Chai,0.0,55556.0,0.0,55555.933333,17.0,598662.0,944450.866661,2026-01-19T00:00:00,2026-07-21T00:00:00,2026-07-19T00:00:00,2026-07-19T00:00:00,197,14,16,16,cd7ec94f-8ef4-11f1-9b18-005056b2a5de,836891e6-be0c-4c54-90dc-6c257d728eed,c5954a39-8ef4-11f1-9b18-005056b2a5de,512
06__RSM__LIS__TXH__250,8850007812562,LISTERINE Nước Súc Miệng Trà Xanh 250ml,Chăm Sóc Răng Miệng,Chai,0.0,55556.0,0.0,61343.0,0.0,0.0,0.0,,,2026-07-10T00:00:00,2026-07-10T00:00:00,,,25,25,cd7e8c27-8ef4-11f1-9b18-005056b2a5de,029c39ed-a9e6-477e-9590-47fb553310b3,c5954a39-8ef4-11f1-9b18-005056b2a5de,513
03__SKH__LOT__HOG__37,8852008300130,LOTTE Bánh Gấu KOALA's Nhân Kem Dâu 37g,Snack Khác,Hộp,0.0,23148.0,0.0,22440.019608,14.0,180109.0,314160.274512,2025-11-27T00:00:00,2026-07-11T00:00:00,2026-08-02T00:00:00,2026-08-02T00:00:00,250,24,2,2,cd7fa5ce-8ef4-11f1-9b18-005056b2a5de,bb1558bf-2e7c-4f89-aae0-8ea0b3a496c0,c5954a39-8ef4-11f1-9b18-005056b2a5de,514
03__SKH__LOT__TRA__37,8852008304879,LOTTE Bánh Gấu KOALA's Nhân Socola Trắng 37g,Snack Khác,Hộp,0.0,23148.0,0.0,21593.892857,26.0,330524.0,561441.214282,2025-11-27T00:00:00,2026-07-11T00:00:00,2026-07-20T00:00:00,2026-07-20T00:00:00,250,24,15,15,cd7f931d-8ef4-11f1-9b18-005056b2a5de,80e804c4-5aec-4fcf-81d7-1fff81da3f85,c5954a39-8ef4-11f1-9b18-005056b2a5de,515
03__SKH__LOT__XLA__37,8852008300116,LOTTE Bánh Gấu KOALA's Nhân Socola Xanh Lá 37g,Snack Khác,Hộp,0.0,23148.0,0.0,21886.5,17.0,220150.0,372070.5,2025-11-04T00:00:00,2026-07-11T00:00:00,2026-08-02T00:00:00,2026-08-02T00:00:00,273,24,2,2,cd7efdd5-8ef4-11f1-9b18-005056b2a5de,e3a42dfa-6f06-4da3-84db-79052cca95ca,c5954a39-8ef4-11f1-9b18-005056b2a5de,516
03__SKH__LOT__DEN__37,8852008304848,LOTTE Bánh Gấu KOALA's Vỏ Và Nhân Socola Đen 37g,Snack Khác,Hộp,0.0,23148.0,0.0,21531.661017,14.0,182037.0,301443.254238,2025-11-04T00:00:00,2026-07-11T00:00:00,2026-07-29T00:00:00,2026-07-29T00:00:00,273,24,6,6,cd7e7858-8ef4-11f1-9b18-005056b2a5de,63c45577-8060-42bf-b129-8a9042832865,c5954a39-8ef4-11f1-9b18-005056b2a5de,517
03__BLA__LOT__BOU__324,58934588843059,LOTTE Chocolat Bánh Bouchee Vị Socola,Bánh Bông Lan,Hộp,0.0,6481.0,0.0,7181.414634,36.0,118092.0,258530.926824,2025-12-16T00:00:00,2026-05-26T00:00:00,2026-07-26T00:00:00,2026-07-26T00:00:00,231,70,9,9,cd7f9aa0-8ef4-11f1-9b18-005056b2a5de,a09739ac-d08c-49c5-8249-73050d275463,c5954a39-8ef4-11f1-9b18-005056b2a5de,518
03__BLA__LOT__SOC__169,58934588843116,LOTTE Chocolat Bánh Socola,Bánh Bông Lan,Hộp,0.0,30556.0,0.0,30068.526316,1.0,19500.0,30068.526316,,,2026-04-25T00:00:00,2026-04-25T00:00:00,,,101,101,cd7ef284-8ef4-11f1-9b18-005056b2a5de,a9399f1b-08c1-431d-b1c3-6150b6df99ea,c5954a39-8ef4-11f1-9b18-005056b2a5de,519
03__BLA__LOT__SOC__340,58934588843060,LOTTE Chocolat Bánh Socola Pie,Bánh Bông Lan,Hộp,0.0,6481.0,0.0,7351.19697,38.0,107864.0,279345.48486,2025-12-16T00:00:00,2026-05-27T00:00:00,2026-07-29T00:00:00,2026-07-29T00:00:00,231,69,6,6,cd7fb7bb-8ef4-11f1-9b18-005056b2a5de,96ee8428-419b-4e3a-a949-c75afd07a994,c5954a39-8ef4-11f1-9b18-005056b2a5de,520
03__BLA__LOT__TXH__169,58934588843117,LOTTE Chocolat Bánh Trà Xanh,Bánh Bông Lan,Hộp,0.0,30556.0,0.0,30312.315789,1.0,19500.0,30312.315789,,,2026-03-30T00:00:00,2026-03-30T00:00:00,,,127,127,cd7e5f14-8ef4-11f1-9b18-005056b2a5de,e6248444-1ad9-4a2c-9336-16342b953831,c5954a39-8ef4-11f1-9b18-005056b2a5de,521
03__BLA__LOT__TXH__340,58934588843058,LOTTE Chocolate Vị Trà Xanh,Bánh Bông Lan,Hộp,0.0,6481.0,0.0,6064.60625,13.0,43198.0,78839.88125,2025-12-16T00:00:00,2026-05-26T00:00:00,2026-07-31T00:00:00,2026-07-31T00:00:00,231,70,4,4,cd7e8ff1-8ef4-11f1-9b18-005056b2a5de,61b4af60-fb64-4c80-87a7-e6c162ee6726,c5954a39-8ef4-11f1-9b18-005056b2a5de,522
03__KCU__XYL__BLU__60,8801062332113,LOTTE Kẹo Bluemarine Không Đường 60g,Kẹo Cứng,Bịch,0.0,35185.0,0.0,34351.7,6.0,51275.0,206110.2,2026-01-12T00:00:00,2026-02-23T00:00:00,2026-05-25T00:00:00,2026-05-25T00:00:00,204,162,71,71,cd7f1d91-8ef4-11f1-9b18-005056b2a5de,fe792dd8-0d9d-4332-b8ee-3dbf151c88b7,c5954a39-8ef4-11f1-9b18-005056b2a5de,523
03__KGU__LOT__CAM__13,8934677000662,"LOTTE Kẹo Gum Fusen Nomi Cam 13,8g",Kẹo Gum,Hộp,0.0,9259.0,0.0,9259.0,1.0,4004.0,9259.0,,,2026-03-27T00:00:00,2026-03-27T00:00:00,,,130,130,cd7e4807-8ef4-11f1-9b18-005056b2a5de,d6ef4963-180f-492c-a8d3-5618c2541827,c5954a39-8ef4-11f1-9b18-005056b2a5de,524
03__KGU__LOT__CCH__13,8934677000686,"LOTTE Kẹo Gum Fusen Nomi Cola Chanh 13,8g",Kẹo Gum,Hộp,0.0,9259.0,0.0,9259.05,0.0,0.0,0.0,,,2026-03-14T00:00:00,2026-03-14T00:00:00,,,143,143,cd7ebe4e-8ef4-11f1-9b18-005056b2a5de,5a10b03e-8436-4752-8138-b27815191d99,c5954a39-8ef4-11f1-9b18-005056b2a5de,525
03__KCU__XYL__CHH__74,8801062332250,LOTTE Kẹo Hương Chanh Không Đường 74g,Kẹo Cứng,Bịch,0.0,35185.0,0.0,34920.47619,3.0,26711.0,104761.42857,2025-11-09T00:00:00,2026-05-23T00:00:00,2026-08-02T00:00:00,2026-08-02T00:00:00,268,73,2,2,cd7fcd6b-8ef4-11f1-9b18-005056b2a5de,b997f289-dfb5-4aee-9295-9f83dc0594db,c5954a39-8ef4-11f1-9b18-005056b2a5de,526
03__SKH__LOT__DAU__40,8852008511239,LOTTE Toppo Bánh Que Nhân Kem Dâu 40g,Snack Khác,Hộp,0.0,23148.0,0.0,22018.853659,7.0,91000.0,154131.975613,2026-03-01T00:00:00,2026-05-26T00:00:00,2026-08-02T00:00:00,2026-08-02T00:00:00,156,70,2,2,cd7f8983-8ef4-11f1-9b18-005056b2a5de,86bce623-ea9f-4efb-91b7-d3bae96c6124,c5954a39-8ef4-11f1-9b18-005056b2a5de,527
03__SKH__LOT__CAC__40,8852008510492,LOTTE Toppo Bánh Que Nhân Socola Hương Cacao 40g,Snack Khác,Hộp,0.0,23148.0,1857.142857,21656.597315,0.0,0.0,0.0,2025-11-04T00:00:00,2026-03-11T00:00:00,2026-07-09T00:00:00,2026-07-09T00:00:00,273,146,26,26,cd7d9b74-8ef4-11f1-9b18-005056b2a5de,31590bc4-fd7b-40b2-b178-e20bc95c59cc,c5954a39-8ef4-11f1-9b18-005056b2a5de,528
03__SKH__LOT__VAN__40,8852008510010,LOTTE Toppo Bánh Que Nhân Socola Vani 40g,Snack Khác,Hộp,0.0,23148.0,1625.0,21835.28481,2.0,26000.0,43670.56962,2025-11-04T00:00:00,2026-05-26T00:00:00,2026-08-01T00:00:00,2026-08-01T00:00:00,273,70,3,3,cd7df2f1-8ef4-11f1-9b18-005056b2a5de,24c6c102-acf6-4fe8-a99b-347896982fee,c5954a39-8ef4-11f1-9b18-005056b2a5de,529
03__KGU__XYL__XDG__130,8934677020318,LOTTE XYLITOL Kẹo Gum Cool Hũ Xanh Dương 130.5g,Kẹo Gum,Hũ,0.0,64815.0,0.0,64313.458333,0.0,0.0,0.0,2025-11-08T00:00:00,2026-06-24T00:00:00,2026-08-01T00:00:00,2026-08-01T00:00:00,269,41,3,3,cd7ec9f3-8ef4-11f1-9b18-005056b2a5de,007d7412-f40e-4609-b10c-68a9c168454b,c5954a39-8ef4-11f1-9b18-005056b2a5de,530
03__KGU__XYL__XDG__55,8934677020219,LOTTE XYLITOL Kẹo Gum Cool Hũ Xanh Dương 55.1g,Kẹo Gum,Hũ,0.0,37037.0,0.0,36359.125,25.0,768000.0,908978.125,2025-12-29T00:00:00,2026-07-11T00:00:00,2026-08-02T00:00:00,2026-08-02T00:00:00,218,24,2,2,cd7df0ee-8ef4-11f1-9b18-005056b2a5de,495de5ac-e3a8-4d7a-adf2-32cc941a0293,c5954a39-8ef4-11f1-9b18-005056b2a5de,531
03__KGU__XYL__XLA__130,8934677000358,LOTTE XYLITOL Kẹo Gum Cool Hũ Xanh Lá 130.5g,Kẹo Gum,Hũ,0.0,64815.0,0.0,64815.0,28.0,1399633.0,1814820.0,2025-11-08T00:00:00,2026-07-11T00:00:00,2026-07-30T00:00:00,2026-07-30T00:00:00,269,24,5,5,cd7f9f26-8ef4-11f1-9b18-005056b2a5de,abcef88e-78b3-4b61-88f6-4efcf03968c8,c5954a39-8ef4-11f1-9b18-005056b2a5de,532
03__KGU__XYL__XLA__55,8934677000341,LOTTE XYLITOL Kẹo Gum Lime Mint Hũ Xanh Lá 55.1g,Kẹo Gum,Hũ,0.0,37037.0,0.0,35999.344828,24.0,576000.0,863984.275872,2025-12-29T00:00:00,2026-07-11T00:00:00,2026-07-28T00:00:00,2026-07-28T00:00:00,218,24,7,7,cd7f5326-8ef4-11f1-9b18-005056b2a5de,c6ba5aa6-1cce-4183-afa3-3a4d4bd74a18,c5954a39-8ef4-11f1-9b18-005056b2a5de,533
03__BQU__LU__VER__200,7622210514967,LU Bánh Quy Veritable 200g,Bánh Quy,Gói,0.0,70370.0,0.0,70370.076923,7.0,0.0,492590.538461,2025-12-24T00:00:00,2025-12-24T00:00:00,2026-07-10T00:00:00,2026-07-10T00:00:00,223,223,25,25,cd7f5bec-8ef4-11f1-9b18-005056b2a5de,2fc0c064-5901-4a00-8412-0f45be1b2920,c5954a39-8ef4-11f1-9b18-005056b2a5de,534
03__KSO__MNM__DPG__37,93682978,M&M's Kẹo Socola Đậu Phộng 37g,Kẹo Socola,Bịch,0.0,27778.0,0.0,27609.636364,0.0,0.0,0.0,,,2026-03-27T00:00:00,2026-03-27T00:00:00,,,130,130,cd7e98e4-8ef4-11f1-9b18-005056b2a5de,fb05c121-4512-4c3b-bd85-fdbb7c53421f,c5954a39-8ef4-11f1-9b18-005056b2a5de,535
03__KSO__MNM__SUA__37,93682961,M&M's Kẹo Socola Sữa 37g,Kẹo Socola,Bịch,0.0,33333.0,0.0,27186.914894,23.0,463335.0,625299.042562,2026-01-30T00:00:00,2026-07-28T00:00:00,2026-08-02T00:00:00,2026-08-02T00:00:00,186,7,2,2,cd7efad8-8ef4-11f1-9b18-005056b2a5de,a3c13716-97aa-4fba-bdbc-261ecf4586d5,c5954a39-8ef4-11f1-9b18-005056b2a5de,536
05__GDH__MAG__BNU__350,8934804052144,MAGGI Dầu Hào Bào Ngư 350g,Gia Vị Nhà Bếp,Chai,0.0,29630.0,0.0,29630.0,8.0,192000.0,237040.0,,,2026-01-23T00:00:00,2026-01-23T00:00:00,,,193,193,cd7fc9a4-8ef4-11f1-9b18-005056b2a5de,9a356bc0-1ebb-4dc7-9134-49145201b276,c5954a39-8ef4-11f1-9b18-005056b2a5de,537
05__GDH__MAG__NAM__350,8934804043876,MAGGI Dầu Hào Nấm Hương 350g,Gia Vị Nhà Bếp,Chai,0.0,32407.0,0.0,32407.0,9.0,234000.0,291663.0,,,2026-06-27T00:00:00,2026-06-27T00:00:00,,,38,38,cd7f527e-8ef4-11f1-9b18-005056b2a5de,ae584d3a-88c0-4567-a40e-2567949df003,c5954a39-8ef4-11f1-9b18-005056b2a5de,538
05__GHN__MAG__NAM__200,8934804021317,MAGGI Hạt Nêm Nấm Hương 200g,Gia Vị Nhà Bếp,Bịch,0.0,26852.0,0.0,26852.0,7.0,150500.0,187964.0,,,2026-01-20T00:00:00,2026-01-20T00:00:00,,,196,196,cd80477a-8ef4-11f1-9b18-005056b2a5de,648c0739-ae07-4aee-9a32-91ccbc858007,c5954a39-8ef4-11f1-9b18-005056b2a5de,539
05__GXD__MAG__DDO__300,8934804020389,MAGGI Xì Dầu Đậm Đặc Chai Đỏ 300ml,Gia Vị Nhà Bếp,Chai,0.0,23148.0,0.0,23148.0,10.0,166910.0,231480.0,,,2026-07-11T00:00:00,2026-07-11T00:00:00,,,24,24,cd7eee44-8ef4-11f1-9b18-005056b2a5de,c7516920-f6bc-4af1-9fa5-28c17f29aba4,c5954a39-8ef4-11f1-9b18-005056b2a5de,540
05__GXD__MAG__DDO__700,8934804020402,MAGGI Xì Dầu Đậm Đặc Chai Đỏ 700ml,Gia Vị Nhà Bếp,Chai,0.0,39815.0,0.0,39815.0,8.0,259200.0,318520.0,,,2026-04-18T00:00:00,2026-04-18T00:00:00,,,108,108,cd7f74ed-8ef4-11f1-9b18-005056b2a5de,139ea9fe-1a71-4d47-8c1f-15dda8b44c18,c5954a39-8ef4-11f1-9b18-005056b2a5de,541
05__GXD__MAG__VAG__300,8934804055671,MAGGI Xì Dầu Đậu Nành Chai Vàng 300ml,Gia Vị Nhà Bếp,Chai,0.0,18519.0,0.0,18519.0,8.0,98968.0,148152.0,,,2026-06-15T00:00:00,2026-06-15T00:00:00,,,50,50,cd7f620b-8ef4-11f1-9b18-005056b2a5de,a012dec0-f28b-4c7e-8d00-99d7f6bd5b7e,c5954a39-8ef4-11f1-9b18-005056b2a5de,542
05__GXD__MAG__VAG__700,8934804055695,MAGGI Xì Dầu Đậu Nành Chai Vàng 700ml,Gia Vị Nhà Bếp,Chai,0.0,32407.0,0.0,32407.0,8.0,190864.0,259256.0,,,2026-08-02T00:00:00,2026-08-02T00:00:00,,,2,2,cd7f3285-8ef4-11f1-9b18-005056b2a5de,3352daa3-b9e4-4097-b6b0-e8f4472426c9,c5954a39-8ef4-11f1-9b18-005056b2a5de,543
02__MIL__MAM__TBM__60,8850987101472,MAMA Mì Ly Thịt Bằm 60g,Mì Ly,Ly,0.0,27777.666667,0.0,26135.032258,0.0,0.0,0.0,2025-11-08T00:00:00,2026-02-28T00:00:00,2026-05-01T00:00:00,2026-05-01T00:00:00,269,157,95,95,cd7fd380-8ef4-11f1-9b18-005056b2a5de,f7139822-656f-4623-b929-5ad5c613beb5,c5954a39-8ef4-11f1-9b18-005056b2a5de,544
02__MIL__MAM__TYM__60,8850987101489,MAMA Mì Ly TomYum 60g,Mì Ly,Ly,0.0,27778.0,0.0,26256.714286,1.0,17796.0,26256.714286,2026-02-28T00:00:00,2026-02-28T00:00:00,2026-05-01T00:00:00,2026-05-01T00:00:00,157,157,95,95,cd7ef0c6-8ef4-11f1-9b18-005056b2a5de,797ae5d6-0139-491f-aecb-5337895cfe22,c5954a39-8ef4-11f1-9b18-005056b2a5de,545
01__TDC__MAS__CSA__500,8936221042883,MASAN Trà Bupnon 365 Hương Chanh Sả 500ml,Trà Đóng Chai,Chai,0.0,12963.0,0.0,12504.584158,-1.0,41748.0,-12504.584158,2025-11-08T00:00:00,2026-06-04T00:00:00,2026-06-22T00:00:00,2026-06-22T00:00:00,269,61,43,43,cd7dcc2a-8ef4-11f1-9b18-005056b2a5de,b6d1b1c6-a38c-4eb4-a924-013bacdb8fb2,c5954a39-8ef4-11f1-9b18-005056b2a5de,546
01__TDC__MAS__DAO__500,8936221042944,MASAN Trà Bupnon 365 Hương Đào 500ml,Trà Đóng Chai,Chai,0.0,12963.0,0.0,12523.211082,35.0,1044000.0,438312.38787,2025-11-08T00:00:00,2026-07-28T00:00:00,2026-08-03T00:00:00,2026-08-03T00:00:00,269,7,1,1,cd7d8ebb-8ef4-11f1-9b18-005056b2a5de,488d537f-e39c-42ee-8dd7-c4d023849171,c5954a39-8ef4-11f1-9b18-005056b2a5de,547
01__TDC__MAS__CAU__500,8936221043477,MASAN Trà Bupnon 365 Hương Mãng Cầu 500ml,Trà Đóng Chai,Chai,0.0,12963.0,0.0,12963.0,2.0,14476.0,25926.0,2026-04-30T00:00:00,2026-04-30T00:00:00,2026-05-08T00:00:00,2026-05-08T00:00:00,96,96,88,88,cd7fac53-8ef4-11f1-9b18-005056b2a5de,cffdbf74-ad7d-4102-9789-8da092604a5f,c5954a39-8ef4-11f1-9b18-005056b2a5de,548
01__TDC__MAS__MOG__500,8936221042906,MASAN Trà Bupnon 365 Hương Mật Ong 500ml,Trà Đóng Chai,Chai,0.0,12963.0,0.0,12673.28655,21.0,823004.0,266139.01755,2025-12-04T00:00:00,2026-07-28T00:00:00,2026-08-02T00:00:00,2026-08-02T00:00:00,243,7,2,2,cd7e20e2-8ef4-11f1-9b18-005056b2a5de,bf17035d-f665-4179-9c4e-13065b8fbf26,c5954a39-8ef4-11f1-9b18-005056b2a5de,549
01__TDC__MAS__OLD__500,8936236470763,MASAN Trà Bupnon 365 Trà Ô Long Vị Đào 500ml,Trà Đóng Chai,Chai,0.0,12963.0,0.0,12818.887417,15.0,829686.0,192283.311255,2026-02-11T00:00:00,2026-07-28T00:00:00,2026-08-02T00:00:00,2026-08-02T00:00:00,174,7,2,2,cd7d84d2-8ef4-11f1-9b18-005056b2a5de,121f2b65-eb5c-48f2-b5e4-85b22a600d60,c5954a39-8ef4-11f1-9b18-005056b2a5de,550
02__XXH__MAS__PMI__72,8936034877740,MASAN Xúc Xích Heo Cao Bồi Lắc Phô Mai 72g,Xúc Xích,Hũ,0.0,12963.0,0.0,12527.264706,1.0,83450.0,12527.264706,2025-10-29T00:00:00,2026-01-26T00:00:00,2026-02-18T00:00:00,2026-02-18T00:00:00,279,190,167,167,cd7ef333-8ef4-11f1-9b18-005056b2a5de,aae5d89d-bfa5-4f53-a7c6-e093f7c5f9e9,c5954a39-8ef4-11f1-9b18-005056b2a5de,551
02__XXH__MAS__PBB__72,8936034877757,MASAN Xúc Xích Heo Cao Bồi Lắc Phô Mai Bắp Bơ 72g,Xúc Xích,Hũ,0.0,13889.0,0.0,13133.578947,2.0,18358.0,26267.157894,2025-10-29T00:00:00,2026-01-26T00:00:00,2026-03-24T00:00:00,2026-03-24T00:00:00,279,190,133,133,cd7f4d4a-8ef4-11f1-9b18-005056b2a5de,36c614fe-67b6-4465-8ae0-56f2b091cacc,c5954a39-8ef4-11f1-9b18-005056b2a5de,552
02__XXH__MAS__TNG__64,8936034877719,MASAN Xúc Xích Heo Cao Bồi Thịt Nướng Phô Mai 64g,Xúc Xích,Hũ,0.0,12963.0,0.0,12963.0,0.0,0.0,0.0,2025-11-08T00:00:00,2026-02-01T00:00:00,2026-02-11T00:00:00,2026-02-11T00:00:00,269,184,174,174,cd7fadac-8ef4-11f1-9b18-005056b2a5de,4a820029-7b89-43ae-b070-0a23e148bae5,c5954a39-8ef4-11f1-9b18-005056b2a5de,553
02__XXH__MAS__SPA__72,8936034877726,MASAN Xúc Xích Heo Cao Bồi Xốt Spaghetti 72g,Xúc Xích,Hũ,0.0,11111.0,0.0,11111.0,0.0,0.0,0.0,2025-10-29T00:00:00,2026-01-26T00:00:00,2026-02-01T00:00:00,2025-11-05T00:00:00,279,190,184,272,cd801566-8ef4-11f1-9b18-005056b2a5de,df5e4f4d-f136-4e08-a540-b41d06feec2f,c5954a39-8ef4-11f1-9b18-005056b2a5de,554
02__XXH__MAS__TSA__72,8936034877764,MASAN Xúc Xích Heo Cao Bồi Xốt Tôm Sữa 72g,Xúc Xích,Hũ,0.0,13889.0,0.0,12229.916667,0.0,0.0,0.0,2025-10-29T00:00:00,2026-02-01T00:00:00,2026-03-09T00:00:00,2026-03-09T00:00:00,279,184,148,148,cd8041d8-8ef4-11f1-9b18-005056b2a5de,408d23bb-f2d2-4381-a5a6-5d8d7dc582a7,c5954a39-8ef4-11f1-9b18-005056b2a5de,555
02__XXH__MAS__XTM__70,8936034877733,MASAN Xúc Xích Heo Cao Bồi Xốt Trứng Muối Hũ 70g,Xúc Xích,Hũ,0.0,13889.0,0.0,13426.0,0.0,0.0,0.0,2026-02-01T00:00:00,2026-02-01T00:00:00,2026-03-15T00:00:00,2026-03-15T00:00:00,184,184,142,142,cd8061d0-8ef4-11f1-9b18-005056b2a5de,9a7f4031-4cf6-456a-b190-ef0aea181360,c5954a39-8ef4-11f1-9b18-005056b2a5de,556
03__SKH__MEI__CAC__40,8888077102108,MEIJI HELLO PANDA Bánh Gấu Cacao Kem Socola 40g,Snack Khác,Bịch,0.0,32407.0,0.0,32407.1,0.0,0.0,0.0,2025-11-09T00:00:00,2025-11-09T00:00:00,2026-02-20T00:00:00,2026-02-20T00:00:00,268,268,165,165,cd80045e-8ef4-11f1-9b18-005056b2a5de,00208705-a409-45c6-a203-604d17773381,c5954a39-8ef4-11f1-9b18-005056b2a5de,557
03__SKH__MEI__DAU__40,8888077102092,MEIJI HELLO PANDA Bánh Gấu Dâu 40g,Snack Khác,Hộp,0.0,37037.0,0.0,35331.210526,0.0,0.0,0.0,2026-02-28T00:00:00,2026-02-28T00:00:00,2026-06-20T00:00:00,2026-06-20T00:00:00,157,157,45,45,cd7f00d9-8ef4-11f1-9b18-005056b2a5de,e359fd08-1a1d-4eb4-851f-4dbefbd72c08,c5954a39-8ef4-11f1-9b18-005056b2a5de,558
03__SKH__MEI__SOC__40,8888077102023,MEIJI HELLO PANDA Bánh Gấu Socola 40g,Snack Khác,Hộp,0.0,37037.0,0.0,35218.178571,1.0,20058.0,35218.178571,2026-02-28T00:00:00,2026-05-16T00:00:00,2026-07-27T00:00:00,2026-07-27T00:00:00,157,80,8,8,cd7fb2aa-8ef4-11f1-9b18-005056b2a5de,bc25a0bd-a523-4061-a442-adcc5a7ea051,c5954a39-8ef4-11f1-9b18-005056b2a5de,559
03__SKH__MEI__SUA__40,8888077108032,MEIJI HELLO PANDA Bánh Gấu Sữa 40g,Snack Khác,Hộp,0.0,37037.0,0.0,34259.2,0.0,0.0,0.0,,,2026-06-24T00:00:00,2026-06-24T00:00:00,,,41,41,cd7f0332-8ef4-11f1-9b18-005056b2a5de,3942643c-bd4f-4ebc-bee2-3b0b7a027c9a,c5954a39-8ef4-11f1-9b18-005056b2a5de,560
03__SOT__MEI__DEN__50,4902777090603,MEIJI Socola Đen 50g,Socola Thanh,Thanh,0.0,69444.0,0.0,66049.37037,6.0,384750.0,396296.22222,2025-12-16T00:00:00,2026-06-23T00:00:00,2026-07-22T00:00:00,2026-07-22T00:00:00,231,42,13,13,cd7f82ea-8ef4-11f1-9b18-005056b2a5de,c7b40d0d-bfc3-4086-905c-dc1a86d33717,c5954a39-8ef4-11f1-9b18-005056b2a5de,561
03__SOT__MEI__SUA__50,4902777015927,MEIJI Socola Sữa 50g,Socola Thanh,Thanh,0.0,69444.0,0.0,66463.292683,1.0,64125.0,66463.292683,2025-12-16T00:00:00,2026-06-23T00:00:00,2026-08-02T00:00:00,2026-08-02T00:00:00,231,42,2,2,cd7eb861-8ef4-11f1-9b18-005056b2a5de,bf4392f7-45ce-4947-8bd4-504f77bce875,c5954a39-8ef4-11f1-9b18-005056b2a5de,562
02__KBT__MEI__BCH__1621,8936202992862,MEIZAN Bánh Tráng 16x21cm,Đồ Khô,Bịch,0.0,14815.0,0.0,14815.0,0.0,0.0,0.0,,,2026-03-18T00:00:00,2026-03-18T00:00:00,,,139,139,cd7eacf5-8ef4-11f1-9b18-005056b2a5de,18e3d587-1cbd-49c9-a83f-ffec6a3b2f75,c5954a39-8ef4-11f1-9b18-005056b2a5de,563
05__GBX__MEI__BIC__400,8938509627058,MEIZAN Bột Bánh Xèo 400g,Gia Vị Nhà Bếp,Bịch,0.0,21296.333333,0.0,21296.285714,3.0,44250.0,63888.857142,,,2026-04-19T00:00:00,2026-04-19T00:00:00,,,107,107,cd801e01-8ef4-11f1-9b18-005056b2a5de,a7bd2f7e-aaa8-45e6-bc94-1899e4e18e21,c5954a39-8ef4-11f1-9b18-005056b2a5de,564
05__GBP__MEI__BIC__150,8936231190154,MEIZAN Bột Bắp 150g,Gia Vị Nhà Bếp,Bịch,0.0,9259.333333,0.0,9259.333333,0.0,0.0,0.0,,,2026-07-20T00:00:00,2026-07-20T00:00:00,,,15,15,cd8033fc-8ef4-11f1-9b18-005056b2a5de,db21a570-12eb-4622-9676-259d159ce885,c5954a39-8ef4-11f1-9b18-005056b2a5de,565
05__GBG__MEI__BIC__150,8938509627010,MEIZAN Bột Chiên Giòn 150g,Gia Vị Nhà Bếp,Bịch,0.0,10185.0,0.0,10185.133333,3.0,17894.0,30555.399999,2026-01-11T00:00:00,2026-01-11T00:00:00,2026-05-17T00:00:00,2026-04-19T00:00:00,205,205,79,107,cd803c39-8ef4-11f1-9b18-005056b2a5de,115346a1-21f9-4b37-be17-22dfe854c3ad,c5954a39-8ef4-11f1-9b18-005056b2a5de,566
05__GBM__MEI__BIC__500,8936055280642,MEIZAN Bột Mì Đa Dụng Cao Cấp 500g,Gia Vị Nhà Bếp,Bịch,0.0,12037.0,0.0,12037.0,16.0,127334.0,192592.0,,,2026-06-13T00:00:00,2026-06-13T00:00:00,,,52,52,cd7fc2ec-8ef4-11f1-9b18-005056b2a5de,6b2b8a59-1f61-405f-b040-89f594b0ccb3,c5954a39-8ef4-11f1-9b18-005056b2a5de,567
05__GNA__MEI__DDU__400,8936231190123,MEIZAN Bột Năng Đa Dụng Cao Cấp 400g,Gia Vị Nhà Bếp,Chai,0.0,16667.0,0.0,16667.0,11.0,121841.0,183337.0,2025-11-09T00:00:00,2025-11-09T00:00:00,2026-05-11T00:00:00,2026-05-11T00:00:00,268,268,85,85,cd7fd55f-8ef4-11f1-9b18-005056b2a5de,8504bc7e-5076-4e51-a6ce-133c0b526488,c5954a39-8ef4-11f1-9b18-005056b2a5de,568
05__GDA__MEI__VAG__1000,8934988063028,MEIZAN GOLD Dầu Ăn Cao Cấp 1L,Gia Vị Nhà Bếp,Chai,0.0,62037.0,0.0,62037.0,16.0,748000.0,992592.0,,,2026-05-17T00:00:00,2026-03-12T00:00:00,,,79,145,cd7f05e0-8ef4-11f1-9b18-005056b2a5de,6f525fb5-4aaf-431a-825d-24f7095b3b13,c5954a39-8ef4-11f1-9b18-005056b2a5de,569
02__KMI__MEI__CHY__250,8938509627188,MEIZAN Mì Chay Cao Cấp 250g,Đồ Khô Mì,Bịch,0.0,12037.0,0.0,12037.0,11.0,75625.0,132407.0,,,2026-03-20T00:00:00,2026-03-20T00:00:00,,,137,137,cd805894-8ef4-11f1-9b18-005056b2a5de,3a252901-06a9-47de-87cf-500226c94ef2,c5954a39-8ef4-11f1-9b18-005056b2a5de,570
02__KMI__MEI__TRG__250,8938509627232,MEIZAN Mì Trứng Cao Cấp 250g,Đồ Khô Mì,Bịch,0.0,20370.0,0.0,20370.0,14.0,195420.0,285180.0,,,2026-07-27T00:00:00,2026-07-27T00:00:00,,,8,8,cd7f5c6e-8ef4-11f1-9b18-005056b2a5de,2475f176-dbfd-4dd9-9e80-1e9556968193,c5954a39-8ef4-11f1-9b18-005056b2a5de,571
02__KNI__MEI__DAI__200,8938509627157,MEIZAN Nui Cao Cấp Ống Dài 200g,Đồ Khô Nui,Bịch,0.0,14815.0,0.0,14815.0,18.0,177630.0,266670.0,2026-01-11T00:00:00,2026-01-11T00:00:00,2026-03-09T00:00:00,2026-03-09T00:00:00,205,205,148,148,cd80260f-8ef4-11f1-9b18-005056b2a5de,ef164e08-ef3c-4dd2-8902-6abf5322ec70,c5954a39-8ef4-11f1-9b18-005056b2a5de,572
02__KNI__MEI__GAO__200,8938509627256,MEIZAN Nui Gạo Cao Cấp Chữ C 200g,Đồ Khô Nui,Bịch,0.0,14815.0,0.0,14815.0,20.0,206042.0,296300.0,2026-01-11T00:00:00,2026-01-11T00:00:00,2026-05-29T00:00:00,2026-05-29T00:00:00,205,205,67,67,cd7f67d7-8ef4-11f1-9b18-005056b2a5de,5a286f25-a3c3-4f4f-9e8c-fb48851bbd11,c5954a39-8ef4-11f1-9b18-005056b2a5de,573
02__KNI__MEI__RAU__200,8938509627744,MEIZAN Nui Rau Củ Cao Cấp Chữ C 200g,Đồ Khô Nui,Bịch,0.0,14815.0,0.0,14814.833333,18.0,172799.0,266666.999994,2026-01-11T00:00:00,2026-01-11T00:00:00,2026-04-10T00:00:00,2026-04-10T00:00:00,205,205,116,116,cd7fce00-8ef4-11f1-9b18-005056b2a5de,292a95de-d331-48b5-8a5c-f04755017d74,c5954a39-8ef4-11f1-9b18-005056b2a5de,574
03__KGU__MTS__BHA__35,8935001712282;8935001714910,MENTOS Kẹo Ngậm Không Đường Hương Bạc Hà Hũ 35g,Kẹo Gum,Hũ,0.0,44444.0,0.0,51028.888889,23.0,644000.0,1173664.444447,2026-02-14T00:00:00,2026-07-17T00:00:00,2026-07-31T00:00:00,2026-07-31T00:00:00,171,18,4,4,cd7e9ea7-8ef4-11f1-9b18-005056b2a5de,285bf2c1-363e-407f-aa76-48f879238a4c,c5954a39-8ef4-11f1-9b18-005056b2a5de,575
MKNKDHCH301,8935001714934,MENTOS Kẹo Ngậm Không Đường Hương Chanh Hũ 35g,,Chiếc,0.0,0.0,0.0,0.0,24.0,672000.0,0.0,2026-07-17T00:00:00,2026-07-17T00:00:00,,,18,18,,,cd80711e-8ef4-11f1-9b18-005056b2a5de,6a8b409f-faf8-4295-baee-a09c54c7f473,c5954a39-8ef4-11f1-9b18-005056b2a5de,576
MKNKDHDH301,8935001716235,MENTOS Kẹo Ngậm Không Đường Hương Đào Hũ 35g,,Chiếc,0.0,44444.0,0.0,44444.0,23.0,644000.0,1022212.0,2026-07-17T00:00:00,2026-07-17T00:00:00,2026-08-01T00:00:00,2026-08-01T00:00:00,18,18,3,3,cd7fc11e-8ef4-11f1-9b18-005056b2a5de,f20f6e9d-0700-4b72-96f1-2b956943e8c5,c5954a39-8ef4-11f1-9b18-005056b2a5de,577
MKNBH01,8935001707165,MENTOS Kẹo Nhai Bạc Hà,,Chiếc,0.0,0.0,0.0,0.0,32.0,128000.0,0.0,2026-07-17T00:00:00,2026-07-17T00:00:00,,,18,18,,,cd7f097b-8ef4-11f1-9b18-005056b2a5de,2cc87f34-4b2b-48e3-9978-8941a53796d9,c5954a39-8ef4-11f1-9b18-005056b2a5de,578
MKNCV01,8935001711483,MENTOS Kẹo Nhai Cầu Vồng,,Chiếc,0.0,7407.0,0.0,7407.0,31.0,128000.0,229617.0,2026-07-17T00:00:00,2026-07-17T00:00:00,2026-07-26T00:00:00,2026-07-26T00:00:00,18,18,9,9,cd80466f-8ef4-11f1-9b18-005056b2a5de,1cb4ac08-cf04-4088-bb17-ba8ad0b74312,c5954a39-8ef4-11f1-9b18-005056b2a5de,579
03__KCU__MTS__QMO__1,8935001719977,MENTOS Kẹo Nhai Hương Quả Mọng,Kẹo Cứng,Bịch,0.0,11111.0,0.0,10484.588235,10.0,53127.0,104845.88235,2026-01-07T00:00:00,2026-04-04T00:00:00,2026-07-26T00:00:00,2026-07-26T00:00:00,209,122,9,9,cd7f76c6-8ef4-11f1-9b18-005056b2a5de,4640dc76-a9cf-496f-a42e-6d17b63ded61,c5954a39-8ef4-11f1-9b18-005056b2a5de,580
14__KEH__MER__SCH__73,8936011773102,MERINO Kem Hộp Socola Chuối 73g (150ml),Kem Hộp,Hũ,0.0,18519.0,0.0,18518.910448,13.0,147242.0,240745.835824,2025-12-17T00:00:00,2026-06-23T00:00:00,2026-08-01T00:00:00,2026-08-01T00:00:00,230,42,3,3,cd7e72d3-8ef4-11f1-9b18-005056b2a5de,2dde8077-f1e5-4482-b1fd-40c366f674e0,c5954a39-8ef4-11f1-9b18-005056b2a5de,581
14__KEH__MER__SOC__95,8936011773119,MERINO Kem Hộp Socola Vani 95ml,Kem Hộp,Cái,0.0,14815.0,0.0,14118.932886,11.0,99201.0,155308.261746,2025-11-09T00:00:00,2026-07-11T00:00:00,2026-08-02T00:00:00,2026-08-02T00:00:00,268,24,2,2,cd7d9939-8ef4-11f1-9b18-005056b2a5de,35cb1899-4d9a-4494-88bd-880f4216cd31,c5954a39-8ef4-11f1-9b18-005056b2a5de,582
14__KEH__MER__SDA__95,8936011773034,MERINO Kem Hộp Sữa Dừa 95ml,Kem Hộp,Cái,0.0,14815.0,0.0,13648.916667,25.0,225037.0,341222.916675,2025-11-09T00:00:00,2026-07-29T00:00:00,2026-08-03T00:00:00,2026-08-03T00:00:00,268,6,1,1,cd7e0564-8ef4-11f1-9b18-005056b2a5de,b9924b09-1493-4845-a802-179b236d2955,c5954a39-8ef4-11f1-9b18-005056b2a5de,583
14__KEH__MER__DAU__95,8936011773065,MERINO Kem Hộp Vani Dâu 95ml,Kem Hộp,Cái,0.0,14815.0,0.0,13945.347826,17.0,152995.0,237070.913042,2025-11-09T00:00:00,2026-07-11T00:00:00,2026-07-26T00:00:00,2026-07-26T00:00:00,268,24,9,9,cd7dcd9c-8ef4-11f1-9b18-005056b2a5de,b682e726-ef0b-48ca-8a4d-85f464223b21,c5954a39-8ef4-11f1-9b18-005056b2a5de,584
MKMDD401,8936011773812,MERINO Kem Mochi Đậu Đỏ 40g,Kem Bánh,Bịch,0.0,8333.0,0.0,8333.173077,16.0,75671.0,133330.769232,2026-06-06T00:00:00,2026-07-11T00:00:00,2026-08-02T00:00:00,2026-08-02T00:00:00,59,24,2,2,cd7ef171-8ef4-11f1-9b18-005056b2a5de,e16a0dfd-3cd5-407f-8d76-d90d0b7d85a9,c5954a39-8ef4-11f1-9b18-005056b2a5de,585
MKMDX401,8936011773829,MERINO Kem Mochi Đậu Xanh 40g,Kem Bánh,Bịch,0.0,8333.0,0.0,8333.104651,34.0,163200.0,283325.558134,2026-06-06T00:00:00,2026-07-11T00:00:00,2026-08-02T00:00:00,2026-08-02T00:00:00,59,24,2,2,cd7e6221-8ef4-11f1-9b18-005056b2a5de,dba6d912-a31c-4aa9-8094-95b7d7f6f9b9,c5954a39-8ef4-11f1-9b18-005056b2a5de,586
14__KEO__MER__CRS__60,8936011770736,MERINO Kem Ốc Quế Cream Socola 60g,Kem Ốc,Cái,0.0,16667.0,0.0,16516.675676,5.0,59768.0,82583.37838,2026-03-16T00:00:00,2026-06-23T00:00:00,2026-07-30T00:00:00,2026-07-30T00:00:00,141,42,5,5,cd7eb905-8ef4-11f1-9b18-005056b2a5de,5d6bafb4-225d-43ea-9980-6173e28c2b17,c5954a39-8ef4-11f1-9b18-005056b2a5de,587
14__KEO__MER__DSO__60,8936011770743,MERINO Kem Ốc Quế S.Teen Dâu Socola 60g,Kem Ốc,Cái,0.0,16667.0,0.0,15432.291667,0.0,0.0,0.0,,,2026-01-17T00:00:00,2026-01-17T00:00:00,,,199,199,cd7e814d-8ef4-11f1-9b18-005056b2a5de,e46efc75-729b-4e78-8a28-e7edf16cbab7,c5954a39-8ef4-11f1-9b18-005056b2a5de,588
14__KEO__MER__SOC__60,8936011774031,MERINO Kem Ốc Quế S.Teen Socola 60g,Kem Ốc,Cái,0.0,16667.0,0.0,16305.512195,33.0,351313.0,538081.902435,2025-11-09T00:00:00,2026-07-29T00:00:00,2026-07-30T00:00:00,2026-07-30T00:00:00,268,6,5,5,cd7e85d2-8ef4-11f1-9b18-005056b2a5de,9db7cb7f-6451-4f1c-8d7c-af9a827e5366,c5954a39-8ef4-11f1-9b18-005056b2a5de,589
14__KEO__MER__VAS__60,8936011774024,MERINO Kem Ốc Quế S.Teen Vani Socola 60g,Kem Ốc,Cái,0.0,16667.0,0.0,16583.338346,20.0,214569.0,331666.76692,2025-12-17T00:00:00,2026-07-11T00:00:00,2026-08-01T00:00:00,2026-08-01T00:00:00,230,24,3,3,cd7eed35-8ef4-11f1-9b18-005056b2a5de,e7992bcf-0f14-4fc0-add5-b1fa8d24f59a,c5954a39-8ef4-11f1-9b18-005056b2a5de,590
14__KEQ__MER__BBP__50,8936011770927,MERINO Kem Que Bánh Bắp 50g,Kem Que,Cái,0.0,11111.0,2133.333333,10451.756,2.0,-18949.0,20903.512,2025-11-14T00:00:00,2026-06-06T00:00:00,2026-06-29T00:00:00,2026-06-29T00:00:00,263,59,36,36,cd7eada1-8ef4-11f1-9b18-005056b2a5de,a8cf2956-88c4-4038-9998-4a2186af0e11,c5954a39-8ef4-11f1-9b18-005056b2a5de,591
14__KEQ__MER__CSO__68,8936011775403,MERINO Kem Que Cacao Socola 68g,Kem Que,Cái,0.0,13889.0,882.882883,13888.987768,31.0,332106.0,430558.620808,2025-11-14T00:00:00,2026-07-29T00:00:00,2026-08-02T00:00:00,2026-08-02T00:00:00,263,6,2,2,cd7e3370-8ef4-11f1-9b18-005056b2a5de,cbfbe510-7566-4c14-8712-d09dbf3e33b1,c5954a39-8ef4-11f1-9b18-005056b2a5de,592
14__KEQ__MER__CHU__85,8936011772808,MERINO Kem Que Chuối Truyền Thống 85g,Kem Que,Cái,0.0,16667.0,1354.83871,16666.754464,10.0,157137.0,166667.54464,2025-11-14T00:00:00,2026-07-11T00:00:00,2026-07-24T00:00:00,2026-07-24T00:00:00,263,24,11,11,cd7eaf8d-8ef4-11f1-9b18-005056b2a5de,4cad9208-c8f0-4f9f-8cde-831fd2eea254,c5954a39-8ef4-11f1-9b18-005056b2a5de,593
14__KEQ__MER__CBE__64,8936011775908,MERINO Kem Que Cutie Bear Socola Sữa 64g,Kem Que,Cái,0.0,16667.0,0.0,15303.157576,10.0,104979.0,153031.57576,2025-11-09T00:00:00,2026-07-03T00:00:00,2026-08-01T00:00:00,2026-08-01T00:00:00,268,32,3,3,cd7db9d6-8ef4-11f1-9b18-005056b2a5de,db80d222-2242-4b64-b650-5525c74d4cf3,c5954a39-8ef4-11f1-9b18-005056b2a5de,594
14__KEQ__MER__DHA__62,8936011775724,MERINO Kem Que Dưa Hấu 62g,Kem Que,Cái,0.0,11111.0,1531.25,10471.672619,11.0,67375.0,115188.398809,2025-11-14T00:00:00,2026-03-16T00:00:00,2026-05-10T00:00:00,2026-05-10T00:00:00,263,141,86,86,cd7e890f-8ef4-11f1-9b18-005056b2a5de,184bca70-d50e-4f73-a790-021f05660597,c5954a39-8ef4-11f1-9b18-005056b2a5de,595
14__KEQ__MER__DXH__60,8936011776578,MERINO Kem Que Lõi Xốt Đậu Xanh 60g,Kem Que,Cái,0.0,13889.0,0.0,13888.985149,31.0,329475.0,430558.539619,2026-01-30T00:00:00,2026-07-29T00:00:00,2026-08-02T00:00:00,2026-08-02T00:00:00,186,6,2,2,cd7e0034-8ef4-11f1-9b18-005056b2a5de,697ec78a-beb4-4f59-806c-ae00d241a6fa,c5954a39-8ef4-11f1-9b18-005056b2a5de,596
14__KEQ__MER__KMN__60,8936011776592,MERINO Kem Que Lõi Xốt Khoai Môn 60g,Kem Que,Cái,0.0,13889.0,0.0,13888.989691,12.0,125991.0,166667.876292,2025-12-17T00:00:00,2026-07-11T00:00:00,2026-08-02T00:00:00,2026-08-02T00:00:00,230,24,2,2,cd7e3e4a-8ef4-11f1-9b18-005056b2a5de,18423aa7-3b0c-4ece-a19d-9b009af25305,c5954a39-8ef4-11f1-9b18-005056b2a5de,597
14__KES__MER__PMI__50,8936011779197,MERINO Kem Sữa Chua Dẻo Phô Mai 50g,Kem Sữa Chua Dẻo,Cái,0.0,7407.0,679.627422,7051.596913,49.0,231950.0,345528.248737,2025-11-14T00:00:00,2026-07-29T00:00:00,2026-08-03T00:00:00,2026-08-03T00:00:00,263,6,1,1,cd7d7576-8ef4-11f1-9b18-005056b2a5de,a9ed0ac2-51a6-41b6-8ee3-f1745557e615,c5954a39-8ef4-11f1-9b18-005056b2a5de,598
14__KES__MER__PBT__50,8936011779784,MERINO Kem Sữa Chua Dẻo Phúc Bồn Tử 50g,Kem Sữa Chua Dẻo,Cái,0.0,5556.0,0.0,5555.738095,1.0,0.0,5555.738095,2025-11-14T00:00:00,2026-04-15T00:00:00,2025-11-25T00:00:00,2025-11-25T00:00:00,263,111,252,252,cd80169c-8ef4-11f1-9b18-005056b2a5de,41be7c9a-99cb-4f64-9559-99d9a2d2e92d,c5954a39-8ef4-11f1-9b18-005056b2a5de,599
02__MGO__MLK__STE__65,8934579012022,MILIKET Mì Gói Sa Tế 65g,Mì Gói,Gói,0.0,4630.0,0.0,4629.62069,24.0,39562.0,111110.89656,2025-11-09T00:00:00,2025-11-09T00:00:00,2026-01-11T00:00:00,2026-01-11T00:00:00,268,268,205,205,cd7fe949-8ef4-11f1-9b18-005056b2a5de,1d215449-e3ab-427d-8896-3285a97508b1,c5954a39-8ef4-11f1-9b18-005056b2a5de,600
02__MGO__MLK__TTG__60,8934579013012,MILIKET Mì Gói Truyền Thống 60g,Mì Gói,Gói,0.0,4630.0,0.0,4456.826667,15.0,-83.0,66852.400005,2025-11-09T00:00:00,2026-02-03T00:00:00,2026-03-08T00:00:00,2026-03-08T00:00:00,268,182,149,149,cd7fb8f8-8ef4-11f1-9b18-005056b2a5de,1976bd27-6161-48da-a524-b05fa935bbac,c5954a39-8ef4-11f1-9b18-005056b2a5de,601
02__MTO__MIL__HSN__1,8934579180011,MILIKET Mì Tô Trộn Hải Sản HQ,Mì Tô,Tô,0.0,23148.0,0.0,23148.0,0.0,0.0,0.0,2026-04-30T00:00:00,2026-04-30T00:00:00,2026-05-30T00:00:00,2026-05-30T00:00:00,96,96,66,66,cd7f7d8a-8ef4-11f1-9b18-005056b2a5de,9a3b0edc-f8c8-4843-ac90-6bdaf56afd2c,c5954a39-8ef4-11f1-9b18-005056b2a5de,602
02__MTO__MIL__PMI__1,8934579301591,MILIKET Mì Tô Trộn Phô Mai HQ,Mì Tô,Tô,0.0,23148.0,0.0,23148.076923,0.0,0.0,0.0,2026-04-30T00:00:00,2026-05-17T00:00:00,2026-05-18T00:00:00,2026-05-18T00:00:00,96,79,78,78,cd7f50a9-8ef4-11f1-9b18-005056b2a5de,921375e9-948d-4a2d-9f3d-4c6a7c7584e1,c5954a39-8ef4-11f1-9b18-005056b2a5de,603
04__SBO__MLO__HOP__285,8934804025636,MILO Sữa Bột Hộp 285g,Sữa Bột,Hộp,0.0,78704.0,0.0,78704.0,21.0,1148700.0,1652784.0,,,2026-02-25T00:00:00,2026-02-25T00:00:00,,,160,160,cd7e9d5c-8ef4-11f1-9b18-005056b2a5de,218b779a-bf57-4cdb-90a4-9c5273ede519,c5954a39-8ef4-11f1-9b18-005056b2a5de,604
04__SHG__MLO__HOP__110,8934804025742,MILO Sữa Hộp 110ml,Sữa Hộp Giấy,Hộp,0.0,5556.0,0.0,5555.608696,0.0,0.0,0.0,,,2026-03-07T00:00:00,2026-03-07T00:00:00,,,150,150,cd7f1ce8-8ef4-11f1-9b18-005056b2a5de,605ae8f2-9285-4505-81cf-7dcf38db9269,c5954a39-8ef4-11f1-9b18-005056b2a5de,605
04__SHG__MLO__HOP__180,8934804025766,MILO Sữa Hộp 180ml,Sữa Hộp Giấy,Hộp,0.0,11111.0,0.0,10165.75784,64.0,1324000.0,650608.50176,2025-11-09T00:00:00,2026-07-15T00:00:00,2026-08-02T00:00:00,2026-08-02T00:00:00,268,20,2,2,cd7e2bd3-8ef4-11f1-9b18-005056b2a5de,48d35cd8-09c7-46a8-b89a-ed010580015d,c5954a39-8ef4-11f1-9b18-005056b2a5de,606
11__BSA__MIR__BIH__1,9556149001067,MIRA Áo Mưa Sử Dụng 1 Lần,,Cái,0.0,9259.0,0.0,9259.291667,1.0,0.0,9259.291667,2025-11-09T00:00:00,2025-11-09T00:00:00,2026-07-28T00:00:00,2026-07-28T00:00:00,268,268,7,7,cd7fe9ee-8ef4-11f1-9b18-005056b2a5de,1e7f8c9e-b44d-41e8-b966-43426bf5680a,c5954a39-8ef4-11f1-9b18-005056b2a5de,607
13__MDC__MIR__BDA__1,9556149001055,MIRA Bịch Đá,Dụng Cụ Ăn Uống MIRA,Bịch,0.0,9259.5,0.0,9259.148936,-61.0,0.0,-564808.085096,2026-02-25T00:00:00,2026-02-25T00:00:00,2026-08-01T00:00:00,2026-08-01T00:00:00,160,160,3,3,cd803e0d-8ef4-11f1-9b18-005056b2a5de,66afd1ac-f3ed-4b49-be7e-cefeb9cb3467,c5954a39-8ef4-11f1-9b18-005056b2a5de,608
13__MXB__MIR__BOV__5,9556149001088,MIRA Bò Viên Chiên,MIRA Xiên Chiên,Cái,0.0,11111.0,0.0,11666.6,-8.0,0.0,-93332.8,2025-12-17T00:00:00,2025-12-17T00:00:00,2026-02-19T00:00:00,2026-02-19T00:00:00,230,230,166,166,cd7e60d7-8ef4-11f1-9b18-005056b2a5de,f676c882-e9d0-4142-9f53-62c116bdd20d,c5954a39-8ef4-11f1-9b18-005056b2a5de,609
13__MXC__MIR__CAV__5,9556149001087,MIRA Cá Viên Chiên,MIRA Xiên Chiên,Cái,0.0,9259.0,0.0,9259.125,-17.0,0.0,-157405.125,2025-12-17T00:00:00,2025-12-17T00:00:00,2026-02-21T00:00:00,2026-02-21T00:00:00,230,230,164,164,cd7ef83b-8ef4-11f1-9b18-005056b2a5de,e706b1cc-b128-4ffb-9526-ab703d937e18,c5954a39-8ef4-11f1-9b18-005056b2a5de,610
13__MCP__MIR__SUA__1,9556149001059,MIRA Cafe Sữa,MIRA Cà Phê,Ly,0.0,18519.0,0.0,18519.0,-4.0,0.0,-74076.0,,,2026-04-28T00:00:00,2026-04-28T00:00:00,,,98,98,cd7f3415-8ef4-11f1-9b18-005056b2a5de,d1aed431-3f96-4031-8c8e-0473ca8058e2,c5954a39-8ef4-11f1-9b18-005056b2a5de,611
13__MXX__MIR__HAC__1,58934588843091,MIRA Há Cảo Hấp,MIRA Xiên Chiên,Cái,0.0,13889.0,0.0,13889.0,-19.0,0.0,-263891.0,,,2026-02-21T00:00:00,2026-02-21T00:00:00,,,164,164,cd7ee1ae-8ef4-11f1-9b18-005056b2a5de,f582407c-6cdf-45bc-99fe-5242eaa84ec7,c5954a39-8ef4-11f1-9b18-005056b2a5de,612
11__BHQ__MIR__CAI__1,9556149001066,MIRA Hộp Quẹt,Đồ Dùng Bếp,Cái,0.0,6481.0,0.0,6481.102564,1.0,0.0,6481.102564,2025-11-09T00:00:00,2025-12-17T00:00:00,2026-01-04T00:00:00,2026-01-04T00:00:00,268,230,212,212,cd7fd90c-8ef4-11f1-9b18-005056b2a5de,27d6bfc6-dd27-4cc4-8b65-eaaf26e1a28e,c5954a39-8ef4-11f1-9b18-005056b2a5de,613
13__MDC__MIR__LY__1,9556149001057,MIRA Ly Giấy,Dụng Cụ Ăn Uống MIRA,Ly,0.0,926.0,0.0,925.943854,-513.0,0.0,-475009.197102,2026-02-25T00:00:00,2026-02-25T00:00:00,2026-07-30T00:00:00,2026-07-30T00:00:00,160,160,5,5,cd7f5db0-8ef4-11f1-9b18-005056b2a5de,74f90880-f400-48de-a293-a388ef62029b,c5954a39-8ef4-11f1-9b18-005056b2a5de,614
13__MDC__MIR__TAY__1,9556149001054,MIRA Tẩy Đá,Dụng Cụ Ăn Uống MIRA,Ly,0.0,2778.0,374.203179,2777.943126,-556.0,0.0,-1544536.378056,2025-11-14T00:00:00,2026-05-07T00:00:00,2026-08-03T00:00:00,2026-08-03T00:00:00,263,89,1,1,cd7da4e3-8ef4-11f1-9b18-005056b2a5de,754db6b0-1d50-4328-8f10-4402e8d10cef,c5954a39-8ef4-11f1-9b18-005056b2a5de,615
13__MDC__MIR__TOG__1,9556149001056,MIRA Tô Giấy,Dụng Cụ Ăn Uống MIRA,Tô,0.0,1852.0,0.0,1851.987622,-122.0,0.0,-225942.489884,2025-11-27T00:00:00,2026-02-28T00:00:00,2026-08-03T00:00:00,2026-08-03T00:00:00,250,157,1,1,cd7fccbc-8ef4-11f1-9b18-005056b2a5de,fd81daaf-7884-434c-a0c4-1907c99dafd9,c5954a39-8ef4-11f1-9b18-005056b2a5de,616
13__MXX__MIR__XXH__1,9556149001086,MIRA Xúc Xích Chiên,MIRA Xiên Chiên,Cái,0.0,11111.0,0.0,11111.034483,-7.0,0.0,-77777.241381,2025-12-17T00:00:00,2025-12-17T00:00:00,2026-02-16T00:00:00,2026-02-16T00:00:00,230,230,169,169,cd806f28-8ef4-11f1-9b18-005056b2a5de,c309b9fd-f7b8-4845-8014-48bded99bb02,c5954a39-8ef4-11f1-9b18-005056b2a5de,617
03__SKH__MIX__GCY__25,8858223005911,MIX Bánh Que Vị Gà Cay 25g,Snack Khác,Bịch,0.0,9259.0,0.0,7897.382353,0.0,0.0,0.0,2025-12-17T00:00:00,2025-12-17T00:00:00,2026-02-20T00:00:00,2026-02-20T00:00:00,230,230,165,165,cd8066a4-8ef4-11f1-9b18-005056b2a5de,9de64ca6-e661-4af8-9345-b1f9dd8cd541,c5954a39-8ef4-11f1-9b18-005056b2a5de,618
03__SKH__MIX__GCY__50,8858223005898,MIX Bánh Que Vị Gà Cay 50g,Snack Khác,Bịch,0.0,23148.0,0.0,21550.7,2.0,28119.0,43101.4,2025-11-21T00:00:00,2025-11-21T00:00:00,2026-04-30T00:00:00,2026-04-30T00:00:00,256,256,96,96,cd7fdcd8-8ef4-11f1-9b18-005056b2a5de,3d8aa384-0c4c-468c-bf3b-f7d5fc03a5f3,c5954a39-8ef4-11f1-9b18-005056b2a5de,619
03__SKH__MIX__HAN__50,8858223003399,MIX Bánh Que Vị Gà Cay Hàn Quốc 50g,Snack Khác,Bịch,0.0,27778.0,0.0,25154.333333,0.0,0.0,0.0,2025-11-21T00:00:00,2026-01-12T00:00:00,2026-03-13T00:00:00,2026-03-13T00:00:00,256,204,144,144,cd7e603e-8ef4-11f1-9b18-005056b2a5de,87d081a9-54d5-49f2-a9d4-fbbfb058bb1f,c5954a39-8ef4-11f1-9b18-005056b2a5de,620
03__SKH__MIX__GCY__150,8858223025025,MIX Bánh Que Vị Gà Cay Hũ 150g,Snack Khác,Hũ,0.0,55556.0,0.0,55556.0,0.0,0.0,0.0,2026-05-20T00:00:00,2026-06-23T00:00:00,2026-07-07T00:00:00,2026-07-07T00:00:00,76,42,28,28,cd7fb712-8ef4-11f1-9b18-005056b2a5de,d06abbbb-7424-4fe3-9e7c-20b6f4d35ca6,c5954a39-8ef4-11f1-9b18-005056b2a5de,621
03__SKH__MIX__CAY__25,8858223008493,MIX Bánh Que Vị Ớt Cay 25g,Snack Khác,Bịch,0.0,9259.0,0.0,8123.306667,0.0,0.0,0.0,2025-11-08T00:00:00,2026-01-12T00:00:00,2026-02-28T00:00:00,2026-02-28T00:00:00,269,204,157,157,cd7f792a-8ef4-11f1-9b18-005056b2a5de,297dadb1-81ce-4dbd-802c-bde0d81fc5d3,c5954a39-8ef4-11f1-9b18-005056b2a5de,622
03__SKH__MIX__OCY__50,8858223008479,MIX Bánh Que Vị Ớt Cay 50g,Snack Khác,Bịch,0.0,23148.0,0.0,21759.017857,-1.0,0.0,-21759.017857,2025-11-21T00:00:00,2026-01-12T00:00:00,2026-03-17T00:00:00,2026-03-17T00:00:00,256,204,140,140,cd7e021d-8ef4-11f1-9b18-005056b2a5de,33a0aa0d-4651-4def-ae12-e5910f1eccfe,c5954a39-8ef4-11f1-9b18-005056b2a5de,623
MBQVOCH101,8858223025049,MIX Bánh Que Vị Ớt Cay Hũ 150g,,Hũ,0.0,55556.0,0.0,55556.0,4.0,138400.0,222224.0,2026-06-23T00:00:00,2026-06-23T00:00:00,2026-07-25T00:00:00,2026-07-25T00:00:00,42,42,10,10,cd7f91cf-8ef4-11f1-9b18-005056b2a5de,d52028a7-5276-42c0-b4de-b6c092b4c71a,c5954a39-8ef4-11f1-9b18-005056b2a5de,624
03__SKH__MIX__TXK__50,8858223012377,MIX Bánh Que Vị Thịt Xông Khói 50g,Snack Khác,Bịch,0.0,27778.0,0.0,26756.206897,1.0,15609.0,26756.206897,2025-11-21T00:00:00,2026-01-12T00:00:00,2026-03-20T00:00:00,2026-03-20T00:00:00,256,204,137,137,cd7fed33-8ef4-11f1-9b18-005056b2a5de,8947c35b-2cb2-4aef-b15e-2f257e5356f7,c5954a39-8ef4-11f1-9b18-005056b2a5de,625
MBQVTTH101,8858223025063,MIX Bánh Que Vị Truyền Thống Hũ 150g,,Hũ,0.0,55556.0,0.0,55556.0,3.0,103800.0,166668.0,2026-06-23T00:00:00,2026-06-23T00:00:00,2026-07-24T00:00:00,2026-07-24T00:00:00,42,42,11,11,cd7fc593-8ef4-11f1-9b18-005056b2a5de,233ab24e-98b7-403a-a220-ad38005f022d,c5954a39-8ef4-11f1-9b18-005056b2a5de,626
01__NTR__MOG__DAU__320,8850389103142,MOGU Nước Ép Vị Dâu 320ml,Nước Trái Cây,Chai,0.0,23636.0,0.0,23266.341772,5.0,365232.0,116331.70886,2025-11-14T00:00:00,2026-06-16T00:00:00,2026-08-02T00:00:00,2026-08-02T00:00:00,263,49,2,2,cd7eb033-8ef4-11f1-9b18-005056b2a5de,7c5203a1-34c3-4129-b923-ffeb3de00402,c5954a39-8ef4-11f1-9b18-005056b2a5de,627
01__NTR__MOG__DUS__320,8850389103173,MOGU Nước Ép Vị Dứa 320ml,Nước Trái Cây,Chai,0.0,24074.0,0.0,24074.0,7.0,106526.0,168518.0,2026-05-26T00:00:00,2026-05-26T00:00:00,2026-08-03T00:00:00,2026-08-03T00:00:00,70,70,1,1,cd806de5-8ef4-11f1-9b18-005056b2a5de,d7050d4a-da3e-4e2e-9b74-256f408b302a,c5954a39-8ef4-11f1-9b18-005056b2a5de,628
01__NTR__MOG__DUA__320,8850389106273,MOGU Nước Ép Vị Dừa 320ml,Nước Trái Cây,Chai,0.0,23636.0,0.0,22329.796875,0.0,0.0,0.0,2025-12-17T00:00:00,2026-03-01T00:00:00,2026-05-01T00:00:00,2026-05-01T00:00:00,230,156,95,95,cd7ed366-8ef4-11f1-9b18-005056b2a5de,def2ec22-f6c7-4173-8ec6-fcb1ca0dd729,c5954a39-8ef4-11f1-9b18-005056b2a5de,629
01__NTR__MOG__NHO__320,8850389103180,MOGU Nước Ép Vị Nho 320ml,Nước Trái Cây,Chai,0.0,23636.0,0.0,23650.666667,0.0,0.0,0.0,2025-12-18T00:00:00,2026-05-26T00:00:00,2026-07-03T00:00:00,2026-07-03T00:00:00,229,70,32,32,cd7f6eb9-8ef4-11f1-9b18-005056b2a5de,18e6af07-424c-4981-83d4-bedc0e1ffaaf,c5954a39-8ef4-11f1-9b18-005056b2a5de,630
01__NTR__MOG__OOI__320,8850389111376,MOGU Nước Ép Vị Ổi 320ml,Nước Trái Cây,Chai,0.0,24074.0,0.0,24074.0,0.0,0.0,0.0,2026-03-09T00:00:00,2026-03-09T00:00:00,2026-05-23T00:00:00,2026-05-23T00:00:00,148,148,73,73,cd806acc-8ef4-11f1-9b18-005056b2a5de,f07407ad-918c-45db-baf1-4d68a7e992d5,c5954a39-8ef4-11f1-9b18-005056b2a5de,631
01__NTR__MOG__TAO__320,8850389110980,MOGU Nước Ép Vị Táo 320ml,Nước Trái Cây,Chai,0.0,23636.0,0.0,23636.0,0.0,0.0,0.0,2025-12-18T00:00:00,2026-03-09T00:00:00,2026-02-26T00:00:00,2026-02-26T00:00:00,229,148,159,159,cd7e8013-8ef4-11f1-9b18-005056b2a5de,5a28dbab-e51d-49cb-85da-5e306e2a62ed,c5954a39-8ef4-11f1-9b18-005056b2a5de,632
01__NTR__MOG__VAI__320,8850389103159,MOGU Nước Ép Vị Vải 320ml,Nước Trái Cây,Chai,0.0,23636.0,0.0,23053.5,3.0,45654.0,69160.5,2025-11-16T00:00:00,2026-05-26T00:00:00,2026-07-16T00:00:00,2026-07-16T00:00:00,261,70,19,19,cd7f5578-8ef4-11f1-9b18-005056b2a5de,fad879c5-c3cc-4068-99a9-3acf64251778,c5954a39-8ef4-11f1-9b18-005056b2a5de,633
01__NTR__MOG__XOA__320,8850389103166,MOGU Nước Ép Vị Xoài 320ml,Nước Trái Cây,Chai,0.0,23636.5,0.0,23643.015873,14.0,456540.0,331002.222222,2025-12-18T00:00:00,2026-06-16T00:00:00,2026-08-02T00:00:00,2026-08-02T00:00:00,229,49,2,2,cd7e09f7-8ef4-11f1-9b18-005056b2a5de,91db77f3-b440-4ab9-8a1c-51260ff3e916,c5954a39-8ef4-11f1-9b18-005056b2a5de,634
03__CFG__NES__DDO__288,8934804051345,NESCAFE 3in1 Đỏ Vị Nguyên Bản Hộp 288g,Cà Phê Gói,Hộp,0.0,76852.0,0.0,76852.0,3.0,186000.0,230556.0,,,2026-07-19T00:00:00,2026-07-19T00:00:00,,,16,16,cd7ef7a4-8ef4-11f1-9b18-005056b2a5de,1eef0917-e16e-4920-a2b8-b2e91f49e893,c5954a39-8ef4-11f1-9b18-005056b2a5de,635
03__CFG__NES__KEM__288,8934804053646,NESCAFE 3in1 Vị Kem Sữa Hộp 288g,Cà Phê Gói,Hộp,0.0,67593.0,0.0,67593.0,3.0,165000.0,202779.0,,,2026-06-05T00:00:00,2026-06-05T00:00:00,,,60,60,cd7f020d-8ef4-11f1-9b18-005056b2a5de,28131e21-1d3a-4816-948c-ded31c5da348,c5954a39-8ef4-11f1-9b18-005056b2a5de,636
03__CFG__NES__XAH__288,8934804044385,NESCAFE 3in1 Xanh Vị Rang Đậm,Cà Phê Gói,Hộp,0.0,6481.5,0.0,8383.351351,-31.0,0.0,-259883.891881,,,2026-08-02T00:00:00,2026-08-02T00:00:00,,,2,2,cd7e5f98-8ef4-11f1-9b18-005056b2a5de,d32f3196-464a-4baf-ba09-65aa1383832a,c5954a39-8ef4-11f1-9b18-005056b2a5de,637
03__CFG__NES__DEN__240,8934804027388,NESCAFE Việt Đen Đá Hộp 240g (15 gói),Cà Phê Gói,Hộp,0.0,77778.0,0.0,77778.0,3.0,189600.0,233334.0,,,2026-01-10T00:00:00,2026-01-10T00:00:00,,,206,206,cd7fc6c0-8ef4-11f1-9b18-005056b2a5de,209b1d6b-1e41-4b72-9ad5-99ff02e90849,c5954a39-8ef4-11f1-9b18-005056b2a5de,638
03__KSO__NES__MLO__25,9556001222343,NESTLE Socola Viên Milo Gói 25g,Kẹo Socola,Bịch,0.0,30556.0,0.0,30555.777778,0.0,0.0,0.0,2026-04-05T00:00:00,2026-04-05T00:00:00,2026-06-01T00:00:00,2026-06-01T00:00:00,121,121,64,64,cd804c09-8ef4-11f1-9b18-005056b2a5de,f912206c-f5d1-48b7-8e29-dd1973a2daa4,c5954a39-8ef4-11f1-9b18-005056b2a5de,639
02__MIL__NIS__TYM__70,8936071070203,NISSIN Mì Ly Thái Tom Yum 70g,Mì Ly,Ly,0.0,18519.0,0.0,18518.9,0.0,0.0,0.0,,,2026-01-13T00:00:00,2026-01-13T00:00:00,,,203,203,cd7eca81-8ef4-11f1-9b18-005056b2a5de,8efda1f0-8b78-4a5c-96b7-686454155b2a,c5954a39-8ef4-11f1-9b18-005056b2a5de,640
06__DCN__NVA__AUR__30,8850029009353,NIVEA Kem Chống Nắng Aura 30ml,Chăm Sóc Da & Cơ Thể,Tuýp,0.0,111111.0,0.0,111111.0,4.0,416000.0,444444.0,2026-04-21T00:00:00,2026-04-21T00:00:00,2026-07-18T00:00:00,2026-07-18T00:00:00,105,105,17,17,cd7eab1f-8ef4-11f1-9b18-005056b2a5de,90afda76-ff34-4046-b4a5-8b303b2c914b,c5954a39-8ef4-11f1-9b18-005056b2a5de,641
06__DCN__NVA__CAE__30,8850029034522,NIVEA Kem Chống Nắng C&E 30ml,Chăm Sóc Da & Cơ Thể,Tuýp,0.0,111111.0,0.0,111111.0,6.0,624000.0,666666.0,2026-04-21T00:00:00,2026-04-21T00:00:00,2026-07-17T00:00:00,2026-07-17T00:00:00,105,105,18,18,cd7f40fd-8ef4-11f1-9b18-005056b2a5de,3fe70ff9-2f22-447d-831d-c4f3bfd1c9ef,c5954a39-8ef4-11f1-9b18-005056b2a5de,642
06__DLK__NVA__DRY__50,4005808178223,NIVEA Lăn Khử Mùi Dry Comfort 50ml,Chăm Sóc Da & Cơ Thể,Chai,0.0,69444.0,0.0,69444.0,0.0,0.0,0.0,,,2026-02-03T00:00:00,2026-02-03T00:00:00,,,182,182,cd7f0037-8ef4-11f1-9b18-005056b2a5de,45dabc5c-8f74-492e-9577-997283b285ec,c5954a39-8ef4-11f1-9b18-005056b2a5de,643
06__DLK__NVA__FRE__50,4005808837540,NIVEA Lăn Khử Mùi Fresh Energy 50ml,Chăm Sóc Da & Cơ Thể,Chai,0.0,74074.0,0.0,71193.222222,8.0,437098.0,569545.777776,2026-05-28T00:00:00,2026-07-17T00:00:00,2026-08-01T00:00:00,2026-08-01T00:00:00,68,18,3,3,cd7fa909-8ef4-11f1-9b18-005056b2a5de,0d5de16e-440a-4a03-8136-5fd8a4aa9ca4,c5954a39-8ef4-11f1-9b18-005056b2a5de,644
06__DLK__NVA__BNW__50,4005900036049;4005800376955;8850029004464,NIVEA Lăn Khử Mùi Nam Black & White 50ml,Chăm Sóc Da & Cơ Thể,Chai,0.0,92593.0,0.0,88734.666667,6.0,391200.0,532408.000002,2026-01-24T00:00:00,2026-06-10T00:00:00,2026-06-06T00:00:00,2026-06-06T00:00:00,192,55,59,59,cd7f02b2-8ef4-11f1-9b18-005056b2a5de,263880c2-eaab-419b-b0e6-90a052154b5b,c5954a39-8ef4-11f1-9b18-005056b2a5de,645
06__DLK__NVA__COO__1,4005900834751,NIVEA Lăn Khử Mùi Nam Cool Fresh,Chăm Sóc Da & Cơ Thể,Chai,0.0,83333.0,0.0,83333.0,3.0,182501.0,249999.0,2026-05-27T00:00:00,2026-05-27T00:00:00,2026-07-20T00:00:00,2026-07-20T00:00:00,69,69,15,15,cd7f124b-8ef4-11f1-9b18-005056b2a5de,99994196-93d2-4e0a-b6d2-d874ba678b20,c5954a39-8ef4-11f1-9b18-005056b2a5de,646
06__DLK__NVA__IMP__50,4005808298334,NIVEA Lăn Khử Mùi Nam Dry Impact 50ml,Chăm Sóc Da & Cơ Thể,Chai,0.0,74074.0,0.0,70215.666667,6.0,308812.0,421294.000002,2026-01-24T00:00:00,2026-05-27T00:00:00,2026-07-18T00:00:00,2026-07-18T00:00:00,192,69,17,17,cd7f1fdd-8ef4-11f1-9b18-005056b2a5de,f41db33c-0150-4cc0-a354-98887ee95af1,c5954a39-8ef4-11f1-9b18-005056b2a5de,647
06__DLK__NVM__BNW__50,4005900731425,NIVEA MEN Lăn Khử Mùi Black & White Invisible Ultimate 50ml,Chăm Sóc Da & Cơ Thể,Chai,0.0,87963.0,0.0,87037.0,0.0,0.0,0.0,,,2026-01-18T00:00:00,2026-01-18T00:00:00,,,198,198,cd7f2ec7-8ef4-11f1-9b18-005056b2a5de,2c17f5e9-30cc-4d32-8b89-c084870bdc6a,c5954a39-8ef4-11f1-9b18-005056b2a5de,648
06__DRM__NVM__ACN__100,4005808888382,NIVEA MEN Sữa Rửa Mặt Acne Oil Clear 100g,Chăm Sóc Da & Cơ Thể,Chai,0.0,78704.0,0.0,78703.888889,3.0,229064.0,236111.666667,2026-04-21T00:00:00,2026-04-21T00:00:00,2026-08-02T00:00:00,2026-08-02T00:00:00,105,105,2,2,cd7f9b4b-8ef4-11f1-9b18-005056b2a5de,d1f15302-0e56-4502-b96a-6fae2b2bb6f2,c5954a39-8ef4-11f1-9b18-005056b2a5de,649
06__DRM__NVM__BRI__100,4005808888696,NIVEA MEN Sữa Rửa Mặt Bright Oil Clear Foam 100g,Chăm Sóc Da & Cơ Thể,Chai,0.0,75926.0,0.0,75926.0,11.0,624952.0,835186.0,2026-01-24T00:00:00,2026-07-17T00:00:00,2026-07-29T00:00:00,2026-07-29T00:00:00,192,18,6,6,cd7e4c87-8ef4-11f1-9b18-005056b2a5de,aa696d79-aaa2-4338-a1be-f24a7f53b69e,c5954a39-8ef4-11f1-9b18-005056b2a5de,650
06__DXK__NVM__DRY__150,4005808300198,NIVEA MEN Xịt Khử Mùi Dry Impact 150ml,Chăm Sóc Da & Cơ Thể,Chai,0.0,111111.0,0.0,111111.0,16.0,1235224.0,1777776.0,2026-06-25T00:00:00,2026-07-17T00:00:00,2026-08-02T00:00:00,2026-08-02T00:00:00,40,18,2,2,cd7f863e-8ef4-11f1-9b18-005056b2a5de,ad641668-f2be-41ee-bd73-80f507d4ca57,c5954a39-8ef4-11f1-9b18-005056b2a5de,651
06__DXK__NVM__BAW__150,4005900731418,NIVEA MEN Xịt Khử Mùi Ultimate Impact 150ml,Chăm Sóc Da & Cơ Thể,Chai,0.0,120370.0,0.0,118518.25,0.0,0.0,0.0,,,2026-07-26T00:00:00,2026-07-26T00:00:00,,,9,9,cd7f1b31-8ef4-11f1-9b18-005056b2a5de,c001e4b7-3873-4238-b9d4-543297a36070,c5954a39-8ef4-11f1-9b18-005056b2a5de,652
06__DTT__NVA__SDA__200,8850029010656,NIVEA Nước Tẩy Trang Sáng Da 200ml,Chăm Sóc Da & Cơ Thể,Chai,0.0,106481.0,0.0,103213.470588,6.0,468651.0,619280.823528,2026-03-26T00:00:00,2026-06-25T00:00:00,2026-08-02T00:00:00,2026-08-02T00:00:00,131,40,2,2,cd7f0187-8ef4-11f1-9b18-005056b2a5de,f0d9f1c2-7c25-472f-8d30-912264b7f8c1,c5954a39-8ef4-11f1-9b18-005056b2a5de,653
06__DSO__NVM__DAO__1,4005808519699,NIVEA Son Dưỡng Ẩm Đào,Chăm Sóc Da & Cơ Thể,Chai,0.0,69444.0,0.0,69444.0,7.0,356890.0,486108.0,2026-01-24T00:00:00,2026-05-06T00:00:00,2026-07-25T00:00:00,2026-07-25T00:00:00,192,90,10,10,cd7f083f-8ef4-11f1-9b18-005056b2a5de,ac6cc354-922b-4a1a-acc3-d15987c4a899,c5954a39-8ef4-11f1-9b18-005056b2a5de,654
06__DSO__NVM__DAU__1,8850029850726,NIVEA Son Dưỡng Ẩm Dâu,Chăm Sóc Da & Cơ Thể,Cái,0.0,69444.0,0.0,69444.0,1.0,50165.0,69444.0,2026-05-06T00:00:00,2026-05-06T00:00:00,2026-08-02T00:00:00,2026-08-02T00:00:00,90,90,2,2,cd8038e4-8ef4-11f1-9b18-005056b2a5de,568b7130-2417-4d7a-8748-338d9f0e4333,c5954a39-8ef4-11f1-9b18-005056b2a5de,655
06__DSO__NVM__TNN__1,8850029850009,NIVEA Son Dưỡng Ẩm Tự Nhiên,Chăm Sóc Da & Cơ Thể,Chai,0.0,69444.0,0.0,69444.0,13.0,656599.0,902772.0,2026-01-24T00:00:00,2026-07-17T00:00:00,2026-07-23T00:00:00,2026-07-23T00:00:00,192,18,12,12,cd7f1845-8ef4-11f1-9b18-005056b2a5de,4e752dd3-af8f-4015-bcac-a52d2b815b79,c5954a39-8ef4-11f1-9b18-005056b2a5de,656
06__DDM__NVA__SBD__200,4005900926081,NIVEA Sữa Dưỡng Thể Dưỡng Sáng Ban Đêm 200ml,Chăm Sóc Da & Cơ Thể,Chai,0.0,87963.0,0.0,87963.0,5.0,332700.0,439815.0,2026-05-06T00:00:00,2026-05-06T00:00:00,2026-06-05T00:00:00,2026-06-05T00:00:00,90,90,60,60,cd80607e-8ef4-11f1-9b18-005056b2a5de,d823d1a0-f474-4d52-b715-13370e9574df,c5954a39-8ef4-11f1-9b18-005056b2a5de,657
06__DDM__NVA__CNG__200,4005900438928,NIVEA Sữa Dưỡng Thể Sáng Da Phục Hồi & Chống Nắng 200ml,Chăm Sóc Da & Cơ Thể,Chai,0.0,97222.0,0.0,92592.5,12.0,798980.0,1111110.0,2026-06-25T00:00:00,2026-06-25T00:00:00,2026-06-22T00:00:00,2026-06-22T00:00:00,40,40,43,43,cd804fb9-8ef4-11f1-9b18-005056b2a5de,effc228d-9cb1-4b06-bffd-e9f2ae92feb9,c5954a39-8ef4-11f1-9b18-005056b2a5de,658
06__DRM__NVA__ACN__90,8850029036410,NIVEA Sữa Rửa Mặt Acne Care 90ml,Chăm Sóc Da & Cơ Thể,Chai,0.0,83333.0,0.0,79217.888889,4.0,222000.0,316871.555556,2026-03-26T00:00:00,2026-06-25T00:00:00,2026-07-28T00:00:00,2026-07-28T00:00:00,131,40,7,7,cd7eebec-8ef4-11f1-9b18-005056b2a5de,6bc9bdfc-6fc5-4d66-a717-79c20f035bc4,c5954a39-8ef4-11f1-9b18-005056b2a5de,659
06__DRM__NVA__DSA__100,4005900747891,NIVEA Sữa Rửa Mặt Ngọc Trai Dưỡng Sáng 100g,Chăm Sóc Da & Cơ Thể,Chai,0.0,83333.0,0.0,73919.388889,4.0,207088.0,295677.555556,2026-01-24T00:00:00,2026-06-25T00:00:00,2026-07-18T00:00:00,2026-07-18T00:00:00,192,40,17,17,cd7fca48-8ef4-11f1-9b18-005056b2a5de,1123630f-eb59-43e2-a5c2-6f717d951194,c5954a39-8ef4-11f1-9b18-005056b2a5de,660
02__MIL__NSM__SHN__68,031146270606,NONGSHIM Mì Ly Shin 68g,Mì Ly,Ly,0.0,23148.0,0.0,23148.012658,17.0,376747.0,393516.215186,2025-11-27T00:00:00,2026-07-24T00:00:00,2026-08-02T00:00:00,2026-08-02T00:00:00,250,11,2,2,cd7e97ee-8ef4-11f1-9b18-005056b2a5de,0c3a7776-5245-42d1-9317-ddd179fd5c92,c5954a39-8ef4-11f1-9b18-005056b2a5de,661
02__MIL__NSM__SHN,31146270606,NONGSHIM Mì Ly Shin 68g,Mì Ly,Ly,0.0,32407.0,0.0,32407.0,1.0,28000.0,32407.0,,,2025-11-26T00:00:00,2025-11-26T00:00:00,,,251,251,cd7f7ce4-8ef4-11f1-9b18-005056b2a5de,6c49e1e9-44af-491f-87f8-4ed91ab9b64c,c5954a39-8ef4-11f1-9b18-005056b2a5de,662
02__MIL__NSM__RED__68,8801043049566,NONGSHIM Mì Ly Shin Red Super 68g,Mì Ly,Ly,0.0,27778.0,0.0,25538.745455,27.0,451656.0,689546.127285,2025-11-27T00:00:00,2026-07-24T00:00:00,2026-08-01T00:00:00,2026-08-01T00:00:00,250,11,3,3,cd7f4ea3-8ef4-11f1-9b18-005056b2a5de,1cf9860c-f261-4a58-a6ea-ae675dcb2ba3,c5954a39-8ef4-11f1-9b18-005056b2a5de,663
02__MTO__NSM__CHA__123,8801043016049,NONGSHIM Mì Tô CHAPAGETI 123g,Mì Tô,Tô,0.0,37037.0,0.0,37037.0,0.0,0.0,0.0,2025-11-21T00:00:00,2025-11-21T00:00:00,2025-12-16T00:00:00,2025-12-16T00:00:00,256,256,231,231,cd7feaac-8ef4-11f1-9b18-005056b2a5de,de117559-b841-4331-a200-360237a35fda,c5954a39-8ef4-11f1-9b18-005056b2a5de,664
02__MTO__NSM__HOT__100,8801043055604,NONGSHIM Mì Tô Hot & Spicy 100g,Mì Tô,Tô,0.0,35185.0,0.0,32420.742857,14.0,291842.0,453890.399998,2025-11-27T00:00:00,2026-07-24T00:00:00,2026-08-02T00:00:00,2026-08-02T00:00:00,250,11,2,2,cd7fb15f-8ef4-11f1-9b18-005056b2a5de,cf96d0d8-04ee-4a6b-b31b-b45de24a9caf,c5954a39-8ef4-11f1-9b18-005056b2a5de,665
02__MTO__NSM__MDO__114,031146254903,NONGSHIM Mì Tô Shin 114g,Mì Tô,Tô,0.0,37037.0,0.0,37153.792793,4.0,597200.0,148615.171172,2025-11-01T00:00:00,2026-07-24T00:00:00,2026-08-02T00:00:00,2026-08-02T00:00:00,276,11,2,2,cd7e3683-8ef4-11f1-9b18-005056b2a5de,3dbc9a33-7978-4b42-8117-87153c81692e,c5954a39-8ef4-11f1-9b18-005056b2a5de,666
02__MTO__NSM__CHI__100,8801043055659,NONGSHIM Mì Tô Spicy Chicken Flavour 100g,Mì Tô,Tô,0.0,35185.0,0.0,32549.938462,19.0,501552.0,618448.830778,2025-11-27T00:00:00,2026-07-24T00:00:00,2026-07-31T00:00:00,2026-07-31T00:00:00,250,11,4,4,cd7def71-8ef4-11f1-9b18-005056b2a5de,9546c28c-14ae-4f00-94e1-05fef41678d3,c5954a39-8ef4-11f1-9b18-005056b2a5de,667
03__SRO__OFO__BBQ__5,8935304205504,OFOOD Lá Kim Vị BBQ 5g,Snack Rong Biển,Gói,0.0,14815.0,0.0,14478.272727,48.0,411793.0,694957.090896,2026-06-16T00:00:00,2026-07-27T00:00:00,2026-08-01T00:00:00,2026-08-01T00:00:00,49,8,3,3,cd7efb84-8ef4-11f1-9b18-005056b2a5de,93228b04-35c4-43cf-847d-7b62c74a7f5b,c5954a39-8ef4-11f1-9b18-005056b2a5de,668
03__SRO__OFO__CAY__5,8935304205535,OFOOD Lá Kim Vị BBQ Cay 5g,Snack Rong Biển,Gói,0.0,14815.0,0.0,14815.0,74.0,615636.0,1096310.0,2026-06-16T00:00:00,2026-07-08T00:00:00,2026-07-29T00:00:00,2026-07-29T00:00:00,49,27,6,6,cd7ef45d-8ef4-11f1-9b18-005056b2a5de,8e971ae8-cb20-48f5-81fe-2d293960b306,c5954a39-8ef4-11f1-9b18-005056b2a5de,669
03__SRO__OFO__PMI__5,8935304205566,OFOOD Lá Kim Vị Phô Mai 5g,Snack Rong Biển,Gói,0.0,14815.0,0.0,14537.2,48.0,394449.0,697785.6,2026-06-16T00:00:00,2026-07-27T00:00:00,2026-08-02T00:00:00,2026-08-02T00:00:00,49,8,2,2,cd7e833e-8ef4-11f1-9b18-005056b2a5de,75bfb663-00a0-4d17-aa3c-437140edad8d,c5954a39-8ef4-11f1-9b18-005056b2a5de,670
03__SRO__OFO__GIO__40,8935304200240,OFOOD Rong Biển Giòn Trộn Gia Vị Gói 40g,Snack Rong Biển,Gói,0.0,35185.0,0.0,35107.854167,14.0,404048.0,491509.958338,2026-01-10T00:00:00,2026-07-08T00:00:00,2026-08-01T00:00:00,2026-08-01T00:00:00,206,27,3,3,cd7e998a-8ef4-11f1-9b18-005056b2a5de,ed84d8f2-1b89-49d0-8c73-54a3c2a6fa79,c5954a39-8ef4-11f1-9b18-005056b2a5de,671
03__SRO__OFO__KGA__40,8935304200769,OFOOD Rong Biển Giòn Trộn Khô Gà Gói 40g,Snack Rong Biển,Gói,0.0,35185.0,0.0,35058.727273,18.0,512665.0,631057.090914,2025-11-09T00:00:00,2026-07-08T00:00:00,2026-08-01T00:00:00,2026-08-01T00:00:00,268,27,3,3,cd7d828d-8ef4-11f1-9b18-005056b2a5de,69796506-85f4-4b9b-aeb0-5b9d3e382ab1,c5954a39-8ef4-11f1-9b18-005056b2a5de,672
05__GXT__OFO__CAH__50,8801052008226,OFOOD Rong Biển Hàn Quốc Nấu Canh Gói 50g,Gia Vị Nhà Bếp,Gói,0.0,50926.0,0.0,50926.0,9.0,358200.0,458334.0,,,2026-02-20T00:00:00,2026-02-20T00:00:00,,,165,165,cd8071b8-8ef4-11f1-9b18-005056b2a5de,c118c805-b03d-4d0b-9fec-9ca6bb198712,c5954a39-8ef4-11f1-9b18-005056b2a5de,673
03__SRO__OFO__OLI__12,8935304202404,OFOOD Rong Biển Lá Kim Tẩm Dầu Ô Liu 4g,Snack Rong Biển,Gói,0.0,11111.0,0.0,9266.966387,14.0,768000.0,129737.529418,2025-11-04T00:00:00,2026-06-12T00:00:00,2026-08-02T00:00:00,2026-08-02T00:00:00,273,53,2,2,cd7e1fb1-8ef4-11f1-9b18-005056b2a5de,dc3bb962-d1fc-4109-8d32-5bf575bf269c,c5954a39-8ef4-11f1-9b18-005056b2a5de,674
03__SRO__OFO__TEM__15,8935304201803,OFOOD Rong Biển Lá Kim Trẻ Em,Snack Rong Biển,Gói,0.0,11111.0,0.0,9765.700855,1.0,7421.0,9765.700855,2025-11-09T00:00:00,2026-02-10T00:00:00,2026-06-17T00:00:00,2026-06-17T00:00:00,268,175,48,48,cd7e6617-8ef4-11f1-9b18-005056b2a5de,d562d599-a852-4b9f-8eac-97ef6588db6b,c5954a39-8ef4-11f1-9b18-005056b2a5de,675
03__SRO__OFO__MUC__6,8935304202596,OFOOD Snack Rong Biển Cuộn Nướng Vị Mực Gói 6g,Snack Rong Biển,Gói,0.0,13889.0,0.0,13055.6,0.0,0.0,0.0,2025-11-09T00:00:00,2025-11-09T00:00:00,2025-11-14T00:00:00,2025-11-14T00:00:00,268,268,263,263,cd801900-8ef4-11f1-9b18-005056b2a5de,deef6723-9127-4ff2-a048-7071c99cf10d,c5954a39-8ef4-11f1-9b18-005056b2a5de,676
03__SRO__OFO__PMI__6,8935304202626,OFOOD Snack Rong Biển Cuộn Nướng Vị Phô Mai Gói 6g,Snack Rong Biển,Gói,0.0,16667.0,0.0,14622.336,44.0,835995.0,643382.784,2025-11-04T00:00:00,2026-06-12T00:00:00,2026-08-02T00:00:00,2026-08-02T00:00:00,273,53,2,2,cd7f8b81-8ef4-11f1-9b18-005056b2a5de,ca547973-e8ba-4028-9368-5e9a243bfd5e,c5954a39-8ef4-11f1-9b18-005056b2a5de,677
03__SRO__OFO__TTG__6,8935304202657,OFOOD Snack Rong Biển Cuộn Nướng Vị Truyền Thống 6g,Snack Rong Biển,Gói,0.0,16667.0,0.0,15066.867257,50.0,524819.0,753343.36285,2025-11-04T00:00:00,2026-07-27T00:00:00,2026-07-27T00:00:00,2026-07-27T00:00:00,273,8,8,8,cd7e42df-8ef4-11f1-9b18-005056b2a5de,8b9cce75-1ee8-426a-8706-9f9b8c03edc2,c5954a39-8ef4-11f1-9b18-005056b2a5de,678
02__TOG__OFO__PMI__140,8935304200165,OFOOD Tokpokki Hàn Quốc Vị Phô Mai Gói 140g,Tokpokki Gói,Gói,0.0,30556.0,0.0,30093.0,0.0,0.0,0.0,,,2025-11-07T00:00:00,2025-11-07T00:00:00,,,270,270,cd8014b9-8ef4-11f1-9b18-005056b2a5de,4509ea94-7df7-4bc9-8071-505edb63f3ae,c5954a39-8ef4-11f1-9b18-005056b2a5de,679
02__TOL__OFO__PMI__105,8935304200141,OFOOD Tokpokki Hàn Quốc Vị Phô Mai Ly 105g,Tokpokki Ly,Hộp,0.0,36111.0,4549.763033,29134.94709,24.0,549735.0,699238.73016,2025-11-04T00:00:00,2026-07-27T00:00:00,2026-08-02T00:00:00,2026-08-02T00:00:00,273,8,2,2,cd7dc0ef-8ef4-11f1-9b18-005056b2a5de,48c8f143-171b-4f4b-9d27-831e75c322f8,c5954a39-8ef4-11f1-9b18-005056b2a5de,680
02__TOG__OFO__TTG__140,8935304200158,OFOOD Tokpokki Hàn Quốc Vị Truyền Thống Gói 140g,Tokpokki Gói,Gói,0.0,34259.0,0.0,30350.0,0.0,0.0,0.0,2025-11-14T00:00:00,2025-11-14T00:00:00,2025-12-05T00:00:00,2025-12-05T00:00:00,263,263,242,242,cd801865-8ef4-11f1-9b18-005056b2a5de,74a8631d-7e26-4364-a6c1-fdb96fcf325d,c5954a39-8ef4-11f1-9b18-005056b2a5de,681
02__TOL__OFO__TTG__105,8935304200134,OFOOD Tokpokki Hàn Quốc Vị Truyền Thống Ly 105g,Tokpokki Ly,Hộp,0.0,36111.0,0.0,29919.05625,32.0,686138.0,957409.8,2025-11-04T00:00:00,2026-07-27T00:00:00,2026-08-02T00:00:00,2026-08-02T00:00:00,273,8,2,2,cd7dce57-8ef4-11f1-9b18-005056b2a5de,a5fe4c31-343c-473e-b247-64bbdcd85e9b,c5954a39-8ef4-11f1-9b18-005056b2a5de,682
02__XXH__OFO__PMI__62,8935101607891,OFOOD Xúc Xích Xốt Phô Mai Hũ 62g,Xúc Xích,Hũ,0.0,12963.0,0.0,12963.0,3.0,56000.0,38889.0,2026-06-16T00:00:00,2026-07-18T00:00:00,2026-08-02T00:00:00,2026-08-02T00:00:00,49,17,2,2,cd7ed40a-8ef4-11f1-9b18-005056b2a5de,df7f0252-1179-4e6a-961b-4cae32faae76,c5954a39-8ef4-11f1-9b18-005056b2a5de,683
02__XXH__OFO__SPA__62,8935101607976,OFOOD Xúc Xích Xốt Spaghetti Hũ 62g,Xúc Xích,Hũ,0.0,12963.0,0.0,12963.0,0.0,63000.0,0.0,2026-06-16T00:00:00,2026-07-08T00:00:00,2026-07-08T00:00:00,2026-07-08T00:00:00,49,27,27,27,cd7ebd23-8ef4-11f1-9b18-005056b2a5de,883951a0-8e2b-4720-84d2-2299db405fba,c5954a39-8ef4-11f1-9b18-005056b2a5de,684
02__XXH__OFO__TOK__62,8935101607990,OFOOD Xúc Xích Xốt Tokpokki Hũ 62g,Xúc Xích,Hũ,0.0,12963.0,0.0,12963.0,0.0,77000.0,0.0,2026-06-16T00:00:00,2026-07-08T00:00:00,2026-07-08T00:00:00,2026-07-08T00:00:00,49,27,27,27,cd7f6b15-8ef4-11f1-9b18-005056b2a5de,c1bf49c8-f85d-4f14-89e0-3533a4331d30,c5954a39-8ef4-11f1-9b18-005056b2a5de,685
03__SBN__OIS__BNB__68,8934803070446,OISHI Snack Bắp 4 Lớp Vị Bắp Nướng Bơ 68g,Snack Bắp,Bịch,0.0,13889.0,0.0,13889.0,33.0,247373.0,458337.0,2026-01-24T00:00:00,2026-06-29T00:00:00,2026-06-24T00:00:00,2026-06-24T00:00:00,192,36,41,41,cd7ea549-8ef4-11f1-9b18-005056b2a5de,43ddc705-829d-46ee-959e-50afd49729a7,c5954a39-8ef4-11f1-9b18-005056b2a5de,686
03__SBN__OIS__PMI__68,8934803070439,OISHI Snack Bắp 4 Lớp Vị Phô Mai 68g,Snack Bắp,Chiếc,0.0,13889.0,0.0,13889.0,-28.0,0.0,-388892.0,,,2026-07-31T00:00:00,2026-07-31T00:00:00,,,4,4,cd7ebbe1-8ef4-11f1-9b18-005056b2a5de,f8d0c6de-0a16-4823-b609-155d930f2659,c5954a39-8ef4-11f1-9b18-005056b2a5de,687
03__SBN__OIS__CAY__68,8934803046205,OISHI Snack Bắp 4 Lớp Vị Sriracha Vị Cay 68g,Snack Bắp,Bịch,0.0,13889.0,0.0,13889.0,6.0,37000.0,83334.0,2026-01-24T00:00:00,2026-07-10T00:00:00,2026-08-03T00:00:00,2026-08-03T00:00:00,192,25,1,1,cd7e2537-8ef4-11f1-9b18-005056b2a5de,116ffb44-c709-46a7-a059-f01ed6955282,c5954a39-8ef4-11f1-9b18-005056b2a5de,688
03__SBN__OIS__BCH__68,8934803026078,OISHI Snack Bắp Ngọt 68g,Snack Bắp,Bịch,0.0,13889.0,0.0,13962.560748,3.0,192232.0,41887.682244,2025-11-20T00:00:00,2026-07-10T00:00:00,2026-08-02T00:00:00,2026-08-02T00:00:00,257,25,2,2,cd7e3b0e-8ef4-11f1-9b18-005056b2a5de,dd07c28d-ce4e-450f-902e-717e3acc2ccd,c5954a39-8ef4-11f1-9b18-005056b2a5de,689
03__SBN__OIS__BPM__1,8934803042818,OISHI Snack Bắp Vị Phô Mai,Snack Bắp,Bịch,0.0,13889.0,0.0,13889.0,3.0,148000.0,41667.0,2026-01-24T00:00:00,2026-07-10T00:00:00,2026-07-28T00:00:00,2026-07-28T00:00:00,192,25,7,7,cd7e70e4-8ef4-11f1-9b18-005056b2a5de,2baefa17-8766-4731-b3dc-5804518504ca,c5954a39-8ef4-11f1-9b18-005056b2a5de,690
03__SKH__OIS__BDO__68,8934803012880,OISHI Snack Bí Đỏ 68g,Snack Khác,Bịch,0.0,13889.0,0.0,14065.824121,1.0,30525.0,14065.824121,2025-11-13T00:00:00,2026-06-29T00:00:00,2026-07-08T00:00:00,2026-07-08T00:00:00,264,36,27,27,cd7d7a98-8ef4-11f1-9b18-005056b2a5de,443f2e50-e184-4aba-aa96-6a452161f2de,c5954a39-8ef4-11f1-9b18-005056b2a5de,691
03__SKH__OIS__CUA__68,8934803042283,OISHI Snack Cua Vị Xốt Chua Ngọt 68g,Snack Khác,Bịch,0.0,13889.0,0.0,13889.0,-12.0,0.0,-166668.0,2026-04-10T00:00:00,2026-04-10T00:00:00,2026-05-09T00:00:00,2026-05-09T00:00:00,116,116,87,87,cd8048cb-8ef4-11f1-9b18-005056b2a5de,76604878-6041-4d6e-9513-2acd90ef7e09,c5954a39-8ef4-11f1-9b18-005056b2a5de,692
03__SKH__OIS__MUC_68,8934803024814,OISHI Snack Mực Indo 68g,Snack Khác,Bịch,0.0,13889.0,0.0,13933.519231,25.0,129005.0,348337.980775,2025-11-20T00:00:00,2026-07-10T00:00:00,2026-08-01T00:00:00,2026-08-01T00:00:00,257,25,3,3,cd7db28b-8ef4-11f1-9b18-005056b2a5de,07156cfd-e8ba-4bb0-83fb-f4f5146ad26a,c5954a39-8ef4-11f1-9b18-005056b2a5de,693
03__SKH__OIS__ZMA__75,8934803041521,OISHI Snack Nhúng Matcha Túi Zip 75g,Snack Khác,Bịch,0.0,14815.0,0.0,14640.273585,18.0,137461.0,263524.92453,2026-01-24T00:00:00,2026-07-10T00:00:00,2026-08-01T00:00:00,2026-08-01T00:00:00,192,25,3,3,cd7d88c5-8ef4-11f1-9b18-005056b2a5de,4b648c80-325d-4080-b67c-86ac9d4382ce,c5954a39-8ef4-11f1-9b18-005056b2a5de,694
03__SKH__OIS__ZSO__75,8934803042337,OISHI Snack Nhúng Socola Túi Zip 75g,Snack Khác,Bịch,0.0,14815.0,0.0,14640.792079,16.0,165592.0,234252.673264,2026-01-24T00:00:00,2026-07-10T00:00:00,2026-08-02T00:00:00,2026-08-02T00:00:00,192,25,2,2,cd7e30fa-8ef4-11f1-9b18-005056b2a5de,1cdf8027-a80a-440b-9a7f-9210819c3d49,c5954a39-8ef4-11f1-9b18-005056b2a5de,695
03__SKH__OIS__PMI__68,8934803026122,OISHI Snack Phô Mai Miếng 68g,Snack Khác,Bịch,0.0,14815.0,0.0,14434.113208,4.0,117610.0,57736.452832,2025-11-20T00:00:00,2026-07-10T00:00:00,2026-08-03T00:00:00,2026-08-03T00:00:00,257,25,1,1,cd7db854-8ef4-11f1-9b18-005056b2a5de,9110e59d-158f-42d2-b980-b7e8fb8ea308,c5954a39-8ef4-11f1-9b18-005056b2a5de,696
OSPNCDCPTZ701,8934803052053,OISHI Snack Pillows Nhân Cốt Dừa Cà Phê Túi Zip 75g,Snack Khác,Bịch,0.0,14815.0,0.0,14815.0,14.0,0.0,207410.0,2026-07-10T00:00:00,2026-07-10T00:00:00,2026-08-02T00:00:00,2026-08-02T00:00:00,25,25,2,2,cd7fa85a-8ef4-11f1-9b18-005056b2a5de,733ed8cd-e3ed-4bb9-bc0f-125f40c5de36,c5954a39-8ef4-11f1-9b18-005056b2a5de,697
03__SKH__OIS__ZSO__80,8934803043891,OISHI Snack Pillows Nhân Socola Túi Zip 80g,Snack Khác,Bịch,0.0,14815.0,0.0,14596.5,12.0,426670.0,175158.0,2026-01-24T00:00:00,2026-07-10T00:00:00,2026-08-02T00:00:00,2026-08-02T00:00:00,192,25,2,2,cd7e44d9-8ef4-11f1-9b18-005056b2a5de,2298425c-e686-464b-8258-5745aa141f11,c5954a39-8ef4-11f1-9b18-005056b2a5de,698
03__SKH__OIS__ZCV__80,8934803054590,OISHI Snack Pillows Nhân Socola Vị Cookies và Vani Túi Zip 80g,Snack Khác,Bịch,0.0,14815.0,0.0,14629.8,18.0,319590.0,263336.4,2026-01-24T00:00:00,2026-07-10T00:00:00,2026-08-02T00:00:00,2026-08-02T00:00:00,192,25,2,2,cd7e7ad8-8ef4-11f1-9b18-005056b2a5de,9480a41c-ad89-4027-a3ec-e43150eeaf49,c5954a39-8ef4-11f1-9b18-005056b2a5de,699
03__SKH__OIS__ZHA__80,8934803071108,OISHI Snack Pillows Nhân Socola Vị Hazelnut Túi Zip 80g,Snack Khác,Bịch,0.0,14815.0,0.0,14710.955056,21.0,295999.0,308930.056176,2026-01-24T00:00:00,2026-07-10T00:00:00,2026-08-03T00:00:00,2026-08-03T00:00:00,192,25,1,1,cd7e2dc5-8ef4-11f1-9b18-005056b2a5de,94865658-ab4c-4deb-9fb7-e19b4c85a3c2,c5954a39-8ef4-11f1-9b18-005056b2a5de,700
03__SKH__OIS__ZKM__80,8934803071160,OISHI Snack Pillows Nhân Socola Vị Khoai Môn Túi Zip 80g,Snack Khác,Bịch,0.0,14815.0,0.0,14629.8,32.0,350688.0,468153.6,2026-01-24T00:00:00,2026-07-10T00:00:00,2026-07-28T00:00:00,2026-07-28T00:00:00,192,25,7,7,cd7e3722-8ef4-11f1-9b18-005056b2a5de,174a28f6-3444-4aee-8ce9-da1abae8566d,c5954a39-8ef4-11f1-9b18-005056b2a5de,701
03__SKH__OIS__ZSD__80,8934803044171,OISHI Snack Pillows Nhân Socola Vị Sữa Dừa Túi Zip 80g,Snack Khác,Bịch,0.0,14815.0,0.0,14600.439024,19.0,248000.0,277408.341456,2026-01-24T00:00:00,2026-07-10T00:00:00,2026-08-03T00:00:00,2026-08-03T00:00:00,192,25,1,1,cd7e5773-8ef4-11f1-9b18-005056b2a5de,da897518-fae0-42f6-956a-52bf26667b78,c5954a39-8ef4-11f1-9b18-005056b2a5de,702
03__SKH__OIS__TCY__68,8934803012255,OISHI Snack Tôm Cay 68g,Snack Khác,Bịch,0.0,14815.0,0.0,14547.415584,0.0,0.0,0.0,2025-11-13T00:00:00,2026-07-10T00:00:00,2026-08-02T00:00:00,2026-08-02T00:00:00,264,25,2,2,cd7e2186-8ef4-11f1-9b18-005056b2a5de,04c51890-696f-4601-a550-015702630fff,c5954a39-8ef4-11f1-9b18-005056b2a5de,703
03__SKH__OIS__DBT__68,8934803042276,OISHI Snack Tôm Cay Đặc Biệt 68g,Snack Khác,Bịch,0.0,13889.0,0.0,13889.0,30.0,222000.0,416670.0,2025-11-20T00:00:00,2026-07-10T00:00:00,2026-07-30T00:00:00,2026-07-30T00:00:00,257,25,5,5,cd7e1e6a-8ef4-11f1-9b18-005056b2a5de,71e54049-a026-4e51-87c1-ef12c61a956b,c5954a39-8ef4-11f1-9b18-005056b2a5de,704
03__SKH__OIS__ZTC__65,8934803071085,OISHI Snack Tôm Cay Nồng Túi Zip 65g,Snack Khác,Bịch,0.0,14815.0,0.0,14579.038462,1.0,239996.0,14579.038462,2026-01-24T00:00:00,2026-07-10T00:00:00,2026-08-02T00:00:00,2026-08-02T00:00:00,192,25,2,2,cd7d7eb5-8ef4-11f1-9b18-005056b2a5de,0c1173d1-e75c-4e9a-b8ab-8007fbbb71c2,c5954a39-8ef4-11f1-9b18-005056b2a5de,705
03__SKH__OIS__MUC__68,8934803070187,OISHI Snack Tôm Vị Mực Nướng Muối Ớt 68g,Snack Khác,Bịch,0.0,13889.0,0.0,13889.0,3.0,21230.0,41667.0,2025-11-20T00:00:00,2026-03-07T00:00:00,2026-04-01T00:00:00,2026-04-01T00:00:00,257,150,125,125,cd7f79d2-8ef4-11f1-9b18-005056b2a5de,2a8a70f1-94f4-45ab-979f-0dd78d73b767,c5954a39-8ef4-11f1-9b18-005056b2a5de,706
03__SKH__OIS__ZMO__70,8934803071337,OISHI Snack Tôm Xốt Tương Mật Ong Túi Zip 70g,Snack Khác,Bịch,0.0,14815.0,0.0,14615.721519,9.0,265099.0,131541.493671,2026-01-24T00:00:00,2026-07-10T00:00:00,2026-08-02T00:00:00,2026-08-02T00:00:00,192,25,2,2,cd7d7701-8ef4-11f1-9b18-005056b2a5de,0d20a05d-ee1c-4db7-824a-e424f5c96adc,c5954a39-8ef4-11f1-9b18-005056b2a5de,707
03__SKH__OIS__VMC__68,8934803070064,OISHI Snack Viên Vị Mực Cay 68g,Snack Khác,Bịch,0.0,13889.0,0.0,13889.0,19.0,207200.0,263891.0,2026-01-24T00:00:00,2026-07-10T00:00:00,2026-08-02T00:00:00,2026-08-02T00:00:00,192,25,2,2,cd7d81cb-8ef4-11f1-9b18-005056b2a5de,ec04bcb6-29f4-4b76-9b7c-cf1731225ab7,c5954a39-8ef4-11f1-9b18-005056b2a5de,708
03__SKH__OIS__VTA__68,8934803070071,OISHI Snack Viên Vị Takoyaki Nhật Bản 68g,Snack Khác,Bịch,0.0,13889.0,0.0,13889.0,15.0,273392.0,208335.0,2026-01-24T00:00:00,2026-07-10T00:00:00,2026-08-02T00:00:00,2026-08-02T00:00:00,192,25,2,2,cd7dbf82-8ef4-11f1-9b18-005056b2a5de,fd18a464-f530-4323-9a0e-1053da87c106,c5954a39-8ef4-11f1-9b18-005056b2a5de,709
03__SKH__OIS__ZTB__65,58934588843115,OISHI Snack Xoắn Vị Tôm Xốt Bơ Tỏi Túi Zip 65g,Snack Khác,Bịch,0.0,14815.0,0.0,14815.0,0.0,0.0,0.0,2026-05-18T00:00:00,2026-05-18T00:00:00,2026-05-26T00:00:00,2026-05-26T00:00:00,78,78,70,70,cd806d38-8ef4-11f1-9b18-005056b2a5de,bd992bb8-e04e-40b1-b9e9-7b76f2fba5ad,c5954a39-8ef4-11f1-9b18-005056b2a5de,710
03__SKH__OIS__ZTM__65,8934803011364,OISHI Snack Xoắn Vị Xốt Trứng Muối Túi Zip 65g,Snack Khác,Bịch,0.0,14815.0,0.0,14760.529412,9.0,67375.0,132844.764708,2026-01-24T00:00:00,2026-06-29T00:00:00,2026-08-02T00:00:00,2026-08-02T00:00:00,192,36,2,2,cd7db790-8ef4-11f1-9b18-005056b2a5de,c9d2fd2e-552d-4d09-9faf-501e60a02229,c5954a39-8ef4-11f1-9b18-005056b2a5de,711
05__GDA__OLI__LIU__250,8436604400021,OLIVOILA Dầu Oliu Extra Virgin 250ml,Gia Vị Nhà Bếp,Chai,0.0,118519.0,0.0,118519.0,7.0,676084.0,829633.0,,,2026-07-01T00:00:00,2026-07-01T00:00:00,,,34,34,cd7f2a63-8ef4-11f1-9b18-005056b2a5de,63fe9ce5-db90-43bd-abd3-61c3ba63a61d,c5954a39-8ef4-11f1-9b18-005056b2a5de,712
02__LTS__OMA__CUA__300,8936221040704,OMACHI Lẩu Tự Sôi Bắp Bò Riêu Cua 300g,Lẩu Tự Sôi,Tô,0.0,120370.0,0.0,120370.0,0.0,0.0,0.0,2025-12-16T00:00:00,2026-01-12T00:00:00,2026-02-12T00:00:00,2026-02-12T00:00:00,231,204,173,173,cd7f96d6-8ef4-11f1-9b18-005056b2a5de,1883b1b4-54e8-4a44-8c62-42320a38a140,c5954a39-8ef4-11f1-9b18-005056b2a5de,713
02__MGO__OMA__XOT__126,8936236470497,OMACHI Mì Gói Cua Xốt Ớt 126g*24,Mì Gói,Gói,0.0,19444.0,0.0,18534.660944,27.0,273962.0,500435.845488,2025-11-18T00:00:00,2026-07-01T00:00:00,2026-08-02T00:00:00,2026-08-02T00:00:00,259,34,2,2,cd7d802f-8ef4-11f1-9b18-005056b2a5de,1afb18d6-5f6e-4698-9a29-e930b8c10f7f,c5954a39-8ef4-11f1-9b18-005056b2a5de,714
02__MGO__OMA__LTC__80,8936221041763,OMACHI Mì Gói Lẩu Tôm Càng 80g*30,Mì Gói,Gói,0.0,12037.0,0.0,11671.222222,1.0,8452.0,11671.222222,2025-11-09T00:00:00,2026-03-01T00:00:00,2026-07-11T00:00:00,2026-07-11T00:00:00,268,156,24,24,cd7e754c-8ef4-11f1-9b18-005056b2a5de,99372fb2-7696-42c1-b0f0-195ec9ee47ab,c5954a39-8ef4-11f1-9b18-005056b2a5de,715
02__MGO__OMA__S5Q__80,8936221041749,OMACHI Mì Gói Sườn Hầm Ngũ Quả 80g*30,Mì Gói,Gói,0.0,12037.0,0.0,10437.727273,0.0,0.0,0.0,2025-11-09T00:00:00,2025-11-09T00:00:00,2026-05-17T00:00:00,2026-01-01T00:00:00,268,268,79,215,cd7fdd6f-8ef4-11f1-9b18-005056b2a5de,3a500254-37ec-454a-aad3-d0b03dd7b554,c5954a39-8ef4-11f1-9b18-005056b2a5de,716
02__MGO__OMA__BOO__81,8936221041756,OMACHI Mì Gói Xốt Bò Hầm 81g*30,Mì Gói,Gói,0.0,12037.0,0.0,11062.315789,45.0,204894.0,497804.210505,2025-10-28T00:00:00,2026-02-01T00:00:00,2026-03-15T00:00:00,2026-03-15T00:00:00,280,184,142,142,cd7f9807-8ef4-11f1-9b18-005056b2a5de,c41f32ce-b709-46e0-af11-1a62cb421f17,c5954a39-8ef4-11f1-9b18-005056b2a5de,717
02__MIL__OMA__LTC__67,8936221043804,OMACHI Mì Ly Lẩu Tôm Càng 67g*24,Mì Ly,Ly,0.0,16667.0,0.0,14613.350554,29.0,781653.0,423787.166066,2025-11-09T00:00:00,2026-07-04T00:00:00,2026-08-01T00:00:00,2026-08-01T00:00:00,268,31,3,3,cd7e6740-8ef4-11f1-9b18-005056b2a5de,af930aeb-9a67-483c-9794-3f0b58473ed0,c5954a39-8ef4-11f1-9b18-005056b2a5de,718
02__MIL__OMA__LTC__112,8936221048595,OMACHI Mì Ly Lẩu Tôm Càng Có Cây Thịt 112g*24,Mì Ly,Ly,0.0,23148.0,0.0,20966.410959,8.0,106417.0,167731.287672,2025-10-28T00:00:00,2026-02-03T00:00:00,2026-03-16T00:00:00,2026-03-16T00:00:00,280,182,141,141,cd800650-8ef4-11f1-9b18-005056b2a5de,4414af6b-3769-4be5-8f27-5498b1460bf1,c5954a39-8ef4-11f1-9b18-005056b2a5de,719
02__MIL__OMA__S5Q__70,8936221043798,OMACHI Mì Ly Sườn Hầm Ngủ Quả 70g*24,Mì Ly,Ly,0.0,16667.0,0.0,14871.042424,50.0,912000.0,743552.1212,2025-11-18T00:00:00,2026-07-28T00:00:00,2026-07-24T00:00:00,2026-07-24T00:00:00,259,7,11,11,cd7db11e-8ef4-11f1-9b18-005056b2a5de,6f5cb659-62b5-488c-bfe1-19d6bb9f1a00,c5954a39-8ef4-11f1-9b18-005056b2a5de,720
02__MIL__OMA__THT__115,8936221048571,OMACHI Mì Ly Sườn Hầm Ngủ Quả Có Cây Thịt 115g*24,Mì Ly,Ly,0.0,22222.0,0.0,21851.636364,0.0,-72279.0,0.0,2026-01-09T00:00:00,2026-05-17T00:00:00,2026-03-13T00:00:00,2026-03-13T00:00:00,207,79,144,144,cd7faa55-8ef4-11f1-9b18-005056b2a5de,3d2b3607-f35d-47a5-8ac6-0d8893e2b93d,c5954a39-8ef4-11f1-9b18-005056b2a5de,721
02__MIL__OMA__BOO__69,8936221043781,OMACHI Mì Ly Xốt Bò Hầm 69g*24,Mì Ly,Ly,0.0,16667.0,0.0,14777.608871,53.0,1140000.0,783213.270163,2025-10-29T00:00:00,2026-07-18T00:00:00,2026-08-02T00:00:00,2026-08-02T00:00:00,279,17,2,2,cd7d8d4d-8ef4-11f1-9b18-005056b2a5de,33367770-a01a-4fab-ab6d-46e4dd5dbe5b,c5954a39-8ef4-11f1-9b18-005056b2a5de,722
02__MIL__OMA__BOO__113,8936221048557,OMACHI Mì Ly Xốt Bò Hầm Có Cây Thịt 113g*24,Mì Ly,Ly,0.0,23148.0,0.0,21130.803571,16.0,264375.0,338092.857136,2025-10-28T00:00:00,2025-10-28T00:00:00,2026-03-15T00:00:00,2026-03-15T00:00:00,280,280,142,142,cd800798-8ef4-11f1-9b18-005056b2a5de,6d55b31a-1c89-48da-b3f3-f019ec326fd0,c5954a39-8ef4-11f1-9b18-005056b2a5de,723
02__MTO__OMA__CXO__96,8936236470732,OMACHI Mì Tô Cua Xốt Ớt 96g*12,Mì Tô,Tô,0.0,24074.0,0.0,23412.116838,31.0,1378000.0,725775.621978,2026-01-09T00:00:00,2026-07-28T00:00:00,2026-08-02T00:00:00,2026-08-02T00:00:00,207,7,2,2,cd7e37c4-8ef4-11f1-9b18-005056b2a5de,55b82c71-a97a-4346-883a-36141227ba69,c5954a39-8ef4-11f1-9b18-005056b2a5de,724
02__MTO__OMA__S5Q__96,8936221041787,OMACHI Mì Tô Sườn Hầm Ngủ Quả 96g*18,Mì Tô,Tô,0.0,22222.0,0.0,19500.927757,34.0,1298763.0,663031.543738,2025-11-08T00:00:00,2026-07-28T00:00:00,2026-08-02T00:00:00,2026-08-02T00:00:00,269,7,2,2,cd7e5b3b-8ef4-11f1-9b18-005056b2a5de,0b80cf75-7ac3-44b2-b26e-47274f718597,c5954a39-8ef4-11f1-9b18-005056b2a5de,725
02__MTO__OMA__TXN__104,8936221042470,OMACHI Mì Tô Trộn Thịt Xiên Nướng 104g*12,Mì Tô,Tô,0.0,24074.0,0.0,19659.487106,26.0,1099004.0,511146.664756,2025-10-28T00:00:00,2026-07-28T00:00:00,2026-08-03T00:00:00,2026-08-03T00:00:00,280,7,1,1,cd7e8dfa-8ef4-11f1-9b18-005056b2a5de,c6f6a37f-07d1-42d7-98a6-18e54319d073,c5954a39-8ef4-11f1-9b18-005056b2a5de,726
02__MTO__OMA__PMI__105,8936221043897,OMACHI Mì Tô Trộn Tôm Phô Mai Trứng Muối 105g*12,Mì Tô,Tô,0.0,22222.0,0.0,19429.491857,26.0,780000.0,505166.788282,2025-10-29T00:00:00,2026-07-28T00:00:00,2026-07-31T00:00:00,2026-07-31T00:00:00,279,7,4,4,cd7e06b5-8ef4-11f1-9b18-005056b2a5de,0546d881-7e2c-4b4f-be9f-011ab40e40a6,c5954a39-8ef4-11f1-9b18-005056b2a5de,727
02__MTO__OMA__BBC__105,8936136164403,OMACHI Mì Tô Trộn Xốt Spaghetti Bò Bằm Cà Chua 105g*12,Mì Tô,Tô,0.0,24074.0,0.0,20053.072581,23.0,1482000.0,461220.669363,2025-10-28T00:00:00,2026-07-28T00:00:00,2026-08-03T00:00:00,2026-08-03T00:00:00,280,7,1,1,cd7da364-8ef4-11f1-9b18-005056b2a5de,2bd4d1d5-1aa8-44cb-9181-a5b75f7c2b6d,c5954a39-8ef4-11f1-9b18-005056b2a5de,728
02__MTO__OMA__BHA__96,8936221041794,OMACHI Mì Tô Xốt Bò Hầm 96g*18,Mì Tô,Tô,0.0,22222.0,0.0,19535.01847,18.0,1080000.0,351630.33246,2025-12-04T00:00:00,2026-07-18T00:00:00,2026-08-03T00:00:00,2026-08-03T00:00:00,243,17,1,1,cd7d964b-8ef4-11f1-9b18-005056b2a5de,65dd8472-a543-4f74-bc90-c8a3709a7b4d,c5954a39-8ef4-11f1-9b18-005056b2a5de,729
11__VNG__OMO__COM__350,8934868169482,OMO COMFORT Bột Giặt Tinh Dầu Thơm Sang Trọng 350g,Chăm Sóc Quần Áo,Bịch,0.0,20370.0,0.0,20370.0,0.0,0.0,0.0,2025-11-09T00:00:00,2026-01-10T00:00:00,2026-07-11T00:00:00,2026-07-11T00:00:00,268,206,24,24,cd7fe696-8ef4-11f1-9b18-005056b2a5de,e63ff858-4fe8-4822-b336-e86b165c1d1a,c5954a39-8ef4-11f1-9b18-005056b2a5de,730
11__VNG__OMO__TRE__1800,8934868184270,"OMO Nước Giặt Cửa Trên Giữ Màu 1,8Kg",Chăm Sóc Quần Áo,Bịch,0.0,97222.0,0.0,97222.0,3.0,235272.0,291666.0,,,2026-01-07T00:00:00,2026-01-07T00:00:00,,,209,209,cd806725-8ef4-11f1-9b18-005056b2a5de,027c8924-1bbb-4ca7-8370-1134df5ca6df,c5954a39-8ef4-11f1-9b18-005056b2a5de,731
11__VNG__OMO__ECU__1800,8934868184225,"OMO Nước Giặt Cửa Trên Hoa Hồng Ecuador 1,8Kg",Chăm Sóc Quần Áo,Bịch,0.0,97222.0,0.0,97222.0,1.0,58818.0,97222.0,2025-11-09T00:00:00,2025-11-09T00:00:00,2026-07-13T00:00:00,2026-07-13T00:00:00,268,268,22,22,cd7ff367-8ef4-11f1-9b18-005056b2a5de,19cc3996-b2b7-47f7-8205-98dd48650e5b,c5954a39-8ef4-11f1-9b18-005056b2a5de,732
11__VNG__OMO__OAI__1800,8934868184348,"OMO Nước Giặt Cửa Trước Hoa OảI Hương Thư Thái 1,8Kg",Chăm Sóc Quần Áo,Bịch,0.0,97222.0,0.0,97222.0,0.0,0.0,0.0,,,2026-05-07T00:00:00,2026-05-07T00:00:00,,,89,89,cd7f0cd5-8ef4-11f1-9b18-005056b2a5de,66008a0f-97c5-479e-9fd4-3d33d502df48,c5954a39-8ef4-11f1-9b18-005056b2a5de,733
11__VNG__OMO__MAT__1900,8934868195580,OMO Nước Giặt Matic Cửa Trên Sạch Thơm Vượt Trội 1.9Kg,Chăm Sóc Quần Áo,Bịch,0.0,92593.0,0.0,92593.0,2.0,148576.0,185186.0,,,2026-05-11T00:00:00,2026-05-11T00:00:00,,,85,85,cd7f36b2-8ef4-11f1-9b18-005056b2a5de,a87e0fb0-aa39-41c9-ab43-0e9dcbced00b,c5954a39-8ef4-11f1-9b18-005056b2a5de,734
11__VNG__OMO__TTE__210,6902088985597,OMO Viên Giặt 3in1 Hương Tinh Tế 210g,Chăm Sóc Quần Áo,Hộp,0.0,94444.0,0.0,94444.0,2.0,136362.0,188888.0,,,2026-03-30T00:00:00,2026-03-30T00:00:00,,,127,127,cd7f330a-8ef4-11f1-9b18-005056b2a5de,eb07a2c0-740d-4b68-b417-86bf6477e810,c5954a39-8ef4-11f1-9b18-005056b2a5de,735
11__VNG__OMO__3I1__210,6902088985603,OMO Viên Giặt 3in1 Hương Tươi Mát 210g,Chăm Sóc Quần Áo,Hộp,0.0,94444.0,0.0,94444.0,4.0,218176.0,377776.0,2026-01-10T00:00:00,2026-01-10T00:00:00,2026-05-17T00:00:00,2026-01-02T00:00:00,206,206,79,214,cd806127-8ef4-11f1-9b18-005056b2a5de,97405aa6-d925-49de-b550-9614af21f32a,c5954a39-8ef4-11f1-9b18-005056b2a5de,736
10__VPK__OPP__CAI__24,8996001338064,OPP Băng Keo 2 Mặt 24mm,Văn Phòng Phẩm,Cái,0.0,11111.0,0.0,11111.0,7.0,31676.0,77777.0,2026-01-10T00:00:00,2026-01-10T00:00:00,2026-05-23T00:00:00,2026-05-10T00:00:00,206,206,73,86,cd7ec02b-8ef4-11f1-9b18-005056b2a5de,18f4bdc2-37e1-48e7-84c9-a65a8cee9e57,c5954a39-8ef4-11f1-9b18-005056b2a5de,737
10__VPK__OPP__CAI__18,8996001338065,OPP Băng Keo Trong 18mm*18,Văn Phòng Phẩm,Cái,0.0,6481.0,0.0,6481.153846,13.0,42900.0,84254.999998,,,2026-07-26T00:00:00,2026-07-26T00:00:00,,,9,9,cd7f10ef-8ef4-11f1-9b18-005056b2a5de,d5a39425-d51a-4e8d-987d-81b8ace08951,c5954a39-8ef4-11f1-9b18-005056b2a5de,738
10__VPK__OPP__CAI__48,8996001338066,OPP Băng Keo Trong 48mm 50Y,Văn Phòng Phẩm,Cái,0.0,13889.0,0.0,13889.0,0.0,0.0,0.0,,,2026-01-10T00:00:00,2025-12-29T00:00:00,,,206,218,cd7ecead-8ef4-11f1-9b18-005056b2a5de,6d161f3c-05cd-4702-b670-d57717f2ff0c,c5954a39-8ef4-11f1-9b18-005056b2a5de,739
06__RBC__ORB__BLK__3,4902430678216,ORAL'B Bàn Chải Đánh Răng Black Tea Mua 2 Tặng 1,Chăm Sóc Răng Miệng,Vỉ,0.0,76852.0,0.0,73379.5625,4.0,218592.0,293518.25,2026-06-10T00:00:00,2026-06-10T00:00:00,2026-08-01T00:00:00,2026-08-01T00:00:00,55,55,3,3,cd7eb523-8ef4-11f1-9b18-005056b2a5de,0eddbacf-a8bc-4004-b4fe-b518c727cafb,c5954a39-8ef4-11f1-9b18-005056b2a5de,740
06__RBC__ORB__GRE__3,4902430678360,ORAL'B Bàn Chải Đánh Răng Green Tea Mua 2 Tặng 1,Chăm Sóc Răng Miệng,Vỉ,0.0,76852.0,0.0,72811.272727,9.0,496678.0,655301.454543,2026-06-10T00:00:00,2026-06-10T00:00:00,2026-07-17T00:00:00,2026-07-17T00:00:00,55,55,18,18,cd7ee72d-8ef4-11f1-9b18-005056b2a5de,4de6ec18-8540-4b7b-88c7-f62655e2d19b,c5954a39-8ef4-11f1-9b18-005056b2a5de,741
03__BQU__ORE__SOC__20,7622210515278,OREO Bánh Quy Hương Socola 20g,Bánh Quy,Bịch,0.0,8333.0,0.0,7773.609626,87.0,354417.0,676304.037462,2025-11-21T00:00:00,2026-06-23T00:00:00,2026-07-25T00:00:00,2026-07-25T00:00:00,256,42,10,10,cd7e3412-8ef4-11f1-9b18-005056b2a5de,3731e54d-ea7e-4726-b4f4-f44f10e72125,c5954a39-8ef4-11f1-9b18-005056b2a5de,742
03__BQU__ORE__SOC__64,7622210580276,OREO Bánh Quy Hương Socola Lớn 64g,Bánh Quy,Bịch,0.0,11111.0,0.0,14291.832061,13.0,81600.0,185793.816793,2025-11-21T00:00:00,2026-07-18T00:00:00,2026-08-02T00:00:00,2026-08-02T00:00:00,256,17,2,2,cd7e911a-8ef4-11f1-9b18-005056b2a5de,03b2d81d-08c0-4922-aaa5-24e8a29e287a,c5954a39-8ef4-11f1-9b18-005056b2a5de,743
03__BQU__ORE__VAN__20,7622210515285,OREO Bánh Quy Hương Vani 20g,Bánh Quy,Bịch,0.0,8333.0,0.0,8358.321267,40.0,253440.0,334332.85068,2025-11-21T00:00:00,2026-06-23T00:00:00,2026-07-31T00:00:00,2026-07-31T00:00:00,256,42,4,4,cd7e0763-8ef4-11f1-9b18-005056b2a5de,acd33e82-2807-4051-a076-a79f818078a2,c5954a39-8ef4-11f1-9b18-005056b2a5de,744
03__BQU__ORE__VAN__64,6901668053121,OREO Bánh Quy Hương Vani Lớn 64g,Bánh Quy,Bịch,0.0,11111.0,0.0,14555.632,16.0,91200.0,232890.112,2025-11-21T00:00:00,2026-07-18T00:00:00,2026-08-02T00:00:00,2026-08-02T00:00:00,256,17,2,2,cd7dbd60-8ef4-11f1-9b18-005056b2a5de,88d5b5d4-4509-43a8-aeb1-aca85c12132a,c5954a39-8ef4-11f1-9b18-005056b2a5de,745
03BLAOREDDO60,8934680047357,OREO Bánh Socola Pie Đỏ,Bánh Bông Lan,Bịch,0.0,7407.0,0.0,6523.969231,78.0,215184.0,508869.600018,2025-12-16T00:00:00,2026-05-18T00:00:00,2026-07-26T00:00:00,2026-07-26T00:00:00,231,78,9,9,cd7d8bdc-8ef4-11f1-9b18-005056b2a5de,61cddc69-293d-4cc3-b50b-cad1eace3ef5,c5954a39-8ef4-11f1-9b18-005056b2a5de,746
03BLAOREXAH60,58934588843057,OREO Bánh Socola Pie Xanh,Bánh Bông Lan,Bịch,0.0,7407.0,0.0,6630.125,58.0,212922.0,384547.25,2025-12-16T00:00:00,2026-05-18T00:00:00,2026-07-30T00:00:00,2026-07-30T00:00:00,231,78,5,5,cd7daeec-8ef4-11f1-9b18-005056b2a5de,50bee061-c1c5-450e-b79b-2b77fe27a828,c5954a39-8ef4-11f1-9b18-005056b2a5de,747
03__BGO__OAN__PMI__1,8936036028300,ORION An Bánh Gạo Khoai Tây Phô Mai Nướng,Bánh Gạo,Bịch,0.0,24074.0,0.0,24074.0,0.0,0.0,0.0,2025-11-09T00:00:00,2025-11-09T00:00:00,2025-12-06T00:00:00,2025-12-06T00:00:00,268,268,241,241,cd80082d-8ef4-11f1-9b18-005056b2a5de,545f89d4-03de-446e-87c5-e75e47a311b2,c5954a39-8ef4-11f1-9b18-005056b2a5de,748
03__BGO__OAN__NBO__120,8936029422542,ORION An Bánh Gạo Ngô Nướng Bơ 120g (16 gói),Bánh Gạo,Bịch,0.0,32407.0,0.0,29953.625,10.0,205131.0,299536.25,2025-12-17T00:00:00,2026-06-18T00:00:00,2026-07-30T00:00:00,2026-07-30T00:00:00,230,47,5,5,cd7ec566-8ef4-11f1-9b18-005056b2a5de,d6a2af82-4877-4a44-9aab-96f15a613955,c5954a39-8ef4-11f1-9b18-005056b2a5de,749
03__BGO__OAN__RTT__145,8936036029932,ORION An Bánh Gạo Ruốc Thịt Đậm Đà 145g (14 gói),Bánh Gạo,Bịch,0.0,41667.0,0.0,39352.0,9.0,238773.0,354168.0,2025-11-09T00:00:00,2026-06-18T00:00:00,2026-07-17T00:00:00,2026-07-17T00:00:00,268,47,18,18,cd7e6418-8ef4-11f1-9b18-005056b2a5de,edd70c47-27b1-4c5f-acaa-4a66c8dd3b9c,c5954a39-8ef4-11f1-9b18-005056b2a5de,750
03__BGO__OAN__TAO__111,8936036026191,ORION An Bánh Gạo Vị Tảo 111g (14 gói),Bánh Gạo,Bịch,0.0,21296.0,0.0,21018.283333,8.0,85440.0,168146.266664,2025-11-09T00:00:00,2026-07-30T00:00:00,2026-07-23T00:00:00,2026-07-23T00:00:00,268,5,12,12,cd7ef8e3-8ef4-11f1-9b18-005056b2a5de,fafd2609-a5b8-458d-825b-b81b5429c2c7,c5954a39-8ef4-11f1-9b18-005056b2a5de,751
03__BGO__OAN__TAO__174,8936036026542,ORION An Bánh Gạo Vị Tảo 174.9g (22 gói),Bánh Gạo,Bịch,0.0,27778.0,0.0,27778.0,0.0,0.0,0.0,2026-01-07T00:00:00,2026-01-07T00:00:00,2026-02-16T00:00:00,2026-02-16T00:00:00,209,209,169,169,cd8067ca-8ef4-11f1-9b18-005056b2a5de,6831f077-0224-4faa-849b-8a70b894c1f6,c5954a39-8ef4-11f1-9b18-005056b2a5de,752
03__BGO__OAN__TNN__151,8936036026177,ORION An Bánh Gạo Vị Tự Nhiên 151g (14 gói),Bánh Gạo,Bịch,0.0,21296.0,0.0,20925.725,9.0,116306.0,188331.525,2025-11-09T00:00:00,2026-06-18T00:00:00,2026-07-26T00:00:00,2026-07-26T00:00:00,268,47,9,9,cd7e9ff2-8ef4-11f1-9b18-005056b2a5de,8672ef29-2f2d-478a-b670-2c130d775eb5,c5954a39-8ef4-11f1-9b18-005056b2a5de,753
03__BGO__OAN__TNN__226,8936036026535,ORION An Bánh Gạo Vị Tự Nhiên 226g (28 gói),Bánh Gạo,Bịch,0.0,41667.0,0.0,41667.0,0.0,0.0,0.0,2026-06-18T00:00:00,2026-06-18T00:00:00,2026-07-08T00:00:00,2026-07-08T00:00:00,47,47,27,27,cd7f2da6-8ef4-11f1-9b18-005056b2a5de,9f2305d5-9a64-4196-8374-288f30be27f8,c5954a39-8ef4-11f1-9b18-005056b2a5de,754
03__SKH__ORO__CXH__145,8936029424997,ORION Bánh Con Cá Bống Bang Mochi Cốm Xanh 145g,Snack Khác,Bịch,0.0,37037.0,0.0,32522.791667,14.0,309190.0,455319.083338,2026-01-29T00:00:00,2026-07-30T00:00:00,2026-08-02T00:00:00,2026-08-02T00:00:00,187,5,2,2,cd7e8f4b-8ef4-11f1-9b18-005056b2a5de,da887dab-3dea-4672-8f7b-f1473d0899c1,c5954a39-8ef4-11f1-9b18-005056b2a5de,755
03__SKH__ORO__SDD__145,8936029421781,ORION Bánh Con Cá Bống Bang Mochi Socola Đậu Đỏ 145g,Snack Khác,Bịch,0.0,37037.0,0.0,32335.846154,11.0,242911.0,355694.307694,2025-12-11T00:00:00,2026-07-30T00:00:00,2026-07-19T00:00:00,2026-07-19T00:00:00,236,5,16,16,cd7edbb1-8ef4-11f1-9b18-005056b2a5de,78f29ee6-b939-406e-a69a-477272c485f6,c5954a39-8ef4-11f1-9b18-005056b2a5de,756
03__BMI__OCB__BAG__36,8936036027389,ORION C'Est Bon Bánh Baguette Bịch 36g,Bánh Mì Mềm,Bịch,0.0,9259.333333,0.0,9942.1,10.0,88750.0,99421.0,2025-12-17T00:00:00,2026-07-30T00:00:00,2026-07-17T00:00:00,2026-07-17T00:00:00,230,5,18,18,cd7e31a2-8ef4-11f1-9b18-005056b2a5de,aba8ad40-0c3b-4e23-9f23-be63015d44e8,c5954a39-8ef4-11f1-9b18-005056b2a5de,757
03__BMI__OCB__KPM__101,58934588843066,ORION C'Est Bon Bánh Kem Phô Mai,Bánh Mì Mềm,Bịch,0.0,5555.6,0.0,5915.035294,56.0,198652.0,331241.976464,2025-12-11T00:00:00,2026-07-30T00:00:00,2026-08-01T00:00:00,2026-08-01T00:00:00,236,5,3,3,cd7e6373-8ef4-11f1-9b18-005056b2a5de,4865397a-370d-452a-b572-64d174f600f6,c5954a39-8ef4-11f1-9b18-005056b2a5de,758
03__BMI__OCB__MOC__1,58934588843295,ORION C'Est Bon Bánh Mochi Cốm Dừa,Bánh Mì Mềm,Cái,0.0,9259.0,0.0,8888.8,35.0,176636.0,311108.0,2026-06-04T00:00:00,2026-07-30T00:00:00,2026-07-24T00:00:00,2026-07-24T00:00:00,61,5,11,11,cd7efa30-8ef4-11f1-9b18-005056b2a5de,87abce21-6cb2-4594-8667-5ec0e2e6634e,c5954a39-8ef4-11f1-9b18-005056b2a5de,759
03__BMI__OCB__PMC__147,8936029421880,ORION C'Est Bon Bánh Sandwich,Bánh Mì Mềm,Bịch,0.0,7716.0,0.0,7766.858824,16.0,91834.0,124269.741184,2025-11-09T00:00:00,2026-06-26T00:00:00,2026-07-26T00:00:00,2026-07-26T00:00:00,268,39,9,9,cd7f42f3-8ef4-11f1-9b18-005056b2a5de,a08fa467-5fcb-47f1-b943-911a1d1a942d,c5954a39-8ef4-11f1-9b18-005056b2a5de,760
03__BMI__OCB__TGA__85,58934588843103,ORION C'Est Bon Bánh Sợi Thịt Gà 85g,Bánh Mì Mềm,Bịch,0.0,5555.6,0.0,8203.098958,18.0,50499.0,147655.781244,2025-12-11T00:00:00,2026-07-30T00:00:00,2026-08-01T00:00:00,2026-08-01T00:00:00,236,5,3,3,cd7e4e82-8ef4-11f1-9b18-005056b2a5de,d1ef4875-46cb-4967-999e-160e0a417a79,c5954a39-8ef4-11f1-9b18-005056b2a5de,761
03__BLA__OCC__PK6__218,58934588843113,ORION Chocopie,Bánh Bông Lan,Hộp,0.0,7407.5,0.0,10805.147826,104.0,450582.0,1123735.373904,2025-11-09T00:00:00,2026-07-30T00:00:00,2026-07-21T00:00:00,2026-07-21T00:00:00,268,5,14,14,cd7f71ee-8ef4-11f1-9b18-005056b2a5de,0cde41c2-c1ce-4c30-a3a5-43f68729bffb,c5954a39-8ef4-11f1-9b18-005056b2a5de,762
03__BLA__OCC__PK2__73,8936036020403,ORION Chocopie 72.6g (2 gói),Bánh Bông Lan,Hộp,0.0,12037.0,0.0,11851.8,1.0,4075.0,11851.8,2025-11-09T00:00:00,2025-11-09T00:00:00,2026-03-26T00:00:00,2026-03-26T00:00:00,268,268,131,131,cd8010eb-8ef4-11f1-9b18-005056b2a5de,289c1db3-bc0b-4f05-82ea-2a3f18c06b5d,c5954a39-8ef4-11f1-9b18-005056b2a5de,763
03__BLA__OCT__PK6__141,58934588843063,ORION Custas Nhân Kem Gói Nhỏ,Bánh Bông Lan,Hộp,0.0,7407.0,0.0,7077.153846,33.0,428492.0,233546.076918,2025-11-09T00:00:00,2026-06-18T00:00:00,2026-07-30T00:00:00,2026-07-30T00:00:00,268,47,5,5,cd7f9c7f-8ef4-11f1-9b18-005056b2a5de,a0720f5c-adb7-4aa6-9e23-b92ba8c8a853,c5954a39-8ef4-11f1-9b18-005056b2a5de,764
03__BQU__GOU__QME__128,8936036021318,ORION GOUTE Bánh Quy Mè 158g (4 gói),Bánh Quy,Hộp,0.0,33333.0,0.0,33147.866667,0.0,0.0,0.0,,,2026-04-26T00:00:00,2026-04-26T00:00:00,,,100,100,cd7f06e2-8ef4-11f1-9b18-005056b2a5de,4d81986e-f799-462c-bce1-73e22ae5e0b0,c5954a39-8ef4-11f1-9b18-005056b2a5de,765
03__SKH__OJB__BBT__35,8936029423761,ORION Jungle Boy Snack Bò Bít Tết 35g,Snack Khác,Hộp,0.0,14815.0,0.0,13060.473684,5.0,44180.0,65302.36842,2025-11-09T00:00:00,2026-06-29T00:00:00,2026-07-18T00:00:00,2026-07-18T00:00:00,268,36,17,17,cd7ef98b-8ef4-11f1-9b18-005056b2a5de,f03ba0a9-cccf-4721-8a16-205d5b0ccca1,c5954a39-8ef4-11f1-9b18-005056b2a5de,766
03__SKH__OJB__PML__35,8936036028591,ORION Jungle Boy Snack Phô Mai LắK 35g,Snack Khác,Hộp,0.0,14815.0,0.0,13333.4,7.0,56228.0,93333.8,2025-11-09T00:00:00,2026-06-29T00:00:00,2026-08-01T00:00:00,2026-08-01T00:00:00,268,36,3,3,cd7e5963-8ef4-11f1-9b18-005056b2a5de,96ccdbab-8d0a-4de1-b9bd-4a2cfcb2dd10,c5954a39-8ef4-11f1-9b18-005056b2a5de,767
03__KCU__ORO__BHA__84,8936036028041,ORION Kẹo Cứng Họng Bạc Hà Thảo Mộc 84g,Kẹo Cứng,Bịch,0.0,19444.0,0.0,19191.590909,10.0,130491.0,191915.90909,2025-11-09T00:00:00,2026-07-20T00:00:00,2026-08-01T00:00:00,2026-08-01T00:00:00,268,15,3,3,cd7e956d-8ef4-11f1-9b18-005056b2a5de,5019a4a9-08d2-4cee-b3b9-b27f3a9126f7,c5954a39-8ef4-11f1-9b18-005056b2a5de,768
03__KCU__ORO__GMO__84,8936036028805,ORION Kẹo Cứng Họng Gừng Mật Ong 84g,Kẹo Cứng,Bịch,0.0,19444.0,0.0,19351.55,0.0,0.0,0.0,2025-11-09T00:00:00,2025-11-09T00:00:00,2026-06-13T00:00:00,2026-06-13T00:00:00,268,268,52,52,cd801387-8ef4-11f1-9b18-005056b2a5de,0f448f3c-fb97-474a-9cbb-80d89fb527d8,c5954a39-8ef4-11f1-9b18-005056b2a5de,769
03__KCU__ORO__QMO__84,8936036025453,ORION Kẹo Cứng Họng Quất Mật Ong 84g,Kẹo Cứng,Bịch,0.0,19444.0,0.0,19212.625,9.0,119295.0,172913.625,2025-11-09T00:00:00,2026-07-20T00:00:00,2026-08-02T00:00:00,2026-08-02T00:00:00,268,15,2,2,cd7e2f0d-8ef4-11f1-9b18-005056b2a5de,ddb8504c-813e-4ed9-adad-83678cc2a2a8,c5954a39-8ef4-11f1-9b18-005056b2a5de,770
03__KDE__ORO__CDY__24,8936036029727,ORION Kẹo Dẻo Boom Chanh Dây 24g,Kẹo Dẻo,Bịch,0.0,6481.0,0.0,5645.514925,0.0,0.0,0.0,2025-11-09T00:00:00,2026-05-19T00:00:00,2026-07-27T00:00:00,2026-07-27T00:00:00,268,77,8,8,cd7dc47a-8ef4-11f1-9b18-005056b2a5de,3adcdafc-8979-43ee-b094-be89fb71a509,c5954a39-8ef4-11f1-9b18-005056b2a5de,771
03__KDE__ORO__DAO__25,8936036027754,ORION Kẹo Dẻo Boom Đào 25g,Kẹo Dẻo,Bịch,0.0,6481.5,0.0,5678.39759,11.0,38771.0,62462.37349,2025-12-27T00:00:00,2026-05-15T00:00:00,2026-07-27T00:00:00,2026-07-27T00:00:00,220,81,8,8,cd7d9fcd-8ef4-11f1-9b18-005056b2a5de,d5138fd4-0b9a-4e89-a291-f465d62e52c7,c5954a39-8ef4-11f1-9b18-005056b2a5de,772
03__KDE__ORO__DAU__25,8936036027747,ORION Kẹo Dẻo Boom Dâu 25g,Kẹo Dẻo,Bịch,0.0,6481.0,0.0,5672.174825,29.0,128658.0,164493.069925,2025-11-09T00:00:00,2026-07-30T00:00:00,2026-08-02T00:00:00,2026-08-02T00:00:00,268,5,2,2,cd7de07c-8ef4-11f1-9b18-005056b2a5de,a80fdadd-8b14-4e81-b54d-f66db5555b2b,c5954a39-8ef4-11f1-9b18-005056b2a5de,773
03__KDE__ORO__ME__25,8936036028539,ORION Kẹo Dẻo Boom Me 25g,Kẹo Dẻo,Bịch,0.0,5556.0,0.0,5555.877551,0.0,0.0,0.0,,,2026-01-22T00:00:00,2026-01-22T00:00:00,,,194,194,cd7db6c9-8ef4-11f1-9b18-005056b2a5de,6271b5b0-87d7-43d6-b0eb-6dfa8609514c,c5954a39-8ef4-11f1-9b18-005056b2a5de,774
03__KDE__ORO__NHO__25,8936036027730,ORION Kẹo Dẻo Boom Nho 25g,Kẹo Dẻo,Bịch,0.0,6481.0,0.0,5757.518797,26.0,131415.0,149695.488722,2025-12-17T00:00:00,2026-07-30T00:00:00,2026-08-02T00:00:00,2026-08-02T00:00:00,230,5,2,2,cd7e1587-8ef4-11f1-9b18-005056b2a5de,b01d3902-1a54-4206-956e-3445c725d962,c5954a39-8ef4-11f1-9b18-005056b2a5de,775
03__KDE__ORO__XLM__24,8936036028553,ORION Kẹo Dẻo Boom Xoài Lắc MuốI Ớt 23.5g,Kẹo Dẻo,Bịch,0.0,6481.0,0.0,5683.993976,23.0,123833.0,130731.861448,2025-11-09T00:00:00,2026-07-30T00:00:00,2026-08-02T00:00:00,2026-08-02T00:00:00,268,5,2,2,cd7e25fe-8ef4-11f1-9b18-005056b2a5de,4d2fd55b-8733-4798-aded-7e56b4f7197e,c5954a39-8ef4-11f1-9b18-005056b2a5de,776
03__KDE__ORO__CHN__25,8936029421941,ORION Kẹo Dẻo King Chun 25g,Kẹo Dẻo,Bịch,0.0,5556.0,0.0,5555.833333,1.0,2700.0,5555.833333,2025-11-09T00:00:00,2025-11-09T00:00:00,2026-04-11T00:00:00,2026-04-11T00:00:00,268,268,115,115,cd8008bc-8ef4-11f1-9b18-005056b2a5de,0074e7fb-a5f8-4029-a8cb-69d1beb29bbc,c5954a39-8ef4-11f1-9b18-005056b2a5de,777
03__KDE__ORO__HTC__29,8936029423471,ORION Kẹo Dẻo King HảI Tặc 28.5g,Kẹo Dẻo,Bịch,0.0,5556.0,0.0,5555.893617,2.0,7200.0,11111.787234,,,2026-02-18T00:00:00,2026-02-18T00:00:00,,,167,167,cd7dcb71-8ef4-11f1-9b18-005056b2a5de,ca641e45-da12-4f21-9978-778bf0b92cdb,c5954a39-8ef4-11f1-9b18-005056b2a5de,778
03__SKH__OMB__GSB__35,8936029425550,ORION Marine Boy Snack Vị Gà Sốt Bơ Tỏi 35g,Snack Khác,Hộp,0.0,14815.0,0.0,11735.043478,7.0,61852.0,82145.304346,2025-11-09T00:00:00,2026-06-29T00:00:00,2026-07-29T00:00:00,2026-07-29T00:00:00,268,36,6,6,cd7ffb1c-8ef4-11f1-9b18-005056b2a5de,05b80e52-921f-47bf-85cd-3cc1967b9498,c5954a39-8ef4-11f1-9b18-005056b2a5de,779
03__SKH__OMB__RBN__35,8936036021172,ORION Marine Boy Snack Vị Rong Biển Tuyết Xanh 35g,Snack Khác,Hộp,0.0,14815.0,0.0,13130.194444,1.0,14882.0,13130.194444,2025-11-09T00:00:00,2026-06-29T00:00:00,2026-07-20T00:00:00,2026-07-20T00:00:00,268,36,15,15,cd7fa3b8-8ef4-11f1-9b18-005056b2a5de,3c3905cc-279f-481e-8e0e-e181a25ccd4a,c5954a39-8ef4-11f1-9b18-005056b2a5de,780
03__SKH__OMB__TNG__35,8936036021165,ORION Marine Boy Snack Vị Tôm Nướng Môi Đỏ 35g,Snack Khác,Hộp,0.0,14815.0,0.0,12534.277778,5.0,21476.0,62671.38889,2025-11-09T00:00:00,2026-07-30T00:00:00,2026-08-02T00:00:00,2026-08-02T00:00:00,268,5,2,2,cd7e7e1f-8ef4-11f1-9b18-005056b2a5de,8be4bc84-8a22-4d86-9594-19b3023ca33e,c5954a39-8ef4-11f1-9b18-005056b2a5de,781
03__BQU__ORO__SOC__54,8936036025521,ORION Miz Bánh Quy Socola 54g,Bánh Quy,Bịch,0.0,13889.0,0.0,13889.0,0.0,0.0,0.0,2025-11-09T00:00:00,2026-05-07T00:00:00,2026-07-20T00:00:00,2026-07-20T00:00:00,268,89,15,15,cd7f65fb-8ef4-11f1-9b18-005056b2a5de,4573c09d-0985-4871-9709-700623b3a3ac,c5954a39-8ef4-11f1-9b18-005056b2a5de,782
03__BLA__ORO__HAZ__140,8936029423624,ORION Opera Chocolate Hazelnut 140g,Bánh Bông Lan,Hộp,0.0,35185.0,0.0,35185.0,0.0,0.0,0.0,,,2026-03-06T00:00:00,2026-03-06T00:00:00,,,151,151,cd7f3853-8ef4-11f1-9b18-005056b2a5de,adef85fe-7731-4af8-a374-1d1221d93d90,c5954a39-8ef4-11f1-9b18-005056b2a5de,783
03__SKH__ORO__PMC__50,8936029425321,ORION Ostar 2Mix Snack Vị Phô Mai Cay 50g,Snack Khác,Bịch,0.0,14815.0,0.0,13002.404255,0.0,0.0,0.0,2025-12-11T00:00:00,2026-04-28T00:00:00,2026-06-13T00:00:00,2026-06-13T00:00:00,236,98,52,52,cd7ec18d-8ef4-11f1-9b18-005056b2a5de,bb05ffff-c50c-4e5c-b2fd-2dac8d04b362,c5954a39-8ef4-11f1-9b18-005056b2a5de,784
03__SKT__OOS__BMO__52,8936029422771,ORION Ostar Snack Bơ Mật Ong Bịch 52g,Snack Khoai Tây,Bịch,0.0,13889.0,0.0,13062.196429,20.0,174764.0,261243.92858,2025-12-27T00:00:00,2026-05-16T00:00:00,2026-07-08T00:00:00,2026-07-08T00:00:00,220,80,27,27,cd7e722f-8ef4-11f1-9b18-005056b2a5de,b3f4702e-10ab-4666-8af9-689680e01dfd,c5954a39-8ef4-11f1-9b18-005056b2a5de,785
03__SKT__OOS__TNN__55,8936036027082,ORION Ostar Snack Khoai Tây Tự Nhiên Bịch 55g,Snack Khoai Tây,Bịch,0.0,13889.0,0.0,13087.103093,21.0,176430.0,274829.164953,2025-12-11T00:00:00,2026-05-16T00:00:00,2026-07-03T00:00:00,2026-07-03T00:00:00,236,80,32,32,cd7e4629-8ef4-11f1-9b18-005056b2a5de,f24ed500-d2b3-43eb-9def-9c07bee0fb8c,c5954a39-8ef4-11f1-9b18-005056b2a5de,786
03__SKT__OOS__KCI__55,8936036021653,ORION Ostar Snack Kim Chi Hàn Quốc Bịch 55g,Snack Khoai Tây,Bịch,0.0,13889.0,2362.869198,13510.389163,27.0,-173785988.0,364780.507401,2026-02-11T00:00:00,2026-07-30T00:00:00,2026-08-02T00:00:00,2026-08-02T00:00:00,174,5,2,2,cd7e017e-8ef4-11f1-9b18-005056b2a5de,548930a9-5cab-4f12-b70e-6bf05b3ebc89,c5954a39-8ef4-11f1-9b18-005056b2a5de,787
03__SKT__OOS__HAN__55,8936029425918,ORION Ostar Snack Kim Chi Hàn Quốc Tết,,Bịch,0.0,12963.0,0.0,12963.0,0.0,0.0,0.0,2025-12-11T00:00:00,2026-01-29T00:00:00,2026-02-16T00:00:00,2026-02-16T00:00:00,236,187,169,169,cd7e5d38-8ef4-11f1-9b18-005056b2a5de,fd8ba525-345c-4f86-9184-5a291b752395,c5954a39-8ef4-11f1-9b18-005056b2a5de,788
03__SKT__OOS__PMI__56,8936036026962,ORION Ostar Snack Phô Mai Trứng Muối Bịch 56g,Snack Khoai Tây,Bịch,0.0,13889.0,0.0,13389.123894,13.0,524292.0,174058.610622,2025-12-27T00:00:00,2026-07-20T00:00:00,2026-08-02T00:00:00,2026-08-02T00:00:00,220,15,2,2,cd7f8f4f-8ef4-11f1-9b18-005056b2a5de,262063bf-d888-435f-88f5-f1e8c99aeac1,c5954a39-8ef4-11f1-9b18-005056b2a5de,789
03__SKT__OOS__PMI__55,8936029425932,ORION Ostar Snack Phô Mai Trứng Muối Tết,Snack Khoai Tây,Bịch,0.0,13889.0,0.0,13055.6,0.0,0.0,0.0,2025-12-11T00:00:00,2026-01-29T00:00:00,2026-03-27T00:00:00,2026-03-27T00:00:00,236,187,130,130,cd7e89b2-8ef4-11f1-9b18-005056b2a5de,39587303-4a03-4e4a-994f-f8158b4554ef,c5954a39-8ef4-11f1-9b18-005056b2a5de,790
03__SKT__OOS__TAO__31,8936036020939,ORION Ostar Snack Tảo Biển Bịch 31g,Snack Khoai Tây,Bịch,0.0,9259.0,0.0,9259.0,8.0,0.0,74072.0,2026-06-18T00:00:00,2026-07-20T00:00:00,2026-07-31T00:00:00,2026-07-31T00:00:00,47,15,4,4,cd7fa1b5-8ef4-11f1-9b18-005056b2a5de,25ec8e11-1640-4a4f-ab9e-459c6cd8de64,c5954a39-8ef4-11f1-9b18-005056b2a5de,791
03__SKT__OOS__TBN__55,8936036021646,ORION Ostar Snack Tảo Biển Bịch 55g,Snack Khoai Tây,Bịch,0.0,13889.0,0.0,13327.78355,15.0,41553.0,199916.75325,2025-11-07T00:00:00,2026-07-30T00:00:00,2026-07-31T00:00:00,2026-07-31T00:00:00,270,5,4,4,cd7d8804-8ef4-11f1-9b18-005056b2a5de,a5e53c28-1e01-4da6-8082-0497f93addbd,c5954a39-8ef4-11f1-9b18-005056b2a5de,792
03__SKT__OOS__TDD__55,8936029423655,ORION Ostar Snack Tảo Đậm Đặc Biệt Bịch 55g,Snack Khoai Tây,Bịch,0.0,13889.0,0.0,12926.686275,-3.0,0.0,-38780.058825,2025-11-09T00:00:00,2026-06-18T00:00:00,2026-07-31T00:00:00,2026-07-31T00:00:00,268,47,4,4,cd7f9453-8ef4-11f1-9b18-005056b2a5de,6aa81e9f-f365-48d4-a4c3-45d82a4a582c,c5954a39-8ef4-11f1-9b18-005056b2a5de,793
03__SKT__OOS__TAO__55,8936029425925,ORION Ostar Snack Vị Tảo Biển Tết,Snack Khoai Tây,Bịch,0.0,13889.0,0.0,13105.461538,-1.0,0.0,-13105.461538,2025-12-11T00:00:00,2026-01-29T00:00:00,2026-07-12T00:00:00,2026-07-12T00:00:00,236,187,23,23,cd7fbf24-8ef4-11f1-9b18-005056b2a5de,06fd0843-4c19-4c60-bd11-713690f5c95f,c5954a39-8ef4-11f1-9b18-005056b2a5de,794
03__SKH__ORO__PIZ__50,8936029425291,ORION Ostar Swing 2Mix Snack Vị Pizza Cà Chua 50g,Snack Khác,Bịch,0.0,13889.0,0.0,13889.0,0.0,0.0,0.0,2026-04-16T00:00:00,2026-04-16T00:00:00,2026-05-28T00:00:00,2026-05-28T00:00:00,110,110,68,68,cd805c69-8ef4-11f1-9b18-005056b2a5de,dd402149-f154-45b8-8e29-bf8e4797548b,c5954a39-8ef4-11f1-9b18-005056b2a5de,795
03__SBN__ORO__NBO__35,8936036024067,ORION Snack Corn Chip Vị Bắp Nướng Bơ 35g,Snack Bắp,Bịch,0.0,6481.0,0.0,6481.0,6.0,0.0,38886.0,2025-12-11T00:00:00,2026-07-20T00:00:00,2025-12-27T00:00:00,2025-12-27T00:00:00,236,15,220,220,cd7f7804-8ef4-11f1-9b18-005056b2a5de,416d455e-d2ea-47b5-b72b-1f658d687a31,c5954a39-8ef4-11f1-9b18-005056b2a5de,796
03__SBN__ORO__BAP__70,8936036025996,ORION Snack Corn Chip Vị Bắp Nướng Bơ 70g,Snack Bắp,Bịch,0.0,12963.0,0.0,12404.460317,18.0,130981.0,223280.285706,2025-11-07T00:00:00,2026-03-03T00:00:00,2026-03-29T00:00:00,2026-03-29T00:00:00,270,154,128,128,cd7ec42b-8ef4-11f1-9b18-005056b2a5de,9f8b4169-179b-40bb-af08-8373d5622fd7,c5954a39-8ef4-11f1-9b18-005056b2a5de,797
03__SKT__ORO__KLT__28,8936029426472,ORION Snack Khoai Lang Tím 28g,Snack Khoai Tây,Bịch,0.0,7407.0,0.0,7407.0,0.0,0.0,0.0,2026-06-04T00:00:00,2026-06-04T00:00:00,2026-06-19T00:00:00,2026-06-19T00:00:00,61,61,46,46,cd803f64-8ef4-11f1-9b18-005056b2a5de,b5762a8d-025a-4087-a352-1a4f197e401c,c5954a39-8ef4-11f1-9b18-005056b2a5de,798
03__SKT__ORO__TAO__28,8936036025293,ORION Snack Khoai Tây Tayo Vị Tảo Ngọt Bịch 28g,Snack Khoai Tây,Bịch,0.0,7407.0,0.0,7407.15,-3.0,0.0,-22221.45,2025-12-27T00:00:00,2026-05-21T00:00:00,2026-07-21T00:00:00,2026-07-21T00:00:00,220,75,14,14,cd7efe7b-8ef4-11f1-9b18-005056b2a5de,3d0fa8d7-c797-4f0d-b645-f09782f7e00d,c5954a39-8ef4-11f1-9b18-005056b2a5de,799
03__SKT__ORO__TAY__60,8936036029826,ORION Snack Khoai Tây Tayo Vị Tảo Ngọt Bịch 60g,Snack Khoai Tây,Bịch,0.0,12963.0,0.0,12963.0,32.0,325681.0,414816.0,2025-11-20T00:00:00,2026-07-06T00:00:00,2026-05-11T00:00:00,2026-05-11T00:00:00,257,29,85,85,cd7e6b9e-8ef4-11f1-9b18-005056b2a5de,ddc1a326-9829-45dd-964b-dc0ab8949df2,c5954a39-8ef4-11f1-9b18-005056b2a5de,800
03__SKT__ORO__TAY__45,8936029423785,ORION Snack Khoai Tây Tayo Xốt Chấm 45g,Snack Khoai Tây,Bịch,0.0,14815.0,0.0,14815.0,1.0,0.0,14815.0,2026-06-04T00:00:00,2026-06-04T00:00:00,2026-06-17T00:00:00,2026-06-17T00:00:00,61,61,48,48,cd80481e-8ef4-11f1-9b18-005056b2a5de,19cf06d5-6e94-4f1b-9e38-bacee8359065,c5954a39-8ef4-11f1-9b18-005056b2a5de,801
03__SKH__ORO__RUA__60,8936036029819,ORION Snack Mai Rùa Masita Vị Bắp Bơ 60g,Snack Khác,Bịch,0.0,13889.0,0.0,13889.0,13.0,46922.0,180557.0,2025-11-07T00:00:00,2026-03-03T00:00:00,2026-04-30T00:00:00,2026-04-30T00:00:00,270,154,96,96,cd7f4ca6-8ef4-11f1-9b18-005056b2a5de,90a61bb3-4961-4a88-835d-1788386173f9,c5954a39-8ef4-11f1-9b18-005056b2a5de,802
03__SKT__OSM__BNT__52,8936036025576,ORION Swing Maxx Snack Vị Bò Nướng Tiêu Đen Bịch 52g,Snack Khoai Tây,Bịch,0.0,14815.0,0.0,13213.27027,17.0,302833.0,224625.59459,2025-11-20T00:00:00,2026-07-06T00:00:00,2026-07-30T00:00:00,2026-07-30T00:00:00,257,29,5,5,cd7da6f8-8ef4-11f1-9b18-005056b2a5de,15ea2d97-248d-491b-bbec-6dce23e6e7b3,c5954a39-8ef4-11f1-9b18-005056b2a5de,803
03__SKT__OSM__XGO__52,8936029422443,ORION Swing Maxx Snack Xốt Gochujang Bịch 52g,Snack Khoai Tây,Bịch,0.0,13889.0,0.0,12442.125,0.0,0.0,0.0,2025-11-09T00:00:00,2026-01-28T00:00:00,2026-03-28T00:00:00,2026-03-28T00:00:00,268,188,129,129,cd800e64-8ef4-11f1-9b18-005056b2a5de,e00292a7-d3b0-41cf-894f-f43fa3e17874,c5954a39-8ef4-11f1-9b18-005056b2a5de,804
03__SKT__ORS__BBT__55,8936036021660,ORION Swing Snack Vị Bò Bít Tết Newyork Bịch 55g,Snack Khoai Tây,Bịch,0.0,14815.0,0.0,13549.331878,6.0,495161.0,81295.991268,2025-11-07T00:00:00,2026-07-20T00:00:00,2026-08-03T00:00:00,2026-08-03T00:00:00,270,15,1,1,cd7dcad5-8ef4-11f1-9b18-005056b2a5de,c407ec90-619a-4e4d-b82e-9f8154b9e3b2,c5954a39-8ef4-11f1-9b18-005056b2a5de,805
03__SKT__ORS__GAT__55,8936036024739,ORION Swing Snack Vị Gà Teriyaki Bịch 55g,Snack Khoai Tây,Bịch,0.0,14815.0,0.0,13197.43038,14.0,125639.0,184764.02532,2025-11-07T00:00:00,2026-07-20T00:00:00,2026-07-31T00:00:00,2026-07-31T00:00:00,270,15,4,4,cd7e8d4c-8ef4-11f1-9b18-005056b2a5de,f8b09eba-9cf4-4dc8-b01c-577cf441a5bd,c5954a39-8ef4-11f1-9b18-005056b2a5de,806
03__SKT__ORS__MOB__52,8936029422801,ORION Swing Snack Vị Mật Ong Bơ Tỏi 52g,Snack Khoai Tây,Bịch,0.0,14815.0,0.0,13285.086957,0.0,0.0,0.0,2025-11-09T00:00:00,2026-05-07T00:00:00,2026-08-02T00:00:00,2026-08-02T00:00:00,268,89,2,2,cd7e9740-8ef4-11f1-9b18-005056b2a5de,6132a1f8-2d41-4ca1-a8c0-80dc62216e65,c5954a39-8ef4-11f1-9b18-005056b2a5de,807
03__SKT__ORS__TAO__50,8936029421064,ORION Swing Snack Vị Tảo Hàn Quốc Bịch 50g,Snack Khoai Tây,Bịch,0.0,12963.0,0.0,12530.866667,3.0,13594.0,37592.600001,2025-11-09T00:00:00,2025-11-09T00:00:00,2026-02-28T00:00:00,2026-02-28T00:00:00,268,268,157,157,cd7fd744-8ef4-11f1-9b18-005056b2a5de,749f5e57-6441-4657-9c18-84377a5fa5dc,c5954a39-8ef4-11f1-9b18-005056b2a5de,808
03__SKH__ORT__PMI__32,8936029421354,ORION Toonies Snack Phô Mai Bùng Nổ 32g,Snack Khác,Bịch,0.0,7407.0,0.0,7407.0,0.0,0.0,0.0,2026-06-04T00:00:00,2026-07-06T00:00:00,2026-07-13T00:00:00,2026-07-13T00:00:00,61,29,22,22,cd7f56c5-8ef4-11f1-9b18-005056b2a5de,782306da-f7e5-4252-97d9-cbfeb58973a0,c5954a39-8ef4-11f1-9b18-005056b2a5de,809
03__SKH__ORT__PMI__60,8936036028133,ORION Toonies Snack Phô Mai Bùng Nổ 60g,Snack Khác,Bịch,0.0,14815.0,0.0,13527.28125,3.0,164945.0,40581.84375,2025-11-07T00:00:00,2026-07-20T00:00:00,2026-08-02T00:00:00,2026-08-02T00:00:00,270,15,2,2,cd7e2d1e-8ef4-11f1-9b18-005056b2a5de,bb964480-8d6a-4230-849a-87cc068bfccb,c5954a39-8ef4-11f1-9b18-005056b2a5de,810
03__SKH__ORT__SOC__60,8936036028119,ORION Toonies Snack Socola 60g,Snack Khác,Bịch,0.0,14815.0,0.0,13267.438356,12.0,100799.0,159209.260272,2025-11-20T00:00:00,2026-07-06T00:00:00,2026-07-28T00:00:00,2026-07-28T00:00:00,257,29,7,7,cd7e5be2-8ef4-11f1-9b18-005056b2a5de,207ce9d4-c1cd-4ede-a640-7b3913727c23,c5954a39-8ef4-11f1-9b18-005056b2a5de,811
02__MGO__JIN__CAY__120,8936049051142,OTOKI MÌ Gói JIN Cay 120g,Mì Gói,Gói,0.0,18519.0,0.0,18518.941176,22.0,242000.0,407416.705872,2025-11-27T00:00:00,2025-11-27T00:00:00,2026-06-08T00:00:00,2026-06-08T00:00:00,250,250,57,57,cd7f84ee-8ef4-11f1-9b18-005056b2a5de,8c2838f8-c2d6-4d65-8471-fd082c5604e9,c5954a39-8ef4-11f1-9b18-005056b2a5de,812
02__MGO__YEU__CAY__120,8936049051128,OTOKI Mì Gói YEUL Cay 120g,Mì Gói,Gói,0.0,18519.0,0.0,18518.87931,20.0,240000.0,370377.5862,2025-11-27T00:00:00,2026-04-04T00:00:00,2026-08-02T00:00:00,2026-08-02T00:00:00,250,122,2,2,cd7e1122-8ef4-11f1-9b18-005056b2a5de,d7b4da4c-19ef-4793-8739-b2c8ab0e8b22,c5954a39-8ef4-11f1-9b18-005056b2a5de,813
02__MTO__OTO__KCI__105,8936049053061,OTOKI Mì Tô Kim Chi 105g,Mì Tô,Tô,0.0,27778.0,0.0,26328.608696,3.0,198000.0,78985.826088,2025-11-27T00:00:00,2026-06-22T00:00:00,2026-07-29T00:00:00,2026-07-29T00:00:00,250,43,6,6,cd7df434-8ef4-11f1-9b18-005056b2a5de,3760a865-2ad0-42d1-972d-8f854608ed16,c5954a39-8ef4-11f1-9b18-005056b2a5de,814
02__MTO__OTO__DEN__115,8936049051715,OTOKI MÌ Tô Xốt Tương Đen 115g,Mì Tô,Tô,0.0,31481.0,0.0,30206.909091,19.0,665000.0,573931.272729,2025-11-27T00:00:00,2026-06-30T00:00:00,2026-07-30T00:00:00,2026-07-30T00:00:00,250,35,5,5,cd7e9399-8ef4-11f1-9b18-005056b2a5de,a406169e-88d0-4f1d-be17-c8b2df609db4,c5954a39-8ef4-11f1-9b18-005056b2a5de,815
02__MTO__YEU__CAY__105,8936049051654,OTOKI Mì Tô YEUL Cay 105g,Mì Tô,Tô,0.0,25926.0,0.0,25926.0,9.0,792000.0,233334.0,2025-11-27T00:00:00,2026-06-30T00:00:00,2026-08-01T00:00:00,2026-08-01T00:00:00,250,35,3,3,cd7d8f78-8ef4-11f1-9b18-005056b2a5de,c03b38c0-554f-46bc-965b-0b886eb5a59c,c5954a39-8ef4-11f1-9b18-005056b2a5de,816
02__MIL__OTT__TDN__70,8936049051609,OTTOGI Mì Ly Xốt Tương Đen Jin jjajang 70g,Mì Ly,Ly,0.0,19444.0,0.0,19444.08,0.0,0.0,0.0,2025-11-13T00:00:00,2025-12-16T00:00:00,2026-03-29T00:00:00,2026-03-29T00:00:00,264,231,128,128,cd7e56cc-8ef4-11f1-9b18-005056b2a5de,e6451bbe-55f2-49d1-97ba-f9d5e742b0c4,c5954a39-8ef4-11f1-9b18-005056b2a5de,817
02__MTO__OTT__JIN__110,8936049051647,OTTOGI Mì Tô Jin Cay 110g,Mì Tô,Ly,0.0,23148.0,1970.512821,23148.0,3.0,46791.0,69444.0,2025-10-28T00:00:00,2025-12-16T00:00:00,2026-05-01T00:00:00,2026-05-01T00:00:00,280,231,95,95,cd7faf7a-8ef4-11f1-9b18-005056b2a5de,dd834afb-ad00-4fac-b577-d7eae2266668,c5954a39-8ef4-11f1-9b18-005056b2a5de,818
04__SHG__OVA__SOC__180,8936199520109,OVALTINE Sữa Lúa Mạch Socola 180ml,Sữa Hộp Giấy,Hộp,0.0,11111.0,1932.0,9578.696486,47.0,483376.0,450198.734842,2025-12-10T00:00:00,2026-06-10T00:00:00,2026-08-01T00:00:00,2026-08-01T00:00:00,237,55,3,3,cd803d7b-8ef4-11f1-9b18-005056b2a5de,a9bbd257-c3ac-4a72-8097-b399b08cd310,c5954a39-8ef4-11f1-9b18-005056b2a5de,819
06__TGC__PAN__RTC__300,4902430775762;4987176417473,PANTENE Dầu Gội Ngăn Rụng Tóc 300ml,Chăm Sóc Tóc,Chai,0.0,101852.0,0.0,110725.5,4.0,356107.0,442902.0,2026-06-10T00:00:00,2026-06-10T00:00:00,2026-07-26T00:00:00,2026-07-26T00:00:00,55,55,9,9,cd7f821a-8ef4-11f1-9b18-005056b2a5de,9c4bbb62-8e02-4a76-aa8c-b97dd5f39c1c,c5954a39-8ef4-11f1-9b18-005056b2a5de,820
06__TXC__PAN__RTC__300,4902430790574;4902430624572,PANTENE Dầu Xả Ngăn Rụng Tóc 300ml,Chăm Sóc Tóc,Chai,0.0,120370.0,0.0,114899.181818,6.0,480496.0,689395.090908,2026-06-10T00:00:00,2026-06-10T00:00:00,2026-07-31T00:00:00,2026-07-31T00:00:00,55,55,4,4,cd8043d7-8ef4-11f1-9b18-005056b2a5de,e16cc539-c60f-4188-a690-314abb77c622,c5954a39-8ef4-11f1-9b18-005056b2a5de,821
06__TXC__PAN__KER__300,4902430762151,PANTENE Kem Xả Mềm Tóc Miracles Keratin 300ml,Chăm Sóc Tóc,Chai,0.0,148148.0,0.0,138425.7,7.0,432233.0,968979.9,2025-11-10T00:00:00,2026-07-21T00:00:00,2026-07-15T00:00:00,2026-07-15T00:00:00,267,14,20,20,cd7feddf-8ef4-11f1-9b18-005056b2a5de,fe28ef9e-141d-4a9f-ad18-91bb944bf621,c5954a39-8ef4-11f1-9b18-005056b2a5de,822
01__NGA__7UP__CHI__390,8934588023132,PEPSICO 7Up Chai 390ml,Nước Có Ga,Chai,0.0,12037.0,0.0,11076.987755,39.0,232670.0,432002.522445,2025-11-09T00:00:00,2026-07-28T00:00:00,2026-08-02T00:00:00,2026-08-02T00:00:00,268,7,2,2,cd7df9c1-8ef4-11f1-9b18-005056b2a5de,352b69e5-be75-4716-b91b-d39b0b57902a,c5954a39-8ef4-11f1-9b18-005056b2a5de,823
01__NGA__7UP__CHI__320,8934588022111,PEPSICO 7UP Lon 320ml,Nước Có Ga,Lon,0.0,12037.0,907.125683,11295.620253,78.0,957932.0,881058.379734,2025-11-27T00:00:00,2026-07-18T00:00:00,2026-08-02T00:00:00,2026-08-02T00:00:00,250,17,2,2,cd7dc964-8ef4-11f1-9b18-005056b2a5de,dc459cb4-4ee0-460c-a3b8-f3df3860e8e0,c5954a39-8ef4-11f1-9b18-005056b2a5de,824
01__NLO__AQU__CHI__1500,8934588063060,PEPSICO Aquafina Nước Lọc Chai 1.5L,Nước Lọc Chai,Chai,0.0,16667.0,0.0,16534.237136,118.0,1662500.0,1951039.982048,2025-11-09T00:00:00,2026-07-28T00:00:00,2026-08-02T00:00:00,2026-08-02T00:00:00,268,7,2,2,cd7da1f4-8ef4-11f1-9b18-005056b2a5de,0b251d2d-1241-4542-928e-e2aa7a420b51,c5954a39-8ef4-11f1-9b18-005056b2a5de,825
01__NLO__AQU__CHI__500,8934588063053,PEPSICO Aquafina Nước Lọc Chai 500ml,Nước Lọc Chai,Chai,0.0,7407.0,0.0,7279.28396,190.0,1042672.0,1383063.9524,2025-11-09T00:00:00,2026-07-28T00:00:00,2026-08-03T00:00:00,2026-08-03T00:00:00,268,7,1,1,cd7da147-8ef4-11f1-9b18-005056b2a5de,9c7b3e63-93c2-468c-ab30-cf48c17ce34f,c5954a39-8ef4-11f1-9b18-005056b2a5de,826
01__NGA__PEP__CHI__390,8934588013133,PEPSICO Chai 390ml,Nước Có Ga,Chai,0.0,11111.0,0.0,9681.21875,18.0,251888.0,174261.9375,2025-11-18T00:00:00,2026-07-13T00:00:00,2026-07-30T00:00:00,2026-07-30T00:00:00,259,22,5,5,cd7dc73a-8ef4-11f1-9b18-005056b2a5de,01435f11-2e0c-497b-adfa-9c765c52364c,c5954a39-8ef4-11f1-9b18-005056b2a5de,827
01__NGA__PEP__LON__320,8934588012112,PEPSICO Lon 320ml,Nước Có Ga,Lon,0.0,13889.0,0.0,11598.940385,54.0,1316348.0,626342.78079,2025-11-04T00:00:00,2026-07-28T00:00:00,2026-08-03T00:00:00,2026-08-03T00:00:00,273,7,1,1,cd7d8c95-8ef4-11f1-9b18-005056b2a5de,89e66f05-7256-4094-abc9-c21eaad4ab2a,c5954a39-8ef4-11f1-9b18-005056b2a5de,828
01__NGA__MRD__CAM__320,8934588882111,PEPSICO Mirinda Cam Lon 320ml,Nước Có Ga,Lon,0.0,12037.0,0.0,11672.672131,1.0,340000.0,11672.672131,2025-11-09T00:00:00,2026-06-27T00:00:00,2026-07-30T00:00:00,2026-07-30T00:00:00,268,38,5,5,cd7d8412-8ef4-11f1-9b18-005056b2a5de,42ed7b64-3e2e-4694-b7c9-5c339348738a,c5954a39-8ef4-11f1-9b18-005056b2a5de,829
01__NGA__MIR__CHI__390,8934588883132,PEPSICO Mirinda Chai 390ml,Nước Có Ga,Chai,0.0,9259.0,0.0,9259.017964,44.0,266636.0,407396.790416,2026-01-02T00:00:00,2026-07-28T00:00:00,2026-08-02T00:00:00,2026-08-02T00:00:00,214,7,2,2,cd7e7186-8ef4-11f1-9b18-005056b2a5de,82827821-b930-4d3a-acd1-befabb7c71e8,c5954a39-8ef4-11f1-9b18-005056b2a5de,830
01__NGA__MRD__XXI__320,8934588132117,PEPSICO Mirinda Xá Xị Lon 320ml,Nước Có Ga,Lon,0.0,11111.0,0.0,9559.405405,23.0,81293.0,219866.324315,2025-11-10T00:00:00,2025-11-11T00:00:00,2025-11-24T00:00:00,2025-11-24T00:00:00,267,266,253,253,cd80142b-8ef4-11f1-9b18-005056b2a5de,33d8fe07-f339-4378-83ee-2ea536734149,c5954a39-8ef4-11f1-9b18-005056b2a5de,831
01__TDC__TEA__CHH__1500,8934588870101,PEPSICO Olong TEA+ Chanh Chai 1500ml,Trà Đóng Chai,Chai,0.0,25926.0,0.0,25926.0,0.0,0.0,0.0,2026-01-01T00:00:00,2026-01-01T00:00:00,2026-01-18T00:00:00,2026-01-18T00:00:00,215,215,198,198,cd7f80c8-8ef4-11f1-9b18-005056b2a5de,89731f88-6b6c-4919-8f0d-670c13d7d32a,c5954a39-8ef4-11f1-9b18-005056b2a5de,832
01__TDC__TEA__CHH__450,8934588923555,PEPSICO Olong TEA+ Chanh Chai 450ml,Trà Đóng Chai,Chai,0.0,12963.0,0.0,12209.203509,44.0,327838.0,537204.954396,2025-11-04T00:00:00,2026-07-28T00:00:00,2026-08-02T00:00:00,2026-08-02T00:00:00,273,7,2,2,cd7dc3cb-8ef4-11f1-9b18-005056b2a5de,9c0bc1a0-f764-4955-9373-96356d100bf6,c5954a39-8ef4-11f1-9b18-005056b2a5de,833
01__TDC__TEA__XAH__450,8934588870552,PEPSICO Olong TEA+ Trà Xanh Chai 450ml,Trà Đóng Chai,Chai,0.0,12963.0,0.0,12311.37037,20.0,502072.0,246227.4074,2025-11-10T00:00:00,2026-07-18T00:00:00,2026-08-02T00:00:00,2026-08-02T00:00:00,267,17,2,2,cd7db56f-8ef4-11f1-9b18-005056b2a5de,841d02cb-5bfd-4fe6-8f6d-e63760b6e38b,c5954a39-8ef4-11f1-9b18-005056b2a5de,834
01__NBD__REV__CHI__500,8934588843051,PEPSICO Revive Chai 500ml,Nước Bù Điện Giải,Chai,0.0,12727.0,0.0,11407.451677,22.0,876567.0,250963.936894,2025-11-14T00:00:00,2026-07-28T00:00:00,2026-08-03T00:00:00,2026-08-03T00:00:00,263,7,1,1,cd7dd5e3-8ef4-11f1-9b18-005056b2a5de,72e86341-ac8c-4db0-a410-bf879a20de02,c5954a39-8ef4-11f1-9b18-005056b2a5de,835
01__NBD__REV__CMI__500,8934588183133,PEPSICO Revive Chanh Muối Chai 500ml,Nước Bù Điện Giải,Chai,0.0,12727.0,0.0,11382.8,34.0,690298.0,387015.2,2025-12-10T00:00:00,2026-07-28T00:00:00,2026-08-02T00:00:00,2026-08-02T00:00:00,237,7,2,2,cd7d7b5e-8ef4-11f1-9b18-005056b2a5de,33c13587-ea65-4b74-be9b-2b8b6d3c1220,c5954a39-8ef4-11f1-9b18-005056b2a5de,836
01__NGA__ROC__LON__250,8934588712081,PEPSICO Rockstar Lon 250ml,Nước Có Ga,Lon,0.0,12963.0,0.0,12898.017544,2.0,297000.0,25796.035088,2025-12-10T00:00:00,2026-06-27T00:00:00,2026-08-02T00:00:00,2026-08-02T00:00:00,237,38,2,2,cd7e703e-8ef4-11f1-9b18-005056b2a5de,e019de91-92ed-48a9-bd83-a3364b7017da,c5954a39-8ef4-11f1-9b18-005056b2a5de,837
01__NGA__STI__DAU__330,8934588233074,PEPSICO Sting Dâu Chai 330ml,Nước Có Ga,Chai,0.0,13889.0,0.0,12533.740891,28.0,2238000.0,350944.744948,2025-11-14T00:00:00,2026-07-28T00:00:00,2026-08-03T00:00:00,2026-08-03T00:00:00,263,7,1,1,cd7dafab-8ef4-11f1-9b18-005056b2a5de,c363ca46-f417-444a-bb74-d94340f7f095,c5954a39-8ef4-11f1-9b18-005056b2a5de,838
01__NGA__STI__VAG__330,8934588173073,PEPSICO Sting Vàng Chai 330ml,Nước Có Ga,Chai,0.0,13889.0,0.0,12592.968191,18.0,1053000.0,226673.427438,2025-11-04T00:00:00,2026-07-18T00:00:00,2026-08-03T00:00:00,2026-08-03T00:00:00,273,17,1,1,cd7d7d36-8ef4-11f1-9b18-005056b2a5de,55cc1a49-e683-4d3c-b867-9b33c86d07c8,c5954a39-8ef4-11f1-9b18-005056b2a5de,839
01__STC__TWI__CAM__320,8934588253119,PEPSICO Twister Sữa Trái cây Vị Cam 320ml,Sữa Trái Cây,Chai,0.0,12727.0,0.0,12076.672566,25.0,211244.0,301916.81415,2025-12-10T00:00:00,2026-06-17T00:00:00,2026-08-02T00:00:00,2026-08-02T00:00:00,237,48,2,2,cd7e2754-8ef4-11f1-9b18-005056b2a5de,e1a4a5a0-011e-430f-838e-7a259a0cc3f4,c5954a39-8ef4-11f1-9b18-005056b2a5de,840
01__STC__TWI__DAU__320,8934588243110,PEPSICO Twister Sữa Trái cây Vị Dâu 320ml,Sữa Trái Cây,Chai,0.0,12727.0,0.0,12014.837838,41.0,296698.0,492608.351358,2025-12-10T00:00:00,2026-06-27T00:00:00,2026-07-30T00:00:00,2026-07-30T00:00:00,237,38,5,5,cd7d9ce3-8ef4-11f1-9b18-005056b2a5de,7e749f05-a66d-41ba-918d-9360d5e36a8b,c5954a39-8ef4-11f1-9b18-005056b2a5de,841
03__KCU__PLA__DAO__22,8859578601421,PLAYMORE Kẹo Đào Sakura 22g,Kẹo Cứng,Hũ,0.0,46296.0,0.0,45775.25,0.0,0.0,0.0,2025-12-17T00:00:00,2026-01-10T00:00:00,2025-12-25T00:00:00,2025-12-25T00:00:00,230,206,222,222,cd805449-8ef4-11f1-9b18-005056b2a5de,c3271556-f7e7-41cf-a47b-56e5f7f3fbb9,c5954a39-8ef4-11f1-9b18-005056b2a5de,842
03__KDE__PLA__SCA__64,8859578600073,PLAYMORE Kẹo Dẻo Sữa Chua 64g,Kẹo Dẻo,Hộp,0.0,41667.0,0.0,39522.631579,0.0,0.0,0.0,2026-02-28T00:00:00,2026-02-28T00:00:00,2026-05-21T00:00:00,2026-05-21T00:00:00,157,157,75,75,cd7fc268-8ef4-11f1-9b18-005056b2a5de,56f205f5-5455-42bf-8404-b5edcea964a6,c5954a39-8ef4-11f1-9b18-005056b2a5de,843
03__KDE__PLA__XHH__64,8859578600011,PLAYMORE Kẹo Dẻo Xếp Hình 64g,Kẹo Dẻo,Hộp,0.0,41667.0,0.0,38773.21875,5.0,147501.0,193866.09375,2025-11-21T00:00:00,2026-02-28T00:00:00,2026-05-09T00:00:00,2026-05-09T00:00:00,256,157,87,87,cd7e11c2-8ef4-11f1-9b18-005056b2a5de,12274d2c-73a9-4128-aaae-f9a01eee648f,c5954a39-8ef4-11f1-9b18-005056b2a5de,844
03__KCU__PLA__DHU__22,8859578600257,PLAYMORE Kẹo Dưa Hấu 22g,Kẹo Cứng,Hũ,0.0,38889.0,0.0,38645.671533,1.0,523800.0,38645.671533,2026-01-07T00:00:00,2026-06-28T00:00:00,2026-07-25T00:00:00,2026-07-25T00:00:00,209,37,10,10,cd7db4b3-8ef4-11f1-9b18-005056b2a5de,411baaef-7dec-4744-b56b-284178af05ed,c5954a39-8ef4-11f1-9b18-005056b2a5de,845
03__KCU__PLA__COL__22,8859578600882,PLAYMORE Kẹo The Cool 22g,Kẹo Cứng,Hũ,0.0,43518.5,0.0,35293.466667,0.0,0.0,0.0,2025-11-09T00:00:00,2026-04-04T00:00:00,2026-07-25T00:00:00,2026-07-25T00:00:00,268,122,10,10,cd7f3d45-8ef4-11f1-9b18-005056b2a5de,0e111024-6e14-49e1-9314-80bcc30f43d6,c5954a39-8ef4-11f1-9b18-005056b2a5de,846
03__KCU__PLA__TXH__22,8859578600318,PLAYMORE Kẹo The Táo Xanh 22g,Kẹo Cứng,Hũ,0.0,43519.0,0.0,33055.9,0.0,196200.0,0.0,2026-06-28T00:00:00,2026-06-28T00:00:00,2026-07-26T00:00:00,2026-07-26T00:00:00,37,37,9,9,cd7f1f38-8ef4-11f1-9b18-005056b2a5de,5b89d713-4ab5-45dd-a2d8-6d8fc16217e0,c5954a39-8ef4-11f1-9b18-005056b2a5de,847
03DPGPOCMUC70,8936079125004;8936079123291,POCA Đậu Phộng Rắc Rắc Vị Mực Cay 70g,Đậu Phộng,Bịch,0.0,13889.0,0.0,12759.731707,33.0,250800.0,421071.146331,2025-12-24T00:00:00,2026-07-28T00:00:00,2026-08-02T00:00:00,2026-08-02T00:00:00,223,7,2,2,cd7edd73-8ef4-11f1-9b18-005056b2a5de,3d9689dc-3fa4-4c3e-a53d-d0d9c676ee06,c5954a39-8ef4-11f1-9b18-005056b2a5de,848
03DPGPOCDUA70,8936079125011;8936079122348,POCA Đậu Phộng Rắc Rắc Vị Nước Cốt Dừa 70g,Đậu Phộng,Bịch,0.0,13889.0,0.0,12841.907692,57.0,455050.0,731988.738444,2025-11-09T00:00:00,2026-07-28T00:00:00,2026-08-02T00:00:00,2026-08-02T00:00:00,268,7,2,2,cd7e544b-8ef4-11f1-9b18-005056b2a5de,fac0e80d-24fc-4154-8d54-6c9b2ea1e04c,c5954a39-8ef4-11f1-9b18-005056b2a5de,849
03__BGO__POC__BIH__108,1200108004682,POCA Làng Gạo 108g,Bánh Gạo,Bịch,0.0,37037.0,0.0,37037.0,11.0,118458.0,407407.0,2025-11-09T00:00:00,2026-01-30T00:00:00,2026-05-16T00:00:00,2026-04-14T00:00:00,268,186,80,112,cd7fb015-8ef4-11f1-9b18-005056b2a5de,aeebe371-ba4b-41a7-9b98-39dd811c4eef,c5954a39-8ef4-11f1-9b18-005056b2a5de,850
03__BGO__POC__CUA__48,1200108005931,POCA Làng Gạo Vị Cua Nướng Cay 48g,Bánh Gạo,Bịch,0.0,18519.0,0.0,18519.0,-2.0,0.0,-37038.0,,,2026-07-12T00:00:00,2026-07-12T00:00:00,,,23,23,cd7f3fa4-8ef4-11f1-9b18-005056b2a5de,f7393725-b1e3-46f7-9b4a-b1973477ed48,c5954a39-8ef4-11f1-9b18-005056b2a5de,851
03__BGO__POC__PMI__48,1200108005955,POCA Làng Gạo Vị Phô Mai 48g,Bánh Gạo,Bịch,0.0,18519.0,0.0,18519.0,-1.0,0.0,-18519.0,,,2026-06-19T00:00:00,2026-06-19T00:00:00,,,46,46,cd7f2771-8ef4-11f1-9b18-005056b2a5de,3bf02278-daed-4e0d-80a1-ac68b3595a9a,c5954a39-8ef4-11f1-9b18-005056b2a5de,852
03__SKH__POC__BLL__60,8936079122249,POCA Snack Bò Lúc Lắc 60g,Snack Khác,Bịch,0.0,13889.0,0.0,11857.774194,0.0,0.0,0.0,2025-12-24T00:00:00,2026-01-29T00:00:00,2026-04-08T00:00:00,2026-04-08T00:00:00,223,187,118,118,cd7f6d06-8ef4-11f1-9b18-005056b2a5de,6abb6024-1e26-48d1-a5c1-dd34e750cc63,c5954a39-8ef4-11f1-9b18-005056b2a5de,853
03__SKH__POC__TAO__60,8936079124908,POCA Snack Cua Vị Tảo Biển 60g,Snack Khác,Bịch,0.0,13889.0,0.0,11522.555556,4.0,7785.0,46090.222224,2025-11-18T00:00:00,2026-02-13T00:00:00,2026-04-29T00:00:00,2026-04-29T00:00:00,259,172,97,97,cd7fa474-8ef4-11f1-9b18-005056b2a5de,e70f642d-ac63-44c2-8e5a-5ff273db1b18,c5954a39-8ef4-11f1-9b18-005056b2a5de,854
03__SKH__POC__GAQ__60,8936079123208,POCA Snack Gà Quay Da Giòn 60g,Snack Khác,Bịch,0.0,13889.0,0.0,12528.9375,-10.0,-73000.0,-125289.375,2025-12-24T00:00:00,2026-03-31T00:00:00,2026-05-24T00:00:00,2026-05-24T00:00:00,223,126,72,72,cd7e7d78-8ef4-11f1-9b18-005056b2a5de,e5486ff3-0721-4b6b-8073-25ab68b4a39a,c5954a39-8ef4-11f1-9b18-005056b2a5de,855
03__SKH__POC__PSU__30,8936079125523,POCA Snack Mũ Pháp Sư 30g,Snack Khác,Bịch,0.0,13889.0,0.0,12213.380952,0.0,0.0,0.0,2025-12-24T00:00:00,2026-02-23T00:00:00,2026-03-29T00:00:00,2026-03-29T00:00:00,223,162,128,128,cd7f7010-8ef4-11f1-9b18-005056b2a5de,f68fad84-d61f-47d9-8953-2b36e52a141f,c5954a39-8ef4-11f1-9b18-005056b2a5de,856
03__SKH__POC__MUC__60,8936079122256,POCA Snack Mực Lăn Muối Ớt 60g,Snack Khác,Bịch,0.0,13889.0,0.0,12102.211268,0.0,0.0,0.0,2025-11-09T00:00:00,2026-02-13T00:00:00,2026-03-27T00:00:00,2026-03-27T00:00:00,268,172,130,130,cd7dbecb-8ef4-11f1-9b18-005056b2a5de,a5cfb3dc-5b80-446a-bea7-60c41c582c84,c5954a39-8ef4-11f1-9b18-005056b2a5de,857
03__SKH__POC__TOM__60,8936079122263,POCA Snack Phồng Tôm 60g,Snack Khác,Bịch,0.0,13889.0,0.0,12268.5,0.0,0.0,0.0,2026-01-29T00:00:00,2026-01-29T00:00:00,2026-03-28T00:00:00,2026-03-28T00:00:00,187,187,129,129,cd8032a0-8ef4-11f1-9b18-005056b2a5de,299b43b9-b72e-45f2-a505-9905fd5c58dc,c5954a39-8ef4-11f1-9b18-005056b2a5de,858
03__SKH__POC__BBQ__60,8936079123307,POCA Snack Que Giòn Sườn Nướng BBQ 60g,Snack Khác,Bịch,0.0,12037.0,0.0,11522.555556,2.0,14600.0,23045.111112,2025-11-18T00:00:00,2025-11-18T00:00:00,2026-02-18T00:00:00,2026-02-18T00:00:00,259,259,167,167,cd800008-8ef4-11f1-9b18-005056b2a5de,ef9f5a32-da0f-4191-bef3-2ed441241f21,c5954a39-8ef4-11f1-9b18-005056b2a5de,859
02__XXH__PON__HEO__60,9555192501113,PONNIE Xúc Xích Dinh Dưỡng Bin&Bon Heo,Xúc Xích,Cái,0.0,5556.0,0.0,4433.625825,373.0,3639880.0,1653742.432725,2025-11-10T00:00:00,2026-07-28T00:00:00,2026-08-03T00:00:00,2026-08-03T00:00:00,267,7,1,1,cd7d8e03-8ef4-11f1-9b18-005056b2a5de,00b62c79-bfed-435f-8b35-3a1d324ad8c1,c5954a39-8ef4-11f1-9b18-005056b2a5de,860
02__XXH__PON__HEO__210,123456789,PONNIE Xúc Xích Dinh Dưỡng Bin&Bon Heo Bịch 210g,Xúc Xích,Bịch,0.0,23148.0,0.0,23148.0,2.0,0.0,46296.0,2025-10-29T00:00:00,2025-11-10T00:00:00,2025-11-27T00:00:00,2025-11-27T00:00:00,279,267,250,250,cd7f4bfa-8ef4-11f1-9b18-005056b2a5de,479fb5a9-7622-40eb-bd2b-b4870f7f9c1f,c5954a39-8ef4-11f1-9b18-005056b2a5de,861
02__XXH__PON__BAP__28,8936034876507,PONNIE Xúc Xích Giòn Ăn Liền Vị Bắp 28g,Xúc Xích,Cái,0.0,8333.0,0.0,7496.280417,1.0,95000.0,7496.280417,2025-11-18T00:00:00,2026-07-18T00:00:00,2026-08-02T00:00:00,2026-08-02T00:00:00,259,17,2,2,cd7da2af-8ef4-11f1-9b18-005056b2a5de,32e17b2e-27b2-43d3-aea0-5f489ce90e72,c5954a39-8ef4-11f1-9b18-005056b2a5de,862
02__XXH__PON__CAY__28,8936034876491,PONNIE Xúc Xích Giòn Ăn Liền Vị Cay 28g,Xúc Xích,Cái,0.0,8333.0,824.034335,7485.054593,12.0,108736.0,89820.655116,2025-11-18T00:00:00,2026-07-28T00:00:00,2026-08-03T00:00:00,2026-08-03T00:00:00,259,7,1,1,cd7e02c4-8ef4-11f1-9b18-005056b2a5de,6c4948af-903c-4506-adce-a492c879a82b,c5954a39-8ef4-11f1-9b18-005056b2a5de,863
02__XXH__PON__SNG__28,8936034876965,PONNIE Xúc Xích Giòn Ăn Liền Vị Sườn Nướng 28g,Xúc Xích,Cái,0.0,8333.0,0.0,7398.378764,23.0,128250.0,170162.711572,2025-11-18T00:00:00,2026-07-28T00:00:00,2026-08-03T00:00:00,2026-08-03T00:00:00,259,7,1,1,cd7d94c8-8ef4-11f1-9b18-005056b2a5de,36e39ff8-2004-44f6-9918-c76460a311cd,c5954a39-8ef4-11f1-9b18-005056b2a5de,864
02__XXH__PON__PMI__45,8936034875357,PONNIE Xúc Xích Nhân Phô Mai 45g,Xúc Xích,Cái,0.0,13889.0,0.0,8769.354098,2.0,384000.0,17538.708196,2025-11-18T00:00:00,2026-06-25T00:00:00,2026-06-30T00:00:00,2026-06-30T00:00:00,259,40,35,35,cd7dbca4-8ef4-11f1-9b18-005056b2a5de,2b5e38a6-8351-454a-a735-445ef54959f8,c5954a39-8ef4-11f1-9b18-005056b2a5de,865
03__KNO__POP__CHH__10,8850203020693,POPZA Kẹo Nổ Thái Lan Hương Chanh 10g,Kẹo Nổ,Bịch,0.0,7407.0,0.0,7407.125,0.0,0.0,0.0,2025-11-21T00:00:00,2025-11-21T00:00:00,2026-01-27T00:00:00,2026-01-27T00:00:00,256,256,189,189,cd7ff05d-8ef4-11f1-9b18-005056b2a5de,eafc91fb-50ef-4d92-8a30-25810dbce612,c5954a39-8ef4-11f1-9b18-005056b2a5de,866
03__KNO__POP__COL__10,8850203020648,POPZA Kẹo Nổ Thái Lan Hương Cola 10g,Kẹo Nổ,Bịch,0.0,9259.0,0.0,7504.657895,3.0,14368.0,22513.973685,2025-11-21T00:00:00,2026-01-10T00:00:00,2026-06-23T00:00:00,2026-06-23T00:00:00,256,206,42,42,cd800da1-8ef4-11f1-9b18-005056b2a5de,0a22e92f-7ee2-43a0-b808-f22adeee509c,c5954a39-8ef4-11f1-9b18-005056b2a5de,867
03__SKT__PRI__HAH__102,8886467100024,PRINGLES Snack Khoai Tây Vị Kem Hành Lon 102g,Snack Khoai Tây,Lon,0.0,50926.0,0.0,50926.0,0.0,0.0,0.0,2026-02-25T00:00:00,2026-02-25T00:00:00,2026-02-19T00:00:00,2026-02-19T00:00:00,160,160,166,166,cd805d0b-8ef4-11f1-9b18-005056b2a5de,64b8d02a-be26-4d6d-a9a5-6149653952c7,c5954a39-8ef4-11f1-9b18-005056b2a5de,868
03__SKT__PRI__HAH__42,8886467100246,PRINGLES Snack Khoai Tây Vị Kem Hành Lon 42g,Snack Khoai Tây,Lon,0.0,24074.0,0.0,23950.533333,0.0,0.0,0.0,2026-01-19T00:00:00,2026-01-28T00:00:00,2026-01-26T00:00:00,2026-01-26T00:00:00,197,188,190,190,cd7f54d2-8ef4-11f1-9b18-005056b2a5de,abc24de1-2c6f-4a4b-90ff-8c2798197f99,c5954a39-8ef4-11f1-9b18-005056b2a5de,869
03__SKT__PRI__VOT__102,8886467100055,PRINGLES Snack Khoai Tây Vị Ớt Lon 102g,Snack Khoai Tây,Lon,0.0,50926.0,0.0,47486.571429,0.0,0.0,0.0,2025-12-17T00:00:00,2025-12-17T00:00:00,2025-12-02T00:00:00,2025-12-02T00:00:00,230,230,245,245,cd80698e-8ef4-11f1-9b18-005056b2a5de,6df2d794-daf3-46d9-a55f-ca9dcea82dd6,c5954a39-8ef4-11f1-9b18-005056b2a5de,870
03__SKT__PRI__PMI__102,8886467100031,PRINGLES Snack Khoai Tây Vị Phô Mai Lon 102g,Snack Khoai Tây,Lon,0.0,50926.0,0.0,49074.0,0.0,0.0,0.0,,,2026-02-12T00:00:00,2026-02-12T00:00:00,,,173,173,cd7f9bdd-8ef4-11f1-9b18-005056b2a5de,d738875f-942a-4a44-886a-7184d21e8be8,c5954a39-8ef4-11f1-9b18-005056b2a5de,871
03__SKT__PRI__TNN__102,8886467100017,PRINGLES Snack Khoai Tây Vị Tự Nhiên Lon 102g,Snack Khoai Tây,Lon,0.0,50926.0,0.0,47037.0,0.0,0.0,0.0,,,2025-12-06T00:00:00,2025-12-06T00:00:00,,,241,241,cd801b3b-8ef4-11f1-9b18-005056b2a5de,4d02dd8f-a2da-45dc-8703-7fe5500e49d4,c5954a39-8ef4-11f1-9b18-005056b2a5de,872
03__SKT__PRI__TNN__42,8886467100260,PRINGLES Snack Khoai Tây Vị Tự Nhiên Lon 42g,Snack Khoai Tây,Lon,0.0,24074.0,0.0,24002.769231,0.0,0.0,0.0,2026-01-19T00:00:00,2026-01-19T00:00:00,2026-01-01T00:00:00,2026-01-01T00:00:00,197,197,215,215,cd806860-8ef4-11f1-9b18-005056b2a5de,27d435e4-d892-4dbe-adec-94cd79bc9af9,c5954a39-8ef4-11f1-9b18-005056b2a5de,873
06__RBC__KPS__BVE__01,8934839128913,PS Bàn Chải Bảo Vệ 123 Mềm MạI,Chăm Sóc Răng Miệng,Cái,0.0,12037.0,0.0,12037.0,1.0,8500.0,12037.0,2026-02-10T00:00:00,2026-02-10T00:00:00,2026-03-02T00:00:00,2026-03-02T00:00:00,175,175,155,155,cd803b99-8ef4-11f1-9b18-005056b2a5de,82458a1c-ec4c-4331-8a0a-1b0705a3cdec,c5954a39-8ef4-11f1-9b18-005056b2a5de,874
06__RBC__KPS__MEM__12,8934839135010,PS Bàn Chải Lông Tơ Mềm Mại *12c/vỉ,Chăm Sóc Răng Miệng,Cái,0.0,25926.0,0.0,25926.0,15.0,225065.0,388890.0,2026-03-16T00:00:00,2026-07-11T00:00:00,2026-08-01T00:00:00,2026-08-01T00:00:00,141,24,3,3,cd7dd2fe-8ef4-11f1-9b18-005056b2a5de,f676de85-ff30-4b5d-8310-5f033a990a31,c5954a39-8ef4-11f1-9b18-005056b2a5de,875
06__RBC__KPS__TRE__01,8934839128463,PS Bàn Chải MuốI Tre,Chăm Sóc Răng Miệng,Cái,0.0,32407.0,0.0,32036.866667,15.0,502119.0,480553.000005,2026-05-31T00:00:00,2026-07-18T00:00:00,2026-08-01T00:00:00,2026-08-01T00:00:00,65,17,3,3,cd7ec809-8ef4-11f1-9b18-005056b2a5de,347f299d-568e-4a7b-b84f-8c9e74613f8a,c5954a39-8ef4-11f1-9b18-005056b2a5de,876
06__RBC__KPS__MEM__01,8934839135003,PS Bàn Chải Siêu Mềm Lông Tơ Sạch Hiệu Quả,Chăm Sóc Răng Miệng,Cái,0.0,18519.0,0.0,18518.904762,1.0,0.0,18518.904762,2026-02-10T00:00:00,2026-04-25T00:00:00,2026-05-31T00:00:00,2026-05-31T00:00:00,175,101,65,65,cd7eaeeb-8ef4-11f1-9b18-005056b2a5de,55825ce2-6349-49cc-a270-4b5fd1964f49,c5954a39-8ef4-11f1-9b18-005056b2a5de,877
06__RBC__KPS__TBC__01,8934839135027,PS Bàn Chải Than Bạc Kháng Khuẩn,Chăm Sóc Răng Miệng,Cái,0.0,36111.0,0.0,35437.545455,0.0,0.0,0.0,,,2025-12-09T00:00:00,2025-12-09T00:00:00,,,238,238,cd801aaa-8ef4-11f1-9b18-005056b2a5de,6a014ca4-71b4-4eed-8bcc-7d34e51dd2b6,c5954a39-8ef4-11f1-9b18-005056b2a5de,878
06__RBC__KPS__T26__01,8934839123710,PS Bàn Chải Trẻ Em Siêu Mềm 2-6 Tuổi,Chăm Sóc Răng Miệng,Cái,0.0,18519.0,0.0,18519.0,3.0,36172.0,55557.0,2025-11-09T00:00:00,2025-11-09T00:00:00,2026-07-03T00:00:00,2026-07-03T00:00:00,268,268,32,32,cd7ff7e9-8ef4-11f1-9b18-005056b2a5de,b58cc363-c32d-4d0c-91eb-750b2c48ed0d,c5954a39-8ef4-11f1-9b18-005056b2a5de,879
06__RBC__KPS__T11__01,8934839123727,PS Bàn Chải Trẻ Em Siêu Mềm 7-11 Tuổi,Chăm Sóc Răng Miệng,Cái,0.0,18518.666667,0.0,18518.8,9.0,117948.0,166669.2,2025-11-09T00:00:00,2026-04-25T00:00:00,2026-06-19T00:00:00,2026-06-19T00:00:00,268,101,46,46,cd800fb6-8ef4-11f1-9b18-005056b2a5de,db3b10db-bd80-4943-9a3e-db0a32383052,c5954a39-8ef4-11f1-9b18-005056b2a5de,880
06__RKD__KPS__123__180,8934839127732,PS Kem Đánh Răng Bảo Vệ 123 180g,Chăm Sóc Răng Miệng,Cái,0.0,35185.0,0.0,35076.058824,3.0,81808.0,105228.176472,2025-11-09T00:00:00,2025-11-09T00:00:00,2026-04-24T00:00:00,2026-04-24T00:00:00,268,268,102,102,cd7febef-8ef4-11f1-9b18-005056b2a5de,81086c6b-e42e-455b-bfa0-fb595deec35f,c5954a39-8ef4-11f1-9b18-005056b2a5de,881
06__RKD__KPS__SAU__100,8934839131739,PS Kem Đánh Răng Ngừa Sâu Răng Vượt Trội 100g,Chăm Sóc Răng Miệng,Hộp,0.0,27778.0,0.0,27778.0,0.0,0.0,0.0,2026-03-16T00:00:00,2026-03-16T00:00:00,2026-06-07T00:00:00,2026-06-07T00:00:00,141,141,58,58,cd7e656b-8ef4-11f1-9b18-005056b2a5de,cf18ffa7-9209-4b43-b9ef-7c9c31a4e1aa,c5954a39-8ef4-11f1-9b18-005056b2a5de,882
06__RKD__KPS__THT__180,8934839128050,PS Kem Đánh Răng Than Hoạt Tính 180g,Chăm Sóc Răng Miệng,Cái,0.0,38889.0,0.0,38889.0,0.0,0.0,0.0,,,2026-02-19T00:00:00,2026-02-19T00:00:00,,,166,166,cd7e8ca5-8ef4-11f1-9b18-005056b2a5de,0f93303b-ade5-4961-827c-469548b35bb0,c5954a39-8ef4-11f1-9b18-005056b2a5de,883
06__RKD__KPS__TXH__180,8934839128098,PS Kem Đánh Răng Trà Xanh 180g,Chăm Sóc Răng Miệng,Cái,0.0,42593.0,0.0,41377.625,26.0,875063.0,1075818.25,2026-07-11T00:00:00,2026-07-11T00:00:00,2026-07-31T00:00:00,2026-07-31T00:00:00,24,24,4,4,cd803eb3-8ef4-11f1-9b18-005056b2a5de,48cc8104-621e-41fb-818e-bd85f42a7af5,c5954a39-8ef4-11f1-9b18-005056b2a5de,884
06__RKD__KPS__CAM__90,8934839131791,PS Kem Đánh Răng Trẻ Em 2-6 Tuổi Cam 90g,Chăm Sóc Răng Miệng,Cái,0.0,40741.0,0.0,40741.0,2.0,66358.0,81482.0,,,2026-07-24T00:00:00,2026-07-24T00:00:00,,,11,11,cd7f6a6d-8ef4-11f1-9b18-005056b2a5de,6e04e827-6802-4e43-907d-c58f9077cdd2,c5954a39-8ef4-11f1-9b18-005056b2a5de,885
06__RKD__KPS__26D__90,8934839135126,PS Kem Đánh Răng Trẻ Em 2-6 Tuổi Dâu 90g,Chăm Sóc Răng Miệng,Cái,0.0,37037.0,0.0,37037.0,1.0,15030.0,37037.0,,,2026-02-24T00:00:00,2026-02-24T00:00:00,,,161,161,cd7fc920-8ef4-11f1-9b18-005056b2a5de,212dff8b-92ae-4bc0-a137-094749b92ebf,c5954a39-8ef4-11f1-9b18-005056b2a5de,886
06__RKD__KPS__C26__45,8934839128999,PS Kem Đánh Răng Trẻ Em Hương Cam 45g,Chăm Sóc Răng Miệng,Cái,0.0,23148.0,0.0,23148.0,0.0,0.0,0.0,,,2026-06-26T00:00:00,2026-06-26T00:00:00,,,39,39,cd7e4ac3-8ef4-11f1-9b18-005056b2a5de,f1939160-0636-417d-b711-9e97642d7c43,c5954a39-8ef4-11f1-9b18-005056b2a5de,887
06__RKD__KPS__DAU__90,8934839129002,PS Kem Đánh Răng Trẻ Em Hương Dâu 45g,Chăm Sóc Răng Miệng,Cái,0.0,23148.0,0.0,23148.0,8.0,149309.0,185184.0,2026-07-11T00:00:00,2026-07-11T00:00:00,2026-07-17T00:00:00,2026-07-17T00:00:00,24,24,18,18,cd804ab5-8ef4-11f1-9b18-005056b2a5de,c9aa8fd4-1c4a-44ba-a242-821a22552a75,c5954a39-8ef4-11f1-9b18-005056b2a5de,888
06__VSK__PUL__3LO__1,8935018801610,PULPPY Khăn Giấy Cao Cấp 3 Lớp,Chăm Sóc Vệ Sinh Cá Nhân,Gói,0.0,5556.0,0.0,4933.98,17.0,60112.0,83877.66,2025-12-16T00:00:00,2026-04-29T00:00:00,2026-08-02T00:00:00,2026-08-02T00:00:00,231,97,2,2,cd7debd0-8ef4-11f1-9b18-005056b2a5de,1527628c-52d6-4fec-857b-0840414df40c,c5954a39-8ef4-11f1-9b18-005056b2a5de,889
04__PMM__QBB__HAT__90,4903308014426,QBB Phô Mai Các Loại Hạt Dinh Dưỡng 90g,Phô Mai,Hộp,0.0,101852.0,0.0,86481.333333,8.0,520000.0,691850.666664,2025-12-18T00:00:00,2026-06-16T00:00:00,2026-07-18T00:00:00,2026-07-18T00:00:00,229,49,17,17,cd7f5d17-8ef4-11f1-9b18-005056b2a5de,1cf7177f-7c8c-46ee-a201-2ab4366744e6,c5954a39-8ef4-11f1-9b18-005056b2a5de,890
04__PMM__QBB__VQT__90,4903308014433,QBB Phô Mai Dâu Mâm Xôi Việt Quất 90g,Phô Mai,Hộp,0.0,101852.0,0.0,91569.105263,0.0,0.0,0.0,2025-12-18T00:00:00,2026-03-01T00:00:00,2026-04-25T00:00:00,2026-04-25T00:00:00,229,156,101,101,cd7ee0a1-8ef4-11f1-9b18-005056b2a5de,d1653ef7-d279-4a5e-955f-0e15e7635272,c5954a39-8ef4-11f1-9b18-005056b2a5de,891
04__PMM__QBB__DLI__90,4903308060775,QBB Phô Mai Vị Dưa LướI 90g,Phô Mai,Hộp,0.0,101852.0,0.0,92628.230769,6.0,390000.0,555769.384614,2025-12-18T00:00:00,2026-06-16T00:00:00,2026-08-02T00:00:00,2026-08-02T00:00:00,229,49,2,2,cd7f4ff5-8ef4-11f1-9b18-005056b2a5de,520f255f-ccbe-4a3e-9f9b-1f6cfcd2fc9c,c5954a39-8ef4-11f1-9b18-005056b2a5de,892
04__PMM__QBB__NHO__90,4903308014419,QBB Phô Mai Vị Nho 90g,Phô Mai,Hộp,0.0,101852.0,0.0,94607.823529,1.0,65200.0,94607.823529,2025-12-18T00:00:00,2026-03-01T00:00:00,2026-07-29T00:00:00,2026-07-29T00:00:00,229,156,6,6,cd7fa265-8ef4-11f1-9b18-005056b2a5de,17aa4dec-d078-4060-a829-526ba5305745,c5954a39-8ef4-11f1-9b18-005056b2a5de,893
11__BSX__RAI__0MI__520,8934889801699,RAID Bình Xịt Côn Trùng Không Mùi 520ml,Đồ Dùng Bếp,Chai,0.0,58333.25,0.0,58333.2,0.0,0.0,0.0,,,2026-06-03T00:00:00,2026-06-03T00:00:00,,,62,62,cd7e220a-8ef4-11f1-9b18-005056b2a5de,d7ea2dc0-72ea-4b22-b9db-19b65adaf222,c5954a39-8ef4-11f1-9b18-005056b2a5de,894
11__BSX__RAI__LAV__700,8934889240313,RAID Bình Xịt Côn Trùng Lavender 520ml,Đồ Dùng Bếp,Chai,0.0,58333.333333,0.0,58333.333333,0.0,0.0,0.0,,,2026-04-07T00:00:00,2026-04-07T00:00:00,,,119,119,cd7f37ba-8ef4-11f1-9b18-005056b2a5de,e847d32d-eecf-4555-8399-606222efa947,c5954a39-8ef4-11f1-9b18-005056b2a5de,895
01__NLU__RED__CDE__145,8850228003046,REDBULL Nước Tăng Lực Chai Thủy Tinh Đen 145ml,Nước Tăng Lực,Chai,0.0,13636.0,0.0,13652.320197,46.0,452140.0,628006.729062,2025-12-05T00:00:00,2026-07-28T00:00:00,2026-08-01T00:00:00,2026-08-01T00:00:00,242,7,3,3,cd7f6888-8ef4-11f1-9b18-005056b2a5de,81bed724-5831-4f07-9d2c-ed2969ad5374,c5954a39-8ef4-11f1-9b18-005056b2a5de,896
01__NLU__RED__CDO__145,8850228003022,REDBULL Nước Tăng Lực Chai Thủy Tinh Đỏ 145ml,Nước Tăng Lực,Chai,0.0,13636.0,0.0,13669.101449,61.0,788840.0,833815.188389,2025-12-05T00:00:00,2026-07-28T00:00:00,2026-08-01T00:00:00,2026-08-01T00:00:00,242,7,3,3,cd7e3da6-8ef4-11f1-9b18-005056b2a5de,350ba9ba-1167-4ece-a7b9-9c17fdcefcfa,c5954a39-8ef4-11f1-9b18-005056b2a5de,897
01__NLU__RED__CXA__145,8850228000106,REDBULL Nước Tăng Lực Chai Thủy Tinh Xanh 145ml,Nước Tăng Lực,Chai,0.0,13636.0,0.0,13658.518987,59.0,1199250.0,805852.620233,2025-12-05T00:00:00,2026-07-28T00:00:00,2026-08-01T00:00:00,2026-08-01T00:00:00,242,7,3,3,cd7d8b20-8ef4-11f1-9b18-005056b2a5de,774b4b27-616b-47b5-9f81-ae388f1cd2a9,c5954a39-8ef4-11f1-9b18-005056b2a5de,898
01__NLU__RED__TH2__250,8850228007617,REDBULL Nước Tăng Lực Vàng Thailand 250ml,Nước Tăng Lực,Lon,0.0,18182.0,0.0,17404.428571,3.0,29369.0,52213.285713,2025-12-05T00:00:00,2025-12-05T00:00:00,2026-01-19T00:00:00,2026-01-19T00:00:00,242,242,197,197,cd804e86-8ef4-11f1-9b18-005056b2a5de,9139ef17-9161-4d98-9b54-0077f7787762,c5954a39-8ef4-11f1-9b18-005056b2a5de,899
01NLUREDTHA250,8850228000151,REDBULL Nước Tăng Lực Vàng Thailand 250ml,Nước Tăng Lực,Lon,0.0,18519.0,0.0,18518.958333,0.0,0.0,0.0,,,2025-11-27T00:00:00,2025-11-27T00:00:00,,,250,250,cd7f04cc-8ef4-11f1-9b18-005056b2a5de,c86c7b4b-b5ad-4d41-885a-70b717468e7c,c5954a39-8ef4-11f1-9b18-005056b2a5de,900
01__NLU__RED__VAG__250,8935112200005,REDBULL Nước Tăng Lực Vàng Việt 250ml,Nước Tăng Lực,Lon,0.0,15455.0,0.0,15158.472995,65.0,1715712.0,985300.744675,2025-11-01T00:00:00,2026-07-28T00:00:00,2026-08-03T00:00:00,2026-08-03T00:00:00,276,7,1,1,cd7dc315-8ef4-11f1-9b18-005056b2a5de,f965db1e-663f-4e22-ab98-499a55aa90ea,c5954a39-8ef4-11f1-9b18-005056b2a5de,901
01__NLU__RED__XDG__250,9002490267551,REDBULL Nước Tăng Lực Xanh Dương 250ml,Nước Tăng Lực,Lon,0.0,33333.0,0.0,32592.25,0.0,0.0,0.0,2025-11-09T00:00:00,2025-11-09T00:00:00,2025-11-13T00:00:00,2025-11-13T00:00:00,268,268,264,264,cd801a22-8ef4-11f1-9b18-005056b2a5de,e11d0c2a-5f85-44ca-affc-486ff8e0102a,c5954a39-8ef4-11f1-9b18-005056b2a5de,902
03__BGO__RJI__CSA__145,8938532962362,RICHY JINJU Bánh Gạo Cốm Sữa 145g (16 gói),Bánh Gạo,Bịch,0.0,35185.0,0.0,35185.0,7.0,111293.0,246295.0,2026-01-30T00:00:00,2026-01-30T00:00:00,2026-06-04T00:00:00,2026-06-04T00:00:00,186,186,61,61,cd804d46-8ef4-11f1-9b18-005056b2a5de,9a03b80d-c5e9-4d7a-a8a6-7312b0bc330c,c5954a39-8ef4-11f1-9b18-005056b2a5de,903
03__BGO__RJI__GMO__100,8938506170540,RICHY JINJU Bánh Gạo Ganjang Mật Ong 100g,Bánh Gạo,Bịch,0.0,24074.0,0.0,23302.333333,0.0,0.0,0.0,,,2026-05-26T00:00:00,2026-05-26T00:00:00,,,70,70,cd7f03b6-8ef4-11f1-9b18-005056b2a5de,be14a98d-97a8-4e30-a3a8-5868a82262d0,c5954a39-8ef4-11f1-9b18-005056b2a5de,904
03__BMI__RKA__PMC__192,8936226200073,RICHY KARO Bánh Phô Mai Chà Bông 192g (8 gói),Bánh Mì Mềm,Bịch,0.0,41667.0,0.0,41667.0,9.0,52500.0,375003.0,2025-11-09T00:00:00,2025-11-09T00:00:00,2025-11-15T00:00:00,2025-11-15T00:00:00,268,268,262,262,cd801d74-8ef4-11f1-9b18-005056b2a5de,5d59be7f-1053-42b6-82f3-aa536d912ce5,c5954a39-8ef4-11f1-9b18-005056b2a5de,905
03__BMI__RKA__TCB__156,8938506170892,RICHY KARO Bánh Trứng Tươi Chà Bông 156g (6 gói),Bánh Mì Mềm,Bịch,0.0,37037.0,0.0,37037.0,4.0,116000.0,148148.0,,,2025-11-05T00:00:00,2025-11-05T00:00:00,,,272,272,cd802a63-8ef4-11f1-9b18-005056b2a5de,ef942313-a667-44e9-88b0-39b7c65b8996,c5954a39-8ef4-11f1-9b18-005056b2a5de,906
03__BQU__RKE__NOU__186,8938532962515,RICHY KENJU Bánh Kem Dẻo Nougat 186g,Bánh Quy,Bịch,0.0,46296.0,0.0,45678.666667,8.0,240760.0,365429.333336,,,2026-05-15T00:00:00,2026-05-15T00:00:00,,,81,81,cd7ef1fe-8ef4-11f1-9b18-005056b2a5de,d25d3c58-ee5a-4dc4-a180-54f3748ceddb,c5954a39-8ef4-11f1-9b18-005056b2a5de,907
03__BQU__RKE__RCU__192,8936047443772,RICHY KENJU Bánh Quy Rau Củ 192g,Bánh Quy,Bịch,0.0,42593.0,0.0,42251.842105,1.0,27429.0,42251.842105,,,2026-07-29T00:00:00,2026-07-29T00:00:00,,,6,6,cd7eedb7-8ef4-11f1-9b18-005056b2a5de,4e32b5db-8cf5-4b04-aa3c-db785aa9dbbf,c5954a39-8ef4-11f1-9b18-005056b2a5de,908
03__BQU__RKE__RCU__288,8936047443857,RICHY KENJU Bánh Quy Rau Củ Hộp 288g (24 gói),Bánh Quy,Bịch,0.0,61111.0,0.0,60740.6,8.0,318856.0,485924.8,,,2026-07-23T00:00:00,2026-07-23T00:00:00,,,12,12,cd7ef3bc-8ef4-11f1-9b18-005056b2a5de,f74742fc-5b9e-416f-b61b-003cea36001b,c5954a39-8ef4-11f1-9b18-005056b2a5de,909
03__BQU__RKE__TOM__192,8936047440290,RICHY KENJU Bánh Quy Vị Tôm 192g,Bánh Quy,Bịch,0.0,42593.0,0.0,42500.35,0.0,0.0,0.0,,,2026-05-24T00:00:00,2026-05-24T00:00:00,,,72,72,cd7ed2b9-8ef4-11f1-9b18-005056b2a5de,2a373e0b-3da3-4897-a517-4f66e5ef6248,c5954a39-8ef4-11f1-9b18-005056b2a5de,910
03__BQU__RIT__PMI__106,4547894640296,RITZ Bánh Quy Kem Phô Mai Hộp 106g,Bánh Quy,Hộp,0.0,37037.0,0.0,39562.272727,0.0,0.0,0.0,2025-12-24T00:00:00,2025-12-24T00:00:00,2026-07-01T00:00:00,2026-07-01T00:00:00,223,223,34,34,cd7e768c-8ef4-11f1-9b18-005056b2a5de,909821c9-cb03-42d3-94a8-92a3bbd9b3f4,c5954a39-8ef4-11f1-9b18-005056b2a5de,911
03__BQU__RIT__SAN__1,4893049120008,RITZ Crackers Sandwich Cheese 118g,Bánh Quy,Gói,0.0,27778.0,0.0,25243.684211,10.0,144717.0,252436.84211,2025-12-24T00:00:00,2026-06-26T00:00:00,2026-08-02T00:00:00,2026-08-02T00:00:00,223,39,2,2,cd7f801c-8ef4-11f1-9b18-005056b2a5de,b4835ed4-2ca9-41e6-8731-f1afa465dba7,c5954a39-8ef4-11f1-9b18-005056b2a5de,912
06__TGC__RMO__DDO__180,8935212810951,ROMANO Dầu Gội Attitude Đỏ 180g,Chăm Sóc Tóc,Chai,0.0,69444.0,0.0,69444.0,0.0,0.0,0.0,,,2026-06-20T00:00:00,2026-06-20T00:00:00,,,45,45,cd7f2328-8ef4-11f1-9b18-005056b2a5de,f94581f1-ff6e-464a-a528-2ae2c2ad0bac,c5954a39-8ef4-11f1-9b18-005056b2a5de,913
06__TGC__RMO__XLA__180,8935212810029,ROMANO Dầu Gội Classic Xanh Lá 180g,Chăm Sóc Tóc,Chai,0.0,69444.0,0.0,69444.0,4.0,202880.0,277776.0,,,2026-06-24T00:00:00,2026-06-24T00:00:00,,,41,41,cd7ed05e-8ef4-11f1-9b18-005056b2a5de,1cce36c7-71e1-4b8f-96c1-e21d2746f0f2,c5954a39-8ef4-11f1-9b18-005056b2a5de,914
06__TTG__RMO__DDO__650,8935212812344,ROMANO Tắm Gội 2in1 Attitude Đỏ 650g,Chăm Sóc Tóc,Chai,0.0,183333.0,0.0,183333.0,4.0,576000.0,733332.0,,,2026-02-19T00:00:00,2026-02-19T00:00:00,,,166,166,cd7fb66c-8ef4-11f1-9b18-005056b2a5de,a0bee1ee-5fda-4e55-8eb9-6915697e55f0,c5954a39-8ef4-11f1-9b18-005056b2a5de,915
06__TTG__RMO__XLA__180,8935212810081,ROMANO Tắm Gội 2in1 Classic Xanh Lá 180g,Chăm Sóc Tóc,Chai,0.0,69444.0,0.0,69444.0,8.0,375040.0,555552.0,,,2026-06-03T00:00:00,2026-06-03T00:00:00,,,62,62,cd7eccea-8ef4-11f1-9b18-005056b2a5de,9196fd84-0f76-485c-8e81-2f63e3a94063,c5954a39-8ef4-11f1-9b18-005056b2a5de,916
06__TTG__RMO__XLA__650,8935212811477,ROMANO Tắm Gội 2in1 Classic Xanh Lá 650g,Chăm Sóc Tóc,Chai,0.0,183333.0,0.0,183333.0,1.0,144000.0,183333.0,,,2026-06-16T00:00:00,2026-06-16T00:00:00,,,49,49,cd7ee945-8ef4-11f1-9b18-005056b2a5de,8fdac043-3e1e-4c01-8788-12398f5af073,c5954a39-8ef4-11f1-9b18-005056b2a5de,917
06__DXK__RMO__DDO__195,8935212811729,ROMANO Xịt Ngăn Mùi Toàn Thân Attitude Đỏ 195ml,Chăm Sóc Da & Cơ Thể,Chai,0.0,101851.75,0.0,101851.75,0.0,0.0,0.0,,,2025-11-01T00:00:00,2025-11-01T00:00:00,,,276,276,cd8024d9-8ef4-11f1-9b18-005056b2a5de,e19d1df1-d444-4777-a4d8-0e0b40d5ace5,c5954a39-8ef4-11f1-9b18-005056b2a5de,918
06__DXK__RMO__XLA__195,8935212811699,ROMANO Xịt Ngăn Mùi Toàn Thân Classic Xanh Lá 195ml,Chăm Sóc Da & Cơ Thể,Chai,0.0,101852.0,0.0,101852.0,0.0,0.0,0.0,,,2026-06-11T00:00:00,2026-06-11T00:00:00,,,54,54,cd7f229f-8ef4-11f1-9b18-005056b2a5de,936142e3-7cc2-44fe-96a8-827396f26cf0,c5954a39-8ef4-11f1-9b18-005056b2a5de,919
03__CCY__ROP__CBO__80,8938545884224,ROP Cơm Cháy Chà Bông Túi 80g,Cơm Cháy,Túi,0.0,41667.0,0.0,41666.944444,2.0,53800.0,83333.888888,2025-12-27T00:00:00,2025-12-27T00:00:00,2026-06-10T00:00:00,2026-06-10T00:00:00,220,220,55,55,cd805a7a-8ef4-11f1-9b18-005056b2a5de,0785f19a-a240-49ba-9cd4-7c6962afbf70,c5954a39-8ef4-11f1-9b18-005056b2a5de,920
03__CCY__ROP__PMT__80,8938545884231,ROP Cơm Cháy Phôi Mai Trứng Muối Túi 80g,Cơm Cháy,Túi,0.0,50926.0,0.0,50926.0,2.0,65000.0,101852.0,2025-12-27T00:00:00,2025-12-27T00:00:00,2026-06-17T00:00:00,2026-06-17T00:00:00,220,220,48,48,cd7ea1b7-8ef4-11f1-9b18-005056b2a5de,da59048b-7927-4d8f-832e-d33c166f66ee,c5954a39-8ef4-11f1-9b18-005056b2a5de,921
03__CCY__ROP__RBI__80,8938545884118,ROP Cơm Cháy Rong Biển Chà Bông Túi 80g,Cơm Cháy,Túi,0.0,41667.0,0.0,41667.0,0.0,0.0,0.0,2025-12-27T00:00:00,2025-12-27T00:00:00,2026-04-15T00:00:00,2026-04-15T00:00:00,220,220,111,111,cd7f602b-8ef4-11f1-9b18-005056b2a5de,b833d9c0-4227-46f1-8cd2-9a0ce79c78b9,c5954a39-8ef4-11f1-9b18-005056b2a5de,922
02__XXH__S2__BAP__34,8936211626642,S2 Xúc Xích Siume Bắp Ngọt 34g,Xúc Xích,Cái,0.0,7407.0,0.0,7407.174312,91.0,592800.0,674052.862392,2026-06-10T00:00:00,2026-07-21T00:00:00,2026-08-02T00:00:00,2026-08-02T00:00:00,55,14,2,2,cd7f761c-8ef4-11f1-9b18-005056b2a5de,3e8a3b88-eed8-4aa4-aa70-9c1df37c6691,c5954a39-8ef4-11f1-9b18-005056b2a5de,923
02__XXH__S2__CAY__34,8936211626635,S2 Xúc Xích Siume Cay Tứ Xuyên 34g,Xúc Xích,Cái,0.0,7407.5,0.0,7407.163793,84.0,800000.0,622201.758612,2026-06-10T00:00:00,2026-07-21T00:00:00,2026-08-03T00:00:00,2026-08-03T00:00:00,55,14,1,1,cd7e6afa-8ef4-11f1-9b18-005056b2a5de,591c61c0-c581-47d3-8315-06d7d11a8269,c5954a39-8ef4-11f1-9b18-005056b2a5de,924
02__XXH__S2__PMI__34,8936211627946,S2 Xúc Xích Siume Nhân Phô Mai 34g,Xúc Xích,Cái,0.0,7407.0,0.0,7407.201493,66.0,800000.0,488875.298538,2026-06-10T00:00:00,2026-07-21T00:00:00,2026-08-02T00:00:00,2026-08-02T00:00:00,55,14,2,2,cd7f7a75-8ef4-11f1-9b18-005056b2a5de,0c406a73-02b5-4938-91ba-5d04d20b608a,c5954a39-8ef4-11f1-9b18-005056b2a5de,925
01__BLO__SGN__LON__330,8935012413321,SAIGON Bia Lon 330ml,Bia Lon,Lon,0.0,14545.444444,166.891821,15098.525471,78.0,8238744.0,1177684.986738,2025-12-09T00:00:00,2026-07-17T00:00:00,2026-08-02T00:00:00,2026-08-02T00:00:00,238,18,2,2,cd7da07f-8ef4-11f1-9b18-005056b2a5de,0fcd9987-409e-468d-8ab2-5d77d086f697,c5954a39-8ef4-11f1-9b18-005056b2a5de,926
02__MGO__SAM__GCY__145,8801073113329,SAMYANG Mì Gói Gà Cay Đỏ 145g,Mì Gói,Gói,0.0,33333.0,0.0,33333.136986,48.0,1072403.0,1599990.575328,2025-12-05T00:00:00,2026-03-07T00:00:00,2026-08-03T00:00:00,2026-08-03T00:00:00,242,150,1,1,cd805638-8ef4-11f1-9b18-005056b2a5de,f3074f3c-1490-4eca-8a6d-39bc5bf9ef40,c5954a39-8ef4-11f1-9b18-005056b2a5de,927
02__MGO__SAM__DEN__140,8801073110502,SAMYANG Mì Gói Khô Gà Cay Đen 140g,Mì Gói,Gói,0.0,31481.0,0.0,31481.161017,1.0,723463.0,31481.161017,2025-12-05T00:00:00,2026-03-07T00:00:00,2026-07-15T00:00:00,2026-07-15T00:00:00,242,150,20,20,cd7f95ad-8ef4-11f1-9b18-005056b2a5de,8ec11f84-62db-4f21-b307-44355ecde97f,c5954a39-8ef4-11f1-9b18-005056b2a5de,928
02__MGO__SAM__HOG__130,8801073113893,SAMYANG Mì Gói Khô Gà Cay Hồng 130g,Mì Gói,Gói,0.0,33333.0,0.0,33333.152672,28.0,1023448.0,933328.274816,2025-12-05T00:00:00,2026-08-02T00:00:00,2026-08-03T00:00:00,2026-08-03T00:00:00,242,2,1,1,cd7dd810-8ef4-11f1-9b18-005056b2a5de,9101927c-1a1b-4234-9501-4bed86203c41,c5954a39-8ef4-11f1-9b18-005056b2a5de,929
02__MGO__SAM__VAG__140,8801073113268,SAMYANG Mì Gói Khô Gà Cay Vàng 140g,Mì Gói,Gói,0.0,33333.0,0.0,33333.113821,76.0,2364118.0,2533316.650396,2025-12-05T00:00:00,2026-08-02T00:00:00,2026-07-30T00:00:00,2026-07-30T00:00:00,242,2,5,5,cd7e5c8b-8ef4-11f1-9b18-005056b2a5de,afb81e12-3229-460b-95ba-2144024d0dcd,c5954a39-8ef4-11f1-9b18-005056b2a5de,930
02__MIL__SAM__GCY__70,8801073210776,SAMYANG Mì Ly Khô Gà Cay Đen 70g,Mì Ly,Ly,0.0,35185.0,0.0,35185.044118,6.0,123000.0,211110.264708,2025-11-01T00:00:00,2026-05-18T00:00:00,2026-06-20T00:00:00,2026-06-20T00:00:00,276,78,45,45,cd7f6bbc-8ef4-11f1-9b18-005056b2a5de,6b680b71-6b76-4e41-8520-0c1abd85a1e9,c5954a39-8ef4-11f1-9b18-005056b2a5de,931
02__MIL__SAM__NAR__80,8801073211667,SAMYANG Mì Ly Khô Gà Cay NARA Hồng 80g,Mì Ly,Ly,0.0,37037.0,0.0,36166.56,39.0,2268000.0,1410495.84,2025-11-01T00:00:00,2026-08-02T00:00:00,2026-08-01T00:00:00,2026-08-01T00:00:00,276,2,3,3,cd7e1d17-8ef4-11f1-9b18-005056b2a5de,e792ec3e-9075-48cb-88fd-8258c1c11831,c5954a39-8ef4-11f1-9b18-005056b2a5de,932
02__MIL__SAM__PMI__70,8801073211254,SAMYANG Mì Ly Khô Phô Mai Vàng 70g,Mì Ly,Ly,0.0,37037.0,1716.8125,35798.865169,61.0,2268000.0,2183730.775309,2025-10-28T00:00:00,2026-08-02T00:00:00,2026-08-02T00:00:00,2026-08-02T00:00:00,280,2,2,2,cd7f9fc7-8ef4-11f1-9b18-005056b2a5de,12eac41d-7f9b-44f2-afb8-fcdea8dca7a8,c5954a39-8ef4-11f1-9b18-005056b2a5de,933
01__BLO__SAP__LON__330,8936061260218,SAPPORO Bia Lon 330ml,Bia Lon,Lon,0.0,27272.666667,0.0,27391.558824,17.0,898000.0,465656.500008,2026-01-28T00:00:00,2026-06-28T00:00:00,2026-08-02T00:00:00,2026-08-02T00:00:00,188,37,2,2,cd7eea93-8ef4-11f1-9b18-005056b2a5de,32da260b-e5dd-4314-86ae-1e0fc63ffb48,c5954a39-8ef4-11f1-9b18-005056b2a5de,934
01__BLO__SAP__PRE__330,8936061260478,SAPPORO Premium 100 Bia Lon 330ml,Bia Lon,Lon,0.0,29630.0,0.0,29236.833333,24.0,469441.0,701683.999992,2025-12-16T00:00:00,2025-12-16T00:00:00,2025-12-21T00:00:00,2025-12-21T00:00:00,231,231,226,226,cd807077-8ef4-11f1-9b18-005056b2a5de,1c6a4f7f-23a9-4ba7-a2e7-46d84a3cddbb,c5954a39-8ef4-11f1-9b18-005056b2a5de,935
03__SKH__SBT__GLT__285,8936217400970,SBT Lương Khô Ăn Kiêng Gạo Lứt 285g,Snack Khác,Bịch,0.0,39815.0,0.0,39494.461538,10.0,260000.0,394944.61538,2025-11-15T00:00:00,2026-07-17T00:00:00,2026-07-20T00:00:00,2026-07-20T00:00:00,262,18,15,15,cd7ece16-8ef4-11f1-9b18-005056b2a5de,8a7929ea-d873-493c-a9be-5047bcf9d7c0,c5954a39-8ef4-11f1-9b18-005056b2a5de,936
03__SKH__SBT__HDU__285,8936217400253,SBT Lương Khô Hạt Điều 285g,Snack Khác,Bịch,0.0,39815.0,0.0,39331.869565,15.0,334319.0,589978.043475,2025-11-14T00:00:00,2026-07-17T00:00:00,2026-07-23T00:00:00,2026-07-23T00:00:00,263,18,12,12,cd7f3f1d-8ef4-11f1-9b18-005056b2a5de,8ebdefaa-9d9e-46e7-ade9-06d9893ce2c1,c5954a39-8ef4-11f1-9b18-005056b2a5de,937
03__SKH__SBT__MAT__285,8936217400291,SBT Lương Khô Matcha 285g,Snack Khác,Bịch,0.0,39815.0,0.0,39815.0,0.0,0.0,0.0,2026-06-10T00:00:00,2026-06-10T00:00:00,2026-06-11T00:00:00,2026-06-11T00:00:00,55,55,54,54,cd7f7ebd-8ef4-11f1-9b18-005056b2a5de,1f2e9630-9e8d-47d2-a4ee-31b23f95fd17,c5954a39-8ef4-11f1-9b18-005056b2a5de,938
03__SKH__SBT__OCH__285,8936217400260,SBT Lương Khô Óc Chó 285g,Snack Khác,Bịch,0.0,39815.0,0.0,39398.3,13.0,335670.0,512177.9,2025-11-09T00:00:00,2026-07-17T00:00:00,2026-07-23T00:00:00,2026-07-23T00:00:00,268,18,12,12,cd7f839d-8ef4-11f1-9b18-005056b2a5de,b3f98591-dd6d-4695-add5-0f06f53f9021,c5954a39-8ef4-11f1-9b18-005056b2a5de,939
03__SKH__SBT__SOC__285,8936217400284,SBT Lương Khô Socola Chip 285g,Snack Khác,Bịch,0.0,39815.0,0.0,39406.470588,14.0,362249.0,551690.588232,2025-11-09T00:00:00,2026-07-17T00:00:00,2026-07-31T00:00:00,2026-07-31T00:00:00,268,18,4,4,cd7eda67-8ef4-11f1-9b18-005056b2a5de,b67abbe2-916f-49be-b560-5af2afc0eb9d,c5954a39-8ef4-11f1-9b18-005056b2a5de,940
02__MGO__SED__GCY__87,8998866631150,SEDAAP Mì Trộn Gà Cay Hàn Quốc Gói 87g,Mì Gói,Gói,0.0,14815.0,0.0,12313.350785,14.0,265440.0,172386.91099,2025-11-01T00:00:00,2026-06-05T00:00:00,2026-07-31T00:00:00,2026-07-31T00:00:00,276,60,4,4,cd7d9c27-8ef4-11f1-9b18-005056b2a5de,5147ad6a-0503-4c27-8e2e-123db110c210,c5954a39-8ef4-11f1-9b18-005056b2a5de,941
02__MGO__SED__PMI__86,8998866631174,SEDAAP Mì Trộn Gà Cay Phô Mai Gói 86g,Mì Gói,Gói,0.0,14815.0,700.576923,12315.966527,24.0,271004.0,295583.196648,2025-11-01T00:00:00,2026-06-05T00:00:00,2026-08-02T00:00:00,2026-08-02T00:00:00,276,60,2,2,cd7f58a5-8ef4-11f1-9b18-005056b2a5de,71ed7cf2-8191-4c5e-889c-0a2ae19c9609,c5954a39-8ef4-11f1-9b18-005056b2a5de,942
02__MGO__SED__XAO__90,8998866631136,SEDAAP Mì Trộn Vị Mì Xào Gói 90g,Mì Gói,Gói,0.0,8333.0,0.0,8333.284211,0.0,0.0,0.0,2025-11-15T00:00:00,2026-03-04T00:00:00,2026-06-15T00:00:00,2026-06-15T00:00:00,262,153,50,50,cd7f8a29-8ef4-11f1-9b18-005056b2a5de,f41e5300-866a-46d2-b5de-e365ed0b146f,c5954a39-8ef4-11f1-9b18-005056b2a5de,943
06__DTT__SIL__JAP__82,4903111455546,SILCOT Bông Tẩy Trang Nhật Bản 82 Miếng,Chăm Sóc Da & Cơ Thể,Hộp,0.0,41667.0,0.0,40456.0,0.0,0.0,0.0,2026-01-07T00:00:00,2026-01-07T00:00:00,2026-02-18T00:00:00,2026-02-18T00:00:00,209,209,167,167,cd7ede1d-8ef4-11f1-9b18-005056b2a5de,751c5ac1-2138-4879-83c6-6369666f9f91,c5954a39-8ef4-11f1-9b18-005056b2a5de,944
06__DTT__SIL__JAP__66,4903111424283,SILCOT Bông Tẩy Trang Nhật Bản Cao Cấp 66 Miếng,Chăm Sóc Da & Cơ Thể,Hộp,0.0,46296.0,0.0,46296.028571,12.0,415496.0,555552.342852,2026-02-11T00:00:00,2026-07-13T00:00:00,2026-08-01T00:00:00,2026-08-01T00:00:00,174,22,3,3,cd7e191f-8ef4-11f1-9b18-005056b2a5de,1181a292-8aaa-476e-a76a-394db72943db,c5954a39-8ef4-11f1-9b18-005056b2a5de,945
08__TKM__SIL__CNU__1000,4520699643457,SILVER SPOON Thức Ăn Cho Mèo Vị Cá Ngừ 1Kg,Thức Ăn Thú Cưng,Bịch,0.0,155556.0,0.0,154167.0,13.0,1755000.0,2004171.0,,,2026-01-11T00:00:00,2025-12-11T00:00:00,,,205,236,cd8026a1-8ef4-11f1-9b18-005056b2a5de,696d926d-91d6-474a-9677-bc0af70c787d,c5954a39-8ef4-11f1-9b18-005056b2a5de,946
08__TKM__SIL__TGA__1000,4520699643815,SILVER SPOON Thức Ăn Cho Mèo Vị Thịt Gà 1Kg,Thức Ăn Thú Cưng,Bịch,0.0,155555.5,0.0,155555.545455,0.0,0.0,0.0,,,2026-06-21T00:00:00,2026-06-21T00:00:00,,,44,44,cd7f6d8a-8ef4-11f1-9b18-005056b2a5de,ab8644cd-42fc-4dd9-91a9-2e9dd7be3b1b,c5954a39-8ef4-11f1-9b18-005056b2a5de,947
05__GDA__SIM__DNH__1000,8934988020021,SIMPLY Dầu Đậu Nành 1L,Gia Vị Nhà Bếp,Chai,0.0,73148.0,0.0,73148.0,24.0,1203446.0,1755552.0,2025-11-09T00:00:00,2025-11-09T00:00:00,2026-02-14T00:00:00,2026-02-14T00:00:00,268,268,171,171,cd7fcfd8-8ef4-11f1-9b18-005056b2a5de,7c0a75ea-a9bb-4fc2-970b-37a195a64c8c,c5954a39-8ef4-11f1-9b18-005056b2a5de,948
03__KDE__SKI__SCA__43,4894900030092,SKITTLES Kẹo Dẻo Vị Sữa Chua Trái Cây 42.5g,Kẹo Dẻo,Bịch,0.0,31481.5,0.0,21641.338983,15.0,182860.0,324620.084745,2026-03-16T00:00:00,2026-07-28T00:00:00,2026-07-29T00:00:00,2026-07-29T00:00:00,141,7,6,6,cd7d858d-8ef4-11f1-9b18-005056b2a5de,6d1a4ae6-6523-4fb4-a30d-81c50f401b21,c5954a39-8ef4-11f1-9b18-005056b2a5de,949
03__KCU__SKI__CHU__40,4897010448061,SKITTLES Kẹo Trái Cây Vị Chua 40g,Kẹo Cứng,Bịch,0.0,24074.0,0.0,18619.981818,20.0,260000.0,372399.63636,2026-03-16T00:00:00,2026-07-28T00:00:00,2026-08-01T00:00:00,2026-08-01T00:00:00,141,7,3,3,cd7da932-8ef4-11f1-9b18-005056b2a5de,4fe07b6a-6500-4acc-aa83-4b919256e9be,c5954a39-8ef4-11f1-9b18-005056b2a5de,950
03__KCU__SKI__SCA__40,4897010448221,SKITTLES Kẹo Trái Cây Vị Sữa Chua 40g,Kẹo Cứng,Bịch,0.0,24074.0,0.0,25964.729167,27.0,365075.0,701047.687509,2026-01-12T00:00:00,2026-07-28T00:00:00,2026-08-02T00:00:00,2026-08-02T00:00:00,204,7,2,2,cd7ed7c3-8ef4-11f1-9b18-005056b2a5de,828f95c1-dbad-466d-a92f-a00030a0d50a,c5954a39-8ef4-11f1-9b18-005056b2a5de,951
03__KCU__SKI__ORI__45,4897010448016,SKITTLES Kẹo Trái Cây Vị Truyền Thống 45g,Kẹo Cứng,Bịch,0.0,27778.0,0.0,27777.85,24.0,408000.0,666668.4,2026-01-12T00:00:00,2026-03-16T00:00:00,2026-03-08T00:00:00,2026-03-08T00:00:00,204,141,149,149,cd7f3b53-8ef4-11f1-9b18-005056b2a5de,adeb3fd6-b267-4fb3-9703-169eab6dcd41,c5954a39-8ef4-11f1-9b18-005056b2a5de,952
01__NSU__SKY__LON__190,8936192340445,SKYNEST Nước Yến Sào Lon 190ml,Nước Sức Khỏe,Lon,0.0,13889.0,0.0,13541.715909,14.0,192000.0,189584.022726,2025-11-09T00:00:00,2026-05-18T00:00:00,2026-07-31T00:00:00,2026-07-31T00:00:00,268,78,4,4,cd7ebb5b-8ef4-11f1-9b18-005056b2a5de,e80104b2-3680-4951-b0fb-92a3a3814bfa,c5954a39-8ef4-11f1-9b18-005056b2a5de,953
01__NSU__SKY__HOP__6,58934588843073,SKYNEST Tổ Yến Thiên Nhiên 18%,Nước Sức Khỏe,Hộp,0.0,46296.0,0.0,62865.473684,0.0,0.0,0.0,2025-12-30T00:00:00,2025-12-30T00:00:00,2026-05-24T00:00:00,2026-05-24T00:00:00,217,217,72,72,cd805929-8ef4-11f1-9b18-005056b2a5de,55586f7d-7bf6-45c5-8d62-8e868ff778bd,c5954a39-8ef4-11f1-9b18-005056b2a5de,954
03__SKT__SLI__TNG__145,8934680011204,SLIDE Khoai Tây Vị Thịt Nướng Lon 145g,Snack Khoai Tây,Lon,0.0,60185.0,0.0,60185.0,14.0,504000.0,842590.0,2026-03-16T00:00:00,2026-07-18T00:00:00,2026-07-31T00:00:00,2026-07-31T00:00:00,141,17,4,4,cd7f62ae-8ef4-11f1-9b18-005056b2a5de,35786227-0632-423b-850c-ac6abad140d6,c5954a39-8ef4-11f1-9b18-005056b2a5de,955
03__SKT__SLI__ORI__145,8934680011198,SLIDE KT Vị Nguyên Bản Lon 145g,Snack Khoai Tây,Lon,0.0,60185.0,0.0,60185.0,-13.0,0.0,-782405.0,2026-03-16T00:00:00,2026-03-16T00:00:00,2026-08-03T00:00:00,2026-08-03T00:00:00,141,141,1,1,cd8064a1-8ef4-11f1-9b18-005056b2a5de,04eabcdd-a5bb-4bc7-84d9-417841b19f8e,c5954a39-8ef4-11f1-9b18-005056b2a5de,956
03__SKT__SLI__CAY__60,8934680011495,SLIDE Snack Khoai Tây Vị Cay Lon 60g,Snack Khoai Tây,Lon,0.0,37037.0,0.0,35139.878049,7.0,348145.0,245979.146343,2025-12-24T00:00:00,2026-06-23T00:00:00,2026-08-01T00:00:00,2026-08-01T00:00:00,223,42,3,3,cd7e1b12-8ef4-11f1-9b18-005056b2a5de,7cd0ce01-1a82-4827-b0b3-beea1b576d13,c5954a39-8ef4-11f1-9b18-005056b2a5de,957
03__SKT__SLI__HAH__145,8934680011211,SLIDE Snack Khoai Tây Vị Hành Lon 145g,Snack Khoai Tây,Lon,0.0,60185.0,0.0,60185.0,4.0,145200.0,240740.0,2026-03-16T00:00:00,2026-06-10T00:00:00,2026-07-19T00:00:00,2026-07-19T00:00:00,141,55,16,16,cd7e94c8-8ef4-11f1-9b18-005056b2a5de,f28cb891-38ca-4fd3-b568-b6def76890fb,c5954a39-8ef4-11f1-9b18-005056b2a5de,958
03__SKT__SLI__HAH__60,8934680011518,SLIDE Snack Khoai Tây Vị Hành Lon 60g,Snack Khoai Tây,Lon,0.0,37037.0,0.0,35092.4,11.0,237600.0,386016.4,2025-12-24T00:00:00,2026-06-23T00:00:00,2026-07-29T00:00:00,2026-07-29T00:00:00,223,42,6,6,cd7ed9be-8ef4-11f1-9b18-005056b2a5de,77af7eac-581b-41f0-962b-ac4923e8aefa,c5954a39-8ef4-11f1-9b18-005056b2a5de,959
03__SKT__SLI__CLA__60,8934680011501,SLIDE Snack Khoai Tây Vị Nguyên Bản Lon 60g,Snack Khoai Tây,Lon,0.0,37037.0,0.0,34606.28125,15.0,600923.0,519094.21875,2025-12-24T00:00:00,2026-06-10T00:00:00,2026-07-31T00:00:00,2026-07-31T00:00:00,223,55,4,4,cd7f7339-8ef4-11f1-9b18-005056b2a5de,88fb26bd-478c-4a0b-a41f-d9f60615995b,c5954a39-8ef4-11f1-9b18-005056b2a5de,960
03__SKT__SLI__PMI__145,8934680011709,SLIDE Snack Khoai Tây Vị Phô Mai Lon 145g,Snack Khoai Tây,Lon,0.0,60185.0,0.0,60185.041667,2.0,72000.0,120370.083334,2026-03-16T00:00:00,2026-06-10T00:00:00,2026-07-24T00:00:00,2026-07-24T00:00:00,141,55,11,11,cd80506c-8ef4-11f1-9b18-005056b2a5de,d843f9ab-7f7e-40ce-814e-62fff82aeff7,c5954a39-8ef4-11f1-9b18-005056b2a5de,961
03__SKT__SLI__PMI__60,8934680011686,SLIDE Snack Khoai Tây Vị Phô Mai Lon 60g,Snack Khoai Tây,Lon,0.0,37037.0,0.0,34814.6,3.0,280800.0,104443.8,2025-12-24T00:00:00,2026-06-23T00:00:00,2026-08-02T00:00:00,2026-08-02T00:00:00,223,42,2,2,cd7e561f-8ef4-11f1-9b18-005056b2a5de,a8df62fe-b41d-449b-b11b-60725b2dfb6e,c5954a39-8ef4-11f1-9b18-005056b2a5de,962
03__SKT__SLI__BBQ__60,8934680011488,SLIDE Snack Khoai Tây Vị Thịt Nướng Lon 60g,Snack Khoai Tây,Lon,0.0,37037.0,0.0,36064.7,11.0,439516.0,396711.7,2025-12-24T00:00:00,2026-06-23T00:00:00,2026-08-01T00:00:00,2026-08-01T00:00:00,223,42,3,3,cd7e7cd3-8ef4-11f1-9b18-005056b2a5de,a5a4171c-df88-47b9-8004-94779271a3bf,c5954a39-8ef4-11f1-9b18-005056b2a5de,963
03__KSO__SNI__DPG__35,69024894,SNICKERS Socola Nhân Đậu Phộng 35g,Kẹo Socola,Bịch,0.0,27778.0,0.0,26205.285714,74.0,1268535.0,1939191.142836,2025-12-16T00:00:00,2026-05-18T00:00:00,2026-08-03T00:00:00,2026-08-03T00:00:00,231,78,1,1,cd7e3059-8ef4-11f1-9b18-005056b2a5de,a0b6a1e3-3aa6-4450-8e0c-7fe1d2e46573,c5954a39-8ef4-11f1-9b18-005056b2a5de,964
03__KSO__SNI__CAR__40,8902433003134,SNICKERS Socola Nhân Đậu Phộng Vị Bơ Caramel 40g,Kẹo Socola,Bịch,0.0,27778.0,0.0,27778.0,0.0,816000.0,0.0,2026-04-22T00:00:00,2026-05-18T00:00:00,2026-05-14T00:00:00,2026-05-01T00:00:00,104,78,82,95,cd80530b-8ef4-11f1-9b18-005056b2a5de,800df1c8-de3e-4ca0-b2f0-e87cef43ab90,c5954a39-8ef4-11f1-9b18-005056b2a5de,965
06__VSB__SOF__COM__2617,4903111367610,SOFY Skin Comfort Băng Vệ Sinh 26cm 17 Miếng,Chăm Sóc Vệ Sinh Cá Nhân,Bịch,0.0,92593.0,0.0,83854.375,9.0,612952.0,754689.375,2026-04-28T00:00:00,2026-07-30T00:00:00,2026-07-26T00:00:00,2026-07-26T00:00:00,98,5,9,9,cd7e8870-8ef4-11f1-9b18-005056b2a5de,be3786ae-e076-49e4-9cf7-e2e134d370ae,c5954a39-8ef4-11f1-9b18-005056b2a5de,966
06__VSB__SOF__COM__268,8934755021046,SOFY SKIN Comfort Băng Vệ Sinh 26cm 8 Miếng,Chăm Sóc Vệ Sinh Cá Nhân,Bịch,0.0,46296.0,25000.0,46296.08,10.0,332378.0,462960.8,2026-03-05T00:00:00,2026-07-30T00:00:00,2026-07-18T00:00:00,2026-07-18T00:00:00,152,5,17,17,cd7fcaf3-8ef4-11f1-9b18-005056b2a5de,8ef06262-9716-4f00-b345-f5bf0f9d3fda,c5954a39-8ef4-11f1-9b18-005056b2a5de,967
01__NLM__BOW__TAO__320,8934822111298,STRONGBOW Nước Táo Lên Men Gold Apple 320ml,Nước Lên Men,Lon,0.0,31818.0,0.0,28626.905512,11.0,1044400.0,314895.960632,2025-12-16T00:00:00,2026-06-28T00:00:00,2026-07-31T00:00:00,2026-07-31T00:00:00,231,37,4,4,cd7e8b03-8ef4-11f1-9b18-005056b2a5de,e7a1ff37-71ea-43c7-9882-8a10910d36d0,c5954a39-8ef4-11f1-9b18-005056b2a5de,968
01__NLM__BOW__KIW__320,8934822461294,STRONGBOW Nước Trái Cây Lên Men Kiwi 320ml,Nước Lên Men,Lon,0.0,27272.5,0.0,29454.561905,3.0,649200.0,88363.685715,2025-12-16T00:00:00,2026-06-09T00:00:00,2026-08-01T00:00:00,2026-08-01T00:00:00,231,56,3,3,cd7f909c-8ef4-11f1-9b18-005056b2a5de,05b62e7b-82d2-47ae-88d2-7e4a9ffa516c,c5954a39-8ef4-11f1-9b18-005056b2a5de,969
01__NLM__BOW__POM__320,8934822451295,STRONGBOW Nước Trái Cây Lên Men Pomegranate 320ml,Nước Lên Men,Lon,0.0,27272.5,0.0,28688.884615,10.0,1082000.0,286888.84615,2025-12-16T00:00:00,2026-06-28T00:00:00,2026-08-01T00:00:00,2026-08-01T00:00:00,231,37,3,3,cd7e2495-8ef4-11f1-9b18-005056b2a5de,14943d8e-3bae-47aa-b4bf-5bcaf862de02,c5954a39-8ef4-11f1-9b18-005056b2a5de,970
03__KDE__SUG__TCY__210,8936045081310,SUGUS Kẹo Mềm Hương Trái Cây 210g,Kẹo Dẻo,Bịch,0.0,48148.0,0.0,45949.0,0.0,0.0,0.0,,,2026-02-05T00:00:00,2026-02-05T00:00:00,,,180,180,cd7f18cf-8ef4-11f1-9b18-005056b2a5de,565c4965-7765-479d-a734-59246c0175aa,c5954a39-8ef4-11f1-9b18-005056b2a5de,971
11__BVC__SUN__BEP__690,8934868171829,SUNLIGHT Kem Tẩy Chuyên Dụng 690g,Đồ Dùng Bếp,Chai,0.0,32407.0,0.0,32407.0,15.0,391650.0,486105.0,,,2026-07-20T00:00:00,2026-07-20T00:00:00,,,15,15,cd7f12e0-8ef4-11f1-9b18-005056b2a5de,fb9fb2e1-304e-4471-af00-487595b62edc,c5954a39-8ef4-11f1-9b18-005056b2a5de,972
11__BVL__SUN__POW__500,8934868188193,SUNLIGHT Lau Bếp Bọt Tuyết Powerfoam 500ml,Đồ Dùng Bếp,Chai,0.0,36111.0,0.0,36111.0,6.0,138988.0,216666.0,2026-01-11T00:00:00,2026-01-11T00:00:00,2026-07-20T00:00:00,2026-07-20T00:00:00,205,205,15,15,cd7f2bc8-8ef4-11f1-9b18-005056b2a5de,d7d0675b-1502-43f1-9a88-dccb5f49e8f4,c5954a39-8ef4-11f1-9b18-005056b2a5de,973
11__BVL__SUN__CSA__500,8934868171843,SUNLIGHT Lau Đa Năng Chanh Và Sả 500ml,Đồ Dùng Bếp,Chai,0.0,30556.0,0.0,30556.0,7.0,0.0,213892.0,2025-11-09T00:00:00,2025-11-09T00:00:00,2026-06-25T00:00:00,2026-06-25T00:00:00,268,268,40,40,cd801242-8ef4-11f1-9b18-005056b2a5de,8892e87d-22cc-4ee9-ac4f-30477f354fde,c5954a39-8ef4-11f1-9b18-005056b2a5de,974
11__BLS__SUN__YUZ__1000,8934868172727,SUNLIGHT Lau Sàn Hương Chanh Yuzu Và Sả 1Kg,Đồ Dùng Bếp,Chai,0.0,36111.0,0.0,36111.0,11.0,345824.0,397221.0,2026-05-16T00:00:00,2026-05-16T00:00:00,2026-05-18T00:00:00,2026-05-18T00:00:00,80,80,78,78,cd7f2103-8ef4-11f1-9b18-005056b2a5de,60fef4db-2bf3-4c1d-b965-ea7d98303eaf,c5954a39-8ef4-11f1-9b18-005056b2a5de,975
11__BLS__SUN__BHA__1000,8934868162407,SUNLIGHT Lau Sàn Hương Hoa & Hạ Bạc Hà 1Kg,Đồ Dùng Bếp,Chai,0.0,35185.0,0.0,35185.0,1.0,25754.0,35185.0,,,2026-04-29T00:00:00,2026-04-29T00:00:00,,,97,97,cd7ef5f2-8ef4-11f1-9b18-005056b2a5de,3741b0b3-da6f-43f0-a81f-a9f8a5d0f7c8,c5954a39-8ef4-11f1-9b18-005056b2a5de,976
11__BLS__SUN__LAV__1000,8934868174110,SUNLIGHT Lau Sàn Hương Hoa Lavender 1Kg,Đồ Dùng Bếp,Chai,0.0,35185.0,0.0,35185.0,4.0,103016.0,140740.0,,,2026-05-01T00:00:00,2026-05-01T00:00:00,,,95,95,cd7f7139-8ef4-11f1-9b18-005056b2a5de,91281c21-60f6-42d7-9e63-b0af72aa1a3c,c5954a39-8ef4-11f1-9b18-005056b2a5de,977
11__BLS__SUN__LIL__1000,8934868162445,SUNLIGHT Lau Sàn Hương Hoa Lily & Bạch Trà 1Kg,Đồ Dùng Bếp,Chai,0.0,35185.0,0.0,35185.0,3.0,77262.0,105555.0,,,2026-02-15T00:00:00,2026-02-15T00:00:00,,,170,170,cd7f338f-8ef4-11f1-9b18-005056b2a5de,2f509580-336e-46ef-9073-011ab0b2a8a4,c5954a39-8ef4-11f1-9b18-005056b2a5de,978
11__BVN__SUN__CHH__400,8934868172451,SUNLIGHT Nước Rửa Chén Chanh 100 400g,Đồ Dùng Bếp,Chai,0.0,20370.0,0.0,20370.0,11.0,138039.0,224070.0,,,2026-06-28T00:00:00,2026-06-28T00:00:00,,,37,37,cd806c8d-8ef4-11f1-9b18-005056b2a5de,158cff02-8eb0-4b4d-bd26-6893eb656838,c5954a39-8ef4-11f1-9b18-005056b2a5de,979
11__BVN__SUN__MAT__400,8934868182580,SUNLIGHT Nước Rửa Chén Matcha Trà Nhật 400g,Đồ Dùng Bếp,Chai,0.0,20370.0,0.0,20370.0,1.0,15510.0,20370.0,,,2026-06-17T00:00:00,2026-06-17T00:00:00,,,48,48,cd7ed5cc-8ef4-11f1-9b18-005056b2a5de,86ce3155-2c0d-4df0-8e7e-f3bf0bb699bc,c5954a39-8ef4-11f1-9b18-005056b2a5de,980
11__BVN__SUN__LHI__400,8934868182641,SUNLIGHT Nước Rửa Chén Thiên Nhiên Lô Hội 400g,Đồ Dùng Bếp,Chai,0.0,20370.0,0.0,20370.0,3.0,46530.0,61110.0,,,2026-07-19T00:00:00,2026-07-19T00:00:00,,,16,16,cd7f7888-8ef4-11f1-9b18-005056b2a5de,08ef4768-8de3-4fc4-95e9-af70a5b6ad60,c5954a39-8ef4-11f1-9b18-005056b2a5de,981
06__TGC__SUN__OMT__170,8934868166856,SUNSILK Dầu Gội Óng Mượt Rạng Ngời Đen 170g,Chăm Sóc Tóc,Chai,0.0,52778.0,0.0,52778.0,5.0,196289.0,263890.0,2026-04-25T00:00:00,2026-06-22T00:00:00,2026-07-13T00:00:00,2026-07-13T00:00:00,101,43,22,22,cd803072-8ef4-11f1-9b18-005056b2a5de,8badef39-0eea-4fba-bc78-b4abce673700,c5954a39-8ef4-11f1-9b18-005056b2a5de,982
11__BTT__NTU__HOP__1,9556149001065,Tăm Tre Tiệt Trùng Ngọc Thu,Đồ Dùng Bếp,Hộp,0.0,9259.0,0.0,9259.083333,8.0,0.0,74072.666664,2025-11-10T00:00:00,2025-11-10T00:00:00,2026-07-29T00:00:00,2026-07-29T00:00:00,267,267,6,6,cd7fe8a1-8ef4-11f1-9b18-005056b2a5de,98e87798-39b0-4246-b3fa-a60cdf080ff1,c5954a39-8ef4-11f1-9b18-005056b2a5de,983
03__DPG__TAN__MIX__200,8936101341396,TÂN TÂN Đậu Phộng Mix Hộp 200g,Đậu Phộng,Hộp,0.0,66667.0,0.0,66667.0,22.0,993903.0,1466674.0,2025-11-17T00:00:00,2026-07-07T00:00:00,2026-07-30T00:00:00,2026-07-30T00:00:00,260,28,5,5,cd7f3aa9-8ef4-11f1-9b18-005056b2a5de,d5840b67-59e4-4647-8b47-0ca754e9d630,c5954a39-8ef4-11f1-9b18-005056b2a5de,984
03__DPG__TAN__TOT__28,8936101341297,TÂN TÂN Đậu Phộng Nước Cốt Dừa 28g,Đậu Phộng,Gói,0.0,7407.5,0.0,7209.157205,13.0,243750.0,93719.043665,2025-11-17T00:00:00,2026-06-06T00:00:00,2026-08-01T00:00:00,2026-08-01T00:00:00,260,59,3,3,cd7e81ed-8ef4-11f1-9b18-005056b2a5de,284a3c20-e934-45e8-83a0-9698f91894f5,c5954a39-8ef4-11f1-9b18-005056b2a5de,985
03__DPG__TAN__TOT__200,8936101345929,TÂN TÂN Đậu Phộng Tỏi Ớt Hộp 200g,Đậu Phộng,Hộp,0.0,69444.5,0.0,69444.037736,17.0,813102.0,1180548.641512,2025-11-17T00:00:00,2026-07-07T00:00:00,2026-07-26T00:00:00,2026-07-26T00:00:00,260,28,9,9,cd7faafc-8ef4-11f1-9b18-005056b2a5de,ab03a635-8665-4037-b8fe-82312381d4d6,c5954a39-8ef4-11f1-9b18-005056b2a5de,986
03__DPG__TAN__TCY__28,8936101342577,TÂN TÂN Đậu Phộng Vị Tôm Gói 28g,Đậu Phộng,Gói,0.0,7407.0,0.0,7141.425837,35.0,278580.0,249949.904295,2025-11-17T00:00:00,2026-06-06T00:00:00,2026-07-30T00:00:00,2026-07-30T00:00:00,260,59,5,5,cd7fa520-8ef4-11f1-9b18-005056b2a5de,5d1f1335-be20-4eb3-9acb-4c58eca6c2af,c5954a39-8ef4-11f1-9b18-005056b2a5de,987
03__SRO__TBB__MUC__6,8858702403689,TAOKENOI BIG BANG Snack Rong Biển Vị Mực 6g,Snack Rong Biển,Bịch,0.0,16666.5,0.0,12537.522523,71.0,708476.0,890164.099133,2026-03-01T00:00:00,2026-06-09T00:00:00,2026-07-20T00:00:00,2026-07-20T00:00:00,156,56,15,15,cd7f5952-8ef4-11f1-9b18-005056b2a5de,b8a3ed1c-a5c2-4073-9ae1-c499a34a241e,c5954a39-8ef4-11f1-9b18-005056b2a5de,988
03__SRO__TBB__CLA__6,8858702403672,TAOKENOI BIG BANG Snack Rong Biển Vị Truyền Thống 6g,Snack Rong Biển,Bịch,0.0,16667.0,0.0,12685.913386,54.0,546425.0,685039.322844,2026-03-01T00:00:00,2026-06-09T00:00:00,2026-08-03T00:00:00,2026-08-03T00:00:00,156,56,1,1,cd7fc89f-8ef4-11f1-9b18-005056b2a5de,0c2b50b3-e7d0-410a-9854-fc63417a3b10,c5954a39-8ef4-11f1-9b18-005056b2a5de,989
03__SRO__TBR__PK6__18,9556149001089,TAOKENOI BIG ROLL Snack Rong Biển Classic 18g (6 gói),Snack Rong Biển,Bịch,0.0,44444.0,0.0,44791.375,5.0,180000.0,223956.875,,,2025-11-19T00:00:00,2025-11-19T00:00:00,,,258,258,cd80198a-8ef4-11f1-9b18-005056b2a5de,e7d0fe9a-7fa4-4a54-91c6-4950300a493b,c5954a39-8ef4-11f1-9b18-005056b2a5de,990
03__SRO__TBR__CLA__3,8858702410816,TAOKENOI BIG ROLL Snack Rong Biển Classic 3g,Snack Rong Biển,Bịch,0.0,11111.0,0.0,10425.783394,92.0,601688.0,959172.072248,2025-11-22T00:00:00,2026-07-28T00:00:00,2026-08-01T00:00:00,2026-08-01T00:00:00,255,7,3,3,cd7f41ac-8ef4-11f1-9b18-005056b2a5de,ff801f4f-0bda-4835-b9d6-641ac7228c41,c5954a39-8ef4-11f1-9b18-005056b2a5de,991
03__SRO__TBR__CAY__3,8858702410847,TAOKENOI BIG ROLL Snack Rong Biển Vị Cay,Snack Rong Biển,Bịch,0.0,11111.0,0.0,11111.018634,82.0,535788.0,911103.527988,2025-12-29T00:00:00,2026-07-28T00:00:00,2026-08-01T00:00:00,2026-08-01T00:00:00,218,7,3,3,cd7e2c7a-8ef4-11f1-9b18-005056b2a5de,745d6e8d-7a20-4252-9fa3-c2619a14c983,c5954a39-8ef4-11f1-9b18-005056b2a5de,992
04__SAN__THY__CDG__100,8935217413003,TH True Sữa Chua Có Đường 100g,Sữa Chua Ăn,Hộp,0.0,9259.0,0.0,8010.808989,24.0,116426.0,192259.415736,2025-11-09T00:00:00,2026-07-13T00:00:00,2026-07-21T00:00:00,2026-07-21T00:00:00,268,22,14,14,cd7fdc31-8ef4-11f1-9b18-005056b2a5de,99b2a6ea-5485-4ac4-b9d2-e3b96e40a21f,c5954a39-8ef4-11f1-9b18-005056b2a5de,993
04__SAN__THY__IDT__100,8935217413508,TH True Sữa Chua Ít Đường 100g,Sữa Chua Ăn,Hộp,0.0,9259.0,0.0,8534.597826,51.0,336236.0,435264.489126,2026-06-18T00:00:00,2026-07-13T00:00:00,2026-08-02T00:00:00,2026-08-02T00:00:00,47,22,2,2,cd7f8792-8ef4-11f1-9b18-005056b2a5de,46b769b0-4194-4801-9064-c6d47ddad972,c5954a39-8ef4-11f1-9b18-005056b2a5de,994
04__SAN__THY__NDM__100,8935217413201,TH True Sữa Chua Nha Đam 100g,Sữa Chua Ăn,Hộp,0.0,11111.0,0.0,10516.62963,24.0,172835.0,252399.11112,2026-06-18T00:00:00,2026-07-13T00:00:00,2026-08-02T00:00:00,2026-08-02T00:00:00,47,22,2,2,cd8053b1-8ef4-11f1-9b18-005056b2a5de,1363a849-145d-4a60-bc7c-959a6b96319b,c5954a39-8ef4-11f1-9b18-005056b2a5de,995
01__TDC__THT__OLO__350,8936127796217,TH True Tea Ô Long Tự Nhiên 350ml,Trà Đóng Chai,Chai,0.0,13889.0,0.0,12967.72449,26.0,532874.0,337160.83674,2025-11-09T00:00:00,2026-07-13T00:00:00,2026-07-27T00:00:00,2026-07-27T00:00:00,268,22,8,8,cd7db069-8ef4-11f1-9b18-005056b2a5de,d03a89f4-f8ec-4da5-b3d3-565a147219bd,c5954a39-8ef4-11f1-9b18-005056b2a5de,996
01__TDC__THT__DAO__350,8936127796514,TH True Tea Trà Đào 350ml,Trà Đóng Chai,Chai,0.0,13889.0,0.0,13426.0,28.0,416592.0,375928.0,2025-11-09T00:00:00,2026-06-29T00:00:00,2026-08-02T00:00:00,2026-08-02T00:00:00,268,36,2,2,cd7d91c3-8ef4-11f1-9b18-005056b2a5de,45de13be-447f-4a8f-87da-0dc7c4ee9068,c5954a39-8ef4-11f1-9b18-005056b2a5de,997
01__TDC__THT__TOI__350,8936127796712,TH True Tea Trà Ổi 350ml,Trà Đóng Chai,Chai,0.0,13889.0,942.414747,13304.40404,18.0,208296.0,239479.27272,2025-11-09T00:00:00,2026-07-06T00:00:00,2026-08-03T00:00:00,2026-08-03T00:00:00,268,29,1,1,cd7e29de-8ef4-11f1-9b18-005056b2a5de,ca981f57-1dc8-4c9c-84c1-fa0e9dcd3a0c,c5954a39-8ef4-11f1-9b18-005056b2a5de,998
01__TDC__THT__TAC__350,8936127790048,TH True Tea Trà Tắc 350ml,Trà Đóng Chai,Chai,0.0,13889.0,0.0,13339.955752,22.0,102990.0,293479.026544,2025-11-09T00:00:00,2026-07-13T00:00:00,2026-08-02T00:00:00,2026-08-02T00:00:00,268,22,2,2,cd7e6d97-8ef4-11f1-9b18-005056b2a5de,b486018c-0622-4797-a1d6-20741b7f71e7,c5954a39-8ef4-11f1-9b18-005056b2a5de,999
01__TDC__THT__VAI__350,8936127796613,TH True Tea Trà Vải 350ml,Trà Đóng Chai,Chai,0.0,13889.0,889.147826,13434.495413,14.0,520740.0,188082.935782,2025-11-09T00:00:00,2026-07-13T00:00:00,2026-08-03T00:00:00,2026-08-03T00:00:00,268,22,1,1,cd7e1a70-8ef4-11f1-9b18-005056b2a5de,ce265a50-6cc3-4f0e-a992-126cee727c7f,c5954a39-8ef4-11f1-9b18-005056b2a5de,1000
01__TDC__THT__CTN__350,8936127796019,TH True Tea Trà Xanh Vị Chanh Tự Nhiên 350ml,Trà Đóng Chai,Chai,0.0,12963.0,782.91358,12376.93038,112.0,477498.0,1386216.20256,2025-11-09T00:00:00,2026-07-13T00:00:00,2026-08-02T00:00:00,2026-08-02T00:00:00,268,22,2,2,cd7e62cb-8ef4-11f1-9b18-005056b2a5de,8338409e-987f-4334-9380-0f237ce113a1,c5954a39-8ef4-11f1-9b18-005056b2a5de,1001
04__SUO__THY__CAM__110,8935217414420,TH True Yogurt Topkid Sữa Chua Uống Cam 110ml,Sữa Chua Uống,Hộp,0.0,5555.583333,0.0,5555.589286,0.0,0.0,0.0,2025-11-09T00:00:00,2025-11-09T00:00:00,2026-02-18T00:00:00,2026-02-18T00:00:00,268,268,167,167,cd7fefa9-8ef4-11f1-9b18-005056b2a5de,347e9eb0-f319-4bc7-b28e-e67ff6391d57,c5954a39-8ef4-11f1-9b18-005056b2a5de,1002
04__SUO__THY__DAU__110,8935217414123,TH True Yogurt Topkid Sữa Chua Uống Dâu 110ml,Sữa Chua Uống,Hộp,0.0,5556.0,0.0,5555.590909,0.0,0.0,0.0,2025-11-09T00:00:00,2025-11-09T00:00:00,2026-03-07T00:00:00,2026-03-07T00:00:00,268,268,150,150,cd8004f2-8ef4-11f1-9b18-005056b2a5de,3cfec9e6-18f4-430d-97a8-f75859f4d89b,c5954a39-8ef4-11f1-9b18-005056b2a5de,1003
04__SHG__THM__CDG__180,8935217400157,TH Truemilk Sữa Tươi TT Có Đường 180ml,Sữa Hộp Giấy,Hộp,0.0,9259.0,0.0,9259.23913,0.0,0.0,0.0,2026-02-02T00:00:00,2026-02-02T00:00:00,2026-02-20T00:00:00,2026-02-20T00:00:00,183,183,165,165,cd8063ec-8ef4-11f1-9b18-005056b2a5de,b5e2de17-2881-4455-9562-cd3f59fd4e48,c5954a39-8ef4-11f1-9b18-005056b2a5de,1004
04__SHG__THM__IDG__180,8935217400355,TH Truemilk Sữa Tươi TT Ít Đường 180ml,Sữa Hộp Giấy,Hộp,0.0,11111.0,0.0,10158.687912,28.0,1899753.0,284443.261536,2026-02-25T00:00:00,2026-07-20T00:00:00,2026-08-03T00:00:00,2026-08-03T00:00:00,160,15,1,1,cd7e3a6a-8ef4-11f1-9b18-005056b2a5de,33cea9f1-8dd5-4886-b3f6-3192bede0c26,c5954a39-8ef4-11f1-9b18-005056b2a5de,1005
04__SHG__THM__ORG__180,8935217400058,TH Truemilk Sữa Tươi TT Nguyên Chất 180ml,Sữa Hộp Giấy,Hộp,0.0,11111.111111,0.0,10419.887324,0.0,1314144.0,0.0,2025-11-09T00:00:00,2026-07-13T00:00:00,2026-07-19T00:00:00,2026-07-19T00:00:00,268,22,16,16,cd7e2e66-8ef4-11f1-9b18-005056b2a5de,0efaa2c6-cbed-4ae7-8d57-1914b04334e3,c5954a39-8ef4-11f1-9b18-005056b2a5de,1006
03__KCU__THA__VIC__120,8850632205159,THÁI LAN Kẹo Chanh Muối Vitamin C 120g,Kẹo Cứng,Bịch,0.0,37037.0,0.0,36342.5,5.0,101202.0,181712.5,2025-11-08T00:00:00,2026-02-23T00:00:00,2026-05-08T00:00:00,2026-05-08T00:00:00,269,162,88,88,cd7ecb36-8ef4-11f1-9b18-005056b2a5de,d1eb7968-85f6-4672-a3e1-3ae795b8cf3f,c5954a39-8ef4-11f1-9b18-005056b2a5de,1007
10__VPK__TLG__KIM__10,8935219480263,THIÊN LONG Bấm Kim Số 10,Văn Phòng Phẩm,Cái,0.0,23148.0,0.0,23148.0,6.0,111900.0,138888.0,,,2026-03-04T00:00:00,2026-03-04T00:00:00,,,153,153,cd7f17a3-8ef4-11f1-9b18-005056b2a5de,8c532c95-56af-4f5b-a04c-1eb24e9fc5cc,c5954a39-8ef4-11f1-9b18-005056b2a5de,1008
10__VPP__TLG__NUT__1,8936040450289,THIÊN LONG Bìa Nút,Văn Phòng Phẩm,Cái,0.0,5556.0,0.0,5555.777778,29.0,52200.0,161117.555562,2026-05-23T00:00:00,2026-05-23T00:00:00,2026-06-10T00:00:00,2026-06-10T00:00:00,73,73,55,55,cd804de1-8ef4-11f1-9b18-005056b2a5de,eeb82eb4-4d39-43ca-a0e8-ca25a4d5df8a,c5954a39-8ef4-11f1-9b18-005056b2a5de,1009
10__VPP__TLG__BA4__1,8936040451859,THIÊN LONG Bìa Trình Ký A4,Văn Phòng Phẩm,Cái,0.0,35185.0,0.0,35185.0,2.0,57000.0,70370.0,,,2026-05-28T00:00:00,2026-05-28T00:00:00,,,68,68,cd7f7574-8ef4-11f1-9b18-005056b2a5de,7a107f92-ad55-4c90-980f-92500119315a,c5954a39-8ef4-11f1-9b18-005056b2a5de,1010
10__VPB__TLG__XAH__FO3,8935001871453,THIÊN LONG Bút Bi Mực Xanh F03,Văn Phòng Phẩm,Cái,0.0,4629.666667,0.0,4629.705882,0.0,0.0,0.0,,,2026-07-06T00:00:00,2026-07-06T00:00:00,,,29,29,cd7f043a-8ef4-11f1-9b18-005056b2a5de,fa38184a-1fa4-4183-9cea-abc31293fae2,c5954a39-8ef4-11f1-9b18-005056b2a5de,1011
10__VPB__TLG__SUN__1,8935001850236,THIÊN LONG Bút Bi SunBeam,Văn Phòng Phẩm,Cái,0.0,8333.5,0.0,8333.2,14.0,86800.0,116664.8,,,2026-07-23T00:00:00,2026-07-23T00:00:00,,,12,12,cd7ee49c-8ef4-11f1-9b18-005056b2a5de,76069f65-a692-4cb1-b2b7-5e246e7b4fa2,c5954a39-8ef4-11f1-9b18-005056b2a5de,1012
10__VPB__TLG__027__1,8935001800347,THIÊN LONG Bút Bi TL027 Mực Xanh,Văn Phòng Phẩm,Cái,0.0,4630.0,0.0,4629.716418,0.0,0.0,0.0,2026-05-18T00:00:00,2026-05-18T00:00:00,2026-07-06T00:00:00,2026-07-06T00:00:00,78,78,29,29,cd7f5f88-8ef4-11f1-9b18-005056b2a5de,6de2de4b-1433-410a-a4b6-93f232bfaaf1,c5954a39-8ef4-11f1-9b18-005056b2a5de,1013
10__VPB__TLG__CHI__1,8935001820574,THIÊN LONG Bút Chì,Văn Phòng Phẩm,Cái,0.0,5555.5,0.0,5555.75,0.0,0.0,0.0,,,2026-05-13T00:00:00,2026-05-13T00:00:00,,,83,83,cd7e2035-8ef4-11f1-9b18-005056b2a5de,7c90c09b-c8d4-45ad-a0a8-50380a892f32,c5954a39-8ef4-11f1-9b18-005056b2a5de,1014
10__VPB__TLG__DAU__PM04,8935001814535,THIÊN LONG Bút Lông Dầu Mực Xanh PM04,Văn Phòng Phẩm,Cái,0.0,12037.0,0.0,12037.0,10.0,85000.0,120370.0,,,2026-06-26T00:00:00,2026-06-26T00:00:00,,,39,39,cd7f1552-8ef4-11f1-9b18-005056b2a5de,f32914d4-7d2b-4526-9006-252216f67d9e,c5954a39-8ef4-11f1-9b18-005056b2a5de,1015
10__VPB__TLG__DAU__PM09,8935001813972,THIÊN LONG Bút Lông Dầu Mực Xanh PM09,Văn Phòng Phẩm,Cái,0.0,13889.0,0.0,13889.0,17.0,63000.0,236113.0,2026-05-18T00:00:00,2026-05-18T00:00:00,2026-01-07T00:00:00,2026-01-07T00:00:00,78,78,209,209,cd7f775c-8ef4-11f1-9b18-005056b2a5de,8217f579-6ba0-4f12-bed5-94c4ff385586,c5954a39-8ef4-11f1-9b18-005056b2a5de,1016
10__VPD__TLG__DAO__1,8935219483097,THIÊN LONG Dao Rọc Giấy,Văn Phòng Phẩm,Cái,0.0,27778.0,0.0,27778.0,6.0,123720.0,166668.0,,,2026-06-20T00:00:00,2026-06-20T00:00:00,,,45,45,cd7f14c4-8ef4-11f1-9b18-005056b2a5de,216bb254-1031-4cf2-946f-43e76fa70dd1,c5954a39-8ef4-11f1-9b18-005056b2a5de,1017
10__VPP__TLG__KEO__18,8935219480010,THIÊN LONG Kéo 18cm,Văn Phòng Phẩm,Cái,0.0,25000.0,0.0,24603.142857,7.0,92151.0,172221.999999,2026-01-11T00:00:00,2026-01-11T00:00:00,2026-07-10T00:00:00,2026-07-10T00:00:00,205,205,25,25,cd8068f2-8ef4-11f1-9b18-005056b2a5de,300eff5a-9047-471f-bed1-610825cbbe65,c5954a39-8ef4-11f1-9b18-005056b2a5de,1018
10__VPK__TLG__HOP__1,8935219480058,THIÊN LONG Kim Bấm Số 10,Văn Phòng Phẩm,Cái,0.0,4630.0,0.0,4630.0,38.0,82080.0,175940.0,,,2026-05-26T00:00:00,2026-05-08T00:00:00,,,70,88,cd80383d-8ef4-11f1-9b18-005056b2a5de,533bb574-afbf-4b62-8de9-3385ce09bf8c,c5954a39-8ef4-11f1-9b18-005056b2a5de,1019
10__VPD__TLG__LDO__10,8935219483035,THIÊN LONG Lưỡi Dao Rọc Giấy BL02 10 Cái,Văn Phòng Phẩm,Cái,0.0,13889.0,0.0,13889.0,36.0,176760.0,500004.0,2026-05-23T00:00:00,2026-05-23T00:00:00,2026-07-22T00:00:00,2026-07-22T00:00:00,73,73,13,13,cd7e1880-8ef4-11f1-9b18-005056b2a5de,32d27479-9a8c-4d69-b455-7e7907b4dccb,c5954a39-8ef4-11f1-9b18-005056b2a5de,1020
10__VPP__TLG__THG__1,8935001840145,THIÊN LONG Thước Thẳng,Văn Phòng Phẩm,Cái,0.0,5556.0,0.0,5556.0,7.0,24500.0,38892.0,,,2026-05-05T00:00:00,2026-05-05T00:00:00,,,91,91,cd7f2fec-8ef4-11f1-9b18-005056b2a5de,14b44f98-8f69-4625-851b-0a32e1fe7155,c5954a39-8ef4-11f1-9b18-005056b2a5de,1021
10__VPV__TLG__JOY__96,8935001846017,THIÊN LONG Vở 96 Trang Joyee,Văn Phòng Phẩm,Cái,0.0,13889.0,0.0,13888.974359,0.0,0.0,0.0,2025-11-10T00:00:00,2025-11-10T00:00:00,2026-07-06T00:00:00,2026-07-06T00:00:00,267,267,29,29,cd7ff5da-8ef4-11f1-9b18-005056b2a5de,394e18fe-2e5d-477b-b510-114f69571e1f,c5954a39-8ef4-11f1-9b18-005056b2a5de,1022
TSCVQ101,8935217410507,THTrue Sữa Chua Việt Quất 100g,Sữa Chua Ăn,Hộp,0.0,11111.0,0.0,11111.0,25.0,194675.0,277775.0,2026-07-13T00:00:00,2026-07-13T00:00:00,2026-08-02T00:00:00,2026-08-02T00:00:00,22,22,2,2,cd7f5770-8ef4-11f1-9b18-005056b2a5de,3477952a-2689-4fa9-8bb3-43c83f9882aa,c5954a39-8ef4-11f1-9b18-005056b2a5de,1023
04__SHG__THM__CAM__180,8935217400942,THTruemilk Mistori Cam 180ml,Sữa Hộp Giấy,Hộp,8000.0,11111.0,8000.0,11111.0,0.0,0.0,0.0,2025-11-30T00:00:00,2025-11-30T00:00:00,2026-03-30T00:00:00,2026-03-30T00:00:00,247,247,127,127,cd7edffe-8ef4-11f1-9b18-005056b2a5de,a0094e11-6acb-4a91-8e9d-e2a15811a63f,c5954a39-8ef4-11f1-9b18-005056b2a5de,1024
04__SHG__THM__NHO__180,8935217400935,THTruemilk Mistori Nho 180ml,Sữa Hộp Giấy,Hộp,8000.0,11111.0,8000.0,11111.0,0.0,0.0,0.0,2025-11-30T00:00:00,2025-11-30T00:00:00,2026-01-09T00:00:00,2026-01-09T00:00:00,247,247,207,207,cd7f746d-8ef4-11f1-9b18-005056b2a5de,a0aa14c5-4d83-4db9-a643-43255ef1c4be,c5954a39-8ef4-11f1-9b18-005056b2a5de,1025
04__SHG__THM__CDG__110,8935217400164,THTruemilk Sữa Tươi TT Có Đường 110ml,Sữa Hộp Giấy,Hộp,0.0,6481.5,0.0,6481.458333,0.0,0.0,0.0,2025-11-09T00:00:00,2025-11-09T00:00:00,2026-03-06T00:00:00,2026-03-06T00:00:00,268,268,151,151,cd7fd114-8ef4-11f1-9b18-005056b2a5de,08eb5931-4d54-45d1-9f82-2b7c7d7389a1,c5954a39-8ef4-11f1-9b18-005056b2a5de,1026
04__SHG__THM__IDG__110,8935217400362,THTruemilk Sữa Tươi TT Ít Đường 110ml,Sữa Hộp Giấy,Hộp,0.0,6481.5,0.0,6481.472222,0.0,0.0,0.0,2026-02-09T00:00:00,2026-02-09T00:00:00,2026-03-11T00:00:00,2026-03-11T00:00:00,176,176,146,146,cd7ea4a2-8ef4-11f1-9b18-005056b2a5de,9d89ab94-08af-4cd2-a283-447b5b4fdb0c,c5954a39-8ef4-11f1-9b18-005056b2a5de,1027
04__SHG__THM__IDG__1000,8935217400324,THTruemilk Sữa Tươi TT Ít Đường 1L,Sữa Hộp Giấy,Hộp,0.0,40741.0,0.0,40741.0,0.0,0.0,0.0,2025-11-09T00:00:00,2025-11-09T00:00:00,2026-02-10T00:00:00,2026-02-10T00:00:00,268,268,175,175,cd7fe141-8ef4-11f1-9b18-005056b2a5de,eae6191b-2d31-4094-8b74-5e4cc0319624,c5954a39-8ef4-11f1-9b18-005056b2a5de,1028
04__SBI__THM__IDG__220,8935217400393,THTruemilk Sữa Tươi TT Ít Đường Bịch 220ml,Sữa Bịch,Bịch,0.0,9259.0,0.0,9259.269231,0.0,0.0,0.0,2025-11-09T00:00:00,2026-01-19T00:00:00,2026-01-17T00:00:00,2026-01-17T00:00:00,268,197,199,199,cd7ffe2a-8ef4-11f1-9b18-005056b2a5de,ca613d00-dd10-40ba-a546-16a769f86ca5,c5954a39-8ef4-11f1-9b18-005056b2a5de,1029
04__SHG__THM__ORG__1000,8935217400027,THTruemilk Sữa Tươi TT Nguyên Chất 1L,Sữa Hộp Giấy,Hộp,0.0,41667.0,0.0,41667.0,0.0,0.0,0.0,2025-11-09T00:00:00,2025-11-09T00:00:00,2026-02-20T00:00:00,2026-02-20T00:00:00,268,268,165,165,cd7fe5e5-8ef4-11f1-9b18-005056b2a5de,ef76a641-0c9c-43cc-9f37-2cce525ebb25,c5954a39-8ef4-11f1-9b18-005056b2a5de,1030
04__SBI__THM__ORG__220,8935217400096,THTruemilk Sữa Tươi TT Nguyên Chất Bịch 220ml,Sữa Bịch,Bịch,0.0,9259.5,0.0,9259.285714,0.0,0.0,0.0,,,2026-03-26T00:00:00,2026-01-27T00:00:00,,,131,189,cd7ea241-8ef4-11f1-9b18-005056b2a5de,5efad6e3-d961-4b61-8059-b08f245d6e1f,c5954a39-8ef4-11f1-9b18-005056b2a5de,1031
04__SHG__THM__VAN__180,8935217402816,THTruemilk Topkid Sữa Tươi TT Vani Organic 180ml,Sữa Hộp Giấy,Hộp,0.0,12963.0,0.0,12963.0,1.0,10194.0,12963.0,2025-11-09T00:00:00,2025-11-09T00:00:00,2026-03-07T00:00:00,2026-03-07T00:00:00,268,268,150,150,cd7ff724-8ef4-11f1-9b18-005056b2a5de,d8700e6b-6336-46e7-849f-20ee2cd16005,c5954a39-8ef4-11f1-9b18-005056b2a5de,1032
03__KGU__TIC__BHA__15,80883296,TICTAC Kẹo Bạc Hà Lục 14.5g,Kẹo Gum,Hộp,0.0,18519.0,0.0,18231.62069,1.0,11333.0,18231.62069,,,2026-05-26T00:00:00,2026-05-26T00:00:00,,,70,70,cd7e7402-8ef4-11f1-9b18-005056b2a5de,0f53e4aa-4fa7-4d7b-b7f0-a245ed90e30c,c5954a39-8ef4-11f1-9b18-005056b2a5de,1033
03__KGU__TIC__CAM__15,93698078,TICTAC Kẹo Vị Cam 14.5g,Kẹo Gum,Hộp,0.0,18519.0,0.0,18403.1875,0.0,0.0,0.0,,,2026-05-16T00:00:00,2026-05-16T00:00:00,,,80,80,cd7e9421-8ef4-11f1-9b18-005056b2a5de,7259339d-ab0b-44c9-8b79-fe856e301de1,c5954a39-8ef4-11f1-9b18-005056b2a5de,1034
01__BLO__TIG__BAC__250,8934822823252,TIGER Bạc Bia Lon 250ml,Bia Lon,Lon,0.0,16363.645833,2353.232274,17017.911635,179.0,4595640.0,3046206.182665,2025-11-18T00:00:00,2026-07-04T00:00:00,2026-08-01T00:00:00,2026-08-01T00:00:00,259,31,3,3,cd7dfbb8-8ef4-11f1-9b18-005056b2a5de,f298b5d8-addd-410a-8190-7a3340051d3b,c5954a39-8ef4-11f1-9b18-005056b2a5de,1035
01__BLO__TIG__BAC__330,8934822801335,TIGER Bạc Bia Lon 330ml,Bia Lon,Lon,0.0,21818.0,1043.032258,22747.378492,50.0,5497000.0,1137368.9246,2025-11-18T00:00:00,2026-07-17T00:00:00,2026-08-01T00:00:00,2026-08-01T00:00:00,259,18,3,3,cd7e2a86-8ef4-11f1-9b18-005056b2a5de,11229080-16db-4766-b903-83f2a08f8163,c5954a39-8ef4-11f1-9b18-005056b2a5de,1036
01__BLO__TIG__NAU__330,8934822112332,TIGER Nâu Bia Lon 330ml,Bia Lon,Lon,0.0,19091.0,2383.316397,20109.370927,76.0,1750000.0,1528312.190452,2025-11-18T00:00:00,2026-07-17T00:00:00,2026-08-01T00:00:00,2026-08-01T00:00:00,259,18,3,3,cd7dac07-8ef4-11f1-9b18-005056b2a5de,65041986-36dc-44c9-9e9b-d2d86d06bf22,c5954a39-8ef4-11f1-9b18-005056b2a5de,1037
01__BLO__TIG__PLU__330,8934822421212,TIGER Soju Cheeky Plum Bia Lon 330ml,Bia Lon,Lon,0.0,25455.0,0.0,25454.888889,0.0,0.0,0.0,2025-12-16T00:00:00,2025-12-16T00:00:00,2026-03-07T00:00:00,2026-03-07T00:00:00,231,231,150,150,cd805fc7-8ef4-11f1-9b18-005056b2a5de,4f581d02-4865-41ca-9301-5876823e44e4,c5954a39-8ef4-11f1-9b18-005056b2a5de,1038
01__BLO__TIG__MEL__330,8934822431211,TIGER Soju Wonder Melon Bia Lon 330ml,Bia Lon,Lon,0.0,25455.0,0.0,25454.75,0.0,0.0,0.0,2025-12-16T00:00:00,2026-01-07T00:00:00,2026-04-06T00:00:00,2026-04-06T00:00:00,231,209,120,120,cd7eabc7-8ef4-11f1-9b18-005056b2a5de,7835ecba-2b7a-4784-a702-bafa239ae5e9,c5954a39-8ef4-11f1-9b18-005056b2a5de,1039
03__CFH__TNN__GOU__500,8935024115190,TRUNG NGUYÊN Gourmet Blend Cà Phê Rang Xay 500g,Cà Phê Hộp,Hộp,0.0,163889.0,0.0,163889.0,11.0,1467180.0,1802779.0,,,2026-05-18T00:00:00,2026-05-18T00:00:00,,,78,78,cd805f16-8ef4-11f1-9b18-005056b2a5de,a664ff9a-80a8-49f6-bd20-e446aa256fac,c5954a39-8ef4-11f1-9b18-005056b2a5de,1040
03__CFH__TNN__CLA__204,8935024172360,TRUNG NGUYÊN Legend Classic Cà Phê Hòa Tan 204g,Cà Phê Hộp,Hộp,0.0,57407.0,0.0,57407.1,2.0,29993.0,114814.2,2026-02-09T00:00:00,2026-05-18T00:00:00,2026-05-30T00:00:00,2026-05-30T00:00:00,176,78,66,66,cd7f0e73-8ef4-11f1-9b18-005056b2a5de,a08f8a92-609d-42d6-89cd-0db71bbcb835,c5954a39-8ef4-11f1-9b18-005056b2a5de,1041
03__CFH__TNN__PAS__224,8935024122464,TRUNG NGUYÊN Legend Passiona Cà Phê Hòa Tan 224g,Cà Phê Hộp,Hộp,0.0,83333.0,0.0,83333.0,7.0,471870.0,583331.0,,,2026-05-09T00:00:00,2026-05-09T00:00:00,,,87,87,cd7f3207-8ef4-11f1-9b18-005056b2a5de,15d5e764-ca19-4e4c-86d8-a59e2fd5b7c5,c5954a39-8ef4-11f1-9b18-005056b2a5de,1042
03__CFH__TNN__STO__340,8935024163504,TRUNG NGUYÊN Sáng Tạo 1 Cà Phê Rang Xay 340g,Cà Phê Hộp,Hộp,0.0,88889.0,0.0,88148.2,4.0,287280.0,352592.8,,,2026-05-18T00:00:00,2026-04-23T00:00:00,,,78,103,cd7dfa59-8ef4-11f1-9b18-005056b2a5de,899f1709-540c-4e96-8bbe-2679e2b36893,c5954a39-8ef4-11f1-9b18-005056b2a5de,1043
03__HBI__TDT__MUO__500,8938524395079,TRƯỜNG ĐẠT Hạt Bí Rang Củi Vị Muối Truyền Thống 500g,Hạt Bí,Bịch,0.0,111111.0,0.0,107407.1,0.0,0.0,0.0,,,2026-06-22T00:00:00,2026-06-22T00:00:00,,,43,43,cd7f0664-8ef4-11f1-9b18-005056b2a5de,3f6cd4e1-8c5d-476f-841f-43df36825d9c,c5954a39-8ef4-11f1-9b18-005056b2a5de,1044
03__HBI__TDT__MUO__50,8938524395727,TRƯỜNG ĐẠT Hạt Bí Rang Củi Vị Muối Truyền Thống 50g,Hạt Bí,Bịch,0.0,13889.0,0.0,13888.991736,14.0,109922.0,194445.884304,2026-01-10T00:00:00,2026-05-06T00:00:00,2026-07-24T00:00:00,2026-07-24T00:00:00,206,90,11,11,cd7e39c6-8ef4-11f1-9b18-005056b2a5de,d6aba3a4-6216-491b-88bf-197f4670dcc2,c5954a39-8ef4-11f1-9b18-005056b2a5de,1045
03__HDA__TDT__CUI__40,8938524395161,TRƯỜNG ĐẠT Hạt Dưa Rang Củi 40g,Hạt Dưa,Bịch,0.0,13889.0,0.0,13244.641138,147.0,1346604.0,1946962.247286,2025-11-16T00:00:00,2026-06-09T00:00:00,2026-08-03T00:00:00,2026-08-03T00:00:00,261,56,1,1,cd7db62d-8ef4-11f1-9b18-005056b2a5de,cb0c5437-09a5-4a1d-97a3-d991ff8d6b22,c5954a39-8ef4-11f1-9b18-005056b2a5de,1046
03__HDA__TDT__CUI__500,8938524395338,TRƯỜNG ĐẠT Hạt Dưa Rang Củi 500g,Hạt Dưa,Bịch,0.0,138889.0,0.0,131263.823529,3.0,0.0,393791.470587,2026-01-07T00:00:00,2026-01-07T00:00:00,2026-07-04T00:00:00,2026-07-04T00:00:00,209,209,31,31,cd80725e-8ef4-11f1-9b18-005056b2a5de,34097d14-cfd5-4c17-a770-62d57f60c544,c5954a39-8ef4-11f1-9b18-005056b2a5de,1047
03__HDG__TDT__DUA__40,8938524395147,TRƯỜNG ĐẠT Hạt Hướng Dương Vị Dừa 40g,Hạt Hướng Dương,Bịch,0.0,12963.0,0.0,12963.0,46.0,536000.0,596298.0,2026-06-09T00:00:00,2026-06-09T00:00:00,2026-08-03T00:00:00,2026-08-03T00:00:00,56,56,1,1,cd803a45-8ef4-11f1-9b18-005056b2a5de,eb990db2-07c3-4379-8c8a-684eb1fbf713,c5954a39-8ef4-11f1-9b18-005056b2a5de,1048
01__BLO__TUB__ICE__320,8934692040056,TUBORG ICE Crisp Lager Bia Lon 320ml,Bia Lon,Lon,0.0,23636.4,0.0,23653.584158,19.0,319990.0,449418.099002,2025-12-16T00:00:00,2026-05-15T00:00:00,2026-07-25T00:00:00,2026-07-25T00:00:00,231,81,10,10,cd7ea73e-8ef4-11f1-9b18-005056b2a5de,6db36756-5f55-48f3-95c0-2f6a3b2d8c47,c5954a39-8ef4-11f1-9b18-005056b2a5de,1049
05__GBV__TAN__MGR__80,8936035100397,TƯỜNG AN Bơ Thực Vật Margarine Vị Nguyên Bản 80g,Gia Vị Nhà Bếp,Hũ,0.0,9259.0,0.0,9259.0,3.0,19995.0,27777.0,,,2026-06-07T00:00:00,2026-06-07T00:00:00,,,58,58,cd7f2219-8ef4-11f1-9b18-005056b2a5de,7c95d3cc-9703-47f1-8d47-2909ad1bf80b,c5954a39-8ef4-11f1-9b18-005056b2a5de,1050
05__GDA__TAN__DAU__1000,8936035100311,TƯỜNG AN Dầu Đậu Nành 1L,Gia Vị Nhà Bếp,Chai,0.0,55556.0,0.0,55556.0,7.0,84815.0,388892.0,2025-11-09T00:00:00,2025-11-09T00:00:00,2026-05-28T00:00:00,2026-05-28T00:00:00,268,268,68,68,cd7ffcdd-8ef4-11f1-9b18-005056b2a5de,d903cb5a-8b2e-450b-88f4-2730058931c0,c5954a39-8ef4-11f1-9b18-005056b2a5de,1051
05__GDA__TAN__DAU__400,8936035100304,TƯỜNG AN Dầu Đậu Nành 400ml,Gia Vị Nhà Bếp,Chai,0.0,32407.0,0.0,32407.0,18.0,109122.0,583326.0,2025-11-09T00:00:00,2025-11-09T00:00:00,2026-05-18T00:00:00,2026-05-18T00:00:00,268,268,78,78,cd8000a5-8ef4-11f1-9b18-005056b2a5de,9e5856a0-bb09-42b9-b6b1-24d3c8183e2e,c5954a39-8ef4-11f1-9b18-005056b2a5de,1052
09__CSK__UNI__KID__5,8934755042263,UNICHARM Khẩu Trang 3D Mask Kids (5 miếng),Chăm Sóc Sức Khỏe,Bịch,0.0,24074.0,0.0,24074.0,27.0,447120.0,649998.0,,,2026-07-04T00:00:00,2026-07-04T00:00:00,,,31,31,cd7f2cf0-8ef4-11f1-9b18-005056b2a5de,b611be6c-e42e-4883-9b6a-fd68f908397a,c5954a39-8ef4-11f1-9b18-005056b2a5de,1053
09__CSK__UNI__FIT__15,8934755046773,UNICHARM Khẩu Trang 3D Mask Super Fit (5miếng x 3gói),Chăm Sóc Sức Khỏe,Bịch,0.0,38889.0,0.0,35714.142857,9.0,203342.0,321427.285713,2026-02-02T00:00:00,2026-05-17T00:00:00,2026-07-24T00:00:00,2026-07-24T00:00:00,183,79,11,11,cd7fae4f-8ef4-11f1-9b18-005056b2a5de,2a648fac-b885-4c0f-a520-d21b1f325ac2,c5954a39-8ef4-11f1-9b18-005056b2a5de,1054
09__CSK__UNI__UVM__5,8934755042331,UNICHARM Khẩu Trang UV Maks Bảo Vệ Da (5 miếng),Chăm Sóc Sức Khỏe,Bịch,0.0,23148.0,0.0,22043.385965,37.0,589002.0,815605.280705,2026-02-02T00:00:00,2026-06-24T00:00:00,2026-08-02T00:00:00,2026-08-02T00:00:00,183,41,2,2,cd7f6f61-8ef4-11f1-9b18-005056b2a5de,cdf759ec-9168-4977-a4a9-14fda0bad04f,c5954a39-8ef4-11f1-9b18-005056b2a5de,1055
06__DCN__VAS__BRI__200,8934868168041,VASELINE Brightening Defense Lotion 200ml,Chăm Sóc Da & Cơ Thể,Chai,0.0,83333.0,0.0,83333.0,8.0,411200.0,666664.0,,,2026-06-20T00:00:00,2026-06-20T00:00:00,,,45,45,cd7f3dcb-8ef4-11f1-9b18-005056b2a5de,502427fa-696f-40e7-8434-90efa3f1e537,c5954a39-8ef4-11f1-9b18-005056b2a5de,1056
06__DDM__VAS__DAM__300,8851932427722,VASELINE Gluta-Hya Dưỡng Sáng Da Ẩm Mượt 300ml,Chăm Sóc Da & Cơ Thể,Chai,0.0,120370.0,0.0,120370.0,0.0,0.0,0.0,,,2026-02-18T00:00:00,2026-02-18T00:00:00,,,167,167,cd7f24b1-8ef4-11f1-9b18-005056b2a5de,55ed3fc6-1fd4-4a6d-8173-036dab32a5e6,c5954a39-8ef4-11f1-9b18-005056b2a5de,1057
06__DDM__VAS__SDA__300,9556126670654,VASELINE Gluta-Hya Dưỡng Sáng Da Không Lo 300ml,Chăm Sóc Da & Cơ Thể,Chai,0.0,120370.0,0.0,120370.0,6.0,470537.0,722220.0,2026-03-30T00:00:00,2026-03-30T00:00:00,2025-12-19T00:00:00,2025-12-19T00:00:00,127,127,228,228,cd7f439c-8ef4-11f1-9b18-005056b2a5de,70bc227a-808a-4b27-b15c-a44df007b2b4,c5954a39-8ef4-11f1-9b18-005056b2a5de,1058
06__DCN__VAS__PER__200,8934868153740,VASELINE Perfect Youth Pro-Age Lotion 200ml,Chăm Sóc Da & Cơ Thể,Chai,0.0,83333.0,0.0,83333.0,9.0,462600.0,749997.0,,,2026-07-12T00:00:00,2026-07-12T00:00:00,,,23,23,cd7faed3-8ef4-11f1-9b18-005056b2a5de,4e546b4b-5835-4483-9def-b3f6dee6a040,c5954a39-8ef4-11f1-9b18-005056b2a5de,1059
06__DCN__VAS__S50__300,8851932388115,VASELINE Serum Chống Nắng Spf 50+ 300ml,Chăm Sóc Da & Cơ Thể,Chai,0.0,148148.0,0.0,148148.0,3.0,298759.0,444444.0,2026-04-25T00:00:00,2026-04-25T00:00:00,2026-07-18T00:00:00,2026-07-18T00:00:00,101,101,17,17,cd7f9962-8ef4-11f1-9b18-005056b2a5de,351f5dfa-9bbd-4388-825b-58bad21d956b,c5954a39-8ef4-11f1-9b18-005056b2a5de,1060
03__KDE__VNT__DAO__30,8938552557005,VIETNUTRI Kẹo Thạch Zummy KID Jelly Đào 30g,Kẹo Dẻo,Cái,0.0,2778.0,0.0,2777.928571,36.0,85236.0,100005.428556,2025-11-09T00:00:00,2026-05-25T00:00:00,2026-08-01T00:00:00,2026-08-01T00:00:00,268,71,3,3,cd7ec236-8ef4-11f1-9b18-005056b2a5de,64b32f93-2bec-4f0e-99c5-fdc9ed2c4eee,c5954a39-8ef4-11f1-9b18-005056b2a5de,1061
03__KDE__VNT__DAU__30,8938552557029,VIETNUTRI Kẹo Thạch Zummy KID Jelly Dâu 30g,Kẹo Dẻo,Cái,0.0,2778.0,0.0,2777.945946,35.0,85173.0,97228.10811,2026-01-10T00:00:00,2026-01-10T00:00:00,2026-08-02T00:00:00,2026-08-02T00:00:00,206,206,2,2,cd7e2b31-8ef4-11f1-9b18-005056b2a5de,b8f07964-2f48-4aa6-b533-ed80202913d4,c5954a39-8ef4-11f1-9b18-005056b2a5de,1062
03__KDE__VNT__XOA__30,8938552557012,VIETNUTRI Kẹo Thạch Zummy KID Jelly Xoài 30g,Kẹo Dẻo,Cái,0.0,2778.0,0.0,2777.916667,36.0,85173.0,100005.000012,2026-01-10T00:00:00,2026-01-10T00:00:00,2026-08-01T00:00:00,2026-08-01T00:00:00,206,206,3,3,cd7d7c5f-8ef4-11f1-9b18-005056b2a5de,eae3146f-97c9-4f3f-ad23-677ee0f7d312,c5954a39-8ef4-11f1-9b18-005056b2a5de,1063
01__STC__VNU__BAP__240,8938552557302,VIETNUTRI Sữa Bắp Lon 240ml,Sữa Trái Cây,Lon,0.0,13889.0,0.0,13421.902655,15.0,188440.0,201328.539825,2025-11-21T00:00:00,2026-05-29T00:00:00,2026-07-28T00:00:00,2026-07-28T00:00:00,256,67,7,7,cd7e58bf-8ef4-11f1-9b18-005056b2a5de,1283057a-a0e3-4361-891d-9853a737d88b,c5954a39-8ef4-11f1-9b18-005056b2a5de,1064
01__STC__VNU__DNH__240,8938552557319,VIETNUTRI Sữa Đậu Nành Lon 240ml,Sữa Trái Cây,Lon,0.0,13889.0,0.0,13734.666667,34.0,266960.0,466978.666678,2025-11-21T00:00:00,2026-05-29T00:00:00,2026-08-02T00:00:00,2026-08-02T00:00:00,256,67,2,2,cd7fa06a-8ef4-11f1-9b18-005056b2a5de,64bf7b7a-5dac-4d30-9b4c-be35ecee4561,c5954a39-8ef4-11f1-9b18-005056b2a5de,1065
02__MIL__VIF__TEX__115,8935311103503,VIFON MÌ Trộn Bò Texas Ly 115g,Mì Ly,Ly,0.0,29630.0,0.0,29629.9375,22.0,427417.0,651858.625,2026-06-12T00:00:00,2026-07-29T00:00:00,2026-08-02T00:00:00,2026-08-02T00:00:00,53,6,2,2,cd7f7f6e-8ef4-11f1-9b18-005056b2a5de,db3d0e4f-ec37-4815-b13d-54059eff2d30,c5954a39-8ef4-11f1-9b18-005056b2a5de,1066
02__MIL__VIF__CUA__90,8935311101349,VIFON Mì Trộn Cua Xốt Me Ly 90g,Mì Ly,Ly,0.0,18519.0,0.0,18519.0,34.0,350570.0,629646.0,2026-06-12T00:00:00,2026-07-29T00:00:00,2026-07-31T00:00:00,2026-07-31T00:00:00,53,6,4,4,cd7f1432-8ef4-11f1-9b18-005056b2a5de,7bf7c4a1-2b8c-4bb0-9e6a-a071e3b69e1e,c5954a39-8ef4-11f1-9b18-005056b2a5de,1067
02__MIL__VIF__GCY__115,8935311103411,VIFON Mì Trộn Sốt Gà Cay Ly 115g,Mì Ly,Ly,0.0,33333.0,0.0,33333.083333,17.0,286136.0,566662.416661,2026-06-12T00:00:00,2026-07-29T00:00:00,2026-08-01T00:00:00,2026-08-01T00:00:00,53,6,3,3,cd7e9cd9-8ef4-11f1-9b18-005056b2a5de,d27cd293-aa2a-4884-b7ae-f022c09e4235,c5954a39-8ef4-11f1-9b18-005056b2a5de,1068
11__BTR__VIM__XAH__500,8934868141532,VIM Chai Xanh Biển 500ml,Đồ Dùng Bếp,Chai,0.0,25926.0,0.0,25926.0,1.0,19259.0,25926.0,,,2026-05-27T00:00:00,2026-05-27T00:00:00,,,69,69,cd7ef4e3-8ef4-11f1-9b18-005056b2a5de,e102ff83-48bf-46f3-a4cb-fd3d7b9bdbd5,c5954a39-8ef4-11f1-9b18-005056b2a5de,1069
11__BTR__VIM__BHA__180,6902088979091,VIM Thả Bồn Cầu Hương Bạc Hà 180g,Đồ Dùng Bếp,Vỉ,0.0,46296.0,0.0,46296.0,6.0,216000.0,277776.0,,,2026-07-25T00:00:00,2026-07-25T00:00:00,,,10,10,cd7f7e18-8ef4-11f1-9b18-005056b2a5de,97c3980e-cb66-49f3-b273-b838e65cb5e6,c5954a39-8ef4-11f1-9b18-005056b2a5de,1070
11__BTR__VIM__CHH__50,8934868187295,VIM Treo Bồn Cầu Hương Chanh 50g,Đồ Dùng Bếp,Cái,0.0,27778.0,0.0,27407.6,11.0,244915.0,301483.6,,,2026-05-26T00:00:00,2026-05-12T00:00:00,,,70,84,cd7f2f58-8ef4-11f1-9b18-005056b2a5de,2d257012-be87-4729-b8b7-5eb7d27a7fa6,c5954a39-8ef4-11f1-9b18-005056b2a5de,1071
11__BTR__VIM__TRX__50,8934868187271,VIM Treo Bồn Cầu Hương Trà Xanh & Chanh 50g,Đồ Dùng Bếp,Cái,0.0,27778.0,0.0,27592.8,4.0,89060.0,110371.2,,,2026-04-12T00:00:00,2026-04-12T00:00:00,,,114,114,cd7f23ae-8ef4-11f1-9b18-005056b2a5de,9f4b6ee0-f774-491d-b0be-0de76d8754cc,c5954a39-8ef4-11f1-9b18-005056b2a5de,1072
03__CFG__VNC__SDA__29,8934683007761,VINACAFE Chất Sài Gòn Cà Phê Sữa Đá Gói 29g,Cà Phê Gói,Gói,0.0,6481.0,0.0,6481.125,0.0,0.0,0.0,,,2026-02-25T00:00:00,2026-02-25T00:00:00,,,160,160,cd7f1e95-8ef4-11f1-9b18-005056b2a5de,58aee8d1-c1f9-475f-af9a-66f7f768dc24,c5954a39-8ef4-11f1-9b18-005056b2a5de,1073
03__CFG__VNC__ORI__20,8934683007747,VINACAFE Gold Original Gói 20g,Cà Phê Gói,Gói,0.0,4630.0,0.0,4629.743421,12.0,7552.0,55556.921052,2025-11-09T00:00:00,2026-01-11T00:00:00,2026-05-21T00:00:00,2026-05-21T00:00:00,268,205,75,75,cd7ebc79-8ef4-11f1-9b18-005056b2a5de,10849591-c3ce-4741-b0fb-c026cd20099f,c5954a39-8ef4-11f1-9b18-005056b2a5de,1074
04__SDA__VNM__CAP__165,8934673200615,VINAMILK Creamer Đặc Ông Thọ Cà Phê Tuýp Nâu 165g,Sữa Đặc,Tuýp,0.0,27778.0,0.0,27778.0,5.0,80325.0,138890.0,,,2026-03-21T00:00:00,2026-03-21T00:00:00,,,136,136,cd7e3c47-8ef4-11f1-9b18-005056b2a5de,500694b5-ef07-4253-9713-02294478d5d7,c5954a39-8ef4-11f1-9b18-005056b2a5de,1075
04__SDA__VNM__MAT__165,8934673200776,VINAMILK Creamer Đặc Ông Thọ Matcha Tuýp Xanh Lá 165g,Sữa Đặc,Tuýp,0.0,27778.0,0.0,25926.0,0.0,0.0,0.0,,,2026-01-14T00:00:00,2026-01-14T00:00:00,,,202,202,cd7e770f-8ef4-11f1-9b18-005056b2a5de,d6c9f326-8325-4e42-bb82-5c916411d95b,c5954a39-8ef4-11f1-9b18-005056b2a5de,1076
04__SDA__VNM__TDO__165,8934673200325,VINAMILK Creamer Đặc Ông Thọ Tuýp Đỏ 165g,Sữa Đặc,Tuýp,0.0,27778.0,0.0,26041.75,0.0,0.0,0.0,,,2026-02-06T00:00:00,2026-02-06T00:00:00,,,179,179,cd7f1381-8ef4-11f1-9b18-005056b2a5de,22e08bbc-f086-4748-ab65-77e0109d9b0d,c5954a39-8ef4-11f1-9b18-005056b2a5de,1077
14__KEH__VNM__DAU__49,8934673600309,VINAMILK Kem Mịn Dâu Hũ 49g,Kem Hộp,Hũ,0.0,11111.0,0.0,11111.0,0.0,0.0,0.0,2025-12-17T00:00:00,2025-12-17T00:00:00,2026-03-25T00:00:00,2026-03-25T00:00:00,230,230,132,132,cd804a07-8ef4-11f1-9b18-005056b2a5de,5b6f192f-037c-4526-930e-9e67a9335f66,c5954a39-8ef4-11f1-9b18-005056b2a5de,1078
14__KEH__VNM__DUA__850,8934673600354,VINAMILK Kem Mịn Dừa Hộp 850ml,Kem Hộp,Hộp,0.0,89815.0,0.0,87037.25,0.0,0.0,0.0,,,2025-12-05T00:00:00,2025-12-05T00:00:00,,,242,242,cd7f6e12-8ef4-11f1-9b18-005056b2a5de,224f0ab9-a0c0-4c2c-8c3a-c9f36dbab603,c5954a39-8ef4-11f1-9b18-005056b2a5de,1079
14__KEH__VNM__KMN__400,8934673600378,VINAMILK Kem Mịn Khoai Môn Hộp 400ml,Kem Hộp,Hộp,0.0,50926.0,0.0,49768.5,0.0,0.0,0.0,,,2026-02-19T00:00:00,2026-02-19T00:00:00,,,166,166,cd7e27e1-8ef4-11f1-9b18-005056b2a5de,8e70426e-2491-46d4-a2bc-1dc2b29526e9,c5954a39-8ef4-11f1-9b18-005056b2a5de,1080
04__SAN__VNM__CDG__100,8934673606820,VINAMILK Sữa Chua Ăn Có Đường 100g,Sữa Chua Ăn,Hộp,0.0,6481.0,0.0,6481.0,0.0,0.0,0.0,,,2026-03-26T00:00:00,2025-11-15T00:00:00,,,131,262,cd802297-8ef4-11f1-9b18-005056b2a5de,6e63e4e0-cd20-4dad-9751-2e3e6561d6fe,c5954a39-8ef4-11f1-9b18-005056b2a5de,1081
04__SAN__VNM__IDG__100,8934673613828,VINAMILK Sữa Chua Ăn Ít Đường 100g,Sữa Chua Ăn,Hộp,0.0,6481.0,0.0,6481.0,0.0,0.0,0.0,2025-11-09T00:00:00,2025-11-09T00:00:00,2026-03-26T00:00:00,2025-11-21T00:00:00,268,268,131,256,cd802579-8ef4-11f1-9b18-005056b2a5de,ba3c4978-ad84-4faa-b311-4dd2e04eb87a,c5954a39-8ef4-11f1-9b18-005056b2a5de,1082
04__SAN__VNM__0DG__100,8934673605823,VINAMILK Sữa Chua Ăn Không Đường 100g,Sữa Chua Ăn,Hộp,0.0,6481.5,0.0,6481.444444,0.0,0.0,0.0,,,2026-03-26T00:00:00,2025-12-02T00:00:00,,,131,245,cd7ee8c1-8ef4-11f1-9b18-005056b2a5de,7a23abf6-1c16-4930-b58d-1fabb8def6ac,c5954a39-8ef4-11f1-9b18-005056b2a5de,1083
04__SAN__VNM__NDM__100,8934673601825,VINAMILK Sữa Chua Ăn Nha Đam 100g,Sữa Chua Ăn,Hộp,0.0,7870.0,0.0,7870.227273,0.0,0.0,0.0,2025-11-13T00:00:00,2025-11-13T00:00:00,2026-03-26T00:00:00,2025-12-10T00:00:00,264,264,131,237,cd7ff2ce-8ef4-11f1-9b18-005056b2a5de,84133581-1d55-4f32-b3ed-37df37f93ce6,c5954a39-8ef4-11f1-9b18-005056b2a5de,1084
04__SAN__VNM__VQT__100,8934673500944,VINAMILK Sữa Chua Ăn Việt Quất 100g,Sữa Chua Ăn,Hộp,0.0,8796.0,0.0,8796.230769,0.0,0.0,0.0,2025-11-13T00:00:00,2025-11-13T00:00:00,2026-03-26T00:00:00,2025-12-08T00:00:00,264,264,131,239,cd801744-8ef4-11f1-9b18-005056b2a5de,3deedf1d-0b9e-430d-aed6-d9e61d9547da,c5954a39-8ef4-11f1-9b18-005056b2a5de,1085
04__SUO__VNM__DGG__65,8934673435505,VINAMILK Sữa Chua Uống Probi Hương Dưa Gang Lốc 5 Chai 65ml,Sữa Chua Uống,Chai,0.0,25000.0,0.0,25000.0,0.0,0.0,0.0,,,2026-03-26T00:00:00,2025-11-23T00:00:00,,,131,254,cd801c54-8ef4-11f1-9b18-005056b2a5de,56a753d6-c639-459e-bf65-4f2c1280c030,c5954a39-8ef4-11f1-9b18-005056b2a5de,1086
04__SUO__VNM__TTG__65,8934673400510,VINAMILK Sữa Chua Uống Probi Vị Truyền Thống Lốc 5 Chai 65ml,Sữa Chua Uống,Chai,0.0,25000.0,0.0,25000.0,0.0,0.0,0.0,,,2025-11-24T00:00:00,2025-11-24T00:00:00,,,253,253,cd80231d-8ef4-11f1-9b18-005056b2a5de,36ebeb97-1bb1-4202-86cd-ca30acf367c7,c5954a39-8ef4-11f1-9b18-005056b2a5de,1087
VSDOT401,8934673302814,VINAMILK Sữa Đặc Ông Thọ 40g,Sữa Đặc,Chiếc,0.0,9259.0,0.0,9259.294118,7.0,32200.0,64815.058826,2026-06-09T00:00:00,2026-06-09T00:00:00,2026-07-30T00:00:00,2026-07-30T00:00:00,56,56,5,5,cd804135-8ef4-11f1-9b18-005056b2a5de,0c71a2bb-413d-4a18-8da6-4e5e7d30fa72,c5954a39-8ef4-11f1-9b18-005056b2a5de,1088
04__SDA__VNM__XDG__380,8934673209366,VINAMILK Sữa Đặc Ông Thọ Hộp Xanh Dương 380g,Sữa Đặc,Hộp,0.0,34259.0,0.0,34259.043478,0.0,0.0,0.0,2025-11-18T00:00:00,2026-02-09T00:00:00,2026-04-26T00:00:00,2026-04-26T00:00:00,259,176,100,100,cd7eb3fb-8ef4-11f1-9b18-005056b2a5de,7462a41a-fb01-42a2-a23d-c81ca0444595,c5954a39-8ef4-11f1-9b18-005056b2a5de,1089
04__SDA__VNM__DDO__380,8934673312509,VINAMILK Sữa Đặc Ông Thọ Lon Đỏ 380g,Sữa Đặc,Hộp,0.0,31481.0,0.0,30555.5,1.0,20966.0,30555.5,2025-11-09T00:00:00,2025-11-09T00:00:00,2025-12-03T00:00:00,2025-12-03T00:00:00,268,268,244,244,cd801fe4-8ef4-11f1-9b18-005056b2a5de,c58665f8-8792-494f-a24a-ab26c8c2c65b,c5954a39-8ef4-11f1-9b18-005056b2a5de,1090
04__SHG__VNM__CDG__180,8934673573344,VINAMILK Sữa Tươi TT Có Đường 180ml,Sữa Hộp Giấy,Hộp,0.0,9259.25,0.0,9259.225,0.0,0.0,0.0,2026-02-09T00:00:00,2026-02-09T00:00:00,2026-03-26T00:00:00,2026-02-18T00:00:00,176,176,131,167,cd8056cd-8ef4-11f1-9b18-005056b2a5de,7f21a100-3c59-4f88-a4f0-b80daaec37dc,c5954a39-8ef4-11f1-9b18-005056b2a5de,1091
04__SHG__VNM__CHU__180,8934673101356,VINAMILK Sữa Tươi TT Giảm Béo Chuối 180ml,Sữa Hộp Giấy,Hộp,0.0,9259.0,0.0,9259.125,0.0,0.0,0.0,2025-11-09T00:00:00,2025-11-09T00:00:00,2026-02-18T00:00:00,2026-02-18T00:00:00,268,268,167,167,cd7ffc45-8ef4-11f1-9b18-005056b2a5de,c1d0767e-a44b-4878-9633-a697302c09e2,c5954a39-8ef4-11f1-9b18-005056b2a5de,1092
04__SHG__VNM__DAU__180,8934673574341,VINAMILK Sữa Tươi TT Hương Dâu 180ml,Sữa Hộp Giấy,Hộp,0.0,9259.25,0.0,9259.116279,0.0,0.0,0.0,,,2026-03-26T00:00:00,2026-01-08T00:00:00,,,131,208,cd7ea2c4-8ef4-11f1-9b18-005056b2a5de,4586b07d-111e-4374-873a-3e4674e2beb0,c5954a39-8ef4-11f1-9b18-005056b2a5de,1093
04__SHG__VNM__IDG__110,8934673581325,VINAMILK Sữa Tươi TT Ít Đường 110ml,Sữa Hộp Giấy,Hộp,0.0,4630.0,0.0,4629.724138,0.0,0.0,0.0,,,2026-02-03T00:00:00,2026-02-03T00:00:00,,,182,182,cd7e5a98-8ef4-11f1-9b18-005056b2a5de,b344c4a9-477d-400f-8c36-bd04ef94fcc7,c5954a39-8ef4-11f1-9b18-005056b2a5de,1094
04__SHG__VNM__IDG__180,8934673581349,VINAMILK Sữa Tươi TT Ít Đường 180ml,Sữa Hộp Giấy,Hộp,0.0,9259.25,0.0,9259.242424,48.0,391392.0,444443.636352,2026-03-26T00:00:00,2026-03-26T00:00:00,2026-03-07T00:00:00,2026-03-07T00:00:00,131,131,150,150,cd7ee685-8ef4-11f1-9b18-005056b2a5de,f4f852fc-bad9-4c50-9a11-fc30dd6a30fa,c5954a39-8ef4-11f1-9b18-005056b2a5de,1095
04__SBI__VNM__IDG__220,8934673132343,VINAMILK Sữa Tươi TT Ít Đường Bịch 220ml,Sữa Bịch,Bịch,0.0,9259.285714,0.0,9259.243243,0.0,0.0,0.0,,,2025-12-11T00:00:00,2025-12-11T00:00:00,,,236,236,cd7eb35f-8ef4-11f1-9b18-005056b2a5de,bfa1c56c-ba87-41be-b17a-f916d8d57b06,c5954a39-8ef4-11f1-9b18-005056b2a5de,1096
04__SHG__VNM__ODG__180,8934673576345,VINAMILK Sữa Tươi TT Không Đường 180ml,Sữa Hộp Giấy,Hộp,0.0,9259.25,0.0,9259.234375,0.0,0.0,0.0,2026-03-26T00:00:00,2026-03-26T00:00:00,2026-03-07T00:00:00,2026-03-07T00:00:00,131,131,150,150,cd7f7bb6-8ef4-11f1-9b18-005056b2a5de,3c907e40-f116-4c48-872a-2caa9c8a3345,c5954a39-8ef4-11f1-9b18-005056b2a5de,1097
04__SHG__VNM__SOC__180,8934673575348,VINAMILK Sữa Tươi TT Socola 180ml,Sữa Hộp Giấy,Hộp,0.0,9259.0,0.0,9259.159091,0.0,0.0,0.0,,,2026-02-09T00:00:00,2026-02-09T00:00:00,,,176,176,cd7f3623-8ef4-11f1-9b18-005056b2a5de,2d00194d-0766-4ab9-a9e2-cd5dc8ab08a3,c5954a39-8ef4-11f1-9b18-005056b2a5de,1098
01__NGA__VHO__LEM__500,8934840000093,VĨNH HẢO Lemona Nước Khoáng Chanh 500ml,Nước Có Ga,Chai,0.0,11111.0,26.143791,10919.27533,16.0,816996.0,174708.40528,2026-01-11T00:00:00,2026-07-28T00:00:00,2026-08-03T00:00:00,2026-08-03T00:00:00,205,7,1,1,cd7de674-8ef4-11f1-9b18-005056b2a5de,d069e214-b97d-44cc-89f4-cc4b7f1b0654,c5954a39-8ef4-11f1-9b18-005056b2a5de,1099
01__NGA__VHO__KHO__500,8934840000185,VĨNH HẢO Nước Khoáng Có Ga 500ml,Nước Có Ga,Chai,0.0,7407.0,0.0,7407.195313,84.0,880712.0,622204.406292,2025-11-18T00:00:00,2026-07-28T00:00:00,2026-08-02T00:00:00,2026-08-02T00:00:00,259,7,2,2,cd7d9884-8ef4-11f1-9b18-005056b2a5de,db13f685-50b5-4a00-825a-13b67f13371a,c5954a39-8ef4-11f1-9b18-005056b2a5de,1100
01__NLO__VHO__0GA__1500,8934840000154,VĨNH HẢO Nước Khoáng Không Ga 1.5L,Nước Lọc Chai,Chai,0.0,14815.0,0.0,14814.981818,1.0,8174.0,14814.981818,2025-11-27T00:00:00,2026-03-16T00:00:00,2026-04-17T00:00:00,2026-04-17T00:00:00,250,141,109,109,cd7e525a-8ef4-11f1-9b18-005056b2a5de,a90da21d-1f80-41bd-ae3b-e77ea8517dc8,c5954a39-8ef4-11f1-9b18-005056b2a5de,1101
01__NLO__VHO__0GA__500,8934840000130,VĨNH HẢO Nước Khoáng Không Ga 500ml,Nước Lọc Chai,Chai,0.0,6481.0,0.0,6481.257235,37.0,552000.0,239806.517695,2025-11-09T00:00:00,2026-07-28T00:00:00,2026-08-02T00:00:00,2026-08-02T00:00:00,268,7,2,2,cd7d99fa-8ef4-11f1-9b18-005056b2a5de,e2b99b86-d0e8-49b5-a9c8-5d5ed3860086,c5954a39-8ef4-11f1-9b18-005056b2a5de,1102
02__HOB__VIS__2LT__170,8934572020017,VISSAN Bò 2 Lát Hộp 170g,Bò Hộp,Hộp,0.0,40741.0,0.0,40741.0,0.0,0.0,0.0,,,2026-05-30T00:00:00,2026-05-30T00:00:00,,,66,66,cd7f395c-8ef4-11f1-9b18-005056b2a5de,4b68eb2e-e3b8-4e68-a309-a79a5010ca93,c5954a39-8ef4-11f1-9b18-005056b2a5de,1103
02__HCA__VIS__XCA__150,8934572135001,VISSAN Mai Vàng Cá Hộp Xốt Cà 150g,Cá Hộp,Hộp,0.0,18519.0,0.0,17934.105263,6.0,38400.0,107604.631578,2026-05-17T00:00:00,2026-05-17T00:00:00,2026-07-30T00:00:00,2026-07-30T00:00:00,79,79,5,5,cd7dacba-8ef4-11f1-9b18-005056b2a5de,ba995aed-9ada-4f45-af64-2218b35a0b93,c5954a39-8ef4-11f1-9b18-005056b2a5de,1104
02__HOP__VIS__GAN__170,8934572070012,VISSAN Pate Gan Heo Hộp 170g,Pate Hộp,Hộp,0.0,38889.0,0.0,37301.714286,5.0,94286.0,186508.57143,2026-05-17T00:00:00,2026-05-17T00:00:00,2026-07-02T00:00:00,2026-07-02T00:00:00,79,79,33,33,cd7fbdd6-8ef4-11f1-9b18-005056b2a5de,d75e0f36-3a9e-470b-b441-e953066a51cb,c5954a39-8ef4-11f1-9b18-005056b2a5de,1105
02__HOP__VIS__HEO__170,8934572000019,VISSAN Pate Thịt Heo Hộp 170g,Pate Hộp,Hộp,0.0,35185.0,0.0,35185.0,18.0,380567.0,633330.0,2025-11-09T00:00:00,2025-11-09T00:00:00,2026-06-28T00:00:00,2026-06-28T00:00:00,268,268,37,37,cd7ff189-8ef4-11f1-9b18-005056b2a5de,0aa32b88-edd9-4672-9428-cdcb6498e400,c5954a39-8ef4-11f1-9b18-005056b2a5de,1106
02__HOX__VIS__XCA__150,8934572011015,VISSAN Xíu Mại Xốt Cà Hộp 150g,Xíu Mại Hộp,Hộp,0.0,33333.5,0.0,31565.636364,0.0,0.0,0.0,,,2026-01-19T00:00:00,2026-01-19T00:00:00,,,197,197,cd7f055c-8ef4-11f1-9b18-005056b2a5de,916afeae-f102-4120-9a39-308414539b05,c5954a39-8ef4-11f1-9b18-005056b2a5de,1107
02__XXH__VIS__DDG__1,58934588843108,VISSAN Xúc Xích Dinh Dưỡng,Xúc Xích,Cái,0.0,4630.0,0.0,4629.705357,8.0,300000.0,37037.642856,2026-04-30T00:00:00,2026-04-30T00:00:00,2026-05-10T00:00:00,2026-05-10T00:00:00,96,96,86,86,cd80399f-8ef4-11f1-9b18-005056b2a5de,dab8960c-70f2-4733-a9a9-688823b548ea,c5954a39-8ef4-11f1-9b18-005056b2a5de,1108
01__NLU__WUP__247__330,8934683008867,WAKE UP 247 Chai Nước Tăng Lực Vị Cafe 330ml,Nước Tăng Lực,Chai,0.0,13636.0,221.674877,12377.441315,11.0,280496.0,136151.854465,2025-11-09T00:00:00,2026-07-01T00:00:00,2026-08-03T00:00:00,2026-08-03T00:00:00,268,34,1,1,cd7e5e86-8ef4-11f1-9b18-005056b2a5de,f48cbd8e-3847-46d1-93ca-66ee0632fa12,c5954a39-8ef4-11f1-9b18-005056b2a5de,1109
01__NLU__WUP__247__245,8934683010723,WAKE UP 247 Lon Nước Tăng Lực 245ml,Nước Tăng Lực,Lon,0.0,13636.0,0.0,11247.085106,17.0,188000.0,191200.446802,2025-11-09T00:00:00,2026-06-18T00:00:00,2026-07-30T00:00:00,2026-07-30T00:00:00,268,47,5,5,cd7eb5c2-8ef4-11f1-9b18-005056b2a5de,f14796e2-dff7-4865-b8ae-654678419ffc,c5954a39-8ef4-11f1-9b18-005056b2a5de,1110
03__BGO__WAN__BAP__170,8935302300478,WANT WANT Bánh Gạo Cuộn Vị Bắp Thanh Ngọt 170g,Bánh Gạo,Bịch,0.0,32407.0,0.0,27963.0,3.0,32806.0,83889.0,2026-02-23T00:00:00,2026-02-23T00:00:00,2026-06-12T00:00:00,2026-06-12T00:00:00,162,162,53,53,cd7fb49c-8ef4-11f1-9b18-005056b2a5de,47a1dd94-513b-4992-a94f-2a1426be76d3,c5954a39-8ef4-11f1-9b18-005056b2a5de,1111
03__BGO__WAN__PMI__170,8935302300485,WANT WANT Bánh Gạo Cuộn Vị Phô Mai 170g,Bánh Gạo,Bịch,0.0,32407.0,0.0,27199.1875,0.0,0.0,0.0,,,2026-06-13T00:00:00,2026-06-13T00:00:00,,,52,52,cd7f118b-8ef4-11f1-9b18-005056b2a5de,abae35c5-f622-4e4c-a479-1075f38add79,c5954a39-8ef4-11f1-9b18-005056b2a5de,1112
03__BGO__WAN__RBN__170,8935302300454,WANT WANT Bánh Gạo Cuộn Vị Rong Biển 170g,Bánh Gạo,Bịch,0.0,26852.0,0.0,26852.0,1.0,17500.0,26852.0,,,2026-04-30T00:00:00,2026-04-30T00:00:00,,,96,96,cd7e669d-8ef4-11f1-9b18-005056b2a5de,f734fc92-3e63-4684-9597-40fbe3bddd58,c5954a39-8ef4-11f1-9b18-005056b2a5de,1113
01__NGA__WEL__DTY__355,8801043450706,WELCH's Soda Vị Dâu Tây 355ml,Nước Có Ga,Lon,0.0,24074.0,0.0,23668.875,15.0,329478.0,355033.125,2025-11-27T00:00:00,2026-06-30T00:00:00,2026-08-02T00:00:00,2026-08-02T00:00:00,250,35,2,2,cd7f9d28-8ef4-11f1-9b18-005056b2a5de,da5a8469-abf8-462f-9818-fc728f97a87c,c5954a39-8ef4-11f1-9b18-005056b2a5de,1114
01__NGA__WEL__NMD__355,8801043650625,WELCH's Soda Vị Nho Mẫu Đơn 355ml,Nước Có Ga,Lon,0.0,24074.0,0.0,23466.470899,7.0,630000.0,164265.296293,2025-11-27T00:00:00,2026-06-22T00:00:00,2026-08-03T00:00:00,2026-08-03T00:00:00,250,43,1,1,cd7eb0f1-8ef4-11f1-9b18-005056b2a5de,f28650c9-b55d-4200-8c67-a4db11649dfa,c5954a39-8ef4-11f1-9b18-005056b2a5de,1115
01__NGA__WEL__NTI__355,8801043450690,WELCH's Soda Vị Nho Tím 355ml,Nước Có Ga,Lon,0.0,24074.0,0.0,23443.531915,0.0,360000.0,0.0,2025-12-24T00:00:00,2026-06-12T00:00:00,2026-08-01T00:00:00,2026-08-01T00:00:00,223,53,3,3,cd7d958b-8ef4-11f1-9b18-005056b2a5de,ce8bf8dd-6bb6-4814-98db-1a8452426e5c,c5954a39-8ef4-11f1-9b18-005056b2a5de,1116
01__NGA__WEL__KCL__355,8801043064088,WELCH's Soda Vị Nho Tím Không Calo 355ml,Nước Có Ga,Lon,0.0,24074.0,0.0,23454.453237,2.0,360000.0,46908.906474,2025-12-24T00:00:00,2026-06-12T00:00:00,2026-08-01T00:00:00,2026-08-01T00:00:00,223,53,3,3,cd7e0369-8ef4-11f1-9b18-005056b2a5de,62890f17-365f-41da-891c-1455db2a5bba,c5954a39-8ef4-11f1-9b18-005056b2a5de,1117
05__GND__WON__LON__160,8935001200468,WONDERFARM Nước Cốt Dừa Lon 160ml,Gia Vị Nhà Bếp,Lon,0.0,18518.5,0.0,18518.5,0.0,0.0,0.0,,,2025-11-08T00:00:00,2025-11-08T00:00:00,,,269,269,cd802f24-8ef4-11f1-9b18-005056b2a5de,1abab8a7-233f-4e07-80be-27ff62ded303,c5954a39-8ef4-11f1-9b18-005056b2a5de,1118
01__NTR__WON__NME__310,8935001233039,WONDERFARM Nước Me Lon 310ml,Nước Trái Cây,Lon,0.0,11111.0,0.0,11111.0,0.0,0.0,0.0,,,2025-11-19T00:00:00,2025-11-19T00:00:00,,,258,258,cd8020fe-8ef4-11f1-9b18-005056b2a5de,766c0326-3650-4a51-b38e-532c3c51f648,c5954a39-8ef4-11f1-9b18-005056b2a5de,1119
01__TDC__WON__BDO__280,8935001282365,WONDERFARM Trà Bí Đao Chai 280ml,Trà Đóng Chai,Chai,0.0,9259.0,0.0,9259.106007,45.0,672234.0,416659.770315,2025-11-09T00:00:00,2026-07-28T00:00:00,2026-08-03T00:00:00,2026-08-03T00:00:00,268,7,1,1,cd7dfda2-8ef4-11f1-9b18-005056b2a5de,43f2d7b4-6dc5-4b0b-85db-55e7af872d01,c5954a39-8ef4-11f1-9b18-005056b2a5de,1120
01__TDC__WON__BDO__440,8935001282655,WONDERFARM Trà Bí Đao Chai 440ml,Trà Đóng Chai,Chai,0.0,11111.0,0.0,11111.0,0.0,0.0,0.0,,,2025-12-13T00:00:00,2025-12-13T00:00:00,,,234,234,cd7f2c5d-8ef4-11f1-9b18-005056b2a5de,80dd45ec-7833-4a7c-a976-4bad3be22612,c5954a39-8ef4-11f1-9b18-005056b2a5de,1121
01__TDL__WON__BDO__310,8935001214236,WONDERFARM Trà Bí Đao Lon 310ml,Trà Đóng Lon,Lon,0.0,11111.0,0.0,10743.427136,48.0,706960.0,515684.502528,2025-11-09T00:00:00,2026-07-28T00:00:00,2026-08-02T00:00:00,2026-08-02T00:00:00,268,7,2,2,cd7da86f-8ef4-11f1-9b18-005056b2a5de,3d08ad2f-ef7a-45e4-bb7f-61541accc609,c5954a39-8ef4-11f1-9b18-005056b2a5de,1122
01__TDC__WON__CHH__345,8935001215516,WONDERFARM Trà Xanh Hương Chanh 345ml,Trà Đóng Chai,Chai,0.0,9259.0,0.0,9259.108108,0.0,0.0,0.0,2025-12-18T00:00:00,2026-04-25T00:00:00,2026-04-25T00:00:00,2026-04-25T00:00:00,229,101,101,101,cd7da9e2-8ef4-11f1-9b18-005056b2a5de,50e81662-44d9-4ed8-b6b3-84acfd666688,c5954a39-8ef4-11f1-9b18-005056b2a5de,1123
01__NSU__WOO__CHI__500,8801382124528,WOOJING Nước Gạo Hàn Quốc 500ml,Nước Sức Khỏe,Chai,0.0,33333.0,0.0,34817.244681,19.0,1111515.0,661527.648939,2025-11-08T00:00:00,2026-06-30T00:00:00,2026-08-01T00:00:00,2026-08-01T00:00:00,269,35,3,3,cd7f617f-8ef4-11f1-9b18-005056b2a5de,3a2bd197-df35-4392-b7f5-34fd1e713457,c5954a39-8ef4-11f1-9b18-005056b2a5de,1124
01__NSU__WOO__MAT__500,8801382153078,WOOJING Nước Gạo Matcha HQ 500ml,Nước Sức Khỏe,Chai,0.0,33333.0,0.0,33333.034483,15.0,419784.0,499995.517245,2026-05-18T00:00:00,2026-06-30T00:00:00,2026-07-30T00:00:00,2026-07-30T00:00:00,78,35,5,5,cd7eb2ce-8ef4-11f1-9b18-005056b2a5de,bf83fdf0-01d6-422d-8d25-fe0db04db570,c5954a39-8ef4-11f1-9b18-005056b2a5de,1125
01__NSU__WOO__ALO__500,8801382147565,WOOJING Nước Nha Đam Dr.Aloe 500ml,Nước Sức Khỏe,Chai,0.0,31818.0,0.0,29862.095238,19.0,611744.0,567379.809522,2025-11-27T00:00:00,2026-05-18T00:00:00,2026-08-03T00:00:00,2026-08-03T00:00:00,250,78,1,1,cd7dbb3e-8ef4-11f1-9b18-005056b2a5de,9722ff2a-a856-4d43-bd2a-0c4ed5ba7bad,c5954a39-8ef4-11f1-9b18-005056b2a5de,1126
06__TGC__XMN__FIR__180,8935136860971,XMEN Dầu Gội Nước Hoa FIRE 180g,Chăm Sóc Tóc,Chai,0.0,68519.0,0.0,68519.0,7.0,385000.0,479633.0,,,2026-01-03T00:00:00,2026-01-03T00:00:00,,,213,213,cd7f5e3c-8ef4-11f1-9b18-005056b2a5de,b9b4d486-c0be-4bbb-919d-7b8b2b2ace7d,c5954a39-8ef4-11f1-9b18-005056b2a5de,1127
06__TGC__XMN__FIR__380,8935136860964,XMEN Dầu Gội Nước Hoa Fire 380g,Chăm Sóc Tóc,Chai,0.0,0.0,0.0,0.0,4.0,368000.0,0.0,,,2025-11-09T00:00:00,,,,268,,cd802d54-8ef4-11f1-9b18-005056b2a5de,8a221d6d-154d-4745-9b3c-a61e31e6dd27,c5954a39-8ef4-11f1-9b18-005056b2a5de,1128
06__TGC__XMN__MET__180,8935136860933,XMEN Dầu Gội Nước Hoa Metal 180g,Chăm Sóc Tóc,Chai,0.0,74074.0,0.0,72222.333333,5.0,275000.0,361111.666665,,,2026-06-24T00:00:00,2026-06-24T00:00:00,,,41,41,cd7f0ad5-8ef4-11f1-9b18-005056b2a5de,3133f912-c775-40c5-b3ae-46c3da07ad82,c5954a39-8ef4-11f1-9b18-005056b2a5de,1129
06__TGC__XMN__WOD__380,8935136860896,XMEN Dầu Gội Nước Hoa Wood 380g,Chăm Sóc Tóc,Chai,0.0,125000.0,0.0,125000.0,7.0,483000.0,875000.0,2025-11-09T00:00:00,2025-11-09T00:00:00,2026-06-10T00:00:00,2026-06-10T00:00:00,268,268,55,55,cd806545-8ef4-11f1-9b18-005056b2a5de,12227902-b77a-40af-a50a-c8ee8ebdfce6,c5954a39-8ef4-11f1-9b18-005056b2a5de,1130
06__TGC__XMN__2IN1__180,8935136800373,XMEN Dầu Tắm Gội 2in1 Nước Hoa Wood 180g,Chăm Sóc Tóc,Chai,0.0,69444.0,0.0,69444.0,8.0,440000.0,555552.0,,,2026-02-18T00:00:00,2026-02-18T00:00:00,,,167,167,cd7fba30-8ef4-11f1-9b18-005056b2a5de,9dba2a11-5aba-44cd-9613-4d4b50dd07c9,c5954a39-8ef4-11f1-9b18-005056b2a5de,1131
06__TGC__XMN__BOS__180,8935136873179,XMEN For Boss Dầu Gội Nước Hoa Intense 180g,Chăm Sóc Tóc,Chai,0.0,87037.0,0.0,80864.333333,2.0,124000.0,161728.666666,,,2026-07-31T00:00:00,2026-07-31T00:00:00,,,4,4,cd7f218c-8ef4-11f1-9b18-005056b2a5de,e56f3b86-fb48-4bc5-bd32-6e389838d9fe,c5954a39-8ef4-11f1-9b18-005056b2a5de,1132
06__DLK__XMN__FIR__25,8935136825215,XMEN Lăn Khử Mùi Fire 25ml,Chăm Sóc Da & Cơ Thể,Chai,0.0,41667.0,0.0,37037.0,6.0,168000.0,222222.0,,,2026-07-25T00:00:00,2026-07-25T00:00:00,,,10,10,cd7f2064-8ef4-11f1-9b18-005056b2a5de,3eda8184-d76a-4ae3-87de-b1d7b0ddad8b,c5954a39-8ef4-11f1-9b18-005056b2a5de,1133
06__DLK__XMN__WOO__25,8935136825208,XMEN Lăn Khủ Mùi Wood 25ml,Chăm Sóc Da & Cơ Thể,Chai,0.0,41667.0,0.0,36574.0,0.0,0.0,0.0,2025-11-09T00:00:00,2025-11-09T00:00:00,2026-07-09T00:00:00,2026-07-09T00:00:00,268,268,26,26,cd7fd245-8ef4-11f1-9b18-005056b2a5de,65752c2f-a37f-44b3-993c-73a179aab451,c5954a39-8ef4-11f1-9b18-005056b2a5de,1134
06__DSV__XMN__CLY__65,8935136863378,XMEN Sáp Vuốt Tóc ClayWax 65g,Chăm Sóc Tóc,Hộp,0.0,89815.0,0.0,87500.25,2.0,65000.0,175000.5,2025-11-09T00:00:00,2025-11-09T00:00:00,2026-07-17T00:00:00,2026-07-17T00:00:00,268,268,18,18,cd8003c3-8ef4-11f1-9b18-005056b2a5de,6f1a18b1-add4-4964-b183-f60ad707a489,c5954a39-8ef4-11f1-9b18-005056b2a5de,1135
06__DSV__XMN__FRE__70,8935136860575,XMEN Sáp Vuốt Tóc FreestyleWax 70g,Chăm Sóc Tóc,Hộp,0.0,89815.0,0.0,83642.333333,0.0,0.0,0.0,,,2026-07-04T00:00:00,2026-07-04T00:00:00,,,31,31,cd7e1609-8ef4-11f1-9b18-005056b2a5de,402dbf27-105b-4a1f-b542-a2964be58a75,c5954a39-8ef4-11f1-9b18-005056b2a5de,1136
06__DSV__XMN__MAT__70,8935136863385,XMEN Sáp Vuốt Tóc Matte Pomade 70g,Chăm Sóc Tóc,Hộp,0.0,80556.0,0.0,80556.0,5.0,270833.0,402780.0,2025-11-09T00:00:00,2025-11-09T00:00:00,2025-12-31T00:00:00,2025-12-31T00:00:00,268,268,216,216,cd806276-8ef4-11f1-9b18-005056b2a5de,183e5717-168b-4aeb-9097-7b7f6ea5a377,c5954a39-8ef4-11f1-9b18-005056b2a5de,1137
06__DSV__XMN__SHI__70,8935136861459,XMEN Sáp Vuốt Tóc Shine Pomade 70g,Chăm Sóc Tóc,Hộp,0.0,89815.0,0.0,89815.0,2.0,0.0,179630.0,2026-05-18T00:00:00,2026-05-18T00:00:00,2026-07-19T00:00:00,2026-07-19T00:00:00,78,78,16,16,cd7fbe83-8ef4-11f1-9b18-005056b2a5de,839c6b4b-2f48-428a-849c-bb31bb0f296d,c5954a39-8ef4-11f1-9b18-005056b2a5de,1138
02__CGI__YDP__DXH__50,8936192340322,YẾN ĐẠI PHÁT Cháo Sườn Non Yến Mạch Đậu Xanh Gói 50g,Cháo Gói,Gói,0.0,11111.0,0.0,11111.0,43.0,250000.0,477773.0,2026-07-10T00:00:00,2026-07-10T00:00:00,2026-07-29T00:00:00,2026-07-29T00:00:00,25,25,6,6,cd7f98b2-8ef4-11f1-9b18-005056b2a5de,c3f186bb-1995-45a4-9679-734301b8295c,c5954a39-8ef4-11f1-9b18-005056b2a5de,1139
02__CGI__YDP__YEN__50,8936192340209,YẾN ĐẠI PHÁT Cháo Tổ Yến Thịt Bằm 50g,Cháo Gói,Gói,0.0,12963.0,0.0,11197.8125,46.0,340000.0,515099.375,2025-11-09T00:00:00,2026-07-10T00:00:00,2026-07-29T00:00:00,2026-07-29T00:00:00,268,25,6,6,cd7fc1c4-8ef4-11f1-9b18-005056b2a5de,ad833c66-348c-4df1-b97c-f17a1154e70c,c5954a39-8ef4-11f1-9b18-005056b2a5de,1140
02__CGI__YDP__BDO__50,8936192340339,YẾN ĐẠI PHÁT Cháo Tổ Yến Trẻ Em Cá Hồi Bí Đỏ 50g,Cháo Gói,Gói,0.0,12963.0,0.0,12963.0,2.0,5131.0,25926.0,2025-11-09T00:00:00,2025-11-09T00:00:00,2026-07-29T00:00:00,2026-07-29T00:00:00,268,268,6,6,cd7ff0f8-8ef4-11f1-9b18-005056b2a5de,7be49b9d-0c1d-471e-9d04-5d461868be0e,c5954a39-8ef4-11f1-9b18-005056b2a5de,1141
ZBGVBX601,8936241860269,ZENNUT Bắp Giòn Vị Biển Xanh 60g,,Chiếc,0.0,27778.0,0.0,27778.0,47.0,803250.0,1305566.0,2026-07-16T00:00:00,2026-07-16T00:00:00,2026-08-01T00:00:00,2026-08-01T00:00:00,19,19,3,3,cd7f8d7e-8ef4-11f1-9b18-005056b2a5de,501956ce-1adc-45a1-9fb0-d32ce704fecf,c5954a39-8ef4-11f1-9b18-005056b2a5de,1142
ZBGVBMO601,8936241860245,ZENNUT Bắp Giòn Vị Bơ Mật Ong 60g,,Chiếc,0.0,27778.0,0.0,27778.0,48.0,803250.0,1333344.0,2026-07-16T00:00:00,2026-07-16T00:00:00,2026-07-30T00:00:00,2026-07-30T00:00:00,19,19,5,5,cd806c09-8ef4-11f1-9b18-005056b2a5de,ad312f34-cb7b-46ae-a4fa-1c4d60882d22,c5954a39-8ef4-11f1-9b18-005056b2a5de,1143
ZBGVZ601,8936241860238,ZENNUT Bắp Giòn Vị Zin 60g,,Chiếc,0.0,27778.0,0.0,27778.0,49.0,803250.0,1361122.0,2026-07-16T00:00:00,2026-07-16T00:00:00,2026-07-29T00:00:00,2026-07-29T00:00:00,19,19,6,6,cd803621-8ef4-11f1-9b18-005056b2a5de,98f497a6-e345-4f40-a0db-66c038f5a91e,c5954a39-8ef4-11f1-9b18-005056b2a5de,1144
ZHDDMD301,8936241860016,ZENNUT Hạt Dinh Dưỡng Mix Dừa 30g,,Chiếc,0.0,13889.0,0.0,13888.875,32.0,323408.0,444444.0,2026-07-16T00:00:00,2026-07-16T00:00:00,2026-07-30T00:00:00,2026-07-30T00:00:00,19,19,5,5,cd7f0f30-8ef4-11f1-9b18-005056b2a5de,894d58b9-e75f-4830-9fa2-6880f1ad0abb,c5954a39-8ef4-11f1-9b18-005056b2a5de,1145
